FIPS,target_week,actual_label,actual_class,pred_label_raw,pred_class_raw,pred_label,pred_class,is_correct,prob_None,prob_D0,prob_D1,prob_D2,prob_D3,prob_D4
20001,2022-01-04,0,None,0,None,0,None,True,0.640871,0.3591225,6.161811e-06,8.646972e-08,1.4832463e-07,1.1178006e-07
20001,2022-01-11,0,None,0,None,0,None,True,0.6291568,0.37083983,3.260941e-06,3.025299e-08,7.839258e-08,8.383941e-08
20001,2022-01-18,0,None,0,None,0,None,True,0.63457406,0.36542276,3.0212484e-06,3.5585526e-08,9.1896744e-08,1.1544521e-07
20001,2022-01-25,0,None,0,None,0,None,True,0.6333102,0.36668596,3.5184116e-06,2.3438362e-08,5.7724975e-08,9.6171824e-08
20001,2022-02-01,0,None,0,None,0,None,True,0.56937915,0.4306048,1.585917e-05,3.9908457e-08,7.0646905e-08,1.6099945e-07
20001,2022-02-08,0,None,1,D0,1,D0,False,0.32145354,0.67246383,0.00608158,7.801243e-07,6.0287796e-08,1.6918888e-07
20001,2022-02-15,0,None,0,None,0,None,True,0.55233514,0.44762874,3.5567995e-05,1.12785614e-07,1.2613022e-07,3.6806958e-07
20001,2022-02-22,0,None,0,None,0,None,True,0.58172935,0.4182506,1.9362915e-05,1.1155958e-07,1.5392152e-07,5.0642785e-07
20001,2022-03-01,1,D0,0,None,0,None,False,0.53809196,0.46189323,1.4616095e-05,2.6739908e-08,4.7171234e-08,1.5474804e-07
20001,2022-03-08,1,D0,1,D0,1,D0,True,0.0049184896,0.83668244,0.1583977,1.34743e-06,4.3562903e-10,1.3853825e-09
20001,2022-03-15,1,D0,1,D0,1,D0,True,0.0018222067,0.5688345,0.42927235,7.090454e-05,2.46034e-09,5.9219176e-09
20001,2022-03-22,0,None,1,D0,1,D0,False,0.15383491,0.7503399,0.09582183,3.4375262e-06,4.626078e-09,1.4710064e-08
20001,2022-03-29,0,None,0,None,0,None,True,0.80184746,0.19815193,4.7666086e-07,1.8377028e-08,8.8992415e-08,5.0325955e-08
20001,2022-04-05,0,None,0,None,0,None,True,0.7034722,0.29652184,4.548032e-06,2.2463553e-07,7.24334e-07,3.91128e-07
20001,2022-04-12,0,None,0,None,0,None,True,0.6278216,0.37214035,3.206843e-05,1.1612905e-06,2.4239177e-06,2.4273204e-06
20001,2022-04-19,0,None,0,None,0,None,True,0.5564968,0.44343302,6.6926885e-05,5.317482e-07,1.109793e-06,1.6210053e-06
20001,2022-04-26,0,None,1,D0,1,D0,False,0.43849826,0.55884564,0.0026497473,2.5945183e-06,1.4121337e-06,2.4002559e-06
20001,2022-05-03,0,None,0,None,0,None,True,0.59300756,0.4068119,0.00017239498,1.6533654e-06,2.6288847e-06,3.829122e-06
20001,2022-05-10,0,None,0,None,0,None,True,0.72862315,0.2713535,1.7006449e-05,1.1599274e-06,3.005454e-06,2.1279632e-06
20001,2022-05-17,0,None,0,None,0,None,True,0.76690304,0.23309436,1.5021432e-06,1.4737066e-07,6.274932e-07,3.2166372e-07
20001,2022-05-24,0,None,0,None,0,None,True,0.67069733,0.3292762,2.3689767e-05,5.294981e-07,1.3555953e-06,9.225096e-07
20001,2022-05-31,0,None,0,None,0,None,True,0.7801164,0.21982954,4.4405453e-05,2.2697755e-06,5.4749885e-06,1.90463e-06
20001,2022-06-07,0,None,0,None,0,None,True,0.82936704,0.170612,1.5311138e-05,1.2719912e-06,3.1504853e-06,1.1819099e-06
20001,2022-06-14,0,None,0,None,0,None,True,0.8033845,0.1966069,5.4013085e-06,5.2772975e-07,1.9043429e-06,8.530582e-07
20001,2022-06-21,0,None,0,None,0,None,True,0.73451346,0.2654689,1.0438608e-05,1.004912e-06,3.997513e-06,2.2157042e-06
20001,2022-06-28,0,None,0,None,0,None,True,0.71941775,0.2805478,2.9866378e-05,8.360693e-07,2.2064244e-06,1.5807253e-06
20001,2022-07-05,0,None,0,None,0,None,True,0.67160636,0.32838064,1.143661e-05,2.284352e-07,7.4341943e-07,6.113849e-07
20001,2022-07-12,0,None,0,None,0,None,True,0.6029924,0.39694306,6.0166713e-05,7.043223e-07,1.8198704e-06,1.8374335e-06
20001,2022-07-19,1,D0,0,None,0,None,False,0.50033635,0.4975494,0.002037792,1.8586814e-05,2.8795783e-05,2.9131468e-05
20001,2022-07-26,2,D1,1,D0,1,D0,False,0.00763516,0.6108638,0.38075888,0.00074171764,2.2301644e-07,1.205962e-07
20001,2022-08-02,2,D1,2,D1,2,D1,True,0.029350976,0.44565785,0.50660634,0.018340973,3.0020323e-05,1.3841632e-05
20001,2022-08-09,2,D1,2,D1,2,D1,True,9.6211836e-05,0.009298816,0.52566814,0.4644959,0.0004394985,1.4592885e-06
20001,2022-08-16,3,D2,2,D1,2,D1,False,5.5598048e-05,0.0047427495,0.52440214,0.47030598,0.00049190933,1.5894275e-06
20001,2022-08-23,3,D2,4,D3,4,D3,False,4.849426e-07,1.8907281e-07,0.0060044536,0.4578083,0.53598404,0.00020249674
20001,2022-08-30,3,D2,3,D2,3,D2,True,8.168471e-06,2.0334843e-05,0.10686788,0.68049735,0.21258865,1.7599077e-05
20001,2022-09-06,3,D2,3,D2,3,D2,True,6.233832e-07,2.2158038e-07,0.0063854414,0.6219777,0.37120134,0.00043461242
20001,2022-09-13,3,D2,3,D2,3,D2,True,2.050057e-06,9.536342e-07,0.011033542,0.5671123,0.42126992,0.00058109214
20001,2022-09-20,4,D3,3,D2,3,D2,False,3.6000234e-05,9.4606236e-05,0.14217511,0.6815793,0.17605841,5.662909e-05
20001,2022-09-27,4,D3,4,D3,4,D3,True,1.2140298e-06,3.4746793e-07,3.1744126e-05,0.015565947,0.7943457,0.19005507
20001,2022-10-04,4,D3,4,D3,4,D3,True,5.7155586e-07,4.248472e-07,6.1704445e-06,0.001997941,0.5937673,0.40422758
20001,2022-10-11,4,D3,4,D3,4,D3,True,2.358266e-06,1.9478875e-06,2.4605593e-05,0.0037165044,0.5541425,0.44211215
20001,2022-10-18,4,D3,4,D3,5,D4,False,2.5144024e-07,2.343339e-07,1.8894978e-06,0.00068550924,0.5272815,0.47203067
20001,2022-10-25,4,D3,4,D3,4,D3,True,8.282131e-07,6.412886e-07,1.1128432e-05,0.0025136394,0.5866915,0.41078228
20001,2022-11-01,4,D3,4,D3,5,D4,False,2.1899129e-07,2.1550426e-07,1.6888406e-06,0.0005928643,0.5268054,0.4725997
20001,2022-11-08,4,D3,4,D3,4,D3,True,2.9162622e-05,1.5786565e-05,0.015988579,0.3760408,0.60095173,0.0069739916
20001,2022-11-15,4,D3,4,D3,4,D3,True,6.7451842e-06,2.3979514e-06,0.005196573,0.3449368,0.6380384,0.011819063
20001,2022-11-22,4,D3,4,D3,4,D3,True,9.198353e-07,2.037742e-07,0.00013132441,0.04806076,0.7948125,0.15699422
20001,2022-11-29,4,D3,4,D3,4,D3,True,1.2227816e-05,5.04987e-06,0.009043577,0.37216172,0.61156815,0.0072091515
20001,2022-12-06,4,D3,4,D3,4,D3,True,2.0510229e-06,3.6496593e-07,0.0014354377,0.2721473,0.7139782,0.012436713
20001,2022-12-13,3,D2,4,D3,4,D3,False,2.0659259e-06,4.4668639e-07,0.00023147247,0.068212464,0.8325909,0.09896267
20001,2022-12-20,3,D2,3,D2,3,D2,True,6.477591e-06,9.252358e-05,0.2043857,0.7681075,0.027405694,2.129696e-06
20001,2022-12-27,3,D2,3,D2,3,D2,True,1.0052419e-06,7.0414685e-06,0.08218165,0.91300535,0.0048048175,1.807577e-07
20001,2023-01-03,3,D2,3,D2,3,D2,True,9.576033e-07,2.9535538e-05,0.14803562,0.85045296,0.0014807957,2.148077e-08
20001,2023-01-10,3,D2,3,D2,3,D2,True,2.7462366e-07,2.1048347e-06,0.060279235,0.93610966,0.003608697,3.451996e-08
20001,2023-01-17,3,D2,3,D2,3,D2,True,6.47109e-07,1.7898641e-05,0.11172237,0.8869944,0.0012647031,9.314788e-09
20001,2023-01-24,3,D2,3,D2,3,D2,True,6.2774103e-07,5.157392e-05,0.18197858,0.81744695,0.00052228215,2.6712494e-09
20001,2023-01-31,3,D2,3,D2,3,D2,True,1.3997513e-07,7.2423927e-06,0.099035926,0.90045375,0.00050305546,1.0906837e-09
20001,2023-02-07,3,D2,3,D2,3,D2,True,1.3075243e-07,8.5799815e-07,0.035564102,0.9608364,0.0035984782,1.812231e-08
20001,2023-02-14,2,D1,3,D2,3,D2,False,6.670608e-07,3.297525e-06,0.047161162,0.9415835,0.0112511525,1.3465895e-07
20001,2023-02-21,2,D1,3,D2,3,D2,False,1.9816405e-05,0.0033466879,0.3487887,0.64764786,0.00019698012,3.207705e-08
20001,2023-02-28,2,D1,3,D2,3,D2,False,2.6908504e-06,0.00057867775,0.30116656,0.69814426,0.00010781261,1.00816555e-08
20001,2023-03-07,2,D1,3,D2,3,D2,False,3.4873874e-06,0.0005826803,0.29496968,0.7043027,0.00014144616,1.8980803e-08
20001,2023-03-14,3,D2,3,D2,3,D2,True,1.3487726e-05,0.001674783,0.36783728,0.630016,0.0004582129,2.3251268e-07
20001,2023-03-21,2,D1,3,D2,3,D2,False,5.2187793e-06,0.0005980875,0.29929185,0.6997943,0.00031047183,7.317254e-08
20001,2023-03-28,2,D1,3,D2,3,D2,False,1.4764928e-05,0.0009039075,0.29278573,0.70512795,0.0011671734,5.0196996e-07
20001,2023-04-04,2,D1,3,D2,3,D2,False,7.607323e-06,0.00018375223,0.19993043,0.7966863,0.003191302,5.6386455e-07
20001,2023-04-11,2,D1,3,D2,3,D2,False,6.0114948e-05,0.00037349988,0.17650375,0.7691518,0.05380573,0.00010513728
20001,2023-04-18,2,D1,3,D2,3,D2,False,2.517779e-05,0.00011742884,0.15301894,0.78893584,0.057891537,1.1157818e-05
20001,2023-04-25,3,D2,3,D2,3,D2,True,0.00014829029,0.0010912287,0.26341084,0.69381875,0.041495252,3.5640445e-05
20001,2023-05-02,4,D3,3,D2,3,D2,False,5.7002344e-05,0.00030210422,0.20489755,0.73809165,0.056641392,1.0350085e-05
20001,2023-05-09,4,D3,4,D3,4,D3,True,1.513787e-06,3.749756e-07,4.8803257e-05,0.03320016,0.9630801,0.0036690151
20001,2023-05-16,3,D2,4,D3,4,D3,False,1.2423788e-05,1.3567202e-05,0.026900439,0.37559754,0.5972268,0.0002491617
20001,2023-05-23,3,D2,3,D2,3,D2,True,1.2454327e-05,5.4253e-05,0.13007925,0.7028122,0.16703194,9.951145e-06
20001,2023-05-30,3,D2,3,D2,3,D2,True,3.046044e-05,0.00017917095,0.21863168,0.71122634,0.06992415,8.229227e-06
20001,2023-06-06,3,D2,3,D2,3,D2,True,5.7764748e-05,0.0007289314,0.33796465,0.64502656,0.016212853,9.269431e-06
20001,2023-06-13,3,D2,3,D2,3,D2,True,1.01260175e-05,8.708914e-05,0.19776185,0.75181794,0.050320517,2.4520298e-06
20001,2023-06-20,3,D2,3,D2,3,D2,True,3.1694258e-06,3.9750867e-05,0.1574884,0.8113092,0.03115912,3.2608827e-07
20001,2023-06-27,3,D2,3,D2,3,D2,True,6.4106337e-07,1.8269861e-06,0.018929025,0.5871223,0.3939412,4.9790156e-06
20001,2023-07-04,4,D3,3,D2,3,D2,False,9.624658e-07,6.5298473e-06,0.04476943,0.75204307,0.20317908,8.9540555e-07
20001,2023-07-11,4,D3,4,D3,4,D3,True,3.8469622e-07,2.2823623e-07,0.0005033405,0.3146544,0.6846138,0.00022786645
20001,2023-07-18,4,D3,4,D3,4,D3,True,8.095386e-08,4.264309e-08,7.107685e-05,0.13556752,0.8635228,0.00083850446
20001,2023-07-25,4,D3,4,D3,4,D3,True,9.837503e-07,4.7540217e-07,0.0006150144,0.17339388,0.82350075,0.0024888553
20001,2023-08-01,4,D3,4,D3,4,D3,True,5.3746895e-08,2.3876256e-08,3.967052e-06,0.0036862337,0.8951532,0.10115645
20001,2023-08-08,4,D3,4,D3,4,D3,True,7.1484345e-07,2.2871795e-07,9.2073e-05,0.020495728,0.928002,0.051409397
20001,2023-08-15,3,D2,4,D3,4,D3,False,2.0025782e-07,3.9251738e-08,4.5137454e-05,0.018390505,0.97515786,0.0064062374
20001,2023-08-22,3,D2,4,D3,4,D3,False,7.582596e-07,3.7499e-07,0.010646742,0.402977,0.5862428,0.00013229768
20001,2023-08-29,3,D2,4,D3,4,D3,False,6.6153314e-07,2.7259478e-07,0.01145455,0.42906561,0.55936825,0.00011066864
20001,2023-09-05,3,D2,4,D3,4,D3,False,2.396376e-07,4.932982e-08,0.0020722346,0.32772902,0.6697749,0.00042356594
20001,2023-09-12,3,D2,3,D2,3,D2,True,2.55324e-06,2.8368775e-06,0.054493114,0.65808624,0.28739706,1.8263243e-05
20001,2023-09-19,3,D2,3,D2,3,D2,True,2.610333e-07,6.636563e-08,0.0035291477,0.56071013,0.43559673,0.00016363322
20001,2023-09-26,3,D2,3,D2,3,D2,True,2.4222625e-06,6.16524e-06,0.06285169,0.7876523,0.14948063,6.8033874e-06
20001,2023-10-03,3,D2,3,D2,3,D2,True,1.260551e-07,7.150601e-08,0.004253125,0.7157613,0.27996007,2.529771e-05
20001,2023-10-10,3,D2,3,D2,3,D2,True,7.436105e-08,2.3008361e-08,0.0018145272,0.5967799,0.40137407,3.1366613e-05
20001,2023-10-17,3,D2,3,D2,3,D2,True,1.5449103e-07,1.06806866e-07,0.004407114,0.5842984,0.41128227,1.1989659e-05
20001,2023-10-24,3,D2,3,D2,3,D2,True,4.957616e-08,2.1565018e-08,0.0018470193,0.5983778,0.3997593,1.580748e-05
20001,2023-10-31,2,D1,3,D2,3,D2,False,1.5238425e-06,9.82688e-05,0.2568927,0.73769295,0.0053145504,8.9087905e-08
20001,2023-11-07,2,D1,2,D1,2,D1,True,3.9042487e-05,0.07616476,0.6454661,0.27832285,7.1941427e-06,1.5612926e-08
20001,2023-11-14,2,D1,2,D1,2,D1,True,5.517383e-06,0.031284284,0.79201853,0.17669103,6.503221e-07,1.0575271e-09
20001,2023-11-21,2,D1,2,D1,2,D1,True,7.2138435e-05,0.19424392,0.75461346,0.05106957,8.2709164e-07,1.1840481e-08
20001,2023-11-28,2,D1,2,D1,2,D1,True,1.1897396e-05,0.07418106,0.8359022,0.08990433,4.973263e-07,1.5017745e-09
20001,2023-12-05,2,D1,2,D1,2,D1,True,7.923705e-06,0.04407263,0.8225396,0.13337913,7.275928e-07,1.1058787e-09
20001,2023-12-12,2,D1,2,D1,2,D1,True,7.1411337e-06,0.048906766,0.86746967,0.083616026,3.6056957e-07,9.426584e-10
20001,2023-12-19,2,D1,2,D1,2,D1,True,0.00019026014,0.28537485,0.69864696,0.015787562,3.3974595e-07,1.6355886e-08
20001,2023-12-26,2,D1,2,D1,2,D1,True,0.00014311961,0.32093284,0.6706322,0.008291751,1.3130231e-07,7.680714e-09
20001,2024-01-02,2,D1,2,D1,2,D1,True,8.145098e-06,0.17371029,0.80930465,0.016976787,2.9212236e-08,1.9514833e-10
20001,2024-01-09,2,D1,2,D1,2,D1,True,9.118659e-05,0.2827352,0.7045253,0.012648178,1.5712962e-07,4.5721547e-09
20001,2024-01-16,2,D1,2,D1,2,D1,True,1.2337737e-05,0.18013915,0.8032574,0.016591068,4.194174e-08,2.9690617e-10
20001,2024-01-23,2,D1,2,D1,2,D1,True,1.0338042e-05,0.1624657,0.82121295,0.016310962,3.2158805e-08,1.6089653e-10
20001,2024-01-30,2,D1,2,D1,2,D1,True,8.537568e-06,0.1565365,0.82911867,0.014336299,2.5032938e-08,1.525388e-10
20001,2024-02-06,2,D1,2,D1,2,D1,True,7.455267e-05,0.27879804,0.70987403,0.011253277,9.39251e-08,2.3452864e-09
20001,2024-02-13,2,D1,2,D1,2,D1,True,1.3487288e-06,0.05264322,0.89036965,0.05698577,4.520772e-08,2.6117416e-11
20001,2024-02-20,2,D1,2,D1,2,D1,True,1.2146304e-06,0.028123152,0.88675654,0.085119046,1.0194348e-07,6.491429e-11
20001,2024-02-27,2,D1,2,D1,2,D1,True,2.2335105e-06,0.019822983,0.8394578,0.14071654,4.9442156e-07,3.9657763e-10
20001,2024-03-05,2,D1,2,D1,2,D1,True,2.797671e-06,0.027525894,0.8240772,0.14839354,4.9758745e-07,4.2007745e-10
20001,2024-03-12,1,D0,2,D1,2,D1,False,1.0315314e-05,0.07522147,0.8308743,0.09389318,6.5181297e-07,1.3280995e-09
20001,2024-03-19,1,D0,1,D0,1,D0,True,0.23188427,0.7511234,0.016990116,2.1224014e-06,4.3481986e-08,2.7027998e-08
20001,2024-03-26,1,D0,1,D0,1,D0,True,0.17385513,0.79351383,0.032629892,1.0204351e-06,1.0975277e-08,6.321087e-09
20001,2024-04-02,1,D0,1,D0,1,D0,True,0.02965171,0.7956251,0.17471705,6.0611974e-06,2.9813936e-08,2.9691357e-08
20001,2024-04-09,1,D0,1,D0,1,D0,True,0.0036295007,0.6680995,0.32824114,2.9809811e-05,3.2621745e-08,2.8187431e-08
20001,2024-04-16,2,D1,1,D0,1,D0,False,0.0005462356,0.5840015,0.41531762,0.00013453038,5.9939104e-08,3.5991444e-08
20001,2024-04-23,2,D1,2,D1,2,D1,True,9.1315775e-07,0.0074431356,0.6873309,0.30521172,1.3320018e-05,1.7366258e-08
20001,2024-04-30,0,None,2,D1,2,D1,False,0.010780427,0.4218887,0.5495703,0.017743226,1.0840976e-05,6.566173e-06
20001,2024-05-07,0,None,0,None,0,None,True,0.84297943,0.15699002,8.720711e-06,1.0388391e-06,1.8279034e-05,2.4611197e-06
20001,2024-05-14,0,None,0,None,0,None,True,0.9037565,0.09621276,3.9967354e-06,2.4868632e-06,2.393798e-05,3.249938e-07
20001,2024-05-21,0,None,0,None,0,None,True,0.85787296,0.14208259,1.2166273e-05,4.1838643e-06,2.6887185e-05,1.1654791e-06
20001,2024-05-28,0,None,0,None,0,None,True,0.83104795,0.1689349,5.0035737e-06,1.1474849e-06,9.973092e-06,9.2082774e-07
20001,2024-06-04,0,None,0,None,0,None,True,0.82648176,0.17349394,9.774663e-06,1.4389318e-06,1.10050205e-05,2.0423668e-06
20001,2024-06-11,0,None,0,None,0,None,True,0.8497642,0.15022011,6.2383497e-06,9.895875e-07,7.0684764e-06,1.3471422e-06
20001,2024-06-18,0,None,0,None,0,None,True,0.78495723,0.2150315,5.727623e-06,4.3771848e-07,2.9807125e-06,2.0745242e-06
20001,2024-06-25,0,None,0,None,0,None,True,0.7779367,0.22204477,1.3084634e-05,4.581237e-07,2.4348512e-06,2.6174407e-06
20001,2024-07-02,0,None,0,None,0,None,True,0.76701164,0.23297755,8.455271e-06,1.4287176e-07,7.76674e-07,1.4800969e-06
20001,2024-07-09,0,None,0,None,0,None,True,0.75331324,0.24667905,6.049229e-06,1.01100234e-07,4.7212492e-07,1.1190334e-06
20001,2024-07-16,0,None,0,None,0,None,True,0.66597,0.33402172,6.576581e-06,4.2239698e-08,3.3710404e-07,1.2953352e-06
20001,2024-07-23,0,None,0,None,0,None,True,0.6535988,0.34637287,2.2336153e-05,1.970935e-07,1.0916445e-06,4.7697763e-06
20001,2024-07-30,1,D0,0,None,0,None,False,0.624892,0.3750866,1.6715216e-05,8.876038e-08,8.724852e-07,3.6849062e-06
20001,2024-08-06,1,D0,1,D0,1,D0,True,0.0074913367,0.8008891,0.19161552,4.066083e-06,1.0692331e-08,3.844417e-08
20001,2024-08-13,1,D0,1,D0,1,D0,True,0.036253598,0.5605541,0.40292287,0.00026670893,4.6414505e-07,2.366008e-06
20001,2024-08-20,1,D0,1,D0,1,D0,True,0.16226022,0.64774585,0.189958,3.4521407e-05,3.1442053e-07,1.0425208e-06
20001,2024-08-27,1,D0,1,D0,1,D0,True,0.03416453,0.67390406,0.29183468,9.633979e-05,1.5243721e-07,2.3745696e-07
20001,2024-09-03,1,D0,1,D0,1,D0,True,0.029854894,0.66505885,0.30495253,0.00013326551,2.2192137e-07,2.1845538e-07
20001,2024-09-10,2,D1,1,D0,1,D0,False,0.016463595,0.64586943,0.33740735,0.00025891355,4.390996e-07,2.4474676e-07
20001,2024-09-17,2,D1,2,D1,2,D1,True,5.0342835e-05,0.13767605,0.68271244,0.17953661,2.4515091e-05,2.0616147e-08
20001,2024-09-24,1,D0,2,D1,2,D1,False,5.1382718e-05,0.036674492,0.64888155,0.31429493,9.767059e-05,1.7517525e-08
20001,2024-10-01,1,D0,1,D0,1,D0,True,0.23902822,0.7063403,0.054611336,1.9835596e-05,1.4840343e-07,8.4112315e-08
20001,2024-10-08,2,D1,1,D0,1,D0,False,0.00222678,0.54655296,0.44908038,0.002139214,7.110327e-07,3.4258044e-08
20001,2024-10-15,2,D1,3,D2,3,D2,False,1.4679983e-06,0.0008036144,0.4510072,0.5479142,0.00027362496,3.6651584e-09
20001,2024-10-22,3,D2,2,D1,2,D1,False,3.67691e-06,0.00458072,0.60216624,0.39320716,4.2270818e-05,5.405661e-10
20001,2024-10-29,3,D2,3,D2,3,D2,True,2.9210134e-10,9.1784513e-10,0.0026015774,0.89877725,0.098621175,1.28817e-09
20001,2024-11-05,2,D1,3,D2,3,D2,False,1.1900515e-06,0.00019061512,0.24726444,0.75173324,0.0008105365,1.4308709e-09
20001,2024-11-12,1,D0,1,D0,1,D0,True,0.01796264,0.5630399,0.41602084,0.002974032,2.432709e-06,1.3018168e-07
20001,2024-11-19,1,D0,1,D0,1,D0,True,0.32414258,0.67021567,0.005639977,1.8349333e-06,1.4135059e-08,2.9015528e-09
20001,2024-11-26,1,D0,1,D0,1,D0,True,0.2725656,0.72249013,0.0049438276,4.6218202e-07,2.345483e-09,3.6090922e-10
20001,2024-12-03,1,D0,1,D0,1,D0,True,0.29312354,0.70464474,0.0022315597,1.799863e-07,1.6949059e-09,1.8062171e-10
20001,2024-12-10,1,D0,1,D0,1,D0,True,0.20077826,0.7942586,0.0049629537,1.4437056e-07,6.398118e-10,1.0408228e-10
20001,2024-12-17,1,D0,1,D0,1,D0,True,0.1044986,0.8816919,0.013809387,1.453878e-07,2.1761622e-10,4.9224975e-11
20001,2024-12-24,1,D0,1,D0,1,D0,True,0.01825293,0.8962285,0.08551648,2.1535413e-06,5.605489e-10,1.0715559e-10
20001,2024-12-31,1,D0,1,D0,1,D0,True,0.09762372,0.88211125,0.020264747,3.211232e-07,3.6596776e-10,1.0055605e-10
20001,2025-01-07,1,D0,1,D0,1,D0,True,0.122131474,0.8618297,0.016038606,2.5099573e-07,2.8357997e-10,7.582205e-11
20001,2025-01-14,1,D0,1,D0,1,D0,True,0.048192885,0.91751975,0.034287054,3.0564408e-07,1.6325465e-10,4.9824905e-11
20001,2025-01-21,1,D0,1,D0,1,D0,True,0.045599855,0.91640437,0.037995353,4.7291945e-07,2.5515848e-10,7.6236975e-11
20001,2025-01-28,1,D0,1,D0,1,D0,True,0.019264089,0.88325536,0.09747935,1.2465069e-06,4.524744e-10,1.9402013e-10
20001,2025-02-04,1,D0,1,D0,1,D0,True,0.06233254,0.887208,0.05045865,8.662285e-07,4.4874346e-10,2.5310062e-10
20001,2025-02-11,1,D0,1,D0,1,D0,True,0.003374341,0.7402925,0.2563284,4.721909e-06,1.2125969e-09,4.2076584e-10
20001,2025-02-18,1,D0,1,D0,1,D0,True,0.044956487,0.8773371,0.07770452,1.8852094e-06,6.8548023e-10,2.9267608e-10
20001,2025-02-25,1,D0,1,D0,1,D0,True,0.0017794054,0.6741779,0.324032,1.0685838e-05,1.0774022e-09,2.84046e-10
20001,2025-03-04,1,D0,1,D0,1,D0,True,0.0002621247,0.53171605,0.4678775,0.00014427771,2.482169e-09,3.6741202e-10
20001,2025-03-11,0,None,1,D0,1,D0,False,0.00046770292,0.5373047,0.46211627,0.00011136937,2.4488367e-09,6.772617e-10
20001,2025-03-18,0,None,0,None,0,None,True,0.56800795,0.43168932,0.0002999575,1.770557e-06,7.7579296e-07,2.4417298e-07
20001,2025-03-25,0,None,0,None,0,None,True,0.60236365,0.39753124,0.000102801125,1.3757596e-06,7.436091e-07,2.0485535e-07
20001,2025-04-01,0,None,0,None,0,None,True,0.5658667,0.43396273,0.00016844204,1.3036714e-06,6.0685585e-07,2.5693788e-07
20001,2025-04-08,0,None,0,None,0,None,True,0.67985153,0.3201035,4.2839314e-05,1.0550652e-06,7.9653876e-07,2.5578422e-07
20001,2025-04-15,0,None,0,None,0,None,True,0.57563555,0.4242888,7.4875876e-05,3.1551153e-07,2.542565e-07,1.565328e-07
20001,2025-04-22,0,None,0,None,0,None,True,0.67179275,0.328159,4.6433262e-05,5.246531e-07,6.105255e-07,6.668565e-07
20001,2025-04-29,0,None,0,None,0,None,True,0.7933904,0.20660262,5.8560404e-06,1.7999365e-07,3.859539e-07,5.1103683e-07
20001,2025-05-06,0,None,0,None,0,None,True,0.7562449,0.24375059,4.128474e-06,5.7186487e-08,9.862166e-08,1.8982034e-07
20001,2025-05-13,0,None,0,None,0,None,True,0.6474773,0.3524921,2.9280658e-05,1.8926009e-07,3.3759372e-07,8.356849e-07
20001,2025-05-20,0,None,0,None,0,None,True,0.7208355,0.27913785,2.5705314e-05,1.8394829e-07,2.2321306e-07,5.2439793e-07
20001,2025-05-27,0,None,0,None,0,None,True,0.78304416,0.21693437,2.0455016e-05,2.4309983e-07,3.0077132e-07,4.7819935e-07
20001,2025-06-03,0,None,0,None,0,None,True,0.7779748,0.22201541,9.5019805e-06,9.3824966e-08,1.1963179e-07,1.2961743e-07
20001,2025-06-10,0,None,0,None,0,None,True,0.78952074,0.21043958,3.8004935e-05,4.784188e-07,5.9854165e-07,6.232787e-07
20001,2025-06-17,0,None,0,None,0,None,True,0.7847103,0.2152796,9.806674e-06,8.4141234e-08,1.2656805e-07,9.768702e-08
20001,2025-06-24,0,None,0,None,0,None,True,0.78740734,0.21254644,4.4923556e-05,4.1819317e-07,5.395347e-07,3.1459405e-07
20001,2025-07-01,0,None,0,None,0,None,True,0.80407685,0.19588108,4.1036506e-05,3.6540246e-07,4.5222066e-07,1.9615761e-07
20001,2025-07-08,0,None,0,None,0,None,True,0.7580618,0.24191386,2.3675473e-05,1.8120562e-07,2.5751737e-07,2.1196905e-07
20001,2025-07-15,0,None,0,None,0,None,True,0.70347977,0.2964552,6.370118e-05,3.4235035e-07,4.0989292e-07,4.9075356e-07
20001,2025-07-22,0,None,0,None,0,None,True,0.7489605,0.25095436,8.24692e-05,8.201132e-07,8.4994025e-07,8.8298094e-07
20001,2025-07-29,0,None,0,None,0,None,True,0.800247,0.19972995,2.0973686e-05,4.3348214e-07,5.7107735e-07,9.834996e-07
20001,2025-08-05,0,None,0,None,0,None,True,0.76112735,0.2388568,1.4703181e-05,2.2048921e-07,3.2900425e-07,5.548822e-07
20001,2025-08-12,0,None,0,None,0,None,True,0.7672354,0.2327075,5.2432235e-05,1.2771965e-06,1.4103974e-06,2.0681696e-06
20001,2025-08-19,0,None,0,None,0,None,True,0.759691,0.24029468,1.34119355e-05,2.9489564e-07,3.1968852e-07,2.8727044e-07
20001,2025-08-26,0,None,0,None,0,None,True,0.75325346,0.2467303,1.504415e-05,4.6011e-07,5.100146e-07,1.8987755e-07
20001,2025-09-02,0,None,0,None,0,None,True,0.819965,0.18002279,1.0418383e-05,7.040565e-07,9.052506e-07,1.10566326e-07
20001,2025-09-09,0,None,0,None,0,None,True,0.82599217,0.17400572,1.7725102e-06,1.2565319e-07,2.3520549e-07,2.3976117e-08
20001,2025-09-16,1,D0,0,None,0,None,False,0.7568089,0.24318758,3.03906e-06,1.6977776e-07,2.9530887e-07,6.628789e-08
20001,2025-09-23,1,D0,1,D0,1,D0,True,0.29511026,0.66490424,0.03998156,3.9382003e-06,2.0445713e-08,2.40615e-08
20001,2025-09-30,1,D0,1,D0,1,D0,True,0.41028994,0.588904,0.0008057685,2.971342e-07,1.38388e-08,5.027237e-09
20001,2025-10-07,1,D0,1,D0,1,D0,True,0.36728245,0.629844,0.0028731523,4.873229e-07,1.2507178e-08,3.5341894e-09
20001,2025-10-14,1,D0,1,D0,1,D0,True,0.16158223,0.75773114,0.08067617,1.0410306e-05,5.3675066e-08,2.6831122e-08
20001,2025-10-21,1,D0,1,D0,1,D0,True,0.08379111,0.75421983,0.16194287,4.6084922e-05,7.445322e-08,2.7683086e-08
20001,2025-10-28,1,D0,1,D0,1,D0,True,0.30358997,0.6806545,0.015751947,3.5848188e-06,6.70547e-08,1.8790567e-08
20001,2025-11-04,1,D0,1,D0,1,D0,True,0.028632393,0.8005735,0.17077766,1.6378983e-05,3.166559e-08,1.8405384e-08
20001,2025-11-11,2,D1,1,D0,1,D0,False,0.006858835,0.6995975,0.29351577,2.7897126e-05,1.23401325e-08,1.0597336e-08
20001,2025-11-18,2,D1,2,D1,2,D1,True,9.44502e-05,0.43907222,0.558733,0.0021003203,3.6274614e-08,8.598766e-10
20001,2025-11-25,2,D1,1,D0,1,D0,False,0.030310262,0.67675936,0.29269227,0.00023776443,2.5803706e-07,1.630901e-07
20001,2025-12-02,2,D1,2,D1,1,D0,False,0.00028833246,0.48597935,0.51294124,0.0007910341,1.09726e-08,4.755379e-10
20001,2025-12-09,2,D1,2,D1,2,D1,True,4.0082643e-05,0.35921612,0.63804245,0.0027013696,1.0625548e-08,1.4885337e-10
20001,2025-12-16,2,D1,2,D1,2,D1,True,0.000105453226,0.38267556,0.61410165,0.0031172174,3.6875974e-08,1.0164501e-09
20001,2025-12-23,2,D1,2,D1,2,D1,True,7.421656e-05,0.39905784,0.5992087,0.0016591988,7.8994065e-09,2.4191738e-10
20001,2025-12-30,2,D1,2,D1,2,D1,True,1.2845561e-05,0.19003214,0.7948507,0.015104214,3.0442898e-08,6.511797e-11
20003,2022-01-04,0,None,0,None,0,None,True,0.6789676,0.3210187,1.27647845e-05,3.6224063e-07,3.8530686e-07,1.2630589e-07
20003,2022-01-11,0,None,0,None,0,None,True,0.6349047,0.36509123,3.8520716e-06,4.749045e-08,1.0785448e-07,8.4142826e-08
20003,2022-01-18,0,None,0,None,0,None,True,0.6369838,0.36301303,2.9051994e-06,3.8804004e-08,1.0033099e-07,1.1537977e-07
20003,2022-01-25,0,None,0,None,0,None,True,0.63526094,0.3647356,3.2264347e-06,2.3112621e-08,5.971347e-08,9.494773e-08
20003,2022-02-01,0,None,0,None,0,None,True,0.57153153,0.42845273,1.5515958e-05,4.0764117e-08,7.369393e-08,1.6713334e-07
20003,2022-02-08,0,None,0,None,0,None,True,0.5956056,0.40437135,2.2320366e-05,1.5083914e-07,1.828098e-07,4.5751182e-07
20003,2022-02-15,0,None,0,None,0,None,True,0.5426804,0.45728174,3.746178e-05,7.239257e-08,9.33592e-08,2.9445783e-07
20003,2022-02-22,0,None,0,None,0,None,True,0.57482666,0.42514732,2.5035843e-05,1.4878964e-07,2.0518566e-07,6.7207105e-07
20003,2022-03-01,1,D0,0,None,0,None,False,0.5442744,0.45571247,1.29310765e-05,2.6317789e-08,5.1265012e-08,1.6877225e-07
20003,2022-03-08,1,D0,1,D0,1,D0,True,0.0048633227,0.83906156,0.1560737,1.4067683e-06,5.2996996e-10,1.6799642e-09
20003,2022-03-15,1,D0,1,D0,1,D0,True,0.0017665733,0.56821245,0.42994314,7.780902e-05,2.9820773e-09,7.163352e-09
20003,2022-03-22,0,None,1,D0,1,D0,False,0.1594207,0.75461775,0.08595855,2.9377304e-06,4.6589523e-09,1.4913883e-08
20003,2022-03-29,0,None,0,None,0,None,True,0.8068046,0.19319484,4.100639e-07,1.733837e-08,8.793536e-08,5.1037922e-08
20003,2022-04-05,0,None,0,None,0,None,True,0.70350075,0.29649487,3.3431388e-06,1.655497e-07,5.5503864e-07,3.220403e-07
20003,2022-04-12,0,None,0,None,0,None,True,0.6240974,0.37587705,2.1692074e-05,7.1462614e-07,1.5331395e-06,1.607972e-06
20003,2022-04-19,0,None,0,None,0,None,True,0.5517061,0.44824904,4.3066924e-05,2.679383e-07,6.162548e-07,9.0841905e-07
20003,2022-04-26,0,None,0,None,0,None,True,0.542862,0.45703316,0.00010234904,4.7049156e-07,7.3128325e-07,1.2430203e-06
20003,2022-05-03,0,None,0,None,0,None,True,0.6981122,0.30185983,2.4518897e-05,6.057516e-07,1.161009e-06,1.73057e-06
20003,2022-05-10,0,None,0,None,0,None,True,0.7736216,0.22637077,5.9722624e-06,2.9064614e-07,6.361604e-07,6.812396e-07
20003,2022-05-17,0,None,0,None,0,None,True,0.71021336,0.28978246,3.5055841e-06,1.0408656e-07,2.8734667e-07,2.850461e-07
20003,2022-05-24,0,None,0,None,0,None,True,0.64231825,0.35763928,3.945789e-05,5.767061e-07,1.233416e-06,1.2358522e-06
20003,2022-05-31,0,None,0,None,0,None,True,0.77437466,0.22557582,4.0934046e-05,1.9798408e-06,4.6664386e-06,1.913666e-06
20003,2022-06-07,0,None,0,None,0,None,True,0.82399666,0.17598712,1.2124267e-05,9.113949e-07,2.300285e-06,9.652338e-07
20003,2022-06-14,0,None,0,None,0,None,True,0.8029376,0.19705415,5.385182e-06,4.7645528e-07,1.6171177e-06,7.534165e-07
20003,2022-06-21,0,None,0,None,0,None,True,0.7237539,0.27622458,1.61004e-05,8.924843e-07,2.7804049e-06,1.7075395e-06
20003,2022-06-28,0,None,0,None,0,None,True,0.71861434,0.2813466,3.4823097e-05,8.1767155e-07,1.9503952e-06,1.4322391e-06
20003,2022-07-05,0,None,0,None,0,None,True,0.6719881,0.3279991,1.1230946e-05,2.213356e-07,7.228008e-07,5.98085e-07
20003,2022-07-12,0,None,0,None,0,None,True,0.6031127,0.39682427,5.8909714e-05,6.752138e-07,1.7513498e-06,1.7729728e-06
20003,2022-07-19,1,D0,0,None,0,None,False,0.5738591,0.42598417,0.00013767279,2.51682e-06,7.2949565e-06,9.21267e-06
20003,2022-07-26,1,D0,1,D0,1,D0,True,0.028945168,0.7083841,0.2625714,9.912641e-05,8.306483e-08,1.0733776e-07
20003,2022-08-02,1,D0,1,D0,1,D0,True,0.2690413,0.5043838,0.2263277,0.00023946918,2.79537e-06,4.927455e-06
20003,2022-08-09,2,D1,1,D0,1,D0,False,0.054116655,0.5831544,0.36247885,0.00024973688,1.4099837e-07,2.6590553e-07
20003,2022-08-16,2,D1,2,D1,2,D1,True,9.169046e-05,0.033032816,0.6269137,0.33990264,5.856058e-05,5.7720126e-07
20003,2022-08-23,2,D1,2,D1,2,D1,True,0.006800119,0.19594409,0.63083524,0.16614555,0.00023489638,4.009622e-05
20003,2022-08-30,1,D0,2,D1,2,D1,False,0.0065425923,0.25489163,0.55576855,0.18265072,0.00013941512,7.1591217e-06
20003,2022-09-06,1,D0,1,D0,1,D0,True,0.019330299,0.519915,0.4550533,0.0056966837,2.1907695e-06,2.5293664e-06
20003,2022-09-13,1,D0,1,D0,1,D0,True,0.006892959,0.52945733,0.4615543,0.0020936336,6.9861903e-07,1.0807604e-06
20003,2022-09-20,2,D1,2,D1,2,D1,True,0.0029764718,0.42874822,0.5568158,0.011455651,2.4389342e-06,1.4771515e-06
20003,2022-09-27,2,D1,2,D1,2,D1,True,7.863668e-05,0.0045589735,0.50001156,0.49468395,0.0006590174,7.855853e-06
20003,2022-10-04,3,D2,2,D1,2,D1,False,5.868207e-05,0.003435076,0.50128764,0.4948298,0.00038509478,3.6049153e-06
20003,2022-10-11,3,D2,3,D2,3,D2,True,2.4555317e-07,7.42981e-08,0.0054670763,0.74924815,0.24522476,5.966427e-05
20003,2022-10-18,3,D2,4,D3,4,D3,False,2.3095613e-06,5.7306096e-07,0.0038842743,0.4870538,0.50809246,0.00096653897
20003,2022-10-25,3,D2,3,D2,3,D2,True,3.2005216e-06,9.29265e-07,0.005096719,0.50157017,0.49266678,0.0006621386
20003,2022-11-01,3,D2,4,D3,4,D3,False,6.9799785e-06,1.3742149e-06,0.0017848581,0.35275796,0.62875193,0.016696963
20003,2022-11-08,2,D1,3,D2,3,D2,False,1.05846375e-05,2.5185753e-05,0.07536041,0.57678926,0.34772155,9.300118e-05
20003,2022-11-15,2,D1,2,D1,2,D1,True,2.751456e-05,0.013801684,0.49356046,0.492538,7.235735e-05,3.184473e-08
20003,2022-11-22,2,D1,2,D1,2,D1,True,2.3300877e-06,0.0020400279,0.52955085,0.46839377,1.29530645e-05,5.042822e-09
20003,2022-11-29,2,D1,2,D1,2,D1,True,4.5602046e-05,0.029687509,0.54871655,0.4215156,3.473594e-05,4.563656e-08
20003,2022-12-06,2,D1,2,D1,2,D1,True,6.482864e-06,0.005183387,0.52281827,0.4719773,1.4535579e-05,5.8081686e-09
20003,2022-12-13,2,D1,2,D1,2,D1,True,4.6625255e-06,0.0060760453,0.5515882,0.44232255,8.5624415e-06,2.9780476e-09
20003,2022-12-20,2,D1,2,D1,2,D1,True,6.273715e-05,0.11022605,0.7424807,0.14722957,9.126512e-07,1.3796525e-09
20003,2022-12-27,2,D1,2,D1,2,D1,True,2.9001038e-05,0.08144079,0.8347287,0.083801165,2.204316e-07,3.3434194e-10
20003,2023-01-03,2,D1,2,D1,2,D1,True,0.00016508404,0.21140698,0.76797,0.020457827,9.001347e-08,6.5937333e-10
20003,2023-01-10,2,D1,2,D1,2,D1,True,9.770987e-06,0.045929067,0.87726045,0.07680062,1.2573035e-07,7.637071e-11
20003,2023-01-17,2,D1,2,D1,2,D1,True,3.227484e-05,0.15419568,0.82648885,0.019283177,2.3030099e-08,3.7299934e-11
20003,2023-01-24,2,D1,2,D1,2,D1,True,5.9939637e-05,0.25012872,0.7448945,0.004916854,5.1938964e-09,2.9107043e-11
20003,2023-01-31,2,D1,2,D1,2,D1,True,9.9567205e-06,0.1338352,0.85369635,0.012458525,6.8439587e-09,5.351403e-12
20003,2023-02-07,2,D1,2,D1,2,D1,True,2.3189737e-06,0.028528886,0.87489164,0.09657711,6.74503e-08,8.207898e-12
20003,2023-02-14,1,D0,2,D1,2,D1,False,9.460212e-06,0.07544155,0.8553851,0.06916373,1.0900147e-07,3.174731e-11
20003,2023-02-21,1,D0,1,D0,1,D0,True,0.22773421,0.7637597,0.008505773,2.6471636e-07,4.2582793e-10,6.703764e-10
20003,2023-02-28,1,D0,1,D0,1,D0,True,0.2537294,0.7443226,0.0019479413,1.3487092e-08,6.122658e-11,6.785404e-11
20003,2023-03-07,1,D0,1,D0,1,D0,True,0.22720832,0.77092046,0.0018712636,4.3968633e-09,3.066214e-11,5.1949948e-11
20003,2023-03-14,0,None,1,D0,1,D0,False,0.30819038,0.68949425,0.0023153094,9.71512e-09,1.7679382e-10,4.4480397e-10
20003,2023-03-21,0,None,1,D0,1,D0,False,0.42171893,0.57786345,0.0004175776,1.2502876e-08,1.2732503e-09,4.507448e-09
20003,2023-03-28,0,None,1,D0,1,D0,False,0.45511344,0.5443168,0.00056963996,4.2002235e-08,9.1782555e-09,4.9011827e-08
20003,2023-04-04,0,None,1,D0,1,D0,False,0.35729462,0.6380272,0.004677639,2.858726e-07,3.1480777e-08,1.6582567e-07
20003,2023-04-11,0,None,1,D0,1,D0,False,0.17952658,0.7890128,0.03145822,1.5322215e-06,1.3236006e-07,7.6562395e-07
20003,2023-04-18,0,None,1,D0,1,D0,False,0.106202304,0.72975206,0.16400164,3.9786453e-05,7.8932015e-07,3.4634534e-06
20003,2023-04-25,1,D0,1,D0,1,D0,True,0.19092022,0.71428853,0.09478705,4.023903e-06,3.5924707e-08,1.9185322e-07
20003,2023-05-02,1,D0,1,D0,1,D0,True,0.001749104,0.54579294,0.45234725,0.000110745095,2.1247872e-09,3.3894734e-09
20003,2023-05-09,2,D1,2,D1,2,D1,True,0.0015168259,0.4645049,0.5334501,0.0005281312,5.919267e-09,8.652904e-09
20003,2023-05-16,2,D1,1,D0,1,D0,False,0.07225612,0.5276948,0.39978006,0.00026841546,9.3025065e-08,5.8688266e-07
20003,2023-05-23,2,D1,1,D0,1,D0,False,0.011007233,0.5258927,0.4623726,0.00072741,2.2464707e-08,3.5364597e-08
20003,2023-05-30,2,D1,2,D1,1,D0,False,0.0063841827,0.48108834,0.5118178,0.00070966216,9.573219e-09,8.027548e-09
20003,2023-06-06,1,D0,2,D1,2,D1,False,0.003095644,0.37939638,0.6100756,0.00743211,1.7462042e-07,1.43053684e-08
20003,2023-06-13,1,D0,1,D0,1,D0,True,0.16895652,0.6931145,0.1379209,8.038494e-06,3.2856262e-09,6.7186128e-09
20003,2023-06-20,2,D1,1,D0,1,D0,False,0.12619726,0.6985541,0.17522977,1.883546e-05,3.886793e-09,5.686639e-09
20003,2023-06-27,2,D1,2,D1,2,D1,True,1.886459e-05,0.01795293,0.5362468,0.44574496,3.647922e-05,7.0838713e-09
20003,2023-07-04,3,D2,2,D1,2,D1,False,0.0003058938,0.1603158,0.74915344,0.09022214,2.7145231e-06,1.139011e-08
20003,2023-07-11,3,D2,3,D2,3,D2,True,1.3156364e-06,1.7042472e-05,0.1269126,0.8497346,0.023334134,2.5998835e-07
20003,2023-07-18,3,D2,3,D2,3,D2,True,5.5550527e-07,2.0490959e-06,0.023491716,0.8768344,0.099670395,9.030069e-07
20003,2023-07-25,3,D2,3,D2,3,D2,True,3.3726253e-06,1.7954164e-05,0.08171005,0.8260153,0.09225098,2.4385233e-06
20003,2023-08-01,3,D2,3,D2,3,D2,True,5.3642833e-07,4.3427704e-07,0.005030102,0.5864578,0.40843096,8.0148406e-05
20003,2023-08-08,3,D2,3,D2,3,D2,True,9.197914e-06,3.1989333e-05,0.099528655,0.69804925,0.20236881,1.2152553e-05
20003,2023-08-15,3,D2,3,D2,3,D2,True,7.668524e-06,5.1422667e-05,0.18390693,0.7410114,0.07502053,2.0810676e-06
20003,2023-08-22,3,D2,3,D2,3,D2,True,1.6548947e-07,8.457535e-08,0.0033656552,0.6152476,0.38132325,6.326309e-05
20003,2023-08-29,3,D2,3,D2,3,D2,True,2.529768e-07,1.6524177e-07,0.0036026372,0.552381,0.44396338,5.258334e-05
20003,2023-09-05,3,D2,4,D3,4,D3,False,1.02130194e-07,4.776564e-08,0.0010176392,0.48266166,0.5161987,0.00012183008
20003,2023-09-12,3,D2,3,D2,3,D2,True,2.6046575e-07,3.501001e-07,0.008753184,0.62082225,0.37041318,1.0780393e-05
20003,2023-09-19,4,D3,4,D3,4,D3,True,6.943901e-08,2.8408683e-08,0.001320607,0.47111657,0.52743995,0.00012269967
20003,2023-09-26,4,D3,4,D3,4,D3,True,2.6356494e-07,6.7522215e-08,9.063998e-05,0.15384148,0.8328246,0.013242936
20003,2023-10-03,4,D3,4,D3,4,D3,True,1.7435259e-07,8.449405e-08,9.335352e-06,0.01113698,0.8746629,0.11419047
20003,2023-10-10,4,D3,4,D3,4,D3,True,6.903326e-08,3.502094e-08,3.3414603e-06,0.0060391393,0.9176801,0.07627731
20003,2023-10-17,4,D3,4,D3,4,D3,True,2.3185397e-07,7.793245e-08,2.6856034e-05,0.058618788,0.9311755,0.010178505
20003,2023-10-24,4,D3,4,D3,4,D3,True,5.3019733e-08,2.1799178e-08,2.5421032e-06,0.00963241,0.9559372,0.03442788
20003,2023-10-31,3,D2,4,D3,4,D3,False,3.389904e-07,3.8154408e-07,0.001863416,0.44150808,0.55659914,2.8608423e-05
20003,2023-11-07,3,D2,3,D2,3,D2,True,1.293357e-07,3.0365961e-06,0.09488943,0.86911803,0.035989434,1.3543106e-08
20003,2023-11-14,3,D2,3,D2,3,D2,True,1.4550717e-07,5.6111276e-06,0.15051149,0.8457323,0.0037504055,3.625666e-09
20003,2023-11-21,3,D2,3,D2,3,D2,True,1.9605062e-07,2.262051e-05,0.19950722,0.7987275,0.0017423654,1.0091581e-09
20003,2023-11-28,3,D2,3,D2,3,D2,True,1.6990386e-08,1.7832213e-06,0.13426943,0.8652554,0.00047342293,5.72671e-11
20003,2023-12-05,2,D1,3,D2,3,D2,False,1.4441829e-08,1.5903584e-06,0.12661445,0.8730592,0.0003246857,3.1514343e-11
20003,2023-12-12,2,D1,2,D1,2,D1,True,1.529306e-05,0.11172957,0.8073266,0.080928415,1.4131189e-07,2.0294837e-11
20003,2023-12-19,2,D1,2,D1,2,D1,True,0.00012989584,0.32252517,0.6694288,0.007916051,3.759736e-08,2.625492e-10
20003,2023-12-26,2,D1,1,D0,1,D0,False,0.016680121,0.6655719,0.31754732,0.00020061208,2.9082742e-08,9.174796e-09
20003,2024-01-02,2,D1,1,D0,1,D0,False,0.0013882417,0.5337354,0.46473667,0.00013962844,3.71204e-10,6.1436946e-11
20003,2024-01-09,2,D1,1,D0,1,D0,False,0.01632339,0.6576194,0.32589313,0.000164086,7.862645e-09,2.356327e-09
20003,2024-01-16,2,D1,1,D0,1,D0,False,0.0033974561,0.5967366,0.399782,8.3915555e-05,4.39598e-10,1.06047435e-10
20003,2024-01-23,2,D1,1,D0,1,D0,False,0.0038611311,0.629324,0.3667663,4.850528e-05,1.5553159e-10,5.2431903e-11
20003,2024-01-30,2,D1,1,D0,1,D0,False,0.0024253102,0.6328873,0.36465898,2.8400515e-05,6.937071e-11,2.14866e-11
20003,2024-02-06,2,D1,1,D0,1,D0,False,0.050270807,0.8679471,0.08177481,7.19262e-06,1.791776e-09,6.8368533e-10
20003,2024-02-13,1,D0,1,D0,1,D0,True,0.0012406041,0.6342399,0.3645003,1.9232159e-05,1.10872554e-10,3.583728e-11
20003,2024-02-20,1,D0,1,D0,1,D0,True,0.06996991,0.88915664,0.040873345,6.6586516e-08,5.3912423e-11,5.664832e-11
20003,2024-02-27,1,D0,1,D0,1,D0,True,0.04975966,0.8883839,0.061856244,6.821047e-08,8.201418e-11,1.0481293e-10
20003,2024-03-05,1,D0,1,D0,1,D0,True,0.06573755,0.87984985,0.054412555,4.2495998e-08,3.5338187e-11,5.4126974e-11
20003,2024-03-12,1,D0,1,D0,1,D0,True,0.115801,0.8362554,0.047943693,4.506814e-08,4.3447985e-11,9.339168e-11
20003,2024-03-19,1,D0,1,D0,1,D0,True,0.2163549,0.7791567,0.004488381,1.260916e-09,7.846794e-12,1.34516105e-11
20003,2024-03-26,1,D0,1,D0,1,D0,True,0.19262375,0.7908818,0.016494432,1.1778754e-08,5.6293935e-11,1.3684602e-10
20003,2024-04-02,1,D0,1,D0,1,D0,True,0.021215267,0.8400133,0.13877118,2.7882805e-07,7.9475915e-10,2.3457856e-09
20003,2024-04-09,1,D0,1,D0,1,D0,True,0.0017382905,0.6948774,0.30337825,6.0131424e-06,2.2979483e-09,3.1843543e-09
20003,2024-04-16,2,D1,1,D0,1,D0,False,0.0004920621,0.591622,0.40783203,5.3928707e-05,1.0887134e-08,7.445382e-09
20003,2024-04-23,2,D1,2,D1,2,D1,True,2.9250152e-06,0.03044133,0.7642602,0.2052897,5.9271706e-06,9.995054e-09
20003,2024-04-30,0,None,2,D1,1,D0,False,0.016880369,0.4857943,0.48591894,0.0113921,8.474385e-06,5.8188084e-06
20003,2024-05-07,0,None,0,None,0,None,True,0.8514286,0.14855829,6.692151e-06,1.0774835e-06,4.7468634e-06,4.9394197e-07
20003,2024-05-14,0,None,0,None,0,None,True,0.90425956,0.09572947,2.4488224e-06,1.5212206e-06,6.840837e-06,1.4431193e-07
20003,2024-05-21,0,None,0,None,0,None,True,0.87341374,0.12655912,7.916786e-06,4.312405e-06,1.4446627e-05,4.9295187e-07
20003,2024-05-28,0,None,0,None,0,None,True,0.80595905,0.19403136,4.297937e-06,8.704493e-07,4.0045024e-06,3.6645415e-07
20003,2024-06-04,0,None,0,None,0,None,True,0.8329487,0.16701597,1.173248e-05,4.8598276e-06,1.6976528e-05,1.7967287e-06
20003,2024-06-11,0,None,0,None,0,None,True,0.86651754,0.1334424,8.747069e-06,5.911105e-06,2.3889253e-05,1.5413071e-06
20003,2024-06-18,0,None,0,None,0,None,True,0.7494715,0.2505093,7.540077e-06,1.4214629e-06,8.193032e-06,2.1306744e-06
20003,2024-06-25,0,None,0,None,0,None,True,0.7340327,0.26593816,1.2368268e-05,1.5754989e-06,1.1041872e-05,4.1496364e-06
20003,2024-07-02,0,None,0,None,0,None,True,0.79044527,0.20952605,7.652878e-06,1.1726235e-06,1.7005194e-05,2.8911986e-06
20003,2024-07-09,0,None,0,None,0,None,True,0.8020723,0.197903,4.788138e-06,9.428439e-07,1.6827169e-05,2.114257e-06
20003,2024-07-16,0,None,0,None,0,None,True,0.64421165,0.3557666,4.811713e-06,4.3850582e-07,1.273896e-05,3.732849e-06
20003,2024-07-23,0,None,0,None,0,None,True,0.64571714,0.35421252,1.7762488e-05,1.8783654e-06,3.7261627e-05,1.34293805e-05
20003,2024-07-30,1,D0,0,None,0,None,False,0.60307854,0.3968601,1.4201408e-05,8.3943513e-07,3.182413e-05,1.4454902e-05
20003,2024-08-06,1,D0,1,D0,1,D0,True,0.014458622,0.76966816,0.21584654,2.4895553e-05,7.809532e-07,1.0350992e-06
20003,2024-08-13,1,D0,1,D0,1,D0,True,0.06024199,0.56871253,0.37036324,0.0006580544,7.675092e-06,1.6532273e-05
20003,2024-08-20,1,D0,1,D0,1,D0,True,0.16824819,0.6790534,0.15263554,5.7047055e-05,2.5628328e-06,3.1227962e-06
20003,2024-08-27,1,D0,1,D0,1,D0,True,0.068852134,0.7251059,0.2059505,8.9716654e-05,9.599415e-07,7.7880304e-07
20003,2024-09-03,1,D0,1,D0,1,D0,True,0.050663278,0.73248506,0.21672083,0.00012950311,9.285981e-07,4.039545e-07
20003,2024-09-10,1,D0,1,D0,1,D0,True,0.023414057,0.70660317,0.26970792,0.00027314544,1.4053994e-06,2.903842e-07
20003,2024-09-17,1,D0,1,D0,1,D0,True,0.012154996,0.6932882,0.2944879,6.879145e-05,9.8473954e-08,2.8878356e-08
20003,2024-09-24,1,D0,1,D0,1,D0,True,0.027035052,0.6516749,0.3207794,0.0005089397,1.3831063e-06,3.2195052e-07
20003,2024-10-01,1,D0,1,D0,1,D0,True,0.31514636,0.6708187,0.014033598,1.1211481e-06,9.137424e-08,6.446208e-08
20003,2024-10-08,1,D0,1,D0,1,D0,True,0.0014472497,0.67201906,0.3264563,7.727017e-05,2.5431628e-08,3.6546657e-09
20003,2024-10-15,1,D0,1,D0,1,D0,True,0.0005303854,0.55341744,0.44532037,0.0007316398,1.5147042e-07,1.46221275e-08
20003,2024-10-22,2,D1,1,D0,1,D0,False,0.0022125936,0.62674135,0.37079668,0.0002492623,6.861283e-08,1.5739811e-08
20003,2024-10-29,2,D1,2,D1,2,D1,True,9.377893e-06,0.055711217,0.68619794,0.25805292,2.8585187e-05,1.0876569e-08
20003,2024-11-05,1,D0,1,D0,1,D0,True,0.08303451,0.54377663,0.36065283,0.012414289,9.976158e-05,2.201889e-05
20003,2024-11-12,1,D0,1,D0,1,D0,True,0.3932178,0.60526574,0.0015153087,9.585999e-07,1.0353937e-07,3.7007208e-08
20003,2024-11-19,1,D0,1,D0,1,D0,True,0.36756057,0.6311309,0.0013081825,3.4940112e-07,1.6610835e-08,3.6510817e-09
20003,2024-11-26,1,D0,1,D0,1,D0,True,0.30638942,0.6901923,0.0034178824,4.472953e-07,8.955734e-09,1.4926878e-09
20003,2024-12-03,1,D0,1,D0,1,D0,True,0.28544113,0.7127143,0.0018444465,1.384193e-07,2.3863282e-09,2.9526054e-10
20003,2024-12-10,1,D0,1,D0,1,D0,True,0.16825281,0.82602,0.0057270583,1.192529e-07,7.686802e-10,1.622222e-10
20003,2024-12-17,1,D0,1,D0,1,D0,True,0.09035667,0.89806134,0.011581845,6.4494486e-08,1.7317894e-10,5.5023534e-11
20003,2024-12-24,1,D0,1,D0,1,D0,True,0.012541303,0.87672234,0.11073474,1.7005724e-06,5.02698e-10,1.522207e-10
20003,2024-12-31,1,D0,1,D0,1,D0,True,0.08979109,0.89443636,0.015772454,1.0915372e-07,2.066702e-10,8.253576e-11
20003,2025-01-07,1,D0,1,D0,1,D0,True,0.114335515,0.8725742,0.013090161,1.11202795e-07,1.903902e-10,7.366649e-11
20003,2025-01-14,1,D0,1,D0,1,D0,True,0.044576477,0.9160331,0.03939011,3.0153248e-07,2.1044427e-10,9.568782e-11
20003,2025-01-21,1,D0,1,D0,1,D0,True,0.040646985,0.91132927,0.048023097,6.4043076e-07,3.4759307e-10,1.5074662e-10
20003,2025-01-28,1,D0,1,D0,1,D0,True,0.014966303,0.86113423,0.12389746,2.019889e-06,5.2473137e-10,3.1293904e-10
20003,2025-02-04,1,D0,1,D0,1,D0,True,0.05934172,0.8877628,0.05289436,1.1359716e-06,6.3592337e-10,4.4786855e-10
20003,2025-02-11,1,D0,1,D0,1,D0,True,0.0036072927,0.7580886,0.23829874,5.4299517e-06,1.5322097e-09,9.27986e-10
20003,2025-02-18,1,D0,1,D0,1,D0,True,0.057927534,0.86922926,0.072841406,1.8403175e-06,1.2170749e-09,1.0036065e-09
20003,2025-02-25,1,D0,1,D0,1,D0,True,0.001956575,0.6862512,0.3117808,1.1379484e-05,1.7905992e-09,7.586459e-10
20003,2025-03-04,1,D0,1,D0,1,D0,True,0.0011712154,0.60390806,0.39487255,4.8170394e-05,3.6886727e-09,1.2684797e-09
20003,2025-03-11,1,D0,1,D0,1,D0,True,0.0014470121,0.58891577,0.40958345,5.380021e-05,3.4815912e-09,1.4585002e-09
20003,2025-03-18,1,D0,1,D0,1,D0,True,0.00044793426,0.55082995,0.44864208,8.001674e-05,6.383915e-09,2.0890958e-09
20003,2025-03-25,1,D0,1,D0,1,D0,True,0.00760861,0.62516063,0.36720148,2.9192162e-05,4.4415236e-09,5.087174e-09
20003,2025-04-01,1,D0,1,D0,1,D0,True,0.014432057,0.66863954,0.31691256,1.5843518e-05,5.17509e-09,8.621963e-09
20003,2025-04-08,1,D0,1,D0,1,D0,True,0.15283981,0.78931653,0.05784091,2.8557595e-06,8.541613e-09,1.867821e-08
20003,2025-04-15,1,D0,1,D0,1,D0,True,0.0008354176,0.57469946,0.42442378,4.1257797e-05,8.99598e-09,6.728188e-09
20003,2025-04-22,0,None,1,D0,1,D0,False,0.24556746,0.70694256,0.04748603,3.9173606e-06,2.3781729e-08,6.6916165e-08
20003,2025-04-29,0,None,0,None,0,None,True,0.82278085,0.17721763,1.0507932e-06,4.969125e-08,1.6242477e-07,1.4253989e-07
20003,2025-05-06,0,None,0,None,0,None,True,0.78823566,0.21176061,3.2929395e-06,9.134231e-08,1.8145123e-07,1.9061426e-07
20003,2025-05-13,0,None,0,None,0,None,True,0.6701745,0.3298002,2.3717486e-05,3.075383e-07,5.356672e-07,7.34544e-07
20003,2025-05-20,0,None,0,None,0,None,True,0.73304504,0.26693565,1.8512692e-05,1.756989e-07,2.3378747e-07,3.9648916e-07
20003,2025-05-27,0,None,0,None,0,None,True,0.7945563,0.20542769,1.5084824e-05,2.0726583e-07,2.9496425e-07,4.2992744e-07
20003,2025-06-03,0,None,0,None,0,None,True,0.78103375,0.21895756,8.386851e-06,9.472718e-08,1.325928e-07,1.4230206e-07
20003,2025-06-10,0,None,0,None,0,None,True,0.7915709,0.20839377,3.3599852e-05,4.3929663e-07,5.975141e-07,6.7253774e-07
20003,2025-06-17,0,None,0,None,0,None,True,0.78475875,0.21522965,1.1212224e-05,1.03227435e-07,1.5947444e-07,1.2803237e-07
20003,2025-06-24,0,None,0,None,0,None,True,0.7950981,0.20484477,5.5314435e-05,5.885603e-07,7.445011e-07,4.3128125e-07
20003,2025-07-01,0,None,0,None,0,None,True,0.8050738,0.19488157,4.3377153e-05,4.2437713e-07,5.492681e-07,2.430406e-07
20003,2025-07-08,0,None,0,None,0,None,True,0.7556626,0.24430934,2.7178668e-05,2.1977404e-07,3.1060716e-07,2.8722195e-07
20003,2025-07-15,0,None,0,None,0,None,True,0.7047655,0.2951611,7.200459e-05,3.7240417e-07,4.4272755e-07,5.775593e-07
20003,2025-07-22,0,None,0,None,0,None,True,0.7462281,0.25367278,9.68999e-05,7.4038195e-07,7.295237e-07,8.2312096e-07
20003,2025-07-29,0,None,0,None,0,None,True,0.7937439,0.20623001,2.4645757e-05,2.883121e-07,3.5909807e-07,7.9523033e-07
20003,2025-08-05,0,None,0,None,0,None,True,0.7574109,0.24257474,1.38663845e-05,1.01176454e-07,1.3046242e-07,3.15233e-07
20003,2025-08-12,0,None,0,None,0,None,True,0.7629416,0.23700917,4.7077396e-05,4.683893e-07,4.7959605e-07,1.1574705e-06
20003,2025-08-19,0,None,0,None,0,None,True,0.74226743,0.25771478,1.723671e-05,1.11806955e-07,1.263271e-07,3.1041284e-07
20003,2025-08-26,0,None,0,None,0,None,True,0.73323196,0.26674682,2.0629159e-05,1.3157474e-07,1.490637e-07,2.8955233e-07
20003,2025-09-02,0,None,0,None,0,None,True,0.7936577,0.20632917,1.2498586e-05,1.8341707e-07,2.443562e-07,2.0834341e-07
20003,2025-09-09,0,None,0,None,0,None,True,0.79798543,0.20201261,1.8026506e-06,3.4637658e-08,7.524057e-08,4.3314042e-08
20003,2025-09-16,1,D0,0,None,0,None,False,0.75833833,0.24165869,2.7286028e-06,6.223567e-08,1.4204848e-07,5.7885348e-08
20003,2025-09-23,0,None,0,None,0,None,True,0.502112,0.49674517,0.0011391495,3.026976e-06,4.6585646e-07,2.5788447e-07
20003,2025-09-30,0,None,0,None,0,None,True,0.81475896,0.18523987,9.308902e-07,7.840964e-08,2.3837005e-07,2.3252278e-08
20003,2025-10-07,0,None,0,None,0,None,True,0.8260849,0.1739131,1.217759e-06,1.8011654e-07,5.792721e-07,2.5533101e-08
20003,2025-10-14,1,D0,0,None,0,None,False,0.7649801,0.23501587,2.4965095e-06,4.2700955e-07,1.1321564e-06,6.9755025e-08
20003,2025-10-21,1,D0,1,D0,1,D0,True,0.08919678,0.80317426,0.107619606,9.424071e-06,2.1073737e-08,1.5099896e-08
20003,2025-10-28,1,D0,1,D0,1,D0,True,0.25241664,0.7121274,0.03544718,8.534806e-06,8.601916e-08,5.0229012e-08
20003,2025-11-04,1,D0,1,D0,1,D0,True,0.023589144,0.7942141,0.1821809,1.58162e-05,3.3133112e-08,3.5131507e-08
20003,2025-11-11,1,D0,1,D0,1,D0,True,0.0050906823,0.6704236,0.324438,4.7609337e-05,1.9512605e-08,1.7869299e-08
20003,2025-11-18,1,D0,1,D0,1,D0,True,0.009909348,0.67866445,0.3113816,4.4544755e-05,1.5418124e-08,1.3993074e-08
20003,2025-11-25,1,D0,1,D0,1,D0,True,0.28930175,0.7073602,0.0033378117,2.2332111e-07,7.684328e-09,3.1318343e-09
20003,2025-12-02,1,D0,1,D0,1,D0,True,0.054894976,0.9081137,0.03699072,5.2317444e-07,8.5896623e-10,4.0773684e-10
20003,2025-12-09,1,D0,1,D0,1,D0,True,0.0033372787,0.7754879,0.22117068,4.1319076e-06,4.586415e-10,1.7250802e-10
20003,2025-12-16,1,D0,1,D0,1,D0,True,0.017034434,0.8430256,0.13993736,2.5730192e-06,7.8074514e-10,5.363379e-10
20003,2025-12-23,1,D0,1,D0,1,D0,True,0.009474472,0.8891916,0.10133366,2.222135e-07,5.792643e-11,5.8657225e-11
20003,2025-12-30,1,D0,1,D0,1,D0,True,0.00032705403,0.7282185,0.27145264,1.7936181e-06,3.4742095e-11,1.3708142e-11
20005,2022-01-04,0,None,0,None,0,None,True,0.70374423,0.2962149,3.7983198e-05,1.6246682e-06,1.0998393e-06,1.7469912e-07
20005,2022-01-11,0,None,0,None,0,None,True,0.6836925,0.31627235,3.3377244e-05,1.0032238e-06,6.044783e-07,1.1029261e-07
20005,2022-01-18,0,None,0,None,0,None,True,0.7026894,0.297277,3.09593e-05,1.4904915e-06,8.8358496e-07,1.6952376e-07
20005,2022-01-25,0,None,0,None,0,None,True,0.66617686,0.3338063,1.5627382e-05,5.473526e-07,4.386366e-07,1.39604e-07
20005,2022-02-01,0,None,0,None,0,None,True,0.57429385,0.42568797,1.7615783e-05,1.7631194e-07,2.2586582e-07,1.9334588e-07
20005,2022-02-08,0,None,0,None,0,None,True,0.6080531,0.391939,7.04444e-06,1.9675167e-07,2.9199475e-07,3.7174536e-07
20005,2022-02-15,0,None,0,None,0,None,True,0.55064905,0.44932505,2.5317333e-05,1.0010415e-07,1.4729561e-07,3.2206208e-07
20005,2022-02-22,0,None,0,None,0,None,True,0.5694404,0.43052503,3.2968812e-05,2.6769914e-07,3.1251383e-07,9.045993e-07
20005,2022-03-01,1,D0,0,None,0,None,False,0.5476201,0.45236623,1.3357428e-05,3.5294494e-08,6.604969e-08,2.1587451e-07
20005,2022-03-08,1,D0,1,D0,1,D0,True,0.0068407194,0.8369947,0.15616213,2.3865578e-06,2.6727418e-09,8.754445e-09
20005,2022-03-15,1,D0,1,D0,1,D0,True,0.002070962,0.57467234,0.42316583,9.0830035e-05,5.079363e-09,1.30017215e-08
20005,2022-03-22,1,D0,1,D0,1,D0,True,0.069877684,0.686524,0.24357092,2.7443664e-05,9.363572e-09,3.7124313e-08
20005,2022-03-29,0,None,1,D0,1,D0,False,0.06715844,0.76820624,0.1646315,3.7556802e-06,2.5846978e-09,9.249505e-09
20005,2022-04-05,0,None,0,None,0,None,True,0.75858915,0.2414094,1.0872652e-06,4.319444e-08,1.7334436e-07,9.0900855e-08
20005,2022-04-12,0,None,0,None,0,None,True,0.6618187,0.33816883,9.270576e-06,5.8821666e-07,1.7097225e-06,8.809193e-07
20005,2022-04-19,0,None,0,None,0,None,True,0.56192476,0.43803874,3.4486282e-05,3.2846273e-07,8.122913e-07,9.249201e-07
20005,2022-04-26,0,None,0,None,0,None,True,0.5597113,0.44021532,7.0986214e-05,4.3175996e-07,8.1846036e-07,1.2181491e-06
20005,2022-05-03,0,None,0,None,0,None,True,0.70222795,0.2977502,1.8174002e-05,5.621767e-07,1.3405033e-06,1.7651988e-06
20005,2022-05-10,0,None,0,None,0,None,True,0.7839465,0.21604693,4.5205984e-06,3.2257427e-07,9.164991e-07,7.722887e-07
20005,2022-05-17,0,None,0,None,0,None,True,0.7173413,0.2826552,2.6183707e-06,1.13613794e-07,4.031859e-07,3.3935117e-07
20005,2022-05-24,0,None,0,None,0,None,True,0.6489995,0.35096708,3.004398e-05,5.6688145e-07,1.4770799e-06,1.341049e-06
20005,2022-05-31,0,None,0,None,0,None,True,0.7778011,0.2221575,3.2012777e-05,1.946901e-06,5.2965065e-06,2.2139684e-06
20005,2022-06-07,0,None,0,None,0,None,True,0.82554406,0.17444287,8.85733e-06,8.303549e-07,2.4317644e-06,9.69364e-07
20005,2022-06-14,0,None,0,None,0,None,True,0.80529994,0.19469218,5.066594e-06,4.6441636e-07,1.6331624e-06,7.3030066e-07
20005,2022-06-21,0,None,0,None,0,None,True,0.7245103,0.27546716,1.707111e-05,9.054288e-07,2.8229467e-06,1.6519499e-06
20005,2022-06-28,0,None,0,None,0,None,True,0.72008914,0.27986774,3.8672308e-05,8.784808e-07,2.0584744e-06,1.3990731e-06
20005,2022-07-05,0,None,0,None,0,None,True,0.67302984,0.3269556,1.2940916e-05,2.5122316e-07,8.087286e-07,6.1774466e-07
20005,2022-07-12,0,None,0,None,0,None,True,0.60580575,0.39411175,7.7490455e-05,9.031222e-07,2.1777444e-06,1.9708589e-06
20005,2022-07-19,0,None,0,None,0,None,True,0.5812791,0.4185395,0.00016091083,2.875975e-06,7.981119e-06,9.618304e-06
20005,2022-07-26,0,None,0,None,0,None,True,0.63169456,0.36824456,5.5306584e-05,6.9459287e-07,1.6761409e-06,3.2275354e-06
20005,2022-08-02,0,None,0,None,0,None,True,0.7320963,0.26781029,7.874826e-05,2.254271e-06,4.0052623e-06,8.372671e-06
20005,2022-08-09,0,None,0,None,0,None,True,0.70918345,0.2908083,6.206042e-06,1.6190765e-07,6.5278164e-07,1.1526362e-06
20005,2022-08-16,0,None,1,D0,1,D0,False,0.43245792,0.5551038,0.012309708,6.644355e-05,2.0450436e-05,4.170926e-05
20005,2022-08-23,0,None,0,None,0,None,True,0.52092546,0.4728641,0.006099908,3.8001963e-05,1.7063676e-05,5.540549e-05
20005,2022-08-30,0,None,1,D0,1,D0,False,0.48626095,0.5120414,0.0016955993,1.0392274e-06,2.5138155e-07,8.015431e-07
20005,2022-09-06,1,D0,1,D0,1,D0,True,0.44731617,0.5500189,0.0026570885,2.0081147e-06,1.1081964e-06,4.6648315e-06
20005,2022-09-13,1,D0,1,D0,1,D0,True,0.07117041,0.75933105,0.16944993,4.2932526e-05,7.718824e-07,4.859178e-06
20005,2022-09-20,2,D1,1,D0,1,D0,False,0.029553879,0.57500464,0.3951608,0.00027395727,6.7898407e-07,6.061995e-06
20005,2022-09-27,2,D1,2,D1,2,D1,True,0.00012679175,0.011012896,0.64370126,0.34342438,0.0015436847,0.00019103146
20005,2022-10-04,2,D1,2,D1,2,D1,True,7.688348e-05,0.0048345556,0.5665623,0.42809847,0.00039777474,3.0017894e-05
20005,2022-10-11,2,D1,2,D1,2,D1,True,0.00018892248,0.012908151,0.61514634,0.3716075,0.00013993956,9.0784715e-06
20005,2022-10-18,3,D2,2,D1,2,D1,False,0.00013268497,0.009604122,0.55465096,0.43534243,0.0002634961,6.274212e-06
20005,2022-10-25,3,D2,3,D2,3,D2,True,1.4276698e-07,3.8521343e-08,0.0045773555,0.730612,0.26477638,3.4020934e-05
20005,2022-11-01,3,D2,3,D2,3,D2,True,5.4339506e-07,1.5108213e-07,0.0043890784,0.667042,0.3284564,0.00011179025
20005,2022-11-08,2,D1,3,D2,3,D2,False,5.5748733e-06,0.00029877506,0.27580673,0.72169244,0.002196411,1.0554631e-07
20005,2022-11-15,2,D1,2,D1,2,D1,True,0.00013480354,0.17354703,0.74460566,0.0817119,6.306375e-07,4.513746e-09
20005,2022-11-22,2,D1,2,D1,2,D1,True,8.138796e-06,0.01706766,0.7617101,0.22121315,9.124903e-07,1.5089834e-09
20005,2022-11-29,2,D1,2,D1,2,D1,True,0.0002717837,0.18581922,0.7738054,0.040103126,4.9531144e-07,8.13677e-09
20005,2022-12-06,2,D1,2,D1,2,D1,True,5.9683633e-05,0.09665376,0.85428405,0.049002357,2.4078747e-07,1.3487425e-09
20005,2022-12-13,2,D1,2,D1,2,D1,True,5.160902e-05,0.0759248,0.8455307,0.078492515,4.2319306e-07,1.0820541e-09
20005,2022-12-20,2,D1,2,D1,2,D1,True,0.00011977188,0.15876758,0.8023602,0.03875235,2.0262591e-07,7.1149825e-10
20005,2022-12-27,2,D1,2,D1,2,D1,True,6.7042776e-05,0.13696162,0.833103,0.029868247,9.240487e-08,2.3628574e-10
20005,2023-01-03,2,D1,2,D1,2,D1,True,0.00023780721,0.2502598,0.7420739,0.007428421,3.4322763e-08,4.078654e-10
20005,2023-01-10,2,D1,2,D1,2,D1,True,1.9433126e-05,0.09533695,0.8789426,0.025700958,3.776049e-08,3.610087e-11
20005,2023-01-17,2,D1,2,D1,2,D1,True,4.754658e-05,0.19307184,0.79957014,0.0073104603,8.7151815e-09,2.392669e-11
20005,2023-01-24,2,D1,2,D1,2,D1,True,7.017754e-05,0.27265486,0.7251579,0.0021169998,1.8384518e-09,1.4542004e-11
20005,2023-01-31,2,D1,2,D1,2,D1,True,1.4411218e-05,0.16685237,0.8281664,0.0049667456,2.5010947e-09,2.9466176e-12
20005,2023-02-07,2,D1,2,D1,2,D1,True,3.818314e-06,0.052707914,0.91046494,0.036823332,2.5124166e-08,4.6613273e-12
20005,2023-02-14,1,D0,2,D1,2,D1,False,1.3544674e-05,0.10799498,0.86866784,0.023323622,3.2441e-08,1.8511536e-11
20005,2023-02-21,0,None,1,D0,1,D0,False,0.2536238,0.74020314,0.0061729113,1.7703934e-07,3.83034e-10,4.084794e-10
20005,2023-02-28,0,None,0,None,0,None,True,0.8641546,0.13584477,5.266676e-07,2.7933153e-08,7.9784485e-08,1.9812172e-09
20005,2023-03-07,0,None,0,None,0,None,True,0.89777726,0.10222179,6.409012e-07,6.409424e-08,1.7297194e-07,4.864159e-09
20005,2023-03-14,0,None,0,None,0,None,True,0.836822,0.16317555,2.0090956e-06,1.6093124e-07,3.208479e-07,4.5778048e-08
20005,2023-03-21,0,None,0,None,0,None,True,0.74638796,0.2536098,1.8524121e-06,7.758722e-08,1.8880766e-07,1.0346279e-07
20005,2023-03-28,0,None,0,None,0,None,True,0.65595084,0.34403437,1.3696147e-05,2.0177065e-07,3.4682304e-07,6.4357334e-07
20005,2023-04-04,0,None,0,None,0,None,True,0.5963303,0.40360427,6.330763e-05,3.705387e-07,4.3054584e-07,1.3262287e-06
20005,2023-04-11,0,None,0,None,0,None,True,0.5367006,0.46301857,0.00027728666,6.536858e-07,5.5958736e-07,2.3403848e-06
20005,2023-04-18,0,None,0,None,0,None,True,0.5527887,0.44704112,0.00016651336,5.2960723e-07,5.649814e-07,2.5179982e-06
20005,2023-04-25,0,None,0,None,0,None,True,0.55479103,0.44512162,8.679529e-05,8.931127e-08,9.118924e-08,3.9032298e-07
20005,2023-05-02,0,None,0,None,0,None,True,0.59070796,0.40921828,7.31768e-05,1.0870424e-07,1.0136254e-07,4.344294e-07
20005,2023-05-09,1,D0,0,None,0,None,False,0.5660244,0.43391895,5.649544e-05,2.1927125e-08,2.1795863e-08,1.0108732e-07
20005,2023-05-16,0,None,1,D0,1,D0,False,0.38576728,0.59615815,0.018072294,2.1186454e-06,3.8899604e-08,1.531316e-07
20005,2023-05-23,0,None,0,None,0,None,True,0.79085404,0.20914456,1.2963158e-06,1.1117401e-08,2.395035e-08,2.1117248e-08
20005,2023-05-30,1,D0,0,None,0,None,False,0.502211,0.49709287,0.0006957032,2.6047775e-07,3.9280756e-08,6.5097886e-08
20005,2023-06-06,0,None,1,D0,1,D0,False,0.21757276,0.6290875,0.15332337,1.626979e-05,1.4433281e-08,3.0560383e-08
20005,2023-06-13,0,None,0,None,0,None,True,0.79898643,0.20100936,4.037596e-06,3.997248e-08,7.202208e-08,3.2178093e-08
20005,2023-06-20,1,D0,0,None,0,None,False,0.7709898,0.22899717,1.2474711e-05,1.7794969e-07,2.7649372e-07,1.2419551e-07
20005,2023-06-27,2,D1,1,D0,1,D0,False,0.13549615,0.7110559,0.15343016,1.7770852e-05,5.3098304e-09,4.0093164e-09
20005,2023-07-04,2,D1,2,D1,2,D1,True,0.0008936561,0.3540171,0.63327783,0.011811192,1.4173429e-07,1.6823644e-09
20005,2023-07-11,2,D1,2,D1,2,D1,True,0.014553393,0.45047715,0.53019994,0.00476911,3.871087e-07,5.941585e-08
20005,2023-07-18,2,D1,2,D1,2,D1,True,0.0034098348,0.431562,0.5594881,0.0055398387,1.0946342e-07,7.53954e-09
20005,2023-07-25,2,D1,2,D1,2,D1,True,0.00084539445,0.2930786,0.6550004,0.05107453,1.098329e-06,5.952356e-09
20005,2023-08-01,1,D0,2,D1,2,D1,False,0.0002926086,0.19622485,0.67507166,0.12840812,2.7553674e-06,6.1170646e-09
20005,2023-08-08,1,D0,2,D1,2,D1,False,0.007262034,0.42114425,0.5563653,0.01522529,2.7436652e-06,4.1083035e-07
20005,2023-08-15,1,D0,2,D1,1,D0,True,0.013448635,0.48397362,0.48704377,0.015527466,5.6097088e-06,9.5182537e-07
20005,2023-08-22,1,D0,1,D0,1,D0,True,0.38800055,0.60410184,0.007894504,2.9692e-06,5.449213e-08,6.647505e-08
20005,2023-08-29,0,None,1,D0,1,D0,False,0.39717978,0.57444847,0.028281694,8.031764e-05,5.156283e-06,4.5298416e-06
20005,2023-09-05,1,D0,0,None,0,None,False,0.6709163,0.32906333,1.8329903e-05,8.121905e-07,8.7259724e-07,3.3130794e-07
20005,2023-09-12,1,D0,1,D0,1,D0,True,0.40352538,0.5858415,0.010617468,1.4325559e-05,6.648367e-07,6.368946e-07
20005,2023-09-19,1,D0,1,D0,1,D0,True,0.0054665594,0.6434959,0.3509144,0.00012308144,6.8906026e-08,3.4763968e-08
20005,2023-09-26,1,D0,1,D0,1,D0,True,0.033622228,0.6075557,0.3583681,0.00045348943,2.9195658e-07,1.4082771e-07
20005,2023-10-03,2,D1,1,D0,1,D0,False,0.003323352,0.57220596,0.4239313,0.00053929945,1.2684552e-07,2.1128404e-08
20005,2023-10-10,2,D1,2,D1,2,D1,True,5.753406e-07,0.0023635374,0.529267,0.4683102,5.8653382e-05,6.063606e-10
20005,2023-10-17,2,D1,2,D1,2,D1,True,2.446306e-06,0.003658078,0.56780916,0.42846367,6.6591776e-05,9.1047797e-10
20005,2023-10-24,3,D2,2,D1,2,D1,False,6.354969e-07,0.0007326128,0.52671945,0.47246578,8.150695e-05,4.147621e-10
20005,2023-10-31,2,D1,3,D2,3,D2,False,3.1053943e-08,1.4938732e-06,0.1159234,0.87098074,0.013094398,4.9294124e-10
20005,2023-11-07,2,D1,3,D2,3,D2,False,1.682455e-06,0.0037691568,0.45012474,0.5460888,1.5623576e-05,3.5993916e-11
20005,2023-11-14,3,D2,2,D1,2,D1,False,1.5201894e-06,0.012112965,0.6113859,0.37649813,1.5053485e-06,8.396807e-12
20005,2023-11-21,3,D2,3,D2,3,D2,True,1.1548577e-08,1.1866521e-06,0.11299529,0.88581175,0.0011917508,5.8396045e-11
20005,2023-11-28,3,D2,3,D2,3,D2,True,4.371818e-09,4.102093e-07,0.07506648,0.9244449,0.00048815872,1.0858129e-11
20005,2023-12-05,3,D2,3,D2,3,D2,True,8.300966e-09,1.2624974e-06,0.09964282,0.9000894,0.00026650282,8.519001e-12
20005,2023-12-12,3,D2,3,D2,3,D2,True,8.586876e-09,9.932672e-07,0.085425474,0.9143474,0.0002261094,1.3413213e-11
20005,2023-12-19,3,D2,3,D2,3,D2,True,1.6997764e-06,0.0016752743,0.38629588,0.6119977,2.9431114e-05,6.962946e-11
20005,2023-12-26,2,D1,3,D2,3,D2,False,1.0230127e-06,0.0012959299,0.37162137,0.6270627,1.9037856e-05,3.2600304e-11
20005,2024-01-02,2,D1,2,D1,2,D1,True,4.4597073e-06,0.12629908,0.84877914,0.02491733,1.0115785e-08,1.7614213e-12
20005,2024-01-09,2,D1,2,D1,2,D1,True,3.4313034e-05,0.266864,0.7268006,0.0063010054,8.825607e-09,2.3536308e-11
20005,2024-01-16,2,D1,2,D1,2,D1,True,1.2573982e-05,0.2457888,0.7500414,0.0041571977,1.705366e-09,3.077583e-12
20005,2024-01-23,2,D1,2,D1,2,D1,True,6.0973694e-06,0.22320785,0.7732997,0.0034864335,6.6676537e-10,7.69499e-13
20005,2024-01-30,2,D1,2,D1,2,D1,True,4.45155e-06,0.205209,0.79114556,0.0036410862,6.663583e-10,8.2892655e-13
20005,2024-02-06,2,D1,2,D1,2,D1,True,6.7651294e-05,0.31639457,0.6806749,0.0028627638,7.530145e-09,1.1670472e-10
20005,2024-02-13,2,D1,2,D1,2,D1,True,6.875933e-06,0.10804475,0.8827809,0.0091675315,3.907279e-09,1.4479783e-11
20005,2024-02-20,2,D1,2,D1,2,D1,True,1.4840153e-05,0.07160234,0.9141068,0.014276055,1.5843947e-08,9.880729e-11
20005,2024-02-27,2,D1,2,D1,2,D1,True,2.8594703e-05,0.05913789,0.9173224,0.023511073,6.4930404e-08,4.6771675e-10
20005,2024-03-05,2,D1,2,D1,2,D1,True,3.2573003e-05,0.0849574,0.8937385,0.021271525,4.0861877e-08,2.7772126e-10
20005,2024-03-12,2,D1,2,D1,2,D1,True,2.5434787e-05,0.07850046,0.89278513,0.02868898,4.8249966e-08,2.2320527e-10
20005,2024-03-19,2,D1,2,D1,2,D1,True,2.4141284e-05,0.053259928,0.9049707,0.041745055,8.7963926e-08,3.7095152e-10
20005,2024-03-26,2,D1,2,D1,2,D1,True,3.9380404e-05,0.07949464,0.8819468,0.038519096,9.345684e-08,4.11669e-10
20005,2024-04-02,2,D1,2,D1,2,D1,True,8.554954e-06,0.01059907,0.7877666,0.20162487,9.741015e-07,1.4602847e-09
20005,2024-04-09,2,D1,2,D1,2,D1,True,6.5716213e-06,0.00815654,0.7351181,0.25671726,1.5460421e-06,1.3595514e-09
20005,2024-04-16,2,D1,2,D1,2,D1,True,1.0847573e-05,0.007905891,0.7042249,0.28785482,3.4861441e-06,5.4902536e-09
20005,2024-04-23,1,D0,2,D1,2,D1,False,0.00011142932,0.058179554,0.8520402,0.089667864,9.875234e-07,7.482743e-09
20005,2024-04-30,1,D0,1,D0,1,D0,True,0.3500251,0.64633226,0.0036423968,2.0024328e-07,4.0183603e-09,1.0992214e-08
20005,2024-05-07,1,D0,1,D0,1,D0,True,0.3199037,0.6792335,0.0008628233,3.2566982e-09,5.2097854e-11,8.2140454e-11
20005,2024-05-14,1,D0,1,D0,1,D0,True,0.26305053,0.73359287,0.003356628,5.2673776e-09,2.1978877e-11,4.2000844e-11
20005,2024-05-21,0,None,1,D0,1,D0,False,0.321411,0.67541856,0.0031704144,2.2636943e-08,2.6547597e-10,3.9882175e-10
20005,2024-05-28,0,None,0,None,0,None,True,0.7851104,0.21488914,4.6486795e-07,3.0325848e-09,1.1434186e-08,2.1352493e-09
20005,2024-06-04,0,None,0,None,0,None,True,0.7904598,0.2095319,8.118605e-06,6.3192495e-08,1.3955305e-07,2.5410664e-08
20005,2024-06-11,0,None,0,None,0,None,True,0.79938114,0.20056815,4.8618356e-05,9.145277e-07,1.0117718e-06,1.6998375e-07
20005,2024-06-18,0,None,0,None,0,None,True,0.7538357,0.2460996,6.082304e-05,1.4710749e-06,1.7329297e-06,6.640272e-07
20005,2024-06-25,0,None,0,None,0,None,True,0.75246555,0.2474036,0.0001256262,1.907919e-06,2.1740507e-06,1.0947505e-06
20005,2024-07-02,0,None,0,None,0,None,True,0.76421237,0.23566048,0.00012298333,1.5159771e-06,1.6122447e-06,9.67068e-07
20005,2024-07-09,0,None,0,None,0,None,True,0.7648234,0.23512372,5.0042894e-05,7.4409337e-07,1.0598296e-06,9.80372e-07
20005,2024-07-16,0,None,0,None,0,None,True,0.6690752,0.33089578,2.7782386e-05,1.9953882e-07,4.2654312e-07,6.433052e-07
20005,2024-07-23,0,None,0,None,0,None,True,0.6604269,0.33952674,4.337716e-05,6.052429e-07,8.613984e-07,1.4819792e-06
20005,2024-07-30,0,None,0,None,0,None,True,0.6267516,0.37321913,2.706557e-05,3.459762e-07,6.942668e-07,1.1035861e-06
20005,2024-08-06,0,None,0,None,0,None,True,0.5767411,0.423096,0.00015972924,7.133486e-07,8.2497894e-07,1.6199324e-06
20005,2024-08-13,0,None,0,None,0,None,True,0.5997092,0.4000617,0.00021833618,2.8798395e-06,2.2294948e-06,5.5837736e-06
20005,2024-08-20,1,D0,0,None,0,None,False,0.7221783,0.27776933,4.4331206e-05,2.4395e-06,2.4780607e-06,3.1143531e-06
20005,2024-08-27,1,D0,1,D0,1,D0,True,0.12394383,0.7425101,0.13349172,5.385173e-05,2.0360066e-07,3.137177e-07
20005,2024-09-03,1,D0,1,D0,1,D0,True,0.008493926,0.6365308,0.35472968,0.0002453105,1.2379503e-07,1.5113149e-07
20005,2024-09-10,1,D0,1,D0,1,D0,True,0.006034276,0.63480705,0.35887843,0.00027967623,2.4211127e-07,2.8213535e-07
20005,2024-09-17,1,D0,1,D0,1,D0,True,0.0069717686,0.6614257,0.33149043,0.00011187726,9.52952e-08,1.4905605e-07
20005,2024-09-24,1,D0,1,D0,1,D0,True,0.17867482,0.6675309,0.15372065,7.277176e-05,4.2745324e-07,5.083961e-07
20005,2024-10-01,2,D1,1,D0,1,D0,False,0.006935533,0.6487009,0.34420305,0.00016029629,1.8897165e-07,8.624772e-08
20005,2024-10-08,2,D1,2,D1,2,D1,True,7.36946e-06,0.038677484,0.5857804,0.3755072,2.7567974e-05,2.8745355e-09
20005,2024-10-15,3,D2,3,D2,3,D2,True,6.861023e-07,0.001478705,0.47608408,0.52239287,4.3577515e-05,5.498423e-10
20005,2024-10-22,3,D2,3,D2,3,D2,True,9.674607e-09,1.8461371e-07,0.04274276,0.9199604,0.03729665,4.778229e-09
20005,2024-10-29,3,D2,3,D2,3,D2,True,1.3944288e-09,3.2474796e-09,0.001618096,0.6713788,0.327003,6.367519e-08
20005,2024-11-05,2,D1,3,D2,3,D2,False,3.1390406e-05,0.004919907,0.3825178,0.61121714,0.0013137361,8.035571e-08
20005,2024-11-12,2,D1,1,D0,1,D0,False,0.08573092,0.6900484,0.2237011,0.00051560736,2.9292962e-06,1.0026805e-06
20005,2024-11-19,2,D1,2,D1,1,D0,False,0.0053412677,0.49512765,0.4959192,0.0036113397,6.2013487e-07,4.196444e-08
20005,2024-11-26,2,D1,2,D1,2,D1,True,7.384469e-05,0.30183694,0.6838519,0.014237171,1.4830489e-07,3.5297393e-10
20005,2024-12-03,2,D1,2,D1,2,D1,True,0.0001520283,0.34042057,0.6519497,0.0074775494,1.4567968e-07,1.1200314e-09
20005,2024-12-10,2,D1,2,D1,2,D1,True,1.919682e-05,0.20987779,0.7812545,0.008848443,4.633321e-08,6.477585e-11
20005,2024-12-17,2,D1,2,D1,2,D1,True,1.3486003e-05,0.16272084,0.82613534,0.011130359,5.0969984e-08,4.33301e-11
20005,2024-12-24,2,D1,2,D1,2,D1,True,4.3761825e-06,0.078898504,0.90173733,0.019359756,4.3991793e-08,7.623909e-12
20005,2024-12-31,2,D1,2,D1,2,D1,True,1.6715076e-05,0.18971974,0.8061132,0.0041503343,1.4407623e-08,2.2289153e-11
20005,2025-01-07,2,D1,2,D1,2,D1,True,1.2667262e-05,0.22556956,0.7723545,0.0020631987,3.389285e-09,7.757666e-12
20005,2025-01-14,2,D1,2,D1,2,D1,True,3.7349855e-06,0.13926451,0.85818297,0.002548722,1.8350907e-09,2.0207273e-12
20005,2025-01-21,2,D1,2,D1,2,D1,True,3.582168e-06,0.10808571,0.8880308,0.0038799257,3.6000054e-09,2.3155998e-12
20005,2025-01-28,2,D1,2,D1,2,D1,True,3.9061733e-06,0.10066683,0.8950796,0.004249631,4.17875e-09,3.3856247e-12
20005,2025-02-04,1,D0,2,D1,2,D1,False,1.2369643e-05,0.18153541,0.816279,0.0021732147,3.1669782e-09,1.0150022e-11
20005,2025-02-11,1,D0,1,D0,1,D0,True,0.05503337,0.8853597,0.05960511,1.8304461e-06,4.890191e-10,3.15705e-10
20005,2025-02-18,0,None,1,D0,1,D0,False,0.13430227,0.8566331,0.009064647,3.1221397e-08,1.6874748e-11,9.6592396e-12
20005,2025-02-25,0,None,0,None,0,None,True,0.5525803,0.44741035,9.300253e-06,2.8522842e-09,1.4142526e-09,2.1008639e-10
20005,2025-03-04,0,None,0,None,0,None,True,0.60719305,0.3928024,4.484213e-06,3.704411e-09,5.848324e-09,7.287744e-10
20005,2025-03-11,0,None,0,None,0,None,True,0.55132985,0.44864026,2.9837182e-05,3.7178484e-08,3.742858e-08,7.751156e-09
20005,2025-03-18,0,None,0,None,0,None,True,0.54382455,0.45614251,3.2803837e-05,7.2351604e-08,6.171198e-08,1.46173695e-08
20005,2025-03-25,0,None,0,None,0,None,True,0.5436372,0.45631078,5.1775325e-05,8.233682e-08,5.460368e-08,1.9999874e-08
20005,2025-04-01,1,D0,0,None,0,None,False,0.55982643,0.44011948,5.3832842e-05,1.0344287e-07,7.950656e-08,3.620349e-08
20005,2025-04-08,0,None,1,D0,1,D0,False,0.3939239,0.6010424,0.005032574,9.1561077e-07,7.50973e-08,7.35433e-08
20005,2025-04-15,0,None,0,None,0,None,True,0.60966194,0.39032096,1.684476e-05,6.0170485e-08,9.4711496e-08,5.7683348e-08
20005,2025-04-22,1,D0,0,None,0,None,False,0.74923706,0.25074756,1.428074e-05,2.7409988e-07,6.551672e-07,1.926335e-07
20005,2025-04-29,1,D0,1,D0,1,D0,True,0.25176188,0.6689835,0.0792377,1.6162034e-05,2.7775897e-07,4.333504e-07
20005,2025-05-06,1,D0,1,D0,1,D0,True,0.25951847,0.7125455,0.027935222,7.6523224e-07,7.101751e-09,1.791472e-08
20005,2025-05-13,2,D1,1,D0,1,D0,False,0.022038942,0.60629535,0.37146983,0.00019480247,4.0127935e-07,7.435665e-07
20005,2025-05-20,1,D0,2,D1,2,D1,False,0.00089382834,0.26713616,0.6848199,0.04714545,4.5847873e-06,1.3983204e-07
20005,2025-05-27,1,D0,1,D0,1,D0,True,0.3537926,0.6413733,0.0048338515,2.1471982e-07,5.10967e-09,1.4682103e-08
20005,2025-06-03,1,D0,1,D0,1,D0,True,0.26484114,0.72319585,0.011962948,8.002699e-08,2.8764416e-10,5.8103056e-10
20005,2025-06-10,1,D0,1,D0,1,D0,True,0.35728967,0.6382712,0.0044388575,1.9155951e-07,2.8995488e-09,5.0668714e-09
20005,2025-06-17,1,D0,1,D0,1,D0,True,0.31794655,0.6739388,0.008114514,1.7448367e-07,1.0058732e-09,1.427103e-09
20005,2025-06-24,1,D0,1,D0,1,D0,True,0.353428,0.6394908,0.0070809475,2.6049372e-07,1.868429e-09,2.2156847e-09
20005,2025-07-01,0,None,1,D0,1,D0,False,0.33857453,0.6424915,0.01893313,8.331166e-07,3.535461e-09,4.867851e-09
20005,2025-07-08,0,None,0,None,0,None,True,0.632246,0.36762702,0.00012667435,1.5305008e-07,6.690318e-08,4.6607e-08
20005,2025-07-15,0,None,0,None,0,None,True,0.6503884,0.3494597,0.00015061777,3.7999925e-07,4.130144e-07,4.8010764e-07
20005,2025-07-22,0,None,0,None,0,None,True,0.70118856,0.29871604,9.360166e-05,5.6367975e-07,7.0455e-07,5.42325e-07
20005,2025-07-29,0,None,0,None,0,None,True,0.8170358,0.18295628,7.1345225e-06,1.8222134e-07,3.7026462e-07,2.5258743e-07
20005,2025-08-05,0,None,0,None,0,None,True,0.7643439,0.23564799,7.322751e-06,1.6746938e-07,3.350319e-07,2.8129045e-07
20005,2025-08-12,0,None,0,None,0,None,True,0.77137727,0.228595,2.4078861e-05,1.0271664e-06,1.495221e-06,1.1797754e-06
20005,2025-08-19,0,None,0,None,0,None,True,0.7744398,0.22555393,5.3207505e-06,2.7437596e-07,3.895197e-07,2.3985396e-07
20005,2025-08-26,1,D0,0,None,0,None,False,0.76060796,0.239385,5.969507e-06,3.2343036e-07,5.068548e-07,2.2477735e-07
20005,2025-09-02,1,D0,1,D0,1,D0,True,0.25391883,0.646543,0.09951999,1.8045841e-05,5.8379797e-08,8.3128704e-08
20005,2025-09-09,1,D0,1,D0,1,D0,True,0.29843423,0.6776923,0.023869853,3.6190334e-06,1.9773315e-08,1.2997297e-08
20005,2025-09-16,1,D0,1,D0,1,D0,True,0.16605078,0.7222843,0.11164666,1.8186565e-05,4.906873e-08,4.293342e-08
20005,2025-09-23,1,D0,1,D0,1,D0,True,0.35963538,0.63695216,0.0034120656,4.1761226e-07,7.5652045e-09,4.0512007e-09
20005,2025-09-30,1,D0,1,D0,1,D0,True,0.26133475,0.7027828,0.03587868,3.8009102e-06,2.3978531e-08,2.3796424e-08
20005,2025-10-07,1,D0,1,D0,1,D0,True,0.23103121,0.7221643,0.046799142,5.428353e-06,3.2155086e-08,2.3641842e-08
20005,2025-10-14,1,D0,1,D0,1,D0,True,0.019822253,0.6788462,0.3008856,0.0004455675,3.596241e-07,5.5908586e-08
20005,2025-10-21,1,D0,1,D0,1,D0,True,0.05926877,0.7524384,0.18805248,0.00023981297,3.2600704e-07,5.5129128e-08
20005,2025-10-28,1,D0,1,D0,1,D0,True,0.2156045,0.7513856,0.032992586,1.708276e-05,1.9099039e-07,3.0116738e-08
20005,2025-11-04,1,D0,1,D0,1,D0,True,0.0015216534,0.6241968,0.3740997,0.00018175012,3.9690224e-08,2.2429567e-09
20005,2025-11-11,1,D0,1,D0,1,D0,True,0.0005564772,0.55193925,0.4471565,0.00034778,1.6637914e-08,7.904471e-10
20005,2025-11-18,1,D0,1,D0,1,D0,True,0.003419359,0.6371669,0.35922012,0.0001935964,2.1326878e-08,1.8606985e-09
20005,2025-11-25,1,D0,1,D0,1,D0,True,0.30263624,0.6833184,0.014039736,5.617444e-06,4.562174e-08,7.3226336e-09
20005,2025-12-02,1,D0,1,D0,1,D0,True,0.023791237,0.8626254,0.11357249,1.0790361e-05,2.8640719e-09,4.3701856e-10
20005,2025-12-09,1,D0,1,D0,1,D0,True,0.0013134602,0.62077653,0.37785685,5.3136984e-05,8.111316e-10,8.9671263e-11
20005,2025-12-16,1,D0,1,D0,1,D0,True,0.005639688,0.6909762,0.30333632,4.774107e-05,2.1083628e-09,4.914521e-10
20005,2025-12-23,1,D0,1,D0,1,D0,True,0.0033974426,0.75535965,0.24123654,6.4324513e-06,2.1952956e-10,6.742717e-11
20005,2025-12-30,1,D0,1,D0,1,D0,True,0.000104197585,0.56461877,0.4352314,4.5619166e-05,1.8920898e-10,1.6911313e-11
20007,2022-01-04,2,D1,2,D1,2,D1,True,3.2025494e-06,0.028707702,0.89121693,0.08007195,1.5571977e-07,1.254656e-09
20007,2022-01-11,2,D1,2,D1,2,D1,True,6.1549567e-06,0.016163267,0.7296967,0.25413308,8.236191e-07,3.0328768e-09
20007,2022-01-18,2,D1,2,D1,2,D1,True,1.2555016e-05,0.0266095,0.7227574,0.25061962,8.783713e-07,3.2939422e-09
20007,2022-01-25,2,D1,2,D1,2,D1,True,4.5733223e-06,0.0122040175,0.65242267,0.33536744,1.2226578e-06,2.0734605e-09
20007,2022-02-01,2,D1,2,D1,2,D1,True,2.421538e-06,0.0069370833,0.60866064,0.38439822,1.7178272e-06,2.5615337e-09
20007,2022-02-08,2,D1,2,D1,2,D1,True,6.3186912e-06,0.019526036,0.61829853,0.36216685,2.2859301e-06,4.584325e-09
20007,2022-02-15,2,D1,2,D1,2,D1,True,2.8325937e-06,0.007048088,0.5930621,0.39988428,2.6713724e-06,4.4570374e-09
20007,2022-02-22,2,D1,2,D1,2,D1,True,3.6588863e-06,0.010513853,0.58835137,0.40112877,2.361832e-06,3.7210959e-09
20007,2022-03-01,2,D1,2,D1,2,D1,True,3.7862294e-06,0.005589871,0.5933934,0.40100974,3.2294417e-06,9.84232e-09
20007,2022-03-08,3,D2,2,D1,2,D1,False,2.1837941e-05,0.046068642,0.7223018,0.23160689,7.894366e-07,1.7608633e-09
20007,2022-03-15,3,D2,3,D2,3,D2,True,3.6425695e-07,2.9887976e-06,0.060504984,0.9350199,0.004471698,5.4360925e-08
20007,2022-03-22,3,D2,3,D2,3,D2,True,3.854737e-06,0.00044598142,0.25330594,0.74594414,0.0003001435,3.5151924e-09
20007,2022-03-29,3,D2,3,D2,3,D2,True,4.905455e-06,5.2406303e-05,0.10461848,0.8917658,0.0035583307,1.12574014e-07
20007,2022-04-05,3,D2,3,D2,3,D2,True,9.876353e-06,6.161781e-05,0.12845317,0.85305417,0.01842041,6.762179e-07
20007,2022-04-12,3,D2,3,D2,3,D2,True,8.590858e-06,3.662737e-05,0.11907524,0.79918647,0.081687964,5.135749e-06
20007,2022-04-19,3,D2,3,D2,3,D2,True,5.8120977e-06,6.048065e-06,0.019875519,0.68307835,0.29693386,0.000100374404
20007,2022-04-26,3,D2,3,D2,3,D2,True,5.3540907e-06,9.880001e-06,0.031959683,0.70785475,0.26015157,1.8800998e-05
20007,2022-05-03,3,D2,3,D2,3,D2,True,1.1593732e-05,0.00019696257,0.16974013,0.809402,0.020646678,2.6261284e-06
20007,2022-05-10,3,D2,3,D2,3,D2,True,7.0215365e-06,0.00018533993,0.16445495,0.8284901,0.006861899,7.2743836e-07
20007,2022-05-17,3,D2,3,D2,3,D2,True,4.932165e-06,1.924841e-05,0.07655019,0.8705947,0.052825123,5.9185973e-06
20007,2022-05-24,2,D1,3,D2,3,D2,False,1.9624893e-05,5.819107e-05,0.1061515,0.68560225,0.20812222,4.623469e-05
20007,2022-05-31,2,D1,2,D1,2,D1,True,0.004724704,0.35681742,0.57063174,0.06780505,2.0332647e-05,7.228673e-07
20007,2022-06-07,1,D0,1,D0,1,D0,True,0.17837556,0.7309981,0.09062011,6.2939534e-06,6.0051617e-09,2.4210545e-08
20007,2022-06-14,1,D0,1,D0,1,D0,True,0.3097393,0.6883148,0.0019458982,1.0442988e-08,7.2485275e-11,1.7342075e-10
20007,2022-06-21,2,D1,1,D0,1,D0,False,0.2834449,0.71377206,0.002783045,7.621227e-09,3.7378448e-11,6.420588e-11
20007,2022-06-28,1,D0,1,D0,1,D0,True,0.059562895,0.651905,0.28851485,1.726401e-05,1.1540191e-09,2.7420564e-09
20007,2022-07-05,1,D0,1,D0,1,D0,True,0.3382216,0.6607391,0.0010391936,9.851106e-09,1.657959e-10,2.345946e-10
20007,2022-07-12,1,D0,1,D0,1,D0,True,0.24166736,0.7003081,0.058024153,4.0846302e-07,4.2137138e-10,8.216351e-10
20007,2022-07-19,1,D0,1,D0,1,D0,True,0.0041546673,0.57260865,0.42315924,7.738636e-05,7.4385533e-09,4.780957e-09
20007,2022-07-26,2,D1,1,D0,1,D0,False,0.03060798,0.55789876,0.4114306,6.274538e-05,5.652745e-09,1.0567305e-08
20007,2022-08-02,2,D1,2,D1,2,D1,True,0.00040502474,0.19806086,0.73853976,0.06298542,8.887237e-06,1.3733121e-08
20007,2022-08-09,3,D2,2,D1,2,D1,False,2.2012139e-06,0.004258954,0.63023937,0.36548644,1.3058732e-05,3.038848e-10
20007,2022-08-16,3,D2,3,D2,3,D2,True,1.6478081e-07,7.2559726e-07,0.06696787,0.853756,0.07927469,5.0678824e-07
20007,2022-08-23,3,D2,3,D2,3,D2,True,2.2326997e-06,6.700045e-06,0.065359846,0.6360301,0.298581,2.0158388e-05
20007,2022-08-30,3,D2,3,D2,3,D2,True,5.7812017e-06,3.1559226e-05,0.15128589,0.68449414,0.16417213,1.0429491e-05
20007,2022-09-06,4,D3,4,D3,4,D3,True,6.518001e-06,1.5665895e-06,0.0009895252,0.23872617,0.7522927,0.007983545
20007,2022-09-13,4,D3,4,D3,4,D3,True,5.3101184e-07,2.8681148e-07,9.985995e-06,0.008129779,0.86137754,0.13048193
20007,2022-09-20,4,D3,4,D3,4,D3,True,3.6543615e-06,1.4846935e-06,9.246487e-05,0.042042736,0.745031,0.21282867
20007,2022-09-27,4,D3,4,D3,4,D3,True,1.0401097e-07,3.185944e-08,5.6193085e-06,0.0127838,0.8512831,0.1359274
20007,2022-10-04,4,D3,5,D4,5,D4,False,5.7951133e-09,3.2998912e-09,4.7956046e-08,0.00014366591,0.3446976,0.65515876
20007,2022-10-11,4,D3,5,D4,5,D4,False,3.0052885e-08,2.3819036e-08,2.4727845e-07,0.00023077845,0.3026574,0.69711155
20007,2022-10-18,4,D3,5,D4,5,D4,False,5.77528e-09,3.8834673e-09,8.5304315e-08,0.000114700604,0.39930755,0.6005777
20007,2022-10-25,5,D4,5,D4,5,D4,True,9.129679e-09,6.062441e-09,1.3402743e-07,0.00013187084,0.469899,0.52996904
20007,2022-11-01,5,D4,5,D4,5,D4,True,2.5724278e-09,4.496893e-09,3.8804995e-09,1.3295385e-06,0.027343106,0.9726556
20007,2022-11-08,5,D4,5,D4,5,D4,True,3.6146614e-07,4.3217128e-07,2.7784397e-06,0.00036507973,0.23914708,0.7604842
20007,2022-11-15,5,D4,5,D4,5,D4,True,1.8511042e-08,3.5142993e-08,4.6277133e-08,1.23804e-05,0.068575725,0.93141174
20007,2022-11-22,5,D4,5,D4,5,D4,True,6.1990812e-09,1.3149614e-08,1.236402e-08,5.701934e-06,0.05079772,0.94919664
20007,2022-11-29,5,D4,5,D4,5,D4,True,5.783859e-07,7.953376e-07,6.171339e-06,0.0009385884,0.36436012,0.6346938
20007,2022-12-06,5,D4,5,D4,5,D4,True,1.411011e-08,2.9149602e-08,3.4406817e-08,1.7153132e-05,0.081030026,0.91895276
20007,2022-12-13,5,D4,5,D4,5,D4,True,1.2747411e-08,2.7496387e-08,3.2920916e-08,1.8931643e-05,0.08136727,0.91861373
20007,2022-12-20,5,D4,5,D4,5,D4,True,1.04256515e-07,1.476156e-07,5.023338e-07,0.0003296053,0.32254088,0.67712873
20007,2022-12-27,5,D4,5,D4,5,D4,True,8.487885e-09,1.4820945e-08,1.7660534e-08,2.9562168e-05,0.1601019,0.83986855
20007,2023-01-03,5,D4,5,D4,5,D4,True,1.9687423e-07,2.5508803e-07,7.6994155e-07,0.00041388063,0.39357305,0.60601187
20007,2023-01-10,5,D4,5,D4,5,D4,True,2.2603592e-09,5.8323306e-09,2.9483278e-09,3.7586449e-06,0.06301754,0.9369787
20007,2023-01-17,5,D4,5,D4,5,D4,True,2.1067725e-08,4.8054368e-08,5.235739e-08,3.322738e-05,0.16777046,0.83219624
20007,2023-01-24,5,D4,5,D4,5,D4,True,1.8177116e-07,3.4187573e-07,7.359472e-07,0.00023170083,0.30002332,0.6997436
20007,2023-01-31,5,D4,5,D4,5,D4,True,8.409479e-09,2.4335908e-08,1.4551604e-08,8.905408e-06,0.08890389,0.91108716
20007,2023-02-07,5,D4,5,D4,5,D4,True,2.0717514e-09,7.1329334e-09,3.2715366e-09,2.264277e-06,0.046158955,0.9538388
20007,2023-02-14,5,D4,5,D4,5,D4,True,6.5102395e-09,2.3242311e-08,3.1282752e-08,1.2020472e-05,0.0907045,0.90928346
20007,2023-02-21,5,D4,5,D4,5,D4,True,2.5120128e-08,7.013339e-08,2.1251225e-07,5.750436e-05,0.16515063,0.83479154
20007,2023-02-28,5,D4,5,D4,5,D4,True,1.4285819e-09,4.987849e-09,9.290347e-09,4.9709697e-06,0.05972217,0.9402729
20007,2023-03-07,5,D4,5,D4,5,D4,True,1.5832711e-09,5.195309e-09,1.0154165e-08,3.4383083e-06,0.07118609,0.92881054
20007,2023-03-14,5,D4,5,D4,5,D4,True,5.9182526e-09,1.6843593e-08,5.1284708e-08,1.0782092e-05,0.14540033,0.8545888
20007,2023-03-21,5,D4,5,D4,5,D4,True,7.4902945e-10,2.3735651e-09,3.795493e-09,1.4124513e-06,0.06811425,0.9318843
20007,2023-03-28,5,D4,5,D4,5,D4,True,7.657479e-10,2.49024e-09,4.4510333e-09,1.2534479e-06,0.06873902,0.93125975
20007,2023-04-04,5,D4,5,D4,5,D4,True,4.1834694e-10,1.2978542e-09,2.0089903e-09,7.0498095e-07,0.06558158,0.9344177
20007,2023-04-11,5,D4,5,D4,5,D4,True,2.7516942e-10,8.047118e-10,1.1908396e-09,4.6310043e-07,0.061740138,0.9382594
20007,2023-04-18,5,D4,5,D4,5,D4,True,1.8627733e-09,4.287451e-09,2.059427e-08,4.2954543e-06,0.17206264,0.827933
20007,2023-04-25,5,D4,5,D4,5,D4,True,9.829151e-10,2.1247357e-09,5.2354916e-09,1.5765041e-06,0.11983882,0.8801597
20007,2023-05-02,5,D4,5,D4,5,D4,True,1.32199345e-08,2.3004029e-08,1.4853488e-07,2.5459804e-05,0.3255744,0.6744
20007,2023-05-09,5,D4,5,D4,5,D4,True,7.9600095e-09,1.5694061e-08,4.3562483e-08,1.5024365e-05,0.22306661,0.77691835
20007,2023-05-16,5,D4,4,D3,4,D3,False,2.830207e-06,5.4197258e-06,0.00010252687,0.0041416506,0.6892657,0.30648187
20007,2023-05-23,5,D4,5,D4,5,D4,True,5.2747772e-08,8.869483e-08,1.8041055e-07,3.0003446e-05,0.19790356,0.8020661
20007,2023-05-30,5,D4,5,D4,5,D4,True,3.6808652e-07,5.4821993e-07,3.7117684e-06,0.00029769368,0.25548887,0.74420875
20007,2023-06-06,4,D3,5,D4,5,D4,False,5.143576e-06,6.4827027e-06,4.817671e-05,0.0020175728,0.31976354,0.67815906
20007,2023-06-13,4,D3,4,D3,4,D3,True,1.1011946e-06,3.575799e-07,0.00040301838,0.17977281,0.8177854,0.0020373145
20007,2023-06-20,4,D3,4,D3,4,D3,True,6.612785e-07,3.837672e-07,0.0010271441,0.31869385,0.680102,0.00017593995
20007,2023-06-27,4,D3,4,D3,4,D3,True,2.416079e-07,1.4123377e-07,0.00056802336,0.32326287,0.676057,0.000111768124
20007,2023-07-04,4,D3,4,D3,4,D3,True,6.658397e-07,3.8371306e-07,0.00085985486,0.40398368,0.5950233,0.00013215047
20007,2023-07-11,2,D1,4,D3,4,D3,False,2.900627e-07,1.5170129e-07,0.00063906197,0.33931553,0.6599535,9.142146e-05
20007,2023-07-18,2,D1,2,D1,2,D1,True,0.00073434325,0.12961148,0.6452861,0.22395183,0.00040210402,1.4097361e-05
20007,2023-07-25,1,D0,2,D1,2,D1,False,0.0006479867,0.09700968,0.8289818,0.073339894,1.8769673e-05,1.8672662e-06
20007,2023-08-01,1,D0,1,D0,1,D0,True,0.2316954,0.7591083,0.009195048,9.361952e-07,1.0525025e-07,2.4597395e-07
20007,2023-08-08,1,D0,1,D0,1,D0,True,0.23900476,0.759263,0.0017321422,7.693451e-08,3.0576594e-08,2.7030879e-08
20007,2023-08-15,1,D0,1,D0,1,D0,True,0.24129607,0.7568445,0.0018591456,9.339984e-08,8.522867e-08,7.373591e-08
20007,2023-08-22,1,D0,1,D0,1,D0,True,0.1070392,0.8141013,0.0788576,1.0977758e-06,1.6521116e-07,6.863713e-07
20007,2023-08-29,1,D0,1,D0,1,D0,True,0.0591962,0.6795545,0.26122344,1.9342122e-05,8.964671e-07,5.5864966e-06
20007,2023-09-05,1,D0,1,D0,1,D0,True,0.04451349,0.7110711,0.24440856,6.062489e-06,9.924239e-08,6.864491e-07
20007,2023-09-12,1,D0,1,D0,1,D0,True,0.101142,0.69324607,0.20560886,2.868094e-06,2.023246e-08,1.4049037e-07
20007,2023-09-19,0,None,1,D0,1,D0,False,0.022895295,0.6913031,0.28579646,5.062137e-06,1.5951812e-08,1.414952e-07
20007,2023-09-26,0,None,0,None,0,None,True,0.5902296,0.4096302,0.00013594588,5.03364e-07,7.0214384e-07,3.1422862e-06
20007,2023-10-03,0,None,0,None,0,None,True,0.5615238,0.43812126,0.00034167737,1.975201e-06,1.9351212e-06,9.364174e-06
20007,2023-10-10,0,None,1,D0,1,D0,False,0.4858965,0.5123407,0.0017583474,1.2720221e-06,5.749034e-07,2.5566146e-06
20007,2023-10-17,0,None,0,None,0,None,True,0.5019543,0.49565238,0.0023797436,5.3515237e-06,2.0548998e-06,6.1615397e-06
20007,2023-10-24,0,None,1,D0,1,D0,False,0.40994152,0.58243275,0.0076230243,1.8965844e-06,2.1548017e-07,6.026795e-07
20007,2023-10-31,0,None,0,None,0,None,True,0.68523544,0.311889,0.0027083033,0.00011369141,3.920588e-05,1.4342044e-05
20007,2023-11-07,0,None,0,None,0,None,True,0.67966527,0.32023498,9.624201e-05,2.098007e-06,9.3328566e-07,4.391535e-07
20007,2023-11-14,0,None,1,D0,1,D0,False,0.41838253,0.5720694,0.0095423255,4.9099986e-06,3.3309718e-07,4.976101e-07
20007,2023-11-21,0,None,1,D0,1,D0,False,0.44039539,0.53943455,0.020151678,1.664026e-05,9.3973136e-07,7.1241556e-07
20007,2023-11-28,0,None,1,D0,1,D0,False,0.4311776,0.5620978,0.006722312,2.1542826e-06,6.604903e-08,4.7588582e-08
20007,2023-12-05,0,None,1,D0,0,None,True,0.49529833,0.50164837,0.0030506498,2.308438e-06,1.743622e-07,1.346904e-07
20007,2023-12-12,0,None,1,D0,1,D0,False,0.39394417,0.5988573,0.0071974187,1.0548097e-06,3.4878184e-08,4.612913e-08
20007,2023-12-19,0,None,0,None,0,None,True,0.68440574,0.31518307,0.00040287463,5.0614976e-06,2.460189e-06,8.1819957e-07
20007,2023-12-26,0,None,0,None,0,None,True,0.87859106,0.12136077,3.6153062e-05,6.818199e-06,4.7679387e-06,4.407846e-07
20007,2024-01-02,0,None,0,None,0,None,True,0.72759986,0.27201688,0.0003758652,6.437879e-06,8.464769e-07,1.4648276e-07
20007,2024-01-09,0,None,0,None,0,None,True,0.88613224,0.11377376,6.2608386e-05,1.8327471e-05,1.1745384e-05,1.2932259e-06
20007,2024-01-16,0,None,0,None,0,None,True,0.9126359,0.087342456,1.0938764e-05,4.7704643e-06,5.3583776e-06,4.979107e-07
20007,2024-01-23,0,None,0,None,0,None,True,0.8829545,0.117019765,1.6463375e-05,3.973069e-06,4.7749995e-06,5.8412115e-07
20007,2024-01-30,0,None,0,None,0,None,True,0.94338703,0.056599766,3.9828064e-06,3.5830653e-06,5.3250733e-06,3.438652e-07
20007,2024-02-06,0,None,0,None,0,None,True,0.9509195,0.049064133,4.1512353e-06,4.3796426e-06,7.2021176e-06,5.384102e-07
20007,2024-02-13,0,None,0,None,0,None,True,0.94087225,0.059105,6.9466096e-06,6.61582e-06,8.630597e-06,5.767227e-07
20007,2024-02-20,0,None,0,None,0,None,True,0.9140209,0.08592219,2.4277297e-05,1.543028e-05,1.570586e-05,1.4258289e-06
20007,2024-02-27,0,None,0,None,0,None,True,0.8473891,0.15253782,4.6179113e-05,1.3403243e-05,1.1476324e-05,2.0286263e-06
20007,2024-03-05,0,None,0,None,0,None,True,0.7898761,0.21004045,6.716312e-05,8.4471785e-06,6.5021495e-06,1.4120395e-06
20007,2024-03-12,1,D0,0,None,0,None,False,0.70624214,0.29351526,0.00021735684,1.3309184e-05,8.969685e-06,2.911139e-06
20007,2024-03-19,1,D0,1,D0,1,D0,True,0.0042612865,0.64058197,0.35512194,3.485784e-05,8.6828065e-09,1.2878004e-09
20007,2024-03-26,2,D1,2,D1,1,D0,False,0.0016420438,0.49486867,0.5028528,0.00063649775,4.7648587e-08,2.9811054e-09
20007,2024-04-02,2,D1,2,D1,2,D1,True,1.532975e-06,0.017044818,0.59974205,0.38319668,1.4901007e-05,9.53758e-10
20007,2024-04-09,2,D1,2,D1,2,D1,True,4.090255e-06,0.0071489336,0.5025272,0.49026954,5.0222716e-05,5.52333e-09
20007,2024-04-16,3,D2,3,D2,3,D2,True,4.9111477e-06,0.0040573603,0.48156002,0.51425,0.000127694,1.7053726e-08
20007,2024-04-23,3,D2,3,D2,3,D2,True,3.442793e-09,3.778198e-09,0.0011398627,0.73037994,0.26847994,2.6042025e-07
20007,2024-04-30,3,D2,3,D2,3,D2,True,1.2406825e-05,0.000367344,0.2106292,0.77247506,0.016515914,8.740545e-08
20007,2024-05-07,3,D2,3,D2,3,D2,True,7.969149e-07,0.00010188751,0.2222145,0.7757429,0.0019399473,1.133436e-09
20007,2024-05-14,3,D2,3,D2,3,D2,True,8.1121914e-07,2.7971102e-05,0.13136789,0.86354417,0.0050591105,3.6540488e-09
20007,2024-05-21,3,D2,3,D2,3,D2,True,2.98329e-06,0.00013051387,0.22521,0.76838,0.0062764976,1.111798e-08
20007,2024-05-28,3,D2,3,D2,3,D2,True,1.7548973e-06,6.8615955e-05,0.20055737,0.79522926,0.0041429396,7.299395e-09
20007,2024-06-04,3,D2,3,D2,3,D2,True,3.0071e-06,0.00035424271,0.35635915,0.6423801,0.0009035064,4.1382715e-09
20007,2024-06-11,3,D2,3,D2,3,D2,True,3.1880004e-06,0.0003602117,0.36293048,0.6358167,0.0008894613,4.304637e-09
20007,2024-06-18,3,D2,3,D2,3,D2,True,3.2255375e-06,0.00045979646,0.37053922,0.6284346,0.00056316046,2.6726272e-09
20007,2024-06-25,2,D1,3,D2,3,D2,False,4.774408e-06,0.00084642257,0.4193752,0.57902753,0.0007460491,2.3854239e-09
20007,2024-07-02,1,D0,2,D1,2,D1,False,0.00036378892,0.17824605,0.7928339,0.028555555,6.453252e-07,1.0598321e-09
20007,2024-07-09,1,D0,1,D0,1,D0,True,0.38958186,0.5881548,0.02226162,1.7141101e-06,8.236971e-09,1.9873498e-08
20007,2024-07-16,1,D0,1,D0,1,D0,True,0.11258711,0.65137583,0.2360303,6.7795927e-06,1.5205222e-09,2.8049216e-09
20007,2024-07-23,1,D0,1,D0,1,D0,True,0.2190023,0.6019707,0.17901553,1.1488919e-05,1.11602185e-08,2.5395295e-08
20007,2024-07-30,2,D1,1,D0,1,D0,False,0.020274235,0.57046413,0.40921363,4.8036385e-05,9.84561e-09,1.3047845e-08
20007,2024-08-06,2,D1,2,D1,2,D1,True,2.136703e-05,0.19658007,0.7890561,0.014342368,6.3603046e-08,4.3773273e-11
20007,2024-08-13,2,D1,2,D1,2,D1,True,0.00014967349,0.12103734,0.8473813,0.03143072,9.160539e-07,1.5467289e-09
20007,2024-08-20,3,D2,2,D1,2,D1,False,0.00023267351,0.11594281,0.79491746,0.088897295,9.800396e-06,1.6919353e-08
20007,2024-08-27,3,D2,3,D2,3,D2,True,5.4335672e-08,5.4938454e-07,0.067558154,0.9149982,0.017442945,7.6625284e-08
20007,2024-09-03,3,D2,3,D2,3,D2,True,3.4002255e-08,3.4022822e-08,0.007514044,0.7803645,0.21211857,2.7296342e-06
20007,2024-09-10,3,D2,3,D2,3,D2,True,2.044465e-07,1.06619574e-07,0.0060420525,0.6406193,0.3532852,5.3206128e-05
20007,2024-09-17,3,D2,3,D2,3,D2,True,5.035917e-07,2.9727647e-07,0.010270479,0.6181592,0.37142926,0.00014032473
20007,2024-09-24,2,D1,3,D2,3,D2,False,7.697084e-06,6.669341e-05,0.20588045,0.7326284,0.06141251,4.197062e-06
20007,2024-10-01,2,D1,2,D1,2,D1,True,0.0002502511,0.04366909,0.6197495,0.3362053,0.00012374454,2.1676851e-06
20007,2024-10-08,2,D1,2,D1,2,D1,True,1.4750402e-05,0.0056291195,0.5971909,0.39712602,3.9036157e-05,1.2490574e-07
20007,2024-10-15,2,D1,2,D1,2,D1,True,4.7086458e-05,0.005316881,0.5706102,0.42367652,0.00034509672,4.097988e-06
20007,2024-10-22,2,D1,2,D1,2,D1,True,8.2008635e-05,0.016833084,0.5625916,0.42030695,0.00018520067,1.1723434e-06
20007,2024-10-29,2,D1,2,D1,2,D1,True,0.00018844886,0.03531816,0.58076704,0.3835739,0.0001488568,3.591243e-06
20007,2024-11-05,1,D0,1,D0,1,D0,True,0.22187392,0.5108675,0.2643662,0.0026130422,7.757556e-05,0.0002018255
20007,2024-11-12,0,None,1,D0,1,D0,False,0.40018794,0.59950435,0.00030751238,1.3271624e-07,2.2439737e-08,1.5032661e-08
20007,2024-11-19,0,None,0,None,0,None,True,0.911509,0.0884908,2.1627375e-08,1.1949103e-08,2.3165124e-07,1.4729276e-08
20007,2024-11-26,0,None,0,None,0,None,True,0.94509006,0.05490952,2.3209164e-08,2.3822947e-08,3.0906185e-07,7.1319803e-09
20007,2024-12-03,0,None,0,None,0,None,True,0.94191843,0.05808093,5.1859878e-08,3.2673633e-08,5.1782905e-07,1.3561812e-08
20007,2024-12-10,0,None,0,None,0,None,True,0.9352376,0.06476178,8.7202025e-08,2.2851156e-08,4.2599936e-07,1.1847586e-08
20007,2024-12-17,0,None,0,None,0,None,True,0.91183746,0.08816222,1.0996346e-07,7.735371e-09,1.6363926e-07,4.2231965e-09
20007,2024-12-24,0,None,0,None,0,None,True,0.9028571,0.097142495,1.656607e-07,6.1895173e-09,1.1931762e-07,3.5597207e-09
20007,2024-12-31,0,None,0,None,0,None,True,0.89816666,0.101833135,2.240847e-07,2.1486295e-09,3.8800255e-08,7.6984386e-10
20007,2025-01-07,0,None,0,None,0,None,True,0.91509926,0.08490063,1.4198937e-07,9.2681485e-10,2.2703935e-08,3.0909936e-10
20007,2025-01-14,0,None,0,None,0,None,True,0.9130919,0.08690805,1.4406253e-07,5.659811e-10,1.2353399e-08,1.2769102e-10
20007,2025-01-21,0,None,0,None,0,None,True,0.9038113,0.0961885,2.0629386e-07,4.3771578e-10,9.059444e-09,1.1010993e-10
20007,2025-01-28,0,None,0,None,0,None,True,0.85511136,0.14488804,5.813034e-07,5.433923e-10,6.7622286e-09,1.7140715e-10
20007,2025-02-04,0,None,0,None,0,None,True,0.86323345,0.1367661,5.4313386e-07,4.8472776e-10,6.9531754e-09,1.6527205e-10
20007,2025-02-11,0,None,0,None,0,None,True,0.7793116,0.22068766,7.048521e-07,3.459557e-10,4.238239e-09,1.7354321e-10
20007,2025-02-18,0,None,0,None,0,None,True,0.8053882,0.19461104,7.8987e-07,4.1908585e-10,4.8913025e-09,2.245782e-10
20007,2025-02-25,0,None,0,None,0,None,True,0.6952872,0.30471203,7.3054787e-07,2.6330876e-10,1.6834039e-09,3.0087674e-10
20007,2025-03-04,1,D0,0,None,0,None,False,0.5298083,0.47018468,7.050641e-06,6.8866696e-10,1.683225e-09,1.4802766e-09
20007,2025-03-11,2,D1,1,D0,1,D0,False,0.0040910426,0.7714311,0.22447664,1.3056708e-06,2.1536988e-09,4.0889194e-09
20007,2025-03-18,3,D2,2,D1,2,D1,False,2.2156311e-05,0.095622145,0.86106384,0.043282628,8.857621e-06,3.4620984e-07
20007,2025-03-25,3,D2,3,D2,3,D2,True,5.712089e-05,0.0035648386,0.4618095,0.5301994,0.004334337,3.4845947e-05
20007,2025-04-01,3,D2,3,D2,3,D2,True,4.4148233e-05,6.127318e-05,0.084099434,0.6521054,0.26307437,0.0006153673
20007,2025-04-08,3,D2,3,D2,3,D2,True,0.00023536241,0.0017570802,0.37865487,0.6010039,0.018266788,8.201088e-05
20007,2025-04-15,3,D2,4,D3,4,D3,False,6.920032e-06,3.6519355e-06,0.023117311,0.3932964,0.5824138,0.001161971
20007,2025-04-22,2,D1,2,D1,2,D1,True,0.00074573554,0.018268052,0.51531327,0.46052825,0.00510784,3.6935544e-05
20007,2025-04-29,1,D0,1,D0,1,D0,True,0.06613583,0.521722,0.40798494,0.0040234374,2.882033e-05,0.00010487158
20007,2025-05-06,1,D0,1,D0,1,D0,True,0.07663526,0.6872555,0.2360376,7.0693015e-05,1.6690275e-07,7.979916e-07
20007,2025-05-13,1,D0,1,D0,1,D0,True,0.020360645,0.54418886,0.4340034,0.001442177,1.5053317e-06,3.4355858e-06
20007,2025-05-20,1,D0,1,D0,1,D0,True,0.33319488,0.66175616,0.005047119,1.7668231e-06,6.7785265e-08,5.6124406e-08
20007,2025-05-27,0,None,1,D0,1,D0,False,0.37589556,0.6222596,0.0018432381,1.4178162e-06,8.5809305e-08,5.971489e-08
20007,2025-06-03,0,None,0,None,0,None,True,0.79846656,0.20153096,1.7485874e-06,1.3465835e-07,6.9429746e-07,3.1405644e-08
20007,2025-06-10,0,None,0,None,0,None,True,0.91091037,0.08908701,1.0136646e-06,2.2886078e-07,1.4094453e-06,3.0883356e-08
20007,2025-06-17,0,None,0,None,0,None,True,0.90539426,0.094601505,2.7395554e-06,3.7434194e-07,1.184476e-06,4.410849e-08
20007,2025-06-24,0,None,0,None,0,None,True,0.8809435,0.119047195,7.3365713e-06,5.2501235e-07,1.2300757e-06,2.067094e-07
20007,2025-07-01,0,None,0,None,0,None,True,0.8662496,0.13373123,1.5770882e-05,1.1071937e-06,1.6786296e-06,5.8771997e-07
20007,2025-07-08,0,None,0,None,0,None,True,0.815746,0.18423969,1.1627278e-05,6.338154e-07,1.2723525e-06,7.7983304e-07
20007,2025-07-15,0,None,0,None,0,None,True,0.7580245,0.24194819,2.343648e-05,7.6937795e-07,1.5669974e-06,1.5626799e-06
20007,2025-07-22,0,None,0,None,0,None,True,0.77971756,0.22025655,2.1641195e-05,8.9815563e-07,1.9654751e-06,1.3332086e-06
20007,2025-07-29,0,None,0,None,0,None,True,0.7913281,0.20866449,5.6528665e-06,2.655183e-07,8.6623726e-07,6.1115674e-07
20007,2025-08-05,0,None,0,None,0,None,True,0.7312099,0.26878273,6.2772397e-06,1.4429357e-07,4.4179654e-07,5.433397e-07
20007,2025-08-12,0,None,0,None,0,None,True,0.7488367,0.25113553,2.3981527e-05,6.0745714e-07,1.3683622e-06,1.8587749e-06
20007,2025-08-19,0,None,0,None,0,None,True,0.7745968,0.22539245,9.298959e-06,3.0462675e-07,6.7324953e-07,4.2958192e-07
20007,2025-08-26,0,None,0,None,0,None,True,0.80256885,0.19741583,1.1852858e-05,9.341203e-07,2.0899342e-06,3.8509728e-07
20007,2025-09-02,0,None,0,None,0,None,True,0.8765745,0.123400725,1.2995857e-05,3.6220592e-06,7.86735e-06,2.632423e-07
20007,2025-09-09,0,None,0,None,0,None,True,0.87465966,0.12533383,3.1639497e-06,8.8655014e-07,2.3938499e-06,7.361175e-08
20007,2025-09-16,0,None,0,None,0,None,True,0.8597364,0.14025432,4.9117352e-06,1.3556787e-06,2.884515e-06,1.0304146e-07
20007,2025-09-23,0,None,0,None,0,None,True,0.8833563,0.11663528,6.247655e-06,8.566984e-07,1.3769217e-06,5.6976805e-08
20007,2025-09-30,0,None,0,None,0,None,True,0.87504596,0.124951154,2.2298034e-06,2.3164016e-07,4.162868e-07,2.4298831e-08
20007,2025-10-07,0,None,0,None,0,None,True,0.86650383,0.13349171,3.2969085e-06,3.8310642e-07,7.342246e-07,3.1138356e-08
20007,2025-10-14,0,None,0,None,0,None,True,0.81931514,0.18067734,5.586457e-06,5.86345e-07,1.2254521e-06,6.723673e-08
20007,2025-10-21,0,None,0,None,0,None,True,0.81317395,0.1868241,1.436473e-06,9.9640545e-08,3.4719014e-07,3.7757083e-08
20007,2025-10-28,0,None,0,None,0,None,True,0.8324007,0.16759793,7.9179773e-07,7.155913e-08,2.8552955e-07,1.6300166e-07
20007,2025-11-04,0,None,0,None,0,None,True,0.76808107,0.23191814,4.330409e-07,2.3550818e-08,1.4503934e-07,1.2432783e-07
20007,2025-11-11,0,None,0,None,0,None,True,0.7019224,0.29807383,3.4218672e-06,3.734537e-08,9.260917e-08,1.7832848e-07
20007,2025-11-18,0,None,0,None,0,None,True,0.66903365,0.33096138,4.879111e-06,1.7776761e-08,3.4027817e-08,7.419823e-08
20007,2025-11-25,0,None,0,None,0,None,True,0.80402845,0.19596897,2.4305339e-06,2.3444136e-08,8.534974e-08,3.0821557e-08
20007,2025-12-02,0,None,0,None,0,None,True,0.8386181,0.16138162,2.8110307e-07,2.7614677e-09,2.5393646e-08,2.0952478e-09
20007,2025-12-09,0,None,0,None,0,None,True,0.8012854,0.19871391,6.3719193e-07,3.938139e-09,4.666482e-08,2.7539138e-09
20007,2025-12-16,0,None,0,None,0,None,True,0.81287247,0.18712637,1.0417311e-06,4.947615e-09,5.2286573e-08,3.1161516e-09
20007,2025-12-23,0,None,0,None,0,None,True,0.7157938,0.28420523,9.3575034e-07,1.3308504e-09,1.210123e-08,1.3047411e-09
20007,2025-12-30,0,None,0,None,0,None,True,0.63769543,0.36230186,2.6946605e-06,1.6141434e-09,1.0068279e-08,1.4473667e-09
20009,2022-01-04,2,D1,2,D1,2,D1,True,1.3538528e-06,0.1503529,0.8293826,0.020263117,7.422327e-08,3.957405e-11
20009,2022-01-11,2,D1,2,D1,2,D1,True,7.6566334e-07,0.02275614,0.7611039,0.21613786,1.3237706e-06,3.047424e-10
20009,2022-01-18,2,D1,2,D1,2,D1,True,2.4213905e-06,0.024185399,0.68002814,0.29578087,3.2037003e-06,6.2967415e-10
20009,2022-01-25,2,D1,2,D1,2,D1,True,1.0066375e-06,0.0080826385,0.60928226,0.38262925,4.8186903e-06,3.921788e-10
20009,2022-02-01,2,D1,2,D1,2,D1,True,5.019756e-07,0.0042282683,0.58183515,0.41393095,5.1770235e-06,3.172698e-10
20009,2022-02-08,2,D1,2,D1,2,D1,True,2.8211093e-06,0.015195699,0.60999143,0.37480208,7.95111e-06,1.3802319e-09
20009,2022-02-15,3,D2,2,D1,2,D1,False,1.2461699e-06,0.003707291,0.5581723,0.43810692,1.221655e-05,2.9436167e-09
20009,2022-02-22,3,D2,3,D2,3,D2,True,1.9291253e-08,1.3766675e-07,0.015294959,0.9816019,0.0031029808,2.2265292e-08
20009,2022-03-01,3,D2,3,D2,3,D2,True,8.781206e-09,7.778976e-09,0.0020528128,0.9771383,0.020808652,1.7803445e-07
20009,2022-03-08,3,D2,3,D2,3,D2,True,5.380021e-07,6.7895917e-07,0.02453776,0.96199554,0.013464754,6.9461424e-07
20009,2022-03-15,4,D3,3,D2,3,D2,False,1.7938358e-06,1.0227004e-06,0.015851524,0.91569436,0.06843623,1.5176171e-05
20009,2022-03-22,4,D3,4,D3,4,D3,True,1.0977413e-05,2.6496618e-06,0.0014638973,0.23087332,0.76178443,0.0058647124
20009,2022-03-29,4,D3,4,D3,4,D3,True,1.7249416e-05,6.0688744e-06,0.0038965403,0.2960459,0.69494486,0.0050893873
20009,2022-04-05,4,D3,4,D3,4,D3,True,1.227936e-05,4.6352407e-06,0.004814582,0.31981334,0.6715461,0.0038090968
20009,2022-04-12,4,D3,4,D3,4,D3,True,8.081741e-06,2.6169093e-06,0.00096026494,0.15275702,0.8200704,0.02620165
20009,2022-04-19,4,D3,4,D3,4,D3,True,7.1234595e-06,2.778754e-06,0.00018859043,0.033884995,0.8178082,0.14810833
20009,2022-04-26,4,D3,4,D3,4,D3,True,0.00015723564,7.581074e-05,0.006184531,0.18556193,0.6952176,0.11280288
20009,2022-05-03,4,D3,3,D2,3,D2,False,0.00010816568,0.000109130226,0.059671555,0.491783,0.44539806,0.0029301739
20009,2022-05-10,4,D3,3,D2,3,D2,False,8.328194e-05,0.000110590205,0.08562384,0.5572277,0.3561515,0.0008030819
20009,2022-05-17,4,D3,3,D2,3,D2,False,5.9348622e-05,5.2041585e-05,0.037763156,0.52257836,0.43762624,0.0019208455
20009,2022-05-24,4,D3,3,D2,3,D2,False,0.00021397894,0.00040339516,0.13212614,0.51629066,0.34880054,0.002165249
20009,2022-05-31,3,D2,3,D2,3,D2,True,5.7220117e-05,0.00031798918,0.24247117,0.5422202,0.21467352,0.0002599603
20009,2022-06-07,2,D1,2,D1,2,D1,True,0.0008457294,0.23317759,0.6292001,0.13677001,6.5044933e-06,3.127638e-08
20009,2022-06-14,2,D1,2,D1,2,D1,True,0.00046398715,0.2741025,0.7225803,0.002853194,3.2727407e-09,1.3083824e-10
20009,2022-06-21,2,D1,2,D1,2,D1,True,4.1119492e-05,0.13613713,0.86080873,0.0030129747,6.3369915e-10,2.5350657e-12
20009,2022-06-28,2,D1,2,D1,2,D1,True,0.00066241587,0.22338435,0.7736994,0.0022538204,7.90681e-09,1.7721286e-10
20009,2022-07-05,2,D1,2,D1,2,D1,True,5.1021463e-05,0.1447345,0.8516381,0.0035763483,2.1552995e-09,8.604962e-12
20009,2022-07-12,2,D1,2,D1,2,D1,True,6.739209e-05,0.11253299,0.8796773,0.0077222353,2.4546114e-08,4.9682137e-11
20009,2022-07-19,2,D1,2,D1,2,D1,True,1.6630527e-05,0.01536588,0.9149636,0.06965311,7.428781e-07,5.036864e-10
20009,2022-07-26,2,D1,2,D1,2,D1,True,0.00024122148,0.08625652,0.88803166,0.025469674,1.0340707e-06,6.8472703e-09
20009,2022-08-02,2,D1,2,D1,2,D1,True,0.010149615,0.3033998,0.66902775,0.017392257,2.747683e-05,3.03482e-06
20009,2022-08-09,2,D1,2,D1,2,D1,True,1.7332699e-05,0.015080244,0.7589117,0.2259765,1.4257814e-05,8.077169e-09
20009,2022-08-16,2,D1,2,D1,2,D1,True,6.350203e-06,0.0036017268,0.6551934,0.341179,1.9533885e-05,1.1840099e-08
20009,2022-08-23,2,D1,2,D1,2,D1,True,6.850613e-05,0.0074372906,0.5808465,0.41085592,0.00078897836,2.8620136e-06
20009,2022-08-30,2,D1,3,D2,2,D1,True,4.3319757e-05,0.002681304,0.48947364,0.5068019,0.0009987552,1.1462506e-06
20009,2022-09-06,2,D1,3,D2,3,D2,False,2.107947e-05,0.0012103784,0.44390878,0.5537497,0.001108186,1.8763734e-06
20009,2022-09-13,3,D2,2,D1,2,D1,False,0.00013460038,0.005228495,0.49775422,0.4941407,0.0027288324,1.3080331e-05
20009,2022-09-20,4,D3,3,D2,3,D2,False,6.4139215e-07,3.2496763e-07,0.0070222183,0.6598862,0.33296117,0.0001293797
20009,2022-09-27,4,D3,4,D3,4,D3,True,3.2347202e-07,7.690788e-08,8.470224e-06,0.009823034,0.94840723,0.04176079
20009,2022-10-04,4,D3,4,D3,4,D3,True,1.4588818e-07,6.6160034e-08,2.651397e-06,0.002204871,0.8811594,0.116632834
20009,2022-10-11,4,D3,4,D3,4,D3,True,9.780708e-07,4.532927e-07,1.6082531e-05,0.003748426,0.8140439,0.18219021
20009,2022-10-18,4,D3,4,D3,4,D3,True,2.6339913e-07,1.2549081e-07,4.485339e-06,0.0009840386,0.8021649,0.1968462
20009,2022-10-25,4,D3,4,D3,4,D3,True,1.2045115e-06,3.8786678e-07,2.6984073e-05,0.0024355354,0.9121146,0.08542126
20009,2022-11-01,4,D3,4,D3,4,D3,True,2.1247378e-07,8.9595275e-08,4.4385597e-06,0.00045592652,0.8859114,0.11362793
20009,2022-11-08,4,D3,4,D3,4,D3,True,1.3405213e-05,3.36949e-06,0.012201497,0.215306,0.7720786,0.00039712203
20009,2022-11-15,4,D3,4,D3,4,D3,True,2.6145644e-06,5.386923e-07,0.0006271317,0.045688737,0.9508373,0.0028437225
20009,2022-11-22,4,D3,4,D3,4,D3,True,2.871799e-07,7.315105e-08,3.6005007e-05,0.007142712,0.98267764,0.010143335
20009,2022-11-29,4,D3,4,D3,4,D3,True,4.978998e-06,1.631006e-06,0.0038175075,0.25311548,0.74261934,0.0004411371
20009,2022-12-06,4,D3,4,D3,4,D3,True,2.784249e-07,6.8524926e-08,0.00016422944,0.06862281,0.92934614,0.0018664829
20009,2022-12-13,4,D3,4,D3,4,D3,True,1.222241e-07,3.2838305e-08,4.7849382e-05,0.029500267,0.9627314,0.0077202716
20009,2022-12-20,4,D3,4,D3,4,D3,True,7.953833e-08,2.2715728e-08,0.00017296929,0.15624659,0.8433204,0.00025985736
20009,2022-12-27,4,D3,4,D3,4,D3,True,1.0566236e-08,2.3481495e-09,8.477898e-06,0.031327493,0.9672702,0.0013938503
20009,2023-01-03,4,D3,4,D3,4,D3,True,4.347104e-08,1.8489803e-08,0.00021670767,0.18944126,0.8102704,7.159373e-05
20009,2023-01-10,4,D3,4,D3,4,D3,True,2.3368654e-09,5.502936e-10,1.0183371e-06,0.0071774777,0.98701674,0.005804669
20009,2023-01-17,4,D3,4,D3,4,D3,True,4.4273e-08,1.43835415e-08,7.114072e-05,0.09522721,0.9036738,0.001027868
20009,2023-01-24,4,D3,4,D3,4,D3,True,6.615484e-08,3.1635125e-08,0.00032213723,0.1984986,0.800933,0.00024608013
20009,2023-01-31,4,D3,4,D3,4,D3,True,2.1180915e-08,5.2389058e-09,1.7750077e-05,0.0383151,0.9550666,0.0066004596
20009,2023-02-07,4,D3,4,D3,4,D3,True,2.9945397e-09,8.9321994e-10,7.51964e-07,0.0033444029,0.94883376,0.047821023
20009,2023-02-14,4,D3,4,D3,4,D3,True,1.3407812e-08,4.20646e-09,6.9450734e-06,0.010259844,0.9637836,0.025949663
20009,2023-02-21,4,D3,4,D3,4,D3,True,1.3980448e-07,4.6482825e-08,0.00010360353,0.04930075,0.94361615,0.006979351
20009,2023-02-28,4,D3,4,D3,4,D3,True,1.4184594e-08,4.274922e-09,5.4533866e-06,0.0081528565,0.978327,0.0135146165
20009,2023-03-07,4,D3,4,D3,4,D3,True,2.706388e-08,9.173085e-09,6.70916e-06,0.0077447686,0.97750425,0.014744285
20009,2023-03-14,5,D4,4,D3,4,D3,False,2.5387865e-07,1.3313021e-07,5.2233456e-05,0.01801997,0.9682102,0.013717147
20009,2023-03-21,5,D4,5,D4,5,D4,True,1.35435165e-08,4.0115985e-08,8.2388674e-08,1.9380137e-05,0.107966855,0.89201367
20009,2023-03-28,5,D4,5,D4,5,D4,True,5.944326e-09,2.2299186e-08,7.118748e-08,1.5208472e-05,0.081161804,0.91882294
20009,2023-04-04,5,D4,5,D4,5,D4,True,6.4673973e-09,2.4634346e-08,1.4092772e-07,2.7123833e-05,0.112094305,0.8878784
20009,2023-04-11,5,D4,5,D4,5,D4,True,7.820401e-09,2.7670524e-08,1.4036033e-07,3.227633e-05,0.13548116,0.8644864
20009,2023-04-18,5,D4,5,D4,5,D4,True,3.064581e-08,9.611653e-08,1.3496348e-06,0.00019231433,0.27985469,0.7199515
20009,2023-04-25,5,D4,5,D4,5,D4,True,1.827881e-08,5.5905147e-08,4.4124457e-07,8.0820464e-05,0.19914798,0.8007705
20009,2023-05-02,5,D4,5,D4,5,D4,True,1.880697e-07,4.995101e-07,9.415865e-06,0.0006980966,0.38700005,0.61229175
20009,2023-05-09,5,D4,5,D4,5,D4,True,4.709126e-08,1.4506819e-07,7.3047505e-07,0.000106094536,0.1654103,0.83448267
20009,2023-05-16,5,D4,4,D3,4,D3,False,5.8280834e-06,2.7393717e-05,0.0017694306,0.027986435,0.75591063,0.21430025
20009,2023-05-23,5,D4,5,D4,5,D4,True,7.289571e-08,1.8085687e-07,1.7540543e-06,0.00014047796,0.21829906,0.7815585
20009,2023-05-30,5,D4,5,D4,5,D4,True,5.373249e-07,9.4720684e-07,1.9354473e-05,0.0007148233,0.41133088,0.5879335
20009,2023-06-06,4,D3,4,D3,5,D4,False,1.3888266e-05,2.931296e-05,0.0006133055,0.010394722,0.53812724,0.45082152
20009,2023-06-13,4,D3,4,D3,4,D3,True,1.745306e-06,1.3290384e-06,0.0022474353,0.14003947,0.8418504,0.015859619
20009,2023-06-20,4,D3,4,D3,4,D3,True,1.5749732e-06,1.4100718e-06,0.005234693,0.29798463,0.6964146,0.0003631283
20009,2023-06-27,4,D3,4,D3,4,D3,True,7.430247e-07,5.1971955e-07,0.0011051141,0.18982336,0.80749166,0.0015786008
20009,2023-07-04,4,D3,4,D3,4,D3,True,4.3821697e-06,3.5283758e-06,0.0032423697,0.2569912,0.73584366,0.0039148717
20009,2023-07-11,4,D3,4,D3,4,D3,True,1.299938e-06,1.0851873e-06,0.0035350241,0.33251262,0.66348207,0.0004679994
20009,2023-07-18,4,D3,4,D3,4,D3,True,4.254411e-07,2.947425e-07,0.00025467886,0.083986826,0.89749676,0.018261075
20009,2023-07-25,4,D3,4,D3,4,D3,True,2.7039384e-06,1.79449e-06,0.0009571331,0.09807244,0.85741615,0.0435499
20009,2023-08-01,4,D3,4,D3,4,D3,True,1.7022191e-07,1.0009197e-07,2.2757844e-05,0.006343427,0.7405275,0.253106
20009,2023-08-08,4,D3,4,D3,4,D3,True,1.4776972e-06,7.558201e-07,0.000360151,0.037316527,0.8630026,0.099318504
20009,2023-08-15,3,D2,4,D3,4,D3,False,6.242324e-07,2.0777856e-07,0.00029528153,0.056394093,0.92678344,0.01652622
20009,2023-08-22,3,D2,3,D2,3,D2,True,9.791205e-07,1.1327004e-06,0.024527915,0.55467176,0.42070892,8.9306435e-05
20009,2023-08-29,3,D2,3,D2,3,D2,True,1.1726795e-06,1.3380534e-06,0.035040125,0.6414165,0.3234959,4.5028937e-05
20009,2023-09-05,3,D2,3,D2,3,D2,True,4.641965e-07,1.8774561e-07,0.0074821804,0.5187913,0.4735475,0.00017835482
20009,2023-09-12,3,D2,3,D2,3,D2,True,3.2661883e-06,1.6315656e-05,0.16338147,0.79887277,0.037724935,1.3307276e-06
20009,2023-09-19,3,D2,3,D2,3,D2,True,3.7862412e-07,1.5902174e-07,0.006720949,0.6611137,0.3320752,8.9655936e-05
20009,2023-09-26,3,D2,3,D2,3,D2,True,3.812078e-06,3.2156117e-05,0.1680306,0.809901,0.022031514,8.316261e-07
20009,2023-10-03,3,D2,3,D2,3,D2,True,2.549321e-07,2.5929165e-07,0.010703398,0.81715083,0.17213382,1.1433509e-05
20009,2023-10-10,3,D2,3,D2,3,D2,True,1.15321605e-07,5.2811675e-08,0.0035080127,0.6779379,0.31853074,2.313798e-05
20009,2023-10-17,3,D2,3,D2,3,D2,True,2.1911316e-07,2.394633e-07,0.008315614,0.673781,0.31789422,8.720882e-06
20009,2023-10-24,3,D2,3,D2,3,D2,True,5.1664983e-08,3.1893077e-08,0.00295785,0.6945164,0.30251533,1.0278406e-05
20009,2023-10-31,3,D2,3,D2,3,D2,True,1.572233e-06,0.00017178383,0.28399533,0.71421856,0.0016126797,3.4825504e-08
20009,2023-11-07,3,D2,3,D2,3,D2,True,4.4343512e-08,2.3584677e-07,0.022804406,0.96053725,0.016658023,1.4371189e-07
20009,2023-11-14,3,D2,3,D2,3,D2,True,1.733339e-07,4.6109227e-07,0.022218155,0.89285237,0.08492757,1.2391594e-06
20009,2023-11-21,3,D2,3,D2,3,D2,True,1.2067015e-06,2.8356215e-05,0.15702392,0.82841957,0.014526755,2.1020865e-07
20009,2023-11-28,3,D2,3,D2,3,D2,True,1.2787355e-07,1.8080358e-06,0.06407621,0.9277808,0.008140997,4.9649174e-08
20009,2023-12-05,3,D2,3,D2,3,D2,True,2.3188831e-07,4.304013e-06,0.090121746,0.9037229,0.0061508054,3.8399918e-08
20009,2023-12-12,3,D2,3,D2,3,D2,True,1.2489829e-07,1.3582891e-06,0.055073965,0.9358811,0.009043359,6.236193e-08
20009,2023-12-19,2,D1,3,D2,3,D2,False,1.2665669e-06,0.00040663363,0.3259487,0.6732964,0.0003470539,6.760424e-09
20009,2023-12-26,2,D1,2,D1,2,D1,True,0.0003462407,0.17553662,0.6640162,0.16007864,2.2233693e-05,1.1922708e-07
20009,2024-01-02,2,D1,2,D1,2,D1,True,4.821257e-06,0.04703664,0.7880965,0.16486137,7.1789094e-07,4.298366e-10
20009,2024-01-09,2,D1,2,D1,2,D1,True,0.00015964491,0.23135415,0.71516,0.053323574,2.6253108e-06,2.6747246e-08
20009,2024-01-16,2,D1,2,D1,2,D1,True,2.179235e-05,0.17146578,0.8136295,0.014882913,4.425046e-08,3.015798e-10
20009,2024-01-23,1,D0,2,D1,2,D1,False,5.4129428e-06,0.12933327,0.86124605,0.009415274,7.791162e-09,1.808521e-11
20009,2024-01-30,1,D0,1,D0,1,D0,True,0.15253979,0.8080023,0.03945484,3.0719282e-06,1.0955709e-08,1.4357373e-08
20009,2024-02-06,1,D0,1,D0,1,D0,True,0.23226102,0.7638181,0.0039208573,4.067036e-08,4.4826018e-10,3.219362e-10
20009,2024-02-13,0,None,1,D0,1,D0,False,0.16467802,0.82337916,0.011942805,4.1942034e-08,9.2785786e-11,7.389335e-11
20009,2024-02-20,0,None,0,None,0,None,True,0.7011978,0.2988013,9.540327e-07,5.8162377e-09,4.0099028e-08,5.2118723e-09
20009,2024-02-27,0,None,0,None,0,None,True,0.764269,0.2357285,2.2910963e-06,4.150111e-08,1.7393717e-07,1.9805105e-08
20009,2024-03-05,0,None,0,None,0,None,True,0.6938135,0.30618194,4.347613e-06,4.4751825e-08,1.3674574e-07,3.5033175e-08
20009,2024-03-12,0,None,0,None,0,None,True,0.7484428,0.25154272,1.27429e-05,5.1865516e-07,8.7959387e-07,2.8481276e-07
20009,2024-03-19,1,D0,0,None,0,None,False,0.7276685,0.2723055,2.3074355e-05,9.5189574e-07,1.3953211e-06,5.0047703e-07
20009,2024-03-26,1,D0,1,D0,1,D0,True,0.2437793,0.6708891,0.08532326,8.244127e-06,6.501873e-08,5.591096e-08
20009,2024-04-02,1,D0,1,D0,1,D0,True,0.13352197,0.67368585,0.19276862,2.3489949e-05,9.278815e-08,6.634021e-08
20009,2024-04-09,1,D0,2,D1,1,D0,True,0.00028466503,0.49613127,0.5032838,0.00030021305,1.5661646e-08,9.997081e-10
20009,2024-04-16,2,D1,2,D1,2,D1,True,0.00017573358,0.45898113,0.54011077,0.000732291,2.0227175e-08,1.1257768e-09
20009,2024-04-23,2,D1,2,D1,2,D1,True,7.0057393e-07,0.0146432435,0.6172794,0.36807412,2.5074835e-06,1.5730986e-10
20009,2024-04-30,3,D2,2,D1,2,D1,False,0.006079943,0.35153484,0.62232673,0.020050734,6.954587e-06,7.316363e-07
20009,2024-05-07,3,D2,3,D2,3,D2,True,3.064368e-07,2.3076025e-05,0.18879908,0.80858415,0.0025934237,5.074651e-09
20009,2024-05-14,3,D2,3,D2,3,D2,True,4.1864652e-07,7.903205e-06,0.09680519,0.89070547,0.012480967,3.4361126e-08
20009,2024-05-21,3,D2,3,D2,3,D2,True,1.5677753e-06,5.545906e-05,0.2051519,0.7856694,0.009121586,4.8875354e-08
20009,2024-05-28,3,D2,3,D2,3,D2,True,1.4538132e-06,4.969751e-05,0.20221056,0.7935962,0.0041419812,3.231038e-08
20009,2024-06-04,3,D2,3,D2,3,D2,True,2.6606835e-06,0.00022364313,0.33609873,0.6624128,0.0012620216,3.772718e-08
20009,2024-06-11,2,D1,3,D2,3,D2,False,1.3696504e-06,7.026366e-05,0.2936024,0.703858,0.0024678537,5.5725565e-08
20009,2024-06-18,2,D1,2,D1,2,D1,True,0.00021158576,0.17008588,0.7536442,0.07605711,1.1571971e-06,4.3944436e-08
20009,2024-06-25,2,D1,2,D1,2,D1,True,0.00042110964,0.25158718,0.72438174,0.023609314,5.469896e-07,6.884851e-08
20009,2024-07-02,2,D1,2,D1,2,D1,True,0.000916874,0.29553205,0.6924186,0.011131698,5.752511e-07,2.660344e-07
20009,2024-07-09,2,D1,2,D1,2,D1,True,0.00051345356,0.17080829,0.78069454,0.04798083,2.6339767e-06,2.6637665e-07
20009,2024-07-16,2,D1,2,D1,2,D1,True,1.7926706e-05,0.007884059,0.71506274,0.27703038,4.8995526e-06,4.361989e-08
20009,2024-07-23,2,D1,2,D1,2,D1,True,0.0002456075,0.042085446,0.78562057,0.17202634,2.128595e-05,7.3207696e-07
20009,2024-07-30,2,D1,2,D1,2,D1,True,2.0272213e-05,0.0030857597,0.60906583,0.38777044,5.727955e-05,3.4949295e-07
20009,2024-08-06,2,D1,2,D1,2,D1,True,3.7607846e-05,0.007646425,0.6655736,0.3267204,2.1742264e-05,2.4509143e-07
20009,2024-08-13,2,D1,2,D1,2,D1,True,0.00020074319,0.02103138,0.70538706,0.27330527,7.418381e-05,1.434911e-06
20009,2024-08-20,2,D1,2,D1,2,D1,True,0.00935612,0.24033763,0.7083132,0.041854825,8.9851055e-05,4.838865e-05
20009,2024-08-27,2,D1,2,D1,2,D1,True,0.00018870621,0.016598817,0.63654625,0.3464384,0.0002240446,3.7177795e-06
20009,2024-09-03,2,D1,2,D1,2,D1,True,0.00011429695,0.0072089345,0.55314326,0.439095,0.00043499493,3.5072458e-06
20009,2024-09-10,2,D1,2,D1,2,D1,True,2.1008418e-05,0.0018071231,0.5237502,0.4740069,0.0004135765,1.2513303e-06
20009,2024-09-17,2,D1,2,D1,2,D1,True,3.318286e-05,0.0048477896,0.5689713,0.42598847,0.00015835743,9.363489e-07
20009,2024-09-24,2,D1,2,D1,2,D1,True,0.00054258574,0.05136519,0.6064113,0.3412504,0.00042444223,6.1151986e-06
20009,2024-10-01,2,D1,2,D1,2,D1,True,8.032652e-06,0.0015503728,0.5305385,0.46768668,0.00021607932,2.9690372e-07
20009,2024-10-08,2,D1,2,D1,2,D1,True,5.460397e-06,0.0019949174,0.53264123,0.4651997,0.00015864465,7.8893954e-08
20009,2024-10-15,2,D1,2,D1,2,D1,True,7.433132e-06,0.0022306393,0.5261471,0.4710621,0.00055234076,3.1947604e-07
20009,2024-10-22,2,D1,2,D1,2,D1,True,6.9188804e-06,0.004857118,0.5498852,0.44508982,0.00016091614,4.9468664e-08
20009,2024-10-29,2,D1,2,D1,2,D1,True,1.2547917e-05,0.008366204,0.57791257,0.41356593,0.00014267315,1.2904246e-07
20009,2024-11-05,2,D1,1,D0,1,D0,False,0.04412519,0.476918,0.46079308,0.017975478,0.00013528991,5.2936964e-05
20009,2024-11-12,2,D1,1,D0,1,D0,False,0.22864453,0.65952367,0.111712195,0.00011369579,2.6598402e-06,3.2826856e-06
20009,2024-11-19,2,D1,1,D0,1,D0,False,0.24565253,0.6840883,0.07023271,2.5717192e-05,3.4250024e-07,4.1983463e-07
20009,2024-11-26,2,D1,1,D0,1,D0,False,0.007998338,0.599115,0.39201137,0.00087505596,1.6830681e-07,3.9260367e-08
20009,2024-12-03,2,D1,1,D0,1,D0,False,0.028174708,0.6623807,0.30929404,0.00015035961,7.19614e-08,5.0690115e-08
20009,2024-12-10,2,D1,1,D0,1,D0,False,0.0033752588,0.5724311,0.42401558,0.00017804267,1.01998e-08,2.7003029e-09
20009,2024-12-17,2,D1,1,D0,1,D0,False,0.002898654,0.6047889,0.39224574,6.6759574e-05,1.3463758e-09,4.3395507e-10
20009,2024-12-24,2,D1,2,D1,2,D1,True,8.018623e-05,0.42214748,0.57658964,0.0011826839,2.09761e-09,3.001763e-11
20009,2024-12-31,2,D1,1,D0,1,D0,False,0.00045566558,0.5205133,0.47879,0.00024101204,9.1860264e-10,6.8412526e-11
20009,2025-01-07,2,D1,2,D1,2,D1,True,0.0002797496,0.48146722,0.5178272,0.00042581407,1.1814171e-09,5.2796725e-11
20009,2025-01-14,2,D1,2,D1,1,D0,False,0.00015829536,0.48768887,0.51189405,0.0002587818,3.7341027e-10,2.3474708e-11
20009,2025-01-21,2,D1,2,D1,1,D0,False,0.00024441947,0.4829941,0.5164865,0.00027490975,1.0574387e-09,8.613079e-11
20009,2025-01-28,2,D1,1,D0,1,D0,False,0.0006416723,0.51379675,0.48542926,0.00013230302,1.3534459e-09,3.5838887e-10
20009,2025-02-04,2,D1,1,D0,1,D0,False,0.0034769748,0.58852637,0.40794381,5.277408e-05,2.4347284e-09,1.5747308e-09
20009,2025-02-11,2,D1,1,D0,1,D0,False,0.0030062266,0.62547624,0.37148273,3.481256e-05,1.3787456e-09,7.5269135e-10
20009,2025-02-18,2,D1,1,D0,1,D0,False,0.005513663,0.645188,0.34926477,3.3626442e-05,1.7909182e-09,8.390599e-10
20009,2025-02-25,2,D1,2,D1,2,D1,True,0.0009597086,0.47177958,0.5269189,0.00034176582,1.1418836e-08,1.8923778e-09
20009,2025-03-04,2,D1,2,D1,2,D1,True,0.000986807,0.41565573,0.5824648,0.00089259277,3.670864e-08,3.869748e-09
20009,2025-03-11,2,D1,2,D1,2,D1,True,0.0006544508,0.3385186,0.6556781,0.005148535,2.5421878e-07,7.1768618e-09
20009,2025-03-18,2,D1,2,D1,2,D1,True,6.441942e-05,0.05672863,0.7957461,0.14744541,1.5429741e-05,2.9425072e-08
20009,2025-03-25,2,D1,2,D1,2,D1,True,1.3400648e-05,0.027891004,0.70776623,0.26432076,8.61233e-06,4.3225112e-09
20009,2025-04-01,2,D1,2,D1,2,D1,True,3.665121e-05,0.06559019,0.73355335,0.20081207,7.7050445e-06,1.4472491e-08
20009,2025-04-08,2,D1,2,D1,2,D1,True,0.0001288177,0.17566794,0.748335,0.07586431,3.8500175e-06,3.7821636e-08
20009,2025-04-15,2,D1,2,D1,2,D1,True,3.3301706e-06,0.004632328,0.69647974,0.2988756,8.928756e-06,7.78421e-09
20009,2025-04-22,2,D1,2,D1,2,D1,True,0.0010497094,0.25007576,0.71608645,0.0327845,3.455996e-06,2.0163671e-07
20009,2025-04-29,2,D1,2,D1,2,D1,True,0.0020906294,0.32695836,0.6432049,0.02773894,6.533523e-06,6.4350365e-07
20009,2025-05-06,2,D1,2,D1,2,D1,True,4.3550073e-05,0.040197913,0.82108384,0.13866743,7.2119633e-06,9.198509e-09
20009,2025-05-13,2,D1,2,D1,2,D1,True,1.9627321e-05,0.010346162,0.7071111,0.28246692,5.6156667e-05,1.14705845e-08
20009,2025-05-20,2,D1,2,D1,2,D1,True,0.00096765347,0.16864833,0.7151229,0.11519857,6.230498e-05,2.3271369e-07
20009,2025-05-27,2,D1,2,D1,2,D1,True,0.0038889344,0.28740448,0.6503172,0.0583531,3.553507e-05,7.2081144e-07
20009,2025-06-03,2,D1,2,D1,2,D1,True,0.0046764878,0.33734998,0.64668363,0.011288164,1.68869e-06,1.1745588e-07
20009,2025-06-10,2,D1,2,D1,2,D1,True,0.027400304,0.3967578,0.5695744,0.006262911,3.4967002e-06,1.0355823e-06
20009,2025-06-17,1,D0,2,D1,2,D1,False,0.004796759,0.38629818,0.60584843,0.0030562796,2.9020364e-07,3.6460612e-08
20009,2025-06-24,1,D0,1,D0,1,D0,True,0.46055126,0.5331937,0.00624809,6.7034766e-06,1.14415045e-07,8.70306e-08
20009,2025-07-01,1,D0,1,D0,1,D0,True,0.45960012,0.538967,0.0014322272,6.215226e-07,1.5813798e-08,8.58616e-09
20009,2025-07-08,1,D0,1,D0,1,D0,True,0.34458208,0.64664257,0.008774884,4.3381115e-07,1.4364535e-09,1.4249922e-09
20009,2025-07-15,1,D0,1,D0,1,D0,True,0.33737084,0.6384054,0.024222158,1.57142e-06,4.2963872e-09,5.0331415e-09
20009,2025-07-22,1,D0,1,D0,1,D0,True,0.39308512,0.6023736,0.0045405217,7.2493236e-07,5.2897913e-09,3.4262686e-09
20009,2025-07-29,0,None,1,D0,1,D0,False,0.37645715,0.6174739,0.0060679163,1.0251787e-06,5.3254134e-09,3.8712296e-09
20009,2025-08-05,0,None,0,None,0,None,True,0.8110292,0.18896769,2.9423502e-06,8.7600235e-08,1.2029582e-07,1.4846712e-08
20009,2025-08-12,0,None,0,None,0,None,True,0.813827,0.18615516,1.6593038e-05,6.3568854e-07,5.972841e-07,8.623579e-08
20009,2025-08-19,0,None,0,None,0,None,True,0.7428328,0.25715634,1.0434834e-05,1.6297479e-07,1.5648489e-07,4.3399204e-08
20009,2025-08-26,0,None,0,None,0,None,True,0.73779434,0.2621943,1.0992845e-05,1.6537078e-07,1.7014234e-07,4.333715e-08
20009,2025-09-02,0,None,0,None,0,None,True,0.8310504,0.16893815,1.04009905e-05,4.438807e-07,5.014095e-07,5.1125966e-08
20009,2025-09-09,0,None,0,None,0,None,True,0.8447602,0.15523736,2.1516335e-06,1.0853271e-07,1.824458e-07,1.547378e-08
20009,2025-09-16,0,None,0,None,0,None,True,0.80468225,0.19531414,3.2297119e-06,1.4109237e-07,2.231508e-07,2.8903083e-08
20009,2025-09-23,0,None,0,None,0,None,True,0.85630435,0.14368895,5.779169e-06,4.069565e-07,5.1526666e-07,3.352282e-08
20009,2025-09-30,0,None,0,None,0,None,True,0.8584642,0.14153351,1.8505087e-06,1.7299072e-07,2.9106386e-07,1.685761e-08
20009,2025-10-07,0,None,0,None,0,None,True,0.85290855,0.14708863,2.027715e-06,2.424022e-07,5.441493e-07,2.0075344e-08
20009,2025-10-14,0,None,0,None,0,None,True,0.81506467,0.18492989,3.5142134e-06,5.564341e-07,1.3906573e-06,4.3088257e-08
20009,2025-10-21,0,None,0,None,0,None,True,0.85989416,0.14009522,4.0371297e-06,1.584989e-06,4.9431274e-06,7.109548e-08
20009,2025-10-28,0,None,0,None,0,None,True,0.8934374,0.10653673,3.87754e-06,4.9722985e-06,1.6758795e-05,3.6413215e-07
20009,2025-11-04,0,None,0,None,0,None,True,0.8653116,0.13467526,2.1737112e-06,2.0963769e-06,8.430677e-06,3.1141295e-07
20009,2025-11-11,0,None,0,None,0,None,True,0.79553646,0.20444827,4.7818794e-06,1.9301424e-06,8.098414e-06,5.859303e-07
20009,2025-11-18,0,None,0,None,0,None,True,0.7745418,0.2254504,4.241207e-06,6.3864746e-07,2.7815124e-06,1.6636538e-07
20009,2025-11-25,0,None,0,None,0,None,True,0.9137515,0.08623668,2.836067e-06,1.602187e-06,7.349915e-06,8.945975e-08
20009,2025-12-02,0,None,0,None,0,None,True,0.9091823,0.090815835,5.1442964e-07,1.9283662e-07,1.0510561e-06,1.4731609e-08
20009,2025-12-09,0,None,0,None,0,None,True,0.8574158,0.14258166,1.3497959e-06,2.5190766e-07,9.651617e-07,2.9818203e-08
20009,2025-12-16,0,None,0,None,0,None,True,0.8631103,0.13688706,1.4703141e-06,2.3372758e-07,9.1728845e-07,3.5381408e-08
20009,2025-12-23,0,None,0,None,0,None,True,0.7638888,0.23610991,1.1210525e-06,4.776385e-08,1.7592609e-07,1.2397858e-08
20009,2025-12-30,0,None,0,None,0,None,True,0.650935,0.34906194,2.8751476e-06,4.324014e-08,1.1784902e-07,1.9118433e-08
20011,2022-01-04,0,None,0,None,0,None,True,0.63767654,0.36231875,4.426867e-06,2.237141e-08,5.5392068e-08,1.4882725e-07
20011,2022-01-11,0,None,0,None,0,None,True,0.61648315,0.3835117,5.1247757e-06,1.4474543e-08,3.4221877e-08,8.601336e-08
20011,2022-01-18,0,None,1,D0,1,D0,False,0.3564081,0.64207506,0.0015168042,7.802755e-08,1.1023062e-08,2.9113727e-08
20011,2022-01-25,1,D0,1,D0,1,D0,True,0.38597825,0.6130121,0.0010093764,1.2811509e-07,3.225619e-08,9.059794e-08
20011,2022-02-01,1,D0,1,D0,1,D0,True,0.03986233,0.86351895,0.09661615,2.4763235e-06,1.7643222e-08,7.0163324e-08
20011,2022-02-08,1,D0,1,D0,1,D0,True,0.05492975,0.71249455,0.23254746,2.7870252e-05,5.711402e-08,3.1788358e-07
20011,2022-02-15,1,D0,1,D0,1,D0,True,0.027662126,0.79028624,0.18204373,7.645408e-06,3.6174086e-08,1.9154933e-07
20011,2022-02-22,1,D0,1,D0,1,D0,True,0.041238625,0.74220204,0.21653706,2.193062e-05,4.6292914e-08,2.6638006e-07
20011,2022-03-01,1,D0,1,D0,1,D0,True,0.030091101,0.8612336,0.10867132,3.7265097e-06,4.136361e-08,2.1889218e-07
20011,2022-03-08,1,D0,1,D0,1,D0,True,0.001497974,0.6099393,0.38854235,2.0415502e-05,7.2915934e-10,2.4504843e-09
20011,2022-03-15,1,D0,1,D0,1,D0,True,0.004498722,0.62175447,0.37372977,1.7080172e-05,1.0031228e-09,4.1319765e-09
20011,2022-03-22,0,None,1,D0,1,D0,False,0.19539326,0.7531283,0.051477134,1.3216526e-06,3.0337155e-09,8.022423e-09
20011,2022-03-29,0,None,0,None,0,None,True,0.8070055,0.19299394,3.6554928e-07,1.520585e-08,8.1629416e-08,3.5730295e-08
20011,2022-04-05,0,None,0,None,0,None,True,0.70350033,0.29649428,4.1760923e-06,2.1103035e-07,7.080056e-07,3.319261e-07
20011,2022-04-12,0,None,0,None,0,None,True,0.6243883,0.37557358,3.212328e-05,1.1954944e-06,2.5587635e-06,2.2220897e-06
20011,2022-04-19,0,None,0,None,0,None,True,0.5562908,0.4436351,7.055342e-05,6.1065066e-07,1.2635659e-06,1.6938885e-06
20011,2022-04-26,0,None,1,D0,1,D0,False,0.435355,0.56173104,0.0029074089,2.7216213e-06,1.405451e-06,2.4159042e-06
20011,2022-05-03,0,None,1,D0,1,D0,False,0.38137114,0.605113,0.013503468,1.0262319e-05,9.552156e-07,1.1952774e-06
20011,2022-05-10,0,None,1,D0,1,D0,False,0.4587218,0.5396478,0.0016249745,4.3906266e-06,7.340609e-07,3.577179e-07
20011,2022-05-17,0,None,0,None,0,None,True,0.76350796,0.23648967,1.7230299e-06,1.12792286e-07,4.0725072e-07,1.5497022e-07
20011,2022-05-24,0,None,0,None,0,None,True,0.6799977,0.3199736,2.5737165e-05,6.316172e-07,1.6509915e-06,8.0518475e-07
20011,2022-05-31,0,None,0,None,0,None,True,0.7853238,0.21461195,5.2519186e-05,2.8801574e-06,6.8482345e-06,2.026154e-06
20011,2022-06-07,0,None,0,None,0,None,True,0.83462864,0.16534325,2.0320755e-05,1.8830807e-06,4.503765e-06,1.4253171e-06
20011,2022-06-14,0,None,0,None,0,None,True,0.8087145,0.19127572,5.826471e-06,6.4533845e-07,2.4559206e-06,9.1254475e-07
20011,2022-06-21,0,None,0,None,0,None,True,0.7466744,0.25331017,7.4337086e-06,9.755602e-07,4.593689e-06,2.279256e-06
20011,2022-06-28,0,None,0,None,0,None,True,0.7204726,0.2794973,2.4978583e-05,8.514253e-07,2.5272818e-06,1.6985824e-06
20011,2022-07-05,0,None,0,None,0,None,True,0.66517115,0.33481503,1.211972e-05,2.3247294e-07,7.59043e-07,6.3045456e-07
20011,2022-07-12,0,None,0,None,0,None,True,0.598682,0.40124387,6.934441e-05,7.770021e-07,1.965057e-06,1.9998777e-06
20011,2022-07-19,1,D0,1,D0,1,D0,True,0.41435006,0.57479644,0.010757614,4.8555696e-05,2.7114636e-05,2.0179692e-05
20011,2022-07-26,1,D0,1,D0,1,D0,True,0.0039325887,0.51853126,0.47484797,0.0026874868,5.2532835e-07,1.5273457e-07
20011,2022-08-02,1,D0,1,D0,1,D0,True,0.10361865,0.45931578,0.43115395,0.005852744,2.2473645e-05,3.6411042e-05
20011,2022-08-09,2,D1,2,D1,2,D1,True,0.002068161,0.23070562,0.5105867,0.25635448,0.00028295958,2.0924326e-06
20011,2022-08-16,2,D1,2,D1,2,D1,True,4.0800387e-05,0.005512599,0.5367695,0.45745698,0.00021954696,6.147135e-07
20011,2022-08-23,2,D1,3,D2,3,D2,False,0.0002651526,0.003098575,0.41727018,0.55327755,0.025968937,0.00011965037
20011,2022-08-30,2,D1,3,D2,3,D2,False,9.489414e-05,0.0014219243,0.38216782,0.6071522,0.009158851,4.364709e-06
20011,2022-09-06,2,D1,3,D2,3,D2,False,3.0014697e-05,0.0002776661,0.30597988,0.6683196,0.025372827,1.9947074e-05
20011,2022-09-13,2,D1,3,D2,3,D2,False,5.8946305e-05,0.00031834873,0.2673759,0.63969135,0.092458546,9.6851814e-05
20011,2022-09-20,3,D2,3,D2,3,D2,True,9.684382e-05,0.006818584,0.47063494,0.5208617,0.0015866276,1.3226582e-06
20011,2022-09-27,3,D2,3,D2,3,D2,True,4.4903092e-07,1.047924e-07,0.00278243,0.55345386,0.44323328,0.0005298609
20011,2022-10-04,4,D3,4,D3,4,D3,True,1.5144306e-06,3.106842e-07,0.0020485155,0.46259445,0.53375745,0.0015977334
20011,2022-10-11,4,D3,4,D3,4,D3,True,1.4661952e-06,5.950475e-07,2.7504026e-05,0.016281584,0.90518105,0.078507766
20011,2022-10-18,4,D3,4,D3,4,D3,True,1.822975e-06,9.946834e-07,2.0031901e-05,0.007777327,0.76182383,0.23037602
20011,2022-10-25,3,D2,4,D3,4,D3,False,4.8413663e-06,2.0182972e-06,6.571326e-05,0.021919109,0.83835524,0.13965301
20011,2022-11-01,3,D2,4,D3,4,D3,False,2.3070474e-05,7.1072873e-06,0.0022185983,0.29268134,0.6573628,0.047707085
20011,2022-11-08,3,D2,3,D2,3,D2,True,4.86803e-06,1.7736755e-05,0.053568404,0.5956549,0.35073042,2.366612e-05
20011,2022-11-15,3,D2,3,D2,3,D2,True,7.1429236e-07,3.096371e-06,0.04948988,0.7534157,0.19708839,2.240213e-06
20011,2022-11-22,3,D2,3,D2,3,D2,True,9.571048e-08,5.2382642e-08,0.004446418,0.6394812,0.35606286,9.345976e-06
20011,2022-11-29,3,D2,3,D2,3,D2,True,2.6973576e-06,4.5504657e-06,0.042068798,0.62083983,0.33706996,1.4179074e-05
20011,2022-12-06,3,D2,3,D2,3,D2,True,1.3377838e-06,3.5275673e-06,0.06187066,0.84617394,0.09194855,2.0390755e-06
20011,2022-12-13,3,D2,3,D2,3,D2,True,8.8127666e-07,9.879022e-07,0.022518167,0.71265745,0.26481003,1.25057295e-05
20011,2022-12-20,3,D2,3,D2,3,D2,True,8.283687e-06,0.001789726,0.4396548,0.55835897,0.00018821015,3.8831836e-09
20011,2022-12-27,3,D2,2,D1,2,D1,False,3.0585231e-06,0.0037554,0.5448948,0.45133337,1.3366445e-05,1.7071139e-10
20011,2023-01-03,3,D2,2,D1,2,D1,False,8.559452e-06,0.005892244,0.54468375,0.44939214,2.3313378e-05,2.4284594e-10
20011,2023-01-10,3,D2,3,D2,3,D2,True,7.567256e-07,0.00047964018,0.4316528,0.5678397,2.7142181e-05,8.213035e-11
20011,2023-01-17,3,D2,3,D2,3,D2,True,1.3173179e-06,0.0011127916,0.46730953,0.53155524,2.1175447e-05,9.5332534e-11
20011,2023-01-24,3,D2,3,D2,3,D2,True,3.3731412e-06,0.002564413,0.46621218,0.5311895,3.0459662e-05,2.3385263e-10
20011,2023-01-31,3,D2,3,D2,3,D2,True,2.5562898e-07,0.00019391013,0.34699064,0.65279216,2.3012788e-05,4.4045226e-11
20011,2023-02-07,3,D2,3,D2,3,D2,True,5.0188657e-08,1.340211e-05,0.19536461,0.8045648,5.7126384e-05,7.07813e-11
20011,2023-02-14,2,D1,3,D2,3,D2,False,2.2670734e-07,1.841361e-05,0.1343389,0.86524177,0.00040068338,1.5939677e-09
20011,2023-02-21,2,D1,1,D0,1,D0,False,0.09385796,0.6722547,0.23007242,0.0038020678,8.274233e-06,4.623968e-06
20011,2023-02-28,2,D1,1,D0,1,D0,False,0.002760093,0.5487687,0.44754735,0.00092384533,2.2013701e-08,1.1607906e-08
20011,2023-03-07,1,D0,1,D0,1,D0,True,0.001670013,0.50392723,0.49390832,0.0004943553,4.8018345e-09,6.580338e-09
20011,2023-03-14,1,D0,1,D0,1,D0,True,0.03607529,0.63736385,0.32649386,6.698888e-05,4.8548316e-09,3.5278568e-08
20011,2023-03-21,2,D1,1,D0,1,D0,False,0.011579828,0.621387,0.36696443,6.863979e-05,5.7766464e-10,2.9834835e-09
20011,2023-03-28,2,D1,2,D1,2,D1,True,3.368605e-05,0.06213771,0.8372476,0.10058068,3.4210225e-07,2.5470541e-09
20011,2023-04-04,2,D1,2,D1,2,D1,True,6.497156e-06,0.011045118,0.6951343,0.2938132,9.1729635e-07,1.215835e-09
20011,2023-04-11,2,D1,2,D1,2,D1,True,1.43523675e-05,0.0100850295,0.63645476,0.3534403,5.551687e-06,1.8866361e-08
20011,2023-04-18,2,D1,2,D1,2,D1,True,1.641945e-05,0.013765571,0.5887253,0.39748082,1.1917914e-05,2.2391578e-08
20011,2023-04-25,2,D1,2,D1,2,D1,True,6.7525034e-05,0.03608969,0.6437407,0.3200891,1.28884e-05,4.7529532e-08
20011,2023-05-02,3,D2,2,D1,2,D1,False,3.7234902e-05,0.022642922,0.57292795,0.4043671,2.4764742e-05,2.6615393e-08
20011,2023-05-09,3,D2,3,D2,3,D2,True,2.1515109e-05,1.8473007e-05,0.06357523,0.70404327,0.23221917,0.00012238456
20011,2023-05-16,3,D2,3,D2,3,D2,True,0.0003125153,0.000968021,0.28612933,0.6079697,0.10433007,0.0002903951
20011,2023-05-23,3,D2,3,D2,3,D2,True,6.305172e-05,0.0075430647,0.46664864,0.52557087,0.00017432963,5.896094e-08
20011,2023-05-30,3,D2,2,D1,2,D1,False,6.178823e-05,0.05950191,0.646892,0.29354113,3.2409284e-06,2.8925604e-09
20011,2023-06-06,3,D2,2,D1,2,D1,False,0.0014968814,0.25354922,0.6343012,0.1106493,3.3489503e-06,5.8238086e-08
20011,2023-06-13,3,D2,2,D1,2,D1,False,5.728362e-05,0.048973802,0.59257495,0.358388,5.934014e-06,3.1842207e-09
20011,2023-06-20,3,D2,2,D1,2,D1,False,4.6933008e-05,0.042648565,0.584706,0.37259227,6.232689e-06,3.3424632e-09
20011,2023-06-27,3,D2,3,D2,3,D2,True,5.959857e-06,0.00056674983,0.36138368,0.6368073,0.0012363329,4.1737295e-08
20011,2023-07-04,4,D3,3,D2,3,D2,False,1.0675028e-06,2.102599e-05,0.15627062,0.82864994,0.015057232,1.0346823e-07
20011,2023-07-11,4,D3,4,D3,4,D3,True,2.3483528e-06,1.206013e-06,0.0007144033,0.28257826,0.71445954,0.002244235
20011,2023-07-18,4,D3,4,D3,4,D3,True,3.6316257e-07,2.143438e-07,8.3786894e-05,0.096023075,0.8969053,0.006987307
20011,2023-07-25,4,D3,4,D3,4,D3,True,2.7182277e-06,1.7609211e-06,0.001819686,0.2707534,0.72436637,0.0030561113
20011,2023-08-01,4,D3,4,D3,4,D3,True,1.171829e-07,5.9225624e-08,9.999165e-06,0.009325182,0.9032671,0.08739754
20011,2023-08-08,4,D3,4,D3,4,D3,True,1.7135047e-06,6.223132e-07,0.00037912308,0.063028805,0.8878059,0.04878393
20011,2023-08-15,3,D2,4,D3,4,D3,False,4.3837397e-07,1.15026516e-07,0.00039256862,0.098087065,0.89666563,0.0048541445
20011,2023-08-22,3,D2,3,D2,3,D2,True,2.3575901e-06,4.129571e-06,0.044996273,0.68824685,0.26665926,9.112954e-05
20011,2023-08-29,3,D2,3,D2,3,D2,True,1.5383109e-06,2.2032932e-06,0.04981894,0.66970634,0.28041738,5.3554082e-05
20011,2023-09-05,3,D2,4,D3,4,D3,False,4.981623e-08,1.5865744e-08,0.0023532766,0.4463791,0.5511334,0.00013416285
20011,2023-09-12,3,D2,3,D2,3,D2,True,5.4465396e-08,3.204397e-08,0.0042776098,0.51243526,0.4832704,1.6569864e-05
20011,2023-09-19,3,D2,4,D3,4,D3,False,5.0968836e-08,7.772054e-09,0.00015527122,0.19027512,0.80857444,0.0009950493
20011,2023-09-26,3,D2,4,D3,4,D3,False,5.540177e-07,4.1662648e-07,0.0074162073,0.4700359,0.52249056,5.6328507e-05
20011,2023-10-03,3,D2,3,D2,3,D2,True,8.1831865e-07,6.32443e-07,0.0065254006,0.52083164,0.47244743,0.00019407427
20011,2023-10-10,3,D2,4,D3,4,D3,False,1.6755371e-07,6.3332685e-08,0.0017516091,0.44460234,0.5532678,0.00037801
20011,2023-10-17,3,D2,4,D3,4,D3,False,1.6967309e-07,1.3586705e-07,0.004641883,0.4813669,0.5139369,5.405607e-05
20011,2023-10-24,3,D2,4,D3,4,D3,False,7.076651e-08,2.9375109e-08,0.0015470957,0.44105178,0.55727565,0.00012542288
20011,2023-10-31,2,D1,3,D2,3,D2,False,5.0034314e-06,6.407954e-05,0.18979423,0.68162376,0.12850738,5.563242e-06
20011,2023-11-07,2,D1,2,D1,2,D1,True,0.00019192966,0.05176692,0.49132052,0.4562298,0.0004902713,5.582872e-07
20011,2023-11-14,2,D1,2,D1,2,D1,True,8.946054e-06,0.015617829,0.5953157,0.38903034,2.7137425e-05,1.0255491e-08
20011,2023-11-21,2,D1,2,D1,2,D1,True,0.0002716991,0.1440771,0.5445105,0.3110028,0.00013755313,2.8631413e-07
20011,2023-11-28,2,D1,2,D1,2,D1,True,5.6376757e-05,0.09026492,0.5879736,0.32167682,2.831165e-05,2.3878581e-08
20011,2023-12-05,2,D1,2,D1,2,D1,True,1.356672e-05,0.036214862,0.59300077,0.3707494,2.1427551e-05,4.9137476e-09
20011,2023-12-12,2,D1,2,D1,2,D1,True,2.30532e-06,0.012702026,0.603778,0.3835108,6.845692e-06,5.1496485e-10
20011,2023-12-19,2,D1,2,D1,2,D1,True,0.00030987372,0.2989805,0.6398462,0.060857892,5.491618e-06,2.0821044e-08
20011,2023-12-26,1,D0,2,D1,2,D1,False,0.000524274,0.38479728,0.5926626,0.022013804,2.054536e-06,1.8448224e-08
20011,2024-01-02,1,D0,1,D0,1,D0,True,0.046642013,0.78477085,0.16855915,2.8012139e-05,1.3788925e-08,6.6502843e-09
20011,2024-01-09,1,D0,1,D0,1,D0,True,0.23471722,0.7448524,0.020429237,1.0947075e-06,5.7217524e-09,3.2247134e-09
20011,2024-01-16,1,D0,1,D0,1,D0,True,0.18172482,0.8013504,0.016924504,2.9536565e-07,5.9186867e-10,2.7885363e-10
20011,2024-01-23,1,D0,1,D0,1,D0,True,0.18430793,0.80055904,0.015133001,1.4040316e-07,2.2488077e-10,1.0340486e-10
20011,2024-01-30,1,D0,1,D0,1,D0,True,0.11448354,0.8560854,0.029430784,2.689803e-07,2.1820389e-10,9.122744e-11
20011,2024-02-06,1,D0,1,D0,1,D0,True,0.3217074,0.6772972,0.0009953189,4.0806214e-08,2.2126312e-09,5.9980904e-10
20011,2024-02-13,1,D0,1,D0,1,D0,True,0.16722323,0.8226293,0.010147436,5.4836157e-08,2.0474465e-10,7.218537e-11
20011,2024-02-20,1,D0,1,D0,1,D0,True,0.0969509,0.87289524,0.03015375,1.4431885e-07,2.4748056e-10,1.654924e-10
20011,2024-02-27,1,D0,1,D0,1,D0,True,0.042073414,0.80897295,0.14895158,2.0542936e-06,3.0611873e-09,4.992804e-09
20011,2024-03-05,1,D0,1,D0,1,D0,True,0.0072912555,0.74395597,0.24874839,4.4575454e-06,1.1278595e-09,1.6760497e-09
20011,2024-03-12,1,D0,1,D0,1,D0,True,0.034240365,0.74371535,0.22203927,5.0368644e-06,1.5057187e-09,4.8110818e-09
20011,2024-03-19,1,D0,1,D0,1,D0,True,0.01675876,0.74109054,0.2421455,5.215523e-06,2.5945295e-09,9.985061e-09
20011,2024-03-26,1,D0,1,D0,1,D0,True,0.049933814,0.72729254,0.22276479,8.821561e-06,6.7154073e-09,3.0366106e-08
20011,2024-04-02,1,D0,1,D0,1,D0,True,0.0049390346,0.67060107,0.32444078,1.9027288e-05,1.6885227e-08,3.343776e-08
20011,2024-04-09,1,D0,1,D0,1,D0,True,0.0006803657,0.57984424,0.41936216,0.000113256334,2.861844e-08,2.5123947e-08
20011,2024-04-16,1,D0,1,D0,1,D0,True,0.0004417742,0.5516207,0.44759643,0.0003409568,9.6551375e-08,6.077316e-08
20011,2024-04-23,1,D0,1,D0,1,D0,True,0.0010551176,0.5352446,0.46316475,0.00053517486,2.0818095e-07,1.9509608e-07
20011,2024-04-30,0,None,1,D0,1,D0,False,0.24561532,0.56850606,0.18529366,0.0005536418,1.2430422e-05,1.893366e-05
20011,2024-05-07,0,None,0,None,0,None,True,0.8711454,0.12884144,2.490855e-06,7.449972e-07,9.226105e-06,6.5890384e-07
20011,2024-05-14,0,None,0,None,0,None,True,0.8745693,0.12537827,7.430612e-06,5.234545e-06,3.8850732e-05,8.9902653e-07
20011,2024-05-21,0,None,0,None,0,None,True,0.8294332,0.1704359,3.297461e-05,1.5861668e-05,7.892685e-05,3.191624e-06
20011,2024-05-28,0,None,0,None,0,None,True,0.7943741,0.20559017,1.1569714e-05,2.8578283e-06,1.9093579e-05,2.1432863e-06
20011,2024-06-04,0,None,0,None,0,None,True,0.80204886,0.19787619,2.8110291e-05,5.886239e-06,3.493558e-05,6.0203015e-06
20011,2024-06-11,0,None,0,None,0,None,True,0.82363385,0.17632718,1.3911417e-05,3.0006725e-06,1.841739e-05,3.5375008e-06
20011,2024-06-18,0,None,0,None,0,None,True,0.7515437,0.24843414,9.798905e-06,1.0723038e-06,6.6467187e-06,4.7289154e-06
20011,2024-06-25,0,None,0,None,0,None,True,0.7713655,0.22860187,1.976716e-05,1.1759192e-06,6.120849e-06,5.478824e-06
20011,2024-07-02,0,None,0,None,0,None,True,0.77313155,0.22684893,1.4405965e-05,3.7378172e-07,1.7066417e-06,2.994573e-06
20011,2024-07-09,0,None,0,None,0,None,True,0.754582,0.24540542,9.359196e-06,2.1106987e-07,8.554847e-07,2.1135565e-06
20011,2024-07-16,0,None,0,None,0,None,True,0.66256815,0.3374206,8.85011e-06,7.185009e-08,4.802125e-07,1.834068e-06
20011,2024-07-23,0,None,0,None,0,None,True,0.6539238,0.34603915,2.774793e-05,3.6026512e-07,1.7290436e-06,7.253607e-06
20011,2024-07-30,1,D0,0,None,0,None,False,0.6253132,0.37466392,1.6686716e-05,1.2981938e-07,1.2109209e-06,4.9024106e-06
20011,2024-08-06,1,D0,1,D0,1,D0,True,0.010793688,0.778214,0.21098147,1.0655863e-05,4.290041e-08,1.4911596e-07
20011,2024-08-13,2,D1,1,D0,1,D0,False,0.041310035,0.57489777,0.38349497,0.00029439153,4.5644822e-07,2.3442237e-06
20011,2024-08-20,1,D0,2,D1,2,D1,False,7.439283e-05,0.023964688,0.6165989,0.35927412,8.773938e-05,1.380015e-07
20011,2024-08-27,1,D0,1,D0,1,D0,True,0.19373284,0.6412543,0.16488525,0.00012671406,3.294368e-07,5.040337e-07
20011,2024-09-03,1,D0,1,D0,1,D0,True,0.060246795,0.6950204,0.24463479,9.77837e-05,1.8512154e-07,1.4450866e-07
20011,2024-09-10,2,D1,1,D0,1,D0,False,0.013568944,0.6624754,0.32374144,0.00021384173,2.2591364e-07,8.838328e-08
20011,2024-09-17,2,D1,2,D1,2,D1,True,0.00010933659,0.26691288,0.6739161,0.059057113,4.473787e-06,9.39049e-09
20011,2024-09-24,1,D0,2,D1,2,D1,False,2.3307957e-05,0.03154635,0.6370878,0.3312797,6.282331e-05,6.487468e-09
20011,2024-10-01,1,D0,1,D0,1,D0,True,0.07715386,0.72301704,0.19914907,0.0006785884,1.0805795e-06,3.3029252e-07
20011,2024-10-08,2,D1,2,D1,2,D1,True,0.00089724746,0.46443677,0.522256,0.012408395,1.5255738e-06,1.9797445e-08
20011,2024-10-15,2,D1,3,D2,3,D2,False,4.47001e-07,0.00030626377,0.44309783,0.5563242,0.0002712585,2.2698279e-09
20011,2024-10-22,2,D1,2,D1,2,D1,True,1.3897575e-06,0.0026262766,0.5595686,0.43775707,4.6700494e-05,5.344552e-10
20011,2024-10-29,3,D2,3,D2,3,D2,True,2.431909e-07,0.00023547067,0.40677446,0.5927814,0.00020832143,7.172474e-10
20011,2024-11-05,2,D1,3,D2,3,D2,False,9.119353e-06,0.0010180835,0.31649318,0.6805339,0.0019456907,2.3942954e-08
20011,2024-11-12,1,D0,1,D0,1,D0,True,0.038177088,0.6863843,0.27419576,0.0012390262,3.3081005e-06,4.966803e-07
20011,2024-11-19,1,D0,1,D0,1,D0,True,0.2720606,0.7225169,0.0054216525,8.434607e-07,1.0239754e-08,3.894624e-09
20011,2024-11-26,1,D0,1,D0,1,D0,True,0.24560809,0.7517062,0.0026856717,1.3245328e-07,1.2524372e-09,3.3791867e-10
20011,2024-12-03,1,D0,1,D0,1,D0,True,0.26425475,0.7344859,0.0012592287,4.7647564e-08,7.570839e-10,1.4693152e-10
20011,2024-12-10,1,D0,1,D0,1,D0,True,0.1944039,0.80214596,0.0034501904,4.3191566e-08,3.190239e-10,8.555955e-11
20011,2024-12-17,1,D0,1,D0,1,D0,True,0.11627394,0.87560886,0.008117221,2.969426e-08,8.5742156e-11,2.9901605e-11
20011,2024-12-24,1,D0,1,D0,1,D0,True,0.026974076,0.9100796,0.06294574,5.391965e-07,2.8462221e-10,1.3511799e-10
20011,2024-12-31,2,D1,1,D0,1,D0,False,0.12009499,0.8695224,0.010382523,3.629864e-08,1.0089048e-10,5.873821e-11
20011,2025-01-07,2,D1,1,D0,1,D0,False,0.00013405137,0.514952,0.48474577,0.00016821992,4.5580004e-10,1.2996934e-11
20011,2025-01-14,2,D1,2,D1,2,D1,True,0.00012169787,0.41236094,0.586743,0.0007743261,1.5567196e-09,4.9348005e-11
20011,2025-01-21,2,D1,2,D1,2,D1,True,9.86888e-05,0.34256655,0.65423757,0.0030970995,9.142579e-09,1.7630564e-10
20011,2025-01-28,2,D1,2,D1,2,D1,True,4.5870103e-05,0.26092067,0.73193276,0.0071006943,2.3111381e-08,1.5811462e-10
20011,2025-02-04,2,D1,2,D1,2,D1,True,2.466322e-05,0.21267587,0.77102834,0.01627105,6.648584e-08,1.15433184e-10
20011,2025-02-11,2,D1,2,D1,2,D1,True,4.4171775e-06,0.08520141,0.81707096,0.09772285,3.7157383e-07,5.8236305e-11
20011,2025-02-18,2,D1,2,D1,2,D1,True,1.2115807e-05,0.17782007,0.7828312,0.03933637,1.7886425e-07,9.663271e-11
20011,2025-02-25,2,D1,2,D1,2,D1,True,9.1513914e-07,0.0275177,0.7674035,0.20507738,5.185009e-07,1.9703565e-11
20011,2025-03-04,2,D1,2,D1,2,D1,True,1.0275058e-06,0.022410657,0.75392276,0.22366482,7.3621294e-07,2.958376e-11
20011,2025-03-11,1,D0,2,D1,2,D1,False,2.0156149e-06,0.021449313,0.7412305,0.2373165,1.5686311e-06,9.5651466e-11
20011,2025-03-18,1,D0,1,D0,1,D0,True,0.23571962,0.73811567,0.026150402,1.4152815e-05,9.070914e-08,8.040877e-08
20011,2025-03-25,1,D0,1,D0,1,D0,True,0.20720099,0.7728626,0.019935599,7.9848314e-07,3.59265e-09,3.8948786e-09
20011,2025-04-01,1,D0,1,D0,1,D0,True,0.124079004,0.81641525,0.059503727,1.9135352e-06,6.227566e-09,1.1230987e-08
20011,2025-04-08,0,None,1,D0,1,D0,False,0.24035186,0.74737364,0.012274045,4.776494e-07,4.7433333e-09,6.4452568e-09
20011,2025-04-15,0,None,0,None,0,None,True,0.63581175,0.36418673,1.4553026e-06,1.3232888e-08,3.808276e-08,2.7256885e-08
20011,2025-04-22,0,None,0,None,0,None,True,0.7526061,0.2473913,2.1974568e-06,7.785238e-08,1.9067443e-07,1.6797185e-07
20011,2025-04-29,0,None,0,None,0,None,True,0.81526726,0.184728,3.751173e-06,1.7862902e-07,3.5926615e-07,3.545179e-07
20011,2025-05-06,0,None,0,None,0,None,True,0.77504927,0.22494619,4.1246503e-06,8.49148e-08,1.2103325e-07,1.8148756e-07
20011,2025-05-13,0,None,0,None,0,None,True,0.6615179,0.33844548,3.4901852e-05,3.8791393e-07,4.7933884e-07,8.682561e-07
20011,2025-05-20,0,None,0,None,0,None,True,0.7348323,0.26514035,2.635326e-05,2.809764e-07,2.583938e-07,4.6057173e-07
20011,2025-05-27,0,None,0,None,0,None,True,0.803712,0.19626921,1.779397e-05,3.0740173e-07,3.2199299e-07,4.133222e-07
20011,2025-06-03,0,None,0,None,0,None,True,0.7884421,0.2115486,9.007825e-06,1.2081756e-07,1.3400297e-07,1.276728e-07
20011,2025-06-10,0,None,0,None,0,None,True,0.79694265,0.20302713,2.8869787e-05,4.1355202e-07,5.203331e-07,4.5968258e-07
20011,2025-06-17,0,None,0,None,0,None,True,0.7928218,0.2071719,6.1605115e-06,5.4162268e-08,9.422972e-08,5.6364875e-08
20011,2025-06-24,0,None,0,None,0,None,True,0.81301606,0.18695962,2.3507331e-05,2.2266099e-07,3.6624186e-07,1.3833382e-07
20011,2025-07-01,0,None,0,None,0,None,True,0.8187278,0.18124175,2.9627023e-05,2.809547e-07,3.8442514e-07,1.3028155e-07
20011,2025-07-08,0,None,0,None,0,None,True,0.76782966,0.23214734,2.241371e-05,1.904879e-07,2.636159e-07,1.8558895e-07
20011,2025-07-15,0,None,0,None,0,None,True,0.7039247,0.29600745,6.6660235e-05,3.8453797e-07,4.0505222e-07,4.1070328e-07
20011,2025-07-22,0,None,0,None,0,None,True,0.7534874,0.24641721,9.267116e-05,1.0206288e-06,9.0437794e-07,7.415155e-07
20011,2025-07-29,0,None,0,None,0,None,True,0.80009097,0.19988182,2.5155387e-05,5.99704e-07,7.0853025e-07,7.624123e-07
20011,2025-08-05,0,None,0,None,0,None,True,0.7663516,0.23362552,2.1756177e-05,3.3920352e-07,4.4515997e-07,3.470704e-07
20011,2025-08-12,0,None,0,None,0,None,True,0.77985096,0.22006819,7.715066e-05,1.351875e-06,1.1835539e-06,1.1450676e-06
20011,2025-08-19,0,None,0,None,0,None,True,0.7664257,0.23355678,1.6594444e-05,3.292111e-07,2.9286926e-07,2.0936291e-07
20011,2025-08-26,0,None,0,None,0,None,True,0.7638117,0.23617223,1.4953929e-05,4.850459e-07,5.018825e-07,1.4575055e-07
20011,2025-09-02,0,None,0,None,0,None,True,0.83632016,0.16366687,1.1030168e-05,7.934136e-07,9.689601e-07,8.95099e-08
20011,2025-09-09,0,None,0,None,0,None,True,0.84804326,0.15195438,1.9173945e-06,1.6608794e-07,3.010857e-07,2.1093614e-08
20011,2025-09-16,1,D0,0,None,0,None,False,0.78031,0.21968612,3.2631976e-06,2.0279971e-07,3.3227556e-07,5.2246644e-08
20011,2025-09-23,1,D0,1,D0,1,D0,True,0.28122783,0.6676407,0.051126383,5.0939057e-06,1.8955786e-08,2.3665894e-08
20011,2025-09-30,1,D0,1,D0,1,D0,True,0.0646723,0.67386043,0.26133102,0.00013607666,1.426541e-07,9.711591e-08
20011,2025-10-07,1,D0,1,D0,1,D0,True,0.048471898,0.7085131,0.24286903,0.00014581729,1.5977301e-07,6.2984995e-08
20011,2025-10-14,2,D1,2,D1,2,D1,True,0.0014593818,0.4634495,0.52828455,0.0068049836,1.5389909e-06,3.460329e-08
20011,2025-10-21,2,D1,2,D1,2,D1,True,1.1074114e-05,0.039034188,0.6858488,0.27509534,1.0692666e-05,7.6477025e-10
20011,2025-10-28,2,D1,2,D1,2,D1,True,0.0002691612,0.19758749,0.6596495,0.14247854,1.531491e-05,2.6588031e-08
20011,2025-11-04,2,D1,2,D1,2,D1,True,2.8225868e-06,0.0055062375,0.54824436,0.4462388,7.827079e-06,8.0256773e-10
20011,2025-11-11,2,D1,2,D1,2,D1,True,4.068909e-06,0.006142232,0.55514747,0.43869755,8.68443e-06,1.7367423e-09
20011,2025-11-18,2,D1,2,D1,2,D1,True,3.2045144e-05,0.053035878,0.7544473,0.19248067,4.1503663e-06,3.897616e-09
20011,2025-11-25,2,D1,2,D1,2,D1,True,0.00043824955,0.38874945,0.60200065,0.008810947,7.4342324e-07,1.4265593e-08
20011,2025-12-02,2,D1,2,D1,2,D1,True,2.3496475e-05,0.2609295,0.7293403,0.009706668,6.949281e-08,2.172618e-10
20011,2025-12-09,2,D1,2,D1,2,D1,True,7.890793e-06,0.11219691,0.8662959,0.021499218,8.912842e-08,8.592106e-11
20011,2025-12-16,2,D1,2,D1,2,D1,True,1.5116899e-05,0.12498542,0.85177976,0.023219563,1.9168651e-07,2.1573227e-10
20011,2025-12-23,2,D1,2,D1,2,D1,True,1.2347276e-06,0.023018172,0.8393486,0.1376317,2.6748378e-07,1.35082345e-11
20011,2025-12-30,2,D1,2,D1,2,D1,True,5.2547125e-07,0.00709161,0.7258056,0.2671019,3.9384244e-07,4.6428174e-12
20013,2022-01-04,0,None,0,None,0,None,True,0.71214944,0.2878046,3.9360064e-05,3.6901404e-06,2.5816864e-06,3.115877e-07
20013,2022-01-11,0,None,0,None,0,None,True,0.690642,0.30932108,3.332704e-05,2.0099162e-06,1.3627712e-06,1.8083689e-07
20013,2022-01-18,0,None,0,None,0,None,True,0.71020764,0.28976095,2.7297536e-05,2.3343307e-06,1.6113986e-06,2.3111816e-07
20013,2022-01-25,0,None,0,None,0,None,True,0.6701291,0.32985836,1.1329163e-05,5.297462e-07,4.493249e-07,1.03162066e-07
20013,2022-02-01,0,None,0,None,0,None,True,0.56752485,0.43245608,1.8613115e-05,1.6066362e-07,1.7094581e-07,1.01246506e-07
20013,2022-02-08,0,None,0,None,0,None,True,0.59233737,0.40765125,1.0899556e-05,1.7366239e-07,1.7757057e-07,1.6258065e-07
20013,2022-02-15,0,None,0,None,0,None,True,0.55287385,0.4471049,2.0902113e-05,7.710687e-08,1.02215104e-07,1.752338e-07
20013,2022-02-22,0,None,0,None,0,None,True,0.5785269,0.42145488,1.7191713e-05,1.9110767e-07,2.872718e-07,5.0885893e-07
20013,2022-03-01,1,D0,0,None,0,None,False,0.5131188,0.48685142,2.9620582e-05,3.2266655e-08,4.7797485e-08,1.01424845e-07
20013,2022-03-08,1,D0,1,D0,1,D0,True,0.0053356113,0.79963845,0.19502085,5.0488834e-06,4.6689665e-09,1.7331837e-08
20013,2022-03-15,2,D1,1,D0,1,D0,False,0.0017077557,0.53527606,0.4628396,0.00017653425,9.771578e-09,2.2219053e-08
20013,2022-03-22,1,D0,2,D1,2,D1,False,0.00079524156,0.23025365,0.757479,0.011470394,1.1965259e-06,5.296736e-07
20013,2022-03-29,0,None,1,D0,1,D0,False,0.26744705,0.70455986,0.027992006,1.1299912e-06,7.3508692e-09,3.0362287e-08
20013,2022-04-05,0,None,0,None,0,None,True,0.79181945,0.20817968,7.125209e-07,2.8454037e-08,1.3528718e-07,4.1363045e-08
20013,2022-04-12,0,None,0,None,0,None,True,0.6758347,0.32414952,1.2346363e-05,6.103835e-07,1.911288e-06,8.920124e-07
20013,2022-04-19,0,None,0,None,0,None,True,0.5821777,0.41776657,5.2517582e-05,5.508232e-07,1.4358116e-06,1.1340356e-06
20013,2022-04-26,0,None,0,None,0,None,True,0.57126,0.4286653,7.2007984e-05,5.0350036e-07,1.3167557e-06,8.6087226e-07
20013,2022-05-03,0,None,0,None,0,None,True,0.71904343,0.28094628,7.87389e-06,3.0922246e-07,1.6216628e-06,4.4913327e-07
20013,2022-05-10,0,None,0,None,0,None,True,0.8082878,0.19170736,2.157089e-06,3.042034e-07,1.9797526e-06,3.8532667e-07
20013,2022-05-17,0,None,0,None,0,None,True,0.73258066,0.26741636,1.4909494e-06,1.2810514e-07,1.0900418e-06,3.916e-07
20013,2022-05-24,0,None,0,None,0,None,True,0.6796341,0.3203466,1.2457283e-05,6.719806e-07,4.2142865e-06,1.9720571e-06
20013,2022-05-31,0,None,0,None,0,None,True,0.8142161,0.18574227,1.9211604e-05,3.234602e-06,1.5950875e-05,3.2847188e-06
20013,2022-06-07,0,None,0,None,0,None,True,0.8480781,0.15191099,4.8705133e-06,8.6085754e-07,4.1641874e-06,1.062166e-06
20013,2022-06-14,0,None,0,None,0,None,True,0.825124,0.17486967,2.7244216e-06,4.4512217e-07,2.3294308e-06,7.44496e-07
20013,2022-06-21,0,None,0,None,0,None,True,0.74612665,0.25386047,6.448396e-06,7.719261e-07,3.823202e-06,1.8510096e-06
20013,2022-06-28,0,None,0,None,0,None,True,0.72210675,0.27786303,2.5967764e-05,7.229411e-07,2.0793786e-06,1.402129e-06
20013,2022-07-05,0,None,0,None,0,None,True,0.67314845,0.3268391,1.1026059e-05,2.0720483e-07,6.953878e-07,5.4665327e-07
20013,2022-07-12,0,None,0,None,0,None,True,0.6058496,0.39408356,6.265225e-05,6.991297e-07,1.7971815e-06,1.7027013e-06
20013,2022-07-19,0,None,0,None,0,None,True,0.58037966,0.41945848,0.00014331556,2.513331e-06,7.101251e-06,8.968523e-06
20013,2022-07-26,0,None,0,None,0,None,True,0.63278276,0.36716324,4.871362e-05,6.440772e-07,1.5791795e-06,3.0665701e-06
20013,2022-08-02,0,None,0,None,0,None,True,0.7331242,0.26678798,7.430474e-05,2.173385e-06,3.973468e-06,7.4295926e-06
20013,2022-08-09,0,None,0,None,0,None,True,0.7029994,0.2969905,8.125386e-06,1.8342767e-07,6.540275e-07,1.0701308e-06
20013,2022-08-16,0,None,0,None,0,None,True,0.6507636,0.34916943,5.0966806e-05,1.2941865e-06,3.7571947e-06,1.0978282e-05
20013,2022-08-23,0,None,0,None,0,None,True,0.6710851,0.32887423,3.4023204e-05,7.167964e-07,1.3997447e-06,4.6102086e-06
20013,2022-08-30,1,D0,0,None,0,None,False,0.67884606,0.3211376,1.413308e-05,2.0296721e-07,5.5476323e-07,1.3718598e-06
20013,2022-09-06,1,D0,1,D0,1,D0,True,0.054220654,0.8222721,0.12336104,0.00013214693,4.0220043e-06,9.966315e-06
20013,2022-09-13,1,D0,1,D0,1,D0,True,0.0055890214,0.5014575,0.4917275,0.0012217913,8.003185e-07,3.3420308e-06
20013,2022-09-20,2,D1,2,D1,2,D1,True,0.00676844,0.4530861,0.53482604,0.0052718823,8.946622e-06,3.853037e-05
20013,2022-09-27,2,D1,2,D1,2,D1,True,9.8002645e-05,0.0055825133,0.5733189,0.4193038,0.0015838024,0.00011289882
20013,2022-10-04,2,D1,2,D1,2,D1,True,5.9497976e-05,0.003786783,0.53677005,0.45897266,0.0003960373,1.4976324e-05
20013,2022-10-11,2,D1,2,D1,2,D1,True,7.960271e-05,0.008795879,0.59546953,0.39553124,0.00012088671,2.922231e-06
20013,2022-10-18,3,D2,3,D2,3,D2,True,1.3870371e-06,8.511758e-06,0.07801258,0.89872825,0.023236362,1.2911463e-05
20013,2022-10-25,3,D2,3,D2,3,D2,True,8.653581e-08,2.2732573e-08,0.0031270648,0.742571,0.2542737,2.8126009e-05
20013,2022-11-01,3,D2,3,D2,3,D2,True,3.5028106e-07,7.79723e-08,0.002971873,0.6700638,0.32682362,0.00014029803
20013,2022-11-08,2,D1,3,D2,3,D2,False,9.317717e-06,0.0006973545,0.34535414,0.65257084,0.001368108,1.0507319e-07
20013,2022-11-15,2,D1,2,D1,2,D1,True,0.0010676256,0.34532815,0.63273525,0.020868298,6.0257855e-07,2.855157e-08
20013,2022-11-22,2,D1,2,D1,2,D1,True,1.4243736e-05,0.028822642,0.7812614,0.18990056,1.1513778e-06,2.24926e-09
20013,2022-11-29,2,D1,2,D1,2,D1,True,0.00068029517,0.27761322,0.6968555,0.024850417,6.831216e-07,2.2659002e-08
20013,2022-12-06,2,D1,2,D1,2,D1,True,0.00021764587,0.24143541,0.7373852,0.020961551,2.2115226e-07,3.672221e-09
20013,2022-12-13,2,D1,2,D1,2,D1,True,0.00014278518,0.17369615,0.7845846,0.041576203,3.5104753e-07,1.893577e-09
20013,2022-12-20,2,D1,2,D1,2,D1,True,0.00027497133,0.24795036,0.7318293,0.019945197,1.8153644e-07,1.7156736e-09
20013,2022-12-27,2,D1,2,D1,2,D1,True,0.0001162723,0.20326799,0.78054243,0.016073292,6.666893e-08,3.2074457e-10
20013,2023-01-03,2,D1,2,D1,2,D1,True,0.00040726594,0.30313125,0.6923802,0.004081163,2.4684287e-08,6.7578754e-10
20013,2023-01-10,2,D1,2,D1,2,D1,True,3.71404e-05,0.16173269,0.8253029,0.012927213,2.0695106e-08,3.800074e-11
20013,2023-01-17,2,D1,2,D1,2,D1,True,8.008896e-05,0.24575521,0.7501918,0.0039728675,5.9206657e-09,3.271783e-11
20013,2023-01-24,2,D1,2,D1,2,D1,True,0.000114683884,0.30798823,0.690557,0.0013401397,1.282399e-09,2.3686081e-11
20013,2023-01-31,2,D1,2,D1,2,D1,True,2.8581653e-05,0.2406639,0.7568616,0.002445889,1.2989039e-09,4.1428254e-12
20013,2023-02-07,2,D1,2,D1,2,D1,True,4.6911723e-06,0.07538636,0.9014037,0.023205196,1.4873485e-08,3.4940106e-12
20013,2023-02-14,1,D0,2,D1,2,D1,False,1.696921e-05,0.13009366,0.85421604,0.015673347,2.4864233e-08,2.1340613e-11
20013,2023-02-21,0,None,1,D0,1,D0,False,0.24141271,0.7479073,0.010679185,8.3270277e-07,1.7516114e-09,1.7278463e-09
20013,2023-02-28,0,None,0,None,0,None,True,0.8640485,0.1359507,6.1434565e-07,4.5206193e-08,1.1629519e-07,2.199239e-09
20013,2023-03-07,0,None,0,None,0,None,True,0.8995885,0.100410484,6.992824e-07,7.284773e-08,1.6977111e-07,3.366726e-09
20013,2023-03-14,0,None,0,None,0,None,True,0.8491328,0.15086402,2.7345766e-06,1.743142e-07,3.2150237e-07,2.5954751e-08
20013,2023-03-21,0,None,0,None,0,None,True,0.75198907,0.24800783,2.5663737e-06,1.06706494e-07,2.342957e-07,9.758657e-08
20013,2023-03-28,0,None,0,None,0,None,True,0.6519559,0.34802628,1.6322507e-05,2.6972518e-07,4.6416406e-07,7.9367726e-07
20013,2023-04-04,0,None,0,None,0,None,True,0.5919743,0.4079455,7.751151e-05,4.841418e-07,5.551408e-07,1.6489113e-06
20013,2023-04-11,0,None,0,None,0,None,True,0.5331415,0.46650958,0.00034439718,8.755788e-07,7.302408e-07,2.9715518e-06
20013,2023-04-18,0,None,0,None,0,None,True,0.551195,0.4485947,0.00020554161,7.232101e-07,7.463999e-07,3.3566816e-06
20013,2023-04-25,0,None,0,None,0,None,True,0.5533245,0.4465788,9.5943746e-05,1.09805875e-07,1.1252471e-07,4.830588e-07
20013,2023-05-02,0,None,0,None,0,None,True,0.58922905,0.4106914,7.8732126e-05,1.3074927e-07,1.2374112e-07,5.322108e-07
20013,2023-05-09,0,None,0,None,0,None,True,0.56442314,0.4355173,5.937138e-05,2.5592204e-08,2.5892296e-08,1.2079825e-07
20013,2023-05-16,0,None,0,None,0,None,True,0.76581043,0.23418325,5.861933e-06,5.5073798e-08,1.2866394e-07,3.036475e-07
20013,2023-05-23,0,None,0,None,0,None,True,0.7707265,0.2292714,2.0077118e-06,1.808674e-08,3.336523e-08,4.5734215e-08
20013,2023-05-30,0,None,0,None,0,None,True,0.70341617,0.29657108,1.24776725e-05,4.4475833e-08,6.0862384e-08,1.0820608e-07
20013,2023-06-06,0,None,0,None,0,None,True,0.77580637,0.2241693,2.343978e-05,2.6000208e-07,3.8238832e-07,3.2657005e-07
20013,2023-06-13,0,None,0,None,0,None,True,0.77555853,0.22443527,5.9261483e-06,5.8888862e-08,9.522657e-08,8.281076e-08
20013,2023-06-20,1,D0,0,None,0,None,False,0.7504908,0.24949092,1.7610617e-05,1.642694e-07,2.3066103e-07,1.935563e-07
20013,2023-06-27,2,D1,1,D0,1,D0,False,0.059390713,0.71627736,0.2243096,2.2246953e-05,2.8836407e-09,2.0961513e-09
20013,2023-07-04,2,D1,2,D1,2,D1,True,4.1491192e-05,0.10087987,0.77870303,0.12037513,5.131239e-07,1.4281223e-10
20013,2023-07-11,2,D1,2,D1,2,D1,True,0.0015033878,0.2794519,0.6963144,0.022729991,3.6976667e-07,3.755539e-09
20013,2023-07-18,2,D1,2,D1,2,D1,True,0.003046273,0.3785014,0.61176693,0.006685363,1.2142273e-07,7.806429e-09
20013,2023-07-25,2,D1,2,D1,2,D1,True,0.0006981643,0.2199255,0.71190387,0.06747098,1.4812125e-06,4.3941926e-09
20013,2023-08-01,1,D0,2,D1,2,D1,False,0.0004348936,0.15445176,0.7466261,0.0984846,2.7692333e-06,8.531812e-09
20013,2023-08-08,1,D0,1,D0,1,D0,True,0.03765087,0.50785553,0.45226112,0.0022311155,6.987577e-07,6.6037404e-07
20013,2023-08-15,1,D0,1,D0,1,D0,True,0.30475384,0.6557598,0.03948248,3.817504e-06,1.2285227e-08,1.9709212e-08
20013,2023-08-22,1,D0,1,D0,1,D0,True,0.019874211,0.7306357,0.24947356,1.6561564e-05,4.1087005e-09,6.9627637e-09
20013,2023-08-29,0,None,1,D0,1,D0,False,0.014986818,0.6356287,0.34909436,0.00028969988,1.9442325e-07,2.2015206e-07
20013,2023-09-05,0,None,0,None,0,None,True,0.66934806,0.3306269,2.3820561e-05,4.982779e-07,5.1242e-07,2.2388276e-07
20013,2023-09-12,0,None,0,None,0,None,True,0.55129135,0.4486299,7.738694e-05,5.7640705e-07,3.9826804e-07,4.114653e-07
20013,2023-09-19,0,None,0,None,0,None,True,0.51721567,0.48261762,0.00016537742,5.7575505e-07,3.6079106e-07,4.0953375e-07
20013,2023-09-26,0,None,0,None,0,None,True,0.5793631,0.420521,0.00010578215,3.701851e-06,4.0502005e-06,2.275962e-06
20013,2023-10-03,1,D0,0,None,0,None,False,0.5815939,0.41831374,7.675428e-05,4.0522314e-06,8.336863e-06,3.2856435e-06
20013,2023-10-10,1,D0,1,D0,1,D0,True,0.0017600147,0.5678345,0.42922,0.0011840534,1.3542278e-06,1.4778627e-07
20013,2023-10-17,1,D0,2,D1,2,D1,False,0.0004756887,0.37155375,0.5939456,0.034017023,7.863815e-06,4.3969578e-08
20013,2023-10-24,1,D0,2,D1,1,D0,True,0.00070523337,0.48427802,0.5109669,0.0040491973,6.69449e-07,1.8224373e-08
20013,2023-10-31,1,D0,1,D0,1,D0,True,0.058681976,0.6565927,0.28309172,0.0016278024,5.209088e-06,5.425453e-07
20013,2023-11-07,1,D0,1,D0,1,D0,True,0.0037721852,0.6464869,0.34951246,0.00022847952,3.95855e-08,2.3189222e-09
20013,2023-11-14,2,D1,2,D1,2,D1,True,0.00014829605,0.45657146,0.5419525,0.001327743,2.0703046e-08,3.8351225e-10
20013,2023-11-21,2,D1,2,D1,2,D1,True,4.9574733e-06,0.053565506,0.7310371,0.21539026,2.2189424e-06,4.725689e-11
20013,2023-11-28,2,D1,2,D1,2,D1,True,3.1645613e-06,0.03000745,0.68877345,0.28121483,1.0870734e-06,1.7611645e-11
20013,2023-12-05,2,D1,2,D1,2,D1,True,2.7993651e-06,0.024335705,0.6802699,0.2953905,1.057261e-06,1.3700064e-11
20013,2023-12-12,2,D1,2,D1,2,D1,True,1.3800187e-06,0.01641317,0.6874043,0.2961807,5.4343354e-07,6.451818e-12
20013,2023-12-19,2,D1,2,D1,2,D1,True,0.00010550032,0.27358902,0.7147516,0.011553754,7.545411e-08,2.4651345e-10
20013,2023-12-26,2,D1,2,D1,2,D1,True,6.005511e-05,0.30515435,0.6897268,0.005058672,1.5577957e-08,6.695747e-11
20013,2024-01-02,2,D1,2,D1,2,D1,True,1.945437e-06,0.11526186,0.86920166,0.015534447,4.0397037e-09,9.052204e-13
20013,2024-01-09,2,D1,2,D1,2,D1,True,2.9507262e-05,0.258846,0.73434716,0.0067772944,1.2251033e-08,3.2405686e-11
20013,2024-01-16,2,D1,2,D1,2,D1,True,2.9946134e-06,0.12828903,0.86223745,0.009470579,2.3370443e-09,8.8509533e-13
20013,2024-01-23,2,D1,2,D1,2,D1,True,2.3342106e-06,0.11685621,0.8751146,0.008026853,1.4270599e-09,4.8691373e-13
20013,2024-01-30,2,D1,2,D1,2,D1,True,4.2749602e-06,0.1519596,0.8425558,0.0054802885,1.5832964e-09,1.6927529e-12
20013,2024-02-06,2,D1,2,D1,2,D1,True,6.186961e-05,0.30628243,0.69085795,0.002797773,7.175349e-09,1.289864e-10
20013,2024-02-13,2,D1,2,D1,2,D1,True,5.324474e-06,0.062488273,0.9209808,0.016525516,9.217681e-09,2.6865758e-11
20013,2024-02-20,2,D1,2,D1,2,D1,True,1.0106352e-05,0.040960155,0.9337019,0.025327872,3.1220804e-08,1.4968668e-10
20013,2024-02-27,2,D1,2,D1,2,D1,True,2.424634e-05,0.038546387,0.9201844,0.041244835,1.4160001e-07,8.379583e-10
20013,2024-03-05,2,D1,2,D1,2,D1,True,2.70338e-05,0.05532635,0.9074481,0.0371984,8.770531e-08,4.7318743e-10
20013,2024-03-12,2,D1,2,D1,2,D1,True,5.8575428e-05,0.106952704,0.8701876,0.022801114,7.389161e-08,8.278428e-10
20013,2024-03-19,2,D1,2,D1,2,D1,True,3.5034966e-05,0.058854233,0.8978159,0.043294724,1.4405812e-07,9.394874e-10
20013,2024-03-26,2,D1,2,D1,2,D1,True,4.725934e-05,0.076954216,0.8773558,0.045642544,1.571967e-07,8.217126e-10
20013,2024-04-02,2,D1,2,D1,2,D1,True,1.0560199e-05,0.010576875,0.7799986,0.20941256,1.4349529e-06,2.770174e-09
20013,2024-04-09,2,D1,2,D1,2,D1,True,6.7520873e-06,0.0071798093,0.7161523,0.2766588,2.2835295e-06,2.3570201e-09
20013,2024-04-16,2,D1,2,D1,2,D1,True,1.0168073e-05,0.006674805,0.67858535,0.31472453,5.0823032e-06,8.942798e-09
20013,2024-04-23,2,D1,2,D1,2,D1,True,5.4087373e-05,0.03469403,0.8066163,0.15863363,1.8604588e-06,7.926096e-09
20013,2024-04-30,2,D1,1,D0,1,D0,False,0.038931362,0.4843193,0.47560328,0.0011447584,2.7252412e-07,9.482754e-07
20013,2024-05-07,1,D0,1,D0,1,D0,True,0.16958074,0.68354726,0.14685859,1.34558e-05,5.542749e-09,2.3774644e-08
20013,2024-05-14,0,None,1,D0,1,D0,False,0.26567698,0.7314619,0.0028612132,6.6240937e-09,2.6633317e-11,6.711342e-11
20013,2024-05-21,0,None,0,None,0,None,True,0.54433745,0.4556362,2.625059e-05,4.5059116e-09,3.949295e-09,2.5471834e-09
20013,2024-05-28,0,None,0,None,0,None,True,0.7728994,0.22709961,9.774883e-07,2.6948073e-09,9.732122e-09,1.1663603e-09
20013,2024-06-04,0,None,0,None,0,None,True,0.78426015,0.21573325,6.439576e-06,2.8383232e-08,6.364887e-08,1.24356445e-08
20013,2024-06-11,0,None,0,None,0,None,True,0.8136183,0.18634042,4.0073308e-05,5.2012257e-07,5.423366e-07,7.254301e-08
20013,2024-06-18,0,None,0,None,0,None,True,0.7583587,0.24157429,6.442616e-05,9.872947e-07,1.0803694e-06,4.5675355e-07
20013,2024-06-25,0,None,0,None,0,None,True,0.7619298,0.23794112,0.0001254297,1.4134604e-06,1.4095056e-06,7.1662595e-07
20013,2024-07-02,0,None,0,None,0,None,True,0.76878643,0.23107667,0.00013389369,1.1478777e-06,1.0739153e-06,7.3132134e-07
20013,2024-07-09,0,None,0,None,0,None,True,0.7684588,0.23144147,9.682273e-05,9.362426e-07,1.0552934e-06,8.761998e-07
20013,2024-07-16,0,None,0,None,0,None,True,0.68674666,0.31314194,0.000109172586,4.8652555e-07,7.262605e-07,9.3606633e-07
20013,2024-07-23,0,None,0,None,0,None,True,0.68154675,0.31809482,0.00035223484,1.7325228e-06,1.6818004e-06,2.8015454e-06
20013,2024-07-30,0,None,0,None,0,None,True,0.6442607,0.35558608,0.00015056218,4.9094626e-07,6.593935e-07,1.5152439e-06
20013,2024-08-06,1,D0,1,D0,1,D0,True,0.35723478,0.6123878,0.030373398,3.5496794e-06,1.3840179e-07,3.1637458e-07
20013,2024-08-13,1,D0,1,D0,1,D0,True,0.036351826,0.6002811,0.3632991,6.7781286e-05,3.662572e-08,1.324671e-07
20013,2024-08-20,2,D1,1,D0,1,D0,False,0.19613782,0.5687266,0.23509412,4.0544237e-05,1.5249469e-07,7.42819e-07
20013,2024-08-27,2,D1,2,D1,2,D1,True,5.0748702e-05,0.087235644,0.72114086,0.19154546,2.7351689e-05,1.0289846e-08
20013,2024-09-03,2,D1,2,D1,2,D1,True,7.675509e-05,0.052262742,0.61501837,0.33256772,7.443142e-05,1.2549532e-08
20013,2024-09-10,2,D1,2,D1,2,D1,True,3.6276786e-05,0.015621951,0.5368802,0.44721648,0.00024499622,3.9787746e-08
20013,2024-09-17,2,D1,2,D1,2,D1,True,6.186322e-05,0.04931708,0.5838544,0.36663815,0.00012854225,3.300059e-08
20013,2024-09-24,2,D1,2,D1,2,D1,True,0.00029579943,0.10544394,0.61049527,0.28347448,0.00029033553,1.4269392e-07
20013,2024-10-01,2,D1,3,D2,3,D2,False,9.655362e-07,0.00046763828,0.461743,0.5376413,0.00014713361,3.164653e-09
20013,2024-10-08,2,D1,3,D2,3,D2,False,6.380635e-07,0.000414464,0.45944762,0.5400431,9.416668e-05,1.0133878e-09
20013,2024-10-15,3,D2,3,D2,3,D2,True,1.8284264e-09,7.1502755e-09,0.006198595,0.90816545,0.08563595,1.2710086e-08
20013,2024-10-22,3,D2,3,D2,3,D2,True,5.194596e-10,3.674138e-10,0.00046958885,0.684865,0.31466538,1.9042666e-08
20013,2024-10-29,3,D2,3,D2,3,D2,True,6.738511e-10,3.04288e-10,0.00013413923,0.570337,0.42952874,7.383174e-08
20013,2024-11-05,2,D1,3,D2,3,D2,False,1.75976e-06,0.00032148612,0.25475356,0.7442871,0.00063620723,2.4272007e-09
20013,2024-11-12,2,D1,1,D0,1,D0,False,0.017784016,0.58788663,0.39183232,0.0024951675,1.7758799e-06,8.216168e-08
20013,2024-11-19,2,D1,2,D1,2,D1,True,0.00035640784,0.32790524,0.66528916,0.0064490703,8.237436e-08,6.4040867e-10
20013,2024-11-26,2,D1,2,D1,2,D1,True,1.1438684e-05,0.14750084,0.83202225,0.020465381,3.92065e-08,1.2484205e-11
20013,2024-12-03,2,D1,2,D1,2,D1,True,2.7360207e-05,0.18994741,0.7972416,0.012783577,6.5929996e-08,5.3745168e-11
20013,2024-12-10,2,D1,2,D1,2,D1,True,5.0901654e-06,0.09415307,0.8889678,0.016874012,3.5553384e-08,8.091228e-12
20013,2024-12-17,2,D1,2,D1,2,D1,True,3.4361865e-06,0.062478498,0.9167924,0.020725615,4.1600824e-08,6.352799e-12
20013,2024-12-24,2,D1,2,D1,2,D1,True,2.2990157e-06,0.035080463,0.9353837,0.02953349,4.96485e-08,3.4115397e-12
20013,2024-12-31,2,D1,2,D1,2,D1,True,8.222641e-06,0.11086301,0.8830846,0.006044207,1.3794906e-08,7.1714483e-12
20013,2025-01-07,2,D1,2,D1,2,D1,True,7.0283536e-06,0.12874942,0.86827546,0.0029680715,3.655364e-09,2.8181416e-12
20013,2025-01-14,2,D1,2,D1,2,D1,True,2.2601369e-06,0.08153963,0.9147652,0.0036929145,2.3518754e-09,9.869559e-13
20013,2025-01-21,2,D1,2,D1,2,D1,True,2.6325645e-06,0.07651026,0.9188225,0.00466456,4.0335464e-09,1.4873106e-12
20013,2025-01-28,2,D1,2,D1,2,D1,True,3.245321e-06,0.07461766,0.920371,0.005008081,4.792257e-09,2.5360972e-12
20013,2025-02-04,1,D0,2,D1,2,D1,False,8.496297e-06,0.12798145,0.8693507,0.0026593439,3.044266e-09,4.8065918e-12
20013,2025-02-11,1,D0,1,D0,1,D0,True,0.10914817,0.8696571,0.021194296,4.0466145e-07,2.006597e-10,1.1261872e-10
20013,2025-02-18,0,None,1,D0,1,D0,False,0.14764032,0.84731495,0.0050447523,1.2063254e-08,8.361636e-12,3.8249148e-12
20013,2025-02-25,0,None,0,None,0,None,True,0.81778336,0.18221632,3.9219898e-07,4.072616e-09,1.1572165e-08,1.6405424e-10
20013,2025-03-04,0,None,0,None,0,None,True,0.81575733,0.18424067,1.803697e-06,3.3216256e-08,6.1183364e-08,1.0959216e-09
20013,2025-03-11,0,None,0,None,0,None,True,0.7600209,0.23997103,7.75219e-06,1.2930244e-07,1.3523567e-07,5.7313816e-09
20013,2025-03-18,0,None,0,None,0,None,True,0.6080576,0.3919234,1.875379e-05,1.00431976e-07,8.108206e-08,1.0645271e-08
20013,2025-03-25,0,None,0,None,0,None,True,0.6028703,0.39710727,2.225484e-05,8.610482e-08,5.7391283e-08,1.1051571e-08
20013,2025-04-01,1,D0,0,None,0,None,False,0.6196661,0.38031563,1.8088962e-05,1.0569749e-07,7.72188e-08,1.4978314e-08
20013,2025-04-08,0,None,1,D0,1,D0,False,0.11257399,0.79519796,0.092223644,4.399261e-06,9.456112e-09,6.1486456e-09
20013,2025-04-15,0,None,0,None,0,None,True,0.6339557,0.3660369,7.288978e-06,4.0688104e-08,6.642394e-08,1.4528449e-08
20013,2025-04-22,0,None,0,None,0,None,True,0.7808647,0.21912749,7.2484268e-06,1.3948464e-07,3.61059e-07,5.3729973e-08
20013,2025-04-29,0,None,0,None,0,None,True,0.83358157,0.16641481,3.0465767e-06,1.0385675e-07,3.7769658e-07,1.00687814e-07
20013,2025-05-06,1,D0,0,None,0,None,False,0.74634176,0.253657,1.2875706e-06,1.3435904e-08,4.064553e-08,4.4099696e-08
20013,2025-05-13,2,D1,1,D0,1,D0,False,0.035956115,0.716619,0.24740303,2.1842974e-05,2.1255266e-08,3.5576452e-08
20013,2025-05-20,2,D1,2,D1,2,D1,True,0.001949448,0.4181552,0.57238543,0.0075095478,3.9006756e-07,5.1775967e-08
20013,2025-05-27,2,D1,1,D0,1,D0,False,0.074554786,0.5351758,0.38992298,0.00034603127,8.182942e-08,2.8642393e-07
20013,2025-06-03,2,D1,2,D1,1,D0,False,0.007584034,0.4846975,0.5070156,0.0007028916,9.549083e-09,7.1777477e-09
20013,2025-06-10,2,D1,1,D0,1,D0,False,0.04353021,0.5377067,0.4181534,0.00060953735,7.0514865e-08,1.1957522e-07
20013,2025-06-17,2,D1,1,D0,1,D0,False,0.012699603,0.50255424,0.4836221,0.0011239521,4.467954e-08,2.356072e-08
20013,2025-06-24,2,D1,1,D0,1,D0,False,0.030075064,0.54453355,0.42473155,0.00065973785,6.8169484e-08,7.028882e-08
20013,2025-07-01,1,D0,1,D0,1,D0,True,0.013420784,0.50866085,0.47641295,0.0015052005,1.4478205e-07,6.4196854e-08
20013,2025-07-08,1,D0,1,D0,1,D0,True,0.4146259,0.5830558,0.0023179485,3.2113277e-07,1.2874465e-08,1.947547e-08
20013,2025-07-15,1,D0,1,D0,1,D0,True,0.3682405,0.6266958,0.00506322,4.5582698e-07,6.740978e-09,8.470027e-09
20013,2025-07-22,0,None,1,D0,1,D0,False,0.4267698,0.57115674,0.0020725022,8.982034e-07,2.8633588e-08,2.5890111e-08
20013,2025-07-29,0,None,0,None,0,None,True,0.8687216,0.13127609,1.4088871e-06,2.4457162e-07,4.549611e-07,1.4946603e-07
20013,2025-08-05,0,None,0,None,0,None,True,0.81916595,0.18083008,2.9240182e-06,3.1530524e-07,5.879268e-07,1.9967884e-07
20013,2025-08-12,0,None,0,None,0,None,True,0.8131238,0.18686621,7.053901e-06,8.6061294e-07,1.4489001e-06,5.821667e-07
20013,2025-08-19,0,None,0,None,0,None,True,0.7571316,0.2428646,2.9890919e-06,2.0496866e-07,4.602766e-07,2.4616614e-07
20013,2025-08-26,0,None,0,None,0,None,True,0.72958493,0.27040923,4.7692056e-06,2.1052497e-07,4.9170666e-07,2.859813e-07
20013,2025-09-02,0,None,0,None,0,None,True,0.7281327,0.27184695,1.7886661e-05,6.989886e-07,1.3171959e-06,5.086517e-07
20013,2025-09-09,0,None,0,None,0,None,True,0.76665705,0.23333958,2.837287e-06,1.4260728e-07,3.3042474e-07,8.597134e-08
20013,2025-09-16,1,D0,0,None,0,None,False,0.6747705,0.3252212,7.3977794e-06,2.508187e-07,5.001959e-07,1.8950271e-07
20013,2025-09-23,0,None,1,D0,1,D0,False,0.4821624,0.51699847,0.00083533017,3.0892752e-06,4.481717e-07,3.1511146e-07
20013,2025-09-30,0,None,0,None,0,None,True,0.5360434,0.46380842,0.0001466657,1.0789089e-06,3.406841e-07,1.3244426e-07
20013,2025-10-07,0,None,0,None,0,None,True,0.50621384,0.49317133,0.0006094309,4.372373e-06,8.5340395e-07,1.5658443e-07
20013,2025-10-14,0,None,0,None,0,None,True,0.51380074,0.48526037,0.000909556,2.0513618e-05,8.086569e-06,7.369878e-07
20013,2025-10-21,0,None,0,None,0,None,True,0.5707618,0.4288866,0.00034064858,5.4904463e-06,5.258271e-06,2.3328263e-07
20013,2025-10-28,0,None,0,None,0,None,True,0.72631377,0.27355668,0.00010314083,6.916308e-06,1.927098e-05,2.1196864e-07
20013,2025-11-04,0,None,0,None,0,None,True,0.66917276,0.33068848,0.00012653708,5.184404e-06,6.897015e-06,1.9073019e-07
20013,2025-11-11,0,None,0,None,0,None,True,0.5730365,0.42621514,0.0007309574,1.1547291e-05,5.4718407e-06,4.12747e-07
20013,2025-11-18,0,None,0,None,0,None,True,0.56136173,0.43772253,0.00090889906,5.1160127e-06,1.6089012e-06,1.204706e-07
20013,2025-11-25,0,None,0,None,0,None,True,0.8598439,0.13980763,0.00027156554,3.7422127e-05,3.9132316e-05,3.3258382e-07
20013,2025-12-02,0,None,0,None,0,None,True,0.8523353,0.14755684,9.274431e-05,8.964035e-06,6.0538805e-06,7.924316e-08
20013,2025-12-09,0,None,0,None,0,None,True,0.6410635,0.35823962,0.0006881517,7.896356e-06,8.63548e-07,4.412429e-08
20013,2025-12-16,0,None,0,None,0,None,True,0.7473182,0.25243324,0.00023310515,9.643012e-06,5.4646475e-06,2.8863352e-07
20013,2025-12-23,0,None,0,None,0,None,True,0.6117831,0.38799396,0.00022188401,8.9090935e-07,2.2338486e-07,2.5664338e-08
20013,2025-12-30,0,None,1,D0,1,D0,False,0.45329103,0.5453871,0.0013203605,1.3472313e-06,1.05230455e-07,2.4152257e-08
20015,2022-01-04,0,None,0,None,0,None,True,0.53868073,0.46129262,2.6411306e-05,3.237056e-08,6.527793e-08,1.3099843e-07
20015,2022-01-11,1,D0,0,None,0,None,False,0.52290034,0.4770688,3.0665436e-05,2.3280663e-08,4.3062535e-08,8.984046e-08
20015,2022-01-18,1,D0,1,D0,1,D0,True,0.0029247957,0.74303716,0.2540339,4.12306e-06,1.1132748e-09,3.8704293e-09
20015,2022-01-25,1,D0,1,D0,1,D0,True,0.00048408072,0.54707205,0.45236063,8.3284096e-05,1.3980601e-09,2.2224864e-09
20015,2022-02-01,1,D0,1,D0,1,D0,True,0.0001983723,0.5429065,0.45682442,7.06871e-05,1.1823289e-09,2.0079514e-09
20015,2022-02-08,1,D0,1,D0,1,D0,True,0.0009317678,0.54523665,0.45373857,9.2999944e-05,2.1757784e-09,4.94759e-09
20015,2022-02-15,1,D0,1,D0,1,D0,True,0.00024677542,0.53509337,0.46457094,8.895743e-05,2.1950424e-09,3.85753e-09
20015,2022-02-22,1,D0,1,D0,1,D0,True,0.00062727876,0.5399657,0.45928407,0.00012295558,2.5438247e-09,5.593749e-09
20015,2022-03-01,1,D0,1,D0,1,D0,True,0.000457647,0.5523229,0.4471427,7.67736e-05,2.3324942e-09,7.659443e-09
20015,2022-03-08,1,D0,1,D0,1,D0,True,0.0036898134,0.5950967,0.40118113,3.233877e-05,1.4997577e-09,8.112237e-09
20015,2022-03-15,1,D0,1,D0,1,D0,True,0.006171087,0.6289963,0.364815,1.7584978e-05,1.6768201e-09,9.182246e-09
20015,2022-03-22,0,None,1,D0,1,D0,False,0.20005317,0.7400634,0.0598808,2.5697893e-06,5.793542e-09,1.6344378e-08
20015,2022-03-29,0,None,0,None,0,None,True,0.78450584,0.21549357,4.676735e-07,1.4045152e-08,7.146771e-08,3.4645193e-08
20015,2022-04-05,0,None,0,None,0,None,True,0.72419345,0.27580187,3.4524924e-06,2.34894e-07,8.071705e-07,2.503457e-07
20015,2022-04-12,0,None,0,None,0,None,True,0.63379663,0.3661723,2.5143552e-05,1.2735686e-06,2.974997e-06,1.5998097e-06
20015,2022-04-19,0,None,0,None,0,None,True,0.5626743,0.43726313,5.867347e-05,7.020267e-07,1.5828958e-06,1.545417e-06
20015,2022-04-26,1,D0,0,None,0,None,False,0.5618943,0.43802294,7.933892e-05,6.539275e-07,1.1811861e-06,1.5244907e-06
20015,2022-05-03,0,None,1,D0,1,D0,False,0.27480134,0.66307133,0.062100552,2.4553347e-05,8.6594434e-07,1.3416919e-06
20015,2022-05-10,0,None,0,None,0,None,True,0.83848816,0.1615095,7.2706257e-07,1.7076052e-07,1.1555828e-06,2.9142993e-07
20015,2022-05-17,0,None,0,None,0,None,True,0.75155383,0.24844398,1.2277666e-06,1.0993896e-07,5.4551543e-07,2.221919e-07
20015,2022-05-24,0,None,0,None,0,None,True,0.6636641,0.33629462,3.784337e-05,6.852829e-07,1.7601578e-06,1.03236e-06
20015,2022-05-31,0,None,0,None,0,None,True,0.7866517,0.2132979,4.089884e-05,2.1258377e-06,5.800004e-06,1.5894648e-06
20015,2022-06-07,0,None,0,None,0,None,True,0.83489156,0.16508521,1.670232e-05,1.4660964e-06,3.8561716e-06,1.1884356e-06
20015,2022-06-14,0,None,0,None,0,None,True,0.8076982,0.19229281,5.4168468e-06,5.587025e-07,2.1912501e-06,8.7075585e-07
20015,2022-06-21,0,None,0,None,0,None,True,0.744534,0.25544629,1.0411074e-05,1.2058659e-06,5.2306304e-06,2.8776328e-06
20015,2022-06-28,0,None,0,None,0,None,True,0.724013,0.2759591,2.2645048e-05,8.346245e-07,2.7030644e-06,1.8172007e-06
20015,2022-07-05,0,None,0,None,0,None,True,0.6756367,0.32435247,9.206564e-06,2.1434504e-07,8.059658e-07,6.620513e-07
20015,2022-07-12,0,None,0,None,0,None,True,0.6072786,0.39266932,4.7811343e-05,6.176417e-07,1.8168879e-06,1.9169581e-06
20015,2022-07-19,1,D0,0,None,0,None,False,0.5797281,0.4200855,0.00016290242,3.1855898e-06,8.629512e-06,1.1671065e-05
20015,2022-07-26,2,D1,1,D0,1,D0,False,0.023135656,0.6991047,0.27765825,0.00010114974,5.6208105e-08,6.070327e-08
20015,2022-08-02,2,D1,2,D1,2,D1,True,0.0006430564,0.2049599,0.6871715,0.107206225,1.9194273e-05,1.5415456e-07
20015,2022-08-09,2,D1,2,D1,2,D1,True,2.9660985e-06,0.0023032806,0.55457664,0.44309592,2.118111e-05,2.625301e-09
20015,2022-08-16,2,D1,3,D2,3,D2,False,2.2420088e-06,0.00047545307,0.45818466,0.54107654,0.00026107172,1.5021117e-08
20015,2022-08-23,2,D1,3,D2,3,D2,False,1.06956795e-05,7.8469886e-05,0.22692509,0.7300853,0.04289768,2.7621243e-06
20015,2022-08-30,3,D2,3,D2,3,D2,True,1.294382e-05,0.00018648978,0.2802455,0.7107814,0.008773317,3.3643104e-07
20015,2022-09-06,3,D2,3,D2,3,D2,True,1.693118e-07,6.41358e-08,0.004507999,0.66141635,0.33394065,0.0001347765
20015,2022-09-13,3,D2,4,D3,4,D3,False,3.2409444e-06,9.5160084e-07,0.0019766157,0.339566,0.65348583,0.004967354
20015,2022-09-20,4,D3,3,D2,3,D2,False,2.0510086e-05,1.9527812e-05,0.021408033,0.5104578,0.46719977,0.0008943784
20015,2022-09-27,4,D3,4,D3,4,D3,True,1.9462711e-06,7.7682074e-07,2.6747028e-05,0.015226771,0.7989043,0.18583949
20015,2022-10-04,5,D4,5,D4,5,D4,True,2.8096912e-07,2.7813888e-07,1.1809415e-06,0.0004748561,0.46567667,0.53384674
20015,2022-10-11,5,D4,5,D4,5,D4,True,1.054746e-06,2.1112303e-06,2.7752576e-06,0.0001787637,0.22367905,0.7761363
20015,2022-10-18,5,D4,5,D4,5,D4,True,2.3743208e-07,4.4196338e-07,5.710929e-07,7.863604e-05,0.1993108,0.8006093
20015,2022-10-25,5,D4,5,D4,5,D4,True,4.280746e-07,7.469535e-07,1.5316583e-06,0.00016795064,0.27264008,0.72718924
20015,2022-11-01,4,D3,5,D4,5,D4,False,1.7873256e-07,3.6219055e-07,4.624101e-07,4.9252652e-05,0.19983207,0.8001177
20015,2022-11-08,3,D2,4,D3,4,D3,False,9.424587e-05,4.5076886e-05,0.0013585824,0.05594215,0.7795068,0.16305321
20015,2022-11-15,3,D2,4,D3,4,D3,False,5.0254534e-06,2.0732211e-06,0.008010066,0.43053383,0.5611116,0.0003374144
20015,2022-11-22,3,D2,4,D3,4,D3,False,2.1354893e-07,2.0180677e-08,0.0012460644,0.3553858,0.6432049,0.00016297646
20015,2022-11-29,3,D2,4,D3,4,D3,False,2.0749003e-06,5.7618894e-07,0.005489901,0.36625743,0.6281282,0.0001218792
20015,2022-12-06,3,D2,4,D3,4,D3,False,4.616542e-07,1.4144068e-07,0.0055354256,0.42640072,0.5680167,4.6512603e-05
20015,2022-12-13,3,D2,3,D2,3,D2,True,8.966155e-07,3.2626738e-07,0.006307306,0.5032874,0.49025574,0.00014835242
20015,2022-12-20,3,D2,3,D2,3,D2,True,3.5056003e-06,7.0850333e-06,0.03858287,0.6416389,0.31974047,2.7265982e-05
20015,2022-12-27,3,D2,3,D2,3,D2,True,2.6222344e-06,4.180659e-06,0.026770923,0.6409183,0.33225742,4.6531888e-05
20015,2023-01-03,3,D2,3,D2,3,D2,True,5.8207856e-06,1.3960864e-05,0.049721148,0.61652523,0.33368918,4.468673e-05
20015,2023-01-10,3,D2,3,D2,3,D2,True,1.0562808e-07,4.486767e-08,0.00080041745,0.5491787,0.44996735,5.3391926e-05
20015,2023-01-17,3,D2,3,D2,3,D2,True,2.563673e-07,1.9334723e-07,0.0016974102,0.5278986,0.4703709,3.2610624e-05
20015,2023-01-24,3,D2,4,D3,3,D2,True,7.248043e-07,8.338237e-07,0.0035077967,0.48926184,0.5071878,4.107982e-05
20015,2023-01-31,3,D2,4,D3,3,D2,True,3.9115508e-07,1.4750125e-07,0.0007232001,0.49635723,0.50281197,0.00010711422
20015,2023-02-07,3,D2,4,D3,4,D3,False,1.6645839e-07,1.1497419e-08,5.0825976e-05,0.35117465,0.64779735,0.0009769272
20015,2023-02-14,3,D2,4,D3,4,D3,False,3.0815715e-07,3.4565602e-08,6.8425456e-05,0.25759226,0.74132466,0.0010143969
20015,2023-02-21,3,D2,4,D3,4,D3,False,2.3245373e-06,4.104418e-07,0.00036223343,0.35808554,0.64069796,0.0008515712
20015,2023-02-28,2,D1,4,D3,4,D3,False,4.5187988e-07,3.2342403e-08,8.6265114e-05,0.31430045,0.68414277,0.0014700062
20015,2023-03-07,2,D1,3,D2,3,D2,False,3.1605e-05,0.0002805589,0.1495898,0.8049681,0.045053918,7.598018e-05
20015,2023-03-14,2,D1,3,D2,3,D2,False,5.6027155e-05,0.0018357043,0.33924326,0.65414494,0.00470635,1.3727126e-05
20015,2023-03-21,2,D1,3,D2,3,D2,False,1.5176519e-05,0.001031545,0.33669856,0.66107374,0.0011801884,8.299767e-07
20015,2023-03-28,2,D1,3,D2,3,D2,False,8.22618e-05,0.0049096933,0.37280905,0.62002283,0.0021713618,4.8054026e-06
20015,2023-04-04,2,D1,3,D2,3,D2,False,1.538177e-05,0.0006871317,0.294162,0.70197946,0.0031542757,1.7341993e-06
20015,2023-04-11,3,D2,3,D2,3,D2,True,0.0001175999,0.0015369441,0.25724235,0.7001441,0.040728193,0.00023078517
20015,2023-04-18,3,D2,4,D3,4,D3,False,1.3517171e-06,3.2482106e-07,0.00076294766,0.39304656,0.60428107,0.0019077309
20015,2023-04-25,4,D3,4,D3,4,D3,True,6.7904384e-06,1.7813765e-06,0.00030362915,0.10461332,0.8725889,0.022485573
20015,2023-05-02,5,D4,4,D3,4,D3,False,2.4047772e-06,1.6597811e-06,1.41204155e-05,0.0027844724,0.81336164,0.1838356
20015,2023-05-09,5,D4,5,D4,5,D4,True,2.0098214e-07,6.2743555e-07,3.7108265e-07,2.016149e-05,0.15617722,0.84380144
20015,2023-05-16,5,D4,5,D4,5,D4,True,0.00023061992,0.0004341613,0.0013833335,0.006300581,0.34010366,0.6515476
20015,2023-05-23,5,D4,5,D4,5,D4,True,1.8720908e-07,6.7811663e-07,7.686985e-07,1.6635611e-05,0.10552384,0.8944579
20015,2023-05-30,5,D4,5,D4,5,D4,True,3.2439823e-06,1.02885615e-05,2.9309776e-05,0.00022830274,0.20404291,0.79568595
20015,2023-06-06,5,D4,5,D4,5,D4,True,0.00029793236,0.0005246828,0.001988038,0.006743866,0.3572253,0.63322014
20015,2023-06-13,5,D4,5,D4,5,D4,True,9.841477e-07,3.3872163e-06,7.3499696e-06,8.816873e-05,0.16013193,0.8397682
20015,2023-06-20,5,D4,5,D4,5,D4,True,5.9686586e-06,1.7949447e-05,7.083853e-05,0.0007503845,0.2124776,0.7866772
20015,2023-06-27,5,D4,5,D4,5,D4,True,2.1258188e-06,7.04516e-06,3.3508262e-05,0.0008619612,0.25472996,0.7443654
20015,2023-07-04,5,D4,5,D4,5,D4,True,3.394224e-06,8.853912e-06,0.000120989156,0.0045052622,0.25090596,0.7444555
20015,2023-07-11,4,D3,5,D4,5,D4,False,1.8671149e-06,2.9744813e-06,5.42161e-05,0.0034454968,0.21697076,0.7795246
20015,2023-07-18,4,D3,5,D4,5,D4,False,9.457748e-08,1.570027e-07,2.1890128e-06,0.0006751769,0.27794626,0.7213762
20015,2023-07-25,4,D3,5,D4,5,D4,False,2.2568727e-07,3.8802656e-07,5.9359286e-06,0.00061609637,0.33334565,0.66603166
20015,2023-08-01,4,D3,5,D4,5,D4,False,1.1050551e-08,2.8286797e-08,2.684928e-07,5.2555257e-05,0.29152238,0.7084248
20015,2023-08-08,4,D3,5,D4,5,D4,False,8.8154145e-08,1.8386416e-07,2.242923e-06,0.00018723977,0.33270937,0.66710097
20015,2023-08-15,4,D3,5,D4,5,D4,False,5.3059587e-08,8.123929e-08,1.5774466e-06,0.00017521827,0.4495894,0.55023366
20015,2023-08-22,4,D3,4,D3,4,D3,True,1.5610753e-09,1.6071462e-09,9.317677e-08,7.996949e-05,0.6620284,0.33789152
20015,2023-08-29,4,D3,4,D3,4,D3,True,1.324135e-07,7.374308e-08,1.2151908e-05,0.0021852732,0.848983,0.14881945
20015,2023-09-05,4,D3,4,D3,4,D3,True,3.687669e-08,2.6659949e-08,1.2730552e-06,0.00048096298,0.7796258,0.219892
20015,2023-09-12,4,D3,4,D3,4,D3,True,3.2358477e-07,1.9155186e-07,1.3522031e-05,0.0023967666,0.76554734,0.23204188
20015,2023-09-19,4,D3,4,D3,4,D3,True,2.0126576e-08,1.6183389e-08,6.05298e-07,0.00037564206,0.6612427,0.338381
20015,2023-09-26,4,D3,4,D3,4,D3,True,1.241723e-06,4.671477e-07,0.00013674425,0.03380397,0.89271194,0.07334557
20015,2023-10-03,4,D3,4,D3,4,D3,True,4.799463e-08,3.192604e-08,2.1533974e-06,0.0016365544,0.742886,0.25547525
20015,2023-10-10,4,D3,4,D3,4,D3,True,1.9156754e-08,1.0178558e-08,1.0446773e-06,0.0013811383,0.8118199,0.18679792
20015,2023-10-17,4,D3,4,D3,4,D3,True,1.8187124e-07,6.744933e-08,1.9641957e-05,0.015664855,0.9458219,0.038493276
20015,2023-10-24,4,D3,4,D3,4,D3,True,1.697497e-08,9.756536e-09,9.2417605e-07,0.0013800994,0.8395403,0.15907863
20015,2023-10-31,3,D2,4,D3,4,D3,False,1.7597841e-06,1.083572e-06,0.0030025758,0.34146276,0.6547993,0.00073252636
20015,2023-11-07,3,D2,3,D2,3,D2,True,1.413606e-07,1.26818e-06,0.039673723,0.8789321,0.081392154,6.389307e-07
20015,2023-11-14,3,D2,3,D2,3,D2,True,6.4248994e-08,3.6491502e-07,0.030608678,0.9506039,0.018786624,3.2229326e-07
20015,2023-11-21,3,D2,3,D2,3,D2,True,5.770329e-07,3.3796146e-05,0.18937239,0.8079434,0.0026498616,3.209888e-08
20015,2023-11-28,3,D2,3,D2,3,D2,True,5.9213235e-08,3.3028716e-06,0.11387032,0.8854016,0.0007247424,2.4348195e-09
20015,2023-12-05,2,D1,3,D2,3,D2,False,6.371855e-08,2.9867247e-06,0.106492884,0.89254564,0.0009583837,3.3576275e-09
20015,2023-12-12,2,D1,2,D1,2,D1,True,2.361724e-05,0.12878528,0.793951,0.077239774,4.4937434e-07,1.3195212e-09
20015,2023-12-19,2,D1,2,D1,2,D1,True,0.00018128168,0.31477004,0.68014425,0.004904369,4.9860088e-08,3.8867887e-09
20015,2023-12-26,1,D0,2,D1,2,D1,False,0.00018414296,0.34138018,0.6555553,0.0028803665,3.9142172e-08,4.611896e-09
20015,2024-01-02,1,D0,1,D0,1,D0,True,0.11145588,0.81537664,0.073165596,1.8303102e-06,3.333621e-09,8.715886e-09
20015,2024-01-09,1,D0,1,D0,1,D0,True,0.22054523,0.7698013,0.009653413,1.23187e-07,1.107412e-09,1.1519283e-09
20015,2024-01-16,1,D0,1,D0,1,D0,True,0.21515143,0.7815195,0.0033291571,1.4597028e-08,1.2912074e-10,8.375838e-11
20015,2024-01-23,1,D0,1,D0,1,D0,True,0.20092455,0.7961315,0.0029439607,6.297064e-09,5.580193e-11,3.2303688e-11
20015,2024-01-30,1,D0,1,D0,1,D0,True,0.19707367,0.79865247,0.0042738128,1.0286418e-08,1.3262157e-10,6.4726995e-11
20015,2024-02-06,1,D0,1,D0,1,D0,True,0.25675124,0.7419848,0.0012639369,1.0184722e-08,8.8586e-10,3.3166503e-10
20015,2024-02-13,0,None,1,D0,1,D0,False,0.16744485,0.8210435,0.011511548,4.926382e-08,4.7019566e-10,1.903186e-10
20015,2024-02-20,0,None,0,None,0,None,True,0.7726872,0.22731198,3.7492026e-07,1.6669983e-08,4.925068e-07,1.6021277e-08
20015,2024-02-27,0,None,0,None,0,None,True,0.80392426,0.19605443,8.258959e-06,1.5502177e-06,1.120037e-05,3.3401312e-07
20015,2024-03-05,0,None,0,None,0,None,True,0.75479996,0.24518514,8.672954e-06,9.0291456e-07,5.2240466e-06,2.206692e-07
20015,2024-03-12,0,None,0,None,0,None,True,0.7941623,0.20582467,5.9925214e-06,9.293245e-07,5.8717083e-06,3.3657386e-07
20015,2024-03-19,0,None,0,None,0,None,True,0.7585944,0.24139391,6.592287e-06,7.3866556e-07,4.0410064e-06,2.9580636e-07
20015,2024-03-26,0,None,0,None,0,None,True,0.7831146,0.21686444,1.023251e-05,1.716157e-06,8.2510705e-06,7.35541e-07
20015,2024-04-02,0,None,0,None,0,None,True,0.66915166,0.33082065,2.103945e-05,1.3851053e-06,4.2846796e-06,8.991915e-07
20015,2024-04-09,0,None,0,None,0,None,True,0.53073907,0.4691525,0.00010342269,1.1351882e-06,2.5400752e-06,1.3338846e-06
20015,2024-04-16,1,D0,1,D0,0,None,False,0.48841235,0.51104844,0.00053040957,2.1769251e-06,3.545684e-06,3.0585506e-06
20015,2024-04-23,1,D0,1,D0,1,D0,True,0.0012300789,0.62411964,0.37460694,4.327427e-05,3.1577674e-08,1.4080507e-08
20015,2024-04-30,1,D0,1,D0,1,D0,True,0.10736203,0.4983837,0.391261,0.0029452266,2.0113086e-05,2.792055e-05
20015,2024-05-07,1,D0,1,D0,1,D0,True,0.35523054,0.6288532,0.015907614,7.992058e-06,2.7422797e-07,3.4489833e-07
20015,2024-05-14,1,D0,1,D0,1,D0,True,0.27992734,0.6670299,0.053030565,1.20108025e-05,9.299834e-08,1.0107746e-07
20015,2024-05-21,0,None,1,D0,1,D0,False,0.28999028,0.5988491,0.11094728,0.000207469,2.9411883e-06,2.8693044e-06
20015,2024-05-28,0,None,0,None,0,None,True,0.6593438,0.34055665,9.6480304e-05,1.374422e-06,1.3329058e-06,4.906892e-07
20015,2024-06-04,0,None,0,None,0,None,True,0.65208703,0.34750405,0.00039201538,8.263572e-06,6.478685e-06,2.1964697e-06
20015,2024-06-11,0,None,0,None,0,None,True,0.74954903,0.25030178,0.00012548896,8.802814e-06,1.1610454e-05,3.2972507e-06
20015,2024-06-18,0,None,0,None,0,None,True,0.7932081,0.20677325,1.3699387e-05,1.0838095e-06,2.531074e-06,1.3223757e-06
20015,2024-06-25,1,D0,0,None,0,None,False,0.74040854,0.25954348,3.772656e-05,2.236275e-06,5.0005624e-06,3.0678568e-06
20015,2024-07-02,1,D0,1,D0,1,D0,True,0.27505246,0.63314366,0.09178388,1.9355588e-05,2.2788083e-07,3.6224122e-07
20015,2024-07-09,1,D0,1,D0,1,D0,True,0.2946888,0.6677329,0.03757328,4.791395e-06,1.0203945e-07,1.3864981e-07
20015,2024-07-16,1,D0,1,D0,1,D0,True,0.10173008,0.67045045,0.22779842,2.0781234e-05,5.3374542e-08,1.368635e-07
20015,2024-07-23,1,D0,1,D0,1,D0,True,0.15370621,0.628322,0.21792948,4.041244e-05,4.114161e-07,1.3877018e-06
20015,2024-07-30,2,D1,1,D0,1,D0,False,0.0075909705,0.6157263,0.37658608,9.631804e-05,8.0458875e-08,2.6793728e-07
20015,2024-08-06,2,D1,2,D1,2,D1,True,2.7094018e-05,0.102065146,0.83114165,0.06676538,7.739064e-07,1.1183165e-08
20015,2024-08-13,2,D1,2,D1,2,D1,True,0.00060802297,0.22962672,0.7360585,0.033705216,1.5032509e-06,1.15666076e-07
20015,2024-08-20,1,D0,2,D1,2,D1,False,0.0017705734,0.30615327,0.65321887,0.03884839,8.076548e-06,8.767055e-07
20015,2024-08-27,1,D0,2,D1,2,D1,False,0.005203724,0.42215315,0.55697155,0.015666237,4.559095e-06,7.069341e-07
20015,2024-09-03,1,D0,2,D1,2,D1,False,0.0039805914,0.4566604,0.514311,0.02503825,9.3224e-06,3.588337e-07
20015,2024-09-10,1,D0,2,D1,2,D1,False,0.0020363636,0.41687548,0.54399025,0.037085164,1.2538245e-05,2.4659343e-07
20015,2024-09-17,1,D0,1,D0,1,D0,True,0.0024808731,0.5186872,0.473629,0.0052019386,8.329945e-07,5.3481344e-08
20015,2024-09-24,1,D0,1,D0,1,D0,True,0.008929585,0.5279962,0.4551405,0.007924638,8.427555e-06,6.33602e-07
20015,2024-10-01,1,D0,1,D0,1,D0,True,0.04030037,0.80600744,0.15368654,5.702596e-06,7.729682e-09,4.6851785e-09
20015,2024-10-08,1,D0,1,D0,1,D0,True,0.0013353357,0.666367,0.3322457,5.1951378e-05,9.507724e-09,1.7823033e-09
20015,2024-10-15,1,D0,1,D0,1,D0,True,0.0012779892,0.6663267,0.33233875,5.652803e-05,2.898667e-08,6.818029e-09
20015,2024-10-22,2,D1,1,D0,1,D0,False,0.003785626,0.69476557,0.3014252,2.360966e-05,7.714299e-09,3.5641976e-09
20015,2024-10-29,2,D1,2,D1,2,D1,True,2.8625172e-06,0.018194117,0.68613666,0.29564705,1.9321687e-05,3.6566596e-09
20015,2024-11-05,1,D0,2,D1,1,D0,True,0.033888236,0.4669354,0.48174524,0.01737788,4.450459e-05,8.732304e-06
20015,2024-11-12,1,D0,1,D0,1,D0,True,0.40236813,0.59681165,0.0008196957,4.3982504e-07,5.8971697e-08,2.6965864e-08
20015,2024-11-19,1,D0,0,None,0,None,False,0.5364478,0.46339187,0.00015971018,4.725812e-07,1.4493435e-07,1.3116518e-08
20015,2024-11-26,1,D0,0,None,0,None,False,0.6580574,0.34181854,0.00012257989,1.0407387e-06,3.1417864e-07,6.7207e-09
20015,2024-12-03,1,D0,0,None,0,None,False,0.604401,0.3954693,0.00012902742,5.7239083e-07,8.9780244e-08,2.2181845e-09
20015,2024-12-10,1,D0,1,D0,1,D0,True,0.43823424,0.56147474,0.00029087337,1.6856389e-07,1.2154751e-08,9.458904e-10
20015,2024-12-17,1,D0,1,D0,1,D0,True,0.31290048,0.6862865,0.0008129418,5.317596e-08,1.1400164e-09,2.4165922e-10
20015,2024-12-24,1,D0,1,D0,1,D0,True,0.25058636,0.7455351,0.0038783916,2.0011201e-07,2.5080982e-09,1.0197346e-09
20015,2024-12-31,1,D0,1,D0,1,D0,True,0.37023047,0.6295383,0.00023122554,2.3883924e-08,1.866656e-09,1.0592015e-09
20015,2025-01-07,1,D0,1,D0,1,D0,True,0.39157784,0.60826993,0.00015229032,2.6741857e-08,2.4527056e-09,1.0818207e-09
20015,2025-01-14,1,D0,1,D0,1,D0,True,0.3506939,0.6490221,0.00028401965,1.5099888e-08,8.6931223e-10,3.6778258e-10
20015,2025-01-21,1,D0,1,D0,1,D0,True,0.38301337,0.6168493,0.00013728117,1.1466552e-08,1.1750361e-09,5.706944e-10
20015,2025-01-28,1,D0,1,D0,1,D0,True,0.35263577,0.6470896,0.00027462788,1.1630084e-08,1.4616099e-09,1.1532157e-09
20015,2025-02-04,1,D0,1,D0,1,D0,True,0.4274538,0.5724575,8.86658e-05,1.6150514e-08,6.330776e-09,5.9014265e-09
20015,2025-02-11,1,D0,1,D0,1,D0,True,0.38410413,0.61498606,0.0009097581,6.164424e-08,6.966578e-09,1.1800835e-08
20015,2025-02-18,1,D0,1,D0,1,D0,True,0.43229514,0.56714785,0.00055690506,8.364082e-08,7.311185e-09,1.473754e-08
20015,2025-02-25,1,D0,1,D0,1,D0,True,0.42388874,0.5750319,0.0010791862,1.4623474e-07,1.5172855e-08,3.2372743e-08
20015,2025-03-04,1,D0,1,D0,1,D0,True,0.3728877,0.6221731,0.0049389186,2.9841397e-07,1.2150785e-08,3.1364895e-08
20015,2025-03-11,1,D0,1,D0,1,D0,True,0.34325945,0.6392226,0.01751636,1.4429065e-06,2.9834432e-08,7.1182036e-08
20015,2025-03-18,1,D0,1,D0,1,D0,True,0.0036215314,0.6406239,0.35574234,1.21239245e-05,8.770895e-10,8.6629914e-10
20015,2025-03-25,2,D1,2,D1,2,D1,True,0.00023812085,0.4770877,0.52253246,0.00014161823,5.540787e-10,1.1695148e-10
20015,2025-04-01,2,D1,2,D1,2,D1,True,1.3071736e-05,0.09251406,0.8202094,0.08726288,5.8630525e-07,1.5762065e-09
20015,2025-04-08,2,D1,2,D1,2,D1,True,0.0020383582,0.33170435,0.64616376,0.020091414,1.7504049e-06,3.4736487e-07
20015,2025-04-15,2,D1,2,D1,2,D1,True,0.0001237073,0.018517155,0.68311805,0.29809347,0.00014289116,4.7641474e-06
20015,2025-04-22,1,D0,1,D0,1,D0,True,0.043580573,0.47861758,0.47600564,0.0017885244,1.2247878e-06,6.4418014e-06
20015,2025-04-29,1,D0,1,D0,1,D0,True,0.34780404,0.6148341,0.037356943,4.318377e-06,6.6306576e-08,5.091264e-07
20015,2025-05-06,1,D0,1,D0,1,D0,True,0.04513002,0.6814318,0.27340513,3.301974e-05,7.896969e-09,4.686053e-08
20015,2025-05-13,2,D1,1,D0,1,D0,False,0.015682658,0.53206897,0.4508347,0.0014121509,4.7270277e-07,1.0956802e-06
20015,2025-05-20,2,D1,1,D0,1,D0,False,0.11267988,0.585992,0.3012257,0.00010199871,7.8763215e-08,4.14488e-07
20015,2025-05-27,1,D0,1,D0,1,D0,True,0.19357154,0.5976912,0.20870325,3.3769225e-05,5.162889e-08,2.2381099e-07
20015,2025-06-03,0,None,1,D0,1,D0,False,0.46288002,0.5367685,0.00035150693,1.9803947e-08,2.0004998e-09,2.8739693e-09
20015,2025-06-10,0,None,0,None,0,None,True,0.8309449,0.16905417,9.570292e-07,5.046764e-09,2.398052e-08,5.6874923e-09
20015,2025-06-17,0,None,0,None,0,None,True,0.8298329,0.17016456,2.573615e-06,1.984622e-08,4.6622993e-08,9.510669e-09
20015,2025-06-24,0,None,0,None,0,None,True,0.8329898,0.16699961,1.0109515e-05,1.6650182e-07,2.2600645e-07,8.6796526e-08
20015,2025-07-01,0,None,0,None,0,None,True,0.8298039,0.17017142,2.3622131e-05,4.515753e-07,4.3030522e-07,1.605878e-07
20015,2025-07-08,0,None,0,None,0,None,True,0.77577883,0.22419651,2.3777424e-05,3.0937636e-07,3.3474603e-07,2.4124517e-07
20015,2025-07-15,0,None,0,None,0,None,True,0.7296596,0.27026144,7.699504e-05,6.260219e-07,6.384921e-07,6.291888e-07
20015,2025-07-22,0,None,0,None,0,None,True,0.776376,0.22351739,0.000103914346,9.575706e-07,9.662735e-07,7.2374473e-07
20015,2025-07-29,0,None,0,None,0,None,True,0.8017191,0.19824381,3.5542293e-05,4.5109422e-07,6.116806e-07,4.3565845e-07
20015,2025-08-05,0,None,0,None,0,None,True,0.76775515,0.2322074,3.644877e-05,2.999438e-07,4.0752107e-07,3.2357633e-07
20015,2025-08-12,0,None,0,None,0,None,True,0.77353907,0.22634198,0.00011517478,1.2134371e-06,1.3763532e-06,1.1709745e-06
20015,2025-08-19,0,None,0,None,0,None,True,0.75126815,0.24868219,4.8537993e-05,3.5537073e-07,4.3875062e-07,3.6350087e-07
20015,2025-08-26,0,None,0,None,0,None,True,0.7451568,0.25475928,8.2432496e-05,5.310819e-07,5.6128687e-07,3.7228088e-07
20015,2025-09-02,0,None,0,None,0,None,True,0.81580776,0.18411206,7.750912e-05,1.1648775e-06,1.1406115e-06,2.9911106e-07
20015,2025-09-09,0,None,0,None,0,None,True,0.8407352,0.15925248,1.1773803e-05,2.3383646e-07,2.8933502e-07,5.7504344e-08
20015,2025-09-16,0,None,0,None,0,None,True,0.80580705,0.1941756,1.6510412e-05,3.1654562e-07,3.4931708e-07,8.542246e-08
20015,2025-09-23,0,None,0,None,0,None,True,0.85135514,0.14862473,1.8405539e-05,7.879403e-07,9.211068e-07,9.160438e-08
20015,2025-09-30,0,None,0,None,0,None,True,0.84423476,0.1557605,3.927462e-06,2.6624653e-07,4.989361e-07,4.31022e-08
20015,2025-10-07,0,None,0,None,0,None,True,0.8436887,0.15630744,2.7776443e-06,2.85578e-07,6.5825066e-07,3.2041395e-08
20015,2025-10-14,0,None,0,None,0,None,True,0.8053654,0.19463088,2.8346722e-06,2.6797176e-07,5.444558e-07,2.9619157e-08
20015,2025-10-21,0,None,0,None,0,None,True,0.8261594,0.17383908,1.2143339e-06,7.5702566e-08,1.7996572e-07,1.0749857e-08
20015,2025-10-28,0,None,0,None,0,None,True,0.8205598,0.17943802,1.7551391e-06,1.2691885e-07,2.6910544e-07,7.452299e-08
20015,2025-11-04,0,None,0,None,0,None,True,0.77500445,0.22499463,5.8552024e-07,5.2480758e-08,2.1055662e-07,8.200307e-08
20015,2025-11-11,0,None,0,None,0,None,True,0.67396826,0.32603008,1.3936605e-06,3.040985e-08,1.3927324e-07,7.178052e-08
20015,2025-11-18,0,None,0,None,0,None,True,0.63321984,0.3667788,1.1753195e-06,8.553795e-09,4.180318e-08,1.8999373e-08
20015,2025-11-25,0,None,0,None,0,None,True,0.83578455,0.16421445,8.235168e-07,2.5512762e-08,2.3388246e-07,1.1935442e-08
20015,2025-12-02,0,None,0,None,0,None,True,0.8638347,0.13616498,2.1111816e-07,4.5298805e-09,5.6630395e-08,1.4580794e-09
20015,2025-12-09,0,None,0,None,0,None,True,0.80979866,0.19020036,8.3149405e-07,8.643078e-09,8.804328e-08,2.8355391e-09
20015,2025-12-16,0,None,0,None,0,None,True,0.83406574,0.16593318,9.598616e-07,8.980876e-09,1.0731907e-07,3.6277295e-09
20015,2025-12-23,0,None,0,None,0,None,True,0.71565384,0.28434536,8.578227e-07,1.8190414e-09,1.9159923e-08,1.1347262e-09
20015,2025-12-30,0,None,0,None,0,None,True,0.60967636,0.39032015,3.3924587e-06,2.2839017e-09,1.6138834e-08,1.5804805e-09
20017,2022-01-04,0,None,0,None,0,None,True,0.6400803,0.35991076,8.356324e-06,1.7633e-07,2.3458408e-07,1.16787476e-07
20017,2022-01-11,0,None,0,None,0,None,True,0.6217404,0.37825504,4.347388e-06,5.2027e-08,9.9254244e-08,6.7053556e-08
20017,2022-01-18,0,None,1,D0,1,D0,False,0.435311,0.56419665,0.0004921514,1.2904597e-07,4.0898996e-08,4.335793e-08
20017,2022-01-25,1,D0,1,D0,1,D0,True,0.4200841,0.5793344,0.0005812361,1.6930046e-07,6.6323935e-08,1.1355417e-07
20017,2022-02-01,1,D0,1,D0,1,D0,True,0.0009418584,0.6665887,0.33245835,1.1057994e-05,1.7856256e-09,5.4011857e-09
20017,2022-02-08,1,D0,1,D0,1,D0,True,0.001062452,0.5401814,0.4586165,0.00013965507,3.9478993e-09,6.704583e-09
20017,2022-02-15,1,D0,1,D0,1,D0,True,0.0003476413,0.5477068,0.45187983,6.574543e-05,2.2479936e-09,4.067913e-09
20017,2022-02-22,1,D0,1,D0,1,D0,True,0.0007158835,0.5509438,0.4482521,8.820318e-05,2.29069e-09,4.491751e-09
20017,2022-03-01,1,D0,1,D0,1,D0,True,0.0006836795,0.5791859,0.420093,3.736197e-05,2.4602227e-09,8.628575e-09
20017,2022-03-08,1,D0,1,D0,1,D0,True,0.006737436,0.6388916,0.35435006,2.0982365e-05,3.283147e-09,1.692291e-08
20017,2022-03-15,1,D0,1,D0,1,D0,True,0.0087807,0.6818604,0.30934975,9.1868815e-06,2.2126883e-09,1.0646327e-08
20017,2022-03-22,0,None,1,D0,1,D0,False,0.2161875,0.7499267,0.033884924,9.15557e-07,3.3870888e-09,7.811445e-09
20017,2022-03-29,0,None,0,None,0,None,True,0.8109207,0.18907887,2.770422e-07,1.2526242e-08,7.475857e-08,2.9815165e-08
20017,2022-04-05,0,None,0,None,0,None,True,0.69826543,0.3017309,2.757932e-06,1.454747e-07,5.436514e-07,2.2350106e-07
20017,2022-04-12,0,None,0,None,0,None,True,0.6203863,0.37958857,2.1252401e-05,7.6835096e-07,1.7187733e-06,1.392161e-06
20017,2022-04-19,0,None,0,None,0,None,True,0.55192846,0.4480277,4.1974763e-05,2.9072405e-07,7.060383e-07,9.106123e-07
20017,2022-04-26,0,None,0,None,0,None,True,0.543694,0.45620635,9.693041e-05,4.79767e-07,8.4160706e-07,1.2949127e-06
20017,2022-05-03,0,None,0,None,0,None,True,0.66925424,0.33070904,3.2385433e-05,6.962281e-07,1.5491817e-06,2.1367312e-06
20017,2022-05-10,0,None,0,None,0,None,True,0.78998566,0.2100082,4.2568813e-06,3.1980272e-07,9.214461e-07,6.9251854e-07
20017,2022-05-17,0,None,0,None,0,None,True,0.71275616,0.2872403,2.8816644e-06,1.0436004e-07,3.3399482e-07,2.6502755e-07
20017,2022-05-24,0,None,0,None,0,None,True,0.64460063,0.35534984,4.5923116e-05,7.089301e-07,1.6430841e-06,1.2919488e-06
20017,2022-05-31,0,None,0,None,0,None,True,0.7779149,0.22202106,5.280392e-05,2.670075e-06,6.4786955e-06,2.114192e-06
20017,2022-06-07,0,None,0,None,0,None,True,0.83164454,0.16833013,1.840138e-05,1.5910517e-06,3.963477e-06,1.3262986e-06
20017,2022-06-14,0,None,0,None,0,None,True,0.8046572,0.19533387,5.3571334e-06,5.402722e-07,2.1028375e-06,8.6032617e-07
20017,2022-06-21,0,None,0,None,0,None,True,0.74362016,0.25636467,7.652007e-06,9.1715515e-07,4.365374e-06,2.241772e-06
20017,2022-06-28,0,None,0,None,0,None,True,0.7214997,0.2784716,2.4015595e-05,7.730195e-07,2.3649998e-06,1.578335e-06
20017,2022-07-05,0,None,0,None,0,None,True,0.67193574,0.32805234,1.0469793e-05,2.0579151e-07,7.0484964e-07,5.718529e-07
20017,2022-07-12,0,None,0,None,0,None,True,0.60438985,0.39555556,5.0628085e-05,6.00888e-07,1.6909391e-06,1.7122067e-06
20017,2022-07-19,1,D0,0,None,0,None,False,0.5746526,0.4251982,0.00013005901,2.4714118e-06,7.418617e-06,9.215473e-06
20017,2022-07-26,2,D1,1,D0,1,D0,False,0.029226119,0.7071552,0.2635157,0.00010273378,8.7216e-08,1.1090626e-07
20017,2022-08-02,2,D1,2,D1,2,D1,True,0.011519924,0.40410447,0.5528094,0.031528927,3.281806e-05,4.416513e-06
20017,2022-08-09,2,D1,2,D1,2,D1,True,1.8883007e-05,0.0057106297,0.53908855,0.45508763,9.42781e-05,6.1741666e-08
20017,2022-08-16,2,D1,2,D1,2,D1,True,1.0213731e-05,0.0066717854,0.58172816,0.41156825,2.1553622e-05,1.127448e-08
20017,2022-08-23,2,D1,2,D1,2,D1,True,0.00014266379,0.04110531,0.63862616,0.32006887,5.682638e-05,2.3207478e-07
20017,2022-08-30,2,D1,2,D1,2,D1,True,4.950433e-05,0.017674487,0.6171446,0.3651096,2.1834054e-05,1.9378582e-08
20017,2022-09-06,2,D1,2,D1,2,D1,True,1.6313501e-05,0.0069978535,0.5899978,0.40296337,2.4589304e-05,3.346807e-08
20017,2022-09-13,2,D1,2,D1,2,D1,True,2.544437e-05,0.009497925,0.57547015,0.4149566,4.9814847e-05,8.805288e-08
20017,2022-09-20,2,D1,2,D1,2,D1,True,0.0009388923,0.14124851,0.67702127,0.18074736,4.3478864e-05,5.193719e-07
20017,2022-09-27,2,D1,2,D1,2,D1,True,0.0001528958,0.024015876,0.52058643,0.45492303,0.00032083763,9.629655e-07
20017,2022-10-04,2,D1,2,D1,2,D1,True,6.7347787e-06,0.0015276416,0.5165161,0.48184186,0.000107631575,4.6108106e-08
20017,2022-10-11,2,D1,2,D1,2,D1,True,1.6183072e-05,0.006522862,0.5763502,0.41706184,4.8855974e-05,3.8716184e-08
20017,2022-10-18,3,D2,3,D2,3,D2,True,5.829508e-07,1.3074692e-06,0.034696415,0.8574382,0.10785724,6.282158e-06
20017,2022-10-25,3,D2,3,D2,3,D2,True,1.4124987e-07,6.908552e-08,0.0035748237,0.62774104,0.3686711,1.2777949e-05
20017,2022-11-01,3,D2,3,D2,3,D2,True,3.7897888e-07,1.2306671e-07,0.0022623274,0.56050336,0.43718246,5.132149e-05
20017,2022-11-08,2,D1,3,D2,3,D2,False,5.350389e-06,0.00015301253,0.2727064,0.7173244,0.009810694,1.402114e-07
20017,2022-11-15,2,D1,2,D1,2,D1,True,0.0004943073,0.25267595,0.65104175,0.09578532,2.6382756e-06,1.0873301e-08
20017,2022-11-22,2,D1,2,D1,2,D1,True,2.1184525e-05,0.016610175,0.72715884,0.2562056,4.128567e-06,3.37738e-09
20017,2022-11-29,2,D1,2,D1,2,D1,True,0.0009864089,0.18680716,0.7642627,0.04794116,2.5711488e-06,3.0708218e-08
20017,2022-12-06,2,D1,2,D1,2,D1,True,0.0001755588,0.077458024,0.8729585,0.049406905,9.926283e-07,4.6676387e-09
20017,2022-12-13,2,D1,2,D1,2,D1,True,0.00011275843,0.06884191,0.8694065,0.061637845,9.4805347e-07,1.6399534e-09
20017,2022-12-20,2,D1,2,D1,2,D1,True,0.00016353646,0.1677921,0.80978286,0.022261314,1.5380354e-07,2.6210625e-10
20017,2022-12-27,2,D1,2,D1,2,D1,True,3.969745e-05,0.16731735,0.82439667,0.008246271,1.1370499e-08,1.0213139e-11
20017,2023-01-03,2,D1,2,D1,2,D1,True,8.430929e-05,0.27961347,0.718514,0.0017882839,2.2023383e-09,1.0798217e-11
20017,2023-01-10,2,D1,2,D1,2,D1,True,6.8140716e-06,0.1205951,0.8708805,0.008517586,5.2336375e-09,1.9425045e-12
20017,2023-01-17,2,D1,2,D1,2,D1,True,1.4801324e-05,0.18647303,0.8084307,0.0050814995,4.1993813e-09,5.3385013e-12
20017,2023-01-24,2,D1,2,D1,2,D1,True,1.6940268e-05,0.24263823,0.7523872,0.0049576187,6.1869603e-09,1.8587167e-11
20017,2023-01-31,2,D1,2,D1,2,D1,True,3.3917954e-06,0.11046527,0.8742019,0.015329424,1.0782973e-08,4.918095e-12
20017,2023-02-07,2,D1,2,D1,2,D1,True,1.1860092e-06,0.026877405,0.87924254,0.09387878,8.328108e-08,5.8694885e-12
20017,2023-02-14,2,D1,2,D1,2,D1,True,5.620451e-06,0.062217616,0.8764457,0.061330996,1.4493557e-07,4.2278826e-11
20017,2023-02-21,2,D1,2,D1,2,D1,True,4.8187503e-05,0.24655752,0.7458973,0.0074969484,3.7164835e-08,3.41658e-10
20017,2023-02-28,1,D0,2,D1,2,D1,False,1.5669691e-05,0.10169535,0.88084096,0.017447863,5.534751e-08,2.9473352e-10
20017,2023-03-07,1,D0,1,D0,1,D0,True,0.22711018,0.76858234,0.0043074433,5.6302927e-08,2.5011282e-10,7.170943e-10
20017,2023-03-14,1,D0,1,D0,1,D0,True,0.24179928,0.7539855,0.004215108,9.188641e-09,6.047446e-11,2.0693794e-10
20017,2023-03-21,1,D0,1,D0,1,D0,True,0.09754496,0.84720373,0.055251155,1.7118022e-07,8.8552346e-11,6.1970296e-10
20017,2023-03-28,1,D0,1,D0,1,D0,True,0.07680693,0.8381675,0.08502526,3.3230003e-07,1.1998556e-10,1.0473221e-09
20017,2023-04-04,1,D0,1,D0,1,D0,True,0.0026065302,0.673501,0.32388824,4.169786e-06,1.9880937e-10,9.734398e-10
20017,2023-04-11,2,D1,1,D0,1,D0,False,0.00107072,0.5808087,0.41810352,1.7130154e-05,1.0058021e-09,4.9335847e-09
20017,2023-04-18,2,D1,2,D1,2,D1,True,9.246536e-06,0.03189883,0.83587974,0.13221087,1.3603254e-06,1.4235343e-08
20017,2023-04-25,3,D2,2,D1,2,D1,False,0.00012711558,0.06588709,0.8551817,0.07880315,8.9878347e-07,2.097969e-08
20017,2023-05-02,3,D2,3,D2,3,D2,True,3.1278276e-05,0.0036337557,0.46997914,0.5261045,0.00025125503,1.2829197e-07
20017,2023-05-09,3,D2,3,D2,3,D2,True,6.107025e-05,0.0031735087,0.41572234,0.5805122,0.0005305228,3.569341e-07
20017,2023-05-16,2,D1,2,D1,2,D1,True,0.011830538,0.35546026,0.5440341,0.08864228,2.8546627e-05,4.3110927e-06
20017,2023-05-23,2,D1,2,D1,2,D1,True,0.00012543875,0.039647438,0.57472676,0.38548294,1.743375e-05,2.697547e-08
20017,2023-05-30,3,D2,2,D1,2,D1,False,9.543788e-05,0.076421514,0.69637924,0.22710165,2.1462326e-06,2.1656836e-09
20017,2023-06-06,3,D2,3,D2,3,D2,True,8.413943e-05,0.000729757,0.33279142,0.63231605,0.03407171,6.907903e-06
20017,2023-06-13,3,D2,3,D2,3,D2,True,3.584089e-05,0.00014622141,0.17383021,0.6566186,0.16934338,2.5773506e-05
20017,2023-06-20,3,D2,3,D2,3,D2,True,4.268622e-05,0.00015774027,0.1483952,0.63391984,0.21745083,3.3710337e-05
20017,2023-06-27,3,D2,3,D2,3,D2,True,9.727252e-06,1.0283271e-05,0.014607518,0.49379238,0.49126673,0.0003133857
20017,2023-07-04,3,D2,3,D2,3,D2,True,1.6086822e-05,3.728684e-05,0.05403492,0.57638973,0.36937577,0.00014621421
20017,2023-07-11,3,D2,3,D2,3,D2,True,8.98733e-06,4.4370616e-05,0.082874484,0.6269781,0.29005665,3.7400314e-05
20017,2023-07-18,3,D2,3,D2,3,D2,True,1.2140644e-06,1.6725114e-06,0.008262448,0.56167793,0.42995787,9.891184e-05
20017,2023-07-25,3,D2,4,D3,3,D2,True,4.80467e-06,6.013838e-06,0.019884128,0.48768345,0.4920306,0.00039094337
20017,2023-08-01,3,D2,4,D3,4,D3,False,2.7994276e-06,1.4944981e-06,0.0026063519,0.30212694,0.6898365,0.00542586
20017,2023-08-08,4,D3,4,D3,4,D3,True,7.3798565e-06,7.45397e-06,0.016822198,0.42036995,0.56100315,0.0017898522
20017,2023-08-15,4,D3,4,D3,4,D3,True,1.04793e-06,6.480643e-07,0.00013883045,0.04248925,0.87609553,0.08127472
20017,2023-08-22,4,D3,4,D3,4,D3,True,7.795417e-08,6.855527e-08,2.9956063e-06,0.0014450005,0.556006,0.44254595
20017,2023-08-29,4,D3,4,D3,4,D3,True,5.384312e-07,3.9548536e-07,4.2313288e-05,0.0111777,0.575917,0.4128621
20017,2023-09-05,4,D3,4,D3,5,D4,False,3.6342108e-08,2.9668353e-08,2.2366867e-06,0.0021071618,0.51093626,0.48695424
20017,2023-09-12,4,D3,5,D4,5,D4,False,1.09233575e-07,1.090195e-07,5.6798954e-06,0.002802283,0.46233585,0.5348559
20017,2023-09-19,4,D3,5,D4,5,D4,False,7.76401e-09,7.4037794e-09,3.0023267e-07,0.00044099457,0.43045357,0.56910515
20017,2023-09-26,4,D3,4,D3,5,D4,False,3.236083e-07,2.8007992e-07,2.6261212e-05,0.008217669,0.5009353,0.4908202
20017,2023-10-03,4,D3,5,D4,5,D4,False,1.7525435e-08,1.4803286e-08,9.057822e-07,0.0010094248,0.47890508,0.52008456
20017,2023-10-10,4,D3,4,D3,4,D3,True,8.078353e-09,5.194015e-09,6.260681e-07,0.0012318365,0.5680191,0.4307484
20017,2023-10-17,4,D3,4,D3,4,D3,True,1.3685424e-07,5.933528e-08,2.7584721e-05,0.03437866,0.9445719,0.021021651
20017,2023-10-24,4,D3,4,D3,4,D3,True,2.4108266e-08,1.3224914e-08,1.8791587e-06,0.004016237,0.9361178,0.059864074
20017,2023-10-31,3,D2,4,D3,4,D3,False,2.0239352e-07,2.713881e-07,0.0018983182,0.40195397,0.5961393,7.984862e-06
20017,2023-11-07,3,D2,3,D2,3,D2,True,4.6295314e-09,2.6488183e-07,0.050268933,0.93891233,0.010818529,2.6857205e-10
20017,2023-11-14,3,D2,3,D2,3,D2,True,3.1698268e-09,8.9932534e-08,0.034446746,0.9633234,0.0022296885,1.4686558e-10
20017,2023-11-21,3,D2,3,D2,3,D2,True,1.6009515e-08,2.1485937e-06,0.12212937,0.877082,0.0007863525,5.206275e-11
20017,2023-11-28,3,D2,3,D2,3,D2,True,2.2213131e-09,2.6556546e-07,0.07732077,0.9224684,0.00021059843,4.443537e-12
20017,2023-12-05,2,D1,3,D2,3,D2,False,2.0547775e-09,2.1562265e-07,0.07191388,0.9278518,0.00023410338,4.6329975e-12
20017,2023-12-12,2,D1,2,D1,2,D1,True,3.5970659e-06,0.049258843,0.70126843,0.24946877,3.05803e-07,8.576976e-12
20017,2023-12-19,2,D1,2,D1,2,D1,True,5.561449e-05,0.2684012,0.7090865,0.022456586,7.749579e-08,1.2591538e-10
20017,2023-12-26,2,D1,2,D1,2,D1,True,5.2116084e-05,0.2868013,0.69744754,0.01569897,6.312006e-08,1.2556807e-10
20017,2024-01-02,2,D1,2,D1,2,D1,True,5.2717633e-06,0.216497,0.7678389,0.015658708,9.436708e-09,4.6993043e-12
20017,2024-01-09,1,D0,2,D1,2,D1,False,3.851652e-05,0.27981284,0.70404136,0.016107136,7.4086394e-08,1.2665034e-10
20017,2024-01-16,1,D0,1,D0,1,D0,True,0.0059579737,0.6085441,0.38516396,0.00033384393,2.0796298e-08,2.8185507e-09
20017,2024-01-23,1,D0,1,D0,1,D0,True,0.032179274,0.84562147,0.12218586,1.3431067e-05,1.0130742e-09,2.766998e-10
20017,2024-01-30,1,D0,1,D0,1,D0,True,0.04589652,0.8682822,0.08581688,4.3754317e-06,3.7565287e-10,1.1316488e-10
20017,2024-02-06,1,D0,1,D0,1,D0,True,0.20051067,0.7825188,0.016969467,1.0282464e-06,1.6776537e-09,4.3562007e-10
20017,2024-02-13,1,D0,1,D0,1,D0,True,0.012369537,0.81265277,0.17497116,6.6030807e-06,1.6929333e-10,3.4448982e-11
20017,2024-02-20,1,D0,1,D0,1,D0,True,0.30239397,0.6963727,0.0012331933,5.47376e-08,1.6338558e-09,2.1240504e-10
20017,2024-02-27,1,D0,1,D0,1,D0,True,0.331796,0.66712856,0.0010753305,4.7818517e-08,5.121221e-09,8.7214935e-10
20017,2024-03-05,1,D0,1,D0,1,D0,True,0.31403768,0.683142,0.0028202552,7.6078145e-08,4.2880255e-09,9.2552005e-10
20017,2024-03-12,1,D0,1,D0,1,D0,True,0.3536539,0.6440001,0.0023455531,3.2516135e-07,2.9022056e-08,5.46466e-09
20017,2024-03-19,1,D0,1,D0,1,D0,True,0.33549014,0.65750897,0.0069997543,1.0697102e-06,4.8100908e-08,9.4515995e-09
20017,2024-03-26,0,None,1,D0,1,D0,False,0.33373192,0.6472913,0.018969523,6.9983626e-06,2.0272135e-07,4.5403265e-08
20017,2024-04-02,0,None,0,None,0,None,True,0.6277324,0.37207606,0.00018032154,4.646407e-06,5.9559625e-06,5.923293e-07
20017,2024-04-09,0,None,0,None,0,None,True,0.50880736,0.48760402,0.0035101876,4.3325217e-05,3.06859e-05,4.4173803e-06
20017,2024-04-16,1,D0,1,D0,1,D0,True,0.30182868,0.6553953,0.042520568,0.0001920477,5.400016e-05,9.391027e-06
20017,2024-04-23,1,D0,1,D0,1,D0,True,0.00028172965,0.5419759,0.45704147,0.00070075656,1.9014786e-07,1.336265e-08
20017,2024-04-30,1,D0,1,D0,1,D0,True,0.25478384,0.5308646,0.20993413,0.0042742738,9.491134e-05,4.8196118e-05
20017,2024-05-07,1,D0,1,D0,1,D0,True,0.3905201,0.6023456,0.007117205,1.4111007e-05,2.509871e-06,4.2459797e-07
20017,2024-05-14,1,D0,1,D0,1,D0,True,0.22352158,0.67772686,0.0986541,9.5396674e-05,1.4813108e-06,5.7720024e-07
20017,2024-05-21,0,None,1,D0,1,D0,False,0.33313432,0.6096046,0.057059787,0.00018828157,9.753718e-06,3.2546038e-06
20017,2024-05-28,0,None,0,None,0,None,True,0.6831772,0.31677338,3.8361373e-05,1.3226694e-06,9.291557e-06,5.218868e-07
20017,2024-06-04,0,None,0,None,0,None,True,0.69367963,0.30609205,0.00016506712,9.934203e-06,5.103329e-05,2.329636e-06
20017,2024-06-11,0,None,0,None,0,None,True,0.77349114,0.22637577,5.1376643e-05,1.0663294e-05,6.877244e-05,2.3046657e-06
20017,2024-06-18,0,None,0,None,0,None,True,0.85427815,0.14569707,5.3439344e-06,1.9881263e-06,1.6502381e-05,1.0654022e-06
20017,2024-06-25,0,None,0,None,0,None,True,0.82556176,0.17440128,1.0541088e-05,3.1234167e-06,2.1864109e-05,1.5122333e-06
20017,2024-07-02,0,None,0,None,0,None,True,0.81427157,0.1857024,9.164303e-06,1.7806518e-06,1.3415333e-05,1.6901131e-06
20017,2024-07-09,0,None,0,None,0,None,True,0.8002678,0.1997161,6.265325e-06,1.0007717e-06,7.3181823e-06,1.422055e-06
20017,2024-07-16,0,None,0,None,0,None,True,0.6456658,0.35432324,5.33247e-06,2.7105372e-07,3.5697728e-06,1.7613575e-06
20017,2024-07-23,0,None,0,None,0,None,True,0.64422435,0.3557424,1.8959243e-05,9.58906e-07,7.900027e-06,5.4698667e-06
20017,2024-07-30,1,D0,0,None,0,None,False,0.58844393,0.4115308,1.6838696e-05,2.7293507e-07,4.214394e-06,3.9860042e-06
20017,2024-08-06,1,D0,1,D0,1,D0,True,0.009273932,0.74114454,0.24956551,1.5929503e-05,5.554667e-08,1.1236113e-07
20017,2024-08-13,1,D0,1,D0,1,D0,True,0.050525256,0.5848313,0.3644289,0.00021302683,3.7714452e-07,1.1512337e-06
20017,2024-08-20,1,D0,1,D0,1,D0,True,0.32846877,0.65674025,0.014788836,1.9757758e-06,1.275403e-07,1.1188718e-07
20017,2024-08-27,1,D0,1,D0,1,D0,True,0.249949,0.66689557,0.08314662,8.530743e-06,1.379745e-07,1.560453e-07
20017,2024-09-03,1,D0,1,D0,1,D0,True,0.18930912,0.6956634,0.11501475,1.2428242e-05,1.4135588e-07,1.7192997e-07
20017,2024-09-10,1,D0,1,D0,1,D0,True,0.13312615,0.730654,0.1361968,2.241759e-05,3.2998196e-07,2.9494208e-07
20017,2024-09-17,1,D0,1,D0,1,D0,True,0.06734962,0.75744075,0.17520054,8.930175e-06,4.91455e-08,6.4054305e-08
20017,2024-09-24,1,D0,1,D0,1,D0,True,0.2814904,0.6487871,0.06969542,2.5987109e-05,6.31749e-07,4.7941813e-07
20017,2024-10-01,1,D0,1,D0,1,D0,True,0.1588186,0.7712151,0.06996009,6.048924e-06,1.2009741e-07,8.108655e-08
20017,2024-10-08,1,D0,1,D0,1,D0,True,0.0014802407,0.65595746,0.34248698,7.537038e-05,2.1766606e-08,6.1986216e-09
20017,2024-10-15,1,D0,1,D0,1,D0,True,0.000832342,0.5972756,0.4016745,0.00021746263,7.7994144e-08,2.2373802e-08
20017,2024-10-22,2,D1,1,D0,1,D0,False,0.0013479927,0.57351714,0.42480567,0.00032914168,5.494462e-08,1.492259e-08
20017,2024-10-29,2,D1,2,D1,2,D1,True,2.2308016e-06,0.011616207,0.66658765,0.3217736,2.0368896e-05,2.8507565e-09
20017,2024-11-05,1,D0,1,D0,1,D0,True,0.038986962,0.47296774,0.47212368,0.015865147,4.672956e-05,9.777812e-06
20017,2024-11-12,1,D0,1,D0,1,D0,True,0.39403898,0.6050614,0.0008990935,4.8606216e-07,6.676224e-08,2.752215e-08
20017,2024-11-19,0,None,1,D0,1,D0,False,0.35649025,0.6426305,0.00087904424,1.7536414e-07,8.363897e-09,2.0184268e-09
20017,2024-11-26,0,None,0,None,0,None,True,0.72639745,0.27353773,6.2910745e-05,1.0636859e-06,7.811909e-07,1.0836177e-08
20017,2024-12-03,0,None,0,None,0,None,True,0.8157444,0.18421236,3.9917933e-05,1.5966305e-06,1.7739482e-06,9.032084e-09
20017,2024-12-10,0,None,0,None,0,None,True,0.6690707,0.33084908,7.92993e-05,5.9952174e-07,3.5580834e-07,5.26397e-09
20017,2024-12-17,0,None,0,None,0,None,True,0.5276891,0.47222507,8.5655745e-05,1.2797494e-07,3.575417e-08,2.0047313e-09
20017,2024-12-24,0,None,1,D0,1,D0,False,0.45836452,0.54114133,0.0004932481,8.441546e-07,5.9439e-08,7.216864e-09
20017,2024-12-31,0,None,0,None,0,None,True,0.62726396,0.37271562,2.0283664e-05,1.1053014e-07,7.687806e-08,1.0982397e-08
20017,2025-01-07,0,None,0,None,0,None,True,0.6888021,0.31118596,1.1587111e-05,1.7607844e-07,1.562111e-07,1.8611102e-08
20017,2025-01-14,0,None,0,None,0,None,True,0.6625199,0.33746904,1.0899789e-05,1.4168917e-07,1.0236545e-07,1.18346835e-08
20017,2025-01-21,0,None,0,None,0,None,True,0.7016202,0.29837486,4.6108626e-06,1.176729e-07,1.4828704e-07,1.798329e-08
20017,2025-01-28,0,None,0,None,0,None,True,0.6201913,0.37979707,1.1466717e-05,6.8377126e-08,8.600378e-08,2.0715289e-08
20017,2025-02-04,0,None,0,None,0,None,True,0.6433344,0.35665786,7.5918592e-06,4.6790152e-08,7.201557e-08,2.1258385e-08
20017,2025-02-11,0,None,0,None,0,None,True,0.5224712,0.4774744,5.4379405e-05,3.9566594e-08,2.6225846e-08,3.0575393e-08
20017,2025-02-18,0,None,0,None,0,None,True,0.5572549,0.44270054,4.429311e-05,6.243461e-08,5.1514675e-08,5.016303e-08
20017,2025-02-25,0,None,0,None,0,None,True,0.5208004,0.47911257,8.681261e-05,9.577783e-08,7.6133944e-08,8.92333e-08
20017,2025-03-04,0,None,1,D0,1,D0,False,0.4673603,0.5321382,0.0005010552,2.0209207e-07,7.389193e-08,9.778343e-08
20017,2025-03-11,0,None,1,D0,1,D0,False,0.43238717,0.56504625,0.0025645893,1.3163401e-06,2.3400071e-07,3.454615e-07
20017,2025-03-18,1,D0,1,D0,1,D0,True,0.29509476,0.6853201,0.019581435,3.34919e-06,2.0346988e-07,2.7557684e-07
20017,2025-03-25,2,D1,1,D0,1,D0,False,0.0007859072,0.5509795,0.4481869,4.7595335e-05,9.250635e-10,3.2986677e-10
20017,2025-04-01,2,D1,2,D1,2,D1,True,6.567443e-06,0.07818433,0.83203727,0.08977136,5.2065025e-07,5.926495e-10
20017,2025-04-08,2,D1,2,D1,2,D1,True,0.00038780953,0.17013042,0.76446575,0.06501184,4.106426e-06,6.420674e-08
20017,2025-04-15,2,D1,2,D1,2,D1,True,2.4080988e-05,0.009548594,0.68943506,0.30091852,7.350877e-05,2.9709292e-07
20017,2025-04-22,2,D1,2,D1,2,D1,True,0.011102505,0.347696,0.63271064,0.008484685,4.137268e-06,2.0456953e-06
20017,2025-04-29,2,D1,2,D1,2,D1,True,0.032223996,0.44607568,0.5181419,0.0035478706,3.7106659e-06,6.8344157e-06
20017,2025-05-06,3,D2,2,D1,2,D1,False,0.00092579256,0.06390458,0.84016657,0.0949591,3.837952e-05,5.4957945e-06
20017,2025-05-13,3,D2,3,D2,3,D2,True,1.9355741e-06,7.4264943e-07,0.015500255,0.5743081,0.40982893,0.0003599828
20017,2025-05-20,2,D1,3,D2,3,D2,False,0.00022813646,0.0005172787,0.18685327,0.6536631,0.15848002,0.00025819684
20017,2025-05-27,1,D0,1,D0,1,D0,True,0.051111724,0.47760922,0.4662633,0.0050082193,3.1798777e-06,4.301008e-06
20017,2025-06-03,0,None,1,D0,1,D0,False,0.29879296,0.69769496,0.003512164,3.521586e-08,3.6880535e-10,1.2654547e-09
20017,2025-06-10,0,None,0,None,0,None,True,0.819573,0.18042645,5.732e-07,5.285608e-09,2.8687912e-08,1.7766824e-08
20017,2025-06-17,0,None,0,None,0,None,True,0.8397489,0.16024932,1.6432157e-06,2.5487418e-08,6.2236424e-08,1.7254468e-08
20017,2025-06-24,0,None,0,None,0,None,True,0.8368472,0.16314842,4.181208e-06,4.4099853e-08,1.1418587e-07,3.8874212e-08
20017,2025-07-01,0,None,0,None,0,None,True,0.8190524,0.18093489,1.23325935e-05,1.2957338e-07,2.200897e-07,7.645164e-08
20017,2025-07-08,0,None,0,None,0,None,True,0.7690639,0.23092066,1.5000159e-05,1.258165e-07,1.9791804e-07,1.4690036e-07
20017,2025-07-15,0,None,0,None,0,None,True,0.7153943,0.284554,5.0667542e-05,2.5232615e-07,2.99817e-07,3.6276614e-07
20017,2025-07-22,0,None,0,None,0,None,True,0.75017524,0.24976528,5.808609e-05,4.1219297e-07,4.4514996e-07,5.1355124e-07
20017,2025-07-29,0,None,0,None,0,None,True,0.7915865,0.20840138,1.1397066e-05,1.16360155e-07,1.9817837e-07,3.4783776e-07
20017,2025-08-05,0,None,0,None,0,None,True,0.7507556,0.24923418,9.862788e-06,6.534771e-08,1.2041048e-07,2.1927049e-07
20017,2025-08-12,0,None,0,None,0,None,True,0.74753845,0.2524212,3.8949085e-05,3.5064997e-07,4.4054062e-07,6.5495794e-07
20017,2025-08-19,0,None,0,None,0,None,True,0.7330348,0.26694518,1.9459825e-05,1.3147114e-07,1.6828889e-07,2.3232353e-07
20017,2025-08-26,0,None,0,None,0,None,True,0.7241318,0.2758406,2.6987438e-05,1.6908453e-07,2.0468809e-07,2.329369e-07
20017,2025-09-02,0,None,0,None,0,None,True,0.79120135,0.2087692,2.8250295e-05,4.4044242e-07,5.058297e-07,2.4215015e-07
20017,2025-09-09,0,None,0,None,0,None,True,0.8168292,0.18316479,5.6491535e-06,1.247567e-07,1.877188e-07,6.514022e-08
20017,2025-09-16,0,None,0,None,0,None,True,0.80027956,0.19971074,8.950631e-06,2.4927797e-07,3.3649653e-07,8.514239e-08
20017,2025-09-23,0,None,0,None,0,None,True,0.8488421,0.1511444,1.1890848e-05,6.4716255e-07,7.6085564e-07,9.5115524e-08
20017,2025-09-30,0,None,0,None,0,None,True,0.8456987,0.15429656,3.8912594e-06,2.839367e-07,5.07873e-07,4.6364967e-08
20017,2025-10-07,0,None,0,None,0,None,True,0.8510801,0.14891541,3.2772825e-06,3.664756e-07,7.78028e-07,3.5375194e-08
20017,2025-10-14,0,None,0,None,0,None,True,0.80618006,0.1938161,2.9892092e-06,2.7653644e-07,5.838008e-07,3.2573627e-08
20017,2025-10-21,0,None,0,None,0,None,True,0.8266545,0.17334378,1.4225369e-06,9.158248e-08,2.3296008e-07,1.3944823e-08
20017,2025-10-28,0,None,0,None,0,None,True,0.85539305,0.14460525,1.1894272e-06,1.178554e-07,2.841967e-07,6.954962e-08
20017,2025-11-04,0,None,0,None,0,None,True,0.8049805,0.1950185,4.619581e-07,6.894999e-08,2.850195e-07,1.1598556e-07
20017,2025-11-11,0,None,0,None,0,None,True,0.73821336,0.26178536,8.1295894e-07,5.1519788e-08,2.3156254e-07,1.0162214e-07
20017,2025-11-18,0,None,0,None,0,None,True,0.68214077,0.31785843,6.885189e-07,1.0889354e-08,5.521176e-08,2.2387782e-08
20017,2025-11-25,0,None,0,None,0,None,True,0.8431041,0.15689515,5.8513115e-07,1.3683778e-08,1.3780475e-07,6.994831e-09
20017,2025-12-02,0,None,0,None,0,None,True,0.8686055,0.13139443,1.4450299e-07,2.3626627e-09,3.389748e-08,9.374354e-10
20017,2025-12-09,0,None,0,None,0,None,True,0.8270657,0.1729337,4.7052023e-07,4.2791704e-09,5.139171e-08,1.7756899e-09
20017,2025-12-16,0,None,0,None,0,None,True,0.8391661,0.16083327,6.497156e-07,4.3005595e-09,5.3743836e-08,2.2036906e-09
20017,2025-12-23,0,None,0,None,0,None,True,0.7514696,0.24852978,6.06931e-07,1.3102667e-09,1.47554955e-08,8.975297e-10
20017,2025-12-30,0,None,0,None,0,None,True,0.65358984,0.3464086,1.5680896e-06,1.3567002e-09,1.1748659e-08,1.1308531e-09
20019,2022-01-04,2,D1,2,D1,2,D1,True,8.835307e-05,0.32450858,0.6722849,0.0031181101,3.107558e-08,1.3096635e-08
20019,2022-01-11,2,D1,2,D1,2,D1,True,9.415587e-05,0.1521585,0.80624473,0.041502204,4.5608633e-07,2.8618928e-08
20019,2022-01-18,2,D1,2,D1,2,D1,True,3.8682365e-06,0.011015056,0.67337096,0.3156094,8.0828244e-07,1.2594525e-09
20019,2022-01-25,2,D1,2,D1,2,D1,True,4.526594e-06,0.012194613,0.65334225,0.33445746,1.1279324e-06,1.6778703e-09
20019,2022-02-01,2,D1,3,D2,3,D2,False,5.401619e-07,0.00047073295,0.43732372,0.56218714,1.7811428e-05,3.1869922e-09
20019,2022-02-08,2,D1,3,D2,3,D2,False,1.127429e-06,0.00039526093,0.30911365,0.69042903,6.0883383e-05,5.8771663e-09
20019,2022-02-15,3,D2,3,D2,3,D2,True,1.0452095e-06,0.00029192757,0.30728567,0.6923578,6.358754e-05,7.78265e-09
20019,2022-02-22,3,D2,3,D2,3,D2,True,2.6875e-07,6.3905895e-06,0.08761332,0.91197366,0.0004063344,1.30941e-08
20019,2022-03-01,3,D2,3,D2,3,D2,True,5.556598e-07,4.424126e-06,0.063441016,0.9355918,0.0009620772,9.4124985e-08
20019,2022-03-08,4,D3,3,D2,3,D2,False,4.0203163e-06,9.9103054e-05,0.14887562,0.8505546,0.00046664066,3.4439804e-08
20019,2022-03-15,4,D3,4,D3,4,D3,True,6.595899e-06,8.306255e-07,0.0015564904,0.423936,0.57259214,0.0019079422
20019,2022-03-22,3,D2,3,D2,3,D2,True,2.7592043e-05,2.1367543e-05,0.037542824,0.56007564,0.40175202,0.0005805557
20019,2022-03-29,3,D2,3,D2,3,D2,True,2.8593347e-05,0.0010779666,0.3291768,0.6671259,0.0025905222,2.8085555e-07
20019,2022-04-05,3,D2,3,D2,3,D2,True,3.96349e-05,0.0015473041,0.38283148,0.61358124,0.0019998716,4.470578e-07
20019,2022-04-12,3,D2,3,D2,3,D2,True,5.1299037e-05,0.0007534201,0.3331952,0.6512348,0.014762187,3.0430897e-06
20019,2022-04-19,3,D2,3,D2,3,D2,True,0.00015377892,0.0013358186,0.32903466,0.62938964,0.040056564,2.9650411e-05
20019,2022-04-26,3,D2,3,D2,3,D2,True,0.00019474987,0.006530546,0.43565735,0.5511804,0.0064335717,3.3839706e-06
20019,2022-05-03,3,D2,2,D1,2,D1,False,0.00045011714,0.09823092,0.5448343,0.35631806,0.00016564019,9.2296796e-07
20019,2022-05-10,2,D1,2,D1,2,D1,True,0.00025505066,0.076440565,0.6656482,0.25762388,3.209711e-05,1.6577904e-07
20019,2022-05-17,2,D1,2,D1,2,D1,True,0.0003059834,0.2711241,0.7253415,0.0032283836,5.624795e-09,4.004934e-10
20019,2022-05-24,1,D0,2,D1,2,D1,False,0.0007064049,0.29136884,0.7063595,0.0015652888,3.980588e-09,2.1546925e-10
20019,2022-05-31,1,D0,1,D0,1,D0,True,0.26305255,0.67085373,0.06608708,6.572884e-06,1.663025e-08,4.32421e-08
20019,2022-06-07,0,None,1,D0,1,D0,False,0.3233827,0.66734207,0.00927505,1.8984215e-07,1.1453254e-09,4.2148818e-09
20019,2022-06-14,0,None,0,None,0,None,True,0.69329816,0.3066965,5.3535337e-06,7.488408e-09,1.6936912e-08,2.5120379e-08
20019,2022-06-21,0,None,0,None,0,None,True,0.6375558,0.36243573,8.422539e-06,1.1186909e-08,2.6586159e-08,3.433097e-08
20019,2022-06-28,0,None,0,None,0,None,True,0.64398974,0.35599914,1.0871005e-05,2.0297774e-08,5.833221e-08,9.670753e-08
20019,2022-07-05,0,None,0,None,0,None,True,0.73963827,0.26035997,1.5892846e-06,1.4536622e-08,5.4629137e-08,9.462258e-08
20019,2022-07-12,1,D0,0,None,0,None,False,0.63067454,0.36930758,1.7255168e-05,4.2579593e-08,1.3328508e-07,3.8197038e-07
20019,2022-07-19,2,D1,1,D0,1,D0,False,0.008205722,0.71464354,0.27711904,3.1723186e-05,1.1742407e-08,2.1656005e-08
20019,2022-07-26,3,D2,2,D1,2,D1,False,2.582701e-05,0.05942109,0.802511,0.13804115,9.3600664e-07,2.054025e-09
20019,2022-08-02,3,D2,3,D2,3,D2,True,9.5640025e-05,0.0016231089,0.3704129,0.61049765,0.017365701,5.020712e-06
20019,2022-08-09,3,D2,3,D2,3,D2,True,3.599594e-06,9.373438e-06,0.061635684,0.7570871,0.18123096,3.3240158e-05
20019,2022-08-16,4,D3,3,D2,3,D2,False,5.3101658e-06,8.815626e-06,0.041459378,0.6657955,0.29253486,0.00019610403
20019,2022-08-23,4,D3,4,D3,4,D3,True,1.6161654e-05,8.794417e-06,0.00020329171,0.033697806,0.8527318,0.11334213
20019,2022-08-30,4,D3,4,D3,4,D3,True,5.977119e-05,3.65089e-05,0.00034105626,0.028022513,0.69461817,0.2769219
20019,2022-09-06,4,D3,4,D3,4,D3,True,2.0783446e-06,1.8013934e-06,1.1862674e-05,0.0036810036,0.5686329,0.42767033
20019,2022-09-13,4,D3,4,D3,4,D3,True,5.6882453e-07,4.5581402e-07,8.892009e-06,0.004538656,0.55823606,0.4372153
20019,2022-09-20,5,D4,4,D3,4,D3,False,9.292007e-06,5.243264e-06,0.00023555996,0.052810635,0.5902286,0.35671058
20019,2022-09-27,5,D4,5,D4,5,D4,True,2.9497983e-08,4.6340944e-08,3.292885e-08,7.383888e-06,0.028990868,0.9710017
20019,2022-10-04,5,D4,5,D4,5,D4,True,1.7334952e-09,2.8848486e-09,1.6452082e-09,8.716608e-07,0.009256213,0.990743
20019,2022-10-11,5,D4,5,D4,5,D4,True,3.568866e-09,7.2474697e-09,4.665941e-09,6.0545415e-07,0.01124877,0.98875064
20019,2022-10-18,5,D4,5,D4,5,D4,True,5.2805587e-09,1.2758865e-08,6.2545014e-09,2.7213162e-07,0.014003096,0.98599666
20019,2022-10-25,5,D4,5,D4,5,D4,True,1.6194804e-08,4.3892094e-08,1.6956509e-08,2.9517668e-07,0.027004052,0.9729955
20019,2022-11-01,5,D4,5,D4,5,D4,True,1.7987992e-08,5.1224255e-08,1.213746e-08,1.7202848e-07,0.028327506,0.97167236
20019,2022-11-08,5,D4,5,D4,5,D4,True,2.709867e-06,3.8058897e-06,2.3917264e-05,0.000140087,0.34695184,0.65287757
20019,2022-11-15,5,D4,5,D4,5,D4,True,3.07977e-07,7.9039125e-07,3.109655e-07,3.1174031e-06,0.08013806,0.91985744
20019,2022-11-22,5,D4,5,D4,5,D4,True,1.3891418e-08,4.472511e-08,2.2541975e-08,1.2036016e-06,0.031818267,0.9681806
20019,2022-11-29,5,D4,5,D4,5,D4,True,2.647792e-07,4.8901774e-07,2.7535896e-06,0.00026543997,0.24623834,0.7534928
20019,2022-12-06,5,D4,5,D4,5,D4,True,3.4316325e-09,9.6039345e-09,7.9121945e-09,3.574551e-06,0.03991064,0.96008587
20019,2022-12-13,5,D4,5,D4,5,D4,True,3.283423e-09,9.445268e-09,7.973275e-09,4.2915594e-06,0.04184178,0.95815384
20019,2022-12-20,5,D4,5,D4,5,D4,True,6.341218e-08,1.2420155e-07,2.437823e-07,9.171207e-05,0.17036755,0.8295403
20019,2022-12-27,5,D4,5,D4,5,D4,True,4.904682e-09,1.271256e-08,8.840907e-09,7.663308e-06,0.067003846,0.9329884
20019,2023-01-03,5,D4,5,D4,5,D4,True,1.28138e-07,2.3577492e-07,6.20292e-07,0.00024102298,0.28263298,0.71712494
20019,2023-01-10,5,D4,5,D4,5,D4,True,2.1763709e-09,6.19729e-09,2.6840885e-09,3.0725967e-06,0.048386544,0.9516103
20019,2023-01-17,5,D4,5,D4,5,D4,True,1.8564181e-08,4.8640224e-08,5.166725e-08,2.680834e-05,0.12617189,0.8738013
20019,2023-01-24,5,D4,5,D4,5,D4,True,1.1951711e-07,2.676391e-07,8.8563525e-07,0.0001743862,0.24416406,0.75566036
20019,2023-01-31,5,D4,5,D4,5,D4,True,4.888594e-09,1.5116433e-08,1.3579597e-08,5.9902677e-06,0.06363364,0.93636036
20019,2023-02-07,5,D4,5,D4,5,D4,True,1.0046218e-09,3.3845735e-09,2.6046432e-09,1.7491409e-06,0.038129844,0.96186846
20019,2023-02-14,5,D4,5,D4,5,D4,True,3.81054e-09,1.2290631e-08,2.4492072e-08,7.742616e-06,0.08524905,0.9147431
20019,2023-02-21,5,D4,5,D4,5,D4,True,2.2661181e-08,5.3074633e-08,1.8042044e-07,3.86497e-05,0.17916773,0.82079333
20019,2023-02-28,5,D4,5,D4,5,D4,True,1.9643858e-09,5.8910077e-09,7.856201e-09,2.7112444e-06,0.06405228,0.9359451
20019,2023-03-07,5,D4,5,D4,5,D4,True,3.7123793e-09,1.0706105e-08,1.1467957e-08,2.684547e-06,0.07172924,0.9282681
20019,2023-03-14,5,D4,5,D4,5,D4,True,1.3348626e-08,3.2545074e-08,5.8931732e-08,8.727782e-06,0.13077933,0.86921185
20019,2023-03-21,5,D4,5,D4,5,D4,True,9.173594e-10,2.2973292e-09,2.982785e-09,1.4507704e-06,0.06825968,0.93173885
20019,2023-03-28,5,D4,5,D4,5,D4,True,1.4823784e-09,3.3625824e-09,5.3481157e-09,2.7627648e-06,0.08977639,0.91022086
20019,2023-04-04,5,D4,5,D4,5,D4,True,2.4567441e-09,4.57545e-09,6.303754e-09,5.5447513e-06,0.13284853,0.8671459
20019,2023-04-11,5,D4,5,D4,5,D4,True,4.868708e-09,8.448279e-09,1.1259876e-08,1.4980688e-05,0.16424584,0.83573914
20019,2023-04-18,5,D4,5,D4,5,D4,True,5.7658596e-08,9.659957e-08,4.5473695e-07,0.00020054313,0.34399706,0.65580183
20019,2023-04-25,5,D4,5,D4,5,D4,True,5.01442e-08,8.30731e-08,1.5639108e-07,8.187792e-05,0.21233195,0.7875859
20019,2023-05-02,5,D4,5,D4,5,D4,True,4.3334916e-07,6.713923e-07,2.3892737e-06,0.00039635936,0.33981705,0.65978307
20019,2023-05-09,5,D4,5,D4,5,D4,True,1.9802343e-08,3.3420868e-08,4.015319e-08,2.6371366e-05,0.08202511,0.9179485
20019,2023-05-16,5,D4,5,D4,5,D4,True,1.9730273e-06,2.7848146e-06,4.2627533e-05,0.0040255883,0.41440946,0.5815175
20019,2023-05-23,5,D4,5,D4,5,D4,True,2.7483166e-08,4.3661394e-08,7.209457e-08,2.2682761e-05,0.056867052,0.9431101
20019,2023-05-30,5,D4,5,D4,5,D4,True,1.7553992e-07,3.0501167e-07,7.108065e-07,0.00010427456,0.08650666,0.91338784
20019,2023-06-06,5,D4,5,D4,5,D4,True,9.87735e-07,1.6901303e-06,8.8941615e-06,0.0005017264,0.20176022,0.79772645
20019,2023-06-13,5,D4,5,D4,5,D4,True,2.8072865e-08,7.3295226e-08,5.8220664e-08,7.018829e-06,0.033995166,0.9659976
20019,2023-06-20,5,D4,5,D4,5,D4,True,1.1116232e-07,2.2542348e-07,5.108514e-07,5.8905902e-05,0.058402028,0.94153816
20019,2023-06-27,5,D4,5,D4,5,D4,True,4.1751168e-08,1.2314737e-07,1.973157e-07,2.5512594e-05,0.03366807,0.96630615
20019,2023-07-04,5,D4,5,D4,5,D4,True,1.07648624e-07,2.4134246e-07,9.3647907e-07,0.000108775304,0.06026434,0.93962556
20019,2023-07-11,5,D4,5,D4,5,D4,True,1.4957729e-07,2.7953487e-07,1.6353985e-06,0.00024012061,0.120238945,0.87951887
20019,2023-07-18,5,D4,5,D4,5,D4,True,2.743476e-09,1.0965105e-08,1.35323e-08,1.6613533e-06,0.023552233,0.97644615
20019,2023-07-25,5,D4,5,D4,5,D4,True,1.7913774e-08,5.6360584e-08,1.9470573e-07,8.284762e-06,0.057342045,0.9426493
20019,2023-08-01,5,D4,5,D4,5,D4,True,7.2982336e-09,3.2769606e-08,3.4648064e-08,1.0326343e-06,0.035916828,0.96408206
20019,2023-08-08,5,D4,5,D4,5,D4,True,8.563449e-08,2.5630888e-07,4.700832e-07,9.720071e-06,0.059979357,0.94001013
20019,2023-08-15,5,D4,5,D4,5,D4,True,6.828952e-08,1.7273305e-07,3.67293e-07,7.915961e-06,0.041598428,0.95839304
20019,2023-08-22,5,D4,5,D4,5,D4,True,1.5215553e-09,5.507066e-09,2.6280693e-09,1.7890969e-07,0.008955591,0.99104416
20019,2023-08-29,5,D4,5,D4,5,D4,True,8.710748e-08,2.6022855e-07,5.9081157e-07,1.4151324e-05,0.050205667,0.9497793
20019,2023-09-05,5,D4,5,D4,5,D4,True,4.7896588e-08,1.4594583e-07,1.4153555e-07,8.568387e-06,0.039257616,0.9607335
20019,2023-09-12,5,D4,5,D4,5,D4,True,3.1667514e-07,8.211907e-07,1.3639038e-06,8.544337e-05,0.07226675,0.92764527
20019,2023-09-19,5,D4,5,D4,5,D4,True,4.8083248e-08,1.4538718e-07,1.4139464e-07,3.4837372e-05,0.052968618,0.9469962
20019,2023-09-26,5,D4,5,D4,5,D4,True,1.4323438e-06,2.8786858e-06,1.5993684e-05,0.0025989232,0.2741859,0.7231949
20019,2023-10-03,5,D4,5,D4,5,D4,True,8.792767e-08,2.4064798e-07,3.813573e-07,0.0001256138,0.098771825,0.9011019
20019,2023-10-10,5,D4,5,D4,5,D4,True,4.1502545e-08,1.13870676e-07,1.8734181e-07,8.700618e-05,0.09140283,0.9085099
20019,2023-10-17,5,D4,5,D4,5,D4,True,3.9223977e-07,8.1688455e-07,4.4556964e-06,0.0010903182,0.23004383,0.7688602
20019,2023-10-24,5,D4,5,D4,5,D4,True,2.6099757e-08,7.037613e-08,9.648529e-08,5.94637e-05,0.08685082,0.9130895
20019,2023-10-31,4,D3,4,D3,4,D3,True,9.9828685e-06,1.6346838e-05,0.00025377498,0.028438283,0.65601414,0.3152675
20019,2023-11-07,4,D3,4,D3,4,D3,True,1.7720629e-08,6.4721e-09,8.051449e-05,0.3081138,0.69147134,0.00033434466
20019,2023-11-14,4,D3,4,D3,4,D3,True,4.1478415e-08,2.2504032e-08,0.0002585208,0.44208935,0.5575709,8.1183345e-05
20019,2023-11-21,4,D3,3,D2,3,D2,False,8.4978105e-08,7.527952e-08,0.00074211665,0.53204906,0.4671933,1.5369551e-05
20019,2023-11-28,4,D3,4,D3,4,D3,True,1.583842e-08,6.387083e-09,8.13903e-05,0.35237956,0.64737964,0.00015937425
20019,2023-12-05,4,D3,4,D3,4,D3,True,6.237596e-08,2.8964005e-08,0.00024784947,0.43575278,0.5638401,0.00015923742
20019,2023-12-12,4,D3,3,D2,3,D2,False,3.8871445e-08,2.1725363e-08,0.00046547217,0.5229466,0.4765435,4.435795e-05
20019,2023-12-19,4,D3,3,D2,3,D2,False,2.1841093e-07,3.416165e-07,0.0036268898,0.58255976,0.4137944,1.8402976e-05
20019,2023-12-26,3,D2,3,D2,3,D2,True,7.587205e-08,2.3045027e-07,0.0051480248,0.61666465,0.378182,5.0433587e-06
20019,2024-01-02,3,D2,3,D2,3,D2,True,3.4916673e-07,0.00024013873,0.27955675,0.7199883,0.00021444017,2.06022e-10
20019,2024-01-09,3,D2,3,D2,3,D2,True,7.842962e-07,0.0010039791,0.3551731,0.64378196,4.0066145e-05,5.732957e-11
20019,2024-01-16,3,D2,3,D2,3,D2,True,4.17269e-08,4.783162e-05,0.2232359,0.7766787,3.7491733e-05,5.205501e-12
20019,2024-01-23,3,D2,3,D2,3,D2,True,7.607102e-08,0.0001272684,0.24840255,0.7514446,2.5518792e-05,5.2384308e-12
20019,2024-01-30,3,D2,3,D2,3,D2,True,3.2934143e-08,5.1885047e-05,0.21860708,0.7813167,2.4325316e-05,3.6535445e-12
20019,2024-02-06,3,D2,3,D2,3,D2,True,6.175271e-07,0.0006738199,0.291601,0.7076819,4.270683e-05,4.111374e-11
20019,2024-02-13,3,D2,3,D2,3,D2,True,4.3327666e-09,6.6447915e-06,0.15901434,0.8409491,2.988846e-05,1.1048036e-12
20019,2024-02-20,3,D2,3,D2,3,D2,True,3.5107912e-09,2.987826e-06,0.122433595,0.87750846,5.4884014e-05,1.5040289e-12
20019,2024-02-27,3,D2,3,D2,3,D2,True,8.3541005e-09,2.7359226e-06,0.09355262,0.9061532,0.0002914617,1.7984513e-11
20019,2024-03-05,3,D2,3,D2,3,D2,True,6.9652466e-09,2.8159875e-06,0.09448101,0.9053469,0.00016935363,7.522975e-12
20019,2024-03-12,3,D2,3,D2,3,D2,True,2.013718e-08,1.5154466e-05,0.16225906,0.8376131,0.0001126071,9.8376775e-12
20019,2024-03-19,3,D2,3,D2,3,D2,True,3.6649215e-08,3.2120322e-05,0.195883,0.8039778,0.00010704241,1.9604908e-11
20019,2024-03-26,3,D2,3,D2,3,D2,True,5.7770105e-08,9.975711e-05,0.26980588,0.7300469,4.7389894e-05,1.0006863e-11
20019,2024-04-02,2,D1,3,D2,3,D2,False,4.055436e-08,8.213132e-06,0.121728726,0.8772455,0.0010175307,1.4443796e-10
20019,2024-04-09,2,D1,3,D2,3,D2,False,2.7228666e-07,0.00036472242,0.34310964,0.65642846,9.6920696e-05,1.1849947e-10
20019,2024-04-16,2,D1,3,D2,3,D2,False,7.7739566e-07,0.0014785315,0.44859713,0.5498233,0.000100287325,5.9349303e-10
20019,2024-04-23,2,D1,2,D1,2,D1,True,4.973983e-06,0.007898146,0.5152179,0.47673342,0.00014547145,3.5487107e-09
20019,2024-04-30,2,D1,2,D1,2,D1,True,0.0010387572,0.2859243,0.6541269,0.05889387,1.6164513e-05,8.24398e-08
20019,2024-05-07,1,D0,1,D0,1,D0,True,0.2209591,0.6291768,0.1497541,0.0001085718,5.0623066e-07,8.5298177e-07
20019,2024-05-14,0,None,1,D0,1,D0,False,0.36127454,0.6364551,0.0022701102,2.3533391e-07,7.284644e-09,6.5532197e-09
20019,2024-05-21,0,None,0,None,0,None,True,0.8981491,0.101848476,9.96844e-07,3.186826e-07,1.0385893e-06,1.2789512e-07
20019,2024-05-28,0,None,0,None,0,None,True,0.89520216,0.104795665,1.1729709e-06,2.4884122e-07,6.186111e-07,1.02191265e-07
20019,2024-06-04,0,None,0,None,0,None,True,0.88601553,0.11397933,2.8020488e-06,6.006554e-07,1.3467644e-06,3.216494e-07
20019,2024-06-11,0,None,0,None,0,None,True,0.89474154,0.10525096,4.0529976e-06,1.0441679e-06,2.0785135e-06,4.330323e-07
20019,2024-06-18,0,None,0,None,0,None,True,0.8384505,0.16154113,5.667493e-06,6.568745e-07,1.379267e-06,6.8341467e-07
20019,2024-06-25,0,None,0,None,0,None,True,0.8191712,0.18080986,1.38196365e-05,1.3195136e-06,2.3974496e-06,1.28998e-06
20019,2024-07-02,0,None,0,None,0,None,True,0.7643013,0.23567913,1.5706863e-05,7.907933e-07,1.6161964e-06,1.4501301e-06
20019,2024-07-09,0,None,0,None,0,None,True,0.79662466,0.20336325,8.725241e-06,5.6779993e-07,1.4355661e-06,1.3619277e-06
20019,2024-07-16,1,D0,0,None,0,None,False,0.6393752,0.36061674,6.70987e-06,1.1385107e-07,4.4752838e-07,7.8603915e-07
20019,2024-07-23,1,D0,1,D0,1,D0,True,0.046441957,0.6420427,0.31147188,4.3078115e-05,1.5542574e-07,2.5649553e-07
20019,2024-07-30,1,D0,1,D0,1,D0,True,0.006085872,0.5569863,0.4367264,0.00020109062,1.04755756e-07,1.9240615e-07
20019,2024-08-06,2,D1,1,D0,1,D0,False,0.012273248,0.5804753,0.40718293,6.844563e-05,3.4372622e-08,1.3430872e-07
20019,2024-08-13,2,D1,2,D1,2,D1,True,9.498603e-06,0.013314295,0.64865255,0.33800924,1.448621e-05,1.7940843e-08
20019,2024-08-20,2,D1,2,D1,2,D1,True,0.00021989604,0.08175314,0.7504547,0.16755478,1.728014e-05,1.2811746e-07
20019,2024-08-27,2,D1,2,D1,2,D1,True,6.961435e-06,0.003170941,0.5525222,0.44426876,3.1246036e-05,1.4951995e-08
20019,2024-09-03,2,D1,3,D2,2,D1,True,5.218867e-06,0.0016307489,0.4941499,0.50413454,7.9556405e-05,2.1194428e-08
20019,2024-09-10,2,D1,3,D2,2,D1,True,8.527503e-06,0.002421329,0.49486846,0.5025999,0.00010178272,6.7050635e-08
20019,2024-09-17,2,D1,2,D1,2,D1,True,1.37679945e-05,0.0057157474,0.5249531,0.46925476,6.24367e-05,8.968238e-08
20019,2024-09-24,2,D1,2,D1,2,D1,True,0.0002588271,0.064636126,0.5333111,0.40158278,0.00020994825,1.1060899e-06
20019,2024-10-01,2,D1,3,D2,3,D2,False,1.6191764e-06,0.0002593693,0.3857601,0.6137144,0.00026442826,5.284661e-08
20019,2024-10-08,3,D2,3,D2,3,D2,True,6.6449417e-07,2.4224351e-05,0.19145961,0.80630803,0.00220722,1.559542e-07
20019,2024-10-15,3,D2,3,D2,3,D2,True,1.1022316e-08,1.9193334e-09,0.00040376215,0.5732368,0.42631596,4.3382155e-05
20019,2024-10-22,3,D2,4,D3,4,D3,False,9.7757614e-08,2.0389448e-08,0.00056316523,0.452415,0.5467312,0.00029054537
20019,2024-10-29,4,D3,4,D3,4,D3,True,1.5876864e-07,4.3542414e-08,0.00019114948,0.20810474,0.78957224,0.002131654
20019,2024-11-05,3,D2,3,D2,3,D2,True,1.6213494e-06,5.4553025e-06,0.025229793,0.50578207,0.468893,8.8128305e-05
20019,2024-11-12,1,D0,2,D1,2,D1,False,0.0003606848,0.06622557,0.48341313,0.44953084,0.00046737838,2.344459e-06
20019,2024-11-19,1,D0,1,D0,1,D0,True,0.2764496,0.7143561,0.009193926,3.346032e-07,1.1547205e-08,2.4444313e-08
20019,2024-11-26,1,D0,1,D0,1,D0,True,0.24160202,0.7556298,0.00276821,9.149382e-09,2.597669e-10,3.5460915e-10
20019,2024-12-03,1,D0,1,D0,1,D0,True,0.25944358,0.739306,0.0012504053,3.5993524e-09,1.9919817e-10,1.867881e-10
20019,2024-12-10,1,D0,1,D0,1,D0,True,0.2285112,0.7688438,0.0026449694,4.9477404e-09,1.3134281e-10,1.0591217e-10
20019,2024-12-17,1,D0,1,D0,1,D0,True,0.17584203,0.8167154,0.007442528,6.852435e-09,6.444092e-11,6.391371e-11
20019,2024-12-24,1,D0,1,D0,1,D0,True,0.08361928,0.848237,0.06814323,5.301387e-07,9.434987e-10,1.2803016e-09
20019,2024-12-31,1,D0,1,D0,1,D0,True,0.18705492,0.7971581,0.015786877,5.622773e-08,4.779888e-10,6.472642e-10
20019,2025-01-07,1,D0,1,D0,1,D0,True,0.20402652,0.7837346,0.012238883,3.7337568e-08,3.733988e-10,5.0139565e-10
20019,2025-01-14,1,D0,1,D0,1,D0,True,0.124911204,0.84501386,0.03007479,5.3381246e-08,2.68479e-10,5.381753e-10
20019,2025-01-21,1,D0,1,D0,1,D0,True,0.12119137,0.8437026,0.035105933,7.271523e-08,3.6241865e-10,8.4499036e-10
20019,2025-01-28,1,D0,1,D0,1,D0,True,0.06207027,0.87773955,0.06019001,1.3540551e-07,5.9225747e-10,2.2940825e-09
20019,2025-02-04,1,D0,1,D0,1,D0,True,0.11874087,0.8469143,0.034344792,6.6730685e-08,5.4639365e-10,2.083655e-09
20019,2025-02-11,1,D0,1,D0,1,D0,True,0.016321957,0.88427866,0.09939903,3.438778e-07,1.4171857e-09,6.606526e-09
20019,2025-02-18,1,D0,1,D0,1,D0,True,0.09315739,0.8542964,0.05254614,1.2924234e-07,5.21486e-10,2.8901168e-09
20019,2025-02-25,2,D1,1,D0,1,D0,False,0.007181656,0.8532252,0.13959244,7.084805e-07,5.834523e-10,2.436924e-09
20019,2025-03-04,2,D1,2,D1,2,D1,True,9.823157e-07,0.106920145,0.8789423,0.014136507,3.3396933e-08,4.341541e-11
20019,2025-03-11,1,D0,2,D1,2,D1,False,2.4910041e-06,0.034862548,0.86170423,0.103430346,3.6200174e-07,2.1915898e-10
20019,2025-03-18,1,D0,2,D1,2,D1,False,0.00087267393,0.33395648,0.6468966,0.018271482,2.6270513e-06,2.0105216e-07
20019,2025-03-25,1,D0,1,D0,1,D0,True,0.0039115855,0.5485539,0.44586247,0.001671687,2.599811e-07,7.288044e-08
20019,2025-04-01,1,D0,1,D0,1,D0,True,0.0024431287,0.52021265,0.47629097,0.0010531856,8.687234e-08,2.2193227e-08
20019,2025-04-08,1,D0,1,D0,1,D0,True,0.0359852,0.71493703,0.24893144,0.0001462198,6.672673e-08,3.7683957e-08
20019,2025-04-15,1,D0,2,D1,2,D1,False,0.0004136678,0.46978328,0.52685237,0.0029505596,1.3847502e-07,1.2180463e-08
20019,2025-04-22,0,None,1,D0,1,D0,False,0.12697358,0.62379265,0.24915631,7.7244156e-05,6.542681e-08,1.6995608e-07
20019,2025-04-29,0,None,0,None,0,None,True,0.7738365,0.22615741,5.948073e-06,4.252538e-08,7.423881e-08,3.8590034e-08
20019,2025-05-06,0,None,0,None,0,None,True,0.79252416,0.20747505,7.777699e-07,7.76185e-09,2.3498623e-08,1.2139993e-08
20019,2025-05-13,0,None,0,None,0,None,True,0.6851085,0.31487516,1.5832857e-05,1.2712438e-07,2.2299837e-07,1.5134478e-07
20019,2025-05-20,0,None,0,None,0,None,True,0.79161704,0.2083783,4.545347e-06,3.4839687e-08,8.1535745e-08,3.3746595e-08
20019,2025-05-27,0,None,0,None,0,None,True,0.8443431,0.15565352,3.2536698e-06,2.895861e-08,9.838358e-08,2.7952357e-08
20019,2025-06-03,0,None,0,None,0,None,True,0.83070385,0.16929306,2.9243197e-06,2.3715694e-08,5.883556e-08,1.4238204e-08
20019,2025-06-10,0,None,0,None,0,None,True,0.84561765,0.15437515,6.8749887e-06,7.689621e-08,2.0188398e-07,5.3128886e-08
20019,2025-06-17,0,None,0,None,0,None,True,0.8456588,0.15433791,3.0928866e-06,2.5649465e-08,7.1727996e-08,1.3384047e-08
20019,2025-06-24,0,None,0,None,0,None,True,0.8438851,0.15610412,1.0301361e-05,1.1190854e-07,2.9451436e-07,5.6945257e-08
20019,2025-07-01,0,None,0,None,0,None,True,0.82597095,0.17401454,1.3491565e-05,3.253162e-07,6.213949e-07,1.6270968e-07
20019,2025-07-08,0,None,0,None,0,None,True,0.7832256,0.216759,1.2887289e-05,6.6358035e-07,1.088396e-06,7.546169e-07
20019,2025-07-15,0,None,0,None,0,None,True,0.76313967,0.23683581,1.974971e-05,1.212806e-06,1.9398135e-06,1.7500886e-06
20019,2025-07-22,0,None,0,None,0,None,True,0.8082629,0.19172092,1.2612899e-05,1.0454542e-06,1.6368889e-06,9.237633e-07
20019,2025-07-29,0,None,0,None,0,None,True,0.8317363,0.168259,3.088569e-06,3.934843e-07,9.2098696e-07,3.670235e-07
20019,2025-08-05,0,None,0,None,0,None,True,0.76714045,0.23285584,2.7056158e-06,1.8007746e-07,5.1028053e-07,2.546333e-07
20019,2025-08-12,0,None,0,None,0,None,True,0.76457,0.2354189,8.055888e-06,5.5752275e-07,1.4807417e-06,1.1049599e-06
20019,2025-08-19,0,None,0,None,0,None,True,0.73562413,0.2643725,2.7368212e-06,9.552024e-08,2.9648203e-07,3.17223e-07
20019,2025-08-26,0,None,0,None,0,None,True,0.7101141,0.289881,4.18862e-06,8.682714e-08,2.8356638e-07,3.6829022e-07
20019,2025-09-02,0,None,0,None,0,None,True,0.7645996,0.23539546,3.802113e-06,1.8753961e-07,6.82674e-07,2.9458656e-07
20019,2025-09-09,0,None,0,None,0,None,True,0.7818075,0.21819124,9.0476556e-07,6.9561025e-08,3.2173062e-07,6.9625806e-08
20019,2025-09-16,0,None,0,None,0,None,True,0.7517125,0.24828371,2.3880643e-06,2.7727077e-07,9.126419e-07,1.5973833e-07
20019,2025-09-23,0,None,0,None,0,None,True,0.8417986,0.15818973,5.8293635e-06,1.640224e-06,4.0199925e-06,2.1487682e-07
20019,2025-09-30,0,None,0,None,0,None,True,0.8528386,0.14715211,3.5559715e-06,1.4201555e-06,4.156179e-06,1.6219622e-07
20019,2025-10-07,0,None,0,None,0,None,True,0.8310935,0.16888908,6.1627907e-06,2.1384005e-06,9.015331e-06,1.9006136e-07
20019,2025-10-14,1,D0,0,None,0,None,False,0.7525343,0.24744543,1.0902476e-05,1.9816446e-06,7.1245954e-06,2.99601e-07
20019,2025-10-21,1,D0,1,D0,1,D0,True,0.13488886,0.7256904,0.13940553,1.5171919e-05,2.9302107e-08,1.3085029e-08
20019,2025-10-28,0,None,1,D0,1,D0,False,0.2742538,0.6957655,0.029976873,3.8016042e-06,3.6989913e-08,1.4931317e-08
20019,2025-11-04,0,None,0,None,0,None,True,0.85481787,0.14517741,1.1141199e-06,6.824807e-07,2.788498e-06,1.2950437e-07
20019,2025-11-11,0,None,0,None,0,None,True,0.790209,0.20978488,1.8125342e-06,1.0191578e-06,2.668298e-06,6.9245476e-07
20019,2025-11-18,0,None,0,None,0,None,True,0.71347266,0.2865238,2.25525e-06,2.8816092e-07,7.2290027e-07,2.3464148e-07
20019,2025-11-25,0,None,0,None,0,None,True,0.8699096,0.13008404,2.9443618e-06,7.7386625e-07,2.6197988e-06,1.1960586e-07
20019,2025-12-02,0,None,0,None,0,None,True,0.88630956,0.113688596,8.9748846e-07,2.1061354e-07,7.796347e-07,2.1065519e-08
20019,2025-12-09,1,D0,0,None,0,None,False,0.8347524,0.16524385,2.4475328e-06,3.0109203e-07,8.808747e-07,3.7281644e-08
20019,2025-12-16,1,D0,1,D0,1,D0,True,0.019778855,0.8329069,0.1473116,2.5499587e-06,4.261234e-09,1.7687934e-09
20019,2025-12-23,1,D0,1,D0,1,D0,True,0.013497858,0.87413675,0.112364694,6.965537e-07,5.348494e-10,2.6770525e-10
20019,2025-12-30,1,D0,1,D0,1,D0,True,0.0008050934,0.7911375,0.20805654,8.431988e-07,1.3589832e-10,5.0689845e-11
20021,2022-01-04,0,None,1,D0,1,D0,False,0.4189185,0.58057964,0.0005015858,8.4565585e-08,3.454734e-08,1.383889e-07
20021,2022-01-11,0,None,1,D0,1,D0,False,0.40081802,0.59848565,0.0006960629,7.874378e-08,2.948547e-08,1.07242094e-07
20021,2022-01-18,1,D0,1,D0,1,D0,True,0.48720878,0.5127091,8.193982e-05,3.6428787e-08,3.6244913e-08,1.1668167e-07
20021,2022-01-25,1,D0,1,D0,1,D0,True,0.0029710126,0.73056316,0.26646328,2.6117445e-06,4.767082e-10,1.8611004e-09
20021,2022-02-01,2,D1,1,D0,1,D0,False,9.801489e-05,0.5222234,0.47756758,0.0001110795,9.793961e-10,1.010871e-09
20021,2022-02-08,1,D0,2,D1,2,D1,False,1.17955415e-05,0.047549695,0.8723427,0.08009345,2.2878526e-06,1.1015928e-07
20021,2022-02-15,1,D0,1,D0,1,D0,True,0.027043862,0.59764856,0.37508887,0.00021561164,3.3881327e-07,2.8305847e-06
20021,2022-02-22,1,D0,1,D0,1,D0,True,0.013026131,0.7197145,0.2672388,2.0500713e-05,1.0008744e-08,6.251941e-08
20021,2022-03-01,1,D0,1,D0,1,D0,True,0.0009743129,0.5976878,0.4013069,3.1074087e-05,2.1733153e-09,8.734455e-09
20021,2022-03-08,0,None,1,D0,1,D0,False,0.010660409,0.70023304,0.28910023,6.2709564e-06,5.3986066e-10,3.425275e-09
20021,2022-03-15,0,None,0,None,0,None,True,0.6593735,0.34062365,2.7095996e-06,2.0567656e-08,5.6592974e-08,7.015329e-08
20021,2022-03-22,0,None,0,None,0,None,True,0.79293686,0.20706043,2.1141852e-06,1.2602912e-07,3.082466e-07,2.579457e-07
20021,2022-03-29,0,None,0,None,0,None,True,0.73791414,0.26208362,1.8243478e-06,5.7137008e-08,1.5354395e-07,1.5512839e-07
20021,2022-04-05,0,None,0,None,0,None,True,0.6543526,0.34563705,9.117493e-06,2.0866291e-07,4.626926e-07,5.4962766e-07
20021,2022-04-12,0,None,0,None,0,None,True,0.601674,0.39829105,3.110371e-05,6.653688e-07,1.2412141e-06,1.9424585e-06
20021,2022-04-19,0,None,0,None,0,None,True,0.53883123,0.4611081,5.8783597e-05,2.746684e-07,5.784994e-07,1.0014992e-06
20021,2022-04-26,0,None,1,D0,1,D0,False,0.47132632,0.5280004,0.00066982844,1.0496706e-06,8.253688e-07,1.4801544e-06
20021,2022-05-03,0,None,0,None,0,None,True,0.55546486,0.44409797,0.00043187258,1.7636193e-06,1.2244974e-06,2.3269897e-06
20021,2022-05-10,0,None,0,None,0,None,True,0.7014961,0.29846624,3.4080243e-05,8.13769e-07,1.2633614e-06,1.4044988e-06
20021,2022-05-17,0,None,0,None,0,None,True,0.74724424,0.25275272,2.5258844e-06,9.355345e-08,2.489067e-07,1.9591167e-07
20021,2022-05-24,0,None,0,None,0,None,True,0.6716752,0.32829392,2.8827619e-05,4.1247415e-07,8.3651054e-07,7.911241e-07
20021,2022-05-31,0,None,0,None,0,None,True,0.7781223,0.22183791,3.5179448e-05,1.0734483e-06,2.2355434e-06,1.3515361e-06
20021,2022-06-07,0,None,0,None,0,None,True,0.82267994,0.17730832,9.859893e-06,3.724969e-07,7.950155e-07,6.830845e-07
20021,2022-06-14,0,None,0,None,0,None,True,0.79350466,0.20648956,4.544261e-06,1.8011573e-07,4.8851166e-07,6.0741314e-07
20021,2022-06-21,0,None,0,None,0,None,True,0.74170893,0.25827557,1.2459064e-05,4.0746292e-07,1.074863e-06,1.5612295e-06
20021,2022-06-28,1,D0,0,None,0,None,False,0.73169994,0.26826212,3.578366e-05,4.0445505e-07,6.8197954e-07,1.0542619e-06
20021,2022-07-05,1,D0,1,D0,1,D0,True,0.12136196,0.7396776,0.13895082,9.596501e-06,4.6329163e-09,5.2565157e-09
20021,2022-07-12,2,D1,1,D0,1,D0,False,0.0078120944,0.51904756,0.47274962,0.00039071313,1.3206141e-08,4.653421e-09
20021,2022-07-19,3,D2,2,D1,2,D1,False,2.617273e-06,0.004478024,0.598339,0.39717126,9.036367e-06,6.76952e-10
20021,2022-07-26,4,D3,3,D2,3,D2,False,2.5330503e-06,2.1221109e-05,0.16703273,0.8091663,0.023776613,5.49618e-07
20021,2022-08-02,4,D3,4,D3,4,D3,True,0.000120956225,0.00013499586,0.056200657,0.4468672,0.49200982,0.0046664495
20021,2022-08-09,4,D3,4,D3,4,D3,True,1.4429415e-05,1.0237081e-05,0.00018032356,0.017451903,0.71695626,0.26538685
20021,2022-08-16,4,D3,4,D3,4,D3,True,3.6257326e-05,2.4670848e-05,0.0003813278,0.031388354,0.6019189,0.36625057
20021,2022-08-23,4,D3,4,D3,4,D3,True,9.202991e-05,6.0607093e-05,0.0015251341,0.07227632,0.62950295,0.29654288
20021,2022-08-30,4,D3,4,D3,4,D3,True,7.473328e-05,6.1945844e-05,0.00042947222,0.023014758,0.6123304,0.3640887
20021,2022-09-06,4,D3,4,D3,5,D4,False,3.2096705e-06,3.1820696e-06,2.1360687e-05,0.0043814257,0.5365868,0.45900396
20021,2022-09-13,4,D3,4,D3,4,D3,True,9.1874557e-07,5.290262e-07,3.0815474e-05,0.015299174,0.55721295,0.42745557
20021,2022-09-20,5,D4,4,D3,4,D3,False,1.0130663e-05,5.0583585e-06,0.00067434844,0.11069917,0.62151605,0.26709518
20021,2022-09-27,5,D4,5,D4,5,D4,True,2.698292e-07,3.617176e-07,2.4657945e-07,3.9471022e-05,0.052911106,0.9470485
20021,2022-10-04,5,D4,5,D4,5,D4,True,1.2097083e-08,1.700138e-08,9.9282875e-09,3.0245985e-06,0.012497674,0.9874993
20021,2022-10-11,5,D4,5,D4,5,D4,True,1.2015426e-08,1.6540902e-08,1.555143e-08,4.8992356e-06,0.01429473,0.98570025
20021,2022-10-18,5,D4,5,D4,5,D4,True,9.4711705e-09,1.36735965e-08,1.09068665e-08,3.948222e-06,0.015382857,0.9846132
20021,2022-10-25,4,D3,5,D4,5,D4,False,1.7712559e-08,3.1920056e-08,1.7625005e-08,3.584764e-06,0.026472693,0.9735237
20021,2022-11-01,4,D3,5,D4,5,D4,False,6.888469e-08,1.4710405e-07,1.5767503e-07,1.57975e-05,0.10548599,0.8944979
20021,2022-11-08,4,D3,4,D3,4,D3,True,5.1885716e-05,2.1170821e-05,0.0020552839,0.11187001,0.8557724,0.030229144
20021,2022-11-15,4,D3,5,D4,5,D4,False,5.867498e-07,7.142758e-07,4.5865286e-06,0.00043191237,0.43682346,0.5627387
20021,2022-11-22,4,D3,5,D4,5,D4,False,5.887113e-08,7.5820324e-08,2.9045503e-07,4.7854435e-05,0.38062027,0.6193315
20021,2022-11-29,4,D3,4,D3,4,D3,True,2.4995832e-05,1.4766529e-05,0.00038380694,0.008649496,0.75982046,0.23110645
20021,2022-12-06,4,D3,5,D4,5,D4,False,4.6656987e-07,6.295333e-07,2.022559e-06,0.0001203112,0.41223451,0.5876421
20021,2022-12-13,3,D2,5,D4,5,D4,False,1.8763645e-06,3.7955585e-06,8.3481855e-06,0.00019159705,0.32489294,0.6749014
20021,2022-12-20,3,D2,3,D2,3,D2,True,1.0931425e-05,1.6639924e-05,0.026865419,0.5751748,0.3978026,0.00012955374
20021,2022-12-27,3,D2,3,D2,3,D2,True,1.391037e-06,2.2438994e-06,0.016591651,0.63049316,0.3528968,1.4841111e-05
20021,2023-01-03,3,D2,3,D2,3,D2,True,2.7214116e-06,6.131066e-06,0.024323758,0.6255668,0.35008916,1.1489797e-05
20021,2023-01-10,3,D2,3,D2,3,D2,True,3.141374e-07,2.7256783e-07,0.004162746,0.6001674,0.39565822,1.1007937e-05
20021,2023-01-17,3,D2,3,D2,3,D2,True,1.201228e-07,1.13736064e-07,0.001436076,0.57345724,0.4251025,4.0208065e-06
20021,2023-01-24,3,D2,3,D2,3,D2,True,1.6846694e-07,1.8069969e-07,0.0012728983,0.54924536,0.4494781,3.3471983e-06
20021,2023-01-31,3,D2,3,D2,3,D2,True,9.805301e-08,3.0662964e-08,0.00019674201,0.53334075,0.46645615,6.3501884e-06
20021,2023-02-07,3,D2,4,D3,4,D3,False,3.291424e-08,2.3977715e-09,3.140452e-05,0.48889363,0.5110356,3.925262e-05
20021,2023-02-14,2,D1,4,D3,4,D3,False,8.7455355e-08,8.938541e-09,6.396286e-05,0.43782845,0.5620462,6.127337e-05
20021,2023-02-21,2,D1,3,D2,3,D2,False,0.00012326415,0.0071990774,0.33461744,0.6573662,0.00069317804,8.498072e-07
20021,2023-02-28,2,D1,3,D2,3,D2,False,8.324295e-06,0.0029722662,0.42637596,0.57061577,2.768849e-05,1.6013939e-08
20021,2023-03-07,2,D1,2,D1,2,D1,True,1.6204867e-05,0.018444678,0.55757844,0.42395464,5.9799204e-06,1.3839471e-08
20021,2023-03-14,2,D1,2,D1,2,D1,True,0.0039348425,0.44798714,0.5437288,0.0043483763,4.025752e-07,3.9752098e-07
20021,2023-03-21,2,D1,2,D1,2,D1,True,0.000120528886,0.2248924,0.7560106,0.018976435,7.3825696e-08,5.8979084e-09
20021,2023-03-28,2,D1,2,D1,2,D1,True,0.00019825168,0.19167528,0.771863,0.036263097,3.3264246e-07,2.9649202e-08
20021,2023-04-04,2,D1,2,D1,2,D1,True,1.2467818e-05,0.02676512,0.77471215,0.19850975,5.7939366e-07,2.5615403e-09
20021,2023-04-11,2,D1,2,D1,2,D1,True,2.3508373e-05,0.019489031,0.6914526,0.28903168,3.1502427e-06,2.3565914e-08
20021,2023-04-18,2,D1,2,D1,2,D1,True,4.8785023e-05,0.032813925,0.6453771,0.32175332,6.7976075e-06,5.2921692e-08
20021,2023-04-25,2,D1,2,D1,2,D1,True,0.00049828977,0.14567201,0.73301965,0.12080537,4.439677e-06,2.523576e-07
20021,2023-05-02,3,D2,2,D1,2,D1,False,0.0012428759,0.22548674,0.6980981,0.075167276,4.6794635e-06,3.744001e-07
20021,2023-05-09,2,D1,3,D2,3,D2,False,2.369709e-06,9.4340554e-05,0.33583304,0.66252923,0.0015409009,1.2472117e-07
20021,2023-05-16,2,D1,2,D1,2,D1,True,0.006013545,0.17156807,0.5917779,0.2304285,0.0002010908,1.0827295e-05
20021,2023-05-23,2,D1,2,D1,2,D1,True,0.0026980902,0.3786689,0.616297,0.0023359838,3.411289e-08,3.9503924e-08
20021,2023-05-30,2,D1,2,D1,2,D1,True,0.00100104,0.3192865,0.6779606,0.0017518766,1.4298593e-08,2.231281e-08
20021,2023-06-06,2,D1,2,D1,2,D1,True,0.015697768,0.4314736,0.5508021,0.0020179865,7.7977325e-07,7.671171e-06
20021,2023-06-13,2,D1,2,D1,2,D1,True,0.00040346762,0.25646734,0.73896945,0.0041595683,1.11524926e-07,1.1674433e-07
20021,2023-06-20,2,D1,2,D1,2,D1,True,0.00021321338,0.17899112,0.80559766,0.015197155,6.6379545e-07,1.675106e-07
20021,2023-06-27,2,D1,2,D1,2,D1,True,2.1397926e-05,0.02977979,0.7454827,0.22470464,1.1417441e-05,5.4710316e-08
20021,2023-07-04,2,D1,2,D1,2,D1,True,0.00015229889,0.09352565,0.77860594,0.12770562,1.0220471e-05,2.477546e-07
20021,2023-07-11,3,D2,2,D1,2,D1,False,0.0010277367,0.23939739,0.7289795,0.030586915,6.340163e-06,2.0867465e-06
20021,2023-07-18,3,D2,3,D2,3,D2,True,8.188535e-08,3.1264975e-07,0.056146163,0.9273744,0.016478747,2.5657897e-07
20021,2023-07-25,3,D2,3,D2,3,D2,True,2.5510728e-06,1.2982975e-05,0.1606124,0.8173784,0.02199257,1.1845821e-06
20021,2023-08-01,3,D2,3,D2,3,D2,True,6.983323e-06,4.674612e-06,0.052708387,0.6974329,0.24973315,0.00011392779
20021,2023-08-08,2,D1,3,D2,3,D2,False,2.523102e-05,0.00016852209,0.25911137,0.7153786,0.025309406,6.89545e-06
20021,2023-08-15,1,D0,2,D1,2,D1,False,0.0013300396,0.20484558,0.72140867,0.07239088,2.1964423e-05,2.8319052e-06
20021,2023-08-22,1,D0,1,D0,1,D0,True,0.12301894,0.73738784,0.13958895,4.040835e-06,3.59183e-08,2.600269e-07
20021,2023-08-29,1,D0,1,D0,1,D0,True,0.044309255,0.64686483,0.3087843,3.973355e-05,3.7169275e-07,1.5490228e-06
20021,2023-09-05,1,D0,1,D0,1,D0,True,0.045629766,0.70103014,0.25332838,1.0828599e-05,1.3276019e-07,6.5455384e-07
20021,2023-09-12,1,D0,1,D0,1,D0,True,0.14062853,0.7412518,0.11811707,2.3493997e-06,4.396953e-08,1.7526563e-07
20021,2023-09-19,1,D0,1,D0,1,D0,True,0.019442018,0.7201131,0.26043463,9.548544e-06,8.882728e-08,7.2122845e-07
20021,2023-09-26,0,None,1,D0,1,D0,False,0.12471384,0.7228419,0.15243492,8.992579e-06,6.946852e-08,2.4872608e-07
20021,2023-10-03,0,None,0,None,0,None,True,0.656773,0.3432015,2.3729797e-05,2.5579308e-07,7.924113e-07,7.9612965e-07
20021,2023-10-10,0,None,0,None,0,None,True,0.55429953,0.4456131,8.520859e-05,2.3550581e-07,6.001722e-07,1.3820277e-06
20021,2023-10-17,0,None,0,None,0,None,True,0.53287584,0.46699473,0.00012667953,3.4529265e-07,6.401788e-07,1.7600712e-06
20021,2023-10-24,0,None,1,D0,1,D0,False,0.38045067,0.61840343,0.001145671,4.3439144e-08,2.7978889e-08,1.3549584e-07
20021,2023-10-31,0,None,0,None,0,None,True,0.5270874,0.47237352,0.0005318735,1.402346e-06,2.3251278e-06,3.5472028e-06
20021,2023-11-07,0,None,0,None,0,None,True,0.56350464,0.43647498,2.0212587e-05,1.8996687e-08,5.774205e-08,1.0270963e-07
20021,2023-11-14,0,None,1,D0,1,D0,False,0.3493784,0.64729947,0.0033219638,1.0883797e-07,3.162114e-08,1.07307066e-07
20021,2023-11-21,0,None,1,D0,1,D0,False,0.46569428,0.53395987,0.00034495577,1.6351912e-07,2.993929e-07,4.5331228e-07
20021,2023-11-28,0,None,0,None,0,None,True,0.5086735,0.4912529,7.347327e-05,3.1782598e-08,5.0116476e-08,6.360525e-08
20021,2023-12-05,1,D0,1,D0,0,None,False,0.49495536,0.5049471,9.718788e-05,5.072079e-08,1.0464237e-07,1.16493666e-07
20021,2023-12-12,1,D0,1,D0,1,D0,True,0.002864964,0.78315884,0.21397439,1.816131e-06,1.7415238e-09,1.6022049e-09
20021,2023-12-19,1,D0,1,D0,1,D0,True,0.26249078,0.723893,0.013615938,2.3769161e-07,7.0140294e-09,5.0217532e-09
20021,2023-12-26,0,None,1,D0,1,D0,False,0.28056368,0.71789306,0.0015432253,1.1395654e-08,6.5793765e-10,3.5309683e-10
20021,2024-01-02,0,None,0,None,0,None,True,0.8158352,0.1841646,1.398606e-07,4.085987e-09,1.3444362e-07,8.787157e-09
20021,2024-01-09,0,None,0,None,0,None,True,0.89361584,0.10638372,7.6497315e-08,8.014475e-09,2.797227e-07,8.295105e-09
20021,2024-01-16,0,None,0,None,0,None,True,0.89588785,0.10411185,5.539836e-08,4.867189e-09,1.6194538e-07,4.989125e-09
20021,2024-01-23,0,None,0,None,0,None,True,0.898783,0.1012168,6.143917e-08,4.825855e-09,1.5748165e-07,4.3132795e-09
20021,2024-01-30,0,None,0,None,0,None,True,0.9027836,0.09721613,1.06023705e-07,8.354989e-09,1.9786577e-07,3.5603882e-09
20021,2024-02-06,0,None,0,None,0,None,True,0.9330888,0.06691095,6.235769e-08,4.9965307e-09,1.6263604e-07,2.1721862e-09
20021,2024-02-13,0,None,0,None,0,None,True,0.9293854,0.07061419,1.1941084e-07,1.0007754e-08,1.6707867e-07,2.3025146e-09
20021,2024-02-20,0,None,0,None,0,None,True,0.90933007,0.09066875,6.025656e-07,4.4867505e-08,4.1990066e-07,6.311732e-09
20021,2024-02-27,1,D0,0,None,0,None,False,0.83861506,0.16138296,1.5934982e-06,5.0619438e-08,2.8832204e-07,1.1165371e-08
20021,2024-03-05,1,D0,1,D0,1,D0,True,0.022361085,0.8303775,0.14726107,4.2331638e-07,4.5632048e-10,4.5481635e-10
20021,2024-03-12,1,D0,1,D0,1,D0,True,0.03605901,0.72415584,0.239783,2.1850808e-06,5.6069066e-10,1.0234223e-09
20021,2024-03-19,1,D0,1,D0,1,D0,True,0.026164707,0.80248225,0.17135225,7.303374e-07,2.4479024e-10,3.007929e-10
20021,2024-03-26,1,D0,1,D0,1,D0,True,0.00372495,0.6484246,0.34783947,1.08761105e-05,6.22032e-10,3.7121625e-10
20021,2024-04-02,0,None,1,D0,1,D0,False,0.0012077014,0.59996206,0.39880067,2.9545092e-05,2.3612323e-09,9.815727e-10
20021,2024-04-09,0,None,0,None,0,None,True,0.6651986,0.33476433,3.6100297e-05,5.069156e-07,5.099612e-07,5.1296418e-08
20021,2024-04-16,0,None,1,D0,1,D0,False,0.46865052,0.5299409,0.0013978884,6.0490997e-06,3.7075001e-06,9.458503e-07
20021,2024-04-23,1,D0,1,D0,1,D0,True,0.47497955,0.52312297,0.0018926482,3.5933158e-06,8.294291e-07,3.7072513e-07
20021,2024-04-30,0,None,1,D0,1,D0,False,0.05675694,0.5307711,0.41033393,0.0021292951,6.652425e-06,2.0603202e-06
20021,2024-05-07,0,None,0,None,0,None,True,0.66590065,0.33360267,0.0004885165,6.2450863e-06,1.8059291e-06,1.0968687e-07
20021,2024-05-14,0,None,0,None,0,None,True,0.5593325,0.4395605,0.0011024103,4.098227e-06,4.3538296e-07,6.4073824e-08
20021,2024-05-21,0,None,0,None,0,None,True,0.8582025,0.14177498,1.7198672e-05,1.7755523e-06,3.419922e-06,1.1828421e-07
20021,2024-05-28,0,None,0,None,0,None,True,0.8173704,0.1826078,1.9531632e-05,8.3791707e-07,1.3975898e-06,1.3843807e-07
20021,2024-06-04,0,None,0,None,0,None,True,0.7964856,0.20344152,6.640906e-05,2.4832545e-06,3.3549666e-06,7.2305363e-07
20021,2024-06-11,0,None,0,None,0,None,True,0.8150003,0.18495171,4.2405583e-05,2.025343e-06,2.946334e-06,6.9116794e-07
20021,2024-06-18,0,None,0,None,0,None,True,0.7531824,0.24676868,4.4019005e-05,1.365478e-06,2.1239046e-06,1.3639553e-06
20021,2024-06-25,1,D0,0,None,0,None,False,0.7559136,0.24397852,9.890415e-05,2.6380274e-06,3.6102363e-06,2.7106857e-06
20021,2024-07-02,1,D0,1,D0,1,D0,True,0.3137444,0.53782946,0.14828584,0.00013871523,7.249297e-07,9.2447186e-07
20021,2024-07-09,0,None,1,D0,1,D0,False,0.17153132,0.545971,0.28214875,0.00034708082,9.651799e-07,9.4310747e-07
20021,2024-07-16,0,None,0,None,0,None,True,0.71423584,0.28570727,5.4127453e-05,9.803337e-07,1.1164637e-06,6.161708e-07
20021,2024-07-23,0,None,0,None,0,None,True,0.6909706,0.30885437,0.00016746743,2.859501e-06,2.5901845e-06,2.154518e-06
20021,2024-07-30,1,D0,0,None,0,None,False,0.6306659,0.36911395,0.0002141026,1.8529565e-06,2.0031107e-06,2.1931285e-06
20021,2024-08-06,1,D0,1,D0,1,D0,True,0.012110081,0.6590335,0.32879537,6.10348e-05,1.4904328e-08,5.577759e-09
20021,2024-08-13,2,D1,2,D1,2,D1,True,0.02029768,0.4383879,0.5405908,0.0007233173,2.3779381e-07,9.903064e-08
20021,2024-08-20,2,D1,2,D1,2,D1,True,2.0951404e-06,0.007146842,0.6746844,0.31815037,1.6362215e-05,2.7531563e-10
20021,2024-08-27,2,D1,2,D1,2,D1,True,4.9141632e-05,0.050671022,0.7812542,0.16801229,1.334912e-05,1.9497424e-09
20021,2024-09-03,2,D1,2,D1,2,D1,True,1.816814e-05,0.012330588,0.58788824,0.3995599,0.00020309277,2.0138211e-08
20021,2024-09-10,2,D1,2,D1,2,D1,True,1.7909138e-05,0.0063557113,0.56516606,0.42816895,0.0002912869,1.1255332e-07
20021,2024-09-17,2,D1,2,D1,2,D1,True,3.0810425e-06,0.0022656065,0.5649468,0.43271112,7.340534e-05,2.0465393e-08
20021,2024-09-24,3,D2,2,D1,2,D1,False,0.00014720249,0.05958309,0.56615937,0.37387642,0.00023353325,3.4848375e-07
20021,2024-10-01,3,D2,3,D2,3,D2,True,1.1488066e-08,8.318012e-09,0.002339697,0.8134336,0.18422464,2.0033692e-06
20021,2024-10-08,3,D2,3,D2,3,D2,True,3.1730046e-08,2.1652667e-08,0.0014954353,0.69241744,0.30608237,4.72073e-06
20021,2024-10-15,3,D2,3,D2,3,D2,True,1.6935002e-07,4.478838e-08,0.00030946775,0.50738895,0.49212095,0.00018033262
20021,2024-10-22,4,D3,4,D3,4,D3,True,4.5051172e-07,1.5415525e-07,0.00053287944,0.4766228,0.5225884,0.00025532444
20021,2024-10-29,4,D3,4,D3,4,D3,True,4.172719e-07,1.7801749e-07,9.9323015e-06,0.02053171,0.9049145,0.0745433
20021,2024-11-05,3,D2,3,D2,3,D2,True,2.037527e-06,3.8412277e-06,0.0055176574,0.53150713,0.46291855,5.075702e-05
20021,2024-11-12,3,D2,3,D2,3,D2,True,5.550427e-06,0.0015867188,0.35512456,0.64268583,0.00059725926,2.4957995e-08
20021,2024-11-19,2,D1,3,D2,3,D2,False,9.024218e-07,0.00078650453,0.3753495,0.6238096,5.3568998e-05,5.386584e-10
20021,2024-11-26,2,D1,2,D1,2,D1,True,7.422341e-05,0.19949414,0.78522754,0.015204115,4.8897455e-08,5.7477584e-10
20021,2024-12-03,2,D1,2,D1,2,D1,True,8.9485715e-05,0.24216154,0.7506548,0.0070942068,4.214883e-08,1.3784437e-09
20021,2024-12-10,2,D1,2,D1,2,D1,True,2.0589288e-05,0.108834945,0.87980646,0.011337914,2.4510884e-08,3.5249817e-10
20021,2024-12-17,1,D0,2,D1,2,D1,False,3.4395394e-05,0.09573252,0.8947313,0.009501766,2.3658787e-08,4.0506748e-10
20021,2024-12-24,1,D0,1,D0,1,D0,True,0.1234415,0.81512356,0.061417844,1.7138334e-05,1.1641058e-08,2.9283035e-08
20021,2024-12-31,1,D0,1,D0,1,D0,True,0.1649972,0.8289357,0.006067096,2.2878172e-08,1.8684991e-11,3.9192413e-11
20021,2025-01-07,1,D0,1,D0,1,D0,True,0.18719119,0.80923414,0.0035746205,4.6690647e-09,5.1601475e-12,8.509626e-12
20021,2025-01-14,1,D0,1,D0,1,D0,True,0.16242483,0.83120716,0.006368016,3.996803e-09,2.554025e-12,3.7342525e-12
20021,2025-01-21,1,D0,1,D0,1,D0,True,0.14065178,0.84909827,0.010249891,5.2436677e-09,2.1722216e-12,3.727742e-12
20021,2025-01-28,1,D0,1,D0,1,D0,True,0.09318821,0.8816865,0.025125293,1.0519847e-08,2.580032e-12,6.9505057e-12
20021,2025-02-04,1,D0,1,D0,1,D0,True,0.1192493,0.86298275,0.01776795,7.797974e-09,2.4040028e-12,5.917482e-12
20021,2025-02-11,1,D0,1,D0,1,D0,True,0.030674772,0.8467352,0.12258996,1.270749e-07,1.4451803e-11,4.056511e-11
20021,2025-02-18,1,D0,1,D0,1,D0,True,0.09854147,0.8454952,0.05596315,7.2310925e-08,2.0890479e-11,7.212885e-11
20021,2025-02-25,1,D0,1,D0,1,D0,True,0.00487298,0.747766,0.24735856,2.3625046e-06,3.6686718e-10,3.5935982e-10
20021,2025-03-04,1,D0,1,D0,1,D0,True,0.00020837226,0.5410673,0.4586577,6.656416e-05,1.4418905e-09,4.6617976e-10
20021,2025-03-11,0,None,1,D0,1,D0,False,0.00051143556,0.524413,0.4749796,9.58758e-05,2.5538158e-09,1.4337854e-09
20021,2025-03-18,0,None,0,None,0,None,True,0.5269938,0.4726661,0.00033913707,3.862646e-07,2.2000695e-07,3.8634786e-07
20021,2025-03-25,1,D0,0,None,0,None,False,0.56368035,0.43624127,7.764601e-05,2.0087661e-07,1.588201e-07,3.830568e-07
20021,2025-04-01,1,D0,1,D0,1,D0,True,0.30213475,0.6770839,0.020778786,2.2103436e-06,5.0937032e-08,2.1836232e-07
20021,2025-04-08,0,None,1,D0,1,D0,False,0.4201851,0.5783019,0.0015125696,2.868965e-07,2.6795442e-08,1.08183954e-07
20021,2025-04-15,0,None,0,None,0,None,True,0.60848427,0.39150333,1.21302655e-05,2.8735917e-08,3.8132928e-08,1.3046666e-07
20021,2025-04-22,0,None,0,None,0,None,True,0.7055025,0.2944811,1.5942858e-05,8.6897074e-08,1.1239099e-07,2.2625598e-07
20021,2025-04-29,0,None,0,None,0,None,True,0.80919075,0.19080327,5.52915e-06,9.079811e-08,1.586944e-07,1.5219241e-07
20021,2025-05-06,0,None,0,None,0,None,True,0.7829919,0.21700473,3.1810093e-06,3.5259724e-08,5.6850297e-08,6.265222e-08
20021,2025-05-13,0,None,0,None,0,None,True,0.67262036,0.3273607,1.8360797e-05,1.01107204e-07,1.8469011e-07,2.640782e-07
20021,2025-05-20,0,None,0,None,0,None,True,0.7363217,0.26366454,1.342236e-05,8.24912e-08,1.3653991e-07,1.3090168e-07
20021,2025-05-27,0,None,0,None,0,None,True,0.8191973,0.18079285,9.450278e-06,8.460306e-08,1.9369362e-07,9.520473e-08
20021,2025-06-03,0,None,0,None,0,None,True,0.8107911,0.18920538,3.4894651e-06,2.4351056e-08,5.641309e-08,2.2363778e-08
20021,2025-06-10,0,None,0,None,0,None,True,0.8269296,0.17305611,1.3613176e-05,1.6838234e-07,3.4633473e-07,1.4981994e-07
20021,2025-06-17,0,None,0,None,0,None,True,0.8155742,0.18442121,4.3382965e-06,4.2124867e-08,9.114039e-08,3.5982552e-08
20021,2025-06-24,0,None,0,None,0,None,True,0.8559004,0.1440905,8.114246e-06,2.5350042e-07,5.200817e-07,1.2154027e-07
20021,2025-07-01,0,None,0,None,0,None,True,0.8695566,0.13043684,5.4468333e-06,3.1364638e-07,5.7976956e-07,1.2604346e-07
20021,2025-07-08,0,None,0,None,0,None,True,0.81755006,0.18244442,5.0027397e-06,1.2266378e-07,2.8204667e-07,1.15206454e-07
20021,2025-07-15,0,None,0,None,0,None,True,0.75448835,0.24549551,1.3772366e-05,4.1317472e-07,7.915546e-07,1.1570247e-06
20021,2025-07-22,0,None,0,None,0,None,True,0.8108735,0.18910636,1.4967484e-05,1.3379436e-06,1.8777379e-06,1.9389481e-06
20021,2025-07-29,0,None,0,None,0,None,True,0.8462536,0.15373896,4.158408e-06,9.743048e-07,1.6769344e-06,6.037407e-07
20021,2025-08-05,1,D0,0,None,0,None,False,0.8015949,0.1983994,3.4868867e-06,5.747691e-07,1.327318e-06,3.6844025e-07
20021,2025-08-12,0,None,1,D0,1,D0,False,0.293789,0.5781898,0.1278248,0.00019481737,8.0434313e-07,7.9835473e-07
20021,2025-08-19,0,None,1,D0,1,D0,False,0.48453817,0.514991,0.0004678201,2.313084e-06,4.82069e-07,2.4036595e-07
20021,2025-08-26,1,D0,1,D0,1,D0,True,0.41992053,0.5781528,0.0019231475,3.2857422e-06,1.8661262e-07,5.836373e-08
20021,2025-09-02,1,D0,1,D0,1,D0,True,0.3892981,0.60337055,0.0073203333,1.0474032e-05,3.6163598e-07,7.0883765e-08
20021,2025-09-09,1,D0,1,D0,1,D0,True,0.38829678,0.60788655,0.0038134751,3.167344e-06,8.934206e-08,1.1106393e-08
20021,2025-09-16,2,D1,1,D0,1,D0,False,0.31963816,0.6631409,0.017215477,5.357497e-06,6.659117e-08,1.2745369e-08
20021,2025-09-23,2,D1,2,D1,2,D1,True,0.005546678,0.46101075,0.512555,0.020867972,1.9494024e-05,1.5943459e-07
20021,2025-09-30,2,D1,2,D1,2,D1,True,0.0006820463,0.2520166,0.67282444,0.07445344,2.3421553e-05,2.4417316e-08
20021,2025-10-07,2,D1,2,D1,2,D1,True,0.00024223715,0.20420036,0.6695022,0.1260339,2.1402042e-05,8.615453e-09
20021,2025-10-14,2,D1,2,D1,2,D1,True,1.9545685e-06,0.0043031815,0.6106543,0.38501623,2.4310913e-05,4.141201e-10
20021,2025-10-21,2,D1,2,D1,2,D1,True,4.832532e-05,0.0993137,0.7266338,0.17399839,5.809049e-06,1.1342758e-09
20021,2025-10-28,2,D1,2,D1,2,D1,True,0.0015837089,0.39238015,0.5947759,0.0112579875,2.1850167e-06,4.6307342e-08
20021,2025-11-04,2,D1,2,D1,2,D1,True,6.0679202e-05,0.107343435,0.70410806,0.18847471,1.306507e-05,3.220998e-09
20021,2025-11-11,2,D1,2,D1,2,D1,True,3.835622e-05,0.048850957,0.67725587,0.2738354,1.9419827e-05,1.1798653e-09
20021,2025-11-18,2,D1,2,D1,2,D1,True,6.099983e-05,0.17038713,0.75305486,0.07649472,2.3222256e-06,9.0717445e-10
20021,2025-11-25,1,D0,2,D1,2,D1,False,0.0015243199,0.4203698,0.57179445,0.0063101356,1.27191e-06,3.1787913e-08
20021,2025-12-02,1,D0,1,D0,1,D0,True,0.14811358,0.8371352,0.014750744,5.09489e-07,1.2040215e-09,4.156656e-10
20021,2025-12-09,1,D0,1,D0,1,D0,True,0.06068763,0.91572744,0.023584856,9.989356e-08,8.7632235e-11,4.9185368e-11
20021,2025-12-16,1,D0,1,D0,1,D0,True,0.10384864,0.88142556,0.014725745,5.355875e-08,1.0850394e-10,9.562627e-11
20021,2025-12-23,2,D1,1,D0,1,D0,False,0.00032128888,0.7404999,0.25917703,1.7836254e-06,2.366181e-11,7.435047e-12
20021,2025-12-30,2,D1,2,D1,2,D1,True,1.2078814e-06,0.2442287,0.7519323,0.0038376793,2.97405e-09,3.8506906e-12
20023,2022-01-04,3,D2,3,D2,3,D2,True,4.4603528e-08,3.954581e-07,0.028474849,0.9481041,0.023420526,4.1672717e-08
20023,2022-01-11,3,D2,3,D2,3,D2,True,3.12555e-08,2.3115467e-07,0.023440883,0.9505521,0.026006753,4.388673e-08
20023,2022-01-18,3,D2,3,D2,3,D2,True,4.879655e-08,5.497408e-07,0.04358464,0.9411665,0.015248249,2.5560823e-08
20023,2022-01-25,3,D2,3,D2,3,D2,True,3.272743e-08,2.927968e-07,0.031254634,0.9524447,0.016300343,2.4936593e-08
20023,2022-02-01,3,D2,3,D2,3,D2,True,1.8562206e-08,6.627555e-08,0.011107689,0.9445398,0.044352327,1.17142996e-07
20023,2022-02-08,3,D2,3,D2,3,D2,True,6.2079714e-08,5.7466866e-07,0.046284184,0.9345682,0.019146914,2.300771e-08
20023,2022-02-15,3,D2,3,D2,3,D2,True,1.0300558e-08,1.9062995e-08,0.0055423602,0.88698196,0.10747533,2.9191094e-07
20023,2022-02-22,3,D2,3,D2,3,D2,True,6.0714186e-08,6.109315e-07,0.059822872,0.91553265,0.02464375,1.6380259e-08
20023,2022-03-01,3,D2,3,D2,3,D2,True,1.3867441e-08,2.1045537e-08,0.0068996227,0.8304133,0.16268668,3.9835226e-07
20023,2022-03-08,3,D2,3,D2,3,D2,True,1.4641856e-07,9.924058e-07,0.07492529,0.8916289,0.033444613,2.1973309e-08
20023,2022-03-15,3,D2,3,D2,3,D2,True,1.3167576e-07,2.8433942e-07,0.0114673665,0.9018786,0.08665353,1.1093076e-07
20023,2022-03-22,2,D1,3,D2,3,D2,False,6.92396e-07,8.974869e-05,0.1687562,0.83026785,0.0008855183,1.1286112e-09
20023,2022-03-29,2,D1,2,D1,2,D1,True,6.531963e-06,0.009789472,0.5774278,0.41275504,2.1186417e-05,3.989772e-10
20023,2022-04-05,2,D1,2,D1,2,D1,True,3.2823614e-06,0.01318611,0.67910844,0.3076962,6.0034035e-06,1.3656738e-10
20023,2022-04-12,2,D1,2,D1,2,D1,True,5.270719e-06,0.0045204367,0.539163,0.456198,0.00011335129,2.1297466e-09
20023,2022-04-19,2,D1,3,D2,3,D2,False,5.1935265e-05,0.00049862213,0.13478105,0.694258,0.17039646,1.3954082e-05
20023,2022-04-26,2,D1,3,D2,3,D2,False,0.00013468196,0.00064413704,0.09341559,0.5907435,0.31494713,0.00011504413
20023,2022-05-03,2,D1,3,D2,3,D2,False,0.00068961165,0.013066039,0.35100892,0.6129844,0.0221835,6.754239e-05
20023,2022-05-10,2,D1,2,D1,2,D1,True,0.0043302514,0.42345935,0.5467062,0.025500575,3.1761842e-06,4.296657e-07
20023,2022-05-17,2,D1,2,D1,2,D1,True,0.00020519932,0.16453364,0.8090479,0.026213294,8.269886e-08,2.8659046e-09
20023,2022-05-24,2,D1,2,D1,2,D1,True,0.0015603841,0.32010978,0.67467964,0.0036502497,1.6981314e-08,4.9088706e-09
20023,2022-05-31,2,D1,1,D0,1,D0,False,0.021670252,0.50634885,0.47089583,0.0010850091,4.3429612e-08,9.686727e-08
20023,2022-06-07,2,D1,1,D0,1,D0,False,0.011899647,0.52302426,0.46461368,0.00046246388,7.257414e-09,1.6114425e-08
20023,2022-06-14,2,D1,2,D1,2,D1,True,0.00012911574,0.24400255,0.7500348,0.005833561,5.1797446e-09,4.1505918e-10
20023,2022-06-21,2,D1,2,D1,2,D1,True,4.248858e-05,0.1217301,0.85390145,0.024325943,2.161214e-08,2.7858432e-10
20023,2022-06-28,2,D1,2,D1,2,D1,True,0.0004585547,0.21233185,0.7707856,0.016423887,1.7778419e-07,8.918445e-09
20023,2022-07-05,3,D2,2,D1,2,D1,False,1.1453687e-05,0.02882561,0.6473072,0.32385215,3.6286465e-06,1.6670708e-09
20023,2022-07-12,3,D2,3,D2,3,D2,True,2.6470576e-07,1.9204322e-06,0.05284847,0.9302968,0.016852422,1.4687558e-07
20023,2022-07-19,3,D2,3,D2,3,D2,True,3.0606842e-07,1.4212044e-07,0.001279773,0.5508786,0.44765955,0.00018160064
20023,2022-07-26,3,D2,4,D3,4,D3,False,1.8734993e-06,1.4312383e-06,0.0032431267,0.48561433,0.5107167,0.00042260523
20023,2022-08-02,4,D3,4,D3,4,D3,True,2.376096e-06,2.9393248e-06,0.0071507446,0.411565,0.58085823,0.0004207386
20023,2022-08-09,4,D3,4,D3,4,D3,True,9.201809e-07,4.2932638e-07,0.0006249344,0.2031108,0.78606224,0.010200684
20023,2022-08-16,4,D3,4,D3,4,D3,True,7.3582817e-07,3.4775897e-07,0.0003398634,0.16142103,0.8037505,0.034487482
20023,2022-08-23,4,D3,4,D3,4,D3,True,1.0105127e-06,5.55708e-07,0.0003814959,0.12239913,0.81072485,0.066493034
20023,2022-08-30,4,D3,4,D3,4,D3,True,4.5098724e-07,2.082759e-07,3.3155517e-05,0.011191183,0.61115664,0.3776184
20023,2022-09-06,4,D3,5,D4,5,D4,False,6.520666e-09,6.2584005e-09,1.6595814e-07,0.00013064267,0.3931545,0.60671467
20023,2022-09-13,4,D3,5,D4,5,D4,False,9.828706e-09,8.789517e-09,3.6912147e-07,0.00024594078,0.41569337,0.5840604
20023,2022-09-20,4,D3,4,D3,5,D4,False,3.503833e-07,2.3022257e-07,2.2454875e-05,0.00474218,0.5419137,0.45332113
20023,2022-09-27,4,D3,4,D3,5,D4,False,9.072512e-09,6.7265247e-09,5.113529e-07,0.00051372236,0.5163598,0.48312595
20023,2022-10-04,4,D3,4,D3,4,D3,True,1.0931978e-08,6.5264882e-09,1.08945e-06,0.0012617827,0.59184104,0.40689617
20023,2022-10-11,4,D3,4,D3,4,D3,True,6.087221e-08,2.2691511e-08,1.3490559e-05,0.0114102,0.8342681,0.15430805
20023,2022-10-18,4,D3,4,D3,4,D3,True,4.413952e-08,1.2078011e-08,2.3358893e-05,0.030473307,0.92255926,0.04694409
20023,2022-10-25,3,D2,4,D3,4,D3,False,1.2327202e-07,3.168023e-08,0.0001372566,0.14184548,0.8448187,0.013198417
20023,2022-11-01,3,D2,4,D3,4,D3,False,2.9324104e-08,1.3777289e-08,3.957171e-06,0.005621322,0.773721,0.2206537
20023,2022-11-08,3,D2,4,D3,3,D2,True,4.635984e-07,7.667004e-07,0.008492536,0.49095726,0.50045985,8.9172376e-05
20023,2022-11-15,3,D2,4,D3,4,D3,False,1.0207414e-07,9.5829726e-08,0.004134075,0.47760144,0.51821375,5.052929e-05
20023,2022-11-22,3,D2,4,D3,4,D3,False,4.8159613e-08,1.650228e-08,0.00083448895,0.37311774,0.6257471,0.00030060887
20023,2022-11-29,3,D2,4,D3,4,D3,False,2.135666e-07,1.8215722e-07,0.0036265105,0.43380252,0.56243277,0.00013778111
20023,2022-12-06,3,D2,4,D3,4,D3,False,5.627092e-08,3.7519847e-08,0.0023692616,0.45406866,0.54348767,7.434221e-05
20023,2022-12-13,3,D2,4,D3,4,D3,False,9.1057935e-08,3.7697262e-08,0.0012073922,0.3907233,0.6077681,0.0003009989
20023,2022-12-20,3,D2,4,D3,4,D3,False,1.3812976e-07,1.6221168e-07,0.0049136537,0.4753363,0.51968366,6.612422e-05
20023,2022-12-27,3,D2,4,D3,4,D3,False,9.208436e-08,5.8696443e-08,0.0024189171,0.45241994,0.5450299,0.00013115935
20023,2023-01-03,3,D2,4,D3,4,D3,False,2.2829857e-07,2.6885246e-07,0.0053184996,0.44610313,0.54843503,0.00014283204
20023,2023-01-10,3,D2,4,D3,4,D3,False,7.411112e-08,2.304151e-08,0.0008431318,0.38377264,0.61490905,0.0004749988
20023,2023-01-17,3,D2,4,D3,4,D3,False,2.188213e-07,1.538464e-07,0.0031407725,0.43012446,0.56642383,0.0003106075
20023,2023-01-24,3,D2,4,D3,4,D3,False,4.80147e-07,5.687397e-07,0.006335621,0.42474264,0.5685419,0.00037882265
20023,2023-01-31,3,D2,3,D2,3,D2,True,1.4210302e-06,3.719852e-05,0.14440906,0.8087241,0.046825226,2.9861626e-06
20023,2023-02-07,3,D2,3,D2,3,D2,True,8.6617185e-08,2.5172554e-07,0.01562034,0.86075,0.1236224,6.9123203e-06
20023,2023-02-14,3,D2,3,D2,3,D2,True,3.225182e-07,9.69666e-07,0.027874125,0.76190346,0.21021265,8.43559e-06
20023,2023-02-21,3,D2,3,D2,3,D2,True,6.7158896e-07,1.5024312e-05,0.1774657,0.7880854,0.034432948,2.7689157e-07
20023,2023-02-28,3,D2,3,D2,3,D2,True,8.730933e-08,8.421273e-07,0.066551335,0.8819252,0.051522464,1.2355616e-07
20023,2023-03-07,3,D2,3,D2,3,D2,True,1.0327565e-07,8.539464e-07,0.067431524,0.8833834,0.049183983,1.2658762e-07
20023,2023-03-14,3,D2,3,D2,3,D2,True,2.9115643e-07,2.6377331e-06,0.09246744,0.8629742,0.04455524,1.9353995e-07
20023,2023-03-21,3,D2,3,D2,3,D2,True,9.333067e-08,5.664337e-07,0.04772478,0.91912436,0.033150174,1.2712643e-07
20023,2023-03-28,3,D2,3,D2,3,D2,True,1.1348393e-07,2.912715e-07,0.016561544,0.81493115,0.16850615,7.5201723e-07
20023,2023-04-04,3,D2,3,D2,3,D2,True,2.3334803e-08,5.2957592e-08,0.006929614,0.7762014,0.21686861,2.793941e-07
20023,2023-04-11,3,D2,3,D2,3,D2,True,1.4611952e-08,1.28862006e-08,0.0014196219,0.55043614,0.44814286,1.3546791e-06
20023,2023-04-18,3,D2,3,D2,3,D2,True,2.688264e-08,5.365702e-08,0.0049770162,0.5733326,0.42169002,2.1945418e-07
20023,2023-04-25,3,D2,3,D2,3,D2,True,4.4908067e-08,8.282195e-08,0.0074325074,0.5918802,0.40068677,4.3664943e-07
20023,2023-05-02,3,D2,3,D2,3,D2,True,3.830286e-07,2.0534692e-06,0.053364456,0.7686109,0.17802204,1.4245381e-07
20023,2023-05-09,3,D2,3,D2,3,D2,True,1.3995877e-07,2.9229784e-07,0.0127826175,0.59853584,0.38868028,7.509025e-07
20023,2023-05-16,2,D1,3,D2,3,D2,False,3.7853267e-06,0.00082878483,0.37055367,0.62792444,0.00068927335,1.4373468e-08
20023,2023-05-23,2,D1,2,D1,2,D1,True,0.00014173672,0.2238437,0.6739783,0.102035336,9.065338e-07,4.215476e-09
20023,2023-05-30,2,D1,2,D1,2,D1,True,0.0002915775,0.33695206,0.6490698,0.013686474,7.4054896e-08,4.2849524e-09
20023,2023-06-06,2,D1,2,D1,2,D1,True,0.0139643485,0.46210155,0.51268864,0.011241092,2.7126296e-06,1.6926847e-06
20023,2023-06-13,1,D0,1,D0,1,D0,True,0.02753995,0.5638455,0.40788993,0.00072445883,7.703498e-08,1.4784207e-07
20023,2023-06-20,1,D0,1,D0,1,D0,True,0.28215387,0.71308553,0.0047600656,5.1425286e-07,2.234462e-08,1.0152497e-08
20023,2023-06-27,1,D0,1,D0,1,D0,True,0.22300905,0.76863724,0.008353402,2.529051e-07,4.9400093e-09,2.6193292e-09
20023,2023-07-04,1,D0,1,D0,1,D0,True,0.28678644,0.7109339,0.0022794805,1.4570041e-07,1.6542195e-08,6.9130914e-09
20023,2023-07-11,1,D0,1,D0,1,D0,True,0.3197855,0.6787249,0.0014893503,1.8075218e-07,5.796426e-08,2.250801e-08
20023,2023-07-18,1,D0,1,D0,1,D0,True,0.24226412,0.751941,0.005794811,1.0271527e-07,6.6859105e-09,5.0199476e-09
20023,2023-07-25,1,D0,1,D0,1,D0,True,0.116743736,0.7709968,0.11225593,3.412627e-06,4.4686786e-08,1.1601498e-07
20023,2023-08-01,1,D0,1,D0,1,D0,True,0.030110488,0.6948585,0.2750223,8.712148e-06,1.436172e-08,8.0258005e-08
20023,2023-08-08,0,None,1,D0,1,D0,False,0.13482805,0.69431436,0.1708492,8.037471e-06,7.268198e-08,3.3682602e-07
20023,2023-08-15,0,None,0,None,0,None,True,0.5192978,0.48036948,0.00032653942,3.7249015e-07,2.2363265e-06,3.5563685e-06
20023,2023-08-22,0,None,1,D0,1,D0,False,0.14649135,0.75786865,0.09563064,7.11042e-06,5.1040485e-07,1.7588297e-06
20023,2023-08-29,0,None,1,D0,1,D0,False,0.17559068,0.6967693,0.12689139,0.00029357258,8.185892e-05,0.00037331894
20023,2023-09-05,1,D0,1,D0,1,D0,True,0.22500056,0.7407442,0.034127094,4.030683e-05,1.6050772e-05,7.177607e-05
20023,2023-09-12,0,None,1,D0,1,D0,False,0.118526034,0.7219119,0.15951723,3.8876908e-05,1.167593e-06,4.7188278e-06
20023,2023-09-19,0,None,1,D0,1,D0,False,0.02304831,0.70612174,0.27075708,6.906846e-05,7.28198e-07,3.0272563e-06
20023,2023-09-26,1,D0,1,D0,1,D0,True,0.097360544,0.6448761,0.2576339,0.00012102571,1.935611e-06,6.4550463e-06
20023,2023-10-03,1,D0,1,D0,1,D0,True,0.024671668,0.6226017,0.352254,0.00046571426,2.4128753e-06,4.4539293e-06
20023,2023-10-10,1,D0,1,D0,1,D0,True,0.009784848,0.61134404,0.37859073,0.00027826853,7.6157255e-07,1.3550342e-06
20023,2023-10-17,1,D0,1,D0,1,D0,True,0.0031810137,0.56370515,0.4323877,0.00072519603,4.8134143e-07,4.1208324e-07
20023,2023-10-24,1,D0,1,D0,1,D0,True,0.0019350562,0.58824587,0.40964422,0.00017463404,8.630863e-08,1.3308505e-07
20023,2023-10-31,1,D0,1,D0,1,D0,True,0.08944153,0.6353741,0.2750043,0.00017607099,1.4643799e-06,2.5180484e-06
20023,2023-11-07,1,D0,1,D0,1,D0,True,0.009664844,0.7132621,0.2770546,1.8387042e-05,2.2586969e-08,4.5335806e-08
20023,2023-11-14,2,D1,1,D0,1,D0,False,0.0009856181,0.5761423,0.42276075,0.0001112743,1.8377671e-08,1.7911288e-08
20023,2023-11-21,2,D1,1,D0,1,D0,False,0.0035291896,0.54227775,0.4534414,0.000751112,3.467084e-07,2.841078e-07
20023,2023-11-28,2,D1,1,D0,1,D0,False,0.0021460606,0.5625629,0.4348849,0.0004059887,5.453671e-08,3.927877e-08
20023,2023-12-05,1,D0,1,D0,1,D0,True,0.0012581632,0.5379259,0.4603419,0.00047402232,3.4752716e-08,1.8261527e-08
20023,2023-12-12,1,D0,2,D1,2,D1,False,0.00029355817,0.4796518,0.5193841,0.00067051186,1.0548391e-08,3.1064273e-09
20023,2023-12-19,1,D0,1,D0,1,D0,True,0.020006388,0.64903945,0.33080372,0.00015009395,9.5956786e-08,1.2312027e-07
20023,2023-12-26,1,D0,1,D0,1,D0,True,0.07843619,0.78386086,0.1376936,9.26597e-06,2.1482034e-08,4.6399556e-08
20023,2024-01-02,1,D0,1,D0,1,D0,True,0.0012536278,0.60094655,0.39769268,0.00010713735,1.9695996e-09,9.83264e-10
20023,2024-01-09,1,D0,1,D0,1,D0,True,0.019036932,0.6707658,0.3100729,0.00012425997,4.4110223e-08,4.644302e-08
20023,2024-01-16,1,D0,1,D0,1,D0,True,0.0059454334,0.67022943,0.32376397,6.115506e-05,3.5414658e-09,2.970564e-09
20023,2024-01-23,1,D0,1,D0,1,D0,True,0.0076566306,0.6955156,0.29678893,3.881618e-05,1.3572561e-09,1.4675827e-09
20023,2024-01-30,1,D0,1,D0,1,D0,True,0.19713837,0.792139,0.010722495,5.0889017e-08,3.4566253e-10,5.4822336e-10
20023,2024-02-06,1,D0,1,D0,1,D0,True,0.27569073,0.7221819,0.0021273224,1.4452325e-08,5.2821814e-10,6.1030137e-10
20023,2024-02-13,0,None,1,D0,1,D0,False,0.13664594,0.84198886,0.021365112,6.50222e-08,3.2672048e-10,5.1285093e-10
20023,2024-02-20,0,None,1,D0,1,D0,False,0.44419152,0.55571145,9.697372e-05,1.3236216e-08,1.7611425e-08,1.4354601e-08
20023,2024-02-27,0,None,0,None,0,None,True,0.5124511,0.4874678,8.062648e-05,8.3259685e-08,2.3939316e-07,1.9438245e-07
20023,2024-03-05,0,None,1,D0,0,None,True,0.49383402,0.5060698,9.601886e-05,3.3233405e-08,6.1542174e-08,5.4592853e-08
20023,2024-03-12,0,None,0,None,0,None,True,0.5230117,0.47693017,5.7837256e-05,5.150555e-08,1.3915772e-07,1.1377226e-07
20023,2024-03-19,0,None,0,None,0,None,True,0.53094023,0.46901533,4.418733e-05,5.2230824e-08,1.4774824e-07,1.2450683e-07
20023,2024-03-26,0,None,0,None,0,None,True,0.52809477,0.47175503,0.00014877699,3.1069106e-07,6.5579263e-07,4.94761e-07
20023,2024-04-02,0,None,0,None,0,None,True,0.51256716,0.4870609,0.00036731942,1.22001e-06,1.9059803e-06,1.4636854e-06
20023,2024-04-09,0,None,1,D0,1,D0,False,0.44028175,0.5544751,0.0052226167,1.055547e-05,5.873066e-06,3.9575616e-06
20023,2024-04-16,1,D0,1,D0,1,D0,True,0.272099,0.6886896,0.039099555,8.039051e-05,2.1956615e-05,9.532967e-06
20023,2024-04-23,1,D0,1,D0,1,D0,True,0.00073070993,0.5155172,0.48307848,0.0006733163,2.7660167e-07,2.6681455e-08
20023,2024-04-30,1,D0,1,D0,1,D0,True,0.38461745,0.5622165,0.05274773,0.00039231055,1.6560452e-05,9.35654e-06
20023,2024-05-07,1,D0,1,D0,1,D0,True,0.3947032,0.59559166,0.009698207,6.736806e-06,1.4210903e-07,6.723019e-08
20023,2024-05-14,1,D0,1,D0,1,D0,True,0.17166166,0.6536089,0.1747005,2.8844337e-05,3.1568273e-08,3.2980505e-08
20023,2024-05-21,1,D0,1,D0,1,D0,True,0.2837498,0.5908366,0.12537855,3.4733122e-05,1.4696147e-07,1.8713543e-07
20023,2024-05-28,1,D0,2,D1,2,D1,False,0.010387372,0.44720662,0.54146415,0.00094178395,1.1822845e-07,1.2103152e-08
20023,2024-06-04,0,None,2,D1,2,D1,False,0.07009523,0.4392387,0.48983192,0.0008334136,4.966491e-07,2.227325e-07
20023,2024-06-11,0,None,0,None,0,None,True,0.6749448,0.32364863,0.0013983967,4.8057577e-06,2.201126e-06,1.1707185e-06
20023,2024-06-18,0,None,0,None,0,None,True,0.609974,0.38578686,0.0042187683,1.2136422e-05,4.4050803e-06,3.7624927e-06
20023,2024-06-25,0,None,0,None,0,None,True,0.642036,0.35461733,0.0033195373,1.324416e-05,7.533524e-06,6.2582812e-06
20023,2024-07-02,0,None,0,None,0,None,True,0.6091367,0.38577825,0.005063244,1.3064543e-05,4.6854357e-06,4.0450186e-06
20023,2024-07-09,0,None,0,None,0,None,True,0.6465566,0.35172322,0.0017052426,6.3189445e-06,4.0356326e-06,4.5686206e-06
20023,2024-07-16,1,D0,0,None,0,None,False,0.5223084,0.46636778,0.011304317,1.3366177e-05,2.7805363e-06,3.3100398e-06
20023,2024-07-23,1,D0,1,D0,1,D0,True,0.01568302,0.5580265,0.4259336,0.0003566912,9.2617256e-08,7.76671e-08
20023,2024-07-30,1,D0,2,D1,1,D0,True,0.0033052433,0.48714194,0.5088284,0.0007242694,5.9812336e-08,3.7958536e-08
20023,2024-08-06,1,D0,1,D0,1,D0,True,0.0042091967,0.5516757,0.44401705,9.807352e-05,2.1365225e-09,3.3494845e-09
20023,2024-08-13,1,D0,1,D0,1,D0,True,0.031721413,0.55792594,0.41025224,0.00010033831,1.25828175e-08,4.7331792e-08
20023,2024-08-20,1,D0,1,D0,1,D0,True,0.11363227,0.5800605,0.3062433,6.376121e-05,4.2053788e-08,1.6578389e-07
20023,2024-08-27,1,D0,1,D0,1,D0,True,0.020945314,0.6187069,0.36022177,0.00012589231,4.3731703e-08,5.9210656e-08
20023,2024-09-03,1,D0,1,D0,1,D0,True,0.013807803,0.6104036,0.3755439,0.00024447596,1.1977711e-07,8.206598e-08
20023,2024-09-10,1,D0,1,D0,1,D0,True,0.006712665,0.5834874,0.4094217,0.00037804898,1.3626398e-07,7.6000745e-08
20023,2024-09-17,1,D0,1,D0,1,D0,True,0.0053863586,0.5961127,0.3983262,0.00017462957,4.1801858e-08,3.8317932e-08
20023,2024-09-24,1,D0,1,D0,1,D0,True,0.101298235,0.66773367,0.23075627,0.00020926552,1.1191661e-06,1.4431795e-06
20023,2024-10-01,1,D0,1,D0,1,D0,True,0.0020952772,0.5950373,0.40218222,0.0006845398,6.5192813e-07,1.3665405e-07
20023,2024-10-08,1,D0,2,D1,1,D0,True,0.0005251174,0.49542043,0.49948132,0.0045720222,1.076837e-06,4.558165e-08
20023,2024-10-15,2,D1,1,D0,1,D0,False,0.00055896316,0.5006681,0.4933824,0.0053865635,3.8095302e-06,1.4944243e-07
20023,2024-10-22,2,D1,2,D1,2,D1,True,4.224854e-07,0.0014302718,0.51782274,0.4807209,2.5636647e-05,5.1262483e-10
20023,2024-10-29,2,D1,2,D1,2,D1,True,2.1447436e-06,0.0065934043,0.5456023,0.4477893,1.2898134e-05,6.957609e-10
20023,2024-11-05,2,D1,2,D1,2,D1,True,0.009966497,0.45420617,0.5060535,0.029692365,7.7003606e-05,4.528183e-06
20023,2024-11-12,1,D0,1,D0,1,D0,True,0.0066126143,0.49327588,0.49246696,0.0076350565,8.9389005e-06,6.252216e-07
20023,2024-11-19,1,D0,1,D0,1,D0,True,0.38113356,0.61682194,0.0020424726,2.000217e-06,7.885529e-08,1.3740292e-08
20023,2024-11-26,1,D0,1,D0,1,D0,True,0.31124705,0.68730754,0.0014451696,2.3557281e-07,4.053772e-09,6.5099487e-10
20023,2024-12-03,1,D0,1,D0,1,D0,True,0.313194,0.6859333,0.0008726487,1.0364391e-07,1.9904194e-09,3.2195535e-10
20023,2024-12-10,1,D0,1,D0,1,D0,True,0.2296841,0.7680013,0.002314491,7.529057e-08,5.919625e-10,1.6759863e-10
20023,2024-12-17,1,D0,1,D0,1,D0,True,0.1501817,0.84354043,0.0062778043,6.285184e-08,1.488624e-10,6.1222014e-11
20023,2024-12-24,1,D0,1,D0,1,D0,True,0.05019821,0.90261316,0.04718695,1.5814015e-06,8.0944856e-10,3.5980977e-10
20023,2024-12-31,1,D0,1,D0,1,D0,True,0.15569231,0.83509403,0.009213429,1.6057274e-07,3.072313e-10,1.7192678e-10
20023,2025-01-07,1,D0,1,D0,1,D0,True,0.18397097,0.8105828,0.005446169,9.645044e-08,2.3034712e-10,1.1361782e-10
20023,2025-01-14,1,D0,1,D0,1,D0,True,0.12032582,0.86826324,0.011410829,9.943911e-08,1.5423161e-10,1.0049873e-10
20023,2025-01-21,1,D0,1,D0,1,D0,True,0.12689584,0.8613091,0.011794927,7.359754e-08,1.6290569e-10,1.56606e-10
20023,2025-01-28,1,D0,1,D0,1,D0,True,0.10136951,0.8760794,0.022550983,6.0958385e-08,1.0897025e-10,2.3764363e-10
20023,2025-02-04,1,D0,1,D0,1,D0,True,0.15762986,0.833187,0.009183202,2.4474527e-08,7.425196e-11,1.7583558e-10
20023,2025-02-11,1,D0,1,D0,1,D0,True,0.034977946,0.8768492,0.08817274,1.6182608e-07,1.2915743e-10,5.679443e-10
20023,2025-02-18,1,D0,1,D0,1,D0,True,0.12925214,0.82946783,0.041279916,1.0507211e-07,7.017715e-11,3.0312178e-10
20023,2025-02-25,1,D0,1,D0,1,D0,True,0.039717376,0.82408506,0.13619694,6.7566833e-07,2.0484074e-10,7.334398e-10
20023,2025-03-04,1,D0,1,D0,1,D0,True,0.07522983,0.7968524,0.12791632,1.4068277e-06,6.287885e-10,1.7612592e-09
20023,2025-03-11,0,None,1,D0,1,D0,False,0.079850316,0.7671171,0.15303017,2.4996334e-06,1.1164291e-09,2.6558324e-09
20023,2025-03-18,0,None,0,None,0,None,True,0.5464459,0.45346648,8.7193155e-05,1.1947984e-07,1.0518066e-07,1.4261825e-07
20023,2025-03-25,0,None,0,None,0,None,True,0.56177604,0.43806127,0.00016171056,4.262564e-07,2.68081e-07,3.4519823e-07
20023,2025-04-01,0,None,0,None,0,None,True,0.5632332,0.43661332,0.00015234583,4.2349598e-07,3.197142e-07,4.0427693e-07
20023,2025-04-08,0,None,0,None,0,None,True,0.65653586,0.34342885,3.433628e-05,2.6016426e-07,3.3919423e-07,3.5471157e-07
20023,2025-04-15,0,None,0,None,0,None,True,0.5711209,0.42884532,3.3489305e-05,5.1197116e-08,8.274019e-08,1.0836403e-07
20023,2025-04-22,0,None,0,None,0,None,True,0.65250456,0.3474269,6.687659e-05,4.101855e-07,5.3486275e-07,7.100107e-07
20023,2025-04-29,0,None,0,None,0,None,True,0.79420006,0.20578206,1.6693473e-05,3.3525046e-07,6.062508e-07,3.0152796e-07
20023,2025-05-06,1,D0,0,None,0,None,False,0.7547472,0.24524634,6.000409e-06,6.594121e-08,1.405138e-07,9.43923e-08
20023,2025-05-13,1,D0,1,D0,1,D0,True,0.014920847,0.7458476,0.23920639,2.5161178e-05,1.9576165e-08,7.3587136e-09
20023,2025-05-20,1,D0,1,D0,1,D0,True,0.20077147,0.5936536,0.20553418,4.0417763e-05,1.02016166e-07,2.2931886e-07
20023,2025-05-27,1,D0,1,D0,1,D0,True,0.37869352,0.6148978,0.0064082164,4.446285e-07,9.643411e-09,1.4651925e-08
20023,2025-06-03,1,D0,1,D0,1,D0,True,0.27247053,0.69969577,0.027833397,3.0095342e-07,6.775964e-10,1.214593e-09
20023,2025-06-10,1,D0,1,D0,1,D0,True,0.3726151,0.6179743,0.009410158,4.7770646e-07,5.102842e-09,9.322121e-09
20023,2025-06-17,1,D0,1,D0,1,D0,True,0.32787782,0.65412235,0.017999338,3.8939478e-07,1.7613523e-09,3.1601615e-09
20023,2025-06-24,1,D0,1,D0,1,D0,True,0.3502324,0.63599175,0.013775342,4.3935077e-07,2.3166182e-09,3.5199585e-09
20023,2025-07-01,1,D0,1,D0,1,D0,True,0.33892494,0.6349679,0.026105983,1.181231e-06,4.984442e-09,6.971098e-09
20023,2025-07-08,1,D0,1,D0,1,D0,True,0.2633872,0.6460663,0.090543844,2.7172919e-06,2.931492e-09,6.5944237e-09
20023,2025-07-15,1,D0,1,D0,1,D0,True,0.20007277,0.5704668,0.22943345,2.6871905e-05,2.8742605e-08,6.9601136e-08
20023,2025-07-22,1,D0,1,D0,1,D0,True,0.38102278,0.5842195,0.03475505,2.5969948e-06,2.7279652e-08,4.8682928e-08
20023,2025-07-29,1,D0,1,D0,1,D0,True,0.347573,0.5984336,0.053989034,4.2410106e-06,3.2591743e-08,7.469287e-08
20023,2025-08-05,1,D0,1,D0,1,D0,True,0.3363528,0.6192584,0.04438724,1.5935533e-06,9.7216954e-09,2.4312994e-08
20023,2025-08-12,0,None,1,D0,1,D0,False,0.36465326,0.54368263,0.09164191,2.1437634e-05,2.182593e-07,4.463765e-07
20023,2025-08-19,0,None,0,None,0,None,True,0.7549899,0.24497451,3.4909095e-05,1.9606013e-07,1.8806915e-07,1.9674002e-07
20023,2025-08-26,0,None,0,None,0,None,True,0.7593297,0.24061827,5.1161227e-05,3.9309808e-07,2.94116e-07,2.3685259e-07
20023,2025-09-02,0,None,0,None,0,None,True,0.83306235,0.16690062,3.5136156e-05,9.247507e-07,7.8722155e-07,2.1550807e-07
20023,2025-09-09,0,None,0,None,0,None,True,0.8388581,0.16113403,6.9550833e-06,3.131037e-07,4.6588463e-07,6.660339e-08
20023,2025-09-16,0,None,0,None,0,None,True,0.8024702,0.19752026,8.310447e-06,4.675444e-07,7.1087044e-07,9.133404e-08
20023,2025-09-23,0,None,0,None,0,None,True,0.85794824,0.14204134,8.207169e-06,9.0418223e-07,1.2755454e-06,5.820814e-08
20023,2025-09-30,0,None,0,None,0,None,True,0.86508346,0.13491385,1.8670302e-06,2.7113407e-07,5.158672e-07,1.8902655e-08
20023,2025-10-07,0,None,0,None,0,None,True,0.86149704,0.13850008,1.9479803e-06,2.998874e-07,6.556211e-07,1.627392e-08
20023,2025-10-14,0,None,0,None,0,None,True,0.8213657,0.17862955,3.264935e-06,4.6245893e-07,1.0974086e-06,2.9111384e-08
20023,2025-10-21,0,None,0,None,0,None,True,0.8440619,0.15593354,2.7714386e-06,4.3071128e-07,1.3578904e-06,2.5645898e-08
20023,2025-10-28,0,None,0,None,0,None,True,0.8682173,0.13177627,2.1709727e-06,1.0333318e-06,3.0828767e-06,1.5218771e-07
20023,2025-11-04,0,None,0,None,0,None,True,0.83078825,0.16920647,1.3125879e-06,9.370306e-07,2.66167e-06,3.598021e-07
20023,2025-11-11,0,None,0,None,0,None,True,0.7215768,0.27841747,2.8908742e-06,6.354964e-07,1.4378198e-06,7.2947057e-07
20023,2025-11-18,0,None,0,None,0,None,True,0.6718283,0.32816887,2.2655138e-06,1.2067787e-07,2.385192e-07,1.6007023e-07
20023,2025-11-25,0,None,0,None,0,None,True,0.8375704,0.16242696,1.632012e-06,3.035189e-07,5.9404755e-07,1.06827784e-07
20023,2025-12-02,0,None,0,None,0,None,True,0.85072994,0.14926952,4.0122333e-07,5.409396e-08,1.3308872e-07,1.2693546e-08
20023,2025-12-09,0,None,0,None,0,None,True,0.7895862,0.21041237,1.1741674e-06,8.184382e-08,1.4577779e-07,2.191181e-08
20023,2025-12-16,0,None,0,None,0,None,True,0.7944765,0.20552187,1.3756677e-06,8.317077e-08,1.3318412e-07,2.8403953e-08
20023,2025-12-23,0,None,0,None,0,None,True,0.6951795,0.30481914,1.320378e-06,1.9487866e-08,2.6855963e-08,1.0691675e-08
20023,2025-12-30,0,None,0,None,0,None,True,0.5951007,0.40489602,3.2712342e-06,1.1759833e-08,1.4833079e-08,1.0854473e-08
20025,2022-01-04,2,D1,2,D1,2,D1,True,2.5295785e-06,0.002927075,0.53598833,0.46107644,5.5473092e-06,3.3535077e-09
20025,2022-01-11,2,D1,3,D2,3,D2,False,3.11613e-07,4.3307286e-06,0.09381046,0.90468055,0.0015042115,1.1172467e-07
20025,2022-01-18,2,D1,3,D2,3,D2,False,8.4344623e-07,8.281431e-06,0.10480829,0.8927884,0.00239398,1.6422652e-07
20025,2022-01-25,2,D1,3,D2,3,D2,False,3.5818465e-07,1.4338937e-06,0.050815713,0.94408983,0.0050923075,3.407294e-07
20025,2022-02-01,4,D3,3,D2,3,D2,False,1.947129e-07,7.883186e-08,0.0058456645,0.9064821,0.08764101,3.0892184e-05
20025,2022-02-08,4,D3,3,D2,3,D2,False,1.3882706e-07,1.6803162e-08,0.0012196917,0.62751967,0.37120068,5.983301e-05
20025,2022-02-15,3,D2,4,D3,4,D3,False,2.391758e-07,1.5572974e-08,0.00014238057,0.3647171,0.63308024,0.0020599433
20025,2022-02-22,3,D2,4,D3,4,D3,False,4.3126036e-07,4.1436294e-08,0.00054154807,0.4760829,0.52255625,0.00081890606
20025,2022-03-01,3,D2,4,D3,4,D3,False,4.2762292e-07,3.8998365e-08,1.2182406e-05,0.048855275,0.91456026,0.036571857
20025,2022-03-08,3,D2,4,D3,4,D3,False,1.240822e-05,2.0541904e-06,0.0016702389,0.35088047,0.63958573,0.007849097
20025,2022-03-15,3,D2,4,D3,4,D3,False,1.3534284e-05,3.1927495e-06,0.0003070975,0.087391704,0.80676806,0.10551641
20025,2022-03-22,3,D2,3,D2,3,D2,True,0.00010021671,0.0001829633,0.100776166,0.61109596,0.2873834,0.00046120022
20025,2022-03-29,3,D2,3,D2,3,D2,True,1.5721294e-05,0.000141178,0.18845049,0.7811981,0.030193029,1.5238244e-06
20025,2022-04-05,3,D2,3,D2,3,D2,True,9.4172665e-06,9.902939e-05,0.17341457,0.81127626,0.015200306,3.6561605e-07
20025,2022-04-12,3,D2,3,D2,3,D2,True,6.236889e-06,4.2241907e-05,0.15931201,0.7886833,0.051954873,1.3970607e-06
20025,2022-04-19,3,D2,3,D2,3,D2,True,6.725465e-06,1.4686153e-05,0.05463729,0.76117015,0.18414873,2.2409176e-05
20025,2022-04-26,4,D3,4,D3,3,D2,False,5.7569337e-06,3.3006863e-06,0.0060599134,0.4928261,0.5005903,0.0005146161
20025,2022-05-03,4,D3,4,D3,4,D3,True,9.219768e-06,4.2034585e-06,0.0019336084,0.28395197,0.71178746,0.00231351
20025,2022-05-10,4,D3,4,D3,4,D3,True,8.793368e-06,4.1928793e-06,0.0032235575,0.32708618,0.6670343,0.0026429943
20025,2022-05-17,4,D3,4,D3,4,D3,True,2.1029934e-06,7.587466e-07,7.613184e-05,0.036732487,0.91169083,0.051497612
20025,2022-05-24,4,D3,4,D3,4,D3,True,3.7380454e-05,1.9223831e-05,0.001914549,0.13911872,0.7935116,0.06539853
20025,2022-05-31,4,D3,3,D2,3,D2,False,6.973903e-05,0.00017524151,0.1450264,0.5354416,0.31821853,0.0010685265
20025,2022-06-07,4,D3,3,D2,3,D2,False,4.907815e-05,0.00017735687,0.15362614,0.5447179,0.3009393,0.00049024046
20025,2022-06-14,4,D3,3,D2,3,D2,False,7.288009e-05,0.00017182932,0.074956834,0.5323963,0.3900978,0.0023043086
20025,2022-06-21,4,D3,3,D2,3,D2,False,0.00024745573,0.00057158194,0.09406384,0.51590514,0.3855588,0.0036531969
20025,2022-06-28,4,D3,3,D2,3,D2,False,0.0004797285,0.001352794,0.13000304,0.46880272,0.39562,0.0037416401
20025,2022-07-05,4,D3,4,D3,4,D3,True,0.00017285859,0.00023326665,0.0032792587,0.10938434,0.79364467,0.09328567
20025,2022-07-12,4,D3,4,D3,4,D3,True,0.0002070095,0.0002179245,0.0013132229,0.0447035,0.65103036,0.30252805
20025,2022-07-19,4,D3,5,D4,5,D4,False,2.0969232e-05,2.059403e-05,7.340916e-05,0.0066580903,0.4838774,0.5093495
20025,2022-07-26,4,D3,5,D4,5,D4,False,6.212568e-05,5.5490447e-05,0.00038747632,0.021429852,0.47917482,0.49889025
20025,2022-08-02,4,D3,4,D3,4,D3,True,0.00013745773,0.00020819569,0.040312294,0.412497,0.51917064,0.027674394
20025,2022-08-09,4,D3,4,D3,4,D3,True,1.2868467e-05,7.2482944e-06,0.00025341977,0.029463528,0.6075942,0.3626687
20025,2022-08-16,4,D3,5,D4,5,D4,False,2.162226e-06,2.4629942e-06,1.3945859e-05,0.0013907991,0.39260793,0.6059827
20025,2022-08-23,4,D3,5,D4,5,D4,False,1.6385233e-06,1.7062662e-06,1.404465e-05,0.0014138323,0.37397772,0.62459105
20025,2022-08-30,4,D3,5,D4,5,D4,False,2.8400288e-07,3.3762703e-07,7.560421e-07,0.00016680908,0.34864745,0.6511844
20025,2022-09-06,4,D3,5,D4,5,D4,False,2.090733e-08,2.2664235e-08,6.4744455e-08,6.3785665e-05,0.29584587,0.70409024
20025,2022-09-13,5,D4,5,D4,5,D4,True,4.2866244e-08,5.250961e-08,3.9726527e-07,0.00025640387,0.40379107,0.59595203
20025,2022-09-20,5,D4,5,D4,5,D4,True,1.4818181e-07,2.5307764e-07,8.573051e-07,0.00012747305,0.11566515,0.8842062
20025,2022-09-27,5,D4,5,D4,5,D4,True,4.935064e-09,9.1932035e-09,1.677231e-08,7.5753874e-06,0.037889637,0.96210283
20025,2022-10-04,5,D4,5,D4,5,D4,True,8.934877e-10,1.5108702e-09,3.3652472e-09,3.8136031e-06,0.034595717,0.96540046
20025,2022-10-11,5,D4,5,D4,5,D4,True,1.7309981e-08,3.1333265e-08,1.6858733e-07,5.4241955e-05,0.10557174,0.8943738
20025,2022-10-18,5,D4,5,D4,5,D4,True,3.1043352e-09,6.625583e-09,2.114456e-08,1.0652935e-05,0.06138101,0.9386083
20025,2022-10-25,5,D4,5,D4,5,D4,True,4.0616395e-09,9.758135e-09,2.8723507e-08,1.0880492e-05,0.053245157,0.94674397
20025,2022-11-01,5,D4,5,D4,5,D4,True,1.4926264e-09,4.0568606e-09,4.781327e-09,2.674443e-06,0.024764674,0.97523266
20025,2022-11-08,5,D4,5,D4,5,D4,True,2.909486e-07,4.3480733e-07,6.9374782e-06,0.0010569986,0.27751413,0.7214212
20025,2022-11-15,5,D4,5,D4,5,D4,True,6.034983e-09,1.4100629e-08,3.2803268e-08,1.629047e-05,0.046720374,0.95326334
20025,2022-11-22,5,D4,5,D4,5,D4,True,1.012028e-09,2.8570033e-09,3.492331e-09,4.1610383e-06,0.033824813,0.966171
20025,2022-11-29,5,D4,5,D4,5,D4,True,1.3109953e-07,2.1014694e-07,1.8735842e-06,0.000624774,0.2718861,0.72748697
20025,2022-12-06,5,D4,5,D4,5,D4,True,2.5217193e-09,6.6790653e-09,9.468599e-09,1.08771565e-05,0.0534324,0.9465567
20025,2022-12-13,5,D4,5,D4,5,D4,True,2.5754465e-09,7.323929e-09,1.1603669e-08,1.2078129e-05,0.053396974,0.946591
20025,2022-12-20,5,D4,5,D4,5,D4,True,3.1105763e-08,6.823538e-08,2.655893e-07,0.00013377378,0.16852117,0.8313446
20025,2022-12-27,5,D4,5,D4,5,D4,True,1.996007e-09,6.078709e-09,1.0912947e-08,9.141257e-06,0.05920168,0.9407891
20025,2023-01-03,5,D4,5,D4,5,D4,True,8.243937e-08,1.9853996e-07,1.01897e-06,0.00021004435,0.20960994,0.79017866
20025,2023-01-10,5,D4,5,D4,5,D4,True,1.1349943e-09,4.097669e-09,3.7956633e-09,2.5085667e-06,0.03345631,0.9665412
20025,2023-01-17,5,D4,5,D4,5,D4,True,9.795183e-09,3.0674247e-08,7.0230136e-08,2.3730512e-05,0.09951688,0.90045935
20025,2023-01-24,5,D4,5,D4,5,D4,True,7.81929e-08,2.142934e-07,1.2495625e-06,0.00019821424,0.22058111,0.77921915
20025,2023-01-31,5,D4,5,D4,5,D4,True,4.0231076e-09,1.5958324e-08,1.7805515e-08,5.143669e-06,0.052592393,0.9474024
20025,2023-02-07,5,D4,5,D4,5,D4,True,1.1554332e-09,4.980818e-09,3.7222367e-09,1.3600556e-06,0.030397402,0.9696013
20025,2023-02-14,5,D4,5,D4,5,D4,True,5.279061e-09,2.2472786e-08,3.8365336e-08,6.9471444e-06,0.07269316,0.9272998
20025,2023-02-21,5,D4,5,D4,5,D4,True,3.1777148e-08,1.03073084e-07,3.084522e-07,4.1244966e-05,0.17177294,0.8281853
20025,2023-02-28,5,D4,5,D4,5,D4,True,2.8689464e-09,1.1487491e-08,1.71075e-08,4.022255e-06,0.06926847,0.93072754
20025,2023-03-07,5,D4,5,D4,5,D4,True,3.165297e-09,1.1304941e-08,1.9711411e-08,4.8657507e-06,0.08600201,0.91399306
20025,2023-03-14,5,D4,5,D4,5,D4,True,7.953382e-09,2.5139538e-08,8.466884e-08,1.472685e-05,0.15625681,0.8437284
20025,2023-03-21,5,D4,5,D4,5,D4,True,4.825601e-10,1.8057982e-09,2.8851728e-09,1.0734174e-06,0.06604206,0.93395686
20025,2023-03-28,5,D4,5,D4,5,D4,True,3.5813524e-10,1.4894009e-09,2.2455102e-09,6.5451525e-07,0.048736323,0.951263
20025,2023-04-04,5,D4,5,D4,5,D4,True,2.192453e-10,8.7255386e-10,1.0193698e-09,3.54848e-07,0.037241362,0.96275824
20025,2023-04-11,5,D4,5,D4,5,D4,True,2.38082e-10,9.687346e-10,7.966816e-10,2.5376193e-07,0.030449212,0.9695506
20025,2023-04-18,5,D4,5,D4,5,D4,True,2.6774452e-09,9.95524e-09,2.0248894e-08,2.7043147e-06,0.052195102,0.9478021
20025,2023-04-25,5,D4,5,D4,5,D4,True,1.3254525e-09,4.4544195e-09,5.431396e-09,1.0039703e-06,0.023077242,0.97692174
20025,2023-05-02,5,D4,5,D4,5,D4,True,6.9535306e-09,2.022332e-08,7.606523e-08,6.780463e-06,0.046831243,0.9531619
20025,2023-05-09,5,D4,5,D4,5,D4,True,2.808486e-09,1.0201686e-08,2.4376744e-08,3.1400787e-06,0.036797207,0.9631997
20025,2023-05-16,5,D4,5,D4,5,D4,True,2.5667127e-06,4.2620804e-06,7.129875e-05,0.0008077833,0.29667926,0.7024348
20025,2023-05-23,4,D3,5,D4,5,D4,False,2.4701146e-09,8.2974765e-09,1.754299e-08,1.1347029e-06,0.024620911,0.9753779
20025,2023-05-30,4,D3,5,D4,5,D4,False,1.392047e-07,1.8238879e-07,3.9498286e-06,0.0001731561,0.25201148,0.7478112
20025,2023-06-06,3,D2,4,D3,4,D3,False,2.8536606e-06,1.4998589e-06,0.00021008188,0.014201221,0.95405436,0.031529974
20025,2023-06-13,3,D2,4,D3,4,D3,False,1.4930483e-06,7.954272e-07,0.0036202427,0.16208366,0.83318496,0.0011088032
20025,2023-06-20,3,D2,4,D3,4,D3,False,4.4456524e-06,5.828494e-06,0.039358098,0.42294702,0.5374392,0.00024548158
20025,2023-06-27,3,D2,3,D2,3,D2,True,5.5842247e-06,3.23235e-05,0.20006461,0.7599636,0.039931256,2.604095e-06
20025,2023-07-04,3,D2,3,D2,3,D2,True,1.2729191e-05,0.00041250963,0.27811486,0.719838,0.0016214226,4.2512747e-07
20025,2023-07-11,3,D2,3,D2,3,D2,True,1.4863171e-05,0.00058908056,0.30949682,0.6888837,0.0010151693,3.9448005e-07
20025,2023-07-18,3,D2,2,D1,2,D1,False,0.00013066789,0.013224904,0.5686496,0.4178794,0.000114724855,7.276642e-07
20025,2023-07-25,2,D1,2,D1,2,D1,True,2.8673192e-05,0.0031681245,0.5559839,0.4406873,0.00013161913,4.4775595e-07
20025,2023-08-01,2,D1,2,D1,2,D1,True,0.024188725,0.38739017,0.58602375,0.0023896885,1.5409762e-06,6.169068e-06
20025,2023-08-08,1,D0,1,D0,1,D0,True,0.06644409,0.5189514,0.41433382,0.00026819322,2.0821248e-07,2.2689505e-06
20025,2023-08-15,1,D0,1,D0,1,D0,True,0.23555009,0.60557556,0.15886034,1.3166317e-05,9.785141e-08,6.862108e-07
20025,2023-08-22,1,D0,1,D0,1,D0,True,0.011225139,0.57144743,0.4172506,7.668917e-05,7.776272e-09,4.3395403e-08
20025,2023-08-29,1,D0,2,D1,2,D1,False,0.009144094,0.4554937,0.53310794,0.0022526681,7.086071e-07,8.460001e-07
20025,2023-09-05,2,D1,2,D1,2,D1,True,0.009231508,0.46209493,0.5265165,0.0021562974,5.0100454e-07,3.4691294e-07
20025,2023-09-12,2,D1,2,D1,2,D1,True,0.0012375003,0.3746087,0.6156318,0.008521213,7.5458564e-07,3.557016e-08
20025,2023-09-19,1,D0,2,D1,2,D1,False,0.0002679528,0.20736317,0.6991047,0.09325523,8.860984e-06,5.181264e-08
20025,2023-09-26,1,D0,1,D0,1,D0,True,0.36528206,0.62755835,0.007157038,2.286487e-06,1.0277899e-07,9.7376684e-08
20025,2023-10-03,1,D0,1,D0,1,D0,True,0.12320043,0.7244531,0.15232609,2.0035883e-05,1.2440907e-07,2.1898576e-07
20025,2023-10-10,1,D0,1,D0,1,D0,True,0.03210198,0.693079,0.27479464,2.4324368e-05,4.8966182e-08,7.190324e-08
20025,2023-10-17,1,D0,1,D0,1,D0,True,0.039621636,0.68799806,0.27234215,3.805262e-05,7.030278e-08,8.211191e-08
20025,2023-10-24,1,D0,1,D0,1,D0,True,0.0020433401,0.61149246,0.38642153,4.263546e-05,1.0081861e-08,5.9412972e-09
20025,2023-10-31,1,D0,1,D0,1,D0,True,0.32486317,0.6195284,0.055590905,1.7129094e-05,2.0714525e-07,2.499304e-07
20025,2023-11-07,1,D0,1,D0,1,D0,True,0.06536095,0.8016691,0.13296649,3.4324546e-06,6.6360366e-09,8.854985e-09
20025,2023-11-14,2,D1,1,D0,1,D0,False,0.0017323564,0.60362333,0.39459112,5.3071e-05,5.2383706e-09,2.4492068e-09
20025,2023-11-21,2,D1,2,D1,2,D1,True,0.0005244018,0.4541692,0.54377526,0.0015310594,8.713564e-08,4.0200527e-09
20025,2023-11-28,2,D1,2,D1,2,D1,True,0.0005790109,0.45980114,0.5382484,0.001371403,3.443142e-08,2.2452338e-09
20025,2023-12-05,2,D1,2,D1,2,D1,True,0.0006943388,0.47201395,0.5259684,0.0013233535,3.3473555e-08,2.7111269e-09
20025,2023-12-12,2,D1,2,D1,2,D1,True,0.00012238907,0.40249407,0.59528685,0.0020967158,1.1915533e-08,2.2686848e-10
20025,2023-12-19,1,D0,1,D0,1,D0,True,0.007380031,0.5430077,0.44892842,0.00068370457,1.2603259e-07,4.119082e-08
20025,2023-12-26,1,D0,1,D0,1,D0,True,0.2986811,0.6917229,0.009595587,3.6133466e-07,2.6045104e-09,5.1319633e-09
20025,2024-01-02,1,D0,1,D0,1,D0,True,0.19426037,0.78993136,0.015808227,1.1502142e-07,1.9119352e-10,3.493123e-10
20025,2024-01-09,0,None,1,D0,1,D0,False,0.33017015,0.66709435,0.0027354045,8.321594e-08,1.7008024e-09,2.061829e-09
20025,2024-01-16,0,None,0,None,0,None,True,0.9179955,0.08200295,6.7273714e-07,2.0582505e-07,6.095912e-07,3.64651e-08
20025,2024-01-23,0,None,0,None,0,None,True,0.9492379,0.050759953,5.335298e-07,3.8238903e-07,1.0870264e-06,3.7497998e-08
20025,2024-01-30,0,None,0,None,0,None,True,0.94699985,0.0529956,1.3864588e-06,9.87725e-07,2.1384992e-06,8.2002316e-08
20025,2024-02-06,0,None,0,None,0,None,True,0.95445615,0.045540243,7.5575286e-07,6.3563317e-07,2.1346436e-06,8.799962e-08
20025,2024-02-13,0,None,0,None,0,None,True,0.9449641,0.05502604,2.5989004e-06,2.188606e-06,4.8628463e-06,1.8763096e-07
20025,2024-02-20,0,None,0,None,0,None,True,0.9139943,0.08597535,1.3799393e-05,6.5316076e-06,9.356989e-06,6.2355207e-07
20025,2024-02-27,0,None,0,None,0,None,True,0.8438821,0.15605421,4.4022094e-05,9.372847e-06,9.0077965e-06,1.2405185e-06
20025,2024-03-05,0,None,0,None,0,None,True,0.7978463,0.20209762,4.6285535e-05,4.459133e-06,4.539789e-06,6.960816e-07
20025,2024-03-12,0,None,0,None,0,None,True,0.83427644,0.16565567,5.185497e-05,7.418675e-06,7.680259e-06,1.0316558e-06
20025,2024-03-19,1,D0,0,None,0,None,False,0.5038757,0.49472207,0.0013969254,3.6307458e-06,1.3399355e-06,4.6081726e-07
20025,2024-03-26,1,D0,1,D0,1,D0,True,0.31439826,0.63484067,0.050736807,2.3361274e-05,6.2644295e-07,3.2221067e-07
20025,2024-04-02,1,D0,1,D0,1,D0,True,0.06933177,0.6920249,0.23849712,0.00014477165,1.1555e-06,2.1055607e-07
20025,2024-04-09,1,D0,2,D1,2,D1,False,7.302596e-05,0.4108982,0.5878359,0.0011928115,3.2829462e-08,2.8881716e-10
20025,2024-04-16,2,D1,2,D1,2,D1,True,4.4284505e-05,0.35407037,0.64282966,0.0030556717,3.856477e-08,1.969739e-10
20025,2024-04-23,2,D1,2,D1,2,D1,True,3.721724e-07,0.0075693843,0.62303203,0.36939535,2.8958634e-06,3.6385343e-11
20025,2024-04-30,3,D2,2,D1,2,D1,False,0.0025440792,0.29806194,0.67174935,0.027637891,6.614486e-06,1.2084794e-07
20025,2024-05-07,3,D2,3,D2,3,D2,True,2.8564585e-07,2.1484255e-05,0.19976471,0.7980224,0.002191069,1.3073902e-09
20025,2024-05-14,3,D2,3,D2,3,D2,True,5.975185e-07,1.5379783e-05,0.14701858,0.844787,0.008178443,8.825101e-09
20025,2024-05-21,3,D2,3,D2,3,D2,True,1.1186278e-06,4.665915e-05,0.24811506,0.74586153,0.00597559,1.1159586e-08
20025,2024-05-28,3,D2,3,D2,3,D2,True,7.651104e-07,2.0263009e-05,0.19200495,0.8020332,0.005940802,1.4967013e-08
20025,2024-06-04,2,D1,3,D2,3,D2,False,7.259068e-07,5.3548807e-05,0.31015164,0.68778825,0.002005821,5.5047242e-09
20025,2024-06-11,2,D1,2,D1,2,D1,True,0.00048168786,0.19433817,0.6525138,0.15264186,2.44201e-05,7.654562e-08
20025,2024-06-18,2,D1,2,D1,2,D1,True,2.8163126e-05,0.057137135,0.7886487,0.1541814,4.5914317e-06,1.4363728e-09
20025,2024-06-25,2,D1,2,D1,2,D1,True,0.00015660858,0.09449065,0.80101436,0.10432784,1.0536451e-05,8.553401e-09
20025,2024-07-02,1,D0,2,D1,2,D1,False,0.001357356,0.20102699,0.77895576,0.01865676,3.1262728e-06,2.8624068e-08
20025,2024-07-09,0,None,1,D0,1,D0,False,0.44305894,0.54805416,0.00888447,2.2595107e-06,4.9425026e-08,8.019199e-08
20025,2024-07-16,0,None,0,None,0,None,True,0.6832337,0.31674144,2.469503e-05,7.354621e-08,1.2021667e-07,6.903415e-08
20025,2024-07-23,0,None,0,None,0,None,True,0.66867286,0.33100414,0.00032032613,9.249923e-07,7.620113e-07,9.224385e-07
20025,2024-07-30,1,D0,0,None,0,None,False,0.61290044,0.3862694,0.0008259287,1.2777386e-06,1.1483314e-06,1.8041773e-06
20025,2024-08-06,1,D0,1,D0,1,D0,True,0.021444764,0.66169184,0.31684908,1.43399375e-05,4.1013886e-09,4.1116177e-09
20025,2024-08-13,1,D0,1,D0,1,D0,True,0.07132063,0.5296289,0.39894563,0.00010475176,6.811898e-08,1.2894452e-07
20025,2024-08-20,1,D0,1,D0,1,D0,True,0.21677516,0.54975057,0.2334473,2.6742411e-05,5.961128e-08,1.6288513e-07
20025,2024-08-27,1,D0,1,D0,1,D0,True,0.043929596,0.61300886,0.34300783,5.362317e-05,5.5812873e-08,8.035627e-08
20025,2024-09-03,1,D0,1,D0,1,D0,True,0.02408284,0.60378337,0.37203386,9.9724166e-05,9.8948895e-08,9.960672e-08
20025,2024-09-10,1,D0,1,D0,1,D0,True,0.027017461,0.607875,0.3649941,0.000113005066,1.738849e-07,3.086621e-07
20025,2024-09-17,1,D0,1,D0,1,D0,True,0.01422396,0.6272716,0.3584066,9.7429656e-05,9.9612045e-08,3.0073144e-07
20025,2024-09-24,0,None,1,D0,1,D0,False,0.18769768,0.65361583,0.15859042,9.285005e-05,1.0134033e-06,2.1449698e-06
20025,2024-10-01,0,None,0,None,0,None,True,0.6307148,0.36924538,3.6488138e-05,1.2398745e-06,1.2115942e-06,9.415213e-07
20025,2024-10-08,0,None,0,None,0,None,True,0.53191584,0.46772382,0.00034627857,5.4658162e-06,4.2415927e-06,4.3199784e-06
20025,2024-10-15,0,None,0,None,0,None,True,0.5014567,0.4979476,0.000581656,6.3903826e-06,3.9111383e-06,3.8076676e-06
20025,2024-10-22,0,None,0,None,0,None,True,0.5269871,0.4727011,0.00030504423,3.6996555e-06,1.6801378e-06,1.2780889e-06
20025,2024-10-29,0,None,1,D0,1,D0,False,0.47624552,0.5232145,0.0005354375,2.1607218e-06,1.2672186e-06,1.042304e-06
20025,2024-11-05,0,None,0,None,0,None,True,0.8393223,0.15988578,0.0003134792,0.0002328986,0.00024044863,5.0584936e-06
20025,2024-11-12,0,None,0,None,0,None,True,0.9502095,0.04959644,1.8849465e-05,7.886188e-05,9.6065305e-05,4.020459e-07
20025,2024-11-19,0,None,0,None,0,None,True,0.9743906,0.025481291,3.4665763e-06,3.627656e-05,8.799159e-05,2.1328798e-07
20025,2024-11-26,0,None,0,None,0,None,True,0.97527426,0.024662575,1.3972982e-06,1.6089192e-05,4.5519817e-05,9.8245884e-08
20025,2024-12-03,0,None,0,None,0,None,True,0.9697481,0.030207338,1.6164183e-06,1.2979922e-05,2.9833402e-05,1.3668641e-07
20025,2024-12-10,0,None,0,None,0,None,True,0.9577315,0.04225298,9.665075e-07,4.5151687e-06,9.90073e-06,1.5606142e-07
20025,2024-12-17,0,None,0,None,0,None,True,0.92609847,0.07389816,5.169636e-07,6.586936e-07,2.0768232e-06,9.0063764e-08
20025,2024-12-24,0,None,0,None,0,None,True,0.908244,0.09175445,4.1681812e-07,1.9675728e-07,8.9187876e-07,5.976668e-08
20025,2024-12-31,0,None,0,None,0,None,True,0.91112685,0.08887267,2.4556365e-07,3.841741e-08,2.5019045e-07,1.8768741e-08
20025,2025-01-07,0,None,0,None,0,None,True,0.9210765,0.07892323,1.9183453e-07,1.0028959e-08,1.15798606e-07,9.196878e-09
20025,2025-01-14,0,None,0,None,0,None,True,0.90230006,0.09769964,2.5343215e-07,6.2748815e-09,5.973426e-08,3.569698e-09
20025,2025-01-21,0,None,0,None,0,None,True,0.891724,0.10827562,4.2202873e-07,5.391347e-09,5.1621345e-08,2.6373286e-09
20025,2025-01-28,0,None,0,None,0,None,True,0.838145,0.16185378,1.1597293e-06,4.2917967e-09,3.092269e-08,2.011325e-09
20025,2025-02-04,0,None,0,None,0,None,True,0.8511909,0.14880802,1.1251567e-06,2.9793559e-09,2.8899787e-08,1.229634e-09
20025,2025-02-11,0,None,0,None,0,None,True,0.74824196,0.25175703,1.0074025e-06,9.488275e-10,1.0393283e-08,7.488524e-10
20025,2025-02-18,0,None,0,None,0,None,True,0.78188735,0.21811095,1.7441513e-06,1.7922708e-09,1.974969e-08,1.379234e-09
20025,2025-02-25,0,None,0,None,0,None,True,0.69492817,0.30507094,8.8749346e-07,4.2670428e-10,4.851666e-09,6.079839e-10
20025,2025-03-04,0,None,1,D0,1,D0,False,0.4004403,0.5994078,0.0001519315,6.736426e-10,7.485244e-10,4.736098e-10
20025,2025-03-11,1,D0,1,D0,1,D0,True,0.3799974,0.6182902,0.0017124556,1.7187357e-08,4.2077595e-09,5.728007e-09
20025,2025-03-18,2,D1,1,D0,1,D0,False,0.00059808,0.6128052,0.38650206,9.463862e-05,5.7069215e-08,1.6222897e-08
20025,2025-03-25,2,D1,2,D1,2,D1,True,0.00011866495,0.120373614,0.8226129,0.056873612,2.08984e-05,3.035823e-07
20025,2025-04-01,2,D1,2,D1,2,D1,True,0.00037253308,0.045927003,0.6583884,0.2944517,0.0008475723,1.27763615e-05
20025,2025-04-08,2,D1,2,D1,2,D1,True,0.00046122484,0.035112638,0.61528677,0.34836605,0.00076317234,1.013576e-05
20025,2025-04-15,2,D1,2,D1,2,D1,True,9.831589e-05,0.0029146415,0.53133535,0.46056288,0.0050529083,3.594978e-05
20025,2025-04-22,2,D1,2,D1,2,D1,True,0.006368162,0.15930738,0.6946086,0.13903461,0.00060341414,7.778831e-05
20025,2025-04-29,2,D1,2,D1,2,D1,True,0.009313399,0.19546014,0.57906276,0.21362124,0.002348746,0.00019376104
20025,2025-05-06,2,D1,2,D1,2,D1,True,0.0003456885,0.06862939,0.71688837,0.21402678,0.000109177185,6.02795e-07
20025,2025-05-13,2,D1,2,D1,2,D1,True,0.00011374373,0.026853468,0.69583684,0.2769523,0.00024342371,2.810086e-07
20025,2025-05-20,2,D1,2,D1,2,D1,True,0.002452333,0.2059865,0.724013,0.06749596,5.1869196e-05,4.8087554e-07
20025,2025-05-27,1,D0,2,D1,2,D1,False,0.0048856535,0.2569907,0.7233724,0.014743542,7.4819e-06,2.5189453e-07
20025,2025-06-03,1,D0,1,D0,1,D0,True,0.38162518,0.609306,0.009068482,3.8806226e-07,2.199276e-09,4.011511e-09
20025,2025-06-10,0,None,1,D0,1,D0,False,0.45491517,0.5425263,0.0025584206,1.3707181e-07,2.721222e-09,3.787949e-09
20025,2025-06-17,0,None,0,None,0,None,True,0.8735471,0.12645224,6.72084e-07,1.0026752e-08,4.106834e-08,5.831276e-09
20025,2025-06-24,0,None,0,None,0,None,True,0.8793036,0.12069456,1.7158673e-06,2.5345114e-08,8.9691845e-08,2.1266372e-08
20025,2025-07-01,0,None,0,None,0,None,True,0.84996,0.15003256,7.1611316e-06,8.052191e-08,1.4826611e-07,7.890184e-08
20025,2025-07-08,0,None,0,None,0,None,True,0.7824733,0.21750888,1.730085e-05,1.4957108e-07,2.0710253e-07,1.7030787e-07
20025,2025-07-15,0,None,0,None,0,None,True,0.7209308,0.27900642,6.167141e-05,3.4708535e-07,3.4409837e-07,4.0375997e-07
20025,2025-07-22,0,None,0,None,0,None,True,0.7612358,0.23868245,7.978541e-05,7.3875765e-07,6.6101546e-07,5.966812e-07
20025,2025-07-29,0,None,0,None,0,None,True,0.81125116,0.18871789,2.924573e-05,4.8906156e-07,7.381096e-07,4.6802867e-07
20025,2025-08-05,0,None,0,None,0,None,True,0.7619255,0.23804657,2.6451064e-05,3.6294716e-07,6.300237e-07,4.3314938e-07
20025,2025-08-12,0,None,0,None,0,None,True,0.781798,0.21811266,8.263166e-05,2.0087261e-06,3.0797894e-06,1.605123e-06
20025,2025-08-19,0,None,0,None,0,None,True,0.7581675,0.24179822,3.1462307e-05,7.577792e-07,1.4171972e-06,5.9201585e-07
20025,2025-08-26,0,None,0,None,0,None,True,0.7534082,0.24654232,4.4696782e-05,1.2483958e-06,2.6371918e-06,8.882406e-07
20025,2025-09-02,0,None,0,None,0,None,True,0.8344426,0.16550262,4.2995875e-05,3.0221029e-06,7.6110905e-06,1.1521436e-06
20025,2025-09-09,0,None,0,None,0,None,True,0.83725697,0.16273497,5.1850025e-06,4.6072606e-07,1.809068e-06,6.804545e-07
20025,2025-09-16,0,None,0,None,0,None,True,0.7748859,0.2251065,3.8163594e-06,3.341032e-07,1.7618943e-06,1.6889506e-06
20025,2025-09-23,0,None,0,None,0,None,True,0.7907457,0.2092418,7.98688e-06,5.5125975e-07,2.0425275e-06,1.9657673e-06
20025,2025-09-30,0,None,0,None,0,None,True,0.78705466,0.21294142,2.6963958e-06,1.3274567e-07,4.3610558e-07,5.8969476e-07
20025,2025-10-07,0,None,0,None,0,None,True,0.7595355,0.24046232,1.5918122e-06,5.8104924e-08,2.1198268e-07,3.0127234e-07
20025,2025-10-14,0,None,0,None,0,None,True,0.7274588,0.27253783,2.468146e-06,9.560699e-08,3.255991e-07,5.607342e-07
20025,2025-10-21,0,None,0,None,0,None,True,0.7494211,0.25057644,1.7754728e-06,4.743692e-08,1.5840348e-07,3.7834457e-07
20025,2025-10-28,0,None,0,None,0,None,True,0.77616954,0.22382818,1.9543477e-06,4.6394888e-08,1.3017129e-07,1.9740112e-07
20025,2025-11-04,0,None,0,None,0,None,True,0.73315394,0.26684475,1.1390025e-06,1.561678e-08,4.9746784e-08,6.586458e-08
20025,2025-11-11,0,None,0,None,0,None,True,0.6841269,0.31586877,4.1534513e-06,3.2823273e-08,7.354312e-08,9.9104945e-08
20025,2025-11-18,0,None,0,None,0,None,True,0.66021836,0.3397777,3.951085e-06,1.5854736e-08,3.1795064e-08,3.487791e-08
20025,2025-11-25,0,None,0,None,0,None,True,0.81033,0.18966815,1.7238107e-06,1.80924e-08,7.741492e-08,1.01826725e-08
20025,2025-12-02,0,None,0,None,0,None,True,0.8590081,0.1409917,2.1893496e-07,2.3160578e-09,2.4431403e-08,8.5994517e-10
20025,2025-12-09,0,None,0,None,0,None,True,0.82589346,0.17410609,5.334637e-07,3.6683339e-09,4.6874632e-08,1.4465926e-09
20025,2025-12-16,0,None,0,None,0,None,True,0.8316521,0.16834693,8.7384996e-07,4.399323e-09,5.0581484e-08,2.0250932e-09
20025,2025-12-23,0,None,0,None,0,None,True,0.7349673,0.26503193,8.0973854e-07,1.2270099e-09,1.2106123e-08,9.484004e-10
20025,2025-12-30,0,None,0,None,0,None,True,0.64308727,0.35691038,2.404161e-06,1.4983649e-09,9.820376e-09,1.2415226e-09
20027,2022-01-04,2,D1,2,D1,2,D1,True,3.762385e-07,0.124856666,0.8512452,0.023897758,1.4717791e-08,1.3113839e-12
20027,2022-01-11,2,D1,2,D1,2,D1,True,7.388759e-07,0.03756751,0.78232515,0.18010636,2.5495328e-07,8.950861e-12
20027,2022-01-18,2,D1,2,D1,2,D1,True,3.1162165e-06,0.05022005,0.7664556,0.18332072,5.341275e-07,3.305932e-11
20027,2022-01-25,2,D1,2,D1,2,D1,True,1.3559371e-06,0.019389054,0.6944776,0.286131,9.890898e-07,2.8183999e-11
20027,2022-02-01,2,D1,2,D1,2,D1,True,5.8508635e-07,0.008542095,0.66608316,0.3253729,1.2181927e-06,4.4011916e-11
20027,2022-02-08,2,D1,2,D1,2,D1,True,3.2843288e-06,0.04160523,0.7341978,0.22419225,1.4443477e-06,1.5249241e-10
20027,2022-02-15,2,D1,2,D1,2,D1,True,9.113932e-07,0.006835001,0.6705885,0.32257265,2.916856e-06,2.5768693e-10
20027,2022-02-22,3,D2,2,D1,2,D1,False,1.8261251e-06,0.016415028,0.68856317,0.29501733,2.67389e-06,3.7575282e-10
20027,2022-03-01,3,D2,3,D2,3,D2,True,8.087011e-09,3.2428755e-08,0.0061736424,0.9795109,0.014315406,1.651447e-08
20027,2022-03-08,3,D2,3,D2,3,D2,True,8.799004e-08,1.0467611e-06,0.045395453,0.9535389,0.0010645384,3.953482e-09
20027,2022-03-15,3,D2,3,D2,3,D2,True,3.787371e-07,8.316756e-07,0.035869237,0.9537356,0.010393424,5.272304e-07
20027,2022-03-22,3,D2,3,D2,3,D2,True,7.4805575e-06,0.0004003143,0.2491928,0.7498375,0.00056176353,5.4625936e-08
20027,2022-03-29,3,D2,3,D2,3,D2,True,2.1662549e-05,0.00059511146,0.22128086,0.77686006,0.0012420493,2.7381185e-07
20027,2022-04-05,3,D2,3,D2,3,D2,True,2.5681049e-05,0.00023975533,0.1886604,0.80391365,0.0071589635,1.5171144e-06
20027,2022-04-12,3,D2,3,D2,3,D2,True,3.3026055e-05,6.670664e-05,0.1250811,0.77448994,0.100295395,3.380941e-05
20027,2022-04-19,3,D2,3,D2,3,D2,True,5.222119e-05,5.308824e-05,0.06211546,0.6640842,0.27324107,0.00045399685
20027,2022-04-26,3,D2,3,D2,3,D2,True,0.0001107999,0.00060004764,0.25632796,0.68993413,0.05300973,1.7387494e-05
20027,2022-05-03,3,D2,2,D1,2,D1,False,0.00023915461,0.04621089,0.48960346,0.4638108,0.0001355595,1.5886836e-07
20027,2022-05-10,3,D2,2,D1,2,D1,False,0.0006387345,0.240176,0.60659415,0.15258697,4.141473e-06,1.5626005e-08
20027,2022-05-17,3,D2,2,D1,2,D1,False,3.762293e-05,0.022218103,0.520764,0.4569628,1.7464812e-05,5.2672666e-09
20027,2022-05-24,3,D2,2,D1,2,D1,False,0.0005999612,0.18174939,0.6201169,0.19750962,2.4164963e-05,1.7066675e-08
20027,2022-05-31,1,D0,2,D1,2,D1,False,0.004049176,0.34843138,0.6093302,0.038187284,1.9276395e-06,3.1372757e-08
20027,2022-06-07,1,D0,1,D0,1,D0,True,0.3280322,0.66502774,0.006939824,2.0187504e-07,9.920071e-10,2.7502012e-09
20027,2022-06-14,1,D0,1,D0,1,D0,True,0.3653999,0.6342222,0.00037786065,5.374263e-09,1.3555435e-10,2.5503755e-10
20027,2022-06-21,1,D0,1,D0,1,D0,True,0.4037664,0.5959352,0.0002984452,6.086912e-09,4.5186888e-10,1.0355324e-09
20027,2022-06-28,0,None,1,D0,1,D0,False,0.4727444,0.5269959,0.000259728,1.8095045e-08,4.129295e-09,1.042152e-08
20027,2022-07-05,0,None,0,None,0,None,True,0.6839169,0.3160797,3.2705075e-06,4.150713e-09,1.1048573e-08,2.5006571e-08
20027,2022-07-12,0,None,0,None,0,None,True,0.657801,0.3421797,1.9132256e-05,2.1545844e-08,4.0145746e-08,1.04126975e-07
20027,2022-07-19,0,None,0,None,0,None,True,0.59513485,0.40472934,0.00013513626,1.3242538e-07,1.4812889e-07,3.9147318e-07
20027,2022-07-26,0,None,0,None,0,None,True,0.5930171,0.40688226,0.00010039411,4.396637e-08,3.5677925e-08,1.1929968e-07
20027,2022-08-02,0,None,0,None,0,None,True,0.72079986,0.27916333,3.5943e-05,1.01650556e-07,1.7509288e-07,6.102821e-07
20027,2022-08-09,0,None,0,None,0,None,True,0.69428164,0.30571398,4.324449e-06,9.873905e-09,3.3188844e-08,1.085128e-07
20027,2022-08-16,0,None,0,None,0,None,True,0.63507926,0.3648901,2.9834282e-05,4.917652e-08,1.0889104e-07,6.766129e-07
20027,2022-08-23,0,None,0,None,0,None,True,0.6115494,0.38838148,6.716132e-05,1.3590405e-07,2.533026e-07,1.647067e-06
20027,2022-08-30,0,None,0,None,0,None,True,0.68581045,0.3141858,3.6309273e-06,1.2771974e-08,3.0313902e-08,1.4338875e-07
20027,2022-09-06,1,D0,1,D0,1,D0,True,0.48566693,0.5139993,0.0003327488,4.468951e-08,8.982992e-08,8.314515e-07
20027,2022-09-13,1,D0,1,D0,1,D0,True,0.018745422,0.7680038,0.21323287,1.7428367e-05,4.2603745e-08,3.5668143e-07
20027,2022-09-20,1,D0,1,D0,1,D0,True,0.06962049,0.64200455,0.28829187,8.1693004e-05,1.3663549e-07,1.3267735e-06
20027,2022-09-27,1,D0,1,D0,1,D0,True,0.052559387,0.74678224,0.20063528,2.1577505e-05,2.09267e-07,1.3612727e-06
20027,2022-10-04,1,D0,1,D0,1,D0,True,0.0016267633,0.62214285,0.3757005,0.00052853243,5.14452e-07,8.744058e-07
20027,2022-10-11,1,D0,1,D0,1,D0,True,0.00895843,0.67052627,0.32031983,0.00019333385,4.0055943e-07,1.6577698e-06
20027,2022-10-18,1,D0,1,D0,1,D0,True,0.0036925988,0.63720965,0.35838258,0.00071144087,1.5634455e-06,2.2052045e-06
20027,2022-10-25,1,D0,1,D0,1,D0,True,0.006013174,0.71226144,0.28166443,6.0731338e-05,9.668381e-08,1.8415942e-07
20027,2022-11-01,1,D0,1,D0,1,D0,True,0.0023450723,0.7703494,0.22729792,7.6544975e-06,1.1945542e-08,2.3825114e-08
20027,2022-11-08,1,D0,1,D0,1,D0,True,0.2179511,0.7595813,0.02246736,2.4647252e-07,5.295575e-09,5.366855e-09
20027,2022-11-15,1,D0,1,D0,1,D0,True,0.12707762,0.85299414,0.019928226,3.210544e-08,4.4437953e-10,4.4718027e-10
20027,2022-11-22,1,D0,1,D0,1,D0,True,0.0008179187,0.73599213,0.26318136,8.626792e-06,3.5899983e-09,1.7286841e-09
20027,2022-11-29,1,D0,1,D0,1,D0,True,0.07092019,0.8406245,0.08845291,2.3959017e-06,1.198374e-08,9.372299e-09
20027,2022-12-06,1,D0,1,D0,1,D0,True,0.028878376,0.88145673,0.08966436,5.2325225e-07,1.2336943e-09,1.3683177e-09
20027,2022-12-13,1,D0,1,D0,1,D0,True,0.002903834,0.7284889,0.26860097,6.2263043e-06,2.2355802e-09,1.9179973e-09
20027,2022-12-20,1,D0,1,D0,1,D0,True,0.03669292,0.8772763,0.086030334,3.8651555e-07,5.555327e-10,1.0553445e-09
20027,2022-12-27,1,D0,1,D0,1,D0,True,0.007822702,0.78983057,0.20234524,1.4630382e-06,3.7641298e-10,6.77398e-10
20027,2023-01-03,1,D0,1,D0,1,D0,True,0.10874895,0.85741043,0.033840504,7.397266e-08,1.3101467e-10,3.106239e-10
20027,2023-01-10,1,D0,1,D0,1,D0,True,0.0065767635,0.8387065,0.15471649,3.495538e-07,1.655616e-10,3.9335604e-10
20027,2023-01-17,1,D0,1,D0,1,D0,True,0.020804288,0.82491755,0.15427761,5.9282945e-07,1.8329696e-10,5.629095e-10
20027,2023-01-24,1,D0,1,D0,1,D0,True,0.14631893,0.82803947,0.025641572,3.6835687e-08,9.550408e-11,2.9164862e-10
20027,2023-01-31,1,D0,1,D0,1,D0,True,0.093600646,0.85641605,0.0499833,4.7883802e-08,9.889309e-11,4.0704973e-10
20027,2023-02-07,1,D0,1,D0,1,D0,True,0.00078616664,0.70521384,0.29399675,3.3096878e-06,4.5554757e-10,7.438329e-10
20027,2023-02-14,1,D0,1,D0,1,D0,True,0.003944962,0.73325354,0.262797,4.5525417e-06,6.2853533e-10,1.8898683e-09
20027,2023-02-21,1,D0,1,D0,1,D0,True,0.14418072,0.8313771,0.024442079,5.7423403e-08,4.8551696e-10,1.7599467e-09
20027,2023-02-28,1,D0,1,D0,1,D0,True,0.03920884,0.8669196,0.09387116,4.1096735e-07,1.0457438e-09,3.9236134e-09
20027,2023-03-07,1,D0,1,D0,1,D0,True,0.012992666,0.8174633,0.16954157,2.406352e-06,1.2485375e-09,3.4621617e-09
20027,2023-03-14,1,D0,1,D0,1,D0,True,0.04019351,0.79201406,0.16778773,4.6749265e-06,3.6612764e-09,1.1578859e-08
20027,2023-03-21,1,D0,1,D0,1,D0,True,0.007908522,0.760281,0.23180152,8.905822e-06,2.036775e-09,4.209929e-09
20027,2023-03-28,1,D0,1,D0,1,D0,True,0.008335011,0.71174514,0.27989715,2.2702488e-05,8.211283e-09,1.5967448e-08
20027,2023-04-04,1,D0,1,D0,1,D0,True,0.0004340046,0.5471241,0.4522346,0.0002073698,1.6535916e-08,5.3741944e-09
20027,2023-04-11,1,D0,1,D0,1,D0,True,0.00041382867,0.4997994,0.49912825,0.000658501,8.4153925e-08,2.0054857e-08
20027,2023-04-18,1,D0,2,D1,2,D1,False,2.6487878e-05,0.15288539,0.7489989,0.09807991,9.314629e-06,1.7644707e-08
20027,2023-04-25,1,D0,2,D1,2,D1,False,0.0008579269,0.3247672,0.64777845,0.02658986,6.417797e-06,1.403097e-07
20027,2023-05-02,2,D1,2,D1,2,D1,True,0.009568108,0.43439466,0.55188966,0.0041452814,1.8394212e-06,4.1173155e-07
20027,2023-05-09,2,D1,2,D1,2,D1,True,0.00013675458,0.25304282,0.7097415,0.03707769,1.2640676e-06,3.7654555e-09
20027,2023-05-16,1,D0,2,D1,2,D1,False,0.051489104,0.43268228,0.514429,0.0013971038,1.5935085e-06,9.4818944e-07
20027,2023-05-23,1,D0,1,D0,1,D0,True,0.40026212,0.59525687,0.0044807456,3.1574226e-07,5.95376e-09,6.4962746e-09
20027,2023-05-30,1,D0,1,D0,1,D0,True,0.29647285,0.6885248,0.015002178,1.6213495e-07,9.2112246e-10,2.5680436e-09
20027,2023-06-06,1,D0,1,D0,1,D0,True,0.24090081,0.58226943,0.17674065,8.704553e-05,4.1252832e-07,1.582677e-06
20027,2023-06-13,1,D0,1,D0,1,D0,True,0.20797017,0.6087646,0.18323876,2.6235675e-05,3.939487e-08,1.8468312e-07
20027,2023-06-20,2,D1,1,D0,1,D0,False,0.2524689,0.5904586,0.15704897,2.3139011e-05,6.009457e-08,2.6711893e-07
20027,2023-06-27,2,D1,2,D1,2,D1,True,0.0010902737,0.32575932,0.6402352,0.032907896,7.1430304e-06,1.5755971e-07
20027,2023-07-04,2,D1,2,D1,2,D1,True,0.0010850354,0.2545721,0.73121315,0.013128639,1.0865667e-06,3.7963222e-08
20027,2023-07-11,2,D1,2,D1,2,D1,True,0.0054526087,0.35495576,0.63430727,0.0052828593,1.2263622e-06,2.6508587e-07
20027,2023-07-18,2,D1,2,D1,2,D1,True,0.0009887813,0.292452,0.6974666,0.009092129,4.897224e-07,2.7007758e-08
20027,2023-07-25,2,D1,2,D1,2,D1,True,0.00062688126,0.17305453,0.77703035,0.049283728,4.5685333e-06,1.7822124e-08
20027,2023-08-01,2,D1,2,D1,2,D1,True,0.00024651387,0.093723364,0.812808,0.0932134,8.794891e-06,1.767369e-08
20027,2023-08-08,2,D1,2,D1,2,D1,True,0.0027255353,0.3023334,0.6863293,0.008610693,9.676478e-07,5.970377e-08
20027,2023-08-15,2,D1,2,D1,2,D1,True,0.0038007232,0.34346613,0.635138,0.017590621,4.2767447e-06,1.709954e-07
20027,2023-08-22,2,D1,2,D1,2,D1,True,3.7332335e-05,0.023429366,0.6609277,0.3155709,3.4714594e-05,1.5769537e-08
20027,2023-08-29,2,D1,2,D1,2,D1,True,6.2625295e-05,0.021144345,0.63019705,0.3484674,0.0001285381,1.0163814e-07
20027,2023-09-05,3,D2,2,D1,2,D1,False,7.487863e-05,0.011557824,0.6267123,0.36144823,0.00020607412,6.075862e-07
20027,2023-09-12,3,D2,3,D2,3,D2,True,3.8500835e-07,7.931988e-07,0.027555002,0.9283496,0.044092096,2.0348207e-06
20027,2023-09-19,3,D2,3,D2,3,D2,True,5.253276e-08,1.1517463e-08,0.0009414691,0.646504,0.35253897,1.549842e-05
20027,2023-09-26,3,D2,3,D2,3,D2,True,5.4486186e-06,1.0212039e-05,0.053436,0.73993844,0.20660606,3.9106244e-06
20027,2023-10-03,3,D2,3,D2,3,D2,True,6.6505116e-08,1.696923e-08,0.0013492961,0.6530242,0.345617,9.317897e-06
20027,2023-10-10,3,D2,3,D2,3,D2,True,2.556403e-08,3.861623e-09,0.00035701637,0.5650732,0.43455416,1.5567262e-05
20027,2023-10-17,3,D2,3,D2,3,D2,True,7.248354e-08,2.1122782e-08,0.0011394132,0.5616723,0.4371808,7.4084714e-06
20027,2023-10-24,3,D2,3,D2,3,D2,True,3.4191796e-08,4.759624e-09,0.00037749836,0.56996554,0.42962658,3.036834e-05
20027,2023-10-31,3,D2,3,D2,3,D2,True,6.4379824e-06,0.00014692718,0.22829084,0.7670246,0.0045308173,3.6992708e-07
20027,2023-11-07,3,D2,3,D2,3,D2,True,8.49664e-08,1.3242918e-07,0.015703354,0.9681169,0.016179372,1.8791349e-07
20027,2023-11-14,3,D2,3,D2,3,D2,True,3.182479e-07,4.7936504e-07,0.02183336,0.93921846,0.038946662,7.4208555e-07
20027,2023-11-21,3,D2,3,D2,3,D2,True,4.7106323e-07,2.1956432e-06,0.042793505,0.91393805,0.043265507,1.730758e-07
20027,2023-11-28,3,D2,3,D2,3,D2,True,5.452111e-08,3.0541557e-07,0.023167608,0.96852744,0.008304526,1.29578535e-08
20027,2023-12-05,3,D2,3,D2,3,D2,True,8.142175e-08,6.0457825e-07,0.03810116,0.95626944,0.0056286696,8.3966425e-09
20027,2023-12-12,3,D2,3,D2,3,D2,True,4.9995037e-08,2.496293e-07,0.026790729,0.96723336,0.0059755915,1.2563831e-08
20027,2023-12-19,3,D2,3,D2,3,D2,True,9.4062904e-07,0.00017314931,0.29603136,0.7035407,0.00025384448,2.1919484e-09
20027,2023-12-26,3,D2,3,D2,3,D2,True,2.8702314e-07,7.6171054e-05,0.29257914,0.7072143,0.00013009709,3.0968156e-10
20027,2024-01-02,3,D2,3,D2,3,D2,True,3.135436e-08,2.0421614e-06,0.1409679,0.8587026,0.00032746707,2.0438798e-10
20027,2024-01-09,3,D2,3,D2,3,D2,True,3.9992528e-07,0.00012890543,0.30749157,0.692261,0.00011819522,4.5079943e-10
20027,2024-01-16,3,D2,3,D2,3,D2,True,3.6499745e-08,5.864352e-06,0.2237487,0.7760641,0.0001813593,8.832375e-11
20027,2024-01-23,2,D1,3,D2,3,D2,False,4.6394085e-08,7.1749605e-06,0.22778887,0.77208245,0.00012149852,9.340405e-11
20027,2024-01-30,2,D1,2,D1,2,D1,True,4.716639e-05,0.21617149,0.7704996,0.013281601,1.193822e-07,3.1952302e-10
20027,2024-02-06,2,D1,2,D1,2,D1,True,0.00010901283,0.35528445,0.64255714,0.0020493444,1.5725684e-08,3.4779093e-10
20027,2024-02-13,2,D1,2,D1,2,D1,True,5.2287246e-06,0.10050435,0.89050674,0.008983774,8.955878e-09,1.043627e-11
20027,2024-02-20,2,D1,2,D1,2,D1,True,8.786509e-06,0.10041439,0.8876997,0.0118771475,2.4648282e-08,3.7704496e-11
20027,2024-02-27,2,D1,2,D1,2,D1,True,1.695108e-05,0.09059508,0.88786244,0.021525377,1.1562079e-07,2.1023705e-10
20027,2024-03-05,2,D1,2,D1,2,D1,True,2.0295069e-05,0.12698409,0.8554352,0.017560331,7.509298e-08,1.4759646e-10
20027,2024-03-12,2,D1,2,D1,2,D1,True,4.0491213e-05,0.21393579,0.7764967,0.009526974,5.0408445e-08,3.0070216e-10
20027,2024-03-19,2,D1,2,D1,2,D1,True,3.569713e-05,0.18983515,0.79534507,0.014783976,8.8989204e-08,4.894427e-10
20027,2024-03-26,2,D1,2,D1,2,D1,True,5.5499582e-05,0.21510735,0.77094126,0.013895812,9.603539e-08,8.707124e-10
20027,2024-04-02,2,D1,2,D1,2,D1,True,1.8637322e-05,0.058846686,0.8403115,0.10082195,1.1962841e-06,1.9574031e-09
20027,2024-04-09,2,D1,2,D1,2,D1,True,1.186878e-05,0.02700565,0.7715702,0.20141013,2.0820532e-06,2.0654578e-09
20027,2024-04-16,2,D1,2,D1,2,D1,True,1.5086579e-05,0.017606987,0.7233848,0.2589882,4.91834e-06,7.034619e-09
20027,2024-04-23,3,D2,2,D1,2,D1,False,8.509726e-05,0.080296755,0.77146536,0.14814933,3.4745428e-06,1.9829358e-08
20027,2024-04-30,2,D1,2,D1,2,D1,True,0.0005273673,0.16246623,0.5600932,0.276787,0.00012533646,8.211594e-07
20027,2024-05-07,2,D1,2,D1,1,D0,False,0.005827984,0.49098125,0.4945898,0.008599051,1.2503608e-06,6.3581547e-07
20027,2024-05-14,2,D1,1,D0,1,D0,False,0.019115558,0.60598254,0.37467146,0.00023023556,3.023752e-08,1.127396e-07
20027,2024-05-21,1,D0,1,D0,1,D0,True,0.020002868,0.570709,0.40847635,0.0008107226,3.099575e-07,7.866055e-07
20027,2024-05-28,1,D0,1,D0,1,D0,True,0.33456418,0.6634841,0.0019516213,6.389897e-08,1.066688e-09,1.4138356e-09
20027,2024-06-04,1,D0,1,D0,1,D0,True,0.34963083,0.6480622,0.0023068406,1.1858873e-07,1.5676883e-09,1.902639e-09
20027,2024-06-11,1,D0,1,D0,1,D0,True,0.35036656,0.6457448,0.0038883719,2.513632e-07,2.4668647e-09,2.8144496e-09
20027,2024-06-18,0,None,1,D0,1,D0,False,0.29070947,0.6834965,0.025792755,1.3588581e-06,3.1361336e-09,5.5230993e-09
20027,2024-06-25,0,None,0,None,0,None,True,0.8200458,0.17995231,1.4763131e-06,9.940876e-08,2.3762017e-07,4.8078732e-08
20027,2024-07-02,0,None,0,None,0,None,True,0.7862255,0.21376623,6.7621686e-06,4.01719e-07,7.358225e-07,3.045715e-07
20027,2024-07-09,0,None,0,None,0,None,True,0.77068424,0.22930549,8.391134e-06,5.134524e-07,8.4580387e-07,5.965418e-07
20027,2024-07-16,0,None,0,None,0,None,True,0.6214095,0.37857866,1.0604329e-05,1.8599981e-07,3.876769e-07,7.318194e-07
20027,2024-07-23,1,D0,0,None,0,None,False,0.59714127,0.40280986,4.3715452e-05,9.0399817e-07,1.2153968e-06,3.0547587e-06
20027,2024-07-30,2,D1,1,D0,1,D0,False,0.040755097,0.75121105,0.20799349,3.9981413e-05,1.2807169e-07,2.5215982e-07
20027,2024-08-06,2,D1,2,D1,2,D1,True,5.536526e-05,0.14182793,0.80458176,0.05353393,9.878438e-07,2.0066208e-08
20027,2024-08-13,2,D1,2,D1,2,D1,True,0.00035726253,0.103472084,0.78052187,0.11564129,7.2429507e-06,3.2213995e-07
20027,2024-08-20,1,D0,2,D1,2,D1,False,0.002378615,0.1674369,0.75890595,0.07125565,1.970983e-05,3.2257692e-06
20027,2024-08-27,1,D0,1,D0,1,D0,True,0.032113843,0.534511,0.43117025,0.0021971,1.6626157e-06,6.0335324e-06
20027,2024-09-03,2,D1,1,D0,1,D0,False,0.0182517,0.6060424,0.3744736,0.0012301429,7.4043203e-07,1.4591524e-06
20027,2024-09-10,2,D1,2,D1,2,D1,True,0.00012909964,0.03036853,0.6575291,0.31182757,0.00014377321,1.910551e-06
20027,2024-09-17,2,D1,2,D1,2,D1,True,0.0002419673,0.035276555,0.6605492,0.30383196,9.8576056e-05,1.6861667e-06
20027,2024-09-24,2,D1,2,D1,2,D1,True,0.0076668006,0.23593152,0.65272075,0.10341656,0.00023684537,2.7501528e-05
20027,2024-10-01,2,D1,3,D2,2,D1,True,2.9635107e-06,0.00075947563,0.49217263,0.5068553,0.00020964503,7.910092e-08
20027,2024-10-08,2,D1,2,D1,2,D1,True,4.5140573e-06,0.0023862745,0.53567874,0.46184137,8.9043104e-05,2.7230477e-08
20027,2024-10-15,2,D1,2,D1,2,D1,True,3.6202716e-06,0.0018071923,0.5232141,0.4746975,0.00027754594,6.279254e-08
20027,2024-10-22,2,D1,2,D1,2,D1,True,3.3475997e-06,0.0028968411,0.53741246,0.45952988,0.0001573856,1.7053244e-08
20027,2024-10-29,3,D2,3,D2,3,D2,True,7.693429e-08,2.6319153e-06,0.06150234,0.88906866,0.04942601,3.2894974e-07
20027,2024-11-05,2,D1,3,D2,3,D2,False,1.29793625e-05,0.0009792115,0.34745902,0.6409329,0.010615386,4.5390945e-07
20027,2024-11-12,2,D1,1,D0,1,D0,False,0.069965236,0.6743368,0.25434884,0.0013308143,1.2414245e-05,5.929436e-06
20027,2024-11-19,2,D1,2,D1,2,D1,True,0.0010538176,0.4036086,0.5834165,0.011920201,8.589646e-07,2.4411328e-08
20027,2024-11-26,2,D1,2,D1,2,D1,True,2.5430565e-05,0.13659573,0.7977278,0.06565035,6.997932e-07,7.007338e-10
20027,2024-12-03,2,D1,2,D1,2,D1,True,9.520367e-05,0.2153317,0.7487132,0.03585915,7.495225e-07,2.4612448e-09
20027,2024-12-10,2,D1,2,D1,2,D1,True,1.6964625e-05,0.08747548,0.8634636,0.04904349,5.2694094e-07,6.438976e-10
20027,2024-12-17,2,D1,2,D1,2,D1,True,1.070811e-05,0.048335228,0.8910267,0.060626708,6.864103e-07,3.8682615e-10
20027,2024-12-24,2,D1,2,D1,2,D1,True,6.5713907e-06,0.026603414,0.89234436,0.081044845,7.7886443e-07,1.7235045e-10
20027,2024-12-31,2,D1,2,D1,2,D1,True,3.1218533e-05,0.11181419,0.8694995,0.018654922,2.0681492e-07,1.909125e-10
20027,2025-01-07,2,D1,2,D1,2,D1,True,1.563166e-05,0.1316657,0.86093456,0.007384047,2.6845264e-08,2.0717887e-11
20027,2025-01-14,2,D1,2,D1,2,D1,True,3.758511e-05,0.21581957,0.78192145,0.0022214875,1.1803226e-08,5.885653e-11
20027,2025-01-21,2,D1,2,D1,2,D1,True,1.3787828e-05,0.19301026,0.8053534,0.0016224666,3.0107516e-09,8.904442e-12
20027,2025-01-28,2,D1,2,D1,2,D1,True,1.26257255e-05,0.1798983,0.81863844,0.0014506574,2.4215707e-09,8.481653e-12
20027,2025-02-04,2,D1,2,D1,2,D1,True,4.066454e-05,0.28009412,0.71895266,0.0009126469,2.756961e-09,3.838185e-11
20027,2025-02-11,2,D1,2,D1,2,D1,True,1.659249e-05,0.22048411,0.77709365,0.0024056598,4.9227458e-09,2.347961e-11
20027,2025-02-18,2,D1,2,D1,2,D1,True,4.1885593e-05,0.2885812,0.70983934,0.0015375922,5.114867e-09,5.1931504e-11
20027,2025-02-25,2,D1,2,D1,2,D1,True,8.095903e-06,0.13398418,0.85847443,0.0075332853,1.7470905e-08,1.6927123e-11
20027,2025-03-04,2,D1,2,D1,2,D1,True,1.2439418e-05,0.13777557,0.85157466,0.010637274,3.7107096e-08,4.158447e-11
20027,2025-03-11,2,D1,2,D1,2,D1,True,1.6971846e-05,0.12518945,0.85107887,0.023714505,1.4134856e-07,1.0859093e-10
20027,2025-03-18,2,D1,2,D1,2,D1,True,1.0368955e-05,0.04105312,0.82682294,0.13211231,1.220196e-06,2.0102515e-10
20027,2025-03-25,2,D1,2,D1,2,D1,True,8.4183295e-05,0.1791797,0.7923464,0.028389357,3.4068216e-07,7.436646e-10
20027,2025-04-01,2,D1,2,D1,2,D1,True,2.1740223e-05,0.09781763,0.8162586,0.08590143,6.203138e-07,2.4986752e-10
20027,2025-04-08,1,D0,2,D1,2,D1,False,3.9143735e-05,0.1304352,0.8271428,0.04238258,3.2157385e-07,3.2166753e-10
20027,2025-04-15,1,D0,2,D1,2,D1,False,0.0002940404,0.22934574,0.75268275,0.017676756,7.080698e-07,1.1187485e-08
20027,2025-04-22,1,D0,2,D1,2,D1,False,0.02442723,0.46258727,0.5116596,0.0013254181,3.19695e-07,1.9578172e-07
20027,2025-04-29,1,D0,1,D0,1,D0,True,0.1667724,0.59422386,0.23889032,0.000113074435,1.05416916e-07,2.3001114e-07
20027,2025-05-06,1,D0,1,D0,1,D0,True,0.2287499,0.7309271,0.040322494,3.9572234e-07,3.9388887e-10,1.3440054e-09
20027,2025-05-13,1,D0,1,D0,1,D0,True,0.0411467,0.6912712,0.26756003,2.211634e-05,1.0805397e-08,3.5554564e-08
20027,2025-05-20,1,D0,1,D0,1,D0,True,0.34807795,0.6395598,0.012361808,4.6524167e-07,4.4879584e-09,1.1510196e-08
20027,2025-05-27,1,D0,1,D0,1,D0,True,0.40456605,0.593473,0.0019608557,9.152723e-08,3.4878291e-09,6.009338e-09
20027,2025-06-03,1,D0,1,D0,1,D0,True,0.31534004,0.67318237,0.0114774285,1.5174253e-07,8.2558044e-10,1.6105361e-09
20027,2025-06-10,1,D0,1,D0,1,D0,True,0.398519,0.59906083,0.0024200424,1.2188718e-07,4.047252e-09,5.943013e-09
20027,2025-06-17,1,D0,1,D0,1,D0,True,0.27455902,0.68479735,0.04064243,1.2453631e-06,3.1953782e-09,5.795139e-09
20027,2025-06-24,2,D1,1,D0,1,D0,False,0.30585223,0.6792618,0.014885491,4.4989596e-07,1.6490295e-09,2.1106776e-09
20027,2025-07-01,2,D1,1,D0,1,D0,False,0.1182924,0.63735443,0.24424896,0.00010412343,5.740069e-08,7.848026e-08
20027,2025-07-08,2,D1,2,D1,1,D0,False,0.0056981705,0.49078923,0.50193083,0.0015817188,5.840693e-08,1.2753041e-08
20027,2025-07-15,1,D0,2,D1,2,D1,False,0.0018215452,0.3800951,0.6097704,0.008312568,3.9585842e-07,1.2203114e-08
20027,2025-07-22,1,D0,2,D1,1,D0,True,0.018911842,0.4666426,0.48272318,0.031669557,4.504468e-05,7.791997e-06
20027,2025-07-29,2,D1,2,D1,2,D1,True,0.019463627,0.40539065,0.5014135,0.07350859,0.0002047624,1.8762094e-05
20027,2025-08-05,2,D1,1,D0,1,D0,False,0.093484834,0.5505687,0.35515365,0.0007915663,4.838696e-07,7.3114757e-07
20027,2025-08-12,2,D1,2,D1,2,D1,True,0.009969406,0.4549872,0.5265215,0.00851858,2.7639182e-06,5.499693e-07
20027,2025-08-19,2,D1,2,D1,1,D0,False,0.005537587,0.48313102,0.50837475,0.0029562288,2.9079962e-07,8.5352774e-08
20027,2025-08-26,2,D1,1,D0,1,D0,False,0.026203595,0.5788746,0.39452845,0.0003932872,6.202867e-08,6.993572e-08
20027,2025-09-02,2,D1,1,D0,1,D0,False,0.1490048,0.5573791,0.29323548,0.00037878577,6.105816e-07,1.2040305e-06
20027,2025-09-09,2,D1,1,D0,1,D0,False,0.038991433,0.617734,0.34308264,0.00019178848,5.7301428e-08,6.8160524e-08
20027,2025-09-16,2,D1,1,D0,1,D0,False,0.0069572763,0.5413537,0.451025,0.00066393573,4.731446e-08,1.8000412e-08
20027,2025-09-23,2,D1,1,D0,1,D0,False,0.07442077,0.57879627,0.34637097,0.00041091992,4.4258863e-07,6.470203e-07
20027,2025-09-30,2,D1,1,D0,1,D0,False,0.020231383,0.5783616,0.4008892,0.00051767903,1.3007482e-07,8.833981e-08
20027,2025-10-07,2,D1,1,D0,1,D0,False,0.007176754,0.5437659,0.44793203,0.0011251194,1.767145e-07,3.1923463e-08
20027,2025-10-14,2,D1,2,D1,2,D1,True,0.0006527062,0.39165202,0.58408284,0.023610875,1.5265356e-06,9.142042e-09
20027,2025-10-21,2,D1,2,D1,2,D1,True,0.0014915797,0.44544128,0.5400447,0.013021335,1.1258127e-06,1.25022135e-08
20027,2025-10-28,2,D1,1,D0,1,D0,False,0.00729691,0.55906636,0.43000835,0.0036268216,1.4818706e-06,1.0154977e-07
20027,2025-11-04,2,D1,2,D1,2,D1,True,0.00015997425,0.37823138,0.6138265,0.007782081,1.2605612e-07,5.3828636e-10
20027,2025-11-11,2,D1,2,D1,2,D1,True,5.2731477e-05,0.29403362,0.6860764,0.019837052,1.6053812e-07,1.7039711e-10
20027,2025-11-18,2,D1,2,D1,2,D1,True,0.00014230428,0.33059475,0.6586504,0.010612407,1.3989424e-07,4.2817988e-10
20027,2025-11-25,2,D1,1,D0,1,D0,False,0.011739791,0.5264765,0.45915058,0.0026318803,1.2004169e-06,6.0408986e-08
20027,2025-12-02,1,D0,2,D1,2,D1,False,0.00029925414,0.41898093,0.57854,0.002179846,1.8674498e-08,2.3130914e-10
20027,2025-12-09,1,D0,1,D0,1,D0,True,0.06325136,0.8769716,0.059770364,6.737013e-06,2.7654457e-09,5.507176e-10
20027,2025-12-16,1,D0,1,D0,1,D0,True,0.09930803,0.8679563,0.0327337,2.023491e-06,2.4290103e-09,6.6859535e-10
20027,2025-12-23,1,D0,1,D0,1,D0,True,0.03148796,0.91402173,0.05448977,5.901351e-07,3.777283e-10,1.3101534e-10
20027,2025-12-30,1,D0,1,D0,1,D0,True,0.0024752312,0.79738057,0.20014244,1.6899339e-06,3.8033596e-10,1.3919008e-10
20029,2022-01-04,1,D0,1,D0,1,D0,True,0.00090898783,0.5979882,0.4010643,3.84597e-05,1.768263e-09,3.6591932e-10
20029,2022-01-11,1,D0,1,D0,1,D0,True,0.0004203978,0.5895514,0.41001028,1.7861792e-05,3.6281858e-10,8.457594e-11
20029,2022-01-18,1,D0,1,D0,1,D0,True,0.002127253,0.694439,0.30343056,3.1396105e-06,1.4320055e-10,8.317124e-11
20029,2022-01-25,1,D0,1,D0,1,D0,True,0.00068282423,0.6748869,0.32442844,1.8242042e-06,5.3246428e-11,4.040488e-11
20029,2022-02-01,1,D0,1,D0,1,D0,True,2.1660577e-05,0.52597743,0.47398522,1.5751852e-05,4.8170145e-11,1.10787005e-11
20029,2022-02-08,2,D1,1,D0,1,D0,False,0.00019316837,0.5606567,0.43913674,1.3353262e-05,8.2334514e-11,3.4773167e-11
20029,2022-02-15,2,D1,2,D1,2,D1,True,1.0488621e-06,0.06654428,0.8998266,0.03362802,1.1978454e-07,4.6092283e-11
20029,2022-02-22,3,D2,2,D1,2,D1,False,1.8549555e-06,0.039282605,0.8582102,0.10250495,3.5815492e-07,8.582124e-11
20029,2022-03-01,3,D2,3,D2,3,D2,True,5.6486375e-08,2.0240193e-06,0.07882932,0.9191596,0.002009003,5.4956537e-09
20029,2022-03-08,3,D2,3,D2,3,D2,True,1.0949915e-07,7.805065e-07,0.035843775,0.9621542,0.0020010376,1.13359935e-08
20029,2022-03-15,3,D2,3,D2,3,D2,True,5.8442447e-07,9.696092e-07,0.031180797,0.95001525,0.018801196,1.1700183e-06
20029,2022-03-22,3,D2,3,D2,3,D2,True,8.7761055e-06,0.0003458911,0.2071554,0.7917886,0.00070131314,5.827993e-08
20029,2022-03-29,3,D2,3,D2,3,D2,True,1.2002464e-05,7.433998e-05,0.105916366,0.88929117,0.004705432,7.349182e-07
20029,2022-04-05,3,D2,3,D2,3,D2,True,2.0584734e-05,6.863378e-05,0.116256386,0.86414826,0.019502629,3.4288262e-06
20029,2022-04-12,3,D2,3,D2,3,D2,True,1.5439862e-05,2.2512178e-05,0.074605204,0.8000511,0.12526767,3.8022376e-05
20029,2022-04-19,3,D2,3,D2,3,D2,True,1.1427866e-05,7.4984523e-06,0.026523901,0.6913188,0.2818464,0.00029195746
20029,2022-04-26,3,D2,3,D2,3,D2,True,4.517946e-05,0.00017300947,0.17742401,0.7589124,0.063430585,1.483295e-05
20029,2022-05-03,3,D2,3,D2,3,D2,True,7.776492e-05,0.011783758,0.42562854,0.56230134,0.00020857171,6.38082e-08
20029,2022-05-10,3,D2,3,D2,3,D2,True,7.129277e-05,0.017031264,0.43812555,0.5447026,6.922379e-05,1.5002872e-08
20029,2022-05-17,3,D2,3,D2,3,D2,True,2.2560787e-05,0.0021726044,0.31635717,0.68126,0.00018771015,1.2471702e-08
20029,2022-05-24,3,D2,2,D1,2,D1,False,0.00015822146,0.019749135,0.48994815,0.4896903,0.00045416038,4.8295437e-08
20029,2022-05-31,1,D0,2,D1,2,D1,False,0.00091335893,0.24555674,0.58734155,0.16618116,7.215166e-06,1.0503877e-08
20029,2022-06-07,0,None,1,D0,1,D0,False,0.27722842,0.7121387,0.010632578,2.5157053e-07,4.6711895e-10,1.210912e-09
20029,2022-06-14,0,None,0,None,0,None,True,0.75623816,0.24376132,5.786848e-07,1.4562715e-09,5.3027045e-09,4.5790265e-09
20029,2022-06-21,0,None,0,None,0,None,True,0.78864765,0.21135205,2.893218e-07,1.5489336e-09,6.096451e-09,6.4757644e-09
20029,2022-06-28,0,None,0,None,0,None,True,0.7711475,0.22885121,1.2797997e-06,4.5474398e-09,1.5123263e-08,2.818438e-08
20029,2022-07-05,0,None,0,None,0,None,True,0.7284497,0.27154815,2.1389692e-06,5.8782725e-09,1.67307e-08,3.3831903e-08
20029,2022-07-12,0,None,0,None,0,None,True,0.66537607,0.33461168,1.2170138e-05,1.7669361e-08,4.104099e-08,8.9078114e-08
20029,2022-07-19,0,None,0,None,0,None,True,0.60513705,0.39473575,0.00012618946,1.5676407e-07,2.22242e-07,6.1783413e-07
20029,2022-07-26,0,None,0,None,0,None,True,0.62353146,0.3763886,7.959845e-05,4.959939e-08,6.0534774e-08,1.8947968e-07
20029,2022-08-02,0,None,0,None,0,None,True,0.7381709,0.2617964,3.184731e-05,1.1275578e-07,2.1963004e-07,6.0402897e-07
20029,2022-08-09,0,None,0,None,0,None,True,0.7042985,0.29569712,4.1201247e-06,1.21028885e-08,4.6735543e-08,1.06315e-07
20029,2022-08-16,0,None,0,None,0,None,True,0.64094406,0.35901296,4.180566e-05,8.924201e-08,2.3205861e-07,8.813997e-07
20029,2022-08-23,0,None,0,None,0,None,True,0.66142863,0.33855134,1.9182953e-05,7.10906e-08,1.4370916e-07,6.7100177e-07
20029,2022-08-30,1,D0,0,None,0,None,False,0.68094814,0.31904593,5.7113193e-06,2.1945578e-08,5.700507e-08,2.170109e-07
20029,2022-09-06,1,D0,1,D0,1,D0,True,0.10502567,0.8386703,0.05630246,1.4305974e-06,2.8534217e-08,1.2213401e-07
20029,2022-09-13,1,D0,1,D0,1,D0,True,0.004363381,0.5959367,0.39958262,0.00011710613,6.2185485e-08,1.7012042e-07
20029,2022-09-20,1,D0,1,D0,1,D0,True,0.053908896,0.61881495,0.32716817,0.000106071944,2.574902e-07,1.6462889e-06
20029,2022-09-27,1,D0,1,D0,1,D0,True,0.059602156,0.69167805,0.24869843,2.063838e-05,1.0608318e-07,6.8531546e-07
20029,2022-10-04,1,D0,1,D0,1,D0,True,0.0021313538,0.5653855,0.43216223,0.00032039575,1.9062941e-07,3.4282192e-07
20029,2022-10-11,1,D0,1,D0,1,D0,True,0.011922215,0.605215,0.38270906,0.00015289006,1.5665559e-07,6.9590817e-07
20029,2022-10-18,1,D0,1,D0,1,D0,True,0.0131037515,0.64580584,0.34096122,0.00012805931,2.6247946e-07,8.4789883e-07
20029,2022-10-25,1,D0,1,D0,1,D0,True,0.022782985,0.7032594,0.27393347,2.3979277e-05,4.0774584e-08,1.8198507e-07
20029,2022-11-01,1,D0,1,D0,1,D0,True,0.010549404,0.7580906,0.23135279,6.962148e-06,2.661352e-08,1.4964917e-07
20029,2022-11-08,1,D0,1,D0,1,D0,True,0.27444685,0.7179181,0.007634943,6.566775e-08,4.3687174e-09,2.4948243e-09
20029,2022-11-15,1,D0,1,D0,1,D0,True,0.13247825,0.8521661,0.015355629,1.760498e-08,4.5429407e-10,3.7926287e-10
20029,2022-11-22,1,D0,1,D0,1,D0,True,0.0035739525,0.8640388,0.13238704,2.5130117e-07,2.3086404e-10,3.5860806e-10
20029,2022-11-29,1,D0,1,D0,1,D0,True,0.15177669,0.8304803,0.01774302,1.8095193e-08,2.720638e-10,3.0926398e-10
20029,2022-12-06,1,D0,1,D0,1,D0,True,0.057456568,0.917304,0.025239442,9.644721e-09,1.0030693e-10,1.4260108e-10
20029,2022-12-13,1,D0,1,D0,1,D0,True,0.005086976,0.8121581,0.18275368,1.2161638e-06,2.394597e-09,3.947496e-09
20029,2022-12-20,1,D0,1,D0,1,D0,True,0.043210138,0.90849936,0.04829038,1.302406e-07,7.3718687e-10,1.0995603e-09
20029,2022-12-27,1,D0,1,D0,1,D0,True,0.009297059,0.86247283,0.12822974,4.090754e-07,3.8607104e-10,7.5283574e-10
20029,2023-01-03,1,D0,1,D0,1,D0,True,0.109394215,0.8739064,0.016699413,2.2339567e-08,1.0681569e-10,1.6867084e-10
20029,2023-01-10,1,D0,1,D0,1,D0,True,0.0057063363,0.8729184,0.12137506,1.8730752e-07,1.4743756e-10,3.8185904e-10
20029,2023-01-17,1,D0,1,D0,1,D0,True,0.018487478,0.8559736,0.12553859,3.3293023e-07,1.4321233e-10,5.195345e-10
20029,2023-01-24,1,D0,1,D0,1,D0,True,0.13410343,0.8498892,0.016007353,2.3848461e-08,7.7560666e-11,1.6806535e-10
20029,2023-01-31,1,D0,1,D0,1,D0,True,0.07834097,0.87725806,0.044400897,5.423715e-08,1.01814265e-10,3.478325e-10
20029,2023-02-07,1,D0,1,D0,1,D0,True,0.0006234932,0.67348707,0.3258838,5.592043e-06,7.0954403e-10,9.803995e-10
20029,2023-02-14,1,D0,1,D0,1,D0,True,0.003936641,0.70409626,0.29195985,7.2110315e-06,1.0083322e-09,3.4786483e-09
20029,2023-02-21,1,D0,1,D0,1,D0,True,0.13274167,0.8360778,0.031180434,1.0488948e-07,7.5321366e-10,2.9553895e-09
20029,2023-02-28,1,D0,1,D0,1,D0,True,0.033430867,0.85999626,0.10657227,5.9599233e-07,1.4458365e-09,5.9190204e-09
20029,2023-03-07,1,D0,1,D0,1,D0,True,0.010473728,0.8010195,0.18850358,3.1326263e-06,1.6443931e-09,5.6903575e-09
20029,2023-03-14,1,D0,1,D0,1,D0,True,0.0032399793,0.6437777,0.352948,3.422842e-05,5.703259e-09,1.2889934e-08
20029,2023-03-21,1,D0,1,D0,1,D0,True,0.001314006,0.6067548,0.39188787,4.3327498e-05,3.0318805e-09,6.0915037e-09
20029,2023-03-28,1,D0,1,D0,1,D0,True,0.002836054,0.62238175,0.37473097,5.126075e-05,8.926929e-09,2.521682e-08
20029,2023-04-04,1,D0,1,D0,1,D0,True,0.0002936943,0.5205648,0.47869948,0.00044194123,2.7345855e-08,1.0809758e-08
20029,2023-04-11,2,D1,2,D1,2,D1,True,0.00041966324,0.47085613,0.52619076,0.0025329387,3.7642326e-07,9.196532e-08
20029,2023-04-18,2,D1,2,D1,2,D1,True,8.7186305e-07,0.0014163237,0.60372096,0.39479256,6.929514e-05,4.7439586e-09
20029,2023-04-25,2,D1,2,D1,2,D1,True,5.7322635e-05,0.034609597,0.7128225,0.2524518,5.877352e-05,4.229316e-08
20029,2023-05-02,2,D1,2,D1,2,D1,True,0.00024686474,0.105241664,0.6930836,0.2013155,0.00011222521,1.5036356e-07
20029,2023-05-09,2,D1,2,D1,2,D1,True,3.0546466e-06,0.0072219637,0.7030984,0.28966376,1.2769361e-05,1.0009309e-09
20029,2023-05-16,1,D0,2,D1,2,D1,False,0.0050057927,0.2996479,0.686431,0.008912504,2.7235376e-06,1.5421021e-07
20029,2023-05-23,1,D0,1,D0,1,D0,True,0.30096504,0.6659808,0.033052493,1.6783728e-06,5.555081e-09,1.2387151e-08
20029,2023-05-30,1,D0,1,D0,1,D0,True,0.17839037,0.7306754,0.09093189,2.3775806e-06,2.4843572e-09,1.19935155e-08
20029,2023-06-06,1,D0,1,D0,1,D0,True,0.320514,0.61009586,0.069380395,9.3936105e-06,5.805709e-08,3.556462e-07
20029,2023-06-13,1,D0,1,D0,1,D0,True,0.28226405,0.66775787,0.049977135,9.168746e-07,2.4389426e-09,1.3125233e-08
20029,2023-06-20,2,D1,1,D0,1,D0,False,0.2049701,0.6352812,0.15973717,1.1414472e-05,1.4613409e-08,6.588968e-08
20029,2023-06-27,2,D1,2,D1,2,D1,True,3.8019378e-05,0.030742915,0.6259352,0.34323645,4.7411595e-05,3.8995676e-08
20029,2023-07-04,2,D1,2,D1,2,D1,True,0.0004087065,0.13142145,0.80312985,0.065032326,7.545522e-06,4.524294e-08
20029,2023-07-11,2,D1,2,D1,2,D1,True,0.0020937035,0.26298213,0.68657166,0.04833944,1.2769913e-05,2.572204e-07
20029,2023-07-18,2,D1,2,D1,2,D1,True,0.00019100799,0.10626354,0.7387192,0.15481153,1.4708281e-05,2.9355046e-08
20029,2023-07-25,2,D1,2,D1,2,D1,True,0.00018169607,0.06970098,0.6586128,0.27145025,5.4340973e-05,2.2628381e-08
20029,2023-08-01,2,D1,2,D1,2,D1,True,6.9156005e-05,0.025949901,0.6060899,0.36775392,0.00013704934,3.326907e-08
20029,2023-08-08,2,D1,2,D1,2,D1,True,0.00067828054,0.18986793,0.7267543,0.0826866,1.2788812e-05,4.0995232e-08
20029,2023-08-15,2,D1,2,D1,2,D1,True,0.0008365524,0.15296319,0.61127216,0.2348226,0.000105258354,1.4318515e-07
20029,2023-08-22,2,D1,2,D1,2,D1,True,1.6577438e-05,0.004519143,0.5408232,0.4544916,0.00014949418,2.794027e-08
20029,2023-08-29,2,D1,2,D1,2,D1,True,5.6554487e-05,0.005377683,0.5163636,0.47678646,0.0014147201,9.249818e-07
20029,2023-09-05,2,D1,3,D2,3,D2,False,0.00011850588,0.0031267733,0.46506882,0.5223574,0.009309394,1.9087212e-05
20029,2023-09-12,2,D1,3,D2,3,D2,False,9.678225e-05,0.003810797,0.4334412,0.55782133,0.004823137,6.6725383e-06
20029,2023-09-19,2,D1,3,D2,3,D2,False,4.897452e-05,0.00045867712,0.2359068,0.72474706,0.038798444,4.0091105e-05
20029,2023-09-26,2,D1,3,D2,3,D2,False,8.866509e-05,0.004197614,0.39242378,0.5992565,0.0040306062,2.7848603e-06
20029,2023-10-03,2,D1,3,D2,3,D2,False,1.124065e-05,8.9592e-05,0.16107526,0.8196718,0.019147668,4.3625178e-06
20029,2023-10-10,2,D1,3,D2,3,D2,False,1.4309262e-06,1.0370879e-06,0.010103996,0.67126644,0.3185818,4.528093e-05
20029,2023-10-17,2,D1,3,D2,3,D2,False,1.0034274e-06,5.7125396e-07,0.008718761,0.6089655,0.38229433,1.990125e-05
20029,2023-10-24,2,D1,3,D2,3,D2,False,5.2091227e-06,4.0463015e-06,0.013912103,0.61934465,0.36655325,0.0001807331
20029,2023-10-31,2,D1,3,D2,3,D2,False,5.6992198e-05,0.0040458892,0.4003138,0.5940959,0.0014862741,1.152634e-06
20029,2023-11-07,2,D1,3,D2,3,D2,False,1.4787406e-06,3.45728e-05,0.19255072,0.8058297,0.0015834862,9.7521045e-08
20029,2023-11-14,3,D2,3,D2,3,D2,True,3.4356972e-06,0.0002770383,0.3687092,0.6306022,0.00040806338,5.582684e-08
20029,2023-11-21,3,D2,3,D2,3,D2,True,1.4942711e-06,2.1547166e-05,0.1600739,0.83042634,0.009476651,9.6140276e-08
20029,2023-11-28,3,D2,3,D2,3,D2,True,1.4448929e-07,2.7300334e-06,0.09593002,0.9021587,0.0019084777,4.6953046e-09
20029,2023-12-05,3,D2,3,D2,3,D2,True,1.5883607e-07,4.299313e-06,0.12105105,0.87766194,0.0012825046,3.059036e-09
20029,2023-12-12,3,D2,3,D2,3,D2,True,1.1779813e-07,2.7432243e-06,0.11384357,0.88506323,0.0010903197,3.4278713e-09
20029,2023-12-19,3,D2,3,D2,3,D2,True,1.4686614e-05,0.0040890905,0.46187297,0.5339177,0.000105444036,8.639782e-09
20029,2023-12-26,3,D2,3,D2,3,D2,True,1.0318456e-05,0.0034678418,0.4783427,0.51810217,7.696432e-05,3.5059278e-09
20029,2024-01-02,3,D2,3,D2,3,D2,True,3.16896e-07,0.00015276765,0.37458518,0.6252322,2.9465515e-05,2.0880779e-10
20029,2024-01-09,3,D2,3,D2,3,D2,True,7.753642e-06,0.0022158963,0.47470757,0.5229845,8.416095e-05,3.6664838e-09
20029,2024-01-16,3,D2,3,D2,3,D2,True,3.267846e-07,0.0001028332,0.34994707,0.6498914,5.8415942e-05,1.92906e-10
20029,2024-01-23,2,D1,3,D2,3,D2,False,5.2200545e-07,0.00017901268,0.39538828,0.6043953,3.6890942e-05,2.050921e-10
20029,2024-01-30,2,D1,2,D1,2,D1,True,1.5948677e-05,0.06608501,0.9025699,0.031328745,3.776566e-07,3.3566877e-10
20029,2024-02-06,2,D1,2,D1,2,D1,True,8.5479194e-05,0.2395646,0.7551597,0.005190091,8.940122e-08,9.016928e-10
20029,2024-02-13,2,D1,2,D1,2,D1,True,3.4449597e-06,0.061637074,0.9269978,0.011361708,1.3845193e-08,1.14267614e-11
20029,2024-02-20,2,D1,2,D1,2,D1,True,4.5901024e-06,0.058137856,0.9277999,0.014057599,2.3175742e-08,2.666699e-11
20029,2024-02-27,2,D1,2,D1,2,D1,True,1.1725571e-05,0.0662349,0.91167414,0.02207917,1.1375288e-07,1.8961796e-10
20029,2024-03-05,2,D1,2,D1,2,D1,True,2.098766e-05,0.11299466,0.87296945,0.014014898,7.471735e-08,2.103285e-10
20029,2024-03-12,2,D1,2,D1,2,D1,True,5.4181568e-05,0.23162532,0.76189613,0.006424352,5.0431133e-08,5.2750515e-10
20029,2024-03-19,2,D1,2,D1,2,D1,True,4.9396236e-05,0.19923122,0.7883882,0.0123310825,1.12314375e-07,7.945543e-10
20029,2024-03-26,2,D1,2,D1,2,D1,True,7.0611735e-05,0.23544767,0.75146526,0.013016351,1.3841787e-07,1.0808736e-09
20029,2024-04-02,2,D1,2,D1,2,D1,True,1.5731115e-05,0.052299995,0.81691504,0.130767,2.3261491e-06,1.6208183e-09
20029,2024-04-09,2,D1,2,D1,2,D1,True,8.553653e-06,0.019957962,0.75596637,0.22406371,3.4162588e-06,7.691135e-10
20029,2024-04-16,2,D1,2,D1,2,D1,True,9.977709e-06,0.013762449,0.72399926,0.2622212,7.068741e-06,2.294281e-09
20029,2024-04-23,3,D2,2,D1,2,D1,False,2.8271861e-05,0.043906014,0.73535,0.22071072,4.9553273e-06,4.075234e-09
20029,2024-04-30,2,D1,2,D1,2,D1,True,0.00036916448,0.13771453,0.58664817,0.27516285,0.00010502751,2.5075758e-07
20029,2024-05-07,1,D0,1,D0,1,D0,True,0.10024602,0.56818146,0.33053717,0.0010322668,1.0870039e-06,2.0714212e-06
20029,2024-05-14,1,D0,1,D0,1,D0,True,0.28644666,0.69964904,0.01390385,4.4497722e-07,1.7548818e-09,4.071344e-09
20029,2024-05-21,1,D0,1,D0,1,D0,True,0.3252321,0.66377944,0.0109875435,9.3018167e-07,7.497714e-09,1.2281593e-08
20029,2024-05-28,1,D0,1,D0,1,D0,True,0.31798223,0.67921853,0.002799167,6.1803476e-08,6.586761e-10,9.275581e-10
20029,2024-06-04,1,D0,1,D0,1,D0,True,0.35736132,0.64068824,0.0019502988,1.3586988e-07,2.918701e-09,3.7349346e-09
20029,2024-06-11,0,None,1,D0,1,D0,False,0.3547252,0.64156806,0.003706354,3.7615362e-07,6.8631847e-09,7.962541e-09
20029,2024-06-18,0,None,1,D0,0,None,True,0.4884232,0.51142985,0.00014680116,1.4870585e-07,3.7664332e-08,3.708634e-08
20029,2024-06-25,0,None,0,None,0,None,True,0.7256978,0.2742948,6.2142485e-06,2.5072006e-07,7.0595087e-07,2.851021e-07
20029,2024-07-02,0,None,0,None,0,None,True,0.7169831,0.28300062,1.3659452e-05,5.2183515e-07,1.2248662e-06,9.1835585e-07
20029,2024-07-09,0,None,0,None,0,None,True,0.7198354,0.28014946,1.2145297e-05,5.0463007e-07,1.1542219e-06,1.4020936e-06
20029,2024-07-16,0,None,0,None,0,None,True,0.6161925,0.38379434,1.164071e-05,1.6381703e-07,4.3905155e-07,1.0301031e-06
20029,2024-07-23,1,D0,0,None,0,None,False,0.5956959,0.40425488,4.348804e-05,7.701889e-07,1.376563e-06,3.6291722e-06
20029,2024-07-30,2,D1,1,D0,1,D0,False,0.02474186,0.7455516,0.22967374,3.2487158e-05,8.690926e-08,1.9087798e-07
20029,2024-08-06,2,D1,2,D1,2,D1,True,1.8743409e-05,0.031777997,0.7941566,0.17404316,3.3753722e-06,4.6358114e-08
20029,2024-08-13,2,D1,2,D1,2,D1,True,4.320825e-05,0.021341998,0.7192642,0.25934488,5.633535e-06,5.8881387e-08
20029,2024-08-20,2,D1,2,D1,2,D1,True,0.00022355578,0.049962964,0.73517346,0.21462823,1.1541918e-05,2.1316211e-07
20029,2024-08-27,2,D1,3,D2,3,D2,False,3.5199532e-06,0.00018554722,0.38327506,0.61562175,0.00091391196,2.0764364e-07
20029,2024-09-03,2,D1,3,D2,3,D2,False,1.1909746e-05,6.8383866e-05,0.25582775,0.7230027,0.021083731,5.5962496e-06
20029,2024-09-10,2,D1,3,D2,3,D2,False,2.3824796e-05,3.6589947e-05,0.11009836,0.6278615,0.26166633,0.00031329785
20029,2024-09-17,2,D1,3,D2,3,D2,False,5.6763307e-05,0.00016936728,0.14325184,0.59819335,0.25790197,0.00042663448
20029,2024-09-24,2,D1,3,D2,3,D2,False,6.673985e-05,0.0040872023,0.420444,0.57032186,0.0050792512,9.782691e-07
20029,2024-10-01,2,D1,3,D2,3,D2,False,7.2438597e-06,0.00040771594,0.32838473,0.6655146,0.005685199,4.5310927e-07
20029,2024-10-08,2,D1,3,D2,3,D2,False,2.737732e-06,0.00018110772,0.2907799,0.7024423,0.0065939208,1.2354803e-07
20029,2024-10-15,3,D2,3,D2,3,D2,True,9.658698e-07,9.3111585e-06,0.031587146,0.61109316,0.35729098,1.8465922e-05
20029,2024-10-22,3,D2,3,D2,3,D2,True,8.940975e-10,1.0167576e-09,0.0005450685,0.59411716,0.4053371,7.220988e-07
20029,2024-10-29,3,D2,3,D2,3,D2,True,3.1919654e-09,2.5284936e-09,0.0003801242,0.5275426,0.47207502,2.2711238e-06
20029,2024-11-05,2,D1,3,D2,3,D2,False,1.0715261e-05,0.0017201733,0.355266,0.6403531,0.0026499745,8.365116e-08
20029,2024-11-12,2,D1,1,D0,1,D0,False,0.024823897,0.5573032,0.4104846,0.0073668654,1.8644008e-05,2.7637368e-06
20029,2024-11-19,2,D1,2,D1,2,D1,True,0.0006225038,0.34123945,0.61933935,0.038795687,2.9647847e-06,1.4250014e-08
20029,2024-11-26,2,D1,2,D1,2,D1,True,4.2634038e-05,0.18261598,0.79184335,0.02549776,2.1843721e-07,2.1781843e-10
20029,2024-12-03,2,D1,2,D1,2,D1,True,6.149584e-05,0.22115459,0.7683184,0.010465334,1.1010832e-07,2.6749383e-10
20029,2024-12-10,2,D1,2,D1,2,D1,True,1.2361139e-05,0.11408202,0.872723,0.013182638,5.415235e-08,4.259428e-11
20029,2024-12-17,2,D1,2,D1,2,D1,True,8.748519e-06,0.07771002,0.90533364,0.016947515,7.060195e-08,3.6273668e-11
20029,2024-12-24,2,D1,2,D1,2,D1,True,5.589554e-06,0.049590793,0.9196676,0.030735957,1.02909155e-07,2.0518186e-11
20029,2024-12-31,2,D1,2,D1,2,D1,True,1.5945701e-05,0.12147544,0.8705083,0.008000232,3.0674748e-08,2.852698e-11
20029,2025-01-07,2,D1,2,D1,2,D1,True,1.1229713e-05,0.13374972,0.86151195,0.004727174,9.627885e-09,8.748537e-12
20029,2025-01-14,2,D1,2,D1,2,D1,True,2.744084e-06,0.071644194,0.9226662,0.0056868186,5.3744773e-09,2.1122008e-12
20029,2025-01-21,2,D1,2,D1,2,D1,True,2.666067e-06,0.06584768,0.9281377,0.0060119205,6.3776513e-09,2.134711e-12
20029,2025-01-28,2,D1,2,D1,2,D1,True,2.9919358e-06,0.06063594,0.9327306,0.006630486,8.139019e-09,3.383944e-12
20029,2025-02-04,2,D1,2,D1,2,D1,True,8.078486e-06,0.11704687,0.8794781,0.0034669659,5.6977556e-09,6.6243695e-12
20029,2025-02-11,2,D1,2,D1,2,D1,True,3.38976e-06,0.06186892,0.9258062,0.012321405,1.7879927e-08,5.483056e-12
20029,2025-02-18,2,D1,2,D1,2,D1,True,1.04133505e-05,0.14123671,0.85439533,0.0043575307,8.478012e-09,9.433678e-12
20029,2025-02-25,2,D1,2,D1,2,D1,True,3.0016486e-06,0.05033777,0.9261019,0.02355719,4.1423228e-08,8.2004134e-12
20029,2025-03-04,2,D1,2,D1,2,D1,True,5.163354e-06,0.06350083,0.9101928,0.026301218,5.6098692e-08,1.4441207e-11
20029,2025-03-11,2,D1,2,D1,2,D1,True,8.609399e-06,0.07006238,0.88387793,0.04605094,1.7464657e-07,4.6456193e-11
20029,2025-03-18,2,D1,2,D1,2,D1,True,6.255065e-06,0.026516587,0.81704026,0.15643579,1.1876884e-06,1.2027661e-10
20029,2025-03-25,2,D1,2,D1,2,D1,True,3.2056236e-05,0.11507494,0.8406616,0.04423098,3.826383e-07,2.6668587e-10
20029,2025-04-01,2,D1,2,D1,2,D1,True,3.827904e-05,0.13057472,0.8291045,0.040282194,3.8927328e-07,5.081947e-10
20029,2025-04-08,2,D1,2,D1,2,D1,True,0.00011515613,0.21570455,0.7702208,0.013959324,1.8793254e-07,1.4466967e-09
20029,2025-04-15,2,D1,2,D1,2,D1,True,1.1808911e-05,0.02802096,0.8164866,0.1554791,1.5160463e-06,8.6472324e-10
20029,2025-04-22,2,D1,2,D1,2,D1,True,0.0011246995,0.3210313,0.67147833,0.006365573,1.13971204e-07,1.2134271e-08
20029,2025-04-29,2,D1,2,D1,2,D1,True,0.0018355452,0.40394753,0.59022874,0.0039879344,1.4015937e-07,3.9708635e-08
20029,2025-05-06,2,D1,1,D0,1,D0,False,0.01934586,0.5734575,0.40700868,0.00018787585,2.1743425e-08,1.14676915e-07
20029,2025-05-13,2,D1,2,D1,2,D1,True,0.0029688906,0.47091585,0.5220742,0.0040400424,5.730019e-07,3.616161e-07
20029,2025-05-20,2,D1,1,D0,1,D0,False,0.08013071,0.6027622,0.31683663,0.0002693107,2.1396743e-07,9.157157e-07
20029,2025-05-27,2,D1,1,D0,1,D0,False,0.21950991,0.5797814,0.20063414,7.3460076e-05,2.3165686e-07,8.5927286e-07
20029,2025-06-03,2,D1,1,D0,1,D0,False,0.02788906,0.62044686,0.35158098,8.316633e-05,9.01437e-09,2.6347855e-08
20029,2025-06-10,2,D1,1,D0,1,D0,False,0.091667555,0.55443203,0.35345396,0.00044488953,3.835391e-07,1.2157756e-06
20029,2025-06-17,2,D1,2,D1,2,D1,True,0.0005090358,0.3297766,0.6628055,0.006908792,9.234039e-08,5.4321685e-09
20029,2025-06-24,2,D1,1,D0,1,D0,False,0.018170698,0.514473,0.46592686,0.00142905,1.741149e-07,1.5335883e-07
20029,2025-07-01,2,D1,2,D1,2,D1,True,0.0038314639,0.44873238,0.5436147,0.003821188,2.3699982e-07,4.807965e-08
20029,2025-07-08,2,D1,2,D1,2,D1,True,0.0030965223,0.4608224,0.5336539,0.0024271177,8.728143e-08,2.7565681e-08
20029,2025-07-15,2,D1,2,D1,2,D1,True,0.0019437068,0.41644302,0.5752602,0.006352743,3.2402477e-07,4.50013e-08
20029,2025-07-22,2,D1,1,D0,1,D0,False,0.05277274,0.5339955,0.41102406,0.0022008554,1.8150796e-06,5.017636e-06
20029,2025-07-29,1,D0,1,D0,1,D0,True,0.10241397,0.5468061,0.3487475,0.002016335,3.5152743e-06,1.259291e-05
20029,2025-08-05,1,D0,1,D0,1,D0,True,0.29848856,0.65794957,0.043555338,6.3644125e-06,4.672464e-08,2.4750545e-07
20029,2025-08-12,1,D0,1,D0,1,D0,True,0.31451473,0.64399743,0.041471295,1.4721769e-05,3.1360162e-07,1.552708e-06
20029,2025-08-19,1,D0,1,D0,1,D0,True,0.24633937,0.71068066,0.04297769,2.0999435e-06,2.983244e-08,1.8863817e-07
20029,2025-08-26,1,D0,1,D0,1,D0,True,0.26034087,0.71178156,0.027877074,4.8372317e-07,5.03984e-09,3.041953e-08
20029,2025-09-02,1,D0,1,D0,1,D0,True,0.36285523,0.6327762,0.004367344,8.7478645e-07,6.857635e-08,1.8985202e-07
20029,2025-09-09,1,D0,1,D0,1,D0,True,0.28239527,0.6894125,0.028190963,1.3268509e-06,9.539792e-09,1.88667e-08
20029,2025-09-16,2,D1,1,D0,1,D0,False,0.22738105,0.670966,0.10164314,9.708049e-06,2.201431e-08,4.5812765e-08
20029,2025-09-23,2,D1,1,D0,1,D0,False,0.3194701,0.5840089,0.096398935,0.00011985231,8.660749e-07,1.3005503e-06
20029,2025-09-30,2,D1,1,D0,1,D0,False,0.2112316,0.6195515,0.16892794,0.00028712783,7.850611e-07,1.0579566e-06
20029,2025-10-07,1,D0,1,D0,1,D0,True,0.058160774,0.65346503,0.28731245,0.0010601883,1.1715182e-06,3.6205893e-07
20029,2025-10-14,1,D0,1,D0,1,D0,True,0.09480426,0.72396296,0.18068057,0.0005504298,1.4036206e-06,3.5720356e-07
20029,2025-10-21,1,D0,1,D0,1,D0,True,0.16904618,0.76364774,0.06725357,5.2278963e-05,2.2288296e-07,3.4041115e-08
20029,2025-10-28,1,D0,1,D0,1,D0,True,0.30114105,0.6831279,0.01572245,8.47661e-06,1.2531285e-07,1.5256145e-08
20029,2025-11-04,1,D0,1,D0,1,D0,True,0.026419254,0.81744945,0.15610778,2.352194e-05,3.5020005e-08,7.620308e-09
20029,2025-11-11,1,D0,1,D0,1,D0,True,0.0038464363,0.64800936,0.34808713,5.7111465e-05,1.0484257e-08,2.0114364e-09
20029,2025-11-18,1,D0,1,D0,1,D0,True,0.016198846,0.7641087,0.21968102,1.1420304e-05,3.0284768e-09,1.1561337e-09
20029,2025-11-25,0,None,1,D0,1,D0,False,0.37275192,0.62305254,0.004194941,6.117093e-07,1.0997218e-08,1.4601573e-09
20029,2025-12-02,0,None,0,None,0,None,True,0.5903263,0.4095604,0.00011317117,1.0323548e-07,1.4575114e-08,9.2929764e-10
20029,2025-12-09,0,None,1,D0,1,D0,False,0.37898234,0.6198638,0.0011536718,1.2281328e-07,3.941897e-09,4.94764e-10
20029,2025-12-16,0,None,0,None,0,None,True,0.60819083,0.3917256,8.315408e-05,2.0183043e-07,1.4965373e-07,1.0365542e-08
20029,2025-12-23,0,None,0,None,0,None,True,0.5369809,0.46291485,0.00010412545,4.707707e-08,2.4127583e-08,2.6055902e-09
20029,2025-12-30,0,None,1,D0,1,D0,False,0.42265916,0.5765914,0.00074921874,1.5611636e-07,3.6739763e-08,7.68225e-09
20031,2022-01-04,0,None,0,None,0,None,True,0.71294034,0.28703493,2.3154922e-05,8.73971e-07,6.6265e-07,8.2971624e-08
20031,2022-01-11,0,None,0,None,0,None,True,0.6893305,0.31065166,1.6853232e-05,4.873344e-07,4.0563043e-07,8.469869e-08
20031,2022-01-18,0,None,0,None,0,None,True,0.67241305,0.32758015,6.3719053e-06,1.788929e-07,2.6900938e-07,1.0788105e-07
20031,2022-01-25,0,None,0,None,0,None,True,0.63967973,0.36031738,2.667577e-06,4.345256e-08,1.126137e-07,1.1277006e-07
20031,2022-02-01,0,None,1,D0,1,D0,False,0.44884974,0.55095905,0.00019106326,6.7130394e-08,5.0405284e-08,8.8793165e-08
20031,2022-02-08,0,None,1,D0,1,D0,False,0.44533277,0.55383885,0.0008274279,4.3602876e-07,1.2110311e-07,3.792101e-07
20031,2022-02-15,0,None,1,D0,1,D0,False,0.4436139,0.55578303,0.0006023251,2.4700734e-07,1.061633e-07,3.7845587e-07
20031,2022-02-22,0,None,1,D0,1,D0,False,0.46460128,0.5350615,0.00033581865,3.9906175e-07,2.3388591e-07,7.517456e-07
20031,2022-03-01,1,D0,1,D0,1,D0,True,0.44217634,0.5576612,0.00016226998,6.283303e-08,5.242232e-08,1.634453e-07
20031,2022-03-08,1,D0,1,D0,1,D0,True,0.0036500585,0.754267,0.24207902,3.9558468e-06,6.189769e-10,2.4293234e-09
20031,2022-03-15,1,D0,1,D0,1,D0,True,0.0024016872,0.58615994,0.4113921,4.618732e-05,2.0364488e-09,6.474526e-09
20031,2022-03-22,0,None,1,D0,1,D0,False,0.17050405,0.7556755,0.073818296,2.199528e-06,3.9263637e-09,1.1926029e-08
20031,2022-03-29,0,None,0,None,0,None,True,0.80747753,0.1925219,3.8313843e-07,1.6237182e-08,8.503471e-08,4.56672e-08
20031,2022-04-05,0,None,0,None,0,None,True,0.70149666,0.2984992,3.2014882e-06,1.5415758e-07,5.281738e-07,2.9804815e-07
20031,2022-04-12,0,None,0,None,0,None,True,0.62299,0.3769848,2.138079e-05,6.956101e-07,1.5039501e-06,1.542571e-06
20031,2022-04-19,0,None,0,None,0,None,True,0.55143493,0.44852078,4.254564e-05,2.6380707e-07,6.1388295e-07,8.942386e-07
20031,2022-04-26,0,None,0,None,0,None,True,0.54211503,0.45778048,0.00010213134,4.6685253e-07,7.3075216e-07,1.2244731e-06
20031,2022-05-03,0,None,0,None,0,None,True,0.6966236,0.30334783,2.502777e-05,6.1306844e-07,1.177313e-06,1.7249805e-06
20031,2022-05-10,0,None,0,None,0,None,True,0.77335674,0.22663559,6.0536895e-06,2.9604553e-07,6.484681e-07,6.838837e-07
20031,2022-05-17,0,None,0,None,0,None,True,0.70932734,0.29066846,3.515957e-06,1.0507644e-07,2.917877e-07,2.8641566e-07
20031,2022-05-24,0,None,0,None,0,None,True,0.6415905,0.3583666,3.986591e-05,5.833179e-07,1.2481946e-06,1.245391e-06
20031,2022-05-31,0,None,0,None,0,None,True,0.774041,0.22590858,4.182951e-05,2.0261768e-06,4.7422486e-06,1.9383392e-06
20031,2022-06-07,0,None,0,None,0,None,True,0.82384425,0.17613909,1.2335074e-05,9.2988125e-07,2.3315342e-06,9.779762e-07
20031,2022-06-14,0,None,0,None,0,None,True,0.8027471,0.19724463,5.4450825e-06,4.825615e-07,1.6311259e-06,7.602959e-07
20031,2022-06-21,0,None,0,None,0,None,True,0.7233554,0.2766229,1.6268847e-05,9.02072e-07,2.797743e-06,1.7223282e-06
20031,2022-06-28,0,None,0,None,0,None,True,0.71825945,0.28170115,3.520151e-05,8.2665383e-07,1.9619076e-06,1.4446318e-06
20031,2022-07-05,0,None,0,None,0,None,True,0.67165613,0.32833108,1.1321071e-05,2.2310408e-07,7.2591195e-07,6.0218974e-07
20031,2022-07-12,0,None,0,None,0,None,True,0.6029585,0.39697793,5.934123e-05,6.8157334e-07,1.761314e-06,1.787444e-06
20031,2022-07-19,1,D0,0,None,0,None,False,0.57391936,0.4259239,0.00013755324,2.527765e-06,7.313047e-06,9.255965e-06
20031,2022-07-26,2,D1,1,D0,1,D0,False,0.029637514,0.70680183,0.263456,0.00010458681,9.0716064e-08,1.1608152e-07
20031,2022-08-02,2,D1,2,D1,2,D1,True,0.011122101,0.3940369,0.5519608,0.042815987,5.5967525e-05,8.223873e-06
20031,2022-08-09,2,D1,2,D1,2,D1,True,5.852332e-05,0.0057450687,0.5258389,0.467975,0.0003814512,1.073234e-06
20031,2022-08-16,2,D1,2,D1,2,D1,True,0.000104660845,0.015320932,0.58447295,0.39997703,0.00012370518,7.509757e-07
20031,2022-08-23,2,D1,3,D2,3,D2,False,0.00015697126,0.0009414181,0.3458184,0.5830948,0.06976718,0.00022118982
20031,2022-08-30,1,D0,3,D2,3,D2,False,0.00017545518,0.0009849304,0.32459363,0.6385524,0.035661526,3.199002e-05
20031,2022-09-06,1,D0,2,D1,2,D1,False,0.0016509028,0.07389052,0.58410704,0.33999127,0.0003471689,1.30798835e-05
20031,2022-09-13,1,D0,2,D1,2,D1,False,0.0003050073,0.02706582,0.56448245,0.40789223,0.00024819942,6.304825e-06
20031,2022-09-20,2,D1,2,D1,2,D1,True,0.00431449,0.23049954,0.66343325,0.1016985,4.8334376e-05,5.86126e-06
20031,2022-09-27,2,D1,3,D2,3,D2,False,8.558377e-06,0.00096404535,0.4481774,0.5505219,0.00032786917,2.526053e-07
20031,2022-10-04,3,D2,3,D2,3,D2,True,9.666766e-06,0.00097119116,0.42580947,0.5729887,0.0002208813,2.0003971e-07
20031,2022-10-11,3,D2,3,D2,3,D2,True,3.2688865e-07,1.3354419e-07,0.00789266,0.80373186,0.18832724,4.7796973e-05
20031,2022-10-18,3,D2,3,D2,3,D2,True,1.1963139e-06,3.1091798e-07,0.0037719246,0.527717,0.46795264,0.0005569957
20031,2022-10-25,3,D2,3,D2,3,D2,True,1.6850096e-06,5.5587924e-07,0.005722974,0.56790036,0.4261183,0.0002560875
20031,2022-11-01,3,D2,4,D3,3,D2,True,3.7863751e-06,7.7137173e-07,0.0029859433,0.49584022,0.49870482,0.0024644642
20031,2022-11-08,3,D2,3,D2,3,D2,True,1.2005112e-05,5.5516695e-05,0.14244379,0.67312956,0.18433712,2.1981841e-05
20031,2022-11-15,3,D2,3,D2,3,D2,True,2.2998113e-06,6.548389e-05,0.18194193,0.81545544,0.0025347336,8.778331e-08
20031,2022-11-22,3,D2,3,D2,3,D2,True,5.5850813e-07,7.708948e-07,0.025453256,0.93956023,0.034980852,4.3245036e-06
20031,2022-11-29,3,D2,3,D2,3,D2,True,1.3202544e-05,7.405e-05,0.15184103,0.8261072,0.021960648,3.8113944e-06
20031,2022-12-06,3,D2,3,D2,3,D2,True,1.0553254e-06,8.936419e-06,0.09448552,0.9029924,0.0025119963,1.10186306e-07
20031,2022-12-13,3,D2,3,D2,3,D2,True,4.0845684e-06,1.3364257e-05,0.088270776,0.8984279,0.013282323,1.5170189e-06
20031,2022-12-20,3,D2,3,D2,3,D2,True,1.224868e-06,1.9842842e-05,0.12569848,0.87237936,0.00190102,4.610737e-08
20031,2022-12-27,3,D2,3,D2,3,D2,True,1.0592215e-06,1.5602938e-05,0.11106414,0.8871042,0.0018150088,3.7204853e-08
20031,2023-01-03,3,D2,3,D2,3,D2,True,8.796143e-07,5.889782e-05,0.20275818,0.7966391,0.0005429739,3.7336934e-09
20031,2023-01-10,3,D2,3,D2,3,D2,True,2.4935267e-07,5.3843005e-06,0.08840191,0.91044664,0.0011457636,2.863044e-09
20031,2023-01-17,3,D2,3,D2,3,D2,True,6.3845897e-07,5.7306246e-05,0.17989185,0.81971955,0.00033069824,9.722195e-10
20031,2023-01-24,3,D2,3,D2,3,D2,True,5.6587703e-07,0.00013049957,0.25644472,0.7432607,0.00016352707,3.6588155e-10
20031,2023-01-31,3,D2,3,D2,3,D2,True,1.0581416e-07,1.4963243e-05,0.15131328,0.8485037,0.00016796238,1.4951054e-10
20031,2023-02-07,3,D2,3,D2,3,D2,True,6.152115e-08,1.3335003e-06,0.057500485,0.9415485,0.00094960077,1.0695703e-09
20031,2023-02-14,2,D1,3,D2,3,D2,False,2.216474e-07,3.194111e-06,0.06205656,0.9349423,0.002997654,8.0899225e-09
20031,2023-02-21,2,D1,2,D1,2,D1,True,0.0011654826,0.28112087,0.62509775,0.09259887,1.685347e-05,1.0487346e-07
20031,2023-02-28,2,D1,2,D1,2,D1,True,0.00031078016,0.34702748,0.6411208,0.011540734,1.4946824e-07,7.069351e-09
20031,2023-03-07,2,D1,2,D1,2,D1,True,0.0003143597,0.302243,0.6932327,0.0042099874,4.2311218e-08,7.233283e-09
20031,2023-03-14,1,D0,2,D1,2,D1,False,0.00279125,0.44595176,0.54998153,0.0012754105,4.6987907e-08,8.047055e-08
20031,2023-03-21,1,D0,1,D0,1,D0,True,0.04953492,0.72483647,0.22560035,2.8263448e-05,1.6204532e-09,1.0735827e-08
20031,2023-03-28,1,D0,1,D0,1,D0,True,0.06506998,0.8100534,0.12487371,2.905223e-06,3.2109523e-10,2.487725e-09
20031,2023-04-04,1,D0,1,D0,1,D0,True,0.0069370167,0.6494092,0.3436228,3.0967618e-05,4.912927e-10,1.8265232e-09
20031,2023-04-11,1,D0,1,D0,1,D0,True,0.004889621,0.5704016,0.42460266,0.00010613107,3.8021577e-09,1.3597988e-08
20031,2023-04-18,1,D0,2,D1,2,D1,False,0.0030507243,0.44836515,0.53685606,0.011726153,1.4141183e-06,5.3942045e-07
20031,2023-04-25,1,D0,1,D0,1,D0,True,0.02600627,0.52518046,0.44444123,0.0043701204,7.6585326e-07,1.1102503e-06
20031,2023-05-02,1,D0,1,D0,1,D0,True,0.042997077,0.553096,0.4020848,0.001821464,2.9967524e-07,4.915618e-07
20031,2023-05-09,1,D0,1,D0,1,D0,True,0.011186715,0.5354003,0.45250845,0.00090438954,3.031282e-08,6.3175115e-08
20031,2023-05-16,2,D1,1,D0,1,D0,False,0.27532184,0.62656605,0.09806281,4.8277656e-05,2.547304e-07,7.439271e-07
20031,2023-05-23,2,D1,1,D0,1,D0,False,0.12912248,0.6619983,0.20880094,7.823788e-05,1.9654596e-08,3.3361356e-08
20031,2023-05-30,2,D1,1,D0,1,D0,False,0.042642716,0.6165927,0.34059113,0.00017345008,9.732609e-09,1.9335237e-08
20031,2023-06-06,2,D1,2,D1,2,D1,True,0.006939564,0.44954932,0.53760725,0.0059034578,3.151163e-07,8.272843e-08
20031,2023-06-13,3,D2,2,D1,2,D1,False,0.0009983215,0.34683055,0.6402732,0.01189781,1.0946461e-07,2.3744413e-09
20031,2023-06-20,3,D2,3,D2,3,D2,True,1.441761e-05,0.0029182807,0.430421,0.5663969,0.00024934238,4.4459876e-09
20031,2023-06-27,3,D2,3,D2,3,D2,True,6.45089e-06,5.6103177e-05,0.20248553,0.7698373,0.027614217,3.5406043e-07
20031,2023-07-04,4,D3,3,D2,3,D2,False,2.386281e-05,0.0021686815,0.3688279,0.6272641,0.0017153712,5.690907e-08
20031,2023-07-11,4,D3,4,D3,3,D2,False,3.0719277e-06,2.533948e-06,0.0048851767,0.49568978,0.4990054,0.00041408604
20031,2023-07-18,4,D3,4,D3,4,D3,True,1.8422962e-06,8.492235e-07,0.0005956665,0.282896,0.71345043,0.0030551848
20031,2023-07-25,4,D3,4,D3,4,D3,True,9.6809235e-06,6.0469924e-06,0.002105345,0.22778152,0.75227094,0.01782648
20031,2023-08-01,4,D3,4,D3,4,D3,True,8.7633384e-07,5.480903e-07,3.276845e-05,0.010401915,0.725953,0.26361093
20031,2023-08-08,4,D3,4,D3,4,D3,True,1.70191e-05,9.993378e-06,0.0024128607,0.13040553,0.7248693,0.14228524
20031,2023-08-15,4,D3,4,D3,4,D3,True,9.200619e-06,4.3872383e-06,0.0040498893,0.20716861,0.75491613,0.03385179
20031,2023-08-22,4,D3,4,D3,4,D3,True,2.0177033e-07,1.111026e-07,1.14866425e-05,0.0051122215,0.5858805,0.40899548
20031,2023-08-29,4,D3,4,D3,4,D3,True,5.6738537e-07,3.693625e-07,5.5794626e-05,0.0151665015,0.56621194,0.41856477
20031,2023-09-05,4,D3,5,D4,5,D4,False,4.8732417e-08,4.2662577e-08,2.8942668e-06,0.0016867312,0.45233336,0.5459769
20031,2023-09-12,4,D3,4,D3,5,D4,False,2.8930484e-07,1.701433e-07,2.7205215e-05,0.008427506,0.5029291,0.48861566
20031,2023-09-19,4,D3,5,D4,5,D4,False,1.4352659e-08,1.2791158e-08,6.9531e-07,0.0004210132,0.39345974,0.60611856
20031,2023-09-26,4,D3,5,D4,5,D4,False,1.8933773e-07,1.3422213e-07,1.20937275e-05,0.003120571,0.48110735,0.5157597
20031,2023-10-03,4,D3,4,D3,5,D4,False,3.4777624e-08,2.4912493e-08,1.3897306e-06,0.0009221217,0.51491106,0.4841653
20031,2023-10-10,4,D3,4,D3,4,D3,True,1.3135315e-08,7.4033366e-09,7.200532e-07,0.0008599338,0.7356366,0.26350278
20031,2023-10-17,4,D3,4,D3,4,D3,True,8.9080594e-08,3.7859724e-08,9.03484e-06,0.0065606297,0.90578705,0.08764312
20031,2023-10-24,4,D3,4,D3,4,D3,True,1.0635985e-08,6.337677e-09,6.5553843e-07,0.0008611847,0.7813207,0.2178175
20031,2023-10-31,3,D2,4,D3,4,D3,False,6.12782e-07,4.2591904e-07,0.0022778907,0.30298063,0.6940421,0.0006983237
20031,2023-11-07,3,D2,3,D2,3,D2,True,9.610488e-08,8.198447e-07,0.033121884,0.76063925,0.20623685,1.1215999e-06
20031,2023-11-14,3,D2,3,D2,3,D2,True,6.123027e-08,3.0097175e-07,0.023994954,0.910494,0.06550991,8.103454e-07
20031,2023-11-21,3,D2,3,D2,3,D2,True,7.805815e-07,4.684184e-05,0.2236537,0.7699823,0.006316323,5.447822e-08
20031,2023-11-28,3,D2,3,D2,3,D2,True,7.0553504e-08,5.2051078e-06,0.14827593,0.8501484,0.0015704476,3.1761052e-09
20031,2023-12-05,2,D1,3,D2,3,D2,False,7.519909e-08,4.626987e-06,0.13608502,0.8618097,0.0021006372,4.33589e-09
20031,2023-12-12,2,D1,2,D1,2,D1,True,1.6034419e-05,0.08414995,0.7516096,0.16422315,1.2168742e-06,1.0328094e-09
20031,2023-12-19,2,D1,2,D1,2,D1,True,0.00022058967,0.30511272,0.6817673,0.01289923,1.436544e-07,3.4968615e-09
20031,2023-12-26,1,D0,1,D0,1,D0,True,0.02545435,0.6597587,0.31428158,0.00050458807,4.521362e-07,3.3042352e-07
20031,2024-01-02,1,D0,1,D0,1,D0,True,0.13276337,0.80938417,0.057849947,2.5036736e-06,3.05668e-09,3.954808e-09
20031,2024-01-09,1,D0,1,D0,1,D0,True,0.2510442,0.7383101,0.010645321,3.2701436e-07,2.7351803e-09,2.4507616e-09
20031,2024-01-16,1,D0,1,D0,1,D0,True,0.1991715,0.7873585,0.013469846,1.998128e-07,5.54225e-10,4.653868e-10
20031,2024-01-23,1,D0,1,D0,1,D0,True,0.19142747,0.7927293,0.015842985,1.6743716e-07,2.9213745e-10,2.149211e-10
20031,2024-01-30,1,D0,1,D0,1,D0,True,0.119522594,0.84347147,0.037005514,3.737998e-07,1.8753514e-10,1.2483006e-10
20031,2024-02-06,1,D0,1,D0,1,D0,True,0.2361599,0.75276583,0.011074072,1.7738125e-07,6.0204625e-10,2.7135263e-10
20031,2024-02-13,1,D0,1,D0,1,D0,True,0.016442752,0.8079039,0.17564785,5.580983e-06,2.0406665e-10,6.292051e-11
20031,2024-02-20,1,D0,1,D0,1,D0,True,0.10317062,0.86276054,0.03406828,4.894851e-07,2.667613e-10,1.2459048e-10
20031,2024-02-27,1,D0,1,D0,1,D0,True,0.036806867,0.84452826,0.11866159,3.302774e-06,1.5514764e-09,5.6309735e-10
20031,2024-03-05,1,D0,1,D0,1,D0,True,0.045833196,0.8523767,0.10178766,2.404311e-06,1.1408315e-09,4.550204e-10
20031,2024-03-12,1,D0,1,D0,1,D0,True,0.09957006,0.8188028,0.08162451,2.6263149e-06,2.815171e-09,1.5483522e-09
20031,2024-03-19,1,D0,1,D0,1,D0,True,0.17446576,0.78829694,0.03723646,8.4585366e-07,3.1869207e-09,1.5132223e-09
20031,2024-03-26,1,D0,1,D0,1,D0,True,0.12970291,0.7791955,0.091095574,6.057391e-06,1.6266082e-08,7.54911e-09
20031,2024-04-02,1,D0,1,D0,1,D0,True,0.014765202,0.72546595,0.25973505,3.3645727e-05,8.0398024e-08,2.0863837e-08
20031,2024-04-09,1,D0,1,D0,1,D0,True,0.0014682796,0.5832273,0.41505095,0.00025332035,1.3069113e-07,1.7508958e-08
20031,2024-04-16,2,D1,1,D0,1,D0,False,0.0005074014,0.52924126,0.46916154,0.0010893678,4.0689505e-07,3.1898946e-08
20031,2024-04-23,2,D1,2,D1,2,D1,True,8.5364e-06,0.12998329,0.71259546,0.15740763,5.155579e-06,8.547637e-09
20031,2024-04-30,0,None,2,D1,2,D1,False,0.023528514,0.41968745,0.5089007,0.047739066,0.00011377085,3.05358e-05
20031,2024-05-07,0,None,0,None,0,None,True,0.9003023,0.09952444,1.7045146e-05,2.2840639e-05,0.00012949831,3.8115718e-06
20031,2024-05-14,0,None,0,None,0,None,True,0.9331571,0.06666888,9.413871e-06,2.5612842e-05,0.00013789561,1.0307525e-06
20031,2024-05-21,0,None,0,None,0,None,True,0.89936495,0.100423925,2.3948538e-05,3.9557395e-05,0.00014558856,2.031078e-06
20031,2024-05-28,0,None,0,None,0,None,True,0.8435865,0.1563808,7.882441e-06,4.0088776e-06,2.0044463e-05,8.356409e-07
20031,2024-06-04,0,None,0,None,0,None,True,0.8356449,0.16430017,1.6696982e-05,5.806839e-06,3.0250156e-05,2.155326e-06
20031,2024-06-11,0,None,0,None,0,None,True,0.8643503,0.1356053,8.584598e-06,3.9198408e-06,3.0665873e-05,1.2505026e-06
20031,2024-06-18,0,None,0,None,0,None,True,0.81201154,0.18795478,6.880442e-06,2.4393412e-06,2.2456936e-05,1.852531e-06
20031,2024-06-25,0,None,0,None,0,None,True,0.80674136,0.19322225,1.1852082e-05,2.600765e-06,1.9638243e-05,2.290416e-06
20031,2024-07-02,0,None,0,None,0,None,True,0.8111111,0.18887317,7.8914045e-06,7.2244285e-07,5.7549328e-06,1.2926346e-06
20031,2024-07-09,0,None,0,None,0,None,True,0.800655,0.1993351,5.333356e-06,4.0286918e-07,3.1110171e-06,1.0412606e-06
20031,2024-07-16,0,None,0,None,0,None,True,0.6540545,0.3459364,5.1046763e-06,1.5786706e-07,2.1733556e-06,1.619245e-06
20031,2024-07-23,0,None,0,None,0,None,True,0.62969726,0.37024978,3.0933934e-05,9.956165e-07,1.0096171e-05,1.08913555e-05
20031,2024-07-30,1,D0,0,None,0,None,False,0.5825967,0.41735837,3.042864e-05,3.488641e-07,6.6037223e-06,7.5477374e-06
20031,2024-08-06,1,D0,1,D0,1,D0,True,0.008273373,0.7670806,0.22463539,1.0432169e-05,4.888415e-08,8.3877126e-08
20031,2024-08-13,1,D0,1,D0,1,D0,True,0.0416578,0.60492575,0.35320777,0.000207151,4.3202706e-07,1.0611016e-06
20031,2024-08-20,1,D0,1,D0,1,D0,True,0.16661295,0.670383,0.16298154,2.2086651e-05,2.0262266e-07,3.4726074e-07
20031,2024-08-27,1,D0,1,D0,1,D0,True,0.28114644,0.6637351,0.05511118,6.944857e-06,1.600732e-07,1.1896516e-07
20031,2024-09-03,1,D0,1,D0,1,D0,True,0.19877216,0.7277627,0.07344399,2.049142e-05,4.834499e-07,1.7265678e-07
20031,2024-09-10,1,D0,1,D0,1,D0,True,0.14186715,0.7656429,0.09245823,3.0819985e-05,6.8153093e-07,1.939124e-07
20031,2024-09-17,0,None,1,D0,1,D0,False,0.08716206,0.7850543,0.12777597,7.556618e-06,6.0155614e-08,3.235393e-08
20031,2024-09-24,1,D0,1,D0,1,D0,True,0.13801855,0.71393764,0.14784119,0.00019749027,3.9214738e-06,1.2669318e-06
20031,2024-10-01,1,D0,1,D0,1,D0,True,0.34271008,0.6494195,0.007868909,1.1244324e-06,1.9523351e-07,1.2680749e-07
20031,2024-10-08,1,D0,1,D0,1,D0,True,0.017809771,0.75636196,0.22580504,2.3198823e-05,5.825705e-08,2.2185809e-08
20031,2024-10-15,1,D0,1,D0,1,D0,True,0.00088065077,0.6496519,0.34937182,9.552332e-05,7.17495e-08,2.0023052e-08
20031,2024-10-22,2,D1,1,D0,1,D0,False,0.0036295513,0.6638285,0.33246502,7.690512e-05,4.093007e-08,2.0464794e-08
20031,2024-10-29,2,D1,2,D1,2,D1,True,2.374616e-06,0.011314166,0.6617469,0.3269069,2.9636614e-05,4.596007e-09
20031,2024-11-05,1,D0,1,D0,1,D0,True,0.037214767,0.47792003,0.46775082,0.017051995,5.2987813e-05,9.458661e-06
20031,2024-11-12,1,D0,1,D0,1,D0,True,0.40631905,0.59282094,0.0008594591,4.91559e-07,7.488652e-08,3.2706236e-08
20031,2024-11-19,1,D0,1,D0,1,D0,True,0.3702761,0.62873566,0.0009880543,2.0299329e-07,1.1739406e-08,3.2966812e-09
20031,2024-11-26,1,D0,1,D0,1,D0,True,0.31646025,0.6802415,0.0032977485,3.6758018e-07,8.289941e-09,1.7298786e-09
20031,2024-12-03,1,D0,1,D0,1,D0,True,0.28551152,0.71270585,0.0017824265,1.482715e-07,2.4265985e-09,3.369826e-10
20031,2024-12-10,1,D0,1,D0,1,D0,True,0.16732703,0.826736,0.005936891,1.2337074e-07,6.897942e-10,1.5820166e-10
20031,2024-12-17,1,D0,1,D0,1,D0,True,0.091546886,0.8970951,0.011357893,5.5511855e-08,1.423786e-10,4.99529e-11
20031,2024-12-24,1,D0,1,D0,1,D0,True,0.014876894,0.8794587,0.10566325,1.1569497e-06,3.7369802e-10,1.6124013e-10
20031,2024-12-31,1,D0,1,D0,1,D0,True,0.09384578,0.89170456,0.0144495405,5.6806616e-08,1.1626456e-10,6.5058986e-11
20031,2025-01-07,1,D0,1,D0,1,D0,True,0.12659213,0.86276037,0.010647457,4.6344635e-08,8.20883e-11,5.0130115e-11
20031,2025-01-14,1,D0,1,D0,1,D0,True,0.061152298,0.9138112,0.02503631,9.221667e-08,7.659192e-11,6.021143e-11
20031,2025-01-21,1,D0,1,D0,1,D0,True,0.058232255,0.90579957,0.03596782,2.70715e-07,1.5741448e-10,1.3542696e-10
20031,2025-01-28,1,D0,1,D0,1,D0,True,0.01951072,0.8652915,0.11519633,1.4217468e-06,3.6179276e-10,4.215732e-10
20031,2025-02-04,1,D0,1,D0,1,D0,True,0.07069956,0.8766208,0.05267867,9.4610715e-07,5.8142874e-10,6.3480876e-10
20031,2025-02-11,1,D0,1,D0,1,D0,True,0.0047311066,0.7699955,0.22526914,4.3500822e-06,1.0938536e-09,8.243856e-10
20031,2025-02-18,1,D0,1,D0,1,D0,True,0.06270668,0.8429445,0.09434707,1.7191422e-06,8.997169e-10,1.159215e-09
20031,2025-02-25,1,D0,1,D0,1,D0,True,0.002109376,0.6877584,0.31012058,1.162525e-05,1.3906107e-09,5.83303e-10
20031,2025-03-04,1,D0,1,D0,1,D0,True,0.0012131787,0.5921085,0.4066263,5.2046147e-05,2.9007157e-09,9.345794e-10
20031,2025-03-11,1,D0,1,D0,1,D0,True,0.0014445236,0.5774382,0.42105645,6.0933977e-05,2.6323275e-09,9.844979e-10
20031,2025-03-18,1,D0,1,D0,1,D0,True,0.00011789428,0.51620007,0.48357913,0.00010296935,2.0229183e-09,3.8103873e-10
20031,2025-03-25,1,D0,1,D0,1,D0,True,0.002200699,0.55214876,0.44558394,6.660667e-05,2.6747469e-09,2.1777204e-09
20031,2025-04-01,1,D0,1,D0,1,D0,True,0.005719148,0.6129879,0.3812604,3.2493437e-05,4.760296e-09,7.0410078e-09
20031,2025-04-08,1,D0,1,D0,1,D0,True,0.09646144,0.7737656,0.12976669,6.2328727e-06,9.648824e-09,3.343029e-08
20031,2025-04-15,1,D0,1,D0,1,D0,True,0.00044570732,0.5539485,0.44553354,7.222087e-05,8.130293e-09,6.365239e-09
20031,2025-04-22,0,None,1,D0,1,D0,False,0.011407957,0.496617,0.49127284,0.0007010345,3.033267e-07,8.9501935e-07
20031,2025-04-29,0,None,0,None,0,None,True,0.5682647,0.43150613,0.0002279045,4.5844513e-07,2.1699388e-07,5.5252184e-07
20031,2025-05-06,1,D0,1,D0,1,D0,True,0.42556107,0.57357234,0.0008663351,1.917271e-07,1.4254083e-08,2.45546e-08
20031,2025-05-13,1,D0,1,D0,1,D0,True,0.050128758,0.65303254,0.29670247,0.00013602215,8.268367e-08,1.0866232e-07
20031,2025-05-20,1,D0,1,D0,1,D0,True,0.2810116,0.6088247,0.11013552,2.789402e-05,7.1011094e-08,2.0578392e-07
20031,2025-05-27,0,None,1,D0,1,D0,False,0.37781197,0.6071056,0.015080593,1.808901e-06,1.5540639e-08,4.113881e-08
20031,2025-06-03,0,None,0,None,0,None,True,0.72391534,0.2760727,1.171436e-05,3.7518795e-08,4.4424755e-08,3.5812977e-08
20031,2025-06-10,0,None,0,None,0,None,True,0.8216734,0.17831768,8.409185e-06,1.2777433e-07,2.519237e-07,1.5516513e-07
20031,2025-06-17,0,None,0,None,0,None,True,0.8096638,0.19032626,9.509989e-06,1.4344134e-07,2.1852422e-07,9.667591e-08
20031,2025-06-24,0,None,0,None,0,None,True,0.80930275,0.19064505,5.0316008e-05,6.725094e-07,8.136875e-07,4.0628058e-07
20031,2025-07-01,0,None,0,None,0,None,True,0.7991452,0.20079407,5.864831e-05,7.6247903e-07,8.266345e-07,4.0507703e-07
20031,2025-07-08,0,None,0,None,0,None,True,0.75435865,0.2455992,4.0687763e-05,4.2349706e-07,4.961639e-07,5.20397e-07
20031,2025-07-15,0,None,0,None,0,None,True,0.7047354,0.2951858,7.7021185e-05,4.5252048e-07,5.112811e-07,7.482561e-07
20031,2025-07-22,0,None,0,None,0,None,True,0.73389673,0.2659891,0.00011131619,8.426725e-07,8.4436346e-07,1.1639387e-06
20031,2025-07-29,0,None,0,None,0,None,True,0.7854356,0.21453167,3.083949e-05,3.313052e-07,4.2562178e-07,1.0661994e-06
20031,2025-08-05,0,None,0,None,0,None,True,0.7548199,0.2451651,1.4407692e-05,1.0392772e-07,1.4382034e-07,3.6699763e-07
20031,2025-08-12,0,None,0,None,0,None,True,0.75922453,0.24073163,4.1959836e-05,3.921757e-07,4.028697e-07,1.0846832e-06
20031,2025-08-19,0,None,0,None,0,None,True,0.73592055,0.26405966,1.932091e-05,1.1233059e-07,1.10752865e-07,2.8995132e-07
20031,2025-08-26,0,None,0,None,0,None,True,0.73174715,0.26822352,2.873058e-05,1.600504e-07,1.4529166e-07,3.277238e-07
20031,2025-09-02,0,None,0,None,0,None,True,0.8038278,0.19614853,2.2706368e-05,3.4258005e-07,3.2536505e-07,3.000584e-07
20031,2025-09-09,0,None,0,None,0,None,True,0.8125379,0.18745938,2.4846968e-06,5.6089753e-08,9.337721e-08,5.1969714e-08
20031,2025-09-16,0,None,0,None,0,None,True,0.76952034,0.23047651,2.8494537e-06,8.0351334e-08,1.5897947e-07,5.0520704e-08
20031,2025-09-23,0,None,0,None,0,None,True,0.8261294,0.17386666,3.1411566e-06,2.562817e-07,5.14855e-07,6.429267e-08
20031,2025-09-30,0,None,0,None,0,None,True,0.8247271,0.17527163,8.442268e-07,9.62822e-08,2.7856962e-07,2.9514334e-08
20031,2025-10-07,0,None,0,None,0,None,True,0.82682496,0.1731728,1.2636016e-06,2.0400208e-07,6.51874e-07,2.9283473e-08
20031,2025-10-14,1,D0,0,None,0,None,False,0.79073113,0.20926498,2.2338706e-06,4.3202755e-07,1.1757602e-06,4.939557e-08
20031,2025-10-21,1,D0,1,D0,1,D0,True,0.33826545,0.6526044,0.009127128,2.966001e-06,4.1391342e-08,1.2349155e-08
20031,2025-10-28,1,D0,1,D0,1,D0,True,0.19146825,0.74131984,0.067198955,1.2916798e-05,4.8839453e-08,3.3760877e-08
20031,2025-11-04,1,D0,1,D0,1,D0,True,0.025651034,0.7834224,0.19090717,1.9457044e-05,3.811519e-08,4.0682053e-08
20031,2025-11-11,1,D0,1,D0,1,D0,True,0.005447434,0.6693529,0.3251467,5.2956937e-05,2.586312e-08,2.5875751e-08
20031,2025-11-18,1,D0,1,D0,1,D0,True,0.060103416,0.80147773,0.13840629,1.2492808e-05,2.440182e-08,2.509946e-08
20031,2025-11-25,1,D0,1,D0,1,D0,True,0.31526938,0.6828613,0.001869144,1.9560177e-07,8.9778895e-09,2.9179814e-09
20031,2025-12-02,1,D0,1,D0,1,D0,True,0.10884913,0.8761259,0.015024809,2.3514244e-07,1.1598519e-09,4.327037e-10
20031,2025-12-09,1,D0,1,D0,1,D0,True,0.018270038,0.89169174,0.09003701,1.1972834e-06,8.6017e-10,4.4838752e-10
20031,2025-12-16,1,D0,1,D0,1,D0,True,0.060186252,0.89341056,0.046402354,8.341482e-07,1.616868e-09,9.659216e-10
20031,2025-12-23,1,D0,1,D0,1,D0,True,0.020103274,0.92313683,0.056759674,1.8231631e-07,2.42371e-10,2.0125522e-10
20031,2025-12-30,1,D0,1,D0,1,D0,True,0.00086955796,0.7676111,0.23151766,1.7085714e-06,2.5009136e-10,1.1411536e-10
20033,2022-01-04,2,D1,2,D1,2,D1,True,4.5845863e-06,0.007889004,0.6443824,0.347723,1.0040178e-06,1.1875079e-09
20033,2022-01-11,2,D1,2,D1,2,D1,True,2.157783e-06,0.0018926499,0.5262039,0.47189417,7.2460643e-06,3.2439254e-09
20033,2022-01-18,2,D1,2,D1,2,D1,True,3.9083625e-06,0.003664195,0.52733576,0.46898922,6.9773637e-06,3.2530245e-09
20033,2022-01-25,2,D1,2,D1,2,D1,True,1.7996553e-06,0.0018074262,0.5155652,0.48261878,6.7719006e-06,2.1059943e-09
20033,2022-02-01,3,D2,3,D2,3,D2,True,8.388655e-07,0.00018655235,0.3233583,0.67638427,7.001053e-05,1.125524e-08
20033,2022-02-08,3,D2,3,D2,3,D2,True,1.8887826e-07,1.6657111e-06,0.06045552,0.9376322,0.0019103911,4.653016e-08
20033,2022-02-15,3,D2,3,D2,3,D2,True,1.9645236e-07,2.476872e-07,0.013386507,0.9652893,0.021321893,1.9441723e-06
20033,2022-02-22,3,D2,3,D2,3,D2,True,1.3713657e-07,1.1065189e-07,0.01045754,0.9418274,0.04771251,2.3160235e-06
20033,2022-03-01,3,D2,3,D2,3,D2,True,3.04597e-07,3.6500698e-08,0.001690068,0.78540474,0.21276665,0.0001381708
20033,2022-03-08,3,D2,3,D2,3,D2,True,2.8105162e-06,1.6713441e-06,0.020681782,0.86023754,0.119059674,1.6625238e-05
20033,2022-03-15,3,D2,3,D2,3,D2,True,5.9050208e-06,1.1289205e-06,0.0025979565,0.5424825,0.4538018,0.0011106612
20033,2022-03-22,3,D2,3,D2,3,D2,True,3.973035e-05,9.191456e-05,0.10520699,0.6529864,0.24156941,0.00010553818
20033,2022-03-29,3,D2,3,D2,3,D2,True,1.4763335e-05,0.00014500857,0.17392442,0.80870533,0.017209696,7.9844085e-07
20033,2022-04-05,3,D2,3,D2,3,D2,True,1.2592685e-05,0.00010436979,0.16058332,0.8238933,0.015405847,5.631558e-07
20033,2022-04-12,3,D2,3,D2,3,D2,True,9.275273e-06,5.067299e-05,0.15076745,0.79489404,0.05427621,2.4192489e-06
20033,2022-04-19,3,D2,3,D2,3,D2,True,1.0177951e-05,1.7143817e-05,0.04307698,0.753821,0.20302157,5.3067874e-05
20033,2022-04-26,3,D2,3,D2,3,D2,True,3.877595e-06,3.7569037e-06,0.011205898,0.58102596,0.40767822,8.216557e-05
20033,2022-05-03,3,D2,3,D2,3,D2,True,7.8214225e-06,1.2002167e-05,0.022712905,0.56451255,0.41266215,9.258601e-05
20033,2022-05-10,3,D2,3,D2,3,D2,True,1.0590199e-05,2.1628579e-05,0.048015356,0.5998465,0.35203215,7.38672e-05
20033,2022-05-17,3,D2,3,D2,3,D2,True,4.2751285e-06,4.1050275e-06,0.014832922,0.540419,0.4444835,0.00025624514
20033,2022-05-24,3,D2,3,D2,3,D2,True,1.787146e-05,2.2956692e-05,0.035382144,0.51858485,0.44514796,0.00084426656
20033,2022-05-31,3,D2,2,D1,2,D1,False,0.00014639845,0.03059437,0.5015133,0.46761963,0.00012629473,8.855317e-08
20033,2022-06-07,2,D1,2,D1,2,D1,True,0.0018819354,0.29457673,0.61060894,0.092925996,6.2804183e-06,5.978037e-08
20033,2022-06-14,2,D1,2,D1,2,D1,True,0.00060414703,0.25763047,0.7162984,0.025466593,3.511678e-07,4.6229873e-09
20033,2022-06-21,2,D1,2,D1,2,D1,True,6.6021734e-05,0.12934642,0.81709814,0.053489134,2.8237588e-07,2.4712515e-10
20033,2022-06-28,1,D0,2,D1,2,D1,False,0.00020666883,0.16617087,0.7966563,0.036965616,4.6482148e-07,1.0610955e-09
20033,2022-07-05,1,D0,1,D0,1,D0,True,0.041353915,0.61563635,0.3428207,0.00018897705,1.6915529e-08,1.752711e-08
20033,2022-07-12,2,D1,2,D1,1,D0,False,0.0036289745,0.49752882,0.4977877,0.0010544629,1.7912757e-08,2.7212597e-09
20033,2022-07-19,2,D1,2,D1,2,D1,True,6.278918e-06,0.004653528,0.55827403,0.4370514,1.4772838e-05,7.0370003e-09
20033,2022-07-26,3,D2,2,D1,2,D1,False,5.2788375e-05,0.02895034,0.8076619,0.16333027,4.7120225e-06,1.1071098e-08
20033,2022-08-02,3,D2,3,D2,3,D2,True,1.03439515e-05,0.0004041063,0.31655318,0.67498857,0.00804317,6.3595155e-07
20033,2022-08-09,3,D2,3,D2,3,D2,True,4.917463e-07,1.3762577e-06,0.033771425,0.8386334,0.12758815,5.116335e-06
20033,2022-08-16,3,D2,3,D2,3,D2,True,1.5618672e-06,2.1550911e-06,0.019890446,0.68850195,0.29157314,3.0767376e-05
20033,2022-08-23,3,D2,4,D3,4,D3,False,3.2747796e-06,1.5650589e-06,0.0019283198,0.36047733,0.63604677,0.0015427308
20033,2022-08-30,3,D2,4,D3,4,D3,False,5.302175e-06,3.9951833e-06,0.005398397,0.41285375,0.5805903,0.0011482768
20033,2022-09-06,3,D2,4,D3,4,D3,False,5.504213e-07,1.7608801e-07,0.00017143814,0.11150182,0.86046165,0.027864477
20033,2022-09-13,4,D3,4,D3,4,D3,True,3.1993267e-07,1.2386346e-07,0.00011377082,0.06208289,0.84270394,0.09509891
20033,2022-09-20,4,D3,4,D3,4,D3,True,2.0665291e-07,1.3544745e-07,1.5773841e-05,0.005729396,0.631995,0.3622594
20033,2022-09-27,4,D3,4,D3,4,D3,True,3.0189824e-08,1.5493894e-08,5.480363e-06,0.00465667,0.7925774,0.20276043
20033,2022-10-04,4,D3,4,D3,4,D3,True,5.7829115e-09,3.3889997e-09,6.0688427e-07,0.0009618165,0.7776032,0.22143434
20033,2022-10-11,4,D3,4,D3,4,D3,True,2.3298048e-08,1.1468636e-08,4.1395374e-06,0.0035658511,0.8692075,0.12722245
20033,2022-10-18,4,D3,4,D3,4,D3,True,1.2819852e-08,5.396214e-09,3.3000006e-06,0.0040437873,0.9465452,0.049407806
20033,2022-10-25,5,D4,4,D3,4,D3,False,1.7557475e-08,6.628862e-09,3.9624647e-06,0.0049212277,0.9535864,0.04148842
20033,2022-11-01,5,D4,5,D4,5,D4,True,2.7359686e-09,5.544102e-09,1.1595878e-08,9.7341535e-06,0.055340298,0.94465
20033,2022-11-08,5,D4,5,D4,5,D4,True,9.147659e-08,1.468489e-07,8.799135e-07,0.00028241533,0.16418748,0.835529
20033,2022-11-15,5,D4,5,D4,5,D4,True,4.7762065e-09,1.1030535e-08,1.9211765e-08,1.3713155e-05,0.052194458,0.9477918
20033,2022-11-22,5,D4,5,D4,5,D4,True,1.4367717e-09,4.07056e-09,3.885786e-09,3.5796738e-06,0.033466406,0.96653
20033,2022-11-29,5,D4,5,D4,5,D4,True,1.5198671e-07,2.6143707e-07,1.935059e-06,0.00046847254,0.25185573,0.74767345
20033,2022-12-06,5,D4,5,D4,5,D4,True,3.900091e-09,1.07603055e-08,1.3520511e-08,9.535608e-06,0.054149345,0.94584113
20033,2022-12-13,5,D4,5,D4,5,D4,True,3.4492775e-09,9.924056e-09,1.385181e-08,9.432086e-06,0.055519488,0.94447106
20033,2022-12-20,5,D4,5,D4,5,D4,True,4.1649464e-08,8.501272e-08,2.7832473e-07,0.00013535033,0.20007454,0.7997896
20033,2022-12-27,5,D4,5,D4,5,D4,True,2.3598692e-09,6.3902923e-09,9.844723e-09,9.506589e-06,0.07729614,0.92269444
20033,2023-01-03,5,D4,5,D4,5,D4,True,7.4172135e-08,1.5116e-07,7.129641e-07,0.00019668513,0.23818408,0.7616183
20033,2023-01-10,5,D4,5,D4,5,D4,True,9.838547e-10,3.3756482e-09,3.3930252e-09,2.9131713e-06,0.04016368,0.9598334
20033,2023-01-17,5,D4,5,D4,5,D4,True,9.506274e-09,2.9515318e-08,7.1891556e-08,2.8259565e-05,0.10625471,0.893717
20033,2023-01-24,5,D4,5,D4,5,D4,True,6.91734e-08,1.8054574e-07,1.1579642e-06,0.00022556866,0.22448109,0.7752919
20033,2023-01-31,5,D4,5,D4,5,D4,True,2.6825793e-09,9.616016e-09,1.623592e-08,6.7554324e-06,0.058629453,0.9413638
20033,2023-02-07,5,D4,5,D4,5,D4,True,5.7226585e-10,2.2550903e-09,3.0272136e-09,1.8578611e-06,0.035625514,0.96437263
20033,2023-02-14,5,D4,5,D4,5,D4,True,2.4093612e-09,9.455629e-09,2.8158041e-08,7.712975e-06,0.0791511,0.92084116
20033,2023-02-21,5,D4,5,D4,5,D4,True,1.4317622e-08,4.3634167e-08,2.0538828e-07,3.940585e-05,0.16952237,0.830438
20033,2023-02-28,5,D4,5,D4,5,D4,True,1.4373175e-09,5.4610565e-09,1.1852477e-08,3.866463e-06,0.066406384,0.9335897
20033,2023-03-07,5,D4,5,D4,5,D4,True,2.3781455e-09,8.352093e-09,1.7030146e-08,4.737342e-06,0.08020228,0.919793
20033,2023-03-14,5,D4,5,D4,5,D4,True,7.611212e-09,2.2913554e-08,8.8091646e-08,1.7390046e-05,0.15416348,0.8458191
20033,2023-03-21,5,D4,5,D4,5,D4,True,6.086065e-10,1.9898352e-09,4.77171e-09,2.1777826e-06,0.0742954,0.92570245
20033,2023-03-28,5,D4,5,D4,5,D4,True,5.7701727e-10,1.9980178e-09,5.460529e-09,1.978479e-06,0.0723132,0.9276848
20033,2023-04-04,5,D4,5,D4,5,D4,True,3.7179013e-10,1.235424e-09,2.7231493e-09,1.1970095e-06,0.06852481,0.931474
20033,2023-04-11,5,D4,5,D4,5,D4,True,3.523635e-10,1.1064926e-09,2.0520445e-09,9.5343836e-07,0.07097814,0.9290209
20033,2023-04-18,5,D4,5,D4,5,D4,True,3.7042496e-09,8.924454e-09,4.637593e-08,1.0678723e-05,0.20568651,0.7943027
20033,2023-04-25,5,D4,5,D4,5,D4,True,2.4687303e-09,5.500274e-09,1.36312375e-08,4.23596e-06,0.13014682,0.8698489
20033,2023-05-02,5,D4,5,D4,5,D4,True,1.6745005e-08,2.9129623e-08,2.0415395e-07,3.291629e-05,0.30565822,0.6943086
20033,2023-05-09,5,D4,5,D4,5,D4,True,3.8448422e-09,8.2909715e-09,1.9497364e-08,6.158968e-06,0.14300232,0.8569916
20033,2023-05-16,5,D4,4,D3,4,D3,False,6.4176044e-07,1.0324526e-06,2.2209808e-05,0.0010856275,0.56827945,0.430611
20033,2023-05-23,5,D4,5,D4,5,D4,True,4.9262945e-09,1.1079342e-08,2.8742779e-08,5.052913e-06,0.13482751,0.86516744
20033,2023-05-30,5,D4,5,D4,5,D4,True,3.5234798e-08,7.883964e-08,4.3574133e-07,3.1458723e-05,0.24601884,0.75394917
20033,2023-06-06,4,D3,5,D4,5,D4,False,6.0573495e-07,1.0874993e-06,7.723495e-06,0.00029708233,0.4050198,0.59467375
20033,2023-06-13,4,D3,4,D3,4,D3,True,2.1466042e-07,4.434574e-08,4.869059e-05,0.03255762,0.9658951,0.0014982776
20033,2023-06-20,3,D2,4,D3,4,D3,False,2.420354e-07,7.353896e-08,0.00019351233,0.09787197,0.9017657,0.00016853082
20033,2023-06-27,3,D2,4,D3,4,D3,False,7.1325593e-07,6.3549595e-07,0.006230674,0.32197374,0.6717703,2.4006673e-05
20033,2023-07-04,3,D2,3,D2,3,D2,True,8.401281e-06,5.0435137e-05,0.15579005,0.7726242,0.07152409,2.8340494e-06
20033,2023-07-11,3,D2,3,D2,3,D2,True,1.1775905e-05,7.803185e-05,0.22646628,0.7236051,0.049833626,5.094546e-06
20033,2023-07-18,3,D2,3,D2,3,D2,True,2.3641682e-05,0.00080841605,0.35123426,0.6465981,0.001334849,7.4000667e-07
20033,2023-07-25,2,D1,3,D2,3,D2,False,1.4431863e-05,0.0002726137,0.32797694,0.66854954,0.0031855132,1.0097356e-06
20033,2023-08-01,2,D1,2,D1,2,D1,True,0.011341815,0.32515123,0.6515844,0.011841684,4.23749e-05,3.8524366e-05
20033,2023-08-08,1,D0,2,D1,1,D0,True,0.019064788,0.4743518,0.5050307,0.0015161805,5.627755e-06,3.1010768e-05
20033,2023-08-15,1,D0,1,D0,1,D0,True,0.15552115,0.7360125,0.10845246,1.0101142e-05,6.867715e-07,3.091832e-06
20033,2023-08-22,1,D0,1,D0,1,D0,True,0.008350546,0.5819597,0.40963945,5.0093902e-05,1.9013854e-08,1.4450617e-07
20033,2023-08-29,1,D0,2,D1,2,D1,False,0.008947469,0.47065845,0.5196798,0.00071148574,4.720681e-07,2.3209273e-06
20033,2023-09-05,2,D1,1,D0,1,D0,False,0.008778488,0.50064236,0.4901997,0.00037846566,1.7747391e-07,8.053995e-07
20033,2023-09-12,2,D1,2,D1,2,D1,True,0.0011109649,0.3346015,0.6599703,0.0043168766,2.6433557e-07,1.4181894e-07
20033,2023-09-19,1,D0,2,D1,2,D1,False,0.0002381399,0.09822322,0.791567,0.10996471,6.5606773e-06,3.9187833e-07
20033,2023-09-26,1,D0,1,D0,1,D0,True,0.31877837,0.6752777,0.005943316,3.9038895e-07,5.2908938e-08,8.973826e-08
20033,2023-10-03,1,D0,1,D0,1,D0,True,0.08100707,0.7197593,0.19922556,7.5265384e-06,1.1895847e-07,4.1974494e-07
20033,2023-10-10,1,D0,1,D0,1,D0,True,0.04123373,0.6884824,0.2702726,1.0880871e-05,6.478882e-08,2.2276673e-07
20033,2023-10-17,1,D0,1,D0,1,D0,True,0.064586096,0.6986957,0.23669857,1.920008e-05,1.08024665e-07,2.185124e-07
20033,2023-10-24,1,D0,1,D0,1,D0,True,0.009851885,0.67183065,0.31829783,1.9661216e-05,1.6471178e-08,1.8191047e-08
20033,2023-10-31,1,D0,1,D0,1,D0,True,0.36830637,0.599185,0.03249621,1.1998406e-05,2.2118357e-07,1.8251343e-07
20033,2023-11-07,1,D0,1,D0,1,D0,True,0.10364384,0.8003192,0.09603445,2.4429207e-06,6.747078e-09,9.988839e-09
20033,2023-11-14,1,D0,1,D0,1,D0,True,0.0065161474,0.65990406,0.33355767,2.2110507e-05,5.2129465e-09,3.8019836e-09
20033,2023-11-21,1,D0,1,D0,1,D0,True,0.2629422,0.6906603,0.046394967,2.5855916e-06,1.888438e-08,3.2711352e-08
20033,2023-11-28,1,D0,1,D0,1,D0,True,0.15550196,0.79191726,0.052580003,7.362013e-07,2.2557414e-09,3.847303e-09
20033,2023-12-05,1,D0,1,D0,1,D0,True,0.1000387,0.8200771,0.079883255,1.0119523e-06,2.2687048e-09,3.3614893e-09
20033,2023-12-12,1,D0,1,D0,1,D0,True,0.024388038,0.8060842,0.16952595,1.8652948e-06,9.500868e-10,1.1074597e-09
20033,2023-12-19,1,D0,1,D0,1,D0,True,0.31601462,0.67608833,0.007896735,2.941627e-07,4.673204e-09,6.6044685e-09
20033,2023-12-26,1,D0,1,D0,1,D0,True,0.3666868,0.6310881,0.0022250044,1.1036426e-07,2.115251e-09,2.0888937e-09
20033,2024-01-02,1,D0,1,D0,1,D0,True,0.21824351,0.76934594,0.012410499,7.784847e-08,2.2481059e-10,3.3768027e-10
20033,2024-01-09,0,None,1,D0,1,D0,False,0.378905,0.6187145,0.0023802642,1.8570285e-07,6.5961494e-09,6.083976e-09
20033,2024-01-16,0,None,0,None,0,None,True,0.8821976,0.117798656,2.5090112e-06,3.882063e-07,7.7084195e-07,7.719407e-08
20033,2024-01-23,0,None,0,None,0,None,True,0.9139117,0.086085185,1.1846582e-06,3.946035e-07,1.3824048e-06,8.582511e-08
20033,2024-01-30,0,None,0,None,0,None,True,0.9467597,0.053235628,1.1118783e-06,8.724695e-07,2.5921886e-06,1.0246703e-07
20033,2024-02-06,0,None,0,None,0,None,True,0.95654684,0.04344906,6.922699e-07,6.667292e-07,2.5736329e-06,1.01469496e-07
20033,2024-02-13,0,None,0,None,0,None,True,0.94621235,0.053777497,2.4064389e-06,2.2149266e-06,5.3135004e-06,2.1226289e-07
20033,2024-02-20,0,None,0,None,0,None,True,0.9173538,0.08261465,1.3118516e-05,7.1151235e-06,1.06248945e-05,7.0147166e-07
20033,2024-02-27,0,None,0,None,0,None,True,0.8494246,0.15050797,4.4889643e-05,1.0775518e-05,1.038029e-05,1.4300823e-06
20033,2024-03-05,0,None,0,None,0,None,True,0.80077034,0.19917072,4.78513e-05,5.160882e-06,5.151844e-06,7.875498e-07
20033,2024-03-12,1,D0,0,None,0,None,False,0.83437794,0.16554694,5.6165652e-05,8.748271e-06,8.917659e-06,1.2314018e-06
20033,2024-03-19,1,D0,1,D0,1,D0,True,0.06361566,0.71393585,0.2224213,2.7151103e-05,5.7883394e-08,1.2340879e-08
20033,2024-03-26,1,D0,1,D0,1,D0,True,0.0012490717,0.50332284,0.49489498,0.0005331306,3.6255344e-08,1.941404e-09
20033,2024-04-02,1,D0,2,D1,2,D1,False,1.0207687e-05,0.22290954,0.7562174,0.020862604,2.7630946e-07,8.7663606e-11
20033,2024-04-09,1,D0,2,D1,2,D1,False,7.710596e-07,0.01788881,0.59636647,0.38574055,3.333413e-06,4.6217818e-11
20033,2024-04-16,2,D1,2,D1,2,D1,True,1.0672998e-06,0.007887432,0.55421346,0.43788472,1.33041785e-05,1.7845768e-10
20033,2024-04-23,2,D1,3,D2,3,D2,False,2.3049515e-07,0.00078973436,0.48203522,0.51714486,2.9947603e-05,7.846799e-11
20033,2024-04-30,3,D2,2,D1,2,D1,False,0.0010592364,0.2120771,0.6538559,0.13295211,5.54961e-05,1.2160638e-07
20033,2024-05-07,3,D2,3,D2,3,D2,True,3.3636854e-07,3.6146364e-05,0.18521707,0.812642,0.0021044696,6.699335e-10
20033,2024-05-14,3,D2,3,D2,3,D2,True,3.9699643e-07,1.397027e-05,0.10991839,0.88294166,0.007125491,2.6016103e-09
20033,2024-05-21,3,D2,3,D2,3,D2,True,1.3125525e-06,5.8963393e-05,0.1957799,0.795998,0.008161898,6.815312e-09
20033,2024-05-28,3,D2,3,D2,3,D2,True,1.1222921e-06,3.686129e-05,0.1758458,0.8172328,0.006883401,9.160169e-09
20033,2024-06-04,2,D1,3,D2,3,D2,False,1.0113226e-06,8.497344e-05,0.2992703,0.69906855,0.0015751189,3.591303e-09
20033,2024-06-11,2,D1,2,D1,2,D1,True,1.6546588e-05,0.007994942,0.50373924,0.48808554,0.00016371536,1.2344523e-08
20033,2024-06-18,2,D1,2,D1,2,D1,True,3.1932718e-06,0.0058273827,0.6109772,0.38316396,2.8241639e-05,9.460158e-10
20033,2024-06-25,2,D1,2,D1,2,D1,True,1.963452e-05,0.012485955,0.59133977,0.39594448,0.0002101601,7.930102e-09
20033,2024-07-02,1,D0,2,D1,2,D1,False,0.00040916173,0.163769,0.79905236,0.03676759,1.9939962e-06,4.076414e-09
20033,2024-07-09,1,D0,1,D0,1,D0,True,0.40005136,0.5821945,0.017751345,2.6434298e-06,2.6019686e-08,5.4057935e-08
20033,2024-07-16,1,D0,1,D0,1,D0,True,0.4160377,0.57341546,0.010546265,5.873103e-07,9.373312e-09,1.5816266e-08
20033,2024-07-23,1,D0,0,None,0,None,False,0.5080778,0.48149002,0.010428637,2.773636e-06,2.8983595e-07,5.2223436e-07
20033,2024-07-30,1,D0,1,D0,1,D0,True,0.4173193,0.53550375,0.047167175,8.5470765e-06,4.989839e-07,7.712371e-07
20033,2024-08-06,1,D0,2,D1,2,D1,False,0.0013463799,0.47716334,0.52134913,0.00014110134,5.0762727e-09,1.2042012e-09
20033,2024-08-13,1,D0,2,D1,2,D1,False,0.007520591,0.38903552,0.60262036,0.0008234401,8.107599e-08,1.7763892e-08
20033,2024-08-20,1,D0,2,D1,1,D0,True,0.039052635,0.46838757,0.49202123,0.0005382122,1.6832226e-07,1.1748614e-07
20033,2024-08-27,1,D0,2,D1,2,D1,False,0.004074515,0.4588308,0.5361496,0.0009448465,1.2516233e-07,3.105069e-08
20033,2024-09-03,1,D0,2,D1,2,D1,False,0.001703629,0.41053483,0.584248,0.0035129844,5.846643e-07,3.651699e-08
20033,2024-09-10,1,D0,2,D1,2,D1,False,0.0030765098,0.4311375,0.56265205,0.0031329533,7.6419656e-07,1.3085513e-07
20033,2024-09-17,1,D0,1,D0,1,D0,True,0.0046695885,0.5336804,0.46095842,0.0006913006,1.5360101e-07,1.6650162e-07
20033,2024-09-24,0,None,1,D0,1,D0,False,0.05858162,0.5711381,0.36955065,0.00072077016,2.4842413e-06,6.349278e-06
20033,2024-10-01,0,None,0,None,0,None,True,0.54508215,0.4548142,0.00010284685,2.881481e-07,2.1579609e-07,2.8107002e-07
20033,2024-10-08,0,None,1,D0,1,D0,False,0.4783251,0.5198098,0.001853155,5.345759e-06,3.1670909e-06,3.4716645e-06
20033,2024-10-15,0,None,1,D0,1,D0,False,0.43672195,0.56125647,0.002008081,4.8693064e-06,3.2235919e-06,5.425762e-06
20033,2024-10-22,0,None,1,D0,1,D0,False,0.47882953,0.52037686,0.000788842,1.8535655e-06,1.0403958e-06,1.8821177e-06
20033,2024-10-29,1,D0,1,D0,1,D0,True,0.2730407,0.72210103,0.004853297,2.358998e-06,7.4139035e-07,1.8996978e-06
20033,2024-11-05,1,D0,0,None,0,None,False,0.6403831,0.35935718,0.0002360787,1.4642859e-05,7.901256e-06,1.0710139e-06
20033,2024-11-12,0,None,0,None,0,None,True,0.72717327,0.2727718,4.8241705e-05,4.2043334e-06,2.366018e-06,1.1197782e-07
20033,2024-11-19,0,None,0,None,0,None,True,0.9503646,0.04963249,1.01562144e-07,4.053666e-07,2.4001347e-06,3.0531908e-08
20033,2024-11-26,0,None,0,None,0,None,True,0.9609654,0.039029457,1.11836115e-07,7.530878e-07,4.2417323e-06,3.5899898e-08
20033,2024-12-03,0,None,0,None,0,None,True,0.95376205,0.046231784,2.2078422e-07,8.974601e-07,4.971027e-06,5.8932663e-08
20033,2024-12-10,0,None,0,None,0,None,True,0.9411795,0.05881721,2.45941e-07,3.913042e-07,2.5571758e-06,4.7574826e-08
20033,2024-12-17,0,None,0,None,0,None,True,0.9174417,0.08255748,2.2501857e-07,6.52958e-08,5.924844e-07,1.3659153e-08
20033,2024-12-24,0,None,0,None,0,None,True,0.9181958,0.081803404,2.6223933e-07,4.7716494e-08,5.691597e-07,1.1830073e-08
20033,2024-12-31,0,None,0,None,0,None,True,0.9321444,0.067855276,1.7339966e-07,8.511164e-09,1.6571241e-07,1.9871949e-09
20033,2025-01-07,0,None,0,None,0,None,True,0.9401257,0.05987425,1.4596549e-07,2.015361e-09,5.077387e-08,4.345666e-10
20033,2025-01-14,0,None,0,None,0,None,True,0.93307,0.06692977,1.7929963e-07,1.5890006e-09,3.4130537e-08,2.3735486e-10
20033,2025-01-21,0,None,0,None,0,None,True,0.92283845,0.07716133,2.6249992e-07,1.3559909e-09,2.8323132e-08,2.512415e-10
20033,2025-01-28,0,None,0,None,0,None,True,0.87348,0.12651937,6.2442007e-07,1.1087674e-09,1.5570006e-08,2.981334e-10
20033,2025-02-04,0,None,0,None,0,None,True,0.87200683,0.12799242,6.7587723e-07,1.0813758e-09,1.5589826e-08,3.519811e-10
20033,2025-02-11,0,None,0,None,0,None,True,0.77332896,0.22667025,7.5150285e-07,4.899419e-10,6.083279e-09,3.1068081e-10
20033,2025-02-18,0,None,0,None,0,None,True,0.7931814,0.20681746,1.1166135e-06,6.6847833e-10,7.334258e-09,4.4629314e-10
20033,2025-02-25,0,None,0,None,0,None,True,0.69403905,0.30596003,8.697416e-07,2.7602629e-10,2.1137014e-09,3.1492484e-10
20033,2025-03-04,1,D0,1,D0,1,D0,True,0.47208473,0.5278871,2.8141356e-05,4.9746113e-10,6.598906e-10,5.124775e-10
20033,2025-03-11,2,D1,1,D0,1,D0,False,0.013519014,0.8348912,0.1515895,3.4465245e-07,6.8598593e-10,9.422587e-10
20033,2025-03-18,3,D2,2,D1,2,D1,False,5.4562246e-05,0.1934091,0.7945139,0.012018994,3.3047045e-06,1.3653383e-07
20033,2025-03-25,3,D2,3,D2,2,D1,False,4.757348e-05,0.0027414805,0.48704237,0.5065427,0.003617826,8.11479e-06
20033,2025-04-01,3,D2,3,D2,3,D2,True,3.8681632e-05,5.318679e-05,0.06649502,0.70081013,0.23250738,9.5565e-05
20033,2025-04-08,3,D2,3,D2,3,D2,True,0.00028029163,0.0016889394,0.316891,0.6637738,0.017342187,2.3790411e-05
20033,2025-04-15,3,D2,4,D3,4,D3,False,8.674498e-06,4.831116e-06,0.021079518,0.44955546,0.5287232,0.0006283562
20033,2025-04-22,2,D1,2,D1,2,D1,True,0.0005125084,0.019309778,0.57507235,0.4029453,0.0021548704,5.191588e-06
20033,2025-04-29,2,D1,2,D1,2,D1,True,0.007751771,0.3531481,0.5731109,0.065901555,8.112297e-05,6.5160557e-06
20033,2025-05-06,2,D1,2,D1,2,D1,True,8.8019304e-05,0.073441744,0.80392355,0.12253843,8.175306e-06,1.4494776e-08
20033,2025-05-13,2,D1,2,D1,2,D1,True,4.5449593e-05,0.024464982,0.74743515,0.22801821,3.61325e-05,1.7602865e-08
20033,2025-05-20,2,D1,2,D1,2,D1,True,0.0036838613,0.2514327,0.7028255,0.0420202,3.6965015e-05,8.170017e-07
20033,2025-05-27,1,D0,2,D1,2,D1,False,0.0072176983,0.28531516,0.6904695,0.01698094,1.5883312e-05,8.485123e-07
20033,2025-06-03,1,D0,1,D0,1,D0,True,0.41804704,0.5779068,0.004045618,5.2523944e-07,7.783692e-09,1.06416636e-08
20033,2025-06-10,0,None,0,None,0,None,True,0.6633373,0.3364861,0.0001760137,3.62176e-07,1.5079453e-07,5.1760793e-08
20033,2025-06-17,0,None,0,None,0,None,True,0.8903201,0.10967874,9.874351e-07,3.0804877e-08,9.7190714e-08,7.817075e-09
20033,2025-06-24,0,None,0,None,0,None,True,0.87948924,0.12050841,2.1906199e-06,3.8107203e-08,1.1919185e-07,2.1539995e-08
20033,2025-07-01,0,None,0,None,0,None,True,0.85227007,0.14772338,6.288996e-06,8.2319715e-08,1.4936245e-07,5.8228967e-08
20033,2025-07-08,0,None,0,None,0,None,True,0.79477733,0.20521252,9.842472e-06,9.5623584e-08,1.3863799e-07,9.017982e-08
20033,2025-07-15,0,None,0,None,0,None,True,0.7309981,0.26896176,3.9396342e-05,2.6182204e-07,2.81302e-07,2.6143204e-07
20033,2025-07-22,0,None,0,None,0,None,True,0.7786414,0.22129798,5.9076927e-05,5.690911e-07,6.290289e-07,4.060053e-07
20033,2025-07-29,0,None,0,None,0,None,True,0.8153718,0.1846041,2.279795e-05,3.484577e-07,5.848684e-07,2.9872723e-07
20033,2025-08-05,0,None,0,None,0,None,True,0.77196515,0.2280071,2.6675369e-05,2.9814086e-07,4.8394895e-07,2.7684905e-07
20033,2025-08-12,0,None,0,None,0,None,True,0.78072023,0.21919498,8.0696445e-05,1.3314367e-06,1.84654e-06,9.346759e-07
20033,2025-08-19,0,None,0,None,0,None,True,0.7564462,0.24351987,3.239681e-05,4.8061e-07,7.3894205e-07,3.3294086e-07
20033,2025-08-26,0,None,0,None,0,None,True,0.7428231,0.2571232,5.1098534e-05,7.8741306e-07,1.2161116e-06,5.277748e-07
20033,2025-09-02,0,None,0,None,0,None,True,0.8340084,0.16594172,4.400266e-05,1.8591722e-06,3.3495178e-06,6.024652e-07
20033,2025-09-09,0,None,0,None,0,None,True,0.84046674,0.15952337,8.027674e-06,3.7808374e-07,1.0937599e-06,3.135417e-07
20033,2025-09-16,0,None,0,None,0,None,True,0.78815454,0.21183425,8.564049e-06,3.579482e-07,1.0951169e-06,1.1279385e-06
20033,2025-09-23,0,None,0,None,0,None,True,0.80119514,0.19879445,6.8453774e-06,3.82288e-07,1.28535e-06,1.9096326e-06
20033,2025-09-30,0,None,0,None,0,None,True,0.79962474,0.20037305,1.3860947e-06,7.3936725e-08,2.8361634e-07,4.536859e-07
20033,2025-10-07,0,None,0,None,0,None,True,0.7795681,0.2204302,1.0645182e-06,5.6898724e-08,2.4880185e-07,3.3930272e-07
20033,2025-10-14,0,None,0,None,0,None,True,0.7435647,0.25643224,1.7688776e-06,9.951687e-08,3.9960943e-07,7.5061024e-07
20033,2025-10-21,0,None,0,None,0,None,True,0.7621592,0.23783861,1.3654698e-06,4.7662166e-08,1.8374885e-07,5.636647e-07
20033,2025-10-28,0,None,0,None,0,None,True,0.79146296,0.20853505,1.3765548e-06,5.545162e-08,2.083399e-07,3.3131087e-07
20033,2025-11-04,0,None,0,None,0,None,True,0.7472706,0.25272837,8.2010337e-07,1.8054417e-08,7.1995345e-08,9.949211e-08
20033,2025-11-11,0,None,0,None,0,None,True,0.6943614,0.30563453,3.8218e-06,3.0683907e-08,7.220053e-08,1.4310436e-07
20033,2025-11-18,0,None,0,None,0,None,True,0.6678728,0.33212304,4.0786053e-06,1.2842926e-08,2.7690051e-08,5.25509e-08
20033,2025-11-25,0,None,0,None,0,None,True,0.81666803,0.18333012,1.7832358e-06,1.4086981e-08,6.368838e-08,1.602182e-08
20033,2025-12-02,0,None,0,None,0,None,True,0.8572333,0.14276654,2.1125433e-07,1.7596485e-09,2.0216044e-08,1.0698531e-09
20033,2025-12-09,0,None,0,None,0,None,True,0.8204594,0.17954,5.417746e-07,3.0034557e-09,3.8960327e-08,1.7535148e-09
20033,2025-12-16,0,None,0,None,0,None,True,0.8243385,0.17566048,9.4799987e-07,4.094095e-09,4.421533e-08,2.273198e-09
20033,2025-12-23,0,None,0,None,0,None,True,0.7244714,0.27552775,8.873878e-07,1.1887095e-09,1.1026742e-08,1.0365895e-09
20033,2025-12-30,0,None,0,None,0,None,True,0.64056,0.3594374,2.6058522e-06,1.4830978e-09,9.344299e-09,1.2643768e-09
20035,2022-01-04,1,D0,1,D0,1,D0,True,0.00019015031,0.52212584,0.47757283,0.00011119737,1.2431556e-09,1.7842229e-09
20035,2022-01-11,2,D1,1,D0,1,D0,False,0.00035021838,0.5010556,0.49833596,0.0002582282,4.461293e-09,8.220048e-09
20035,2022-01-18,2,D1,2,D1,2,D1,True,1.27051835e-05,0.022847619,0.8150646,0.16207199,2.9964124e-06,8.713917e-08
20035,2022-01-25,2,D1,2,D1,2,D1,True,1.1580585e-05,0.01582737,0.702641,0.28151807,1.94955e-06,9.171298e-09
20035,2022-02-01,2,D1,2,D1,2,D1,True,3.4291565e-06,0.0061217174,0.6112419,0.38263035,2.5421039e-06,4.309886e-09
20035,2022-02-08,2,D1,2,D1,2,D1,True,7.864086e-06,0.013324278,0.6082152,0.3784489,3.7618797e-06,6.837603e-09
20035,2022-02-15,2,D1,2,D1,2,D1,True,4.013715e-06,0.006010976,0.58730114,0.40667894,4.8537063e-06,7.987499e-09
20035,2022-02-22,2,D1,2,D1,2,D1,True,5.4548464e-06,0.006804556,0.5514383,0.441744,7.7715395e-06,1.0462522e-08
20035,2022-03-01,2,D1,2,D1,2,D1,True,5.432867e-06,0.0041955467,0.5467742,0.44901395,1.0793506e-05,2.6104592e-08
20035,2022-03-08,2,D1,2,D1,2,D1,True,2.6908292e-05,0.024784055,0.634442,0.34074363,3.4950424e-06,6.622568e-09
20035,2022-03-15,2,D1,2,D1,2,D1,True,2.0350859e-05,0.013426393,0.61161065,0.37492892,1.3723096e-05,1.1722418e-08
20035,2022-03-22,1,D0,2,D1,2,D1,False,0.000723866,0.21610902,0.66074747,0.122415125,4.467654e-06,3.943082e-08
20035,2022-03-29,0,None,1,D0,1,D0,False,0.15663938,0.75582284,0.087525226,1.2435773e-05,1.1562901e-08,5.1424124e-08
20035,2022-04-05,0,None,1,D0,1,D0,False,0.3494318,0.64667743,0.0038898792,8.174955e-07,1.5201795e-08,2.4288694e-08
20035,2022-04-12,0,None,1,D0,1,D0,False,0.39094946,0.6013453,0.0077002766,4.432196e-06,2.3180074e-07,3.4040866e-07
20035,2022-04-19,0,None,1,D0,1,D0,False,0.34304568,0.64041597,0.016534891,3.0196727e-06,1.3086847e-07,2.638752e-07
20035,2022-04-26,1,D0,1,D0,1,D0,True,0.3321599,0.63381076,0.03402283,6.212373e-06,1.1950908e-07,2.3826681e-07
20035,2022-05-03,0,None,1,D0,1,D0,False,0.15589936,0.68063045,0.16345547,1.4574782e-05,2.1950907e-08,1.06675024e-07
20035,2022-05-10,0,None,0,None,0,None,True,0.55697894,0.4428853,0.00013540791,1.729445e-07,6.1653964e-08,1.24769e-07
20035,2022-05-17,0,None,0,None,0,None,True,0.6354236,0.36457026,6.1063897e-06,1.3107961e-08,1.989885e-08,2.661618e-08
20035,2022-05-24,0,None,0,None,0,None,True,0.5333926,0.46619993,0.00040690805,3.651842e-07,1.2245141e-07,1.3184071e-07
20035,2022-05-31,0,None,0,None,0,None,True,0.7719591,0.22799098,4.8622765e-05,4.6771697e-07,6.4584344e-07,2.2017117e-07
20035,2022-06-07,0,None,0,None,0,None,True,0.83585423,0.16412815,1.6552542e-05,3.6274153e-07,5.377861e-07,1.6815304e-07
20035,2022-06-14,0,None,0,None,0,None,True,0.824526,0.17545989,1.2482467e-05,4.9026517e-07,8.942251e-07,2.3862964e-07
20035,2022-06-21,0,None,0,None,0,None,True,0.7444184,0.25555122,2.6576105e-05,9.279636e-07,2.209664e-06,7.7941996e-07
20035,2022-06-28,0,None,0,None,0,None,True,0.7330494,0.2668904,5.5324494e-05,1.1608245e-06,2.3982066e-06,1.37567e-06
20035,2022-07-05,0,None,0,None,0,None,True,0.6755351,0.32444847,1.4617635e-05,2.4786618e-07,7.8024567e-07,8.07906e-07
20035,2022-07-12,0,None,0,None,0,None,True,0.62302,0.37693015,4.464547e-05,6.0932e-07,2.0858672e-06,2.536268e-06
20035,2022-07-19,1,D0,1,D0,1,D0,True,0.38533685,0.5971245,0.017458808,4.4119857e-05,1.989368e-05,1.5781172e-05
20035,2022-07-26,2,D1,2,D1,2,D1,True,0.0006777803,0.36974594,0.62435204,0.0052239867,2.6013436e-07,1.0879309e-08
20035,2022-08-02,3,D2,2,D1,2,D1,False,4.0337163e-05,0.012063584,0.49811456,0.48915094,0.00063018675,3.1794707e-07
20035,2022-08-09,3,D2,3,D2,3,D2,True,6.032585e-07,1.0059439e-05,0.17356679,0.81911814,0.0073043024,1.3407886e-07
20035,2022-08-16,3,D2,3,D2,3,D2,True,2.3966646e-07,2.5279326e-07,0.017244948,0.7726229,0.21011841,1.3253057e-05
20035,2022-08-23,3,D2,4,D3,4,D3,False,6.1418837e-06,4.040681e-06,0.009531838,0.43439054,0.5546971,0.0013703122
20035,2022-08-30,4,D3,4,D3,4,D3,True,4.987106e-05,4.1012925e-05,0.023236502,0.461393,0.5121138,0.0031657182
20035,2022-09-06,4,D3,4,D3,4,D3,True,5.0979675e-06,2.2946476e-06,5.6513185e-05,0.012398777,0.6643075,0.32322976
20035,2022-09-13,4,D3,4,D3,4,D3,True,3.6543843e-06,1.976296e-06,4.1513256e-05,0.009332262,0.58590114,0.40471944
20035,2022-09-20,4,D3,4,D3,4,D3,True,5.474004e-05,2.1854466e-05,0.0027359778,0.24139212,0.6316454,0.12414992
20035,2022-09-27,5,D4,5,D4,5,D4,True,1.5288552e-07,1.2623786e-07,2.4013997e-07,0.00018536494,0.23661952,0.7631946
20035,2022-10-04,5,D4,5,D4,5,D4,True,1.1704287e-08,1.5794454e-08,1.1923757e-08,4.003933e-06,0.017177999,0.982818
20035,2022-10-11,5,D4,5,D4,5,D4,True,2.2080988e-08,4.225436e-08,2.0642243e-08,2.8469817e-06,0.022557788,0.9774394
20035,2022-10-18,5,D4,5,D4,5,D4,True,1.477001e-08,3.1869558e-08,1.1997883e-08,1.0055888e-06,0.02293166,0.97706723
20035,2022-10-25,5,D4,5,D4,5,D4,True,2.0496163e-08,4.2720202e-08,2.0107477e-08,1.3300186e-06,0.037021764,0.9629769
20035,2022-11-01,5,D4,5,D4,5,D4,True,1.2385308e-08,2.6916176e-08,9.584344e-09,6.5538813e-07,0.04144769,0.9585516
20035,2022-11-08,5,D4,4,D3,5,D4,True,1.6527666e-06,2.0179025e-06,1.9209921e-05,0.00039695334,0.50916505,0.49041516
20035,2022-11-15,5,D4,5,D4,5,D4,True,6.8585456e-07,1.5309345e-06,9.2191885e-07,1.1684768e-05,0.22365816,0.77632695
20035,2022-11-22,5,D4,5,D4,5,D4,True,3.5861092e-07,1.1594555e-06,3.9504917e-07,4.113654e-06,0.119078405,0.88091564
20035,2022-11-29,5,D4,5,D4,5,D4,True,4.7332058e-05,0.000110097666,0.00034446115,0.0013820026,0.49512357,0.5029926
20035,2022-12-06,5,D4,5,D4,5,D4,True,1.6310578e-06,6.424393e-06,2.1681926e-06,2.4991718e-05,0.15708031,0.8428844
20035,2022-12-13,5,D4,5,D4,5,D4,True,1.900176e-07,6.637182e-07,2.9460577e-07,2.849976e-05,0.13427639,0.86569405
20035,2022-12-20,5,D4,5,D4,5,D4,True,5.7022254e-07,1.3139123e-06,2.1814299e-06,0.00042243872,0.34725422,0.65231925
20035,2022-12-27,5,D4,5,D4,5,D4,True,3.088214e-08,8.609032e-08,5.8540884e-08,4.1655123e-05,0.16582078,0.8341373
20035,2023-01-03,5,D4,4,D3,4,D3,False,5.811774e-07,1.1662282e-06,3.5194919e-06,0.0011004262,0.5828176,0.41607672
20035,2023-01-10,5,D4,5,D4,5,D4,True,1.453149e-08,2.9957313e-08,1.4378639e-08,1.7268683e-05,0.15063162,0.84935105
20035,2023-01-17,5,D4,5,D4,5,D4,True,1.4729112e-07,2.3048679e-07,2.829091e-07,0.00014699467,0.3559445,0.6439078
20035,2023-01-24,5,D4,4,D3,4,D3,False,1.2759384e-06,2.1738397e-06,5.869626e-06,0.0013422009,0.56820935,0.43043905
20035,2023-01-31,5,D4,5,D4,5,D4,True,1.1878708e-07,1.8510686e-07,1.5103717e-07,8.439592e-05,0.2081027,0.7918124
20035,2023-02-07,5,D4,5,D4,5,D4,True,4.9539114e-08,9.2952824e-08,5.280557e-08,3.1482174e-05,0.11414254,0.88582575
20035,2023-02-14,5,D4,5,D4,5,D4,True,4.4184972e-07,6.883154e-07,1.0597282e-06,0.0003516985,0.26663402,0.7330121
20035,2023-02-21,5,D4,5,D4,5,D4,True,2.0332875e-06,2.5353638e-06,9.113779e-06,0.0023809532,0.4940774,0.503528
20035,2023-02-28,5,D4,5,D4,5,D4,True,1.5846953e-07,2.1353019e-07,4.7399507e-07,0.00037631008,0.2395976,0.76002526
20035,2023-03-07,5,D4,5,D4,5,D4,True,1.3577491e-07,1.4476959e-07,4.7996207e-07,0.0005550261,0.22354585,0.7758983
20035,2023-03-14,5,D4,5,D4,5,D4,True,3.8162995e-07,3.6460804e-07,1.7175305e-06,0.0011267335,0.223882,0.7749888
20035,2023-03-21,5,D4,5,D4,5,D4,True,2.2579412e-08,3.5777937e-08,1.0446232e-07,7.945745e-05,0.06334069,0.9365797
20035,2023-03-28,5,D4,5,D4,5,D4,True,3.4544883e-08,7.9681435e-08,1.307337e-07,4.4015254e-05,0.050327122,0.94962853
20035,2023-04-04,5,D4,5,D4,5,D4,True,1.4771815e-08,3.471789e-08,3.456473e-08,1.39742815e-05,0.038956027,0.9610299
20035,2023-04-11,5,D4,5,D4,5,D4,True,7.654043e-09,1.8488663e-08,1.4049372e-08,7.1774734e-06,0.028630944,0.9713618
20035,2023-04-18,5,D4,5,D4,5,D4,True,3.5224136e-08,7.7213414e-08,1.2729633e-07,2.978153e-05,0.055930633,0.9440392
20035,2023-04-25,5,D4,5,D4,5,D4,True,2.0011377e-08,3.8193132e-08,4.832818e-08,1.1130573e-05,0.042275883,0.957713
20035,2023-05-02,5,D4,5,D4,5,D4,True,2.448795e-07,5.078068e-07,1.3249125e-06,8.390224e-05,0.12831688,0.8715971
20035,2023-05-09,5,D4,5,D4,5,D4,True,1.8400135e-08,5.741957e-08,2.5585603e-08,2.591484e-06,0.032945503,0.9670519
20035,2023-05-16,5,D4,5,D4,5,D4,True,3.4555233e-06,6.9578778e-06,2.8191824e-05,0.0005596632,0.27419645,0.7252053
20035,2023-05-23,5,D4,5,D4,5,D4,True,3.3385547e-08,1.198082e-07,4.9713208e-08,2.0657546e-06,0.042642336,0.95735544
20035,2023-05-30,5,D4,5,D4,5,D4,True,1.7126474e-07,5.701736e-07,4.8351154e-07,1.0137168e-05,0.068177804,0.9318109
20035,2023-06-06,5,D4,5,D4,5,D4,True,1.7511213e-06,4.706197e-06,9.165104e-06,0.00014168523,0.18491757,0.81492525
20035,2023-06-13,5,D4,5,D4,5,D4,True,4.8927497e-08,1.7700143e-07,9.65412e-08,3.2526293e-06,0.03711868,0.9628777
20035,2023-06-20,5,D4,5,D4,5,D4,True,2.2260011e-07,5.562421e-07,7.799558e-07,2.7275513e-05,0.064990036,0.93498105
20035,2023-06-27,5,D4,5,D4,5,D4,True,1.1181188e-07,3.4176443e-07,5.1329675e-07,3.8514285e-05,0.05384324,0.9461173
20035,2023-07-04,5,D4,5,D4,5,D4,True,2.4782378e-07,5.6489137e-07,1.957799e-06,0.00022432391,0.07258508,0.92718774
20035,2023-07-11,4,D3,5,D4,5,D4,False,2.8466812e-07,5.087482e-07,2.879804e-06,0.00041481704,0.11646375,0.88311774
20035,2023-07-18,4,D3,5,D4,5,D4,False,2.4214383e-08,6.376648e-08,2.8136057e-07,4.777171e-05,0.094114386,0.90583754
20035,2023-07-25,4,D3,4,D3,4,D3,True,3.439636e-07,1.03082826e-07,6.6807705e-05,0.02068817,0.9656841,0.013560526
20035,2023-08-01,4,D3,4,D3,4,D3,True,4.772269e-08,2.1515639e-08,4.7278218e-06,0.0019343671,0.9798859,0.018175054
20035,2023-08-08,4,D3,4,D3,4,D3,True,5.6804834e-07,2.0283207e-07,7.643817e-05,0.010660419,0.9819332,0.0073291897
20035,2023-08-15,4,D3,4,D3,4,D3,True,6.2880764e-07,2.0028001e-07,0.0001507942,0.022939477,0.9720782,0.004830765
20035,2023-08-22,4,D3,4,D3,4,D3,True,4.1226507e-08,2.9729417e-08,9.865116e-07,0.0004576883,0.803247,0.19629431
20035,2023-08-29,4,D3,4,D3,4,D3,True,1.1194322e-06,6.2377893e-07,4.7245983e-05,0.0059463913,0.7884765,0.20552805
20035,2023-09-05,4,D3,4,D3,4,D3,True,1.7428104e-07,1.015303e-07,5.3534923e-06,0.0021707788,0.74534327,0.25248036
20035,2023-09-12,4,D3,4,D3,4,D3,True,1.3997605e-06,5.620573e-07,9.6669784e-05,0.03246685,0.8154974,0.15193725
20035,2023-09-19,4,D3,4,D3,4,D3,True,1.4768699e-07,6.50934e-08,1.0937645e-05,0.012717012,0.75289035,0.23438141
20035,2023-09-26,4,D3,4,D3,4,D3,True,9.693089e-07,4.6966184e-07,0.0011066524,0.44572777,0.55122954,0.001934574
20035,2023-10-03,4,D3,4,D3,4,D3,True,2.0963195e-07,8.772811e-08,4.688675e-05,0.0590191,0.89283645,0.048097238
20035,2023-10-10,4,D3,4,D3,4,D3,True,8.18439e-08,2.780257e-08,2.5114692e-05,0.052814197,0.91410947,0.03305109
20035,2023-10-17,4,D3,4,D3,4,D3,True,1.9615433e-07,7.041334e-08,0.00022873215,0.32189262,0.6764148,0.0014636386
20035,2023-10-24,4,D3,4,D3,4,D3,True,5.386165e-08,1.827653e-08,1.526516e-05,0.041202888,0.9279372,0.030844634
20035,2023-10-31,3,D2,3,D2,3,D2,True,1.3059962e-07,1.4291567e-07,0.0019200774,0.5543071,0.4437579,1.4684563e-05
20035,2023-11-07,3,D2,3,D2,3,D2,True,1.6387983e-08,3.1548188e-07,0.017969798,0.90748334,0.074546486,1.1484446e-08
20035,2023-11-14,3,D2,3,D2,3,D2,True,1.0439924e-08,1.3838098e-07,0.011503907,0.97165954,0.01683647,4.6769997e-09
20035,2023-11-21,3,D2,3,D2,3,D2,True,1.786522e-07,1.8626048e-05,0.12731719,0.8699789,0.0026851122,6.3059047e-10
20035,2023-11-28,3,D2,3,D2,3,D2,True,1.4914235e-08,1.7817467e-06,0.06500419,0.93434227,0.0006517067,3.7924434e-11
20035,2023-12-05,2,D1,3,D2,3,D2,False,1.8408539e-08,2.42722e-06,0.06816446,0.9312426,0.0005904915,4.1132663e-11
20035,2023-12-12,2,D1,2,D1,2,D1,True,1.1322728e-05,0.119123496,0.8235446,0.057320442,1.5061228e-07,1.7467429e-11
20035,2023-12-19,2,D1,2,D1,2,D1,True,8.068565e-05,0.30358455,0.69143945,0.004895239,1.8463577e-08,8.511591e-11
20035,2023-12-26,1,D0,2,D1,2,D1,False,8.769741e-05,0.32375315,0.67310774,0.003051427,1.4080558e-08,9.9516714e-11
20035,2024-01-02,1,D0,1,D0,1,D0,True,0.20036812,0.77850544,0.021126015,4.9300303e-07,5.759165e-10,1.3148156e-09
20035,2024-01-09,1,D0,1,D0,1,D0,True,0.26679513,0.72844404,0.0047607357,7.5039296e-08,3.1218536e-10,4.7560655e-10
20035,2024-01-16,1,D0,1,D0,1,D0,True,0.25593936,0.740412,0.0036486415,2.882969e-08,8.928797e-11,1.213234e-10
20035,2024-01-23,1,D0,1,D0,1,D0,True,0.24954565,0.7459099,0.0045444397,2.0616884e-08,5.2960608e-11,7.028744e-11
20035,2024-01-30,1,D0,1,D0,1,D0,True,0.23497541,0.7569585,0.008066039,3.4475388e-08,1.0276348e-10,1.315471e-10
20035,2024-02-06,1,D0,1,D0,1,D0,True,0.31240222,0.68512046,0.0024773069,4.290083e-08,8.7447194e-10,9.680242e-10
20035,2024-02-13,0,None,1,D0,1,D0,False,0.26940054,0.7238163,0.00678315,6.011876e-08,3.872164e-10,3.951353e-10
20035,2024-02-20,0,None,0,None,0,None,True,0.68578994,0.31420305,6.7142614e-06,7.3006014e-08,1.4611015e-07,3.681006e-08
20035,2024-02-27,0,None,0,None,0,None,True,0.7207915,0.279165,3.951216e-05,1.5295533e-06,1.8951788e-06,5.168024e-07
20035,2024-03-05,1,D0,0,None,0,None,False,0.6526202,0.34733522,4.3076932e-05,5.9637523e-07,6.8835357e-07,2.2978287e-07
20035,2024-03-12,1,D0,1,D0,1,D0,True,0.37782183,0.6122357,0.00994059,1.6006703e-06,9.716407e-08,8.286743e-08
20035,2024-03-19,1,D0,1,D0,1,D0,True,0.3281575,0.653568,0.018273225,1.1481955e-06,3.6884757e-08,3.565895e-08
20035,2024-03-26,0,None,1,D0,1,D0,False,0.30057797,0.6633275,0.03609033,4.014693e-06,9.624375e-08,9.2589275e-08
20035,2024-04-02,0,None,1,D0,1,D0,False,0.34996828,0.6205115,0.029509239,9.650847e-06,7.5095346e-07,6.4090426e-07
20035,2024-04-09,0,None,1,D0,1,D0,False,0.20663488,0.651431,0.14186189,6.86889e-05,2.2843367e-06,1.2302171e-06
20035,2024-04-16,1,D0,1,D0,1,D0,True,0.048949625,0.6128434,0.337988,0.0002157262,2.4061587e-06,8.6711407e-07
20035,2024-04-23,1,D0,2,D1,2,D1,False,0.00023007164,0.4459022,0.5532117,0.00065604196,4.819295e-08,1.9329423e-09
20035,2024-04-30,1,D0,2,D1,1,D0,True,0.045199137,0.4641994,0.48368645,0.006884526,2.355452e-05,6.9379394e-06
20035,2024-05-07,1,D0,1,D0,1,D0,True,0.39230192,0.5906298,0.017043957,2.2860364e-05,7.238114e-07,6.6292006e-07
20035,2024-05-14,1,D0,1,D0,1,D0,True,0.3849473,0.60881346,0.006235739,3.3599417e-06,1.0228588e-07,5.0679823e-08
20035,2024-05-21,0,None,1,D0,1,D0,False,0.43947428,0.5492004,0.011286995,3.4796787e-05,2.7530004e-06,7.9085834e-07
20035,2024-05-28,0,None,0,None,0,None,True,0.8358427,0.16413929,1.1382771e-05,1.9715146e-06,4.0568643e-06,5.745462e-07
20035,2024-06-04,0,None,0,None,0,None,True,0.842735,0.1572029,3.8582115e-05,7.699845e-06,1.3296313e-05,2.5677693e-06
20035,2024-06-11,0,None,0,None,0,None,True,0.85238683,0.14756633,2.7987984e-05,5.6374815e-06,1.0981282e-05,2.3103967e-06
20035,2024-06-18,0,None,0,None,0,None,True,0.8004354,0.19954191,1.6266797e-05,1.36212e-06,3.3084384e-06,1.7488983e-06
20035,2024-06-25,1,D0,0,None,0,None,False,0.6939016,0.3060036,7.874881e-05,3.1966774e-06,6.947919e-06,5.9792924e-06
20035,2024-07-02,0,None,1,D0,1,D0,False,0.20653182,0.62639314,0.16704547,2.8908311e-05,2.1680478e-07,4.5863092e-07
20035,2024-07-09,0,None,1,D0,1,D0,False,0.44900122,0.5490523,0.0019439082,1.6122007e-06,4.49208e-07,4.6495356e-07
20035,2024-07-16,1,D0,1,D0,1,D0,True,0.3155724,0.660895,0.023527995,4.0077025e-06,2.7995233e-07,3.220444e-07
20035,2024-07-23,1,D0,1,D0,1,D0,True,0.023197208,0.63124365,0.34546834,8.956469e-05,2.6658984e-07,9.459934e-07
20035,2024-07-30,2,D1,1,D0,1,D0,False,0.006138838,0.5804363,0.41326058,0.00016360272,1.3940954e-07,5.779059e-07
20035,2024-08-06,2,D1,2,D1,2,D1,True,1.8976561e-05,0.061269168,0.8571866,0.08152391,1.3821976e-06,2.3054112e-08
20035,2024-08-13,2,D1,2,D1,2,D1,True,8.6265885e-05,0.06234834,0.8234698,0.114092894,2.6664823e-06,3.418073e-08
20035,2024-08-20,2,D1,2,D1,2,D1,True,0.00041447868,0.13828412,0.7649419,0.09635028,8.976764e-06,2.0758844e-07
20035,2024-08-27,2,D1,2,D1,2,D1,True,9.317442e-06,0.0055151954,0.56804967,0.42639783,2.7951037e-05,1.7314894e-08
20035,2024-09-03,2,D1,2,D1,2,D1,True,8.0799755e-06,0.0047883643,0.5262098,0.46892735,6.646175e-05,1.5030428e-08
20035,2024-09-10,2,D1,2,D1,2,D1,True,5.4648917e-06,0.0036283461,0.52608734,0.47019264,8.617762e-05,1.4997926e-08
20035,2024-09-17,2,D1,2,D1,2,D1,True,6.2847707e-06,0.007567624,0.56005293,0.43232533,4.7857877e-05,9.598663e-09
20035,2024-09-24,2,D1,3,D2,3,D2,False,1.2411378e-05,0.0045933863,0.47587773,0.51875407,0.00076234894,3.6019166e-08
20035,2024-10-01,2,D1,3,D2,3,D2,False,1.8753763e-06,0.0004308784,0.43627024,0.5622118,0.0010851679,2.1670203e-08
20035,2024-10-08,3,D2,3,D2,3,D2,True,1.8438815e-06,0.00036743414,0.42420128,0.5740636,0.0013656956,2.471727e-08
20035,2024-10-15,3,D2,3,D2,3,D2,True,1.805562e-08,2.3694765e-08,0.003041324,0.6131586,0.3837954,4.6482664e-06
20035,2024-10-22,3,D2,3,D2,3,D2,True,3.207269e-08,4.6137046e-08,0.0031779811,0.5607061,0.43611088,4.978238e-06
20035,2024-10-29,3,D2,4,D3,4,D3,False,1.5900282e-08,7.3476136e-09,0.00029485446,0.44349143,0.5561929,2.0879877e-05
20035,2024-11-05,2,D1,3,D2,3,D2,False,1.850882e-05,0.00074965693,0.32763037,0.6439153,0.027684432,1.6520459e-06
20035,2024-11-12,1,D0,1,D0,1,D0,True,0.08088029,0.65531725,0.25896773,0.0047745137,4.8266953e-05,1.1965769e-05
20035,2024-11-19,1,D0,1,D0,1,D0,True,0.32471898,0.6667212,0.008556841,2.8314885e-06,4.064834e-08,1.5907768e-08
20035,2024-11-26,1,D0,1,D0,1,D0,True,0.26166964,0.7318278,0.006501916,6.730818e-07,2.9643952e-09,7.4502393e-10
20035,2024-12-03,1,D0,1,D0,1,D0,True,0.26529098,0.73270214,0.0020067154,1.8317341e-07,8.151395e-10,1.2516366e-10
20035,2024-12-10,1,D0,1,D0,1,D0,True,0.17236017,0.82148653,0.0061531044,1.6982735e-07,2.9721792e-10,8.4141895e-11
20035,2024-12-17,1,D0,1,D0,1,D0,True,0.10666813,0.88236266,0.0109691005,8.296894e-08,5.5297718e-11,2.848894e-11
20035,2024-12-24,1,D0,1,D0,1,D0,True,0.01839286,0.85621053,0.12539509,1.4894002e-06,1.11701856e-10,1.12119806e-10
20035,2024-12-31,1,D0,1,D0,1,D0,True,0.0906451,0.89221185,0.017142894,5.519736e-08,3.4099782e-11,3.9307273e-11
20035,2025-01-07,1,D0,1,D0,1,D0,True,0.1088202,0.8784591,0.012720677,3.6147263e-08,2.3805192e-11,2.3110396e-11
20035,2025-01-14,1,D0,1,D0,1,D0,True,0.068021454,0.90811425,0.023864321,3.6513125e-08,1.36850635e-11,1.6869783e-11
20035,2025-01-21,1,D0,1,D0,1,D0,True,0.064871445,0.90336835,0.031760257,5.1227047e-08,1.2295856e-11,2.0399158e-11
20035,2025-01-28,1,D0,1,D0,1,D0,True,0.034443695,0.87645036,0.08910588,1.0195979e-07,8.819391e-12,3.5449324e-11
20035,2025-02-04,1,D0,1,D0,1,D0,True,0.065666586,0.88464946,0.049683835,5.886387e-08,8.989768e-12,3.1273647e-11
20035,2025-02-11,1,D0,1,D0,1,D0,True,0.0056107608,0.74785,0.24653812,1.0338001e-06,2.7607923e-11,6.7175765e-11
20035,2025-02-18,1,D0,1,D0,1,D0,True,0.04463369,0.79474235,0.16062313,8.5513796e-07,3.5328174e-11,1.4564598e-10
20035,2025-02-25,1,D0,1,D0,1,D0,True,0.0013304743,0.6328378,0.3658255,6.297778e-06,7.501191e-11,8.5390105e-11
20035,2025-03-04,1,D0,2,D1,1,D0,True,6.808576e-05,0.48289478,0.5169403,9.6911695e-05,2.1183065e-10,3.7173875e-11
20035,2025-03-11,1,D0,2,D1,2,D1,False,0.00013184384,0.40011197,0.5991368,0.00061935623,3.9568655e-09,2.8534758e-10
20035,2025-03-18,2,D1,2,D1,2,D1,True,4.310035e-05,0.27808473,0.69934833,0.02252344,3.1010458e-07,2.084739e-09
20035,2025-03-25,2,D1,2,D1,2,D1,True,4.83938e-06,0.03307277,0.7329103,0.2340106,1.5142112e-06,4.7256177e-10
20035,2025-04-01,2,D1,2,D1,2,D1,True,5.456452e-05,0.086244315,0.7579647,0.15573373,2.7626136e-06,5.6814953e-09
20035,2025-04-08,2,D1,2,D1,2,D1,True,0.00066537515,0.2771877,0.6936573,0.028488062,1.4081289e-06,8.2406316e-08
20035,2025-04-15,2,D1,2,D1,2,D1,True,2.1902346e-05,0.01547288,0.68743765,0.29704684,2.0522812e-05,1.2517819e-07
20035,2025-04-22,1,D0,2,D1,2,D1,False,0.011486883,0.4709521,0.51464665,0.0029123384,7.3365396e-07,1.3102178e-06
20035,2025-04-29,1,D0,1,D0,1,D0,True,0.38733342,0.6111343,0.0015322132,3.3245062e-08,1.121946e-09,3.5303007e-09
20035,2025-05-06,1,D0,1,D0,1,D0,True,0.2680561,0.7279886,0.003955381,5.7667324e-09,3.0265308e-11,9.04821e-11
20035,2025-05-13,0,None,1,D0,1,D0,False,0.1615689,0.76178354,0.076646805,7.3963054e-07,1.140966e-09,3.677075e-09
20035,2025-05-20,0,None,0,None,0,None,True,0.63767594,0.36231706,6.979399e-06,6.5424386e-09,1.3991519e-08,8.318652e-09
20035,2025-05-27,0,None,0,None,0,None,True,0.73543614,0.2645435,2.0173578e-05,8.1122046e-08,1.1934284e-07,4.815057e-08
20035,2025-06-03,0,None,0,None,0,None,True,0.84968555,0.1503126,1.6853304e-06,2.5473588e-08,7.8674425e-08,1.29056685e-08
20035,2025-06-10,0,None,0,None,0,None,True,0.8513454,0.14864857,5.22594e-06,1.8824198e-07,5.031505e-07,1.4313854e-07
20035,2025-06-17,0,None,0,None,0,None,True,0.8389769,0.16101828,4.0748077e-06,1.7504505e-07,3.865133e-07,9.180469e-08
20035,2025-06-24,0,None,0,None,0,None,True,0.85497963,0.1450036,1.3271734e-05,1.0992853e-06,1.8504506e-06,5.607184e-07
20035,2025-07-01,0,None,0,None,0,None,True,0.85030264,0.14966781,2.3444882e-05,2.3192845e-06,2.8794043e-06,9.589053e-07
20035,2025-07-08,0,None,0,None,0,None,True,0.80296975,0.19700697,1.796921e-05,1.5743153e-06,2.1994017e-06,1.5604766e-06
20035,2025-07-15,0,None,0,None,0,None,True,0.7561728,0.24379674,2.4588086e-05,1.4849643e-06,2.2276354e-06,2.1636372e-06
20035,2025-07-22,0,None,0,None,0,None,True,0.79687923,0.20309918,1.7051112e-05,1.3344448e-06,1.9736626e-06,1.3174262e-06
20035,2025-07-29,0,None,0,None,0,None,True,0.8114569,0.18853654,4.4835324e-06,4.59759e-07,1.0037667e-06,6.063769e-07
20035,2025-08-05,0,None,0,None,0,None,True,0.75226384,0.24773128,3.7053683e-06,2.1057302e-07,5.4851665e-07,4.055968e-07
20035,2025-08-12,0,None,0,None,0,None,True,0.7522932,0.24769206,1.0578396e-05,7.3281495e-07,1.7327947e-06,1.7494141e-06
20035,2025-08-19,0,None,0,None,0,None,True,0.72383296,0.27616268,3.2513433e-06,1.3522803e-07,3.9372648e-07,5.199655e-07
20035,2025-08-26,0,None,0,None,0,None,True,0.70123523,0.29875857,4.937385e-06,1.2905961e-07,3.96239e-07,7.1162816e-07
20035,2025-09-02,0,None,0,None,0,None,True,0.7493682,0.25062588,4.417864e-06,1.9696681e-07,6.735857e-07,6.639179e-07
20035,2025-09-09,0,None,0,None,0,None,True,0.76344967,0.23654877,1.0510525e-06,6.198984e-08,2.4298305e-07,1.2128818e-07
20035,2025-09-16,0,None,0,None,0,None,True,0.7293176,0.27067867,2.5847428e-06,2.466389e-07,7.236922e-07,2.270219e-07
20035,2025-09-23,0,None,0,None,0,None,True,0.8120533,0.18793838,4.7107733e-06,9.808515e-07,2.2840961e-06,2.892512e-07
20035,2025-09-30,0,None,0,None,0,None,True,0.8108931,0.18910328,1.865752e-06,4.140629e-07,1.2289486e-06,1.3974125e-07
20035,2025-10-07,0,None,0,None,0,None,True,0.8068922,0.1931006,3.0203316e-06,7.7299586e-07,3.287418e-06,1.6583806e-07
20035,2025-10-14,0,None,0,None,0,None,True,0.77120024,0.22878689,5.575665e-06,1.4301805e-06,5.564892e-06,2.3526422e-07
20035,2025-10-21,0,None,0,None,0,None,True,0.7809675,0.21902032,5.5607265e-06,1.233545e-06,5.204902e-06,1.798966e-07
20035,2025-10-28,0,None,0,None,0,None,True,0.5195836,0.47983012,0.00057298044,7.9684205e-06,4.6227415e-06,7.4687995e-07
20035,2025-11-04,0,None,0,None,0,None,True,0.8389187,0.16107492,1.3434586e-06,1.0469655e-06,3.6678953e-06,3.6120443e-07
20035,2025-11-11,0,None,0,None,0,None,True,0.7410751,0.25891903,1.9171878e-06,7.421083e-07,2.4005928e-06,7.728673e-07
20035,2025-11-18,0,None,0,None,0,None,True,0.68156296,0.31843337,2.3735693e-06,2.2644774e-07,8.685358e-07,2.104508e-07
20035,2025-11-25,0,None,0,None,0,None,True,0.87005913,0.12993535,2.1084577e-06,5.8330215e-07,2.7834772e-06,9.134472e-08
20035,2025-12-02,0,None,0,None,0,None,True,0.8764598,0.12353912,4.2478112e-07,1.017176e-07,5.1651676e-07,1.3994408e-08
20035,2025-12-09,0,None,0,None,0,None,True,0.82019633,0.1798016,1.22892e-06,1.6554935e-07,6.353641e-07,2.951038e-08
20035,2025-12-16,0,None,0,None,0,None,True,0.6564603,0.3435262,1.1970018e-05,3.483306e-07,1.0619873e-06,1.1202192e-07
20035,2025-12-23,0,None,0,None,0,None,True,0.5356618,0.46432263,1.5478136e-05,3.5234184e-08,7.825011e-08,1.4570517e-08
20035,2025-12-30,1,D0,1,D0,1,D0,True,0.46141946,0.5385031,7.7255085e-05,4.6942134e-08,6.179272e-08,2.0953618e-08
20037,2022-01-04,0,None,0,None,0,None,True,0.6161323,0.38385934,8.096314e-06,2.4369898e-08,4.6454222e-08,1.5488712e-07
20037,2022-01-11,0,None,0,None,0,None,True,0.59770054,0.40229106,8.307881e-06,1.5966336e-08,3.235578e-08,8.846064e-08
20037,2022-01-18,0,None,0,None,0,None,True,0.61698484,0.38300803,6.9041416e-06,2.636708e-08,4.6623313e-08,1.1123571e-07
20037,2022-01-25,1,D0,0,None,0,None,False,0.562999,0.4369842,1.6575092e-05,2.6612668e-08,4.1303107e-08,9.340309e-08
20037,2022-02-01,2,D1,1,D0,1,D0,False,0.0025561042,0.81128234,0.18615946,2.0908296e-06,1.1115335e-09,4.0460626e-09
20037,2022-02-08,1,D0,2,D1,2,D1,False,6.0167684e-05,0.1937742,0.7945431,0.011621689,7.627823e-07,1.3036258e-07
20037,2022-02-15,1,D0,1,D0,1,D0,True,0.014530178,0.56621385,0.41898212,0.00027155437,2.3688382e-07,2.0641337e-06
20037,2022-02-22,1,D0,1,D0,1,D0,True,0.0049653733,0.64071053,0.35427812,4.5795274e-05,9.132961e-09,4.0761723e-08
20037,2022-03-01,1,D0,1,D0,1,D0,True,0.00077553076,0.58579725,0.4133882,3.909999e-05,2.0485587e-09,7.5144415e-09
20037,2022-03-08,1,D0,1,D0,1,D0,True,0.010214634,0.6877554,0.3020223,7.657959e-06,5.844721e-10,3.460864e-09
20037,2022-03-15,1,D0,1,D0,1,D0,True,0.21523458,0.76933944,0.015425757,1.5204174e-07,1.3271754e-09,3.087836e-09
20037,2022-03-22,0,None,1,D0,1,D0,False,0.31577694,0.68205935,0.0021636134,1.5802803e-07,7.2193864e-09,7.94575e-09
20037,2022-03-29,0,None,0,None,0,None,True,0.7805744,0.21942486,5.421374e-07,2.367491e-08,1.0440143e-07,4.686394e-08
20037,2022-04-05,0,None,0,None,0,None,True,0.6774675,0.32252535,5.8816377e-06,2.2710435e-07,6.6411127e-07,3.8028142e-07
20037,2022-04-12,0,None,0,None,0,None,True,0.6144132,0.38554323,3.7638423e-05,1.210363e-06,2.4317178e-06,2.317986e-06
20037,2022-04-19,1,D0,0,None,0,None,False,0.5524691,0.44744724,7.9937236e-05,6.443396e-07,1.2774177e-06,1.7399326e-06
20037,2022-04-26,1,D0,1,D0,1,D0,True,0.010507724,0.7347095,0.2547599,2.2814284e-05,2.449776e-08,4.6919823e-08
20037,2022-05-03,1,D0,1,D0,1,D0,True,0.2094909,0.58282346,0.20746765,0.00021074443,2.2997754e-06,5.0117965e-06
20037,2022-05-10,0,None,1,D0,1,D0,False,0.32554078,0.64989454,0.02455433,9.857052e-06,2.7056487e-07,2.004476e-07
20037,2022-05-17,0,None,0,None,0,None,True,0.8166557,0.18334326,6.359398e-07,5.2261292e-08,2.96312e-07,6.054096e-08
20037,2022-05-24,0,None,0,None,0,None,True,0.71780795,0.28217587,1.38147025e-05,4.937064e-07,1.4444647e-06,3.975033e-07
20037,2022-05-31,0,None,0,None,0,None,True,0.79811615,0.20184155,3.376659e-05,1.937929e-06,5.2891555e-06,1.285065e-06
20037,2022-06-07,0,None,0,None,0,None,True,0.8408626,0.15911454,1.627002e-05,1.5253215e-06,3.9750885e-06,1.1052717e-06
20037,2022-06-14,0,None,0,None,0,None,True,0.81538,0.18461052,5.403662e-06,6.3649844e-07,2.5873774e-06,8.3230987e-07
20037,2022-06-21,0,None,0,None,0,None,True,0.7532956,0.24669091,6.090999e-06,8.65596e-07,4.385371e-06,2.049283e-06
20037,2022-06-28,0,None,0,None,0,None,True,0.7217983,0.27817458,2.2203021e-05,7.857276e-07,2.502191e-06,1.5829052e-06
20037,2022-07-05,0,None,1,D0,1,D0,False,0.41700792,0.57791555,0.005071671,3.949987e-06,5.2659664e-07,4.1582803e-07
20037,2022-07-12,1,D0,1,D0,1,D0,True,0.29906604,0.65622234,0.044697143,1.41082155e-05,2.0668416e-07,1.70236e-07
20037,2022-07-19,2,D1,1,D0,1,D0,False,0.0026951726,0.5503789,0.44517836,0.0017469691,4.545961e-07,1.6421352e-07
20037,2022-07-26,3,D2,2,D1,2,D1,False,2.60069e-05,0.015033686,0.6204821,0.36442512,3.303867e-05,1.2293354e-07
20037,2022-08-02,3,D2,3,D2,3,D2,True,3.3826e-05,0.0001447667,0.20051832,0.5843361,0.21489634,7.0720984e-05
20037,2022-08-09,3,D2,4,D3,4,D3,False,9.932596e-07,5.6769636e-07,0.007606934,0.42944583,0.5626725,0.00027316195
20037,2022-08-16,3,D2,3,D2,3,D2,True,1.2481287e-06,2.1061462e-06,0.028025325,0.5729395,0.39899275,3.9038892e-05
20037,2022-08-23,3,D2,3,D2,3,D2,True,2.2957672e-06,3.6686115e-06,0.026583767,0.529073,0.44427097,6.629653e-05
20037,2022-08-30,4,D3,3,D2,3,D2,False,4.1415706e-06,8.76727e-06,0.05314631,0.6545866,0.29221982,3.4389734e-05
20037,2022-09-06,4,D3,4,D3,4,D3,True,2.1552996e-06,7.271448e-07,8.135346e-05,0.020145968,0.7654545,0.21431524
20037,2022-09-13,4,D3,4,D3,4,D3,True,1.3345492e-06,6.494905e-07,3.1243067e-05,0.008016962,0.5843864,0.40756342
20037,2022-09-20,4,D3,4,D3,4,D3,True,4.635241e-05,1.5891983e-05,0.0027084786,0.1440413,0.6266137,0.22657418
20037,2022-09-27,5,D4,5,D4,5,D4,True,1.5310606e-07,2.164095e-07,1.2238594e-07,3.6727044e-05,0.12697855,0.8729843
20037,2022-10-04,5,D4,5,D4,5,D4,True,2.2753072e-08,4.594143e-08,1.5063836e-08,2.2219722e-06,0.014743957,0.98525375
20037,2022-10-11,5,D4,5,D4,5,D4,True,4.1823693e-08,8.876582e-08,3.263619e-08,3.5026649e-06,0.01821286,0.98178345
20037,2022-10-18,5,D4,5,D4,5,D4,True,4.588701e-08,1.0678374e-07,3.2470254e-08,2.8502604e-06,0.020255342,0.9797417
20037,2022-10-25,4,D3,5,D4,5,D4,False,8.291767e-08,1.9404476e-07,7.4976775e-08,5.3514395e-06,0.032550495,0.9674439
20037,2022-11-01,4,D3,5,D4,5,D4,False,1.9838508e-07,2.4894646e-07,1.9912288e-06,0.0004671164,0.43777725,0.5617532
20037,2022-11-08,4,D3,4,D3,4,D3,True,1.2856179e-05,7.630433e-06,0.006142119,0.3475562,0.64530575,0.00097549456
20037,2022-11-15,4,D3,4,D3,4,D3,True,2.4292565e-06,8.872756e-07,0.0001945432,0.05779433,0.9076215,0.034386426
20037,2022-11-22,4,D3,4,D3,4,D3,True,1.388137e-07,5.8701897e-08,4.586115e-06,0.0027688215,0.8642067,0.13301966
20037,2022-11-29,4,D3,4,D3,4,D3,True,1.5364036e-05,3.7138516e-06,0.0008056681,0.082280576,0.9041813,0.012713267
20037,2022-12-06,4,D3,4,D3,4,D3,True,4.728229e-07,1.4921785e-07,1.257052e-05,0.0034336753,0.91816604,0.07838716
20037,2022-12-13,3,D2,4,D3,4,D3,False,1.0048534e-06,6.099482e-07,2.2098278e-05,0.0021915075,0.7738507,0.22393401
20037,2022-12-20,3,D2,3,D2,3,D2,True,6.168311e-06,1.7680188e-05,0.06830356,0.57299876,0.3586388,3.5068588e-05
20037,2022-12-27,3,D2,3,D2,3,D2,True,9.772582e-07,4.0930427e-06,0.06261638,0.8140194,0.12335672,2.5399643e-06
20037,2023-01-03,3,D2,3,D2,3,D2,True,2.3849275e-06,7.484417e-05,0.22250937,0.7646095,0.012803822,6.441767e-08
20037,2023-01-10,3,D2,3,D2,3,D2,True,7.6740275e-07,1.0058563e-05,0.099749684,0.8645217,0.03571764,1.3465275e-07
20037,2023-01-17,3,D2,3,D2,3,D2,True,1.175106e-06,2.797237e-05,0.1702139,0.81544775,0.014309204,4.432245e-08
20037,2023-01-24,3,D2,3,D2,3,D2,True,1.981442e-07,9.800164e-06,0.11598388,0.8794589,0.0045471303,4.45411e-09
20037,2023-01-31,3,D2,3,D2,3,D2,True,2.6776421e-08,4.559497e-07,0.020121852,0.97661996,0.0032576432,1.4861077e-09
20037,2023-02-07,3,D2,3,D2,3,D2,True,1.1933458e-08,7.29532e-09,0.00086073135,0.91044056,0.08869841,3.6093894e-07
20037,2023-02-14,3,D2,3,D2,3,D2,True,5.44216e-08,2.3745441e-08,0.0010340618,0.72308415,0.27587974,1.9588674e-06
20037,2023-02-21,3,D2,3,D2,3,D2,True,1.498627e-06,0.00019154172,0.19975635,0.7998473,0.0002033252,4.9382343e-09
20037,2023-02-28,3,D2,3,D2,3,D2,True,6.1185546e-07,6.9982525e-05,0.17295735,0.8268629,0.000109192944,2.5487614e-09
20037,2023-03-07,3,D2,3,D2,3,D2,True,1.328688e-06,0.00019956719,0.22868212,0.7710279,8.906491e-05,5.845544e-09
20037,2023-03-14,3,D2,3,D2,3,D2,True,3.1377372e-06,0.0009926639,0.34641892,0.65252936,5.595641e-05,8.055862e-09
20037,2023-03-21,3,D2,3,D2,3,D2,True,8.2020637e-07,0.00019174648,0.26826632,0.7314902,5.0976898e-05,1.9599178e-09
20037,2023-03-28,3,D2,3,D2,3,D2,True,5.9758776e-07,4.653714e-06,0.063458554,0.9329299,0.0036062375,4.7122487e-08
20037,2023-04-04,3,D2,3,D2,3,D2,True,2.6771718e-07,1.0853275e-06,0.030511178,0.96169657,0.007790804,9.621371e-08
20037,2023-04-11,3,D2,3,D2,3,D2,True,2.1171968e-07,1.472473e-07,0.0046259,0.836931,0.15843606,6.6034254e-06
20037,2023-04-18,3,D2,3,D2,3,D2,True,2.989468e-07,3.7083697e-07,0.00992976,0.8404016,0.1496666,1.28775e-06
20037,2023-04-25,3,D2,3,D2,3,D2,True,3.3726624e-07,5.760293e-07,0.013920769,0.86358285,0.12249441,1.0553255e-06
20037,2023-05-02,4,D3,4,D3,3,D2,False,6.962299e-07,3.973711e-07,0.0025665662,0.4967325,0.5006614,3.8435723e-05
20037,2023-05-09,3,D2,4,D3,4,D3,False,2.2215633e-07,6.339793e-08,4.3955647e-06,0.0063835876,0.9854628,0.008148934
20037,2023-05-16,3,D2,3,D2,3,D2,True,3.2212483e-05,5.8749094e-05,0.08726851,0.5112965,0.40111327,0.00023079709
20037,2023-05-23,3,D2,3,D2,3,D2,True,1.3707301e-05,0.0031424784,0.46210006,0.53468305,6.0780756e-05,1.4529421e-08
20037,2023-05-30,3,D2,2,D1,2,D1,False,3.233538e-05,0.04220406,0.7592156,0.19854689,1.1547246e-06,4.5536748e-09
20037,2023-06-06,3,D2,2,D1,2,D1,False,0.0022071041,0.26702073,0.68619466,0.044574477,2.4010346e-06,6.6371587e-07
20037,2023-06-13,3,D2,2,D1,2,D1,False,5.644651e-05,0.06185611,0.7603283,0.17775767,1.4076271e-06,1.5896912e-08
20037,2023-06-20,3,D2,2,D1,2,D1,False,3.031186e-05,0.054192044,0.72949976,0.2162765,1.4411291e-06,6.331574e-09
20037,2023-06-27,3,D2,3,D2,3,D2,True,1.244573e-07,1.2675115e-05,0.14956158,0.84955895,0.0008667211,4.712364e-09
20037,2023-07-04,3,D2,3,D2,3,D2,True,1.3947453e-06,0.00020424888,0.2649387,0.7342275,0.000628091,2.1330473e-08
20037,2023-07-11,3,D2,3,D2,3,D2,True,5.008633e-06,0.00013959101,0.23947509,0.75098383,0.009395572,9.4622766e-07
20037,2023-07-18,3,D2,4,D3,4,D3,False,3.9658153e-07,2.8763316e-07,0.011427915,0.43719995,0.5513514,1.9939924e-05
20037,2023-07-25,3,D2,3,D2,3,D2,True,2.637321e-06,4.1541525e-06,0.07869618,0.5886585,0.33263266,5.8744463e-06
20037,2023-08-01,3,D2,4,D3,4,D3,False,1.0324776e-06,5.0746297e-07,0.0112872915,0.37096834,0.617683,5.988787e-05
20037,2023-08-08,3,D2,3,D2,3,D2,True,8.083946e-06,9.602929e-06,0.075417124,0.47268084,0.4518573,2.7113865e-05
20037,2023-08-15,2,D1,3,D2,3,D2,False,4.8693796e-06,2.038396e-05,0.17100152,0.7223959,0.1065741,3.202145e-06
20037,2023-08-22,2,D1,2,D1,2,D1,True,6.1290324e-05,0.029161777,0.7928389,0.17791872,1.9214898e-05,1.10352815e-07
20037,2023-08-29,2,D1,2,D1,2,D1,True,2.9583654e-05,0.0115076,0.719272,0.26916748,2.3125622e-05,1.1564902e-07
20037,2023-09-05,2,D1,2,D1,2,D1,True,3.4487028e-05,0.005781988,0.6621457,0.3319747,6.278396e-05,3.4566514e-07
20037,2023-09-12,2,D1,2,D1,2,D1,True,0.00025896833,0.042960934,0.6974217,0.25930735,5.0244078e-05,8.2578816e-07
20037,2023-09-19,2,D1,2,D1,2,D1,True,3.540192e-05,0.0067956173,0.5643396,0.42873672,9.202839e-05,5.808847e-07
20037,2023-09-26,1,D0,2,D1,2,D1,False,0.0002822151,0.06214165,0.55545974,0.38195246,0.00016248389,1.4409562e-06
20037,2023-10-03,1,D0,1,D0,1,D0,True,0.14469515,0.68583643,0.16931292,0.00015137554,1.4416926e-06,2.720569e-06
20037,2023-10-10,1,D0,1,D0,1,D0,True,0.016526926,0.6764692,0.30696547,3.7747457e-05,1.8442101e-07,4.4808306e-07
20037,2023-10-17,1,D0,1,D0,1,D0,True,0.014090653,0.67327315,0.31259835,3.7430607e-05,1.0737251e-07,2.8715687e-07
20037,2023-10-24,1,D0,1,D0,1,D0,True,0.0021369157,0.6172171,0.38058367,6.2052626e-05,5.949367e-08,1.5274308e-07
20037,2023-10-31,1,D0,1,D0,1,D0,True,0.15992217,0.6764621,0.16358367,3.0897056e-05,2.9462947e-07,8.7367806e-07
20037,2023-11-07,1,D0,1,D0,1,D0,True,0.14697224,0.8272789,0.025748717,6.141886e-08,1.122187e-09,2.7193063e-09
20037,2023-11-14,1,D0,1,D0,1,D0,True,0.0087763155,0.7891302,0.20209199,1.4833673e-06,2.1875974e-09,7.843193e-09
20037,2023-11-21,1,D0,1,D0,1,D0,True,0.16728336,0.79764354,0.035072893,2.3709731e-07,4.2424295e-09,6.3993006e-09
20037,2023-11-28,1,D0,1,D0,1,D0,True,0.1048074,0.84830225,0.04689027,1.1206631e-07,9.915816e-10,1.9694433e-09
20037,2023-12-05,1,D0,1,D0,1,D0,True,0.052151233,0.8596108,0.08823774,3.2264774e-07,1.6033433e-09,3.11776e-09
20037,2023-12-12,1,D0,1,D0,1,D0,True,0.010323752,0.8048954,0.18477897,1.8630591e-06,2.2294933e-09,3.7876084e-09
20037,2023-12-19,1,D0,1,D0,1,D0,True,0.26638988,0.7253716,0.008238324,1.3256629e-07,6.8224533e-09,5.9998717e-09
20037,2023-12-26,0,None,1,D0,1,D0,False,0.2767836,0.72124547,0.001970916,1.7915697e-08,1.2857484e-09,9.491586e-10
20037,2024-01-02,0,None,0,None,0,None,True,0.7351676,0.26483127,7.44064e-07,1.4646286e-08,3.5870744e-07,6.736199e-08
20037,2024-01-09,0,None,0,None,0,None,True,0.90138066,0.09861806,1.18547355e-07,2.8091376e-08,1.0291723e-06,4.522471e-08
20037,2024-01-16,0,None,0,None,0,None,True,0.91097695,0.08902226,8.878518e-08,2.1360979e-08,6.914179e-07,3.054699e-08
20037,2024-01-23,0,None,0,None,0,None,True,0.8943402,0.105658986,1.03017406e-07,1.8555543e-08,6.2882395e-07,3.564981e-08
20037,2024-01-30,0,None,0,None,0,None,True,0.8656652,0.13433391,2.046141e-07,2.5321745e-08,6.189315e-07,4.918059e-08
20037,2024-02-06,0,None,0,None,0,None,True,0.9030322,0.096966885,8.98279e-08,2.0011575e-08,7.63913e-07,6.2899254e-08
20037,2024-02-13,0,None,0,None,0,None,True,0.8830455,0.11695222,2.95284e-07,9.594864e-08,1.6555317e-06,1.6699194e-07
20037,2024-02-20,0,None,0,None,0,None,True,0.80926967,0.19072418,1.7645199e-06,3.319003e-07,3.2400492e-06,7.744709e-07
20037,2024-02-27,1,D0,0,None,0,None,False,0.6849948,0.31499183,7.163785e-06,6.281826e-07,3.3145054e-06,2.1721573e-06
20037,2024-03-05,1,D0,1,D0,1,D0,True,0.0075517087,0.7002199,0.29221147,1.6842725e-05,3.416677e-08,3.95014e-08
20037,2024-03-12,1,D0,1,D0,1,D0,True,0.014756443,0.64559376,0.33958876,6.088569e-05,2.9626644e-08,7.638433e-08
20037,2024-03-19,1,D0,1,D0,1,D0,True,0.011757623,0.73005134,0.25817752,1.3366236e-05,1.6306004e-08,4.849085e-08
20037,2024-03-26,1,D0,1,D0,1,D0,True,0.015142399,0.6765214,0.3082883,4.7715293e-05,4.3230457e-08,8.6589516e-08
20037,2024-04-02,0,None,1,D0,1,D0,False,0.0025341045,0.6268686,0.37050626,9.0898044e-05,9.808277e-08,4.9740212e-08
20037,2024-04-09,0,None,1,D0,1,D0,False,0.45043576,0.5475951,0.0019597493,3.7146224e-06,3.9538636e-06,1.7896054e-06
20037,2024-04-16,0,None,1,D0,1,D0,False,0.3480061,0.6385167,0.013343708,7.23341e-05,5.1524752e-05,9.693354e-06
20037,2024-04-23,1,D0,1,D0,1,D0,True,0.38901716,0.59744763,0.013509665,1.7495797e-05,5.6702897e-06,2.400297e-06
20037,2024-04-30,0,None,1,D0,1,D0,False,0.33106533,0.5820279,0.08670814,0.0001902659,5.4990605e-06,2.877961e-06
20037,2024-05-07,0,None,0,None,0,None,True,0.89194584,0.108039506,3.68237e-06,1.2794104e-06,9.117903e-06,4.4455055e-07
20037,2024-05-14,0,None,0,None,0,None,True,0.86026037,0.13970605,8.559897e-06,3.9002366e-06,2.0082683e-05,1.0224605e-06
20037,2024-05-21,0,None,0,None,0,None,True,0.8216038,0.17828564,4.3210373e-05,1.3765565e-05,4.964532e-05,3.9927386e-06
20037,2024-05-28,0,None,0,None,0,None,True,0.7799928,0.21998188,1.2666539e-05,1.898312e-06,8.791345e-06,1.9868658e-06
20037,2024-06-04,0,None,0,None,0,None,True,0.7992997,0.20062453,4.090556e-05,6.0661287e-06,2.4396239e-05,4.399541e-06
20037,2024-06-11,0,None,0,None,0,None,True,0.840935,0.15901841,2.0501242e-05,4.0880777e-06,1.9623598e-05,2.3414125e-06
20037,2024-06-18,0,None,0,None,0,None,True,0.8073783,0.19257903,1.8310977e-05,3.6092808e-06,1.7542077e-05,3.2761432e-06
20037,2024-06-25,0,None,0,None,0,None,True,0.8267188,0.17320506,3.9499097e-05,6.8685886e-06,2.551209e-05,4.187252e-06
20037,2024-07-02,0,None,0,None,0,None,True,0.622002,0.3767696,0.0011416203,3.1281143e-05,3.4155844e-05,2.1329728e-05
20037,2024-07-09,0,None,0,None,0,None,True,0.85657597,0.14337072,3.578891e-05,5.0680574e-06,9.87096e-06,2.5840313e-06
20037,2024-07-16,0,None,0,None,0,None,True,0.7162672,0.28369445,2.8486169e-05,2.287425e-06,4.978897e-06,2.5688678e-06
20037,2024-07-23,0,None,0,None,0,None,True,0.71232873,0.28747627,0.00015830793,1.2884706e-05,1.47334595e-05,9.051113e-06
20037,2024-07-30,1,D0,0,None,0,None,False,0.624166,0.37570727,0.000109680645,4.739905e-06,6.5025138e-06,5.8315113e-06
20037,2024-08-06,1,D0,1,D0,1,D0,True,0.009960946,0.6519963,0.33781812,0.000224538,1.1526047e-07,2.8686276e-08
20037,2024-08-13,2,D1,2,D1,2,D1,True,0.021447182,0.45159373,0.5255235,0.0014339738,1.1664372e-06,4.6339872e-07
20037,2024-08-20,2,D1,2,D1,2,D1,True,3.2236958e-06,0.008547949,0.63107604,0.36029866,7.408626e-05,8.309029e-10
20037,2024-08-27,2,D1,2,D1,2,D1,True,8.212362e-06,0.018623099,0.707685,0.27365643,2.7184135e-05,4.940774e-10
20037,2024-09-03,2,D1,2,D1,2,D1,True,3.883974e-06,0.004725066,0.61821675,0.3769273,0.00012696795,1.4639132e-09
20037,2024-09-10,2,D1,2,D1,2,D1,True,4.0629375e-06,0.004049109,0.6104491,0.38535675,0.00014094157,2.737501e-09
20037,2024-09-17,2,D1,2,D1,2,D1,True,4.07128e-06,0.0068769003,0.6368244,0.35623556,5.9000635e-05,1.8682094e-09
20037,2024-09-24,2,D1,2,D1,2,D1,True,9.278325e-05,0.06346779,0.614368,0.32181817,0.0002531356,5.7889295e-08
20037,2024-10-01,2,D1,3,D2,3,D2,False,1.1514746e-07,9.119267e-06,0.14972758,0.8453081,0.004955019,7.2810633e-09
20037,2024-10-08,3,D2,3,D2,3,D2,True,1.019715e-08,5.1572194e-08,0.007416626,0.9248803,0.067702994,1.5248927e-08
20037,2024-10-15,3,D2,3,D2,3,D2,True,5.8743815e-10,2.2714121e-10,7.0127724e-05,0.6188833,0.38104627,2.8380487e-07
20037,2024-10-22,3,D2,3,D2,3,D2,True,3.2636136e-09,2.2442748e-09,0.00020950101,0.62704045,0.37274984,2.1476808e-07
20037,2024-10-29,3,D2,3,D2,3,D2,True,7.781481e-09,3.0213672e-09,0.00011338802,0.56631744,0.43356702,2.17002e-06
20037,2024-11-05,2,D1,3,D2,3,D2,False,1.5444587e-06,9.013418e-06,0.015407991,0.5645919,0.41998506,4.5347906e-06
20037,2024-11-12,2,D1,2,D1,2,D1,True,0.0007270896,0.12029351,0.5386917,0.33974266,0.0005427678,2.335807e-06
20037,2024-11-19,1,D0,2,D1,2,D1,False,0.0015044719,0.40041202,0.59207535,0.006007182,9.0439596e-07,8.207229e-08
20037,2024-11-26,1,D0,1,D0,1,D0,True,0.2509426,0.7440698,0.004987139,4.652594e-07,2.675615e-09,2.3948767e-09
20037,2024-12-03,1,D0,1,D0,1,D0,True,0.2853992,0.7137809,0.0008198851,2.8040338e-08,2.6196081e-10,1.5641828e-10
20037,2024-12-10,1,D0,1,D0,1,D0,True,0.23370236,0.7645323,0.0017652239,2.4708413e-08,1.3155306e-10,7.798126e-11
20037,2024-12-17,1,D0,1,D0,1,D0,True,0.18833782,0.8087931,0.0028691147,9.764468e-09,2.4683897e-11,1.6934655e-11
20037,2024-12-24,1,D0,1,D0,1,D0,True,0.09929099,0.8646405,0.03606842,1.3421763e-07,4.2769212e-11,7.611346e-11
20037,2024-12-31,1,D0,1,D0,1,D0,True,0.16682398,0.8271207,0.0060552754,5.268118e-09,6.0379024e-12,1.1814088e-11
20037,2025-01-07,1,D0,1,D0,1,D0,True,0.06967386,0.8435487,0.08677714,2.1125712e-07,1.2236772e-11,4.4045215e-11
20037,2025-01-14,1,D0,1,D0,1,D0,True,0.045997106,0.8156297,0.13837285,2.5737845e-07,6.32546e-12,2.6276127e-11
20037,2025-01-21,1,D0,1,D0,1,D0,True,0.03764904,0.7916331,0.17071745,3.701202e-07,4.434862e-12,1.8544688e-11
20037,2025-01-28,2,D1,1,D0,1,D0,False,0.015503241,0.752261,0.23223512,6.218365e-07,2.6529373e-12,8.685814e-12
20037,2025-02-04,2,D1,1,D0,1,D0,False,0.0016555926,0.5977288,0.40060407,1.1585024e-05,9.0057736e-12,5.3947285e-12
20037,2025-02-11,2,D1,2,D1,2,D1,True,0.00029050722,0.4667623,0.5327844,0.00016276573,2.1027118e-10,2.601379e-11
20037,2025-02-18,2,D1,2,D1,2,D1,True,0.0008065758,0.46958598,0.52910966,0.0004977714,2.1429967e-09,2.9611466e-10
20037,2025-02-25,2,D1,2,D1,2,D1,True,2.331623e-05,0.25370282,0.71678853,0.029485159,1.7280647e-07,4.0932593e-10
20037,2025-03-04,2,D1,2,D1,2,D1,True,2.8031135e-07,0.0087647,0.6973223,0.29391193,8.033794e-07,3.2206307e-11
20037,2025-03-11,1,D0,2,D1,2,D1,False,1.404723e-06,0.0141558545,0.695888,0.2899515,3.2789555e-06,3.739645e-10
20037,2025-03-18,1,D0,1,D0,1,D0,True,0.14900085,0.75967556,0.09127511,4.7284848e-05,3.4194198e-07,9.1173837e-07
20037,2025-03-25,1,D0,1,D0,1,D0,True,0.14673178,0.8003505,0.052915953,1.6711447e-06,7.0426998e-09,2.6325091e-08
20037,2025-04-01,1,D0,1,D0,1,D0,True,0.08960698,0.793144,0.11724501,3.927761e-06,5.1446323e-09,2.9802365e-08
20037,2025-04-08,0,None,1,D0,1,D0,False,0.22132362,0.75672585,0.021950215,2.8047495e-07,1.3165806e-09,7.783292e-09
20037,2025-04-15,0,None,0,None,0,None,True,0.6507367,0.3492619,1.4243124e-06,7.0793384e-09,1.933661e-08,4.057322e-08
20037,2025-04-22,0,None,0,None,0,None,True,0.72518754,0.27480873,3.4320617e-06,4.3945448e-08,9.040958e-08,1.2615227e-07
20037,2025-04-29,0,None,0,None,0,None,True,0.8111822,0.18881246,4.8442494e-06,1.0651836e-07,1.7023419e-07,1.6768878e-07
20037,2025-05-06,0,None,0,None,0,None,True,0.77902067,0.2209749,4.157144e-06,5.604039e-08,7.075649e-08,9.175267e-08
20037,2025-05-13,0,None,0,None,0,None,True,0.6734361,0.3265297,3.3049404e-05,2.7983148e-07,3.021084e-07,4.7149913e-07
20037,2025-05-20,0,None,0,None,0,None,True,0.7460439,0.2539328,2.2686447e-05,1.9899899e-07,1.9549721e-07,2.311846e-07
20037,2025-05-27,0,None,0,None,0,None,True,0.8208351,0.17915158,1.2860351e-05,1.449916e-07,2.242782e-07,1.3293774e-07
20037,2025-06-03,0,None,0,None,0,None,True,0.8129303,0.18706438,5.237638e-06,4.0253877e-08,6.962255e-08,2.7339567e-08
20037,2025-06-10,0,None,0,None,0,None,True,0.8261295,0.17385209,1.7682114e-05,2.1401827e-07,3.5104065e-07,1.4392509e-07
20037,2025-06-17,0,None,0,None,0,None,True,0.8233048,0.17668927,5.7481875e-06,5.587616e-08,1.01427624e-07,3.1955793e-08
20037,2025-06-24,0,None,0,None,0,None,True,0.8485878,0.15139915,1.2450797e-05,1.6232023e-07,3.0586588e-07,6.601101e-08
20037,2025-07-01,0,None,0,None,0,None,True,0.84084654,0.15914376,9.289813e-06,1.0146341e-07,2.212549e-07,4.6565194e-08
20037,2025-07-08,0,None,0,None,0,None,True,0.7910526,0.20893906,8.008449e-06,9.6152164e-08,2.2925983e-07,1.022466e-07
20037,2025-07-15,0,None,0,None,0,None,True,0.70932454,0.29064015,3.3814184e-05,3.943405e-07,5.8432687e-07,5.154705e-07
20037,2025-07-22,0,None,0,None,0,None,True,0.770507,0.22945683,3.1461695e-05,1.4077793e-06,1.8923176e-06,1.3994627e-06
20037,2025-07-29,0,None,0,None,0,None,True,0.83915955,0.16083416,4.0319196e-06,6.543656e-07,1.1178015e-06,5.0365725e-07
20037,2025-08-05,0,None,0,None,0,None,True,0.79178,0.20821618,2.7724502e-06,2.547736e-07,5.737536e-07,2.3740444e-07
20037,2025-08-12,0,None,0,None,0,None,True,0.76797754,0.23201098,8.025284e-06,7.004855e-07,1.6205527e-06,1.0755215e-06
20037,2025-08-19,0,None,0,None,0,None,True,0.73167807,0.26831844,2.696851e-06,1.09657684e-07,3.2282696e-07,3.3683787e-07
20037,2025-08-26,0,None,0,None,0,None,True,0.7012617,0.29873365,3.9569495e-06,8.686574e-08,2.8004686e-07,4.1395194e-07
20037,2025-09-02,0,None,0,None,0,None,True,0.7522878,0.24770752,3.455942e-06,1.7164069e-07,6.375304e-07,3.957825e-07
20037,2025-09-09,0,None,0,None,0,None,True,0.75735325,0.24264546,8.656481e-07,6.036318e-08,2.7583496e-07,1.07500256e-07
20037,2025-09-16,1,D0,0,None,0,None,False,0.7037951,0.29620183,2.213794e-06,1.5741199e-07,5.2549734e-07,2.328165e-07
20037,2025-09-23,1,D0,1,D0,1,D0,True,0.28573027,0.6598625,0.054399222,7.831746e-06,4.6655273e-08,5.7504106e-08
20037,2025-09-30,1,D0,2,D1,1,D0,True,0.008704332,0.4750424,0.5083949,0.007854348,3.7342513e-06,2.4914257e-07
20037,2025-10-07,2,D1,2,D1,2,D1,True,0.003636034,0.38755548,0.57706285,0.031732567,1.2845338e-05,2.0349033e-07
20037,2025-10-14,2,D1,2,D1,2,D1,True,0.00029557076,0.18722975,0.6126662,0.19975053,5.799268e-05,4.193958e-08
20037,2025-10-21,2,D1,2,D1,2,D1,True,8.171553e-06,0.01726115,0.6378173,0.34488824,2.5163343e-05,8.620088e-10
20037,2025-10-28,2,D1,2,D1,2,D1,True,0.00011967843,0.14202362,0.7044556,0.15338947,1.1592259e-05,5.3487783e-09
20037,2025-11-04,2,D1,2,D1,2,D1,True,1.6437416e-06,0.004421987,0.5879136,0.40765414,8.741388e-06,1.6279457e-10
20037,2025-11-11,2,D1,2,D1,2,D1,True,2.1501032e-06,0.0046534427,0.5343468,0.46099082,6.7446726e-06,2.3337368e-10
20037,2025-11-18,2,D1,2,D1,2,D1,True,3.5969006e-05,0.05982754,0.7552608,0.18487161,4.0452514e-06,3.347973e-09
20037,2025-11-25,1,D0,2,D1,2,D1,False,0.00048738805,0.39424697,0.5969378,0.008327157,7.0186417e-07,1.5956e-08
20037,2025-12-02,1,D0,1,D0,1,D0,True,0.18280758,0.8115485,0.0056438367,7.058313e-08,5.679919e-10,2.5376795e-10
20037,2025-12-09,1,D0,1,D0,1,D0,True,0.07161649,0.9144366,0.013946857,3.5221344e-08,9.9589295e-11,4.919723e-11
20037,2025-12-16,2,D1,1,D0,1,D0,False,0.104569405,0.88452476,0.010905852,3.92788e-08,1.8658304e-10,9.159671e-11
20037,2025-12-23,2,D1,2,D1,2,D1,True,1.1176885e-06,0.24470057,0.7514728,0.003825449,4.841481e-09,3.026644e-12
20037,2025-12-30,2,D1,2,D1,2,D1,True,1.0628318e-06,0.02848077,0.8282333,0.1432845,3.3942774e-07,3.3217953e-11
20039,2022-01-04,2,D1,2,D1,2,D1,True,5.6935205e-06,0.03423875,0.7368677,0.22888428,3.5999826e-06,8.4956014e-10
20039,2022-01-11,2,D1,2,D1,2,D1,True,3.6773808e-06,0.02637084,0.72464705,0.24897525,3.1662355e-06,5.2366844e-10
20039,2022-01-18,2,D1,2,D1,2,D1,True,8.666275e-06,0.063933514,0.77850974,0.15754549,2.6619098e-06,1.0054156e-09
20039,2022-01-25,2,D1,2,D1,2,D1,True,2.1053634e-06,0.023254847,0.7415931,0.23514764,2.217963e-06,2.7832114e-10
20039,2022-02-01,2,D1,2,D1,2,D1,True,5.8486245e-07,0.0086497385,0.65629053,0.3350566,2.5103182e-06,1.6059905e-10
20039,2022-02-08,3,D2,2,D1,2,D1,False,1.4868486e-06,0.024072882,0.6739562,0.30196583,3.5080534e-06,3.2253225e-10
20039,2022-02-15,3,D2,3,D2,3,D2,True,1.2362906e-08,2.8023994e-06,0.20304252,0.7959275,0.0010270607,4.9654747e-10
20039,2022-02-22,3,D2,3,D2,3,D2,True,1.8415012e-08,2.1401022e-06,0.16525799,0.833873,0.0008667835,2.4541885e-10
20039,2022-03-01,3,D2,3,D2,3,D2,True,4.246123e-08,2.5774557e-06,0.14709513,0.8515686,0.0013336941,9.795507e-10
20039,2022-03-08,3,D2,3,D2,3,D2,True,1.3818159e-08,4.2562095e-07,0.06387308,0.9339249,0.0022015437,3.2038686e-10
20039,2022-03-15,3,D2,3,D2,3,D2,True,8.8376346e-08,4.8363586e-07,0.03412345,0.92860276,0.03727333,1.31721e-08
20039,2022-03-22,3,D2,3,D2,3,D2,True,3.744726e-07,3.6978745e-05,0.18274845,0.81563187,0.0015823556,1.6231751e-09
20039,2022-03-29,3,D2,3,D2,3,D2,True,1.8779832e-07,1.8831997e-06,0.045745093,0.93734115,0.016911702,2.2280462e-08
20039,2022-04-05,3,D2,3,D2,3,D2,True,3.802503e-07,2.5995607e-06,0.055223256,0.8965073,0.048266362,6.802563e-08
20039,2022-04-12,4,D3,3,D2,3,D2,False,4.194378e-07,1.0080597e-06,0.02002466,0.7858216,0.19415136,9.196098e-07
20039,2022-04-19,4,D3,4,D3,4,D3,True,8.173349e-07,1.3621572e-07,1.8509376e-05,0.0462536,0.9340965,0.019630438
20039,2022-04-26,4,D3,4,D3,4,D3,True,3.361756e-06,9.1665095e-07,0.00014599344,0.059747636,0.9131933,0.026908852
20039,2022-05-03,4,D3,4,D3,4,D3,True,2.631391e-05,1.257837e-05,0.004866174,0.24531902,0.7427396,0.0070363698
20039,2022-05-10,4,D3,4,D3,4,D3,True,7.717504e-05,4.934626e-05,0.004783598,0.18595006,0.78223103,0.026908752
20039,2022-05-17,4,D3,4,D3,4,D3,True,1.947847e-05,1.1427652e-05,0.00030729466,0.03453012,0.8314457,0.1336859
20039,2022-05-24,4,D3,4,D3,4,D3,True,0.0003113927,0.00024962836,0.0095266085,0.1610856,0.7150404,0.113786355
20039,2022-05-31,4,D3,3,D2,3,D2,False,9.928127e-05,0.00022324099,0.140843,0.544181,0.31342727,0.0012262014
20039,2022-06-07,4,D3,3,D2,3,D2,False,5.368554e-05,0.0001258825,0.100727364,0.5537735,0.34433842,0.0009811288
20039,2022-06-14,3,D2,3,D2,3,D2,True,4.214301e-05,7.413758e-05,0.05190949,0.5670281,0.3793921,0.0015540347
20039,2022-06-21,3,D2,3,D2,3,D2,True,2.142694e-05,5.24992e-05,0.083223015,0.6341073,0.28249702,9.870221e-05
20039,2022-06-28,3,D2,3,D2,3,D2,True,4.2365118e-05,0.00010604082,0.11990977,0.59508646,0.28470445,0.0001509146
20039,2022-07-05,3,D2,3,D2,3,D2,True,2.5915804e-05,6.504876e-05,0.058794577,0.58268315,0.35826322,0.00016816363
20039,2022-07-12,3,D2,3,D2,3,D2,True,5.1752973e-05,0.00028995165,0.14853437,0.6049567,0.24604316,0.00012403341
20039,2022-07-19,4,D3,3,D2,3,D2,False,8.746967e-05,0.0001565599,0.027684245,0.53801256,0.4150237,0.019035429
20039,2022-07-26,4,D3,4,D3,4,D3,True,2.1148788e-05,2.623421e-05,0.0005636958,0.05176352,0.5504344,0.397191
20039,2022-08-02,4,D3,4,D3,4,D3,True,2.0488307e-05,2.8648752e-05,0.018856077,0.47432485,0.5018451,0.004924874
20039,2022-08-09,4,D3,4,D3,4,D3,True,1.3990258e-06,9.414003e-07,0.000119713535,0.054691095,0.77150446,0.17368235
20039,2022-08-16,4,D3,5,D4,5,D4,False,1.1742683e-06,1.603645e-06,2.72395e-05,0.0064132903,0.48812222,0.50543445
20039,2022-08-23,4,D3,4,D3,5,D4,False,3.2753508e-06,3.481941e-06,0.00018141122,0.023918096,0.5350032,0.44089064
20039,2022-08-30,4,D3,5,D4,5,D4,False,3.5382118e-07,3.832102e-07,8.311453e-06,0.002812474,0.46507013,0.5321083
20039,2022-09-06,4,D3,5,D4,5,D4,False,2.955643e-08,2.996181e-08,3.2304885e-07,0.00036771924,0.33233932,0.66729254
20039,2022-09-13,5,D4,5,D4,5,D4,True,5.6738365e-08,5.8057516e-08,1.3478743e-06,0.00088050583,0.4571807,0.54193735
20039,2022-09-20,5,D4,5,D4,5,D4,True,2.9628816e-07,4.419964e-07,4.3165446e-06,0.0009395273,0.2692687,0.72978675
20039,2022-09-27,5,D4,5,D4,5,D4,True,1.806737e-08,2.7660118e-08,1.207854e-07,0.0001223626,0.16433327,0.8355443
20039,2022-10-04,5,D4,5,D4,5,D4,True,2.8038976e-09,3.6916128e-09,2.4457723e-08,6.9693284e-05,0.16347603,0.8364542
20039,2022-10-11,5,D4,5,D4,5,D4,True,2.8318684e-08,3.2462516e-08,6.5764624e-07,0.0006324692,0.3890068,0.6103601
20039,2022-10-18,5,D4,5,D4,5,D4,True,3.752033e-09,3.989039e-09,1.0261138e-07,0.0002487036,0.40685785,0.5928933
20039,2022-10-25,5,D4,5,D4,5,D4,True,4.1407016e-09,3.593184e-09,8.0614164e-08,0.0003123026,0.38346332,0.61622435
20039,2022-11-01,5,D4,5,D4,5,D4,True,2.0962538e-09,2.2690565e-09,2.2591339e-08,0.00012150247,0.31793356,0.68194485
20039,2022-11-08,5,D4,4,D3,4,D3,False,8.516791e-07,8.0398695e-07,0.000105935476,0.038963046,0.9209595,0.03996987
20039,2022-11-15,5,D4,5,D4,5,D4,True,2.105634e-08,1.9973195e-08,3.4466203e-07,0.00061273976,0.40680623,0.5925807
20039,2022-11-22,5,D4,5,D4,5,D4,True,3.5458045e-09,4.101579e-09,3.4294313e-08,0.00012878106,0.3100922,0.689779
20039,2022-11-29,5,D4,4,D3,4,D3,False,8.1298924e-07,6.6564735e-07,2.5326015e-05,0.010142171,0.8565663,0.13326478
20039,2022-12-06,5,D4,5,D4,5,D4,True,6.120153e-09,8.320225e-09,7.01096e-08,0.00013630844,0.27375072,0.7261129
20039,2022-12-13,5,D4,5,D4,5,D4,True,5.3183244e-09,8.8949745e-09,6.4086215e-08,8.843733e-05,0.20348912,0.7964224
20039,2022-12-20,5,D4,5,D4,5,D4,True,1.6830433e-07,1.3928296e-07,2.247917e-06,0.001270699,0.44407797,0.55464876
20039,2022-12-27,5,D4,5,D4,5,D4,True,5.1850813e-09,8.69178e-09,6.819071e-08,9.008522e-05,0.1919674,0.80794245
20039,2023-01-03,5,D4,4,D3,4,D3,False,4.5766959e-07,4.0026424e-07,7.974614e-06,0.0029558705,0.5796035,0.41743174
20039,2023-01-10,5,D4,5,D4,5,D4,True,1.7905912e-09,4.157441e-09,1.1796801e-08,1.9297699e-05,0.104597785,0.89538294
20039,2023-01-17,5,D4,5,D4,5,D4,True,3.044428e-08,5.4307698e-08,5.912264e-07,0.0003293913,0.27410105,0.7255689
20039,2023-01-24,5,D4,5,D4,5,D4,True,3.634192e-07,4.96863e-07,1.0853755e-05,0.0023546934,0.46958587,0.5280477
20039,2023-01-31,5,D4,5,D4,5,D4,True,2.2271731e-09,6.7186012e-09,5.8926865e-08,4.8299826e-05,0.112004474,0.88794726
20039,2023-02-07,5,D4,5,D4,5,D4,True,5.324664e-10,1.9560276e-09,8.671369e-09,7.2756357e-06,0.0627211,0.9372716
20039,2023-02-14,5,D4,5,D4,5,D4,True,6.3022836e-09,1.9997008e-08,1.7008028e-07,5.095565e-05,0.1534723,0.84647655
20039,2023-02-21,4,D3,5,D4,5,D4,False,4.0967127e-08,9.231977e-08,1.4276237e-06,0.00027946825,0.31726414,0.6824548
20039,2023-02-28,4,D3,4,D3,4,D3,True,6.2029017e-09,1.2196198e-09,7.9906085e-06,0.013835038,0.98398966,0.002167386
20039,2023-03-07,4,D3,4,D3,4,D3,True,1.1750207e-08,2.6971436e-09,1.3941288e-05,0.02084098,0.97791505,0.0012299978
20039,2023-03-14,4,D3,4,D3,4,D3,True,1.8609121e-08,5.364622e-09,9.31637e-06,0.009679832,0.98608994,0.0042209644
20039,2023-03-21,4,D3,4,D3,4,D3,True,2.8162515e-09,6.3534816e-10,7.4470915e-07,0.0024294956,0.9931526,0.0044172113
20039,2023-03-28,4,D3,4,D3,4,D3,True,4.226196e-09,1.4791238e-09,4.1850618e-07,0.0007632722,0.981268,0.01796828
20039,2023-04-04,4,D3,4,D3,4,D3,True,3.9898227e-09,1.4448197e-09,2.309082e-07,0.00041416739,0.97129905,0.028286558
20039,2023-04-11,4,D3,4,D3,4,D3,True,6.9583743e-09,3.7352774e-09,2.7114203e-07,0.00031707186,0.88790435,0.11177824
20039,2023-04-18,4,D3,4,D3,4,D3,True,4.1336666e-08,1.4979774e-08,2.3234809e-06,0.002398861,0.9680493,0.029549537
20039,2023-04-25,4,D3,4,D3,4,D3,True,1.964892e-08,1.1219217e-08,4.093174e-07,0.00035435212,0.8207217,0.17892356
20039,2023-05-02,5,D4,4,D3,4,D3,False,1.1530966e-07,6.5713195e-08,2.9459413e-06,0.000955856,0.82818633,0.17085472
20039,2023-05-09,5,D4,5,D4,5,D4,True,5.7930216e-09,1.4508982e-08,1.4582446e-08,3.676306e-06,0.05942848,0.9405678
20039,2023-05-16,4,D3,5,D4,5,D4,False,7.012148e-07,1.3391301e-06,5.4403695e-06,0.00017503784,0.13392012,0.8658973
20039,2023-05-23,4,D3,4,D3,4,D3,True,2.3876797e-08,7.666818e-09,1.8746673e-06,0.0011318946,0.9190451,0.079821184
20039,2023-05-30,4,D3,4,D3,4,D3,True,3.5723693e-07,9.509021e-08,9.410934e-05,0.03134678,0.9657659,0.00279275
20039,2023-06-06,4,D3,4,D3,4,D3,True,5.243225e-07,2.149262e-07,0.00047119887,0.08006898,0.9185875,0.00087152194
20039,2023-06-13,4,D3,4,D3,4,D3,True,8.0691784e-08,2.0589408e-08,2.0837268e-05,0.01745873,0.9812168,0.0013035228
20039,2023-06-20,4,D3,4,D3,4,D3,True,2.2868505e-07,5.1030522e-08,8.432611e-05,0.040429253,0.9586251,0.0008609916
20039,2023-06-27,4,D3,4,D3,4,D3,True,1.0904078e-07,3.4886842e-08,1.0958038e-05,0.008502644,0.98802906,0.0034572203
20039,2023-07-04,4,D3,4,D3,4,D3,True,2.1151009e-06,9.441742e-07,0.00012747185,0.01746366,0.9679014,0.01450435
20039,2023-07-11,4,D3,4,D3,4,D3,True,2.311074e-06,8.214526e-07,0.00077510043,0.0870049,0.90915346,0.0030634527
20039,2023-07-18,4,D3,4,D3,4,D3,True,1.1612074e-06,5.3472127e-07,0.000119455515,0.01936212,0.95924455,0.021272104
20039,2023-07-25,3,D2,4,D3,4,D3,False,4.68502e-06,1.8980779e-06,0.00054413016,0.041566573,0.92433083,0.033551898
20039,2023-08-01,3,D2,3,D2,3,D2,True,1.4134544e-05,9.447336e-05,0.20776813,0.70167696,0.09043101,1.5247127e-05
20039,2023-08-08,2,D1,3,D2,3,D2,False,9.869433e-06,0.00063794415,0.36022386,0.6379144,0.0012137671,1.8019111e-07
20039,2023-08-15,2,D1,2,D1,2,D1,True,0.0009207089,0.17914356,0.7640385,0.055890784,5.9409103e-06,4.448308e-07
20039,2023-08-22,2,D1,2,D1,2,D1,True,1.3260761e-05,0.012809936,0.79104346,0.19613133,1.9740087e-06,6.1278373e-09
20039,2023-08-29,2,D1,2,D1,2,D1,True,2.5071866e-05,0.014758941,0.6841928,0.30100793,1.5179399e-05,4.0679296e-08
20039,2023-09-05,2,D1,2,D1,2,D1,True,1.1944913e-05,0.0036746457,0.5935254,0.40273985,4.8141395e-05,5.8497946e-08
20039,2023-09-12,2,D1,2,D1,2,D1,True,3.5934278e-05,0.014827197,0.6301516,0.35495147,3.367202e-05,7.931276e-08
20039,2023-09-19,2,D1,2,D1,2,D1,True,7.631714e-06,0.0027364648,0.5429368,0.45427182,4.7228103e-05,4.9979455e-08
20039,2023-09-26,2,D1,2,D1,2,D1,True,5.5576023e-05,0.023533221,0.5682636,0.40807915,6.8339665e-05,1.3573316e-07
20039,2023-10-03,2,D1,3,D2,3,D2,False,6.726427e-06,0.0013292423,0.4654934,0.5330187,0.00015182521,5.8470924e-08
20039,2023-10-10,2,D1,3,D2,3,D2,False,5.087435e-06,0.0007511913,0.41775855,0.5811733,0.00031173223,8.5589164e-08
20039,2023-10-17,2,D1,3,D2,3,D2,False,7.990192e-06,0.0009598363,0.3964854,0.60194457,0.0006020482,1.0858871e-07
20039,2023-10-24,2,D1,3,D2,3,D2,False,9.326358e-06,0.002672683,0.477697,0.5194707,0.00015016895,8.974085e-08
20039,2023-10-31,2,D1,2,D1,2,D1,True,0.0014245401,0.2758374,0.5640988,0.1585582,7.922383e-05,1.9143747e-06
20039,2023-11-07,2,D1,2,D1,2,D1,True,6.915647e-06,0.0050590704,0.5133927,0.48151135,2.9909394e-05,1.7054255e-08
20039,2023-11-14,2,D1,2,D1,2,D1,True,7.985863e-06,0.008604309,0.56736827,0.42400637,1.3024591e-05,9.8119965e-09
20039,2023-11-21,2,D1,2,D1,2,D1,True,0.00023811468,0.1171457,0.55807525,0.3244758,6.482348e-05,2.930091e-07
20039,2023-11-28,2,D1,2,D1,2,D1,True,1.5009413e-05,0.018351547,0.55920655,0.4224135,1.3403892e-05,1.36273695e-08
20039,2023-12-05,2,D1,2,D1,2,D1,True,1.17938835e-05,0.016317874,0.578294,0.4053672,9.196093e-06,7.684271e-09
20039,2023-12-12,2,D1,2,D1,2,D1,True,7.2223047e-06,0.014552648,0.6325458,0.35288998,4.2165834e-06,3.4556087e-09
20039,2023-12-19,2,D1,2,D1,2,D1,True,0.0006156266,0.35588318,0.6328843,0.010616318,5.5216464e-07,7.839535e-08
20039,2023-12-26,2,D1,2,D1,2,D1,True,0.0005597814,0.4236007,0.5728426,0.0029967413,1.2708126e-07,3.816865e-08
20039,2024-01-02,2,D1,2,D1,2,D1,True,9.15556e-06,0.17705515,0.81177807,0.01115751,1.8769933e-08,2.3490446e-10
20039,2024-01-09,2,D1,2,D1,2,D1,True,0.00015817968,0.32374784,0.6715543,0.0045395433,7.945036e-08,1.22316886e-08
20039,2024-01-16,2,D1,2,D1,2,D1,True,1.4676661e-05,0.16945843,0.8206527,0.009874173,2.4413954e-08,4.2325088e-10
20039,2024-01-23,2,D1,2,D1,2,D1,True,7.739839e-06,0.14189988,0.8496034,0.008488898,8.842247e-09,9.4702295e-11
20039,2024-01-30,2,D1,2,D1,2,D1,True,4.882284e-06,0.12510708,0.8664428,0.008445228,6.902035e-09,7.2769644e-11
20039,2024-02-06,2,D1,2,D1,2,D1,True,6.4185166e-05,0.28042454,0.7141033,0.005407959,3.4308247e-08,2.2628697e-09
20039,2024-02-13,2,D1,2,D1,2,D1,True,1.0583619e-06,0.041879997,0.91618156,0.04193733,1.9256884e-08,2.4195007e-11
20039,2024-02-20,2,D1,2,D1,2,D1,True,2.314672e-06,0.065575145,0.91232646,0.022096122,2.1463656e-08,4.367902e-11
20039,2024-02-27,2,D1,2,D1,2,D1,True,4.1603917e-06,0.054110464,0.91139203,0.034493282,1.01144344e-07,2.8844754e-10
20039,2024-03-05,2,D1,2,D1,2,D1,True,5.938859e-06,0.079771504,0.88858694,0.03163558,1.0272287e-07,3.8930384e-10
20039,2024-03-12,2,D1,2,D1,2,D1,True,1.7302455e-05,0.16828102,0.8169412,0.014760339,8.2738985e-08,1.0638079e-09
20039,2024-03-19,2,D1,2,D1,2,D1,True,1.7330865e-05,0.13885368,0.83720917,0.02391973,1.8033623e-07,1.8822754e-09
20039,2024-03-26,1,D0,2,D1,2,D1,False,2.2856499e-05,0.15551598,0.8154771,0.028983822,2.6609348e-07,2.1193811e-09
20039,2024-04-02,1,D0,1,D0,1,D0,True,0.016648564,0.595047,0.38801348,0.00029031446,2.0953914e-07,3.9956112e-07
20039,2024-04-09,1,D0,1,D0,1,D0,True,0.0026790842,0.59120595,0.4059405,0.00017441822,2.9374647e-08,1.788281e-08
20039,2024-04-16,1,D0,1,D0,1,D0,True,0.00054945494,0.52786475,0.4710574,0.00052836706,3.7449933e-08,1.2024913e-08
20039,2024-04-23,1,D0,1,D0,1,D0,True,0.0039319945,0.5719677,0.4239031,0.00019709881,3.2145255e-08,4.4321e-08
20039,2024-04-30,1,D0,1,D0,1,D0,True,0.31096026,0.66815174,0.02088223,5.121331e-06,2.512455e-07,3.2982166e-07
20039,2024-05-07,1,D0,1,D0,0,None,False,0.49383116,0.505993,0.00017557878,1.0648216e-07,7.3911195e-08,4.9529667e-08
20039,2024-05-14,1,D0,1,D0,1,D0,True,0.3805561,0.6185607,0.0008831439,1.05509336e-07,2.5510722e-08,1.5243494e-08
20039,2024-05-21,0,None,1,D0,1,D0,False,0.40617493,0.5922211,0.0016025096,8.307623e-07,4.3900636e-07,2.2729846e-07
20039,2024-05-28,0,None,0,None,0,None,True,0.82247883,0.17751941,1.069452e-06,3.4554606e-08,4.475011e-07,1.8023901e-07
20039,2024-06-04,0,None,0,None,0,None,True,0.8098576,0.19013242,7.8624635e-06,2.6529614e-07,1.2150133e-06,5.918081e-07
20039,2024-06-11,0,None,0,None,0,None,True,0.8286555,0.1713331,8.479405e-06,4.1823668e-07,1.7072982e-06,7.9837434e-07
20039,2024-06-18,0,None,0,None,0,None,True,0.7644983,0.23549125,7.617026e-06,2.4410727e-07,1.0697917e-06,1.4839106e-06
20039,2024-06-25,0,None,0,None,0,None,True,0.74579257,0.25418493,1.8264913e-05,4.0922095e-07,1.5075856e-06,2.2962934e-06
20039,2024-07-02,0,None,0,None,0,None,True,0.7411423,0.25884113,1.3484772e-05,1.7974801e-07,7.744757e-07,2.0553914e-06
20039,2024-07-09,0,None,0,None,0,None,True,0.73341817,0.26656848,1.0663677e-05,1.8522537e-07,6.2861085e-07,1.8816588e-06
20039,2024-07-16,0,None,0,None,0,None,True,0.64016086,0.35982716,9.576782e-06,1.1311596e-07,5.376118e-07,1.7915186e-06
20039,2024-07-23,0,None,0,None,0,None,True,0.6138283,0.38611126,4.3807453e-05,1.4587284e-06,5.129683e-06,1.0057569e-05
20039,2024-07-30,1,D0,0,None,0,None,False,0.55353963,0.44631633,0.000119168726,2.3316109e-06,9.309435e-06,1.3244873e-05
20039,2024-08-06,2,D1,1,D0,1,D0,False,0.0044003483,0.6704096,0.32511806,7.173763e-05,2.879363e-08,8.582239e-08
20039,2024-08-13,2,D1,2,D1,2,D1,True,1.2516281e-05,0.01338089,0.69381857,0.29277867,9.328048e-06,5.1486335e-08
20039,2024-08-20,2,D1,2,D1,2,D1,True,0.00013887695,0.040480178,0.7205529,0.23881869,9.273117e-06,7.8277985e-08
20039,2024-08-27,2,D1,2,D1,2,D1,True,4.972931e-05,0.01206976,0.57242954,0.41541135,3.9523613e-05,5.3190693e-08
20039,2024-09-03,2,D1,2,D1,2,D1,True,2.013852e-05,0.0046356176,0.51589775,0.47924387,0.00020259374,4.5095366e-08
20039,2024-09-10,2,D1,2,D1,2,D1,True,1.9696585e-05,0.0051529296,0.53110135,0.46354613,0.00017979095,4.7424745e-08
20039,2024-09-17,2,D1,2,D1,2,D1,True,2.2182967e-05,0.009956639,0.56410605,0.42580232,0.00011278929,2.6809266e-08
20039,2024-09-24,2,D1,2,D1,2,D1,True,0.00041498092,0.09747499,0.6122038,0.289578,0.000328137,2.1740917e-07
20039,2024-10-01,2,D1,2,D1,2,D1,True,8.651486e-06,0.004902969,0.50553536,0.4893384,0.00021455498,1.17193935e-08
20039,2024-10-08,2,D1,3,D2,3,D2,False,4.3618127e-07,0.0002419778,0.41105974,0.5884892,0.00020869602,7.041126e-10
20039,2024-10-15,2,D1,3,D2,3,D2,False,9.952346e-07,0.00032910734,0.38095385,0.61808264,0.0006333101,4.250195e-09
20039,2024-10-22,2,D1,3,D2,3,D2,False,1.9837034e-07,0.00020007812,0.38597763,0.6137072,0.000114823124,1.904859e-10
20039,2024-10-29,2,D1,3,D2,3,D2,False,1.0894402e-06,0.0017545964,0.47028598,0.52788866,6.970688e-05,8.4589596e-10
20039,2024-11-05,2,D1,2,D1,2,D1,True,0.0044789156,0.34057343,0.59433573,0.06055457,5.6056007e-05,1.2560014e-06
20039,2024-11-12,1,D0,2,D1,2,D1,False,0.0016695497,0.384663,0.5958896,0.017774617,3.0570927e-06,5.977908e-08
20039,2024-11-19,1,D0,1,D0,1,D0,True,0.12209787,0.7439831,0.13382052,9.8001605e-05,3.589469e-07,1.3505219e-07
20039,2024-11-26,1,D0,1,D0,1,D0,True,0.00550808,0.6028537,0.3912997,0.00033850208,2.609229e-08,2.885536e-09
20039,2024-12-03,1,D0,1,D0,1,D0,True,0.032876037,0.7928936,0.17419769,3.269336e-05,1.297468e-08,5.069013e-09
20039,2024-12-10,1,D0,1,D0,1,D0,True,0.008993271,0.718582,0.27238816,3.6557714e-05,3.6629328e-09,1.2473416e-09
20039,2024-12-17,1,D0,1,D0,1,D0,True,0.00852142,0.78094107,0.21052907,8.453883e-06,6.323959e-10,2.447581e-10
20039,2024-12-24,1,D0,1,D0,1,D0,True,0.0005439367,0.5667624,0.4325721,0.00012164464,6.674472e-10,4.6454555e-11
20039,2024-12-31,1,D0,1,D0,1,D0,True,0.00395977,0.6795481,0.3164716,2.0546784e-05,4.148299e-10,1.0568244e-10
20039,2025-01-07,1,D0,1,D0,1,D0,True,0.004199502,0.65752065,0.338249,3.088086e-05,3.941953e-10,8.153365e-11
20039,2025-01-14,1,D0,1,D0,1,D0,True,0.0013280296,0.63828343,0.36036935,1.9196717e-05,7.2923924e-11,1.2918101e-11
20039,2025-01-21,1,D0,1,D0,1,D0,True,0.0010978088,0.6137474,0.3851271,2.7633758e-05,8.7852794e-11,1.39638145e-11
20039,2025-01-28,1,D0,1,D0,1,D0,True,0.00058037165,0.5844366,0.41495398,2.8992856e-05,6.870149e-11,1.6692073e-11
20039,2025-02-04,1,D0,1,D0,1,D0,True,0.0025599638,0.6372698,0.36015478,1.5430694e-05,9.6306185e-11,5.1270994e-11
20039,2025-02-11,2,D1,1,D0,1,D0,False,0.0002962284,0.5660675,0.4336043,3.1974243e-05,8.247244e-11,2.482855e-11
20039,2025-02-18,2,D1,2,D1,2,D1,True,3.6516487e-06,0.16145949,0.82533693,0.0131999245,1.1407529e-08,6.740934e-12
20039,2025-02-25,2,D1,2,D1,2,D1,True,2.1547598e-06,0.05963129,0.84986186,0.09050455,1.6486716e-07,2.5960057e-11
20039,2025-03-04,2,D1,2,D1,2,D1,True,3.8576e-06,0.06668814,0.83224785,0.101059884,2.6269058e-07,5.856068e-11
20039,2025-03-11,2,D1,2,D1,2,D1,True,4.713044e-06,0.036988985,0.79672843,0.16627699,8.5319846e-07,1.7086253e-10
20039,2025-03-18,2,D1,2,D1,2,D1,True,1.3725149e-06,0.007076629,0.74697113,0.24594855,2.3928205e-06,2.903655e-10
20039,2025-03-25,2,D1,2,D1,2,D1,True,8.769539e-06,0.041295633,0.78946936,0.16922438,1.8859513e-06,7.0174905e-10
20039,2025-04-01,2,D1,2,D1,2,D1,True,1.29112295e-05,0.051136777,0.80298996,0.14585866,1.7059887e-06,1.0156761e-09
20039,2025-04-08,2,D1,2,D1,2,D1,True,7.414e-05,0.14787218,0.8179765,0.034076657,5.564857e-07,3.1302203e-09
20039,2025-04-15,2,D1,2,D1,2,D1,True,5.699704e-06,0.0092783375,0.78373075,0.20698188,3.3739655e-06,5.2187596e-09
20039,2025-04-22,2,D1,2,D1,2,D1,True,0.0020833213,0.30199167,0.69053453,0.005389864,4.1460348e-07,2.2134803e-07
20039,2025-04-29,2,D1,2,D1,2,D1,True,0.0038138367,0.39476585,0.5980858,0.0033338412,3.3528104e-07,3.0721438e-07
20039,2025-05-06,2,D1,2,D1,2,D1,True,0.00013605348,0.105422586,0.8793535,0.015087722,1.0298498e-07,6.138817e-09
20039,2025-05-13,2,D1,2,D1,2,D1,True,0.00010363259,0.042383444,0.87654084,0.080970936,1.1431146e-06,1.6373061e-08
20039,2025-05-20,2,D1,2,D1,2,D1,True,0.003155265,0.3375647,0.65548056,0.0037993493,1.0457247e-07,4.4265164e-08
20039,2025-05-27,3,D2,2,D1,2,D1,False,0.0032333964,0.3575388,0.626596,0.012631064,7.5030334e-07,7.711867e-08
20039,2025-06-03,3,D2,3,D2,3,D2,True,1.3556836e-05,0.001804953,0.38972116,0.60800767,0.00045257274,1.4931024e-08
20039,2025-06-10,3,D2,2,D1,2,D1,False,0.00055085047,0.05970668,0.5705007,0.36912078,0.000120873716,9.889688e-08
20039,2025-06-17,3,D2,3,D2,3,D2,True,5.0903425e-05,0.003244261,0.36570075,0.6293496,0.0016543948,6.2659964e-08
20039,2025-06-24,3,D2,3,D2,2,D1,False,4.794796e-05,0.013509813,0.49161077,0.494733,9.836265e-05,4.996242e-09
20039,2025-07-01,3,D2,3,D2,3,D2,True,2.3195664e-05,0.0039707534,0.40663,0.58889693,0.00047905406,7.899677e-09
20039,2025-07-08,3,D2,3,D2,3,D2,True,3.5345167e-06,0.0005798216,0.337667,0.66124886,0.0005008591,1.778797e-09
20039,2025-07-15,3,D2,3,D2,3,D2,True,1.45914e-05,0.0016613514,0.36360025,0.63297886,0.0017449309,1.2983324e-08
20039,2025-07-22,3,D2,3,D2,3,D2,True,1.7481401e-05,0.0074092215,0.44170162,0.55052894,0.00034266396,6.2811e-09
20039,2025-07-29,3,D2,3,D2,3,D2,True,4.566648e-06,0.0016402855,0.40255898,0.5955865,0.00020968262,4.9621116e-09
20039,2025-08-05,2,D1,3,D2,3,D2,False,1.9073516e-06,0.0001857951,0.33940715,0.65975875,0.0006464523,5.2788485e-09
20039,2025-08-12,2,D1,2,D1,2,D1,True,0.0021752242,0.28545338,0.6717669,0.040602703,1.8769563e-06,2.1706164e-08
20039,2025-08-19,2,D1,2,D1,2,D1,True,0.00059829076,0.30194294,0.6871197,0.0103388885,1.2583938e-07,2.1257e-09
20039,2025-08-26,2,D1,2,D1,2,D1,True,0.0013997476,0.37018612,0.62334627,0.0050676386,1.1933541e-07,6.897195e-09
20039,2025-09-02,1,D0,2,D1,2,D1,False,0.011340352,0.44999513,0.53351706,0.0051454366,1.5425892e-06,5.1019407e-07
20039,2025-09-09,1,D0,1,D0,1,D0,True,0.43386456,0.56542206,0.00071306684,3.6006418e-07,2.0017481e-08,1.0073238e-08
20039,2025-09-16,1,D0,1,D0,1,D0,True,0.35318303,0.6448881,0.0019288077,1.099103e-07,1.3840151e-09,8.188017e-10
20039,2025-09-23,0,None,1,D0,1,D0,False,0.43876278,0.5608951,0.00034205455,1.00863666e-07,8.934111e-09,2.7521982e-09
20039,2025-09-30,0,None,0,None,0,None,True,0.8918139,0.10818579,1.7725864e-07,3.1871963e-08,1.4888403e-07,4.663454e-09
20039,2025-10-07,0,None,0,None,0,None,True,0.8888819,0.11111623,8.438797e-07,2.000168e-07,7.977792e-07,1.593301e-08
20039,2025-10-14,0,None,0,None,0,None,True,0.8462438,0.15375118,2.7261046e-06,5.618279e-07,1.7472112e-06,3.7185504e-08
20039,2025-10-21,0,None,0,None,0,None,True,0.87634295,0.12364881,2.8344996e-06,1.0578084e-06,4.2793754e-06,6.466286e-08
20039,2025-10-28,0,None,0,None,0,None,True,0.91145915,0.08851964,2.5383245e-06,3.4798036e-06,1.4798553e-05,4.6762835e-07
20039,2025-11-04,0,None,0,None,0,None,True,0.88477755,0.11521101,1.3403985e-06,1.5506291e-06,8.02363e-06,4.391388e-07
20039,2025-11-11,0,None,0,None,0,None,True,0.8164791,0.18350974,2.6155371e-06,1.0279543e-06,6.6831053e-06,8.2552526e-07
20039,2025-11-18,0,None,0,None,0,None,True,0.7918693,0.20812471,2.5172676e-06,3.5481142e-07,2.7974377e-06,2.4342222e-07
20039,2025-11-25,0,None,0,None,0,None,True,0.92680156,0.07318415,2.198014e-06,1.3208847e-06,1.0573888e-05,1.5726177e-07
20039,2025-12-02,0,None,0,None,0,None,True,0.9298886,0.07010935,3.6723245e-07,1.534649e-07,1.499048e-06,2.0379394e-08
20039,2025-12-09,0,None,0,None,0,None,True,0.8859155,0.11408239,7.567489e-07,1.4697696e-07,1.1951824e-06,3.1748e-08
20039,2025-12-16,0,None,0,None,0,None,True,0.8883706,0.1116276,7.7052124e-07,1.0875873e-07,9.036735e-07,3.3778427e-08
20039,2025-12-23,0,None,0,None,0,None,True,0.79313534,0.20686384,5.388289e-07,1.7708054e-08,1.4690175e-07,1.1350134e-08
20039,2025-12-30,0,None,0,None,0,None,True,0.6677157,0.33228317,1.0447474e-06,8.722417e-09,7.48143e-08,1.3563972e-08
