FIPS,target_week,actual_label,actual_class,pred_label_raw,pred_class_raw,pred_label,pred_class,is_correct,prob_None,prob_D0,prob_D1,prob_D2,prob_D3,prob_D4
20001,2022-01-04,0,None,0,None,0,None,True,0.63582104,0.3617658,0.0023947477,9.5824025e-06,3.6935458e-06,5.123952e-06
20001,2022-01-11,0,None,0,None,0,None,True,0.6408693,0.35701942,0.0020925852,8.999401e-06,3.7724035e-06,5.92222e-06
20001,2022-01-18,0,None,0,None,0,None,True,0.63312095,0.3646936,0.0021659795,9.29146e-06,3.8424914e-06,6.3454477e-06
20001,2022-01-25,0,None,0,None,0,None,True,0.60511416,0.39222094,0.002643994,9.900218e-06,3.714739e-06,7.402521e-06
20001,2022-02-01,0,None,0,None,0,None,True,0.57357407,0.42263794,0.0037614503,1.3314614e-05,4.8160473e-06,8.4529265e-06
20001,2022-02-08,0,None,1,D0,1,D0,False,0.16184904,0.7467886,0.09088796,0.00031327177,5.8672485e-05,0.000102494305
20001,2022-02-15,0,None,1,D0,1,D0,False,0.42622656,0.5634158,0.0103128655,2.6727215e-05,7.649154e-06,1.0362282e-05
20001,2022-02-22,0,None,1,D0,1,D0,False,0.4894312,0.5037116,0.006825122,1.8219627e-05,6.478781e-06,7.4052064e-06
20001,2022-03-01,1,D0,0,None,1,D0,True,0.51400113,0.48021054,0.00575789,1.6958105e-05,6.7854576e-06,6.740677e-06
20001,2022-03-08,1,D0,1,D0,1,D0,True,0.017086929,0.65158045,0.32648134,0.0043559307,0.00031043464,0.00018499396
20001,2022-03-15,1,D0,1,D0,1,D0,True,0.009009298,0.64462984,0.34010926,0.0058176606,0.0003084387,0.00012538482
20001,2022-03-22,0,None,1,D0,1,D0,False,0.014705241,0.6757219,0.30393082,0.005222632,0.00029192906,0.0001275185
20001,2022-03-29,0,None,0,None,1,D0,False,0.5040946,0.49168593,0.004198429,1.4707165e-05,3.094554e-06,3.2488283e-06
20001,2022-04-05,0,None,0,None,0,None,True,0.61393315,0.3840529,0.0019992178,9.303365e-06,2.5250015e-06,2.8559075e-06
20001,2022-04-12,0,None,0,None,0,None,True,0.64230824,0.35583606,0.0018396684,9.736983e-06,3.115099e-06,3.181332e-06
20001,2022-04-19,0,None,0,None,0,None,True,0.5865248,0.40982574,0.003617429,2.0465426e-05,6.507719e-06,5.0943304e-06
20001,2022-04-26,0,None,0,None,1,D0,False,0.49657062,0.49459267,0.008748582,5.9922986e-05,1.5989759e-05,1.2273975e-05
20001,2022-05-03,0,None,0,None,0,None,True,0.56146264,0.43382356,0.0046683117,2.988621e-05,8.914086e-06,6.682056e-06
20001,2022-05-10,0,None,0,None,0,None,True,0.62532365,0.37198746,0.0026548868,2.032579e-05,6.988211e-06,6.6673515e-06
20001,2022-05-17,0,None,0,None,0,None,True,0.6962354,0.30277064,0.0009772043,8.684729e-06,3.7704983e-06,4.268083e-06
20001,2022-05-24,0,None,0,None,0,None,True,0.7184943,0.28061542,0.0008722016,9.447369e-06,4.313046e-06,4.363999e-06
20001,2022-05-31,0,None,0,None,0,None,True,0.73263216,0.26647294,0.0008741385,1.1987741e-05,5.0171657e-06,3.8059145e-06
20001,2022-06-07,0,None,0,None,0,None,True,0.72733295,0.27160233,0.0010398497,1.4837357e-05,6.3730977e-06,3.603484e-06
20001,2022-06-14,0,None,0,None,0,None,True,0.7201948,0.2784907,0.0012813112,1.9671535e-05,8.6663495e-06,4.879198e-06
20001,2022-06-21,0,None,0,None,0,None,True,0.71550643,0.28293228,0.0015246915,2.2051288e-05,9.369356e-06,5.133862e-06
20001,2022-06-28,0,None,0,None,0,None,True,0.7171726,0.28114548,0.0016417095,2.4642652e-05,9.546254e-06,5.981692e-06
20001,2022-07-05,0,None,0,None,0,None,True,0.7086882,0.28934735,0.0019252397,2.4444584e-05,9.387038e-06,5.4217717e-06
20001,2022-07-12,0,None,0,None,0,None,True,0.6748005,0.3219235,0.0032238276,3.3298173e-05,1.2125407e-05,6.722956e-06
20001,2022-07-19,1,D0,0,None,0,None,False,0.5767844,0.40602326,0.016914615,0.00018886995,5.837068e-05,3.0481595e-05
20001,2022-07-26,2,D1,2,D1,1,D0,False,0.015285502,0.47087324,0.47324744,0.037439436,0.00281665,0.00033770304
20001,2022-08-02,2,D1,2,D1,2,D1,True,0.0019750649,0.26136512,0.5330927,0.1893618,0.013458036,0.000747306
20001,2022-08-09,2,D1,2,D1,2,D1,True,0.00050768733,0.13875318,0.5565209,0.28268972,0.020599537,0.00092897937
20001,2022-08-16,3,D2,2,D1,2,D1,False,0.00012533074,0.048300147,0.55356115,0.3620818,0.034251746,0.0016797527
20001,2022-08-23,3,D2,2,D1,2,D1,False,0.0001718424,0.039374836,0.5170363,0.38836592,0.05141171,0.0036393174
20001,2022-08-30,3,D2,2,D1,2,D1,False,0.00014964196,0.024266206,0.46592754,0.42807412,0.075691134,0.0058913166
20001,2022-09-06,3,D2,3,D2,3,D2,True,0.00011536105,0.013157742,0.37959856,0.47579363,0.11989891,0.0114357835
20001,2022-09-13,3,D2,3,D2,3,D2,True,0.00010176805,0.0062817247,0.23862174,0.5321518,0.1958818,0.026961165
20001,2022-09-20,4,D3,3,D2,3,D2,False,0.00016220995,0.004887649,0.16050908,0.5229118,0.24572884,0.06580045
20001,2022-09-27,4,D3,3,D2,3,D2,False,0.00013113472,0.0019572652,0.07913915,0.52994794,0.27954578,0.10927883
20001,2022-10-04,4,D3,3,D2,3,D2,False,8.338497e-05,0.000999467,0.04651168,0.5286399,0.2768379,0.14692768
20001,2022-10-11,4,D3,3,D2,3,D2,False,6.853132e-05,0.0007085411,0.036219876,0.5215862,0.27376434,0.16765255
20001,2022-10-18,4,D3,3,D2,3,D2,False,7.147104e-05,0.0006136443,0.029749382,0.5073105,0.2758667,0.18638825
20001,2022-10-25,4,D3,3,D2,3,D2,False,6.2013e-05,0.00039620002,0.020697407,0.4909789,0.2900976,0.1977679
20001,2022-11-01,4,D3,3,D2,3,D2,False,7.801768e-05,0.00048396675,0.021369552,0.4779274,0.30400905,0.19613206
20001,2022-11-08,4,D3,3,D2,3,D2,False,0.00011634151,0.0008787166,0.028614054,0.47780716,0.31230527,0.1802785
20001,2022-11-15,4,D3,3,D2,3,D2,False,0.00011450076,0.0010988188,0.034926753,0.4814724,0.32107416,0.1613134
20001,2022-11-22,4,D3,3,D2,3,D2,False,0.00010278771,0.0011980353,0.039450165,0.4884627,0.3326364,0.13814999
20001,2022-11-29,4,D3,3,D2,3,D2,False,0.00013429619,0.0018780992,0.052008864,0.49020067,0.33311066,0.12266745
20001,2022-12-06,4,D3,3,D2,3,D2,False,0.00014390798,0.00214387,0.05719726,0.4986754,0.32677972,0.11505988
20001,2022-12-13,3,D2,3,D2,3,D2,True,0.00014735358,0.0022867941,0.062921554,0.50903213,0.31883615,0.10677601
20001,2022-12-20,3,D2,3,D2,3,D2,True,0.0001603624,0.0028122158,0.074377,0.51888865,0.30886877,0.09489303
20001,2022-12-27,3,D2,3,D2,3,D2,True,0.00022530911,0.0039728126,0.09114298,0.5145857,0.30236423,0.087709
20001,2023-01-03,3,D2,3,D2,3,D2,True,0.0003995247,0.0065256613,0.11806955,0.4966067,0.30386788,0.07453067
20001,2023-01-10,3,D2,3,D2,3,D2,True,0.0004233784,0.0057752538,0.12093767,0.50524014,0.28861594,0.07900755
20001,2023-01-17,3,D2,3,D2,3,D2,True,0.0007609725,0.007998821,0.13828984,0.49487,0.26865053,0.08942978
20001,2023-01-24,3,D2,3,D2,3,D2,True,0.001426494,0.016178008,0.18302123,0.46357107,0.25677606,0.07902718
20001,2023-01-31,3,D2,3,D2,3,D2,True,0.00087866077,0.01040616,0.16709436,0.46469453,0.28237933,0.07454695
20001,2023-02-07,3,D2,3,D2,3,D2,True,0.00048550416,0.005569782,0.13925005,0.47557345,0.28817034,0.09095093
20001,2023-02-14,2,D1,3,D2,3,D2,False,0.0004906721,0.005358377,0.13677694,0.45669094,0.3122185,0.08846454
20001,2023-02-21,2,D1,3,D2,4,D3,False,0.0007027979,0.0059002503,0.13004182,0.44172302,0.32278427,0.09884777
20001,2023-02-28,2,D1,3,D2,4,D3,False,0.00050287583,0.003333007,0.09197061,0.4437333,0.36572003,0.094740175
20001,2023-03-07,2,D1,3,D2,4,D3,False,0.00041768065,0.0022185508,0.07047268,0.43257415,0.35806197,0.13625495
20001,2023-03-14,3,D2,3,D2,4,D3,False,0.00032943327,0.001827181,0.06629024,0.42386958,0.33827895,0.16940466
20001,2023-03-21,2,D1,3,D2,4,D3,False,0.00040824842,0.0019067639,0.059704076,0.39910966,0.29774752,0.2411238
20001,2023-03-28,2,D1,3,D2,4,D3,False,0.00018100996,0.0008577711,0.04462804,0.40212303,0.30245006,0.24976014
20001,2023-04-04,2,D1,3,D2,3,D2,False,0.00010073098,0.000464667,0.033101723,0.39653668,0.28704697,0.2827492
20001,2023-04-11,2,D1,3,D2,3,D2,False,6.487874e-05,0.00024688433,0.02303743,0.39275998,0.2715941,0.3122967
20001,2023-04-18,2,D1,3,D2,3,D2,False,5.5382337e-05,0.0001984858,0.01846016,0.3819966,0.257718,0.34157136
20001,2023-04-25,3,D2,5,D4,3,D2,True,4.8141876e-05,0.00015639397,0.014048128,0.3661646,0.23446788,0.38511485
20001,2023-05-02,4,D3,5,D4,5,D4,False,5.371841e-05,0.00016244272,0.013038453,0.35698512,0.224601,0.40515932
20001,2023-05-09,4,D3,5,D4,5,D4,False,7.132057e-05,0.00026270642,0.014816516,0.35411644,0.21687157,0.4138614
20001,2023-05-16,3,D2,5,D4,5,D4,False,0.00030664526,0.0014550716,0.030008543,0.35135525,0.21144684,0.40542758
20001,2023-05-23,3,D2,5,D4,3,D2,True,0.0005060349,0.0030789752,0.049098153,0.3551993,0.2233004,0.36881715
20001,2023-05-30,3,D2,3,D2,3,D2,True,0.00082675065,0.00712082,0.08240322,0.36742744,0.24349521,0.29872662
20001,2023-06-06,3,D2,3,D2,4,D3,False,0.0041368622,0.05307476,0.19158871,0.30491403,0.2549767,0.19130898
20001,2023-06-13,3,D2,3,D2,4,D3,False,0.002847022,0.06850003,0.24799284,0.3003531,0.25604308,0.12426382
20001,2023-06-20,3,D2,3,D2,3,D2,True,0.0011883482,0.061303,0.28605527,0.33342612,0.23700859,0.08101869
20001,2023-06-27,3,D2,3,D2,2,D1,False,0.0006919912,0.058245864,0.30601585,0.34875453,0.22614837,0.060143422
20001,2023-07-04,4,D3,3,D2,2,D1,False,0.0007086712,0.06857266,0.31497523,0.34678152,0.21708965,0.051872313
20001,2023-07-11,4,D3,3,D2,2,D1,False,0.0012192638,0.08551416,0.30572498,0.33727396,0.20943391,0.060833737
20001,2023-07-18,4,D3,3,D2,2,D1,False,0.0014416659,0.077987306,0.29030642,0.3125285,0.22721736,0.09051873
20001,2023-07-25,4,D3,4,D3,4,D3,True,0.00097078056,0.046153355,0.2265071,0.24817693,0.28536233,0.19282952
20001,2023-08-01,4,D3,4,D3,4,D3,True,0.0008853215,0.036908615,0.1986956,0.22265758,0.27819663,0.26265615
20001,2023-08-08,4,D3,5,D4,4,D3,True,0.0012354575,0.038576487,0.1691366,0.1915769,0.26336268,0.3361119
20001,2023-08-15,3,D2,5,D4,4,D3,False,0.0012714801,0.031221231,0.14976044,0.17575285,0.26822317,0.37377086
20001,2023-08-22,3,D2,5,D4,4,D3,False,0.00045177224,0.01242918,0.123737246,0.17037593,0.29656866,0.3964373
20001,2023-08-29,3,D2,5,D4,4,D3,False,0.00018760988,0.0045417994,0.081592806,0.14370415,0.32525262,0.44472107
20001,2023-09-05,3,D2,5,D4,4,D3,False,0.000106447726,0.0021095402,0.04455192,0.11063544,0.34376127,0.49883536
20001,2023-09-12,3,D2,5,D4,5,D4,False,5.00124e-05,0.0006210093,0.015879376,0.07753453,0.3461642,0.5597508
20001,2023-09-19,3,D2,5,D4,5,D4,False,2.9796693e-05,0.0002163892,0.0052901194,0.052643385,0.32373324,0.61808705
20001,2023-09-26,3,D2,5,D4,5,D4,False,1.794576e-05,9.351698e-05,0.002619066,0.04311459,0.31431416,0.6398408
20001,2023-10-03,3,D2,5,D4,5,D4,False,1.3649182e-05,6.4726366e-05,0.0021095788,0.043366425,0.32240245,0.63204324
20001,2023-10-10,3,D2,5,D4,5,D4,False,1.2442707e-05,4.95758e-05,0.0022618864,0.053886794,0.34492576,0.5988635
20001,2023-10-17,3,D2,5,D4,5,D4,False,1.3927522e-05,5.070817e-05,0.0027369095,0.06855622,0.35804063,0.57060164
20001,2023-10-24,3,D2,5,D4,5,D4,False,1.8078563e-05,6.400105e-05,0.0032757134,0.08242884,0.3618323,0.55238116
20001,2023-10-31,2,D1,5,D4,4,D3,False,5.0762977e-05,0.00018681934,0.0060328976,0.102278925,0.36280614,0.52864444
20001,2023-11-07,2,D1,5,D4,4,D3,False,8.108824e-05,0.00031159376,0.009369645,0.1413662,0.3666949,0.48217663
20001,2023-11-14,2,D1,4,D3,4,D3,False,0.00015622041,0.00075824,0.018335447,0.22125295,0.38769552,0.3718017
20001,2023-11-21,2,D1,4,D3,4,D3,False,0.00038474356,0.0022390399,0.036147505,0.27123386,0.37862232,0.31137246
20001,2023-11-28,2,D1,4,D3,4,D3,False,0.00039829194,0.0026331053,0.044426918,0.3151878,0.37543228,0.2619216
20001,2023-12-05,2,D1,4,D3,4,D3,False,0.00034611998,0.0023257253,0.046047978,0.34916335,0.37743804,0.22467877
20001,2023-12-12,2,D1,3,D2,4,D3,False,0.00048458297,0.0038220852,0.0602823,0.37196863,0.3683751,0.19506739
20001,2023-12-19,2,D1,3,D2,4,D3,False,0.0014058889,0.015529603,0.12817521,0.39267457,0.3303108,0.13190389
20001,2023-12-26,2,D1,3,D2,3,D2,False,0.0030029546,0.040304657,0.20723322,0.40674967,0.27438772,0.06832188
20001,2024-01-02,2,D1,3,D2,3,D2,False,0.0029153195,0.053154662,0.2439386,0.42298082,0.23598932,0.041021287
20001,2024-01-09,2,D1,3,D2,3,D2,False,0.004532844,0.106677346,0.3218912,0.3748287,0.17639883,0.01567103
20001,2024-01-16,2,D1,3,D2,2,D1,True,0.0034160104,0.11783931,0.35675293,0.37391666,0.1404615,0.007613564
20001,2024-01-23,2,D1,3,D2,2,D1,True,0.0021862898,0.1108241,0.38020083,0.38044682,0.12174259,0.004599418
20001,2024-01-30,2,D1,2,D1,2,D1,True,0.0024173462,0.15240306,0.4061193,0.34508654,0.09142125,0.0025525955
20001,2024-02-06,2,D1,2,D1,2,D1,True,0.0017303918,0.16074304,0.434839,0.32498223,0.076140165,0.0015652255
20001,2024-02-13,2,D1,2,D1,2,D1,True,0.0004989527,0.102445915,0.46341175,0.35537216,0.07726349,0.0010077483
20001,2024-02-20,2,D1,2,D1,2,D1,True,0.0002116589,0.070870966,0.4719989,0.37891153,0.07715254,0.0008544733
20001,2024-02-27,2,D1,2,D1,2,D1,True,0.00014184881,0.058349136,0.4737974,0.3882402,0.07868228,0.00078908406
20001,2024-03-05,2,D1,2,D1,2,D1,True,0.000111210094,0.044510953,0.45288253,0.4129336,0.088533714,0.0010279927
20001,2024-03-12,1,D0,3,D2,2,D1,False,0.00015326204,0.040876232,0.41599554,0.42753702,0.11364539,0.0017925607
20001,2024-03-19,1,D0,1,D0,1,D0,True,0.055456255,0.567004,0.32472843,0.042344663,0.009917071,0.0005496089
20001,2024-03-26,1,D0,1,D0,1,D0,True,0.120099045,0.7258197,0.14971638,0.003825932,0.00050281954,3.6195357e-05
20001,2024-04-02,1,D0,1,D0,1,D0,True,0.06576807,0.7461177,0.18513191,0.0027275183,0.00023956735,1.5199034e-05
20001,2024-04-09,1,D0,1,D0,1,D0,True,0.019700449,0.69940144,0.27574852,0.0048506334,0.00028613018,1.2852524e-05
20001,2024-04-16,2,D1,1,D0,1,D0,False,0.010837882,0.65576416,0.32589597,0.007145352,0.00034336586,1.32906525e-05
20001,2024-04-23,2,D1,2,D1,2,D1,True,0.00013295017,0.22129248,0.5998332,0.17271051,0.0059715,5.933109e-05
20001,2024-04-30,0,None,2,D1,2,D1,False,0.0001871864,0.19148064,0.57205856,0.22250298,0.013602193,0.00016852422
20001,2024-05-07,0,None,0,None,0,None,True,0.6054903,0.39014697,0.004290421,4.9229395e-05,1.7558303e-05,5.490403e-06
20001,2024-05-14,0,None,0,None,0,None,True,0.7614033,0.23792265,0.000661073,7.1967006e-06,4.2820216e-06,1.5381896e-06
20001,2024-05-21,0,None,0,None,0,None,True,0.81516194,0.18434153,0.00048354693,6.4558476e-06,4.911701e-06,1.6429749e-06
20001,2024-05-28,0,None,0,None,0,None,True,0.82803214,0.17149599,0.00045811356,6.6546645e-06,5.3616545e-06,1.7913536e-06
20001,2024-06-04,0,None,0,None,0,None,True,0.8042759,0.19506326,0.0006449568,8.05476e-06,5.743447e-06,2.0747818e-06
20001,2024-06-11,0,None,0,None,0,None,True,0.8181841,0.18119542,0.00060452503,7.916007e-06,5.7100115e-06,2.3591322e-06
20001,2024-06-18,0,None,0,None,0,None,True,0.7881315,0.21093473,0.0009093376,1.2257241e-05,8.051524e-06,4.067589e-06
20001,2024-06-25,0,None,0,None,0,None,True,0.7749004,0.22417393,0.00090257445,1.1625982e-05,7.05025e-06,4.448824e-06
20001,2024-07-02,0,None,0,None,0,None,True,0.7801764,0.21891825,0.00087823544,1.2839652e-05,7.86613e-06,6.3836255e-06
20001,2024-07-09,0,None,0,None,0,None,True,0.73833126,0.26049244,0.0011421344,1.6021682e-05,9.21132e-06,8.983098e-06
20001,2024-07-16,0,None,0,None,0,None,True,0.6850805,0.31350976,0.0013636627,1.9566283e-05,1.1436227e-05,1.5104982e-05
20001,2024-07-23,0,None,0,None,0,None,True,0.6481797,0.3500696,0.0016816424,2.4193509e-05,1.419534e-05,3.062482e-05
20001,2024-07-30,1,D0,0,None,0,None,False,0.6440787,0.35398152,0.0018261054,3.0006417e-05,1.8632722e-05,6.5027016e-05
20001,2024-08-06,1,D0,1,D0,1,D0,True,0.09434486,0.64542264,0.23404385,0.018331235,0.002999725,0.0048577134
20001,2024-08-13,1,D0,1,D0,1,D0,True,0.09554828,0.6915429,0.18796667,0.014223065,0.0031168375,0.007602236
20001,2024-08-20,1,D0,1,D0,1,D0,True,0.10355407,0.71663994,0.15786469,0.010404793,0.002859699,0.008676787
20001,2024-08-27,1,D0,1,D0,1,D0,True,0.08795918,0.7134182,0.17221628,0.013374255,0.0035758035,0.009456244
20001,2024-09-03,1,D0,1,D0,1,D0,True,0.07217375,0.7000182,0.19607762,0.018143212,0.0042254017,0.009361794
20001,2024-09-10,2,D1,1,D0,1,D0,False,0.06160716,0.6949517,0.21007602,0.021048697,0.0044912174,0.007825182
20001,2024-09-17,2,D1,2,D1,1,D0,False,0.005578008,0.39886525,0.42186853,0.14996809,0.018968701,0.004751438
20001,2024-09-24,1,D0,2,D1,2,D1,False,0.0009101036,0.16136605,0.46089977,0.33256203,0.0400616,0.0042004674
20001,2024-10-01,1,D0,1,D0,1,D0,True,0.024846826,0.49648726,0.33965412,0.120116055,0.014155965,0.0047397823
20001,2024-10-08,2,D1,1,D0,1,D0,False,0.015207843,0.501627,0.37793285,0.09642083,0.007304475,0.0015069663
20001,2024-10-15,2,D1,2,D1,2,D1,True,0.00038855406,0.11401711,0.47407594,0.38207385,0.028368741,0.0010757932
20001,2024-10-22,3,D2,3,D2,3,D2,True,0.00011507215,0.034399148,0.38342065,0.517123,0.06310725,0.0018348843
20001,2024-10-29,3,D2,3,D2,3,D2,True,0.00012260332,0.029758243,0.34098077,0.54482734,0.08217185,0.0021391741
20001,2024-11-05,2,D1,3,D2,3,D2,False,0.00091610703,0.09220594,0.3598087,0.4527797,0.08997748,0.0043120566
20001,2024-11-12,1,D0,2,D1,2,D1,False,0.0028770117,0.16276053,0.39573747,0.3397398,0.09351293,0.005372229
20001,2024-11-19,1,D0,1,D0,1,D0,True,0.23010628,0.6660462,0.09068333,0.009307456,0.0033556574,0.00050104706
20001,2024-11-26,1,D0,1,D0,1,D0,True,0.3419673,0.62895346,0.02764305,0.0010876858,0.00028815103,6.032588e-05
20001,2024-12-03,1,D0,1,D0,1,D0,True,0.29209045,0.66975045,0.037008733,0.0009518034,0.00017009293,2.8522896e-05
20001,2024-12-10,1,D0,1,D0,1,D0,True,0.20787537,0.7350201,0.05584655,0.0011020828,0.00013805726,1.788403e-05
20001,2024-12-17,1,D0,1,D0,1,D0,True,0.07035173,0.7997931,0.12774129,0.001974345,0.00012882028,1.0664729e-05
20001,2024-12-24,1,D0,1,D0,1,D0,True,0.07609651,0.80985135,0.112739235,0.0012314998,7.490172e-05,6.451351e-06
20001,2024-12-31,1,D0,1,D0,1,D0,True,0.077419005,0.8176431,0.10398343,0.00088276895,6.764718e-05,4.006753e-06
20001,2025-01-07,1,D0,1,D0,1,D0,True,0.109106325,0.809767,0.08050108,0.00057027146,5.2267726e-05,3.000045e-06
20001,2025-01-14,1,D0,1,D0,1,D0,True,0.07882945,0.81545156,0.10488814,0.0007666005,6.173051e-05,2.5441639e-06
20001,2025-01-21,1,D0,1,D0,1,D0,True,0.06991778,0.80861956,0.12056521,0.0008266775,6.8486464e-05,2.2059032e-06
20001,2025-01-28,1,D0,1,D0,1,D0,True,0.033863988,0.7823723,0.18227984,0.0013827672,9.906423e-05,2.0246007e-06
20001,2025-02-04,1,D0,1,D0,1,D0,True,0.026695844,0.76303095,0.20863587,0.001529105,0.00010643852,1.8379882e-06
20001,2025-02-11,1,D0,1,D0,1,D0,True,0.011791117,0.7248643,0.26073337,0.002465342,0.00014417378,1.6476675e-06
20001,2025-02-18,1,D0,1,D0,1,D0,True,0.0108061815,0.72843784,0.25820965,0.0024023699,0.0001425025,1.4716796e-06
20001,2025-02-25,1,D0,1,D0,1,D0,True,0.0091372,0.72142375,0.2664831,0.002777706,0.00017647268,1.7588764e-06
20001,2025-03-04,1,D0,1,D0,1,D0,True,0.0038034676,0.6482583,0.3414451,0.0061374274,0.00035306838,2.5450092e-06
20001,2025-03-11,0,None,1,D0,1,D0,False,0.0025094694,0.5887934,0.3953992,0.012645288,0.00064682146,5.7766915e-06
20001,2025-03-18,0,None,1,D0,1,D0,False,0.25476786,0.708683,0.036318794,0.00018988231,3.8441085e-05,1.9503293e-06
20001,2025-03-25,0,None,0,None,1,D0,False,0.52447194,0.46720624,0.008273124,3.5064335e-05,1.2296092e-05,1.2805504e-06
20001,2025-04-01,0,None,0,None,0,None,True,0.59245497,0.40247577,0.0050402964,1.994512e-05,7.931639e-06,1.0809566e-06
20001,2025-04-08,0,None,0,None,0,None,True,0.592515,0.40248662,0.004967226,2.1295069e-05,8.535719e-06,1.3629772e-06
20001,2025-04-15,0,None,0,None,0,None,True,0.6154534,0.38088158,0.0036389893,1.6997757e-05,7.8330695e-06,1.1740125e-06
20001,2025-04-22,0,None,0,None,0,None,True,0.64102656,0.35654518,0.002406064,1.4741094e-05,6.1341575e-06,1.3317967e-06
20001,2025-04-29,0,None,0,None,0,None,True,0.6749163,0.32346603,0.0015889049,1.9682886e-05,6.3796365e-06,2.6825007e-06
20001,2025-05-06,0,None,0,None,0,None,True,0.6640348,0.33395118,0.001977224,2.4889621e-05,8.550407e-06,3.3988542e-06
20001,2025-05-13,0,None,0,None,0,None,True,0.66259664,0.33495876,0.0023959856,3.2107637e-05,1.1556081e-05,4.920608e-06
20001,2025-05-20,0,None,0,None,0,None,True,0.69839686,0.30010614,0.0014625378,2.1653654e-05,8.385786e-06,4.41418e-06
20001,2025-05-27,0,None,0,None,0,None,True,0.70792884,0.2906664,0.0013677403,2.2747208e-05,8.9187215e-06,5.2793575e-06
20001,2025-06-03,0,None,0,None,0,None,True,0.725753,0.2730689,0.001141449,2.1902875e-05,8.878946e-06,5.8301343e-06
20001,2025-06-10,0,None,0,None,0,None,True,0.72678745,0.27204934,0.0011227488,2.3501996e-05,1.0086522e-05,6.937127e-06
20001,2025-06-17,0,None,0,None,0,None,True,0.73698467,0.2619895,0.0009823445,2.4504741e-05,1.1076904e-05,7.909107e-06
20001,2025-06-24,0,None,0,None,0,None,True,0.72327167,0.27569076,0.0009950231,2.380715e-05,1.17111795e-05,7.060465e-06
20001,2025-07-01,0,None,0,None,0,None,True,0.7231019,0.27586353,0.0009909656,2.3552597e-05,1.2716267e-05,7.2871244e-06
20001,2025-07-08,0,None,0,None,0,None,True,0.7121807,0.2866126,0.0011589315,2.455807e-05,1.5128246e-05,8.107636e-06
20001,2025-07-15,0,None,0,None,0,None,True,0.711466,0.28737682,0.0011069161,2.3671795e-05,1.678998e-05,9.867986e-06
20001,2025-07-22,0,None,0,None,0,None,True,0.7184496,0.280597,0.0009038397,2.0692174e-05,1.760972e-05,1.1273941e-05
20001,2025-07-29,0,None,0,None,0,None,True,0.74798405,0.25119308,0.0007661814,1.9364063e-05,2.009987e-05,1.7295211e-05
20001,2025-08-05,0,None,0,None,0,None,True,0.7331078,0.26599434,0.000827278,2.2802507e-05,2.371929e-05,2.413849e-05
20001,2025-08-12,0,None,0,None,0,None,True,0.72804457,0.2709656,0.00089937134,2.691469e-05,2.7696138e-05,3.5848847e-05
20001,2025-08-19,0,None,0,None,0,None,True,0.71005523,0.28890762,0.0009346219,2.987647e-05,2.7490072e-05,4.5133333e-05
20001,2025-08-26,0,None,0,None,0,None,True,0.6860738,0.3128111,0.0009987961,3.1693533e-05,2.7379361e-05,5.729994e-05
20001,2025-09-02,0,None,0,None,0,None,True,0.71761346,0.28152764,0.0007605876,2.4348807e-05,2.1720914e-05,5.2216095e-05
20001,2025-09-09,0,None,0,None,0,None,True,0.708912,0.29021943,0.0007492241,2.5528714e-05,2.5080564e-05,6.876359e-05
20001,2025-09-16,1,D0,0,None,0,None,False,0.6970271,0.30211866,0.00071537134,2.6369586e-05,2.7171072e-05,8.5418076e-05
20001,2025-09-23,1,D0,1,D0,1,D0,True,0.42426756,0.5222809,0.04684909,0.0021974233,0.0013366763,0.0030683947
20001,2025-09-30,1,D0,0,None,1,D0,True,0.5192335,0.46978924,0.009996125,0.00031421776,0.00020062154,0.00046623865
20001,2025-10-07,1,D0,0,None,1,D0,True,0.5096477,0.47506812,0.014440647,0.00033593952,0.0001588636,0.00034867844
20001,2025-10-14,1,D0,1,D0,1,D0,True,0.4186216,0.51222014,0.06708069,0.0012746368,0.0003288548,0.00047400768
20001,2025-10-21,1,D0,1,D0,1,D0,True,0.124584466,0.66659534,0.20431569,0.0038227986,0.00047407486,0.00020753326
20001,2025-10-28,1,D0,1,D0,1,D0,True,0.08819534,0.7050388,0.20334409,0.0030090099,0.0003376024,7.5240314e-05
20001,2025-11-04,1,D0,1,D0,1,D0,True,0.057520345,0.72213393,0.21689138,0.0030772411,0.00033458613,4.2447606e-05
20001,2025-11-11,2,D1,1,D0,1,D0,False,0.032353178,0.7160244,0.24633202,0.0047064545,0.00055657903,2.7420585e-05
20001,2025-11-18,2,D1,1,D0,1,D0,False,0.006050485,0.5444791,0.41383654,0.031761143,0.0038152926,5.7424917e-05
20001,2025-11-25,2,D1,1,D0,1,D0,False,0.005259021,0.50546336,0.43369275,0.048052825,0.007448701,8.327858e-05
20001,2025-12-02,2,D1,1,D0,1,D0,False,0.0043906057,0.48116133,0.4460605,0.05831582,0.009984758,8.6958215e-05
20001,2025-12-09,2,D1,2,D1,1,D0,False,0.0018470986,0.42128545,0.48479697,0.08040551,0.011609841,5.5081786e-05
20001,2025-12-16,2,D1,2,D1,1,D0,False,0.0022148706,0.43012416,0.47548494,0.07764796,0.014456374,7.160236e-05
20001,2025-12-23,2,D1,2,D1,2,D1,True,0.0006654395,0.3484114,0.5359603,0.103308514,0.011618761,3.545445e-05
20001,2025-12-30,2,D1,2,D1,2,D1,True,0.0003071788,0.2891439,0.57802796,0.123135544,0.0093585,2.694707e-05
20003,2022-01-04,0,None,0,None,0,None,True,0.6009542,0.3958172,0.0032118664,1.0285839e-05,3.834461e-06,2.598228e-06
20003,2022-01-11,0,None,0,None,0,None,True,0.62189996,0.3755463,0.0025364454,9.40086e-06,3.4837865e-06,4.444482e-06
20003,2022-01-18,0,None,0,None,0,None,True,0.616228,0.38122162,0.0025321993,9.655784e-06,3.5312507e-06,5.036405e-06
20003,2022-01-25,0,None,0,None,0,None,True,0.59714186,0.39995047,0.0028882227,9.965678e-06,3.2847593e-06,6.198368e-06
20003,2022-02-01,0,None,0,None,0,None,True,0.5627663,0.4331511,0.0040583345,1.3311343e-05,4.041578e-06,6.8780505e-06
20003,2022-02-08,0,None,0,None,0,None,True,0.55290914,0.44262248,0.0044439235,1.4103086e-05,4.26977e-06,6.143241e-06
20003,2022-02-15,0,None,0,None,1,D0,False,0.520369,0.47393125,0.005668102,1.8709461e-05,5.6337217e-06,7.3469873e-06
20003,2022-02-22,0,None,0,None,1,D0,False,0.50024676,0.49279654,0.006923963,1.9636667e-05,6.3110974e-06,6.7958745e-06
20003,2022-03-01,1,D0,0,None,1,D0,True,0.5073256,0.48612535,0.0065158075,1.9647514e-05,6.8979252e-06,6.6402085e-06
20003,2022-03-08,1,D0,1,D0,1,D0,True,0.016217813,0.64421743,0.3343767,0.0047043846,0.00029763236,0.00018599458
20003,2022-03-15,1,D0,1,D0,1,D0,True,0.008882427,0.6414375,0.34306204,0.006194553,0.00030179275,0.00012168443
20003,2022-03-22,0,None,1,D0,1,D0,False,0.01562354,0.677281,0.3013887,0.0052836714,0.00029807183,0.00012503928
20003,2022-03-29,0,None,0,None,1,D0,False,0.505965,0.48986664,0.0041466258,1.513261e-05,3.2339888e-06,3.3076099e-06
20003,2022-04-05,0,None,0,None,0,None,True,0.61963767,0.3783588,0.001987688,9.906933e-06,2.7688698e-06,3.1290726e-06
20003,2022-04-12,0,None,0,None,0,None,True,0.6436437,0.35443097,0.0019069695,1.0945525e-05,3.5542175e-06,3.832795e-06
20003,2022-04-19,0,None,0,None,0,None,True,0.5892781,0.40688175,0.0038048534,2.227169e-05,7.0493825e-06,6.0534294e-06
20003,2022-04-26,0,None,0,None,0,None,True,0.63487333,0.362695,0.0024083701,1.4003451e-05,4.8596594e-06,4.390483e-06
20003,2022-05-03,0,None,0,None,0,None,True,0.6843734,0.31448856,0.0011236165,7.768812e-06,3.0328201e-06,3.6323556e-06
20003,2022-05-10,0,None,0,None,0,None,True,0.7121952,0.28695565,0.0008340034,7.4374407e-06,3.0843987e-06,4.5959205e-06
20003,2022-05-17,0,None,0,None,0,None,True,0.71237177,0.28672108,0.0008890218,8.855717e-06,3.92059e-06,5.329607e-06
20003,2022-05-24,0,None,0,None,0,None,True,0.71892303,0.2801472,0.0009098124,1.0106538e-05,4.6864684e-06,5.133681e-06
20003,2022-05-31,0,None,0,None,0,None,True,0.7343733,0.26472935,0.0008758074,1.2090649e-05,5.110868e-06,4.414975e-06
20003,2022-06-07,0,None,0,None,0,None,True,0.7281024,0.2708205,0.0010515206,1.5216511e-05,6.316105e-06,4.032855e-06
20003,2022-06-14,0,None,0,None,0,None,True,0.72161657,0.2770598,0.0012895251,2.0208485e-05,8.54106e-06,5.3729673e-06
20003,2022-06-21,0,None,0,None,0,None,True,0.71905565,0.27941757,0.0014894404,2.2545337e-05,8.990067e-06,5.8152004e-06
20003,2022-06-28,0,None,0,None,0,None,True,0.7179541,0.28041792,0.0015884915,2.3833985e-05,9.300895e-06,6.2971126e-06
20003,2022-07-05,0,None,0,None,0,None,True,0.7089677,0.2891464,0.0018476362,2.3483915e-05,9.132571e-06,5.736176e-06
20003,2022-07-12,0,None,0,None,0,None,True,0.67467755,0.32218972,0.0030818044,3.192761e-05,1.1809341e-05,7.1646004e-06
20003,2022-07-19,1,D0,0,None,0,None,False,0.65297335,0.34249023,0.004476061,3.8461327e-05,1.3871587e-05,7.999308e-06
20003,2022-07-26,1,D0,1,D0,1,D0,True,0.0620528,0.5968491,0.32912213,0.010600206,0.0010978754,0.00027794612
20003,2022-08-02,1,D0,1,D0,1,D0,True,0.08804785,0.648078,0.2568389,0.006204676,0.00063809525,0.00019243236
20003,2022-08-09,2,D1,1,D0,1,D0,False,0.037468575,0.6143372,0.33570006,0.011384596,0.0009219748,0.00018758136
20003,2022-08-16,2,D1,2,D1,2,D1,True,0.00087745214,0.23300944,0.56247604,0.19388156,0.009363588,0.0003919186
20003,2022-08-23,2,D1,2,D1,2,D1,True,0.0006418959,0.17075622,0.5461038,0.26298413,0.018581618,0.0009324227
20003,2022-08-30,1,D0,2,D1,2,D1,False,0.0003013225,0.09417356,0.5483766,0.32847157,0.027445659,0.0012312905
20003,2022-09-06,1,D0,2,D1,2,D1,False,0.002066475,0.21761179,0.48661312,0.26535666,0.02663199,0.0017199174
20003,2022-09-13,1,D0,2,D1,2,D1,False,0.00393154,0.2934609,0.4939674,0.18787324,0.019575221,0.001191737
20003,2022-09-20,2,D1,2,D1,2,D1,True,0.0011589816,0.21758436,0.5060513,0.25090328,0.023254385,0.0010476224
20003,2022-09-27,2,D1,2,D1,2,D1,True,0.00014889028,0.04140762,0.44076446,0.42854184,0.085435405,0.0037017178
20003,2022-10-04,3,D2,3,D2,3,D2,True,5.695913e-05,0.00882723,0.23504329,0.5742449,0.16958389,0.012243749
20003,2022-10-11,3,D2,3,D2,3,D2,True,5.0187973e-05,0.0034446556,0.13073869,0.5774938,0.2540001,0.034272604
20003,2022-10-18,3,D2,3,D2,3,D2,True,5.489962e-05,0.0017226187,0.07662179,0.550669,0.28849414,0.08243744
20003,2022-10-25,3,D2,3,D2,3,D2,True,4.7917758e-05,0.00083912926,0.045212056,0.52209944,0.30538255,0.12641892
20003,2022-11-01,3,D2,3,D2,3,D2,True,6.557185e-05,0.0008645861,0.039814018,0.5050318,0.3126898,0.14153427
20003,2022-11-08,2,D1,3,D2,3,D2,False,0.0001050063,0.0013126265,0.044136565,0.49706218,0.31527305,0.14211057
20003,2022-11-15,2,D1,3,D2,3,D2,False,0.00010389636,0.0014632851,0.045895606,0.49065334,0.32389292,0.13799094
20003,2022-11-22,2,D1,3,D2,3,D2,False,9.612334e-05,0.001534592,0.048794366,0.49001735,0.33905378,0.1205038
20003,2022-11-29,2,D1,3,D2,3,D2,False,0.00012855566,0.0024087518,0.06261903,0.48711425,0.34117684,0.106552586
20003,2022-12-06,2,D1,3,D2,3,D2,False,0.00013877611,0.0027052872,0.067325346,0.49117833,0.33788985,0.10076242
20003,2022-12-13,2,D1,3,D2,3,D2,False,0.00014572937,0.0029154858,0.07319251,0.49776557,0.33076963,0.09521115
20003,2022-12-20,2,D1,3,D2,3,D2,False,0.00015874201,0.0034739797,0.08440184,0.5050349,0.32037565,0.08655487
20003,2022-12-27,2,D1,3,D2,3,D2,False,0.00019831464,0.0045543727,0.09868309,0.5085342,0.30721724,0.080812834
20003,2023-01-03,2,D1,3,D2,3,D2,False,0.0003577176,0.0087340735,0.13181745,0.48698726,0.3052064,0.06689712
20003,2023-01-10,2,D1,3,D2,3,D2,False,0.0003172773,0.006967743,0.13107105,0.49353647,0.30427164,0.06383577
20003,2023-01-17,2,D1,3,D2,3,D2,False,0.00058599556,0.009804753,0.1535949,0.48926505,0.27655157,0.070197724
20003,2023-01-24,2,D1,3,D2,3,D2,False,0.0012738967,0.0190302,0.19599755,0.46411738,0.25293705,0.0666439
20003,2023-01-31,2,D1,3,D2,3,D2,False,0.00082107185,0.013901819,0.19474036,0.4717165,0.2507148,0.068105415
20003,2023-02-07,2,D1,3,D2,3,D2,False,0.0004611657,0.0073386193,0.16125385,0.47805572,0.27287945,0.08001117
20003,2023-02-14,1,D0,3,D2,3,D2,False,0.000495576,0.0070159617,0.15712348,0.45694244,0.2983542,0.08006825
20003,2023-02-21,1,D0,2,D1,1,D0,True,0.09218977,0.20169714,0.25664783,0.20454046,0.18884218,0.056082632
20003,2023-02-28,1,D0,1,D0,1,D0,True,0.37677142,0.44889513,0.122490086,0.023954464,0.025032714,0.0028562502
20003,2023-03-07,1,D0,1,D0,1,D0,True,0.42680544,0.5112637,0.055571333,0.0036141502,0.0024385247,0.00030681788
20003,2023-03-14,0,None,1,D0,1,D0,False,0.40597454,0.54651684,0.044590987,0.0019218182,0.00085075095,0.00014514914
20003,2023-03-21,0,None,0,None,1,D0,False,0.5221882,0.46616417,0.01130731,0.0002365251,8.231218e-05,2.1503072e-05
20003,2023-03-28,0,None,1,D0,1,D0,False,0.47462922,0.5065597,0.018301396,0.00036150147,0.00011647545,3.16571e-05
20003,2023-04-04,0,None,1,D0,1,D0,False,0.4195688,0.54827684,0.031338386,0.0005906967,0.0001742465,5.0980307e-05
20003,2023-04-11,0,None,1,D0,1,D0,False,0.2995233,0.60190326,0.09560675,0.0022599362,0.0005227812,0.00018397381
20003,2023-04-18,0,None,1,D0,1,D0,False,0.17382398,0.6069027,0.20990926,0.0075007686,0.001281881,0.0005814262
20003,2023-04-25,1,D0,1,D0,1,D0,True,0.1396966,0.61455065,0.23497675,0.00872922,0.0013424465,0.00070433976
20003,2023-05-02,1,D0,2,D1,1,D0,True,0.011200429,0.37307954,0.47020128,0.13169666,0.010926389,0.0028957336
20003,2023-05-09,2,D1,2,D1,2,D1,True,0.0105209,0.35076314,0.45060283,0.16750498,0.016040944,0.0045672776
20003,2023-05-16,2,D1,2,D1,2,D1,True,0.013607154,0.32696712,0.42676616,0.19834413,0.025289023,0.009026366
20003,2023-05-23,2,D1,2,D1,1,D0,False,0.027117793,0.33812195,0.40064788,0.18803029,0.032529805,0.013552351
20003,2023-05-30,2,D1,2,D1,1,D0,False,0.025777379,0.320033,0.3970096,0.20056243,0.04013172,0.016485829
20003,2023-06-06,1,D0,2,D1,2,D1,False,0.0067109675,0.2132771,0.40117052,0.27758592,0.076766826,0.02448866
20003,2023-06-13,1,D0,1,D0,1,D0,True,0.10922414,0.40010118,0.29540873,0.12032863,0.05188237,0.023054944
20003,2023-06-20,2,D1,1,D0,1,D0,False,0.12623332,0.43575764,0.28863126,0.095476195,0.03927197,0.014629643
20003,2023-06-27,2,D1,2,D1,2,D1,True,0.0012307473,0.14562544,0.40283,0.3168165,0.11348361,0.02001373
20003,2023-07-04,3,D2,2,D1,2,D1,False,0.0004994875,0.09276114,0.3974596,0.3514347,0.1343862,0.023458866
20003,2023-07-11,3,D2,2,D1,2,D1,False,0.0007424652,0.086599566,0.35886553,0.3525053,0.15690489,0.044382304
20003,2023-07-18,3,D2,3,D2,2,D1,False,0.0006999287,0.07357823,0.3402031,0.35810438,0.16919431,0.058220055
20003,2023-07-25,3,D2,3,D2,2,D1,False,0.00060231454,0.04694397,0.2942834,0.32658345,0.2165789,0.115007915
20003,2023-08-01,3,D2,3,D2,4,D3,False,0.0006762221,0.03455823,0.23967612,0.27632704,0.24689765,0.20186481
20003,2023-08-08,3,D2,5,D4,4,D3,False,0.0009471982,0.032224808,0.19008207,0.216471,0.25932333,0.30095154
20003,2023-08-15,3,D2,5,D4,4,D3,False,0.0010157293,0.028467497,0.17784971,0.20161918,0.2636852,0.32736278
20003,2023-08-22,3,D2,5,D4,4,D3,False,0.0003563208,0.009969171,0.13467084,0.19261788,0.29983562,0.36255026
20003,2023-08-29,3,D2,5,D4,4,D3,False,0.00016053263,0.004103898,0.09790045,0.1750151,0.34102646,0.38179353
20003,2023-09-05,3,D2,5,D4,4,D3,False,9.4110976e-05,0.0019492225,0.051254664,0.13076977,0.36120993,0.45472226
20003,2023-09-12,3,D2,5,D4,5,D4,False,3.6067697e-05,0.0004198694,0.012476033,0.076839514,0.3439348,0.56629366
20003,2023-09-19,4,D3,5,D4,5,D4,False,1.9959438e-05,0.0001286196,0.0033395407,0.045316935,0.30016765,0.6510273
20003,2023-09-26,4,D3,5,D4,5,D4,False,1.2361949e-05,6.314628e-05,0.0017775813,0.03923013,0.29383796,0.6650789
20003,2023-10-03,4,D3,5,D4,5,D4,False,8.867712e-06,4.3234537e-05,0.0012862622,0.037732173,0.29128066,0.6696488
20003,2023-10-10,4,D3,5,D4,5,D4,False,5.760685e-06,2.5464136e-05,0.000997211,0.040321197,0.2954531,0.6631973
20003,2023-10-17,4,D3,5,D4,5,D4,False,5.9095505e-06,2.2436208e-05,0.001033761,0.04744035,0.3051383,0.64635926
20003,2023-10-24,4,D3,5,D4,5,D4,False,7.570437e-06,2.7824904e-05,0.0012359249,0.055379666,0.31326044,0.6300885
20003,2023-10-31,3,D2,5,D4,5,D4,False,2.3511238e-05,7.8239435e-05,0.0022859597,0.0696249,0.32241425,0.6055732
20003,2023-11-07,3,D2,5,D4,5,D4,False,2.7591575e-05,8.484356e-05,0.002912512,0.08469328,0.3264118,0.58586997
20003,2023-11-14,3,D2,5,D4,5,D4,False,3.320511e-05,0.00010458825,0.00391019,0.10284304,0.331601,0.56150806
20003,2023-11-21,3,D2,5,D4,5,D4,False,8.219e-05,0.0002975921,0.00754197,0.12835495,0.3359924,0.52773094
20003,2023-11-28,3,D2,5,D4,4,D3,False,0.00010834543,0.0004110131,0.010680384,0.16428109,0.3321162,0.492403
20003,2023-12-05,2,D1,5,D4,4,D3,False,0.00010997231,0.00044256248,0.012303963,0.19256078,0.33198655,0.46259624
20003,2023-12-12,2,D1,5,D4,4,D3,False,0.0003229871,0.001357432,0.020759381,0.2212593,0.34159324,0.41470766
20003,2023-12-19,2,D1,4,D3,4,D3,False,0.0022320466,0.012431146,0.07085517,0.269254,0.3420775,0.30315012
20003,2023-12-26,2,D1,4,D3,4,D3,False,0.055475727,0.15584385,0.18339306,0.1982572,0.24664664,0.16038361
20003,2024-01-02,2,D1,1,D0,1,D0,False,0.11417475,0.27670884,0.21502481,0.15786451,0.16581658,0.07041047
20003,2024-01-09,2,D1,1,D0,1,D0,False,0.17735268,0.4021103,0.22578596,0.09635077,0.080102175,0.018298086
20003,2024-01-16,2,D1,1,D0,1,D0,False,0.11950712,0.4360017,0.25832927,0.1041196,0.07179101,0.010251392
20003,2024-01-23,2,D1,1,D0,1,D0,False,0.065299846,0.441697,0.31334603,0.11403549,0.059738133,0.005883474
20003,2024-01-30,2,D1,1,D0,1,D0,False,0.055450752,0.48417944,0.3163488,0.096396394,0.044708785,0.002915967
20003,2024-02-06,2,D1,1,D0,1,D0,False,0.03769827,0.46942696,0.33834007,0.09978629,0.05251647,0.0022319914
20003,2024-02-13,1,D0,2,D1,1,D0,True,0.012256166,0.3587147,0.38864166,0.14217041,0.09594541,0.0022716294
20003,2024-02-20,1,D0,1,D0,1,D0,True,0.06625891,0.60181516,0.27844945,0.036163427,0.016819391,0.0004936585
20003,2024-02-27,1,D0,1,D0,1,D0,True,0.056074653,0.63807386,0.27174404,0.025515378,0.008365633,0.00022645813
20003,2024-03-05,1,D0,1,D0,1,D0,True,0.021072121,0.60236746,0.34430483,0.027254028,0.0049116933,8.981173e-05
20003,2024-03-12,1,D0,1,D0,1,D0,True,0.016245384,0.60459745,0.35358676,0.022695983,0.0028230755,5.13639e-05
20003,2024-03-19,1,D0,1,D0,1,D0,True,0.08797072,0.747914,0.16060334,0.003113593,0.0003836606,1.4715787e-05
20003,2024-03-26,1,D0,1,D0,1,D0,True,0.09413062,0.74355215,0.15933934,0.0026776441,0.000285814,1.4459478e-05
20003,2024-04-02,1,D0,1,D0,1,D0,True,0.060258172,0.72496337,0.21040314,0.0040173125,0.00034198695,1.586067e-05
20003,2024-04-09,1,D0,1,D0,1,D0,True,0.022885833,0.67478716,0.29378694,0.0080210185,0.0005034639,1.563391e-05
20003,2024-04-16,2,D1,1,D0,1,D0,False,0.012478569,0.63787943,0.3381656,0.010897193,0.0005630262,1.6169543e-05
20003,2024-04-23,2,D1,2,D1,2,D1,True,0.00016219591,0.22570711,0.584918,0.18269235,0.0064687612,5.1509072e-05
20003,2024-04-30,0,None,2,D1,2,D1,False,0.00024102653,0.20573878,0.5512488,0.22947975,0.013113016,0.0001786392
20003,2024-05-07,0,None,0,None,0,None,True,0.5739097,0.42179918,0.004226489,4.5290195e-05,1.33418325e-05,5.974473e-06
20003,2024-05-14,0,None,0,None,0,None,True,0.6995873,0.29963306,0.000767156,7.286926e-06,3.4608026e-06,1.7128442e-06
20003,2024-05-21,0,None,0,None,0,None,True,0.77022845,0.22918397,0.0005745747,6.883089e-06,4.282527e-06,1.7736221e-06
20003,2024-05-28,0,None,0,None,0,None,True,0.7994348,0.20000799,0.0005428162,7.463317e-06,5.012971e-06,1.9390143e-06
20003,2024-06-04,0,None,0,None,0,None,True,0.76353705,0.23568766,0.0007580464,9.386028e-06,5.715964e-06,2.1907406e-06
20003,2024-06-11,0,None,0,None,0,None,True,0.78871673,0.21061037,0.00065743,8.212106e-06,5.1785883e-06,2.0900318e-06
20003,2024-06-18,0,None,0,None,0,None,True,0.78157115,0.21753737,0.0008696554,1.1182102e-05,7.113391e-06,3.512881e-06
20003,2024-06-25,0,None,0,None,0,None,True,0.7725993,0.22652656,0.0008534868,1.05354475e-05,6.3483126e-06,3.7956347e-06
20003,2024-07-02,0,None,0,None,0,None,True,0.7749274,0.22421136,0.00083715294,1.1652429e-05,7.1485056e-06,5.3573135e-06
20003,2024-07-09,0,None,0,None,0,None,True,0.733976,0.264891,0.001102396,1.4618468e-05,8.535013e-06,7.4413183e-06
20003,2024-07-16,0,None,0,None,0,None,True,0.6795279,0.31906226,0.0013686558,1.8402265e-05,1.09398725e-05,1.1821988e-05
20003,2024-07-23,0,None,0,None,0,None,True,0.634598,0.36354074,0.0018004874,2.4299903e-05,1.4427538e-05,2.2065888e-05
20003,2024-07-30,1,D0,0,None,0,None,False,0.6294895,0.368434,0.0019755536,3.0250767e-05,1.9482231e-05,5.1183917e-05
20003,2024-08-06,1,D0,1,D0,1,D0,True,0.09417505,0.6451337,0.23387855,0.01892864,0.003201769,0.0046823686
20003,2024-08-13,1,D0,1,D0,1,D0,True,0.09137603,0.6846515,0.19723785,0.015852364,0.003349615,0.0075326487
20003,2024-08-20,1,D0,1,D0,1,D0,True,0.10023014,0.705921,0.17029354,0.011853934,0.0031051678,0.008596278
20003,2024-08-27,1,D0,1,D0,1,D0,True,0.10846278,0.7205611,0.15016086,0.009473367,0.00270412,0.00863774
20003,2024-09-03,1,D0,1,D0,1,D0,True,0.09425155,0.71836686,0.16372599,0.011550911,0.0030402136,0.00906452
20003,2024-09-10,1,D0,1,D0,1,D0,True,0.08636123,0.7193976,0.16919196,0.012819543,0.0033011513,0.008928456
20003,2024-09-17,1,D0,1,D0,1,D0,True,0.07539453,0.7208156,0.17987655,0.013756947,0.0030923137,0.00706402
20003,2024-09-24,1,D0,1,D0,1,D0,True,0.05670249,0.670765,0.22947365,0.028013607,0.0057198657,0.0093253795
20003,2024-10-01,1,D0,1,D0,1,D0,True,0.17814118,0.73852676,0.07688549,0.002392784,0.000679006,0.0033747093
20003,2024-10-08,1,D0,1,D0,1,D0,True,0.054203294,0.67415446,0.24042492,0.023774168,0.0033333274,0.0041098436
20003,2024-10-15,1,D0,1,D0,1,D0,True,0.02393835,0.5665368,0.34606946,0.056072675,0.0049074013,0.0024753532
20003,2024-10-22,2,D1,1,D0,1,D0,False,0.0151172085,0.5140407,0.39237186,0.07230259,0.004810166,0.0013573484
20003,2024-10-29,2,D1,2,D1,2,D1,True,0.001989036,0.29586244,0.48683596,0.2032396,0.011311047,0.00076187577
20003,2024-11-05,1,D0,2,D1,1,D0,True,0.0075518074,0.36556023,0.45184436,0.15922087,0.014872965,0.0009497827
20003,2024-11-12,1,D0,1,D0,1,D0,True,0.41436455,0.55296755,0.030926509,0.0012770989,0.00033081905,0.00013354525
20003,2024-11-19,1,D0,1,D0,1,D0,True,0.4601859,0.5182088,0.020366076,0.0008509303,0.00027003608,0.00011824982
20003,2024-11-26,1,D0,1,D0,1,D0,True,0.42483515,0.552182,0.02177363,0.00084941665,0.0002728043,8.704316e-05
20003,2024-12-03,1,D0,1,D0,1,D0,True,0.29806754,0.6538677,0.045899097,0.0016736921,0.0004242669,6.768424e-05
20003,2024-12-10,1,D0,1,D0,1,D0,True,0.19425632,0.73162854,0.07148753,0.002155072,0.00043015406,4.235193e-05
20003,2024-12-17,1,D0,1,D0,1,D0,True,0.075701095,0.7682992,0.15211037,0.0034330296,0.00043169988,2.4678066e-05
20003,2024-12-24,1,D0,1,D0,1,D0,True,0.083252616,0.79296297,0.121822245,0.0017690053,0.0001800425,1.3181406e-05
20003,2024-12-31,1,D0,1,D0,1,D0,True,0.0913412,0.8007813,0.10655873,0.001201043,0.000109097404,8.62284e-06
20003,2025-01-07,1,D0,1,D0,1,D0,True,0.13160749,0.7851053,0.08247098,0.0007452615,6.586398e-05,5.1161605e-06
20003,2025-01-14,1,D0,1,D0,1,D0,True,0.070298724,0.8025844,0.12599896,0.0010365291,7.793393e-05,3.4129237e-06
20003,2025-01-21,1,D0,1,D0,1,D0,True,0.05480918,0.8008564,0.14317495,0.0010778268,7.892828e-05,2.6601176e-06
20003,2025-01-28,1,D0,1,D0,1,D0,True,0.02527577,0.76385844,0.20895743,0.0017985647,0.00010739212,2.3770538e-06
20003,2025-02-04,1,D0,1,D0,1,D0,True,0.02121563,0.7549801,0.22178724,0.0019071718,0.000107767315,2.0662367e-06
20003,2025-02-11,1,D0,1,D0,1,D0,True,0.010185862,0.7224515,0.264074,0.0031427157,0.00014394459,1.9871177e-06
20003,2025-02-18,1,D0,1,D0,1,D0,True,0.009863893,0.7256873,0.26135373,0.0029583,0.00013481617,1.8674793e-06
20003,2025-02-25,1,D0,1,D0,1,D0,True,0.008402452,0.712279,0.27588072,0.0032750163,0.00016052679,2.3207942e-06
20003,2025-03-04,1,D0,1,D0,1,D0,True,0.005927343,0.6873715,0.30204263,0.004434253,0.00022121455,3.0837177e-06
20003,2025-03-11,1,D0,1,D0,1,D0,True,0.004676874,0.6517476,0.33654633,0.0066871084,0.0003370663,5.072357e-06
20003,2025-03-18,1,D0,1,D0,1,D0,True,0.006149582,0.6566048,0.33028272,0.0065753283,0.0003802143,7.241285e-06
20003,2025-03-25,1,D0,1,D0,1,D0,True,0.008562448,0.6749606,0.3100654,0.006014452,0.00038648563,1.0721214e-05
20003,2025-04-01,1,D0,1,D0,1,D0,True,0.018962696,0.72052234,0.25655684,0.003667326,0.00027681436,1.3975449e-05
20003,2025-04-08,1,D0,1,D0,1,D0,True,0.034554955,0.7353937,0.22673813,0.0030146996,0.0002760376,2.2445998e-05
20003,2025-04-15,1,D0,1,D0,1,D0,True,0.03620144,0.7180145,0.24159029,0.0037789573,0.00037798038,3.6790425e-05
20003,2025-04-22,0,None,1,D0,1,D0,False,0.16650926,0.71546817,0.116344206,0.0014272127,0.00020606864,4.5149143e-05
20003,2025-04-29,0,None,0,None,0,None,True,0.63429433,0.36406744,0.0016221983,1.0417166e-05,3.8402886e-06,1.6837117e-06
20003,2025-05-06,0,None,0,None,0,None,True,0.66592133,0.33286718,0.0011947198,1.0169713e-05,4.45308e-06,2.2215925e-06
20003,2025-05-13,0,None,0,None,0,None,True,0.6797173,0.31888393,0.0013735773,1.5120343e-05,6.642335e-06,3.4377265e-06
20003,2025-05-20,0,None,0,None,0,None,True,0.71585816,0.28318098,0.0009382765,1.2968999e-05,5.762719e-06,3.7633151e-06
20003,2025-05-27,0,None,0,None,0,None,True,0.7261071,0.27292663,0.00094023155,1.4665899e-05,6.4300534e-06,4.9374803e-06
20003,2025-06-03,0,None,0,None,0,None,True,0.74530625,0.25387955,0.000788834,1.3630042e-05,6.2011927e-06,5.498497e-06
20003,2025-06-10,0,None,0,None,0,None,True,0.74842995,0.25077802,0.0007647355,1.3880837e-05,6.851058e-06,6.5444488e-06
20003,2025-06-17,0,None,0,None,0,None,True,0.7709175,0.22843261,0.00062186597,1.3088488e-05,7.3160113e-06,7.5804714e-06
20003,2025-06-24,0,None,0,None,0,None,True,0.7494736,0.24985445,0.00064444134,1.2666992e-05,7.5741877e-06,7.2746666e-06
20003,2025-07-01,0,None,0,None,0,None,True,0.75564146,0.24368979,0.00064027443,1.2498386e-05,8.177942e-06,7.772328e-06
20003,2025-07-08,0,None,0,None,0,None,True,0.7372586,0.2619322,0.00077697064,1.3681982e-05,9.7729535e-06,8.875094e-06
20003,2025-07-15,0,None,0,None,0,None,True,0.7427037,0.2564934,0.00076741417,1.3569719e-05,1.0487087e-05,1.1414195e-05
20003,2025-07-22,0,None,0,None,0,None,True,0.75520283,0.24406336,0.0006963959,1.28224465e-05,1.1213115e-05,1.3386096e-05
20003,2025-07-29,0,None,0,None,0,None,True,0.7658823,0.2333282,0.0007384559,1.5072676e-05,1.5366806e-05,2.065567e-05
20003,2025-08-05,0,None,0,None,0,None,True,0.7496617,0.24948993,0.0007798987,1.8112198e-05,1.8649469e-05,3.1699412e-05
20003,2025-08-12,0,None,0,None,0,None,True,0.7475473,0.25151494,0.00084688404,2.1509637e-05,2.258671e-05,4.6850048e-05
20003,2025-08-19,0,None,0,None,0,None,True,0.73891866,0.2601027,0.00088175613,2.1640586e-05,2.308341e-05,5.2151147e-05
20003,2025-08-26,0,None,0,None,0,None,True,0.71725523,0.28168663,0.0009654085,2.080745e-05,2.1500238e-05,5.0415845e-05
20003,2025-09-02,0,None,0,None,0,None,True,0.7455503,0.25367704,0.0006976983,1.6501073e-05,1.6785803e-05,4.1707222e-05
20003,2025-09-09,0,None,0,None,0,None,True,0.72932047,0.26989573,0.0007202529,1.4986785e-05,1.4835666e-05,3.3757624e-05
20003,2025-09-16,1,D0,0,None,0,None,False,0.7172949,0.28187954,0.0007656746,1.5178825e-05,1.3420148e-05,3.129588e-05
20003,2025-09-23,0,None,0,None,0,None,True,0.64609396,0.35046676,0.0032111434,6.758213e-05,5.2503125e-05,0.000108069406
20003,2025-09-30,0,None,0,None,0,None,True,0.7077777,0.29152688,0.0006619346,1.0840176e-05,8.203809e-06,1.4464222e-05
20003,2025-10-07,0,None,0,None,0,None,True,0.70516074,0.29419786,0.0006219396,7.4071418e-06,5.2189207e-06,6.8710574e-06
20003,2025-10-14,1,D0,0,None,0,None,False,0.6942032,0.30512202,0.00065983296,5.9668664e-06,4.3538776e-06,4.620367e-06
20003,2025-10-21,1,D0,1,D0,1,D0,True,0.20227486,0.6424067,0.1522664,0.0023830172,0.00047519017,0.00019388142
20003,2025-10-28,1,D0,1,D0,1,D0,True,0.080854185,0.70943356,0.20636082,0.002906844,0.00037763524,6.688132e-05
20003,2025-11-04,1,D0,1,D0,1,D0,True,0.04733212,0.73156667,0.21783195,0.0028956793,0.00033581868,3.778358e-05
20003,2025-11-11,1,D0,1,D0,1,D0,True,0.031636827,0.71814644,0.24496652,0.0046367366,0.0005891552,2.4405006e-05
20003,2025-11-18,1,D0,1,D0,1,D0,True,0.039087754,0.7169799,0.23769905,0.0053928792,0.000807804,3.2589545e-05
20003,2025-11-25,1,D0,1,D0,1,D0,True,0.072998,0.7334036,0.18881641,0.003999767,0.0007443667,3.7836646e-05
20003,2025-12-02,1,D0,1,D0,1,D0,True,0.06870491,0.74728334,0.17923142,0.003997092,0.0007517819,3.144586e-05
20003,2025-12-09,1,D0,1,D0,1,D0,True,0.021451915,0.68659586,0.28134274,0.009255546,0.0013312526,2.2631291e-05
20003,2025-12-16,1,D0,1,D0,1,D0,True,0.026543234,0.7031628,0.26044923,0.008412611,0.0014065689,2.5553863e-05
20003,2025-12-23,1,D0,1,D0,1,D0,True,0.0073514082,0.6437719,0.33505416,0.012443459,0.0013685494,1.0592802e-05
20003,2025-12-30,1,D0,1,D0,1,D0,True,0.0041344776,0.62791705,0.3547083,0.012306103,0.0009286971,5.2877294e-06
20005,2022-01-04,0,None,0,None,0,None,True,0.5853252,0.41157404,0.0030928568,5.386724e-06,2.3177072e-06,3.1758296e-07
20005,2022-01-11,0,None,0,None,0,None,True,0.59048426,0.40640444,0.0031030574,5.5459614e-06,2.2930783e-06,3.8519593e-07
20005,2022-01-18,0,None,0,None,0,None,True,0.5872949,0.40925723,0.0034379372,6.740947e-06,2.598871e-06,6.0601553e-07
20005,2022-01-25,0,None,0,None,0,None,True,0.57037616,0.42566094,0.0039513693,7.82473e-06,2.7436051e-06,1.0411286e-06
20005,2022-02-01,0,None,0,None,1,D0,False,0.5427191,0.45240113,0.0048613707,1.1747761e-05,3.6249323e-06,2.928298e-06
20005,2022-02-08,0,None,0,None,0,None,True,0.5512398,0.44451284,0.0042289654,1.1527647e-05,3.6678953e-06,3.2659173e-06
20005,2022-02-15,0,None,0,None,1,D0,False,0.5115975,0.48248518,0.0058873454,1.8581351e-05,5.177295e-06,6.251087e-06
20005,2022-02-22,0,None,1,D0,1,D0,False,0.4939465,0.49868608,0.007336057,1.967944e-05,5.9421063e-06,5.711837e-06
20005,2022-03-01,1,D0,0,None,1,D0,True,0.50659484,0.48634169,0.007029985,2.0511152e-05,6.9972675e-06,5.9977538e-06
20005,2022-03-08,1,D0,1,D0,1,D0,True,0.020263795,0.6569394,0.31743458,0.004886025,0.0003360047,0.00014016093
20005,2022-03-15,1,D0,1,D0,1,D0,True,0.008928254,0.641321,0.34289262,0.0064261495,0.00030234616,0.00012964294
20005,2022-03-22,1,D0,1,D0,1,D0,True,0.010083851,0.63968015,0.34117523,0.008500155,0.00041485066,0.00014572185
20005,2022-03-29,0,None,1,D0,1,D0,False,0.017773062,0.67185277,0.30306372,0.0067337556,0.00038343086,0.00019324009
20005,2022-04-05,0,None,1,D0,1,D0,False,0.4578531,0.53507227,0.007029599,3.319612e-05,6.260483e-06,5.634674e-06
20005,2022-04-12,0,None,0,None,0,None,True,0.62036234,0.37742367,0.0021950179,1.2057417e-05,3.4076384e-06,3.5327078e-06
20005,2022-04-19,0,None,0,None,0,None,True,0.5951365,0.40148854,0.003344597,1.929571e-05,5.933058e-06,5.1175716e-06
20005,2022-04-26,0,None,0,None,0,None,True,0.6424952,0.3554959,0.0019887292,1.1890338e-05,4.338834e-06,3.9498486e-06
20005,2022-05-03,0,None,0,None,0,None,True,0.6869775,0.31200528,0.0010035398,7.240247e-06,3.0389215e-06,3.4012246e-06
20005,2022-05-10,0,None,0,None,0,None,True,0.7134837,0.28571862,0.0007825931,7.359562e-06,3.2704108e-06,4.563149e-06
20005,2022-05-17,0,None,0,None,0,None,True,0.71265465,0.28647968,0.0008474855,8.750837e-06,4.1192984e-06,5.328303e-06
20005,2022-05-24,0,None,0,None,0,None,True,0.7206058,0.27852526,0.00084907655,9.708778e-06,4.8336724e-06,5.422256e-06
20005,2022-05-31,0,None,0,None,0,None,True,0.7402901,0.25893512,0.00075358653,1.07933e-05,5.0713925e-06,5.365446e-06
20005,2022-06-07,0,None,0,None,0,None,True,0.7399082,0.25919822,0.0008690717,1.3111169e-05,6.0229386e-06,5.3984127e-06
20005,2022-06-14,0,None,0,None,0,None,True,0.7341789,0.26474512,0.0010428792,1.7491975e-05,7.925849e-06,7.5717617e-06
20005,2022-06-21,0,None,0,None,0,None,True,0.72710496,0.27165732,0.0012012749,1.9778967e-05,8.37091e-06,8.24595e-06
20005,2022-06-28,0,None,0,None,0,None,True,0.72525686,0.2734418,0.0012629279,2.06408e-05,8.744317e-06,8.983925e-06
20005,2022-07-05,0,None,0,None,0,None,True,0.71302843,0.28545532,0.0014787844,2.0731517e-05,8.626676e-06,8.0765385e-06
20005,2022-07-12,0,None,0,None,0,None,True,0.6786041,0.31887022,0.002475931,2.8395598e-05,1.13183105e-05,1.0043335e-05
20005,2022-07-19,0,None,0,None,0,None,True,0.6572501,0.33905432,0.003635971,3.4776163e-05,1.3658188e-05,1.1215263e-05
20005,2022-07-26,0,None,0,None,0,None,True,0.6674617,0.32995036,0.0025497985,2.2106875e-05,8.867472e-06,7.183961e-06
20005,2022-08-02,0,None,0,None,0,None,True,0.69630975,0.30207294,0.0015890937,1.5652535e-05,6.461672e-06,6.0726575e-06
20005,2022-08-09,0,None,0,None,0,None,True,0.69494426,0.303232,0.0017925652,1.7135877e-05,7.4890445e-06,6.635154e-06
20005,2022-08-16,0,None,1,D0,1,D0,False,0.45243442,0.49892655,0.047753174,0.00061635824,0.0001451706,0.0001242415
20005,2022-08-23,0,None,1,D0,1,D0,False,0.47455078,0.49001637,0.034884565,0.00038850526,8.98285e-05,6.985103e-05
20005,2022-08-30,0,None,1,D0,1,D0,False,0.30035803,0.6130167,0.08554008,0.00084148557,0.0001472528,9.6380565e-05
20005,2022-09-06,1,D0,1,D0,1,D0,True,0.23513807,0.65897506,0.10492677,0.0007802651,0.000116461466,6.338014e-05
20005,2022-09-13,1,D0,1,D0,1,D0,True,0.04204606,0.6678728,0.28523764,0.004407075,0.00037660872,5.975604e-05
20005,2022-09-20,2,D1,1,D0,1,D0,False,0.009675086,0.5903702,0.38767508,0.01156963,0.0006616752,4.82894e-05
20005,2022-09-27,2,D1,2,D1,2,D1,True,0.00018196437,0.20338397,0.6141864,0.17689,0.005294163,6.349173e-05
20005,2022-10-04,2,D1,2,D1,2,D1,True,5.6315675e-05,0.09707545,0.5894189,0.30344614,0.00990845,9.470968e-05
20005,2022-10-11,2,D1,2,D1,2,D1,True,4.4685672e-05,0.055622794,0.5395768,0.3868713,0.01767128,0.00021310656
20005,2022-10-18,3,D2,2,D1,2,D1,False,5.2924897e-05,0.033525627,0.47536504,0.45341244,0.037019473,0.0006244806
20005,2022-10-25,3,D2,3,D2,3,D2,True,4.993505e-05,0.014175536,0.3280511,0.5531298,0.10192238,0.002671262
20005,2022-11-01,3,D2,3,D2,3,D2,True,6.4638705e-05,0.008742732,0.22227927,0.57239753,0.18809424,0.008421614
20005,2022-11-08,2,D1,3,D2,3,D2,False,0.0001290717,0.009801038,0.17936163,0.5174776,0.27469826,0.018532518
20005,2022-11-15,2,D1,3,D2,3,D2,False,0.00010087073,0.0070404424,0.14687443,0.50393236,0.31424156,0.027810376
20005,2022-11-22,2,D1,3,D2,3,D2,False,7.854451e-05,0.004980647,0.12022064,0.49881193,0.3426051,0.033303175
20005,2022-11-29,2,D1,3,D2,4,D3,False,9.768839e-05,0.005402489,0.121318154,0.47527373,0.36166605,0.03624185
20005,2022-12-06,2,D1,3,D2,4,D3,False,0.000107762906,0.0050835866,0.11482634,0.4620861,0.38030368,0.037592568
20005,2022-12-13,2,D1,3,D2,4,D3,False,0.00011688026,0.0048604645,0.1118684,0.4555554,0.3880256,0.039573327
20005,2022-12-20,2,D1,3,D2,4,D3,False,0.00012595006,0.005210645,0.11918709,0.4493999,0.38902953,0.037046947
20005,2022-12-27,2,D1,3,D2,4,D3,False,0.00015660498,0.006328131,0.13143866,0.44743052,0.37856016,0.036085892
20005,2023-01-03,2,D1,3,D2,4,D3,False,0.00024804333,0.011402685,0.16881306,0.4300653,0.3604328,0.029038092
20005,2023-01-10,2,D1,3,D2,4,D3,False,0.00021031543,0.009561181,0.17302279,0.44769433,0.34122333,0.02828807
20005,2023-01-17,2,D1,3,D2,3,D2,False,0.00029401472,0.011150438,0.18783762,0.45882905,0.30930895,0.03257989
20005,2023-01-24,2,D1,3,D2,3,D2,False,0.0007938514,0.021609986,0.22959451,0.44336933,0.27098534,0.03364694
20005,2023-01-31,2,D1,3,D2,3,D2,False,0.0006521357,0.017937388,0.23727205,0.4581192,0.2510245,0.034994658
20005,2023-02-07,2,D1,3,D2,3,D2,False,0.00041940948,0.011331495,0.21678467,0.4686548,0.26172793,0.041081622
20005,2023-02-14,1,D0,3,D2,3,D2,False,0.0005328311,0.012263796,0.22313881,0.44125068,0.27981848,0.04299539
20005,2023-02-21,0,None,1,D0,1,D0,False,0.16480316,0.34182137,0.2506605,0.11306205,0.11187413,0.017778821
20005,2023-02-28,0,None,0,None,0,None,True,0.63160706,0.3586151,0.009366037,0.00020578026,0.00019370906,1.2307256e-05
20005,2023-03-07,0,None,0,None,0,None,True,0.6982884,0.30021694,0.0014742209,1.1652764e-05,8.119432e-06,6.7753587e-07
20005,2023-03-14,0,None,0,None,0,None,True,0.7108083,0.28821096,0.00097196223,5.318934e-06,3.169823e-06,3.1188333e-07
20005,2023-03-21,0,None,0,None,0,None,True,0.6975101,0.30133986,0.00114149,5.4646966e-06,2.7274161e-06,3.4286657e-07
20005,2023-03-28,0,None,0,None,0,None,True,0.6582459,0.33959427,0.0021444897,1.0328552e-05,4.3169243e-06,6.602457e-07
20005,2023-04-04,0,None,0,None,0,None,True,0.6375954,0.35930762,0.0030752078,1.4674319e-05,6.129587e-06,9.581366e-07
20005,2023-04-11,0,None,0,None,0,None,True,0.58685255,0.4062087,0.0068865707,3.5994784e-05,1.4135863e-05,2.1031012e-06
20005,2023-04-18,0,None,0,None,0,None,True,0.58811766,0.40529492,0.0065400545,3.2920165e-05,1.2331107e-05,2.0749512e-06
20005,2023-04-25,0,None,0,None,0,None,True,0.572031,0.42068172,0.007237603,3.503197e-05,1.2275279e-05,2.3217128e-06
20005,2023-05-02,0,None,0,None,0,None,True,0.5789735,0.41522858,0.0057609784,2.599454e-05,9.13863e-06,1.8822407e-06
20005,2023-05-09,1,D0,0,None,0,None,False,0.6087523,0.3873349,0.0038857467,1.8831684e-05,6.6536722e-06,1.4785422e-06
20005,2023-05-16,0,None,0,None,1,D0,False,0.5230719,0.4645381,0.012272468,8.800843e-05,2.291067e-05,6.6260804e-06
20005,2023-05-23,0,None,0,None,0,None,True,0.6636137,0.33452964,0.0018367055,1.3623138e-05,4.5540755e-06,1.7802442e-06
20005,2023-05-30,1,D0,0,None,0,None,False,0.6120122,0.38341722,0.0045061754,4.4914155e-05,1.4466033e-05,5.0953727e-06
20005,2023-06-06,0,None,1,D0,1,D0,False,0.4384443,0.5145017,0.045874782,0.0009126284,0.00020097423,6.567561e-05
20005,2023-06-13,0,None,0,None,0,None,True,0.6590033,0.33880955,0.0021504017,2.4906041e-05,8.304369e-06,3.4826944e-06
20005,2023-06-20,1,D0,0,None,0,None,False,0.67456084,0.32340652,0.0019894023,2.8407858e-05,1.0323998e-05,4.4537783e-06
20005,2023-06-27,2,D1,1,D0,1,D0,False,0.43447363,0.49508813,0.0671089,0.002444123,0.000655081,0.00023018564
20005,2023-07-04,2,D1,2,D1,2,D1,True,0.0056531318,0.32611784,0.49018487,0.15900168,0.017526722,0.0015157656
20005,2023-07-11,2,D1,2,D1,2,D1,True,0.0043949587,0.27586058,0.47342664,0.21512066,0.028312115,0.0028850196
20005,2023-07-18,2,D1,2,D1,2,D1,True,0.003895028,0.25216767,0.4729811,0.23476331,0.032372456,0.0038204165
20005,2023-07-25,2,D1,2,D1,2,D1,True,0.0022325234,0.21804973,0.4780423,0.26239148,0.034868635,0.004415408
20005,2023-08-01,1,D0,2,D1,2,D1,False,0.0026756483,0.23140593,0.44831458,0.2671217,0.043788344,0.006693712
20005,2023-08-08,1,D0,2,D1,2,D1,False,0.007721567,0.29189107,0.39262936,0.23754172,0.05631869,0.013897561
20005,2023-08-15,1,D0,2,D1,1,D0,True,0.014068525,0.30499533,0.34867394,0.23843634,0.06907158,0.024754303
20005,2023-08-22,1,D0,1,D0,1,D0,True,0.37069488,0.57562083,0.047156252,0.0036194117,0.0013150718,0.0015936084
20005,2023-08-29,0,None,1,D0,1,D0,False,0.39859524,0.5668343,0.03122894,0.0015506453,0.0005960517,0.0011947774
20005,2023-09-05,1,D0,0,None,0,None,False,0.5979787,0.40080884,0.0010971739,2.6490996e-05,2.3730618e-05,6.510023e-05
20005,2023-09-12,1,D0,1,D0,1,D0,True,0.37944666,0.59053344,0.027323235,0.0008339289,0.00039887225,0.0014639195
20005,2023-09-19,1,D0,1,D0,1,D0,True,0.113340445,0.728282,0.13902678,0.009016096,0.0026933586,0.0076414007
20005,2023-09-26,1,D0,1,D0,1,D0,True,0.09130435,0.7254297,0.16318269,0.011438937,0.0028724412,0.0057718377
20005,2023-10-03,2,D1,1,D0,1,D0,False,0.08604952,0.7050689,0.18752992,0.014168999,0.0031512002,0.0040314333
20005,2023-10-10,2,D1,2,D1,2,D1,True,0.0017701088,0.25997555,0.4780402,0.23623875,0.021809794,0.0021656018
20005,2023-10-17,2,D1,2,D1,2,D1,True,0.00027710112,0.08411995,0.45180076,0.42704448,0.03511273,0.0016449584
20005,2023-10-24,3,D2,3,D2,3,D2,True,0.0001768458,0.053194404,0.41464177,0.4788684,0.050936878,0.0021817149
20005,2023-10-31,2,D1,3,D2,3,D2,False,0.00030168836,0.059450153,0.39312196,0.47740883,0.06627155,0.0034458523
20005,2023-11-07,2,D1,3,D2,3,D2,False,0.000237468,0.042845886,0.36935323,0.50026464,0.08304234,0.004256475
20005,2023-11-14,3,D2,3,D2,3,D2,True,0.00019674913,0.032967653,0.34388673,0.5165085,0.10157693,0.0048633823
20005,2023-11-21,3,D2,3,D2,3,D2,True,0.00029517294,0.04306191,0.34397838,0.5047504,0.103024654,0.0048895143
20005,2023-11-28,3,D2,3,D2,3,D2,True,0.00025909973,0.037271664,0.32900232,0.5180602,0.11045439,0.004952311
20005,2023-12-05,3,D2,3,D2,3,D2,True,0.0002040062,0.027291216,0.30513322,0.5286086,0.13249967,0.0062632225
20005,2023-12-12,3,D2,3,D2,3,D2,True,0.00025782382,0.03220462,0.30279526,0.51830035,0.1385482,0.007893789
20005,2023-12-19,3,D2,3,D2,3,D2,True,0.00061437825,0.072688475,0.36120188,0.4387306,0.12005092,0.0067137717
20005,2023-12-26,2,D1,2,D1,2,D1,True,0.0012988859,0.115950085,0.39477473,0.3691237,0.11340013,0.005452397
20005,2024-01-02,2,D1,2,D1,2,D1,True,0.0008987062,0.112224445,0.41567552,0.3590472,0.10784517,0.004308982
20005,2024-01-09,2,D1,2,D1,2,D1,True,0.0010295262,0.12310269,0.43744692,0.31228966,0.121545956,0.0045851786
20005,2024-01-16,2,D1,2,D1,2,D1,True,0.0024737115,0.17355889,0.44390625,0.24253747,0.13064925,0.0068744756
20005,2024-01-23,2,D1,2,D1,2,D1,True,0.002203017,0.18433133,0.47075322,0.22741653,0.108730435,0.0065654125
20005,2024-01-30,2,D1,2,D1,2,D1,True,0.0035216755,0.21784462,0.46505252,0.20071882,0.10526299,0.0075993137
20005,2024-02-06,2,D1,2,D1,2,D1,True,0.003919723,0.2278155,0.46283427,0.19819747,0.09846257,0.008770482
20005,2024-02-13,2,D1,2,D1,2,D1,True,0.0018654816,0.18719435,0.484027,0.23702966,0.08012229,0.009761179
20005,2024-02-20,2,D1,2,D1,2,D1,True,0.0007726818,0.13777596,0.5160466,0.2707017,0.06643074,0.008272342
20005,2024-02-27,2,D1,2,D1,2,D1,True,0.0004767759,0.11942752,0.5262404,0.27940407,0.06858274,0.0058684554
20005,2024-03-05,2,D1,2,D1,2,D1,True,0.0003582998,0.11392522,0.5350168,0.27866805,0.06724342,0.0047882088
20005,2024-03-12,2,D1,2,D1,2,D1,True,0.00029449613,0.09341396,0.52676785,0.29302552,0.08117663,0.0053216107
20005,2024-03-19,2,D1,2,D1,2,D1,True,0.00029747002,0.07672835,0.49631447,0.31828448,0.101792865,0.006582407
20005,2024-03-26,2,D1,2,D1,2,D1,True,0.00036597453,0.06654503,0.45345238,0.33687606,0.1316306,0.01112996
20005,2024-04-02,2,D1,3,D2,2,D1,True,0.00028480493,0.037628427,0.37743598,0.38619828,0.17882285,0.019629667
20005,2024-04-09,2,D1,3,D2,3,D2,False,0.00015481458,0.011296582,0.25576413,0.44404855,0.24145499,0.04728091
20005,2024-04-16,2,D1,3,D2,4,D3,False,0.000103526174,0.0033902756,0.13898619,0.43438363,0.3151406,0.10799572
20005,2024-04-23,1,D0,3,D2,4,D3,False,0.0001488214,0.002818781,0.101729766,0.38272443,0.32775217,0.18482605
20005,2024-04-30,1,D0,1,D0,1,D0,True,0.17047672,0.33870915,0.19423103,0.13120726,0.11482664,0.05054918
20005,2024-05-07,1,D0,1,D0,1,D0,True,0.39065677,0.5127968,0.080885604,0.00950857,0.0048215706,0.0013306692
20005,2024-05-14,1,D0,1,D0,1,D0,True,0.41569147,0.52442443,0.05569902,0.0030474118,0.0008965424,0.00024120588
20005,2024-05-21,0,None,1,D0,1,D0,False,0.42874128,0.5170843,0.051685773,0.0018429753,0.0005224615,0.00012320805
20005,2024-05-28,0,None,0,None,0,None,True,0.6705632,0.3281432,0.0012682474,1.4218699e-05,7.916714e-06,3.0917527e-06
20005,2024-06-04,0,None,0,None,0,None,True,0.7120914,0.28700852,0.0008812606,9.691153e-06,6.2838626e-06,2.8999273e-06
20005,2024-06-11,0,None,0,None,0,None,True,0.73165154,0.2675164,0.0008127103,9.073852e-06,7.1055947e-06,3.1870934e-06
20005,2024-06-18,0,None,0,None,0,None,True,0.73208904,0.26676762,0.0011157453,1.19383785e-05,1.08303975e-05,4.79302e-06
20005,2024-06-25,0,None,0,None,0,None,True,0.7584903,0.24040434,0.0010761888,1.1544079e-05,1.095919e-05,6.6359366e-06
20005,2024-07-02,0,None,0,None,0,None,True,0.75457263,0.24418107,0.0012100732,1.4478345e-05,1.250704e-05,9.275812e-06
20005,2024-07-09,0,None,0,None,0,None,True,0.7211614,0.2770994,0.0016950235,1.8561694e-05,1.48941745e-05,1.0699599e-05
20005,2024-07-16,0,None,0,None,0,None,True,0.6964833,0.30132067,0.002144989,2.2844004e-05,1.6227803e-05,1.1918332e-05
20005,2024-07-23,0,None,0,None,0,None,True,0.6694506,0.3272913,0.0031900422,3.3578013e-05,1.9444105e-05,1.5044916e-05
20005,2024-07-30,0,None,0,None,0,None,True,0.64980507,0.3458139,0.004288895,4.7801248e-05,2.2834502e-05,2.1495038e-05
20005,2024-08-06,0,None,0,None,0,None,True,0.58276445,0.40632877,0.010722427,0.00010776055,4.1141568e-05,3.5495214e-05
20005,2024-08-13,0,None,0,None,0,None,True,0.5825367,0.40869147,0.00862246,8.870323e-05,3.390901e-05,2.6681564e-05
20005,2024-08-20,1,D0,0,None,0,None,False,0.5977735,0.3963252,0.005777267,6.672213e-05,2.8028784e-05,2.9261402e-05
20005,2024-08-27,1,D0,1,D0,1,D0,True,0.25300306,0.57819164,0.16011472,0.0060436386,0.0011525681,0.0014944666
20005,2024-09-03,1,D0,1,D0,1,D0,True,0.08720304,0.64373034,0.24823159,0.016826082,0.0021008868,0.0019080185
20005,2024-09-10,1,D0,1,D0,1,D0,True,0.05816498,0.64478004,0.26942915,0.02296309,0.0026276421,0.0020350176
20005,2024-09-17,1,D0,1,D0,1,D0,True,0.042729706,0.65437233,0.27558294,0.023575835,0.0023379717,0.0014011764
20005,2024-09-24,1,D0,1,D0,1,D0,True,0.07453874,0.70160276,0.20738861,0.013468651,0.001609151,0.0013920319
20005,2024-10-01,2,D1,1,D0,1,D0,False,0.043866433,0.6934273,0.23887384,0.020554071,0.002028463,0.0012498664
20005,2024-10-08,2,D1,2,D1,2,D1,True,0.0018673359,0.3432907,0.49445727,0.152717,0.00715896,0.0005087132
20005,2024-10-15,3,D2,2,D1,2,D1,False,0.00021656146,0.114978075,0.52203166,0.34674665,0.015605544,0.00042151392
20005,2024-10-22,3,D2,2,D1,2,D1,False,9.203861e-05,0.05192055,0.46923092,0.45481968,0.023501819,0.00043504563
20005,2024-10-29,3,D2,3,D2,2,D1,False,0.00011109367,0.059415635,0.4510607,0.46501127,0.024087187,0.00031407768
20005,2024-11-05,2,D1,2,D1,2,D1,True,0.00094571465,0.16910924,0.46880075,0.33490166,0.02571413,0.00052853115
20005,2024-11-12,2,D1,2,D1,2,D1,True,0.0065170536,0.2874923,0.4455584,0.22025777,0.038633086,0.0015413231
20005,2024-11-19,2,D1,2,D1,2,D1,True,0.004981982,0.24787508,0.45311466,0.24955313,0.04280945,0.001665665
20005,2024-11-26,2,D1,2,D1,2,D1,True,0.0025486795,0.19516769,0.46325314,0.2884116,0.049112476,0.0015065221
20005,2024-12-03,2,D1,2,D1,2,D1,True,0.00089231,0.14971313,0.48213404,0.32430595,0.042069886,0.0008846334
20005,2024-12-10,2,D1,2,D1,2,D1,True,0.00048667603,0.13259737,0.50291413,0.32627568,0.037114896,0.0006112688
20005,2024-12-17,2,D1,2,D1,2,D1,True,0.00018754596,0.09930883,0.5091893,0.3613606,0.029591093,0.00036259915
20005,2024-12-24,2,D1,2,D1,2,D1,True,0.00019519324,0.11316515,0.5448436,0.3163376,0.02518643,0.00027206348
20005,2024-12-31,2,D1,2,D1,2,D1,True,0.00025864667,0.13893583,0.56957495,0.2674707,0.023560444,0.00019932895
20005,2025-01-07,2,D1,2,D1,2,D1,True,0.0003769891,0.16744438,0.5872341,0.2199205,0.02485818,0.00016593585
20005,2025-01-14,2,D1,2,D1,2,D1,True,0.0002781969,0.16001026,0.60468775,0.20976385,0.025157753,0.000102248785
20005,2025-01-21,2,D1,2,D1,2,D1,True,0.0002580646,0.15436743,0.6066023,0.21326625,0.025411218,9.477076e-05
20005,2025-01-28,2,D1,2,D1,2,D1,True,0.00021084915,0.14036627,0.60845864,0.22521536,0.025666708,8.2154715e-05
20005,2025-02-04,1,D0,2,D1,2,D1,False,0.0002124382,0.13912198,0.6055592,0.22696418,0.0280623,8.000228e-05
20005,2025-02-11,1,D0,1,D0,1,D0,True,0.019819625,0.6555778,0.3069625,0.014996705,0.0026293416,1.4070548e-05
20005,2025-02-18,0,None,1,D0,1,D0,False,0.04999156,0.76505595,0.18233758,0.002305841,0.00030610216,2.9925252e-06
20005,2025-02-25,0,None,0,None,1,D0,False,0.5197852,0.47159827,0.008576615,2.9933357e-05,9.680485e-06,2.1430937e-07
20005,2025-03-04,0,None,0,None,0,None,True,0.5865436,0.40756133,0.00587143,1.6850589e-05,6.6285497e-06,1.6143011e-07
20005,2025-03-11,0,None,0,None,0,None,True,0.5705553,0.4212628,0.008148766,2.3742903e-05,9.123688e-06,2.2252738e-07
20005,2025-03-18,0,None,0,None,0,None,True,0.61154836,0.3829323,0.005497873,1.4593193e-05,6.7258607e-06,1.719467e-07
20005,2025-03-25,0,None,0,None,0,None,True,0.60270035,0.3916423,0.005633842,1.5300568e-05,7.885015e-06,2.5017147e-07
20005,2025-04-01,1,D0,0,None,0,None,False,0.6183814,0.37752366,0.0040764837,1.1805976e-05,6.316182e-06,3.2751308e-07
20005,2025-04-08,0,None,1,D0,1,D0,False,0.31885427,0.63640624,0.044411324,0.00025785944,6.481738e-05,5.4437014e-06
20005,2025-04-15,0,None,0,None,0,None,True,0.616666,0.38000983,0.0033064417,1.1808705e-05,5.245125e-06,7.485471e-07
20005,2025-04-22,1,D0,0,None,0,None,False,0.6535516,0.34502012,0.0014180635,6.3276852e-06,3.2153016e-06,8.2130623e-07
20005,2025-04-29,1,D0,1,D0,1,D0,True,0.37993482,0.56699646,0.05193684,0.0008631205,0.00019994806,6.88919e-05
20005,2025-05-06,1,D0,1,D0,1,D0,True,0.15983966,0.6653171,0.17037201,0.0038041864,0.0005054266,0.0001616584
20005,2025-05-13,2,D1,1,D0,1,D0,False,0.057584908,0.62715673,0.3018159,0.011920343,0.0011683126,0.0003537889
20005,2025-05-20,1,D0,2,D1,2,D1,False,0.005399258,0.3562131,0.48871642,0.13390948,0.013313656,0.0024481926
20005,2025-05-27,1,D0,1,D0,1,D0,True,0.1919542,0.6397359,0.15807237,0.008213125,0.0013404189,0.0006839817
20005,2025-06-03,1,D0,1,D0,1,D0,True,0.32975146,0.6033707,0.06379416,0.0023247662,0.0004632243,0.00029562193
20005,2025-06-10,1,D0,1,D0,1,D0,True,0.41079196,0.54559004,0.04165976,0.0014026632,0.0003366372,0.00021906453
20005,2025-06-17,1,D0,0,None,1,D0,True,0.49256584,0.4805381,0.025194654,0.001129697,0.00034395934,0.00022776728
20005,2025-06-24,1,D0,0,None,1,D0,True,0.5062948,0.4705051,0.021812422,0.00092311564,0.0003047553,0.00015981587
20005,2025-07-01,0,None,0,None,1,D0,False,0.51434207,0.46309704,0.021126335,0.0009443067,0.00033706168,0.00015318002
20005,2025-07-08,0,None,0,None,0,None,True,0.6152064,0.38071346,0.0039161323,9.977418e-05,4.25127e-05,2.1738453e-05
20005,2025-07-15,0,None,0,None,0,None,True,0.64650404,0.35086077,0.002522162,6.342014e-05,3.1642507e-05,1.7870192e-05
20005,2025-07-22,0,None,0,None,0,None,True,0.6646407,0.33337948,0.0018905156,4.6442066e-05,2.6729174e-05,1.6111491e-05
20005,2025-07-29,0,None,0,None,0,None,True,0.70796657,0.29120216,0.00078837696,1.9408366e-05,1.33854455e-05,1.0125771e-05
20005,2025-08-05,0,None,0,None,0,None,True,0.7093677,0.28989393,0.0006947499,1.7954206e-05,1.4459311e-05,1.1133773e-05
20005,2025-08-12,0,None,0,None,0,None,True,0.7150049,0.28418806,0.000747309,2.2441474e-05,1.8533108e-05,1.8702369e-05
20005,2025-08-19,0,None,0,None,0,None,True,0.72514814,0.27405328,0.00072279543,2.549211e-05,2.0231782e-05,3.0069728e-05
20005,2025-08-26,1,D0,0,None,0,None,False,0.70242023,0.29673353,0.0007516481,2.752638e-05,2.3135959e-05,4.391577e-05
20005,2025-09-02,1,D0,1,D0,1,D0,True,0.39832398,0.5216745,0.06852241,0.0046920464,0.0020204708,0.0047664875
20005,2025-09-09,1,D0,1,D0,1,D0,True,0.27503833,0.5530325,0.14698026,0.0116138365,0.0037588151,0.009576247
20005,2025-09-16,1,D0,1,D0,1,D0,True,0.22113086,0.58676,0.16681705,0.011747257,0.0034019973,0.010142838
20005,2025-09-23,1,D0,1,D0,1,D0,True,0.28531733,0.6191454,0.084636405,0.0043208576,0.0013585029,0.0052215485
20005,2025-09-30,1,D0,1,D0,1,D0,True,0.20279233,0.5956058,0.16699202,0.012789537,0.0041646175,0.017655637
20005,2025-10-07,1,D0,1,D0,1,D0,True,0.15371752,0.5998526,0.21371827,0.015523153,0.0037334706,0.013454968
20005,2025-10-14,1,D0,1,D0,1,D0,True,0.09620757,0.57846415,0.28899077,0.024493247,0.0037940398,0.008050364
20005,2025-10-21,1,D0,1,D0,1,D0,True,0.079603404,0.5866958,0.31166393,0.01745678,0.002070536,0.002509593
20005,2025-10-28,1,D0,1,D0,1,D0,True,0.087008804,0.6184712,0.28084597,0.011095753,0.0014475131,0.0011307113
20005,2025-11-04,1,D0,1,D0,1,D0,True,0.050898332,0.6005028,0.3264762,0.018833904,0.0024732794,0.00081559597
20005,2025-11-11,1,D0,1,D0,1,D0,True,0.03462631,0.58498085,0.34532502,0.030529877,0.0038267216,0.0007111507
20005,2025-11-18,1,D0,1,D0,1,D0,True,0.080130704,0.6316021,0.26829112,0.016481973,0.0027071168,0.0007870309
20005,2025-11-25,1,D0,1,D0,1,D0,True,0.14656231,0.6513208,0.19245519,0.0077789663,0.0013604128,0.0005222697
20005,2025-12-02,1,D0,1,D0,1,D0,True,0.15530114,0.66282547,0.17402719,0.006437234,0.0010773872,0.00033149536
20005,2025-12-09,1,D0,1,D0,1,D0,True,0.0731629,0.63615125,0.2734256,0.014987295,0.0019876105,0.00028531722
20005,2025-12-16,1,D0,1,D0,1,D0,True,0.09540133,0.6429853,0.24638674,0.012898383,0.0020639526,0.0002642567
20005,2025-12-23,1,D0,1,D0,1,D0,True,0.034738965,0.6204879,0.3214061,0.0208063,0.0024466764,0.000114047616
20005,2025-12-30,1,D0,1,D0,1,D0,True,0.019889727,0.6164339,0.3409012,0.020713476,0.0020098775,5.1771796e-05
20007,2022-01-04,2,D1,2,D1,2,D1,True,0.00050270814,0.24350154,0.6186499,0.13348043,0.0033094292,0.0005559964
20007,2022-01-11,2,D1,2,D1,2,D1,True,0.00026077565,0.1541418,0.61942756,0.21858509,0.0065870187,0.000997797
20007,2022-01-18,2,D1,2,D1,2,D1,True,0.00019508683,0.10461785,0.6071538,0.27623242,0.009910974,0.0018898664
20007,2022-01-25,2,D1,2,D1,2,D1,True,0.00017553318,0.078555316,0.577445,0.32642874,0.014329533,0.0030658762
20007,2022-02-01,2,D1,2,D1,2,D1,True,0.00016540963,0.058142774,0.53255415,0.3826463,0.021664584,0.004826849
20007,2022-02-08,2,D1,2,D1,2,D1,True,0.00015486084,0.045073807,0.49778447,0.41730106,0.03183531,0.007850548
20007,2022-02-15,2,D1,3,D2,2,D1,True,0.000117088945,0.028702067,0.43524927,0.47423857,0.047027167,0.014665786
20007,2022-02-22,2,D1,3,D2,3,D2,False,9.2947565e-05,0.016600827,0.35424542,0.5258028,0.07363064,0.029627418
20007,2022-03-01,2,D1,3,D2,3,D2,False,8.255981e-05,0.009585595,0.27791443,0.5422534,0.11005664,0.06010739
20007,2022-03-08,3,D2,3,D2,3,D2,True,9.289455e-05,0.0071027325,0.23271094,0.5269517,0.12994587,0.1031959
20007,2022-03-15,3,D2,3,D2,3,D2,True,0.00012868832,0.0063693128,0.19365306,0.475454,0.14795059,0.17644429
20007,2022-03-22,3,D2,3,D2,3,D2,True,0.00027744815,0.0075142113,0.16784634,0.3982079,0.16206609,0.26408803
20007,2022-03-29,3,D2,3,D2,3,D2,True,0.00028964723,0.006320959,0.14555976,0.36655164,0.16644582,0.31483218
20007,2022-04-05,3,D2,3,D2,3,D2,True,0.00018816646,0.003724728,0.124129675,0.38119778,0.18153007,0.3092296
20007,2022-04-12,3,D2,3,D2,3,D2,True,0.00016106838,0.002853854,0.10956394,0.40983722,0.20004842,0.2775355
20007,2022-04-19,3,D2,3,D2,3,D2,True,0.000115088034,0.0013866732,0.07245594,0.4236272,0.22987407,0.27254108
20007,2022-04-26,3,D2,3,D2,3,D2,True,0.0001756783,0.0015879133,0.06458169,0.4335309,0.2630543,0.2370694
20007,2022-05-03,3,D2,3,D2,3,D2,True,0.00064513995,0.0054030376,0.09441014,0.39370877,0.24925302,0.2565799
20007,2022-05-10,3,D2,3,D2,3,D2,True,0.0014402459,0.015355552,0.15732034,0.3814902,0.23567921,0.20871438
20007,2022-05-17,3,D2,3,D2,3,D2,True,0.0011343289,0.019434387,0.20024037,0.39799136,0.2351303,0.14606923
20007,2022-05-24,2,D1,3,D2,2,D1,True,0.0028549854,0.07106316,0.3225817,0.33928263,0.18852915,0.0756884
20007,2022-05-31,2,D1,2,D1,2,D1,True,0.006250075,0.15672757,0.3783848,0.2671443,0.13911818,0.052375015
20007,2022-06-07,1,D0,2,D1,2,D1,False,0.031407874,0.2655562,0.34165817,0.1890079,0.12904523,0.04332469
20007,2022-06-14,1,D0,1,D0,1,D0,True,0.4305921,0.46020317,0.08389629,0.012980569,0.0090315,0.003296422
20007,2022-06-21,2,D1,0,None,1,D0,False,0.4717683,0.47163412,0.049673364,0.0040847706,0.0019415534,0.0008980084
20007,2022-06-28,1,D0,2,D1,2,D1,False,0.0060268156,0.20552929,0.43898866,0.25787896,0.07675304,0.014823222
20007,2022-07-05,1,D0,1,D0,1,D0,True,0.3054548,0.5811301,0.10424013,0.006126147,0.0023044352,0.0007444153
20007,2022-07-12,1,D0,1,D0,1,D0,True,0.2239541,0.6201246,0.14970312,0.004559074,0.001205989,0.00045312854
20007,2022-07-19,1,D0,1,D0,1,D0,True,0.015309835,0.4755037,0.46629053,0.03636311,0.0056676306,0.00086517975
20007,2022-07-26,2,D1,1,D0,1,D0,False,0.018800372,0.5180725,0.43168277,0.026290143,0.0044357693,0.0007184343
20007,2022-08-02,2,D1,2,D1,2,D1,True,0.00054164097,0.15898085,0.5624175,0.23783506,0.038173202,0.0020517407
20007,2022-08-09,3,D2,2,D1,2,D1,False,9.6027434e-05,0.04742427,0.53509486,0.3551419,0.05974383,0.002499131
20007,2022-08-16,3,D2,2,D1,2,D1,False,5.0754308e-05,0.02693396,0.5039605,0.39187136,0.073473774,0.0037096192
20007,2022-08-23,3,D2,2,D1,2,D1,False,6.846942e-05,0.025182072,0.47600842,0.40355706,0.08917461,0.0060093096
20007,2022-08-30,3,D2,3,D2,3,D2,True,4.6031524e-05,0.010670507,0.373439,0.46425578,0.1414525,0.010136091
20007,2022-09-06,4,D3,3,D2,3,D2,False,3.5106856e-05,0.0040507955,0.23258361,0.513053,0.23027211,0.020005329
20007,2022-09-13,4,D3,3,D2,3,D2,False,4.4708475e-05,0.0021780315,0.14126106,0.49427348,0.32216606,0.04007663
20007,2022-09-20,4,D3,3,D2,4,D3,True,9.7462e-05,0.002771158,0.11073782,0.45535123,0.35209778,0.07894454
20007,2022-09-27,4,D3,3,D2,4,D3,True,0.00010327046,0.0012351231,0.054492705,0.40320456,0.39904037,0.14192404
20007,2022-10-04,4,D3,4,D3,4,D3,True,7.309967e-05,0.00064878457,0.034639243,0.37673548,0.407703,0.18020034
20007,2022-10-11,4,D3,4,D3,4,D3,True,6.2563406e-05,0.00047999524,0.029604947,0.35586533,0.41655833,0.19742887
20007,2022-10-18,4,D3,4,D3,4,D3,True,5.592659e-05,0.0004444925,0.028394205,0.34904566,0.4285335,0.1935263
20007,2022-10-25,5,D4,4,D3,4,D3,False,5.196249e-05,0.0003843798,0.024014758,0.34435704,0.4389699,0.19222198
20007,2022-11-01,5,D4,4,D3,4,D3,False,6.520329e-05,0.0005279697,0.026605818,0.34518632,0.43826053,0.18935412
20007,2022-11-08,5,D4,4,D3,4,D3,False,0.00012334029,0.0011235379,0.036424488,0.35594535,0.43404344,0.17233986
20007,2022-11-15,5,D4,4,D3,4,D3,False,0.00013639504,0.001403488,0.04126114,0.36475584,0.43780047,0.15464267
20007,2022-11-22,5,D4,4,D3,4,D3,False,0.00014995362,0.0016345656,0.044298463,0.37884113,0.43973795,0.13533793
20007,2022-11-29,5,D4,4,D3,4,D3,False,0.00019932076,0.0023192915,0.056012917,0.39008766,0.43329385,0.118086934
20007,2022-12-06,5,D4,4,D3,4,D3,False,0.00021852765,0.0023448598,0.057489377,0.39401066,0.43564484,0.110291705
20007,2022-12-13,5,D4,4,D3,4,D3,False,0.00026558916,0.002251461,0.058418375,0.41261837,0.4266282,0.09981797
20007,2022-12-20,5,D4,3,D2,4,D3,False,0.00034160586,0.0025538893,0.06392034,0.43240583,0.4177088,0.083069555
20007,2022-12-27,5,D4,3,D2,4,D3,False,0.00044280034,0.0032741367,0.07169273,0.44077364,0.40782094,0.07599572
20007,2023-01-03,5,D4,3,D2,4,D3,False,0.0005313105,0.004761149,0.09153648,0.42853513,0.40663728,0.06799865
20007,2023-01-10,5,D4,4,D3,4,D3,False,0.00039479393,0.003631035,0.086965665,0.42332968,0.42345777,0.062221065
20007,2023-01-17,5,D4,4,D3,4,D3,False,0.00049677555,0.004362852,0.09425088,0.41453612,0.42243445,0.06391887
20007,2023-01-24,5,D4,4,D3,4,D3,False,0.00082261075,0.008618191,0.12889785,0.398579,0.4075692,0.05551317
20007,2023-01-31,5,D4,4,D3,4,D3,False,0.0005700082,0.0063382527,0.121848814,0.40514448,0.41845757,0.047640905
20007,2023-02-07,5,D4,4,D3,4,D3,False,0.00034439424,0.003618445,0.10012126,0.41140112,0.43876237,0.045752436
20007,2023-02-14,5,D4,4,D3,4,D3,False,0.0003849522,0.0042581223,0.10848029,0.40171593,0.44226742,0.042893425
20007,2023-02-21,5,D4,4,D3,4,D3,False,0.00047305436,0.004928691,0.11518026,0.39283553,0.44621304,0.040369447
20007,2023-02-28,5,D4,4,D3,4,D3,False,0.00045105288,0.0039984644,0.10130874,0.39068052,0.46157518,0.041986138
20007,2023-03-07,5,D4,4,D3,4,D3,False,0.00043963388,0.002878872,0.07703334,0.38035798,0.4840599,0.055230282
20007,2023-03-14,5,D4,4,D3,4,D3,False,0.00041356325,0.0022947413,0.06557112,0.36546862,0.5002883,0.06596364
20007,2023-03-21,5,D4,4,D3,4,D3,False,0.00036041834,0.0017254716,0.052014325,0.3532,0.51182485,0.08087496
20007,2023-03-28,5,D4,4,D3,4,D3,False,0.00024118273,0.000959964,0.039271574,0.34312245,0.5226205,0.09378429
20007,2023-04-04,5,D4,4,D3,4,D3,False,0.00014886589,0.0005761768,0.030333301,0.3353818,0.52693284,0.10662705
20007,2023-04-11,5,D4,4,D3,4,D3,False,0.00010808629,0.00038027862,0.024486898,0.32689494,0.53401184,0.11411798
20007,2023-04-18,5,D4,4,D3,4,D3,False,9.2203096e-05,0.00032900824,0.021830164,0.31879535,0.5294012,0.1295522
20007,2023-04-25,5,D4,4,D3,4,D3,False,7.895034e-05,0.00023242777,0.017278574,0.30727026,0.5183678,0.15677191
20007,2023-05-02,5,D4,4,D3,4,D3,False,8.7377724e-05,0.0002322451,0.016476683,0.30604324,0.49880433,0.17835617
20007,2023-05-09,5,D4,4,D3,4,D3,False,0.00012658961,0.00040279925,0.01958077,0.32646766,0.45326722,0.20015495
20007,2023-05-16,5,D4,4,D3,4,D3,False,0.0005515127,0.0025387465,0.04518962,0.34530675,0.39112005,0.21529342
20007,2023-05-23,5,D4,4,D3,4,D3,False,0.00079308293,0.0055702073,0.07269298,0.3364867,0.36972097,0.21473612
20007,2023-05-30,5,D4,4,D3,4,D3,False,0.0011622099,0.01256212,0.11702392,0.3185243,0.34173897,0.20898838
20007,2023-06-06,4,D3,3,D2,4,D3,True,0.0033332198,0.06019668,0.21582137,0.291841,0.28571197,0.1430957
20007,2023-06-13,4,D3,3,D2,4,D3,True,0.0017495517,0.06145968,0.25990674,0.31888533,0.26804057,0.08995817
20007,2023-06-20,4,D3,3,D2,4,D3,True,0.000979337,0.05705068,0.28577095,0.33444664,0.25827634,0.06347608
20007,2023-06-27,4,D3,3,D2,3,D2,False,0.000635913,0.05646865,0.3021943,0.34578875,0.24354781,0.051364657
20007,2023-07-04,4,D3,3,D2,2,D1,False,0.0006715815,0.0640414,0.31225222,0.34720635,0.2267046,0.04912391
20007,2023-07-11,2,D1,3,D2,2,D1,True,0.0012006352,0.08304661,0.30632436,0.33531028,0.21411404,0.060004108
20007,2023-07-18,2,D1,3,D2,2,D1,True,0.0013640351,0.07727575,0.2974307,0.31955707,0.2230215,0.0813509
20007,2023-07-25,1,D0,4,D3,4,D3,False,0.00096401706,0.044176854,0.21701005,0.2413594,0.29446,0.20202976
20007,2023-08-01,1,D0,1,D0,1,D0,True,0.18925796,0.48381197,0.11136004,0.044259947,0.0508787,0.120431356
20007,2023-08-08,1,D0,1,D0,1,D0,True,0.29142147,0.63300157,0.048364166,0.0059781135,0.005203243,0.016031345
20007,2023-08-15,1,D0,1,D0,1,D0,True,0.3025223,0.65057546,0.034584213,0.0026724462,0.0020177655,0.0076277717
20007,2023-08-22,1,D0,1,D0,1,D0,True,0.28889698,0.6679986,0.035121117,0.0018564303,0.0011325782,0.0049942806
20007,2023-08-29,1,D0,1,D0,1,D0,True,0.21188557,0.7060846,0.068338744,0.0034801234,0.0017195654,0.008491455
20007,2023-09-05,1,D0,1,D0,1,D0,True,0.18383192,0.73053026,0.07401367,0.0032307454,0.0014202185,0.006973238
20007,2023-09-12,1,D0,1,D0,1,D0,True,0.15105419,0.7404459,0.09655246,0.0042415154,0.001466103,0.006239825
20007,2023-09-19,0,None,1,D0,1,D0,False,0.14651842,0.75880593,0.08538995,0.0031406954,0.0010900301,0.005054968
20007,2023-09-26,0,None,1,D0,1,D0,False,0.3625233,0.6290871,0.007890579,9.8239565e-05,4.641712e-05,0.00035435075
20007,2023-10-03,0,None,1,D0,1,D0,False,0.46365595,0.5323635,0.0037699796,4.2386277e-05,2.15669e-05,0.00014660916
20007,2023-10-10,0,None,1,D0,1,D0,False,0.44585365,0.54828024,0.0056941924,5.3664935e-05,1.9542149e-05,9.872452e-05
20007,2023-10-17,0,None,1,D0,1,D0,False,0.44163162,0.55161226,0.006635432,4.9531583e-05,1.41677065e-05,5.7026096e-05
20007,2023-10-24,0,None,1,D0,1,D0,False,0.42918208,0.5622465,0.008467094,5.501336e-05,1.2499997e-05,3.6824382e-05
20007,2023-10-31,0,None,0,None,1,D0,False,0.5061935,0.49068835,0.0030848451,1.6629756e-05,4.078999e-06,1.2493943e-05
20007,2023-11-07,0,None,0,None,1,D0,False,0.531724,0.4660679,0.0021865005,1.1390539e-05,2.9146336e-06,7.26286e-06
20007,2023-11-14,0,None,0,None,1,D0,False,0.50098825,0.49452507,0.004451226,2.325594e-05,4.4787485e-06,7.733051e-06
20007,2023-11-21,0,None,0,None,1,D0,False,0.49919218,0.49634442,0.0044347607,2.1235664e-05,3.441411e-06,3.9577853e-06
20007,2023-11-28,0,None,1,D0,1,D0,False,0.49304348,0.5023557,0.004576963,1.8889823e-05,2.7582068e-06,2.2185397e-06
20007,2023-12-05,0,None,1,D0,1,D0,False,0.48697162,0.5078805,0.005124808,1.8884351e-05,2.447398e-06,1.6683865e-06
20007,2023-12-12,0,None,0,None,1,D0,False,0.5218023,0.47541687,0.0027692132,9.486154e-06,1.274652e-06,8.42704e-07
20007,2023-12-19,0,None,0,None,0,None,True,0.5876825,0.41138393,0.0009291519,3.4413165e-06,5.717494e-07,3.97158e-07
20007,2023-12-26,0,None,0,None,0,None,True,0.63832736,0.36128217,0.0003883375,1.5708534e-06,3.550414e-07,2.4137648e-07
20007,2024-01-02,0,None,0,None,0,None,True,0.63071084,0.36876783,0.0005181022,2.4187093e-06,5.180169e-07,3.2302242e-07
20007,2024-01-09,0,None,0,None,0,None,True,0.6667711,0.33284628,0.00037983188,1.960108e-06,4.6857983e-07,2.9759417e-07
20007,2024-01-16,0,None,0,None,0,None,True,0.6860986,0.31348735,0.00041092563,2.2872325e-06,5.519352e-07,3.2678483e-07
20007,2024-01-23,0,None,0,None,0,None,True,0.65490603,0.34439152,0.0006984068,3.1096522e-06,6.175733e-07,3.3171455e-07
20007,2024-01-30,0,None,0,None,0,None,True,0.7590532,0.24076568,0.00018005629,7.839572e-07,1.8237401e-07,9.544316e-08
20007,2024-02-06,0,None,0,None,0,None,True,0.77064,0.22918443,0.00017453359,7.605526e-07,1.8075237e-07,7.794477e-08
20007,2024-02-13,0,None,0,None,0,None,True,0.7600831,0.2396635,0.00025217573,1.0007801e-06,2.547919e-07,7.7705955e-08
20007,2024-02-20,0,None,0,None,0,None,True,0.73600036,0.26354885,0.00044887938,1.4612926e-06,3.9310396e-07,8.574082e-08
20007,2024-02-27,0,None,0,None,0,None,True,0.7274432,0.27196053,0.0005937758,1.912309e-06,5.334497e-07,9.9419104e-08
20007,2024-03-05,0,None,0,None,0,None,True,0.6631512,0.33567917,0.001165302,3.3415927e-06,8.0746634e-07,1.4062418e-07
20007,2024-03-12,1,D0,0,None,0,None,False,0.58385843,0.41273358,0.0033968193,9.171844e-06,1.6556693e-06,2.787687e-07
20007,2024-03-19,1,D0,1,D0,1,D0,True,0.018855233,0.6982338,0.2796845,0.0030906035,0.00013027195,5.6065314e-06
20007,2024-03-26,2,D1,1,D0,1,D0,False,0.0075620646,0.6509185,0.33717442,0.0042116824,0.00012988537,3.4236527e-06
20007,2024-04-02,2,D1,2,D1,2,D1,True,0.00014676314,0.27783898,0.6244713,0.09556661,0.00196743,8.925032e-06
20007,2024-04-09,2,D1,2,D1,2,D1,True,3.876825e-05,0.1276373,0.6166949,0.24784867,0.0077576623,2.2712045e-05
20007,2024-04-16,3,D2,2,D1,2,D1,False,2.6364272e-05,0.060819685,0.57478315,0.34742475,0.016880978,6.513779e-05
20007,2024-04-23,3,D2,2,D1,2,D1,False,4.2639487e-05,0.04644204,0.5232147,0.39880452,0.031285338,0.00021071809
20007,2024-04-30,3,D2,2,D1,2,D1,False,0.00025076795,0.0863993,0.48557177,0.37158713,0.055283975,0.00090700784
20007,2024-05-07,3,D2,2,D1,2,D1,False,0.0006653791,0.09387807,0.43889567,0.3643181,0.09897325,0.0032694559
20007,2024-05-14,3,D2,2,D1,2,D1,False,0.0007002056,0.07129705,0.405571,0.37294608,0.14325845,0.0062271557
20007,2024-05-21,3,D2,2,D1,2,D1,False,0.0008551972,0.0629977,0.37387788,0.3629368,0.18880709,0.010525376
20007,2024-05-28,3,D2,2,D1,2,D1,False,0.0009967998,0.06049287,0.35839805,0.34097853,0.22587486,0.013258907
20007,2024-06-04,3,D2,2,D1,2,D1,False,0.0013426917,0.06484972,0.3642224,0.31706554,0.23948966,0.013029982
20007,2024-06-11,3,D2,2,D1,2,D1,False,0.0013400174,0.06208255,0.3931487,0.30048904,0.23260881,0.010330914
20007,2024-06-18,3,D2,2,D1,2,D1,False,0.0006639656,0.045721095,0.43497655,0.30117118,0.21034072,0.0071264403
20007,2024-06-25,2,D1,2,D1,2,D1,True,0.00058874284,0.051564645,0.47774708,0.2863222,0.17847224,0.0053051445
20007,2024-07-02,1,D0,2,D1,2,D1,False,0.0006141411,0.056792066,0.5162769,0.26889902,0.152544,0.004873793
20007,2024-07-09,1,D0,1,D0,1,D0,True,0.11061087,0.51867306,0.288091,0.044709336,0.035648733,0.0022670147
20007,2024-07-16,1,D0,1,D0,1,D0,True,0.18726744,0.63170093,0.16825661,0.008673719,0.0036802313,0.00042103557
20007,2024-07-23,1,D0,1,D0,1,D0,True,0.13908459,0.642657,0.20700152,0.008624602,0.0022138078,0.00041856093
20007,2024-07-30,2,D1,1,D0,1,D0,False,0.08138761,0.60400206,0.29755628,0.01364951,0.002792962,0.00061155704
20007,2024-08-06,2,D1,2,D1,2,D1,True,0.0005773801,0.16497262,0.5574157,0.2538612,0.021951778,0.0012213518
20007,2024-08-13,2,D1,2,D1,2,D1,True,0.00035503393,0.1025208,0.55820835,0.30308735,0.033179373,0.0026491208
20007,2024-08-20,3,D2,2,D1,2,D1,False,0.00041576548,0.07455502,0.54529756,0.32376066,0.04952067,0.006450323
20007,2024-08-27,3,D2,2,D1,2,D1,False,0.0003082021,0.04071193,0.5113003,0.35826823,0.07425506,0.01515631
20007,2024-09-03,3,D2,3,D2,3,D2,True,0.00019135031,0.013315822,0.3389308,0.43629414,0.15601815,0.05524982
20007,2024-09-10,3,D2,3,D2,3,D2,True,0.00012505786,0.0035340725,0.17140375,0.39815408,0.24791025,0.17887278
20007,2024-09-17,3,D2,5,D4,5,D4,False,7.5553435e-05,0.00072448846,0.0488822,0.2316719,0.24941659,0.46922934
20007,2024-09-24,2,D1,5,D4,5,D4,False,7.081167e-05,0.0002826731,0.014462485,0.1301294,0.21173747,0.6433172
20007,2024-10-01,2,D1,5,D4,5,D4,False,3.248946e-05,8.466427e-05,0.0042093233,0.090003565,0.20508851,0.70058143
20007,2024-10-08,2,D1,5,D4,5,D4,False,1.11099525e-05,2.5912537e-05,0.001690776,0.07509307,0.19488153,0.72829765
20007,2024-10-15,2,D1,5,D4,5,D4,False,8.284241e-06,2.0583271e-05,0.0012783016,0.07218861,0.18388385,0.7426204
20007,2024-10-22,2,D1,5,D4,5,D4,False,5.156501e-06,1.2635713e-05,0.00092573534,0.07219064,0.17529547,0.75157034
20007,2024-10-29,2,D1,5,D4,5,D4,False,9.03769e-06,2.8061195e-05,0.0012574404,0.080424644,0.17458649,0.74369425
20007,2024-11-05,1,D0,5,D4,5,D4,False,0.0004049091,0.0014956092,0.007970215,0.12110714,0.19169506,0.6773271
20007,2024-11-12,0,None,1,D0,1,D0,False,0.42895186,0.4772699,0.039920066,0.009580875,0.015551753,0.028725484
20007,2024-11-19,0,None,0,None,0,None,True,0.71487975,0.2843861,0.00055551995,2.0304858e-05,3.580681e-05,0.00012249648
20007,2024-11-26,0,None,0,None,0,None,True,0.7434803,0.25626868,0.00021453119,5.1080888e-06,8.489973e-06,2.2791699e-05
20007,2024-12-03,0,None,0,None,0,None,True,0.7407016,0.25910574,0.0001786195,2.5222557e-06,4.1232524e-06,7.3265496e-06
20007,2024-12-10,0,None,0,None,0,None,True,0.73172104,0.26807153,0.00019839939,1.9465738e-06,2.926409e-06,4.178987e-06
20007,2024-12-17,0,None,0,None,0,None,True,0.70766264,0.29200745,0.00032093583,2.279829e-06,3.6804145e-06,3.0431845e-06
20007,2024-12-24,0,None,0,None,0,None,True,0.7099384,0.2897786,0.00027530396,2.0823925e-06,3.5572862e-06,2.055045e-06
20007,2024-12-31,0,None,0,None,0,None,True,0.71574974,0.2839764,0.00026688157,1.927523e-06,3.4933241e-06,1.4855036e-06
20007,2025-01-07,0,None,0,None,0,None,True,0.72408617,0.27565372,0.00025330638,1.9564236e-06,3.717402e-06,1.1080307e-06
20007,2025-01-14,0,None,0,None,0,None,True,0.7204391,0.27923256,0.00031968538,2.598771e-06,5.062952e-06,1.0427876e-06
20007,2025-01-21,0,None,0,None,0,None,True,0.7282371,0.2714187,0.00033510054,3.0119193e-06,5.2329406e-06,9.1680783e-07
20007,2025-01-28,0,None,0,None,0,None,True,0.7126384,0.2868723,0.00047741883,4.484288e-06,6.3787916e-06,1.0868332e-06
20007,2025-02-04,0,None,0,None,0,None,True,0.70340014,0.29614827,0.00044294362,3.5953155e-06,4.1992384e-06,8.417745e-07
20007,2025-02-11,0,None,0,None,0,None,True,0.6541819,0.34510198,0.0007053012,5.526741e-06,4.293575e-06,9.932052e-07
20007,2025-02-18,0,None,0,None,0,None,True,0.6557889,0.34338355,0.0008165473,6.137669e-06,3.8663457e-06,1.0377049e-06
20007,2025-02-25,0,None,0,None,0,None,True,0.66048753,0.3384619,0.001038262,7.476125e-06,3.7047994e-06,1.0993199e-06
20007,2025-03-04,1,D0,0,None,0,None,False,0.5880983,0.40708745,0.0047675725,3.369851e-05,1.0017305e-05,3.0335925e-06
20007,2025-03-11,2,D1,1,D0,1,D0,False,0.022749957,0.6628952,0.30571356,0.008130071,0.0004729508,3.8279686e-05
20007,2025-03-18,3,D2,2,D1,2,D1,False,0.00018910463,0.2650524,0.5989944,0.13194066,0.0037797575,4.3632863e-05
20007,2025-03-25,3,D2,2,D1,2,D1,False,6.148992e-05,0.1448334,0.5908299,0.2561376,0.008013238,0.00012431544
20007,2025-04-01,3,D2,2,D1,2,D1,False,7.2571325e-05,0.0790226,0.54994273,0.35249552,0.018031359,0.0004352056
20007,2025-04-08,3,D2,2,D1,2,D1,False,0.00011882272,0.047778957,0.4907186,0.41851443,0.04111659,0.0017525575
20007,2025-04-15,3,D2,3,D2,2,D1,False,0.00016913631,0.029745199,0.41479096,0.456726,0.09261215,0.005956508
20007,2025-04-22,2,D1,3,D2,2,D1,True,0.000634692,0.048914272,0.364231,0.40301588,0.16035287,0.022851229
20007,2025-04-29,1,D0,3,D2,4,D3,False,0.009175414,0.15769769,0.23735452,0.24368839,0.22532888,0.12675515
20007,2025-05-06,1,D0,1,D0,1,D0,True,0.07081386,0.27396223,0.1497474,0.13188592,0.15776697,0.21582368
20007,2025-05-13,1,D0,1,D0,1,D0,True,0.096157715,0.320144,0.16168833,0.117361434,0.12183055,0.18281794
20007,2025-05-20,1,D0,1,D0,1,D0,True,0.27818906,0.5786542,0.090236396,0.01914316,0.014193879,0.019583283
20007,2025-05-27,0,None,1,D0,1,D0,False,0.35418615,0.5694349,0.059842613,0.0073546204,0.0038750065,0.00530683
20007,2025-06-03,0,None,0,None,0,None,True,0.64646065,0.35280222,0.00067375874,2.1320833e-05,1.6731321e-05,2.5354782e-05
20007,2025-06-10,0,None,0,None,0,None,True,0.78819823,0.21162277,0.00016694191,3.956125e-06,4.0513632e-06,3.9657198e-06
20007,2025-06-17,0,None,0,None,0,None,True,0.8473542,0.15249881,0.00013809065,3.2469948e-06,3.7764491e-06,1.9584172e-06
20007,2025-06-24,0,None,0,None,0,None,True,0.8485102,0.15127043,0.0002085004,4.2580104e-06,4.8675097e-06,1.754181e-06
20007,2025-07-01,0,None,0,None,0,None,True,0.84384376,0.15585466,0.00028540005,6.4122664e-06,7.447806e-06,2.2981994e-06
20007,2025-07-08,0,None,0,None,0,None,True,0.83296186,0.16652668,0.0004904508,8.977115e-06,9.426635e-06,2.6167284e-06
20007,2025-07-15,0,None,0,None,0,None,True,0.84035075,0.15909012,0.00053717016,9.354325e-06,9.73818e-06,2.8885113e-06
20007,2025-07-22,0,None,0,None,0,None,True,0.8606392,0.13888808,0.0004528125,7.895232e-06,9.144692e-06,2.8884526e-06
20007,2025-07-29,0,None,0,None,0,None,True,0.87737143,0.122173995,0.00043276226,8.083066e-06,1.0299135e-05,3.4729346e-06
20007,2025-08-05,0,None,0,None,0,None,True,0.86252016,0.13688006,0.00056935154,1.0716043e-05,1.4352552e-05,5.3439653e-06
20007,2025-08-12,0,None,0,None,0,None,True,0.85487396,0.1443745,0.0007131786,1.335345e-05,1.6648286e-05,8.407928e-06
20007,2025-08-19,0,None,0,None,0,None,True,0.83272445,0.16633978,0.00088703044,1.6025142e-05,1.8835184e-05,1.3855701e-05
20007,2025-08-26,0,None,0,None,0,None,True,0.79534763,0.20348851,0.0011072323,1.8753572e-05,1.986983e-05,1.7936387e-05
20007,2025-09-02,0,None,0,None,0,None,True,0.80818546,0.19087534,0.00088777713,1.6665337e-05,1.6748618e-05,1.7987264e-05
20007,2025-09-09,0,None,0,None,0,None,True,0.77603376,0.22282049,0.0010850625,1.9242392e-05,1.7212062e-05,2.4300782e-05
20007,2025-09-16,0,None,0,None,0,None,True,0.7584358,0.2402138,0.0012718576,2.3745459e-05,1.9021329e-05,3.5833076e-05
20007,2025-09-23,0,None,0,None,0,None,True,0.778438,0.22046939,0.001034254,1.8502275e-05,1.3983908e-05,2.5882422e-05
20007,2025-09-30,0,None,0,None,0,None,True,0.77340186,0.22549385,0.0010523867,1.6869972e-05,1.2337509e-05,2.2658549e-05
20007,2025-10-07,0,None,0,None,0,None,True,0.7248846,0.27387416,0.0012033952,1.2909486e-05,9.666057e-06,1.5199856e-05
20007,2025-10-14,0,None,0,None,0,None,True,0.70892817,0.2900412,0.0010099991,7.1179543e-06,6.097599e-06,7.4490804e-06
20007,2025-10-21,0,None,0,None,0,None,True,0.68621486,0.31299615,0.0007785141,4.1009553e-06,3.4859668e-06,2.8674804e-06
20007,2025-10-28,0,None,0,None,0,None,True,0.6651619,0.33409557,0.0007355452,3.1414702e-06,2.5691286e-06,1.3066567e-06
20007,2025-11-04,0,None,0,None,0,None,True,0.6639381,0.33544892,0.0006077854,2.2323145e-06,2.1376168e-06,7.8962125e-07
20007,2025-11-11,0,None,0,None,0,None,True,0.64499116,0.35418108,0.0008207716,3.0134977e-06,3.3191372e-06,6.3314286e-07
20007,2025-11-18,0,None,0,None,0,None,True,0.68236595,0.31718954,0.00043950957,2.0006123e-06,2.64105e-06,4.0314833e-07
20007,2025-11-25,0,None,0,None,0,None,True,0.7044598,0.29519477,0.00034035166,1.8181438e-06,2.8479076e-06,3.7276985e-07
20007,2025-12-02,0,None,0,None,0,None,True,0.7132116,0.28649995,0.00028366197,1.6679811e-06,2.8242976e-06,3.2990343e-07
20007,2025-12-09,0,None,0,None,0,None,True,0.6743127,0.3251978,0.00048171496,2.821434e-06,4.4944118e-06,4.5461482e-07
20007,2025-12-16,0,None,0,None,0,None,True,0.69746745,0.302198,0.00032878527,2.0247278e-06,3.4100146e-06,3.5500003e-07
20007,2025-12-23,0,None,0,None,0,None,True,0.66403145,0.33536494,0.00059494074,3.2429766e-06,4.8991305e-06,4.5776213e-07
20007,2025-12-30,0,None,0,None,0,None,True,0.6466226,0.3525823,0.0007870551,3.2632784e-06,4.388884e-06,3.9552242e-07
20009,2022-01-04,2,D1,2,D1,2,D1,True,0.00013066122,0.3258123,0.62195003,0.05110018,0.0010026918,4.0873338e-06
20009,2022-01-11,2,D1,2,D1,2,D1,True,3.229516e-05,0.17961673,0.694463,0.12379722,0.0020840706,6.6214848e-06
20009,2022-01-18,2,D1,2,D1,2,D1,True,2.6457323e-05,0.13659953,0.6889604,0.17104332,0.0033577872,1.2497959e-05
20009,2022-01-25,2,D1,2,D1,2,D1,True,3.2127165e-05,0.11782144,0.66307425,0.21408887,0.0049570356,2.6292495e-05
20009,2022-02-01,2,D1,2,D1,2,D1,True,5.031057e-05,0.092494234,0.6296593,0.2688443,0.008864034,8.774652e-05
20009,2022-02-08,2,D1,2,D1,2,D1,True,7.79891e-05,0.07540122,0.5664951,0.33990824,0.017758608,0.00035880913
20009,2022-02-15,3,D2,2,D1,2,D1,False,9.9110635e-05,0.05029137,0.49334905,0.4198067,0.034991264,0.0014625432
20009,2022-02-22,3,D2,3,D2,3,D2,True,0.00011021131,0.02673051,0.38991114,0.5138419,0.06387625,0.0055298796
20009,2022-03-01,3,D2,3,D2,3,D2,True,9.473902e-05,0.013246754,0.29302084,0.57309437,0.10092874,0.019614581
20009,2022-03-08,3,D2,3,D2,3,D2,True,9.378364e-05,0.009276495,0.24901205,0.5800235,0.12170371,0.039890435
20009,2022-03-15,4,D3,3,D2,3,D2,False,0.00013987813,0.012023472,0.2620494,0.54397774,0.12021666,0.06159287
20009,2022-03-22,4,D3,3,D2,3,D2,False,0.00029053452,0.0152026145,0.23996226,0.49507096,0.15027548,0.09919813
20009,2022-03-29,4,D3,3,D2,3,D2,False,0.00031949638,0.012795031,0.20943882,0.46774954,0.17189723,0.13779989
20009,2022-04-05,4,D3,3,D2,3,D2,False,0.00019384295,0.0064166654,0.16193716,0.46645617,0.19740175,0.16759443
20009,2022-04-12,4,D3,3,D2,3,D2,False,0.00016452237,0.0043820986,0.13411966,0.4516082,0.21598966,0.1937359
20009,2022-04-19,4,D3,3,D2,3,D2,False,0.00010919261,0.0021151982,0.09034603,0.42714632,0.24050212,0.23978113
20009,2022-04-26,4,D3,3,D2,3,D2,False,0.00016880078,0.0027676872,0.090208545,0.3962426,0.24346884,0.26714358
20009,2022-05-03,4,D3,3,D2,3,D2,False,0.00059014704,0.007861428,0.12114816,0.35675892,0.23742755,0.27621385
20009,2022-05-10,4,D3,3,D2,3,D2,False,0.0012863392,0.019184297,0.18792172,0.3493863,0.21962832,0.22259301
20009,2022-05-17,4,D3,3,D2,3,D2,False,0.0011500366,0.02137586,0.23456943,0.36431044,0.21237922,0.16621494
20009,2022-05-24,4,D3,2,D1,2,D1,False,0.0025437984,0.061666377,0.33757547,0.33713546,0.17247815,0.088600695
20009,2022-05-31,3,D2,2,D1,2,D1,False,0.0062866993,0.16060752,0.38813487,0.2611707,0.14105183,0.042748436
20009,2022-06-07,2,D1,2,D1,2,D1,True,0.0045638373,0.15490817,0.43442893,0.253175,0.12747286,0.02545118
20009,2022-06-14,2,D1,2,D1,2,D1,True,0.0015575781,0.10739154,0.48770204,0.27544746,0.10954278,0.018358514
20009,2022-06-21,2,D1,2,D1,2,D1,True,0.0007080877,0.085173205,0.5312147,0.28305024,0.08951655,0.010337159
20009,2022-06-28,2,D1,2,D1,2,D1,True,0.0004643307,0.07688684,0.5519486,0.28536704,0.078212,0.0071211294
20009,2022-07-05,2,D1,2,D1,2,D1,True,0.00025118762,0.06085503,0.5794256,0.28256336,0.07213289,0.0047719823
20009,2022-07-12,2,D1,2,D1,2,D1,True,0.00023058246,0.06262297,0.58808655,0.27647847,0.06905643,0.0035249256
20009,2022-07-19,2,D1,2,D1,2,D1,True,0.00017452172,0.06446727,0.6053634,0.26973224,0.058025364,0.0022372103
20009,2022-07-26,2,D1,2,D1,2,D1,True,0.00048003215,0.121532306,0.580679,0.24666667,0.048802108,0.0018398786
20009,2022-08-02,2,D1,2,D1,2,D1,True,0.0021264455,0.20665674,0.53724915,0.20431581,0.04752889,0.00212294
20009,2022-08-09,2,D1,2,D1,2,D1,True,0.0007815498,0.15094876,0.54712284,0.25419843,0.04503948,0.0019089232
20009,2022-08-16,2,D1,2,D1,2,D1,True,0.00014832513,0.07244331,0.5736666,0.30395836,0.047833484,0.0019499358
20009,2022-08-23,2,D1,2,D1,2,D1,True,0.00018934773,0.06446249,0.5403012,0.3280277,0.063237526,0.0037818295
20009,2022-08-30,2,D1,2,D1,2,D1,True,0.00014790737,0.03453041,0.480987,0.38815367,0.08892682,0.0072541274
20009,2022-09-06,2,D1,3,D2,3,D2,False,9.0361136e-05,0.011065605,0.32429487,0.49773353,0.1447405,0.02207507
20009,2022-09-13,3,D2,3,D2,3,D2,True,9.496538e-05,0.0043097944,0.1789408,0.54737765,0.22020994,0.049066883
20009,2022-09-20,4,D3,3,D2,3,D2,False,0.00014936042,0.0034250184,0.11444793,0.5343137,0.2583745,0.08928946
20009,2022-09-27,4,D3,3,D2,3,D2,False,9.4203664e-05,0.0011032677,0.051836334,0.52492476,0.28669545,0.13534601
20009,2022-10-04,4,D3,3,D2,3,D2,False,5.0969687e-05,0.0004808349,0.030376513,0.4941392,0.3062425,0.16870998
20009,2022-10-11,4,D3,3,D2,4,D3,True,4.062568e-05,0.00033983574,0.025326625,0.44375342,0.35299122,0.17754833
20009,2022-10-18,4,D3,4,D3,4,D3,True,4.0344883e-05,0.00031882105,0.024041446,0.37814125,0.42356226,0.173896
20009,2022-10-25,4,D3,4,D3,4,D3,True,3.5113684e-05,0.00025923585,0.021792192,0.34577158,0.45972618,0.1724157
20009,2022-11-01,4,D3,4,D3,4,D3,True,4.7854042e-05,0.0003794722,0.02679955,0.33079663,0.48278245,0.15919407
20009,2022-11-08,4,D3,4,D3,4,D3,True,8.0282625e-05,0.0007723852,0.03745493,0.31972483,0.49689993,0.14506769
20009,2022-11-15,4,D3,4,D3,4,D3,True,8.218985e-05,0.00093981944,0.04430669,0.31730974,0.50329506,0.13406646
20009,2022-11-22,4,D3,4,D3,4,D3,True,8.6816566e-05,0.0011781525,0.051349677,0.32954443,0.49964947,0.11819138
20009,2022-11-29,4,D3,4,D3,4,D3,True,0.000133588,0.0018614078,0.064412266,0.34287316,0.47676176,0.113957874
20009,2022-12-06,4,D3,4,D3,4,D3,True,0.00018195089,0.0020431299,0.06327229,0.36492252,0.4424839,0.12709624
20009,2022-12-13,4,D3,4,D3,4,D3,True,0.0002460652,0.001982882,0.062082402,0.36929035,0.4299932,0.13640508
20009,2022-12-20,4,D3,4,D3,4,D3,True,0.00032762505,0.002334185,0.062643014,0.39448872,0.43079203,0.10941439
20009,2022-12-27,4,D3,4,D3,4,D3,True,0.0004143242,0.0029397558,0.06578347,0.4049745,0.4208814,0.10500658
20009,2023-01-03,4,D3,3,D2,4,D3,True,0.00060521066,0.00474122,0.081676774,0.4103659,0.40356106,0.0990498
20009,2023-01-10,4,D3,3,D2,4,D3,True,0.000447423,0.0037325681,0.079598665,0.41672966,0.410816,0.088675596
20009,2023-01-17,4,D3,3,D2,4,D3,True,0.00052234164,0.0044506374,0.08860847,0.41175115,0.4093904,0.08527697
20009,2023-01-24,4,D3,3,D2,4,D3,True,0.0008016948,0.00901151,0.12424141,0.40139621,0.38689083,0.0776583
20009,2023-01-31,4,D3,3,D2,4,D3,True,0.0005533445,0.007193397,0.12309703,0.40625608,0.39580208,0.06709808
20009,2023-02-07,4,D3,3,D2,4,D3,True,0.00032337307,0.004494288,0.10718336,0.41325846,0.4108877,0.06385285
20009,2023-02-14,4,D3,3,D2,4,D3,True,0.00035965952,0.005536477,0.11919505,0.4084159,0.40547833,0.061014526
20009,2023-02-21,4,D3,4,D3,4,D3,True,0.00045128376,0.006842581,0.12889649,0.40000194,0.4037836,0.060024153
20009,2023-02-28,4,D3,4,D3,4,D3,True,0.0004243031,0.0054579307,0.10954893,0.39091375,0.4230992,0.07055588
20009,2023-03-07,4,D3,4,D3,4,D3,True,0.00040271628,0.0039752014,0.0791646,0.36452574,0.45600522,0.095926486
20009,2023-03-14,5,D4,4,D3,4,D3,False,0.00037781804,0.0036654447,0.07718645,0.35202906,0.46878445,0.09795674
20009,2023-03-21,5,D4,4,D3,4,D3,False,0.0003460676,0.0030020284,0.065772474,0.34599206,0.478517,0.10637024
20009,2023-03-28,5,D4,4,D3,4,D3,False,0.0002408362,0.0017481166,0.050603442,0.33516526,0.49858755,0.11365484
20009,2023-04-04,5,D4,4,D3,4,D3,False,0.00015966005,0.0010493643,0.03909805,0.3217207,0.5127629,0.12520938
20009,2023-04-11,5,D4,4,D3,4,D3,False,0.000119020384,0.00069217425,0.031793572,0.30535445,0.5276363,0.13440448
20009,2023-04-18,5,D4,4,D3,4,D3,False,0.00010355169,0.0006085369,0.028805923,0.28724292,0.5280548,0.1551843
20009,2023-04-25,5,D4,4,D3,4,D3,False,9.150061e-05,0.00045648066,0.021846496,0.26333234,0.52929944,0.18497379
20009,2023-05-02,5,D4,4,D3,4,D3,False,0.00010637294,0.00044758487,0.020087404,0.251104,0.52214074,0.2061139
20009,2023-05-09,5,D4,4,D3,4,D3,False,0.00015944615,0.0006845537,0.022559023,0.24912852,0.51092327,0.21654524
20009,2023-05-16,5,D4,4,D3,4,D3,False,0.0006657685,0.003582625,0.04993667,0.26075175,0.4731736,0.21188954
20009,2023-05-23,5,D4,4,D3,4,D3,False,0.000765773,0.005611373,0.07399743,0.27601182,0.45490873,0.18870494
20009,2023-05-30,5,D4,4,D3,4,D3,False,0.0008508256,0.008807131,0.10227414,0.27686667,0.44057173,0.17062952
20009,2023-06-06,4,D3,4,D3,4,D3,True,0.002642051,0.043449625,0.20072949,0.2778281,0.3524622,0.12288856
20009,2023-06-13,4,D3,4,D3,4,D3,True,0.0017022224,0.04553257,0.24011001,0.30322808,0.32213536,0.08729177
20009,2023-06-20,4,D3,3,D2,4,D3,True,0.0009847913,0.041721016,0.2670932,0.3212068,0.3028188,0.066175334
20009,2023-06-27,4,D3,3,D2,4,D3,True,0.00064390857,0.0394712,0.28388277,0.33966196,0.2808232,0.055516984
20009,2023-07-04,4,D3,3,D2,2,D1,False,0.00068283355,0.05193384,0.30854312,0.34712023,0.24043947,0.05128053
20009,2023-07-11,4,D3,3,D2,2,D1,False,0.0012311153,0.08007592,0.3121179,0.3368775,0.21185537,0.057842202
20009,2023-07-18,4,D3,3,D2,2,D1,False,0.0013884526,0.07902235,0.29564056,0.31744316,0.22195278,0.08455268
20009,2023-07-25,4,D3,4,D3,4,D3,True,0.0009771441,0.04711895,0.23285088,0.2529181,0.27977982,0.18635505
20009,2023-08-01,4,D3,4,D3,4,D3,True,0.000892697,0.03733652,0.20158257,0.22478123,0.27570018,0.25970677
20009,2023-08-08,4,D3,5,D4,4,D3,True,0.0012319018,0.03900612,0.17174684,0.1936698,0.26249087,0.33185452
20009,2023-08-15,3,D2,5,D4,4,D3,False,0.001265364,0.031499572,0.15199542,0.17768638,0.26822922,0.369324
20009,2023-08-22,3,D2,5,D4,4,D3,False,0.00045316623,0.012562161,0.12545323,0.17192641,0.29699105,0.392614
20009,2023-08-29,3,D2,5,D4,4,D3,False,0.00018830219,0.0045589334,0.08199128,0.14400671,0.32552958,0.4437252
20009,2023-09-05,3,D2,5,D4,4,D3,False,0.00010715539,0.0021152634,0.044771325,0.11084747,0.34438747,0.4977713
20009,2023-09-12,3,D2,5,D4,5,D4,False,5.0514824e-05,0.00062969216,0.016179938,0.07803006,0.34841776,0.55669206
20009,2023-09-19,3,D2,5,D4,5,D4,False,3.0040343e-05,0.00022056652,0.005516051,0.05363677,0.32867756,0.611919
20009,2023-09-26,3,D2,5,D4,5,D4,False,1.8598541e-05,9.7265925e-05,0.0028551342,0.044686437,0.32027516,0.6320674
20009,2023-10-03,3,D2,5,D4,5,D4,False,1.482119e-05,7.0213115e-05,0.0024176247,0.046303593,0.3304011,0.6207926
20009,2023-10-10,3,D2,5,D4,5,D4,False,1.3198577e-05,5.322609e-05,0.0025016214,0.05683368,0.35090294,0.5896954
20009,2023-10-17,3,D2,5,D4,5,D4,False,1.4540838e-05,5.31966e-05,0.002902463,0.07083854,0.36112258,0.56506866
20009,2023-10-24,3,D2,5,D4,5,D4,False,1.921283e-05,6.78848e-05,0.0034820782,0.0856523,0.36328146,0.5474971
20009,2023-10-31,3,D2,5,D4,4,D3,False,5.4751268e-05,0.00020168518,0.0064822603,0.106897116,0.36377946,0.52258486
20009,2023-11-07,3,D2,5,D4,4,D3,False,8.191798e-05,0.00033247352,0.010375088,0.1533673,0.37231144,0.46353185
20009,2023-11-14,3,D2,4,D3,4,D3,False,0.00014555879,0.00074543257,0.019649593,0.23551829,0.3938415,0.35009968
20009,2023-11-21,3,D2,4,D3,4,D3,False,0.00031727177,0.0019915674,0.036792032,0.28256616,0.38287956,0.2954534
20009,2023-11-28,3,D2,4,D3,4,D3,False,0.00032669594,0.0023255309,0.04473237,0.3252329,0.38053128,0.24685119
20009,2023-12-05,3,D2,4,D3,4,D3,False,0.00028534254,0.0020577558,0.046216954,0.35971957,0.38091037,0.21080993
20009,2023-12-12,3,D2,3,D2,4,D3,False,0.00039850117,0.0033521082,0.060326636,0.38106313,0.3742694,0.18059026
20009,2023-12-19,2,D1,3,D2,4,D3,False,0.0012892203,0.014737575,0.12737197,0.40154445,0.33028713,0.124769665
20009,2023-12-26,2,D1,3,D2,3,D2,False,0.0028931582,0.04002235,0.20698039,0.4125144,0.27192512,0.06566456
20009,2024-01-02,2,D1,3,D2,3,D2,False,0.0022828325,0.04674182,0.23997773,0.43646532,0.23567677,0.038855463
20009,2024-01-09,2,D1,3,D2,3,D2,False,0.0035894013,0.09402255,0.31657717,0.39283493,0.17759828,0.015377762
20009,2024-01-16,2,D1,3,D2,2,D1,True,0.0026453454,0.10308453,0.357651,0.38422367,0.14499116,0.0074042575
20009,2024-01-23,1,D0,3,D2,2,D1,False,0.0016031868,0.09333868,0.38138387,0.39309207,0.12600599,0.0045762868
20009,2024-01-30,1,D0,1,D0,1,D0,True,0.13492045,0.665528,0.17600155,0.018687634,0.004569511,0.00029286483
20009,2024-02-06,1,D0,1,D0,1,D0,True,0.20062563,0.7286942,0.06852302,0.0018590812,0.00027137864,2.6736996e-05
20009,2024-02-13,0,None,1,D0,1,D0,False,0.116027385,0.7873171,0.094663136,0.0018019932,0.00017711896,1.3218335e-05
20009,2024-02-20,0,None,0,None,0,None,True,0.58732885,0.41133443,0.0013309725,4.562017e-06,9.3396096e-07,1.9647156e-07
20009,2024-02-27,0,None,0,None,0,None,True,0.6654147,0.33387974,0.0007026105,2.2775578e-06,5.9124756e-07,1.1205945e-07
20009,2024-03-05,0,None,0,None,0,None,True,0.6359933,0.36284867,0.0011539245,3.222481e-06,7.6520035e-07,9.899734e-08
20009,2024-03-12,0,None,0,None,0,None,True,0.6379284,0.36061415,0.0014528392,3.6029226e-06,8.408393e-07,1.0270204e-07
20009,2024-03-19,1,D0,0,None,0,None,False,0.6442055,0.35425273,0.0015368141,3.91618e-06,1.0185098e-06,1.19001236e-07
20009,2024-03-26,1,D0,1,D0,1,D0,True,0.16264571,0.75420374,0.08267842,0.00042818754,4.0506824e-05,3.3575427e-06
20009,2024-04-02,1,D0,1,D0,1,D0,True,0.05269742,0.7520263,0.19382338,0.001353846,9.3655995e-05,5.3252825e-06
20009,2024-04-09,1,D0,1,D0,1,D0,True,0.0042877235,0.60053945,0.38777035,0.007150392,0.00024698745,5.112584e-06
20009,2024-04-16,2,D1,1,D0,1,D0,False,0.0020643005,0.54314196,0.44225547,0.012165077,0.00036664843,6.487115e-06
20009,2024-04-23,2,D1,2,D1,2,D1,True,6.931902e-05,0.20501716,0.6401786,0.15035525,0.0043607075,1.8942546e-05
20009,2024-04-30,3,D2,2,D1,2,D1,False,0.00011037859,0.17453556,0.6202026,0.19452477,0.01056863,5.8036934e-05
20009,2024-05-07,3,D2,2,D1,2,D1,False,0.00018875847,0.15214644,0.5848073,0.24050148,0.022161096,0.00019499322
20009,2024-05-14,3,D2,2,D1,2,D1,False,0.00020010807,0.12384923,0.5388358,0.29522958,0.041344125,0.0005410936
20009,2024-05-21,3,D2,2,D1,2,D1,False,0.00031337922,0.11334973,0.46934563,0.33970273,0.07512769,0.0021608137
20009,2024-05-28,3,D2,2,D1,2,D1,False,0.00045442782,0.10842243,0.42598632,0.35228717,0.10764961,0.0052000755
20009,2024-06-04,3,D2,2,D1,2,D1,False,0.0006596545,0.10927536,0.39726132,0.35419333,0.12964375,0.0089666275
20009,2024-06-11,2,D1,2,D1,2,D1,True,0.0007762239,0.09841123,0.37047717,0.35622188,0.15947156,0.014641901
20009,2024-06-18,2,D1,3,D2,2,D1,True,0.0007361714,0.0851446,0.3560288,0.35777795,0.18155138,0.018761102
20009,2024-06-25,2,D1,2,D1,2,D1,True,0.0011197077,0.101402804,0.35177505,0.3415491,0.18010227,0.024051039
20009,2024-07-02,2,D1,2,D1,2,D1,True,0.0019496864,0.12402187,0.33467075,0.321913,0.18459466,0.03285002
20009,2024-07-09,2,D1,3,D2,2,D1,True,0.0015312058,0.090259135,0.31877595,0.32248035,0.22130261,0.0456507
20009,2024-07-16,2,D1,3,D2,4,D3,False,0.0012866129,0.063678056,0.2753627,0.29758266,0.28030217,0.0817878
20009,2024-07-23,2,D1,4,D3,4,D3,False,0.0009639207,0.049197078,0.2589852,0.28837958,0.299637,0.10283727
20009,2024-07-30,2,D1,4,D3,4,D3,False,0.0005791275,0.03198167,0.23015395,0.27767074,0.32698062,0.13263397
20009,2024-08-06,2,D1,4,D3,4,D3,False,0.00039110208,0.013249115,0.15072499,0.22834161,0.3849533,0.22233987
20009,2024-08-13,2,D1,4,D3,4,D3,False,0.00042565266,0.009725333,0.10071345,0.16677433,0.3787699,0.34359127
20009,2024-08-20,2,D1,5,D4,5,D4,False,0.0014847243,0.016378675,0.06323193,0.112151265,0.32283184,0.4839215
20009,2024-08-27,2,D1,5,D4,5,D4,False,0.0011702022,0.010808381,0.0437603,0.092568636,0.3120327,0.5396598
20009,2024-09-03,2,D1,5,D4,5,D4,False,0.00043714582,0.0028333436,0.01711908,0.06889165,0.32309905,0.58761966
20009,2024-09-10,2,D1,5,D4,5,D4,False,6.916137e-05,0.0003870357,0.0071854163,0.05779813,0.36515492,0.5694053
20009,2024-09-17,2,D1,5,D4,5,D4,False,2.400395e-05,9.36285e-05,0.0026484816,0.04861496,0.35807303,0.59054583
20009,2024-09-24,2,D1,5,D4,5,D4,False,1.9890555e-05,6.220807e-05,0.0017566495,0.047694966,0.35140005,0.59906626
20009,2024-10-01,2,D1,5,D4,5,D4,False,9.85029e-06,2.4767267e-05,0.0012256149,0.05141552,0.359773,0.5875512
20009,2024-10-08,2,D1,5,D4,5,D4,False,5.7078614e-06,1.17514555e-05,0.0008561233,0.053617038,0.36558786,0.57992154
20009,2024-10-15,2,D1,5,D4,5,D4,False,5.472705e-06,1.0253505e-05,0.0008461851,0.06067913,0.3739042,0.56455475
20009,2024-10-22,2,D1,5,D4,5,D4,False,3.9714655e-06,6.0988814e-06,0.0006388356,0.061548434,0.37147978,0.56632286
20009,2024-10-29,2,D1,5,D4,5,D4,False,6.174653e-06,1.0184126e-05,0.0007813127,0.06982679,0.3678771,0.5614984
20009,2024-11-05,2,D1,5,D4,5,D4,False,8.908029e-05,0.00021406381,0.003613023,0.09972187,0.3532757,0.54308635
20009,2024-11-12,2,D1,5,D4,4,D3,False,0.010976425,0.028495047,0.050179187,0.14935227,0.31887963,0.4421174
20009,2024-11-19,2,D1,5,D4,4,D3,False,0.07490843,0.15764289,0.13669153,0.14557953,0.22312915,0.26204845
20009,2024-11-26,2,D1,1,D0,1,D0,False,0.11839156,0.2805707,0.21117523,0.113796435,0.124349095,0.15171693
20009,2024-12-03,2,D1,1,D0,1,D0,False,0.074175544,0.28153726,0.27723205,0.14024673,0.11854087,0.10826746
20009,2024-12-10,2,D1,2,D1,1,D0,False,0.05561518,0.31307158,0.325874,0.14069103,0.099636346,0.06511187
20009,2024-12-17,2,D1,2,D1,1,D0,False,0.02462077,0.3281187,0.39523968,0.15288621,0.07352657,0.025608074
20009,2024-12-24,2,D1,1,D0,1,D0,False,0.029650455,0.39761034,0.3896607,0.114165254,0.055255778,0.013657522
20009,2024-12-31,2,D1,1,D0,1,D0,False,0.041446786,0.4460077,0.36143464,0.09209756,0.049041852,0.009971446
20009,2025-01-07,2,D1,1,D0,1,D0,False,0.07083566,0.48904327,0.31379583,0.07279807,0.043645322,0.009881824
20009,2025-01-14,2,D1,1,D0,1,D0,False,0.055750694,0.47504753,0.32853782,0.08700313,0.045083378,0.008577492
20009,2025-01-21,2,D1,1,D0,1,D0,False,0.04562832,0.4634291,0.34997636,0.08856178,0.043874357,0.008530105
20009,2025-01-28,2,D1,1,D0,1,D0,False,0.020805147,0.42725253,0.39349583,0.11061025,0.04324459,0.0045916587
20009,2025-02-04,2,D1,1,D0,1,D0,False,0.01640637,0.43477497,0.40055946,0.10687424,0.03859907,0.0027859474
20009,2025-02-11,2,D1,2,D1,1,D0,False,0.0059949234,0.37875763,0.44267714,0.13259736,0.038444974,0.0015279206
20009,2025-02-18,2,D1,2,D1,1,D0,False,0.004322724,0.3718007,0.4509245,0.13787812,0.03418461,0.0008893467
20009,2025-02-25,2,D1,2,D1,2,D1,True,0.002716094,0.34439984,0.46288317,0.15645385,0.032953344,0.00059364253
20009,2025-03-04,2,D1,2,D1,2,D1,True,0.0019821147,0.32375157,0.47017056,0.17218702,0.03137532,0.00053336343
20009,2025-03-11,2,D1,2,D1,2,D1,True,0.0014180404,0.27515763,0.46804553,0.2191021,0.035553463,0.00072323123
20009,2025-03-18,2,D1,2,D1,2,D1,True,0.0009560666,0.21927322,0.4715049,0.26891318,0.03827478,0.0010778422
20009,2025-03-25,2,D1,2,D1,2,D1,True,0.00023697468,0.103416175,0.47304493,0.36257547,0.058775295,0.0019511762
20009,2025-04-01,2,D1,2,D1,2,D1,True,0.00028249781,0.08183195,0.4575156,0.37632498,0.079621814,0.004423156
20009,2025-04-08,2,D1,2,D1,2,D1,True,0.00037671853,0.05204143,0.41627347,0.3857357,0.132563,0.013009731
20009,2025-04-15,2,D1,3,D2,2,D1,True,0.00036852137,0.028588638,0.3474165,0.36715174,0.22061424,0.035860393
20009,2025-04-22,2,D1,3,D2,4,D3,False,0.00088284095,0.04884637,0.30471423,0.30870473,0.2680288,0.068822995
20009,2025-04-29,2,D1,4,D3,4,D3,False,0.0019463142,0.0775397,0.2795892,0.2644098,0.28659052,0.08992446
20009,2025-05-06,2,D1,4,D3,4,D3,False,0.0012027248,0.050052166,0.26441798,0.28271565,0.31490377,0.086707756
20009,2025-05-13,2,D1,4,D3,4,D3,False,0.00091726717,0.03895783,0.2519766,0.29131964,0.33229664,0.084531985
20009,2025-05-20,2,D1,4,D3,4,D3,False,0.001968525,0.073157616,0.2690658,0.27972957,0.3010468,0.07503168
20009,2025-05-27,2,D1,2,D1,2,D1,True,0.0032705443,0.11567989,0.30460677,0.27386457,0.24868187,0.05389643
20009,2025-06-03,2,D1,2,D1,2,D1,True,0.016398724,0.24323548,0.31410927,0.21730465,0.16952781,0.039424025
20009,2025-06-10,2,D1,2,D1,1,D0,False,0.029842721,0.30980384,0.3365863,0.18207435,0.11685936,0.024833478
20009,2025-06-17,1,D0,2,D1,1,D0,True,0.021982063,0.2635774,0.3316043,0.20637436,0.14843939,0.02802251
20009,2025-06-24,1,D0,0,None,1,D0,True,0.4951561,0.4787346,0.023599036,0.0012611877,0.0007510053,0.0004980533
20009,2025-07-01,1,D0,0,None,0,None,False,0.6265409,0.3672143,0.0058562625,0.00019036925,0.00010683391,9.137204e-05
20009,2025-07-08,1,D0,0,None,0,None,False,0.56445116,0.42259055,0.012418304,0.00029837457,0.0001351612,0.00010645196
20009,2025-07-15,1,D0,0,None,0,None,False,0.53964037,0.4415342,0.01811459,0.00040192567,0.00015786574,0.00015100877
20009,2025-07-22,1,D0,0,None,0,None,False,0.555229,0.43171746,0.01256737,0.00025965384,0.00010515976,0.00012131907
20009,2025-07-29,0,None,0,None,0,None,True,0.54102796,0.44633377,0.012044871,0.0002887807,0.00012801618,0.00017661366
20009,2025-08-05,0,None,0,None,0,None,True,0.7742828,0.22519122,0.00049045315,1.0955168e-05,9.934598e-06,1.4503277e-05
20009,2025-08-12,0,None,0,None,0,None,True,0.7733266,0.22621603,0.00041438665,1.1373458e-05,1.166214e-05,1.9930241e-05
20009,2025-08-19,0,None,0,None,0,None,True,0.74493307,0.25456795,0.000437626,1.36133085e-05,1.52218645e-05,3.2536795e-05
20009,2025-08-26,0,None,0,None,0,None,True,0.71543545,0.28400618,0.00047361274,1.5622782e-05,1.8601673e-05,5.0576407e-05
20009,2025-09-02,0,None,0,None,0,None,True,0.75748783,0.24209127,0.0003344458,1.3043075e-05,1.6776514e-05,5.655667e-05
20009,2025-09-09,0,None,0,None,0,None,True,0.74292934,0.25663385,0.00034269638,1.3551027e-05,1.7900242e-05,6.275578e-05
20009,2025-09-16,0,None,0,None,0,None,True,0.73725355,0.2622751,0.00036300207,1.43675015e-05,1.8627463e-05,7.535689e-05
20009,2025-09-23,0,None,0,None,0,None,True,0.76217073,0.23747593,0.0002802192,1.00251145e-05,1.180648e-05,5.1360727e-05
20009,2025-09-30,0,None,0,None,0,None,True,0.76190406,0.23774911,0.00029124907,8.960774e-06,8.635484e-06,3.7909693e-05
20009,2025-10-07,0,None,0,None,0,None,True,0.7478062,0.25180534,0.0003567051,7.5982257e-06,5.5035453e-06,1.8668195e-05
20009,2025-10-14,0,None,0,None,0,None,True,0.716058,0.28347272,0.00045212772,6.2576614e-06,3.3943468e-06,7.4326535e-06
20009,2025-10-21,0,None,0,None,0,None,True,0.6781981,0.321359,0.000435488,3.4930042e-06,1.8655793e-06,1.9944073e-06
20009,2025-10-28,0,None,0,None,0,None,True,0.677845,0.3217346,0.00041475028,2.6831233e-06,1.6232005e-06,1.278249e-06
20009,2025-11-04,0,None,0,None,0,None,True,0.6768954,0.32271427,0.00038572357,2.2672707e-06,1.5487963e-06,8.598101e-07
20009,2025-11-11,0,None,0,None,0,None,True,0.6528596,0.34660253,0.00053124374,3.467683e-06,2.2301733e-06,9.443663e-07
20009,2025-11-18,0,None,0,None,0,None,True,0.67251176,0.32717612,0.00030802356,2.1578323e-06,1.2951818e-06,5.782068e-07
20009,2025-11-25,0,None,0,None,0,None,True,0.6753819,0.3243588,0.0002560577,1.8186349e-06,1.0487797e-06,4.304861e-07
20009,2025-12-02,0,None,0,None,0,None,True,0.6795015,0.32028118,0.00021455027,1.5714714e-06,9.139401e-07,3.2690974e-07
20009,2025-12-09,0,None,0,None,0,None,True,0.6576082,0.3420295,0.0003582519,2.4114875e-06,1.2812848e-06,3.6259118e-07
20009,2025-12-16,0,None,0,None,0,None,True,0.67088556,0.32883728,0.00027429365,1.6970142e-06,9.762806e-07,2.3526299e-07
20009,2025-12-23,0,None,0,None,0,None,True,0.6408909,0.35854676,0.00055799814,2.7230103e-06,1.3399899e-06,2.4532184e-07
20009,2025-12-30,0,None,0,None,0,None,True,0.619766,0.37938175,0.00084806496,2.8383542e-06,1.182222e-06,1.8436324e-07
20011,2022-01-04,0,None,0,None,0,None,True,0.6438001,0.3541277,0.0020501397,9.908243e-06,3.8613302e-06,8.334065e-06
20011,2022-01-11,0,None,0,None,0,None,True,0.643341,0.35466203,0.0019763631,9.275685e-06,3.656581e-06,7.6263773e-06
20011,2022-01-18,0,None,1,D0,1,D0,False,0.23657677,0.71151835,0.05160053,0.00018307463,3.7202837e-05,8.405221e-05
20011,2022-01-25,1,D0,1,D0,1,D0,True,0.13787718,0.7723392,0.08941993,0.00024000854,3.6478126e-05,8.720722e-05
20011,2022-02-01,1,D0,1,D0,1,D0,True,0.0552377,0.74298155,0.200698,0.0008263179,9.0534435e-05,0.00016578197
20011,2022-02-08,1,D0,1,D0,1,D0,True,0.041036032,0.72962654,0.227838,0.0012288381,0.00011703134,0.00015358646
20011,2022-02-15,1,D0,1,D0,1,D0,True,0.036336377,0.7326761,0.22942674,0.0013095536,0.00011887631,0.00013236416
20011,2022-02-22,1,D0,1,D0,1,D0,True,0.03526731,0.73395216,0.22913635,0.0014049034,0.00012329518,0.00011602586
20011,2022-03-01,1,D0,1,D0,1,D0,True,0.03768221,0.7328616,0.22762531,0.001564082,0.00014530862,0.00012150907
20011,2022-03-08,1,D0,1,D0,1,D0,True,0.009855326,0.65481675,0.32935226,0.0055100303,0.00032140996,0.00014419635
20011,2022-03-15,1,D0,1,D0,1,D0,True,0.009555209,0.65012676,0.33352438,0.006300472,0.00035116854,0.00014205219
20011,2022-03-22,0,None,1,D0,1,D0,False,0.02003656,0.69323,0.28188863,0.004426646,0.0002751368,0.00014307442
20011,2022-03-29,0,None,0,None,1,D0,False,0.53025645,0.4665055,0.0032215768,1.125352e-05,2.5674888e-06,2.6855985e-06
20011,2022-04-05,0,None,0,None,0,None,True,0.64321274,0.35531354,0.0014624458,6.897516e-06,1.995553e-06,2.3341372e-06
20011,2022-04-12,0,None,0,None,0,None,True,0.65436465,0.34411207,0.0015101497,7.851959e-06,2.575758e-06,2.7083884e-06
20011,2022-04-19,0,None,0,None,0,None,True,0.60746664,0.3895157,0.0029907883,1.7164179e-05,5.5321666e-06,4.249932e-06
20011,2022-04-26,0,None,0,None,1,D0,False,0.521112,0.47095183,0.007855323,5.5767367e-05,1.52376215e-05,9.918866e-06
20011,2022-05-03,0,None,1,D0,1,D0,False,0.45464072,0.5295978,0.015583271,0.00013276313,3.193632e-05,1.3538844e-05
20011,2022-05-10,0,None,0,None,1,D0,False,0.5107576,0.4780124,0.011079027,0.000112833084,2.796498e-05,1.0171989e-05
20011,2022-05-17,0,None,0,None,0,None,True,0.6703657,0.32757404,0.0020349505,1.7452643e-05,5.5426394e-06,2.3185614e-06
20011,2022-05-24,0,None,0,None,0,None,True,0.70470256,0.29380378,0.0014701968,1.5354606e-05,5.8540204e-06,2.254624e-06
20011,2022-05-31,0,None,0,None,0,None,True,0.72199553,0.27684614,0.001135457,1.4598897e-05,5.9334325e-06,2.4035226e-06
20011,2022-06-07,0,None,0,None,0,None,True,0.7270255,0.27174243,0.0012066512,1.5891505e-05,6.9101307e-06,2.5840313e-06
20011,2022-06-14,0,None,0,None,0,None,True,0.721755,0.2767584,0.0014527026,2.0879463e-05,9.1793745e-06,3.7284217e-06
20011,2022-06-21,0,None,0,None,0,None,True,0.71596,0.28227496,0.0017278561,2.3182914e-05,9.909826e-06,4.0337036e-06
20011,2022-06-28,0,None,0,None,0,None,True,0.7185974,0.27943504,0.0019246369,2.7827951e-05,1.0132276e-05,4.9809564e-06
20011,2022-07-05,0,None,0,None,0,None,True,0.7055953,0.2919436,0.0024161427,2.961622e-05,1.0636632e-05,4.768387e-06
20011,2022-07-12,0,None,0,None,0,None,True,0.66915053,0.32663196,0.0041561914,4.130978e-05,1.3953778e-05,6.0668795e-06
20011,2022-07-19,1,D0,1,D0,1,D0,True,0.43586645,0.512172,0.051046077,0.00069398014,0.00015812156,6.3346386e-05
20011,2022-07-26,1,D0,2,D1,2,D1,False,0.0050548944,0.38018727,0.5398636,0.070429884,0.004209021,0.00025539694
20011,2022-08-02,1,D0,2,D1,1,D0,True,0.0065111197,0.40296283,0.50289094,0.08090066,0.006355618,0.000378795
20011,2022-08-09,2,D1,2,D1,2,D1,True,0.0022666585,0.2960004,0.5423764,0.14987825,0.009067231,0.00041103797
20011,2022-08-16,2,D1,2,D1,2,D1,True,0.00012477074,0.08211499,0.5718368,0.32389358,0.021503802,0.0005260444
20011,2022-08-23,2,D1,2,D1,2,D1,True,0.00012231564,0.050693877,0.5386446,0.3713338,0.037650727,0.001554654
20011,2022-08-30,2,D1,2,D1,2,D1,True,0.000105217405,0.03145196,0.4940178,0.41246006,0.059137695,0.0028273026
20011,2022-09-06,2,D1,3,D2,2,D1,True,9.519406e-05,0.017676711,0.41043076,0.46808577,0.09778576,0.005925843
20011,2022-09-13,2,D1,3,D2,3,D2,False,8.847379e-05,0.009920908,0.30258784,0.5198275,0.15514602,0.01242923
20011,2022-09-20,3,D2,3,D2,3,D2,True,0.0001366021,0.007989549,0.21915416,0.5329933,0.20856106,0.031165276
20011,2022-09-27,3,D2,3,D2,3,D2,True,0.000117349875,0.0030039607,0.104018845,0.5487557,0.27016446,0.073939726
20011,2022-10-04,4,D3,3,D2,3,D2,False,7.4507036e-05,0.0012811158,0.05760756,0.54529554,0.28811038,0.107630916
20011,2022-10-11,4,D3,3,D2,3,D2,False,6.000443e-05,0.0007528109,0.03982581,0.5250257,0.3071262,0.12720942
20011,2022-10-18,4,D3,3,D2,3,D2,False,5.696601e-05,0.00054769986,0.030779915,0.49373472,0.33323544,0.14164522
20011,2022-10-25,3,D2,3,D2,4,D3,False,4.5710418e-05,0.000354927,0.022750437,0.47539434,0.35262892,0.14882566
20011,2022-11-01,3,D2,3,D2,4,D3,False,5.5728877e-05,0.00045626544,0.024602473,0.45200145,0.3868159,0.1360681
20011,2022-11-08,3,D2,3,D2,4,D3,False,7.9231286e-05,0.0008163331,0.032904804,0.44286355,0.4059928,0.117343225
20011,2022-11-15,3,D2,3,D2,4,D3,False,7.3199495e-05,0.0009090709,0.037155975,0.43751454,0.42112374,0.103223406
20011,2022-11-22,3,D2,3,D2,4,D3,False,6.421225e-05,0.0010032164,0.042267643,0.4438277,0.4266433,0.08619392
20011,2022-11-29,3,D2,3,D2,4,D3,False,8.328422e-05,0.0014996171,0.055481,0.44014457,0.4324372,0.07035432
20011,2022-12-06,3,D2,3,D2,4,D3,False,8.972255e-05,0.0016496006,0.06249713,0.44260707,0.43569586,0.057460617
20011,2022-12-13,3,D2,3,D2,4,D3,False,0.00010150184,0.0019124469,0.07005072,0.45202026,0.42308685,0.052828215
20011,2022-12-20,3,D2,3,D2,4,D3,False,0.00013137392,0.0027398167,0.0875607,0.45013472,0.4148808,0.0445525
20011,2022-12-27,3,D2,3,D2,4,D3,False,0.00018318437,0.0033284929,0.096992455,0.44500375,0.40740138,0.047090806
20011,2023-01-03,3,D2,3,D2,4,D3,False,0.00040335275,0.005781959,0.11996399,0.454415,0.3673447,0.05209091
20011,2023-01-10,3,D2,3,D2,4,D3,False,0.0008755195,0.0076053645,0.11881926,0.4660533,0.34513536,0.061511215
20011,2023-01-17,3,D2,3,D2,4,D3,False,0.0016971919,0.0120971855,0.13300014,0.4451862,0.3339838,0.07403551
20011,2023-01-24,3,D2,3,D2,4,D3,False,0.0037008224,0.028746955,0.18464419,0.4071806,0.3081352,0.067592114
20011,2023-01-31,3,D2,3,D2,4,D3,False,0.0023531513,0.020415366,0.17628305,0.41608796,0.31760025,0.06726016
20011,2023-02-07,3,D2,3,D2,4,D3,False,0.0010196298,0.009323591,0.14082395,0.43538508,0.33662948,0.07681827
20011,2023-02-14,2,D1,3,D2,4,D3,False,0.0009942049,0.009859978,0.1484117,0.42849216,0.33863866,0.073603235
20011,2023-02-21,2,D1,3,D2,4,D3,False,0.013973259,0.05026365,0.1906808,0.355051,0.30196783,0.08806341
20011,2023-02-28,2,D1,3,D2,4,D3,False,0.014224016,0.045408554,0.1673824,0.36380416,0.31003344,0.09914736
20011,2023-03-07,1,D0,3,D2,4,D3,False,0.012592916,0.03620682,0.1389704,0.36669365,0.30449104,0.14104514
20011,2023-03-14,1,D0,3,D2,4,D3,False,0.015639862,0.048538994,0.14872885,0.35356122,0.28333586,0.15019512
20011,2023-03-21,2,D1,3,D2,3,D2,False,0.015989775,0.052247077,0.14678884,0.34828869,0.2453854,0.1913003
20011,2023-03-28,2,D1,3,D2,3,D2,False,0.0005979645,0.003745499,0.07392492,0.39147523,0.27267066,0.25758567
20011,2023-04-04,2,D1,3,D2,3,D2,False,0.00017329339,0.0011151024,0.04863189,0.391292,0.27520165,0.28358606
20011,2023-04-11,2,D1,3,D2,3,D2,False,7.963822e-05,0.0004344829,0.03232495,0.38788044,0.26816157,0.31111884
20011,2023-04-18,2,D1,3,D2,3,D2,False,5.9263406e-05,0.0002905237,0.024103902,0.37854177,0.25621048,0.3407941
20011,2023-04-25,2,D1,5,D4,3,D2,False,4.751367e-05,0.00019583889,0.017030226,0.3680855,0.23646243,0.37817854
20011,2023-05-02,3,D2,5,D4,5,D4,False,4.6120065e-05,0.00017141926,0.015156665,0.36424822,0.22587408,0.39450353
20011,2023-05-09,3,D2,5,D4,5,D4,False,6.544467e-05,0.00027688654,0.016829401,0.35533217,0.213052,0.41444415
20011,2023-05-16,3,D2,5,D4,5,D4,False,0.00027673776,0.0014036561,0.03186699,0.3508232,0.2094807,0.40614864
20011,2023-05-23,3,D2,5,D4,3,D2,True,0.0004425769,0.0029581971,0.05191696,0.35814527,0.22046132,0.36607575
20011,2023-05-30,3,D2,3,D2,3,D2,True,0.0007525169,0.006950301,0.086496845,0.37089172,0.23656303,0.29834557
20011,2023-06-06,3,D2,3,D2,4,D3,False,0.0036453868,0.05138472,0.19741303,0.30897674,0.24786255,0.19071753
20011,2023-06-13,3,D2,3,D2,4,D3,False,0.0029904747,0.06981966,0.24908689,0.30016693,0.25093246,0.12700363
20011,2023-06-20,3,D2,3,D2,3,D2,True,0.0013346863,0.06346819,0.28389308,0.33401895,0.23338617,0.08389891
20011,2023-06-27,3,D2,3,D2,3,D2,True,0.00077117543,0.06051231,0.3035434,0.3501845,0.22335204,0.061636575
20011,2023-07-04,4,D3,3,D2,2,D1,False,0.00081344333,0.07113796,0.31182748,0.34665155,0.21459168,0.054977868
20011,2023-07-11,4,D3,3,D2,2,D1,False,0.0015827117,0.088502474,0.29500443,0.32908937,0.21427596,0.0715451
20011,2023-07-18,4,D3,3,D2,4,D3,True,0.0015632735,0.07054021,0.26454934,0.29417345,0.24875921,0.12041446
20011,2023-07-25,4,D3,4,D3,4,D3,True,0.00096126,0.047957174,0.23851676,0.26238582,0.27958515,0.17059386
20011,2023-08-01,4,D3,4,D3,4,D3,True,0.0009346625,0.039138738,0.2063961,0.23312621,0.28187406,0.23853019
20011,2023-08-08,4,D3,5,D4,4,D3,True,0.001302348,0.03986887,0.16738932,0.19017051,0.26624295,0.33502597
20011,2023-08-15,3,D2,5,D4,4,D3,False,0.0013159945,0.031748097,0.1486232,0.17453642,0.2688566,0.3749197
20011,2023-08-22,3,D2,5,D4,4,D3,False,0.00045366562,0.012330365,0.121478714,0.16893429,0.29558393,0.40121898
20011,2023-08-29,3,D2,5,D4,4,D3,False,0.00018538644,0.00442898,0.079782106,0.14197621,0.32456246,0.44906485
20011,2023-09-05,3,D2,5,D4,4,D3,False,0.00010254571,0.002069501,0.044000443,0.11055387,0.3418184,0.5014552
20011,2023-09-12,3,D2,5,D4,5,D4,False,4.6111298e-05,0.0005682449,0.014806055,0.07673183,0.33833635,0.5695115
20011,2023-09-19,3,D2,5,D4,5,D4,False,2.7136399e-05,0.00019138955,0.0046744132,0.05076234,0.30981895,0.6345258
20011,2023-09-26,3,D2,5,D4,5,D4,False,1.5572146e-05,7.893902e-05,0.0020930886,0.04000682,0.2989897,0.6588159
20011,2023-10-03,3,D2,5,D4,5,D4,False,1.0506211e-05,4.915156e-05,0.001348205,0.03568484,0.29385284,0.66905445
20011,2023-10-10,3,D2,5,D4,5,D4,False,7.021782e-06,2.9106257e-05,0.0010804503,0.03808493,0.3015362,0.65926224
20011,2023-10-17,3,D2,5,D4,5,D4,False,9.316965e-06,3.1704378e-05,0.0014534855,0.04959233,0.3222132,0.62670004
20011,2023-10-24,3,D2,5,D4,5,D4,False,1.3649304e-05,4.5271918e-05,0.002059223,0.06294391,0.33788407,0.5970539
20011,2023-10-31,2,D1,5,D4,5,D4,False,3.897829e-05,0.0001342243,0.0039421343,0.079115875,0.34696954,0.56979924
20011,2023-11-07,2,D1,5,D4,5,D4,False,0.0001403576,0.0004678622,0.0068565533,0.10290127,0.34157568,0.54805815
20011,2023-11-14,2,D1,5,D4,4,D3,False,0.0003267023,0.0012147814,0.013359747,0.14549592,0.34507143,0.49453142
20011,2023-11-21,2,D1,4,D3,4,D3,False,0.002328052,0.009891909,0.041518148,0.20472077,0.3730093,0.36853185
20011,2023-11-28,2,D1,4,D3,4,D3,False,0.003429148,0.015346292,0.05994064,0.2536113,0.367915,0.29975763
20011,2023-12-05,2,D1,4,D3,4,D3,False,0.0028934274,0.013012671,0.06513691,0.28739032,0.3629919,0.26857477
20011,2023-12-12,2,D1,4,D3,4,D3,False,0.005852277,0.027849263,0.095487736,0.30593222,0.34631562,0.21856287
20011,2023-12-19,2,D1,3,D2,4,D3,False,0.031862043,0.12145253,0.19206345,0.27508882,0.2600369,0.11949631
20011,2023-12-26,1,D0,1,D0,1,D0,True,0.064662814,0.235393,0.23072262,0.2199095,0.19564243,0.0536696
20011,2024-01-02,1,D0,1,D0,1,D0,True,0.30292943,0.56056315,0.09956132,0.020689668,0.013569245,0.0026871678
20011,2024-01-09,1,D0,1,D0,1,D0,True,0.3268959,0.6180136,0.05060478,0.0032579193,0.0010536914,0.00017406198
20011,2024-01-16,1,D0,1,D0,1,D0,True,0.2513706,0.68173116,0.06345634,0.0028238879,0.00054639793,7.1527495e-05
20011,2024-01-23,1,D0,1,D0,1,D0,True,0.14399795,0.73716116,0.11442617,0.0039035282,0.00046487316,4.6275858e-05
20011,2024-01-30,1,D0,1,D0,1,D0,True,0.12125849,0.75673836,0.11852061,0.0031486878,0.0003061388,2.7780656e-05
20011,2024-02-06,1,D0,1,D0,1,D0,True,0.33995375,0.63705206,0.02276876,0.0001977143,2.3968087e-05,3.7834086e-06
20011,2024-02-13,1,D0,1,D0,1,D0,True,0.2780216,0.68772006,0.033932067,0.00029154978,3.06955e-05,4.0360883e-06
20011,2024-02-20,1,D0,1,D0,1,D0,True,0.13111083,0.78318524,0.08493805,0.0007127899,4.8323953e-05,4.6845553e-06
20011,2024-02-27,1,D0,1,D0,1,D0,True,0.07528807,0.7946712,0.12872262,0.0012425319,7.054712e-05,5.012542e-06
20011,2024-03-05,1,D0,1,D0,1,D0,True,0.015543506,0.7147705,0.2655211,0.0040137265,0.00014608372,5.147176e-06
20011,2024-03-12,1,D0,1,D0,1,D0,True,0.013795805,0.7093411,0.2729553,0.003775047,0.0001285186,4.2605902e-06
20011,2024-03-19,1,D0,1,D0,1,D0,True,0.014430285,0.7071644,0.27477214,0.0034972955,0.0001315226,4.264791e-06
20011,2024-03-26,1,D0,1,D0,1,D0,True,0.02507423,0.7246544,0.24750549,0.0026372836,0.00012305679,5.548585e-06
20011,2024-04-02,1,D0,1,D0,1,D0,True,0.02100417,0.69213825,0.28279066,0.003868069,0.00019060055,8.241317e-06
20011,2024-04-09,1,D0,1,D0,1,D0,True,0.009069504,0.6333899,0.34993008,0.0072973995,0.00030234086,1.0804321e-05
20011,2024-04-16,1,D0,1,D0,1,D0,True,0.005715019,0.5981463,0.38514537,0.010576175,0.0004029894,1.4122575e-05
20011,2024-04-23,1,D0,1,D0,1,D0,True,0.0054038996,0.5787951,0.40159333,0.013615449,0.0005680044,2.4205297e-05
20011,2024-04-30,0,None,1,D0,1,D0,False,0.017220967,0.6041587,0.36472863,0.012952645,0.0008717796,6.7375884e-05
20011,2024-05-07,0,None,0,None,0,None,True,0.65611565,0.34253395,0.0013411468,6.334501e-06,1.8463076e-06,9.665341e-07
20011,2024-05-14,0,None,0,None,0,None,True,0.7553238,0.24416184,0.0005082937,3.597233e-06,1.7209549e-06,7.5339636e-07
20011,2024-05-21,0,None,0,None,0,None,True,0.79321015,0.2063161,0.00046566976,4.4162834e-06,2.6666441e-06,1.0266772e-06
20011,2024-05-28,0,None,0,None,0,None,True,0.8086973,0.19084136,0.00045112259,5.322706e-06,3.70957e-06,1.3072955e-06
20011,2024-06-04,0,None,0,None,0,None,True,0.79124063,0.20813982,0.0006068524,6.71276e-06,4.4096305e-06,1.5741174e-06
20011,2024-06-11,0,None,0,None,0,None,True,0.81442624,0.18502866,0.0005324875,6.418763e-06,4.4740973e-06,1.6878133e-06
20011,2024-06-18,0,None,0,None,0,None,True,0.7944457,0.20475417,0.000780372,1.0053987e-05,6.8059635e-06,2.825284e-06
20011,2024-06-25,0,None,0,None,0,None,True,0.7889799,0.21023586,0.00076547416,9.473136e-06,6.167962e-06,3.0607825e-06
20011,2024-07-02,0,None,0,None,0,None,True,0.7850016,0.2142121,0.0007644159,1.04919e-05,6.8681816e-06,4.4956723e-06
20011,2024-07-09,0,None,0,None,0,None,True,0.7376582,0.26128832,0.0010258373,1.3198616e-05,8.016811e-06,6.3820507e-06
20011,2024-07-16,0,None,0,None,0,None,True,0.6803825,0.31828424,0.0012961201,1.6771919e-05,1.0306406e-05,1.0084725e-05
20011,2024-07-23,0,None,0,None,0,None,True,0.6377155,0.36045754,0.0017700293,2.3499202e-05,1.45607255e-05,1.8796636e-05
20011,2024-07-30,1,D0,0,None,0,None,False,0.61642295,0.38139045,0.0020968623,3.0903364e-05,2.06475e-05,3.8120437e-05
20011,2024-08-06,1,D0,1,D0,1,D0,True,0.08150025,0.6449837,0.24828292,0.018923704,0.0029151966,0.003394216
20011,2024-08-13,2,D1,1,D0,1,D0,False,0.08837231,0.67434025,0.20991091,0.016986994,0.003574597,0.006814893
20011,2024-08-20,1,D0,2,D1,1,D0,True,0.0071597304,0.37212828,0.4144944,0.16465065,0.030491242,0.011075716
20011,2024-08-27,1,D0,1,D0,1,D0,True,0.048033006,0.5819473,0.27981806,0.05715768,0.013973504,0.01907038
20011,2024-09-03,1,D0,1,D0,1,D0,True,0.06699007,0.64143455,0.24037941,0.031021541,0.006955356,0.013219036
20011,2024-09-10,2,D1,1,D0,1,D0,False,0.06851483,0.6527897,0.23376289,0.027577782,0.0058536776,0.011501184
20011,2024-09-17,2,D1,1,D0,1,D0,False,0.010772195,0.42526716,0.39790747,0.13612068,0.021104766,0.008827768
20011,2024-09-24,1,D0,2,D1,2,D1,False,0.0015049974,0.13619952,0.44048253,0.34458846,0.06395874,0.013265788
20011,2024-10-01,1,D0,1,D0,1,D0,True,0.020758953,0.3903456,0.3486396,0.17789856,0.042464916,0.019892374
20011,2024-10-08,2,D1,1,D0,1,D0,False,0.016922642,0.37707788,0.36935934,0.18399219,0.038669627,0.013978321
20011,2024-10-15,2,D1,3,D2,3,D2,False,0.00041380269,0.03712217,0.3585503,0.44469532,0.13884343,0.020374924
20011,2024-10-22,2,D1,3,D2,3,D2,False,0.00015391437,0.009623999,0.24154453,0.46461475,0.24994038,0.034122497
20011,2024-10-29,3,D2,3,D2,3,D2,True,0.0001978449,0.010358324,0.19933912,0.48436987,0.26906303,0.036671806
20011,2024-11-05,2,D1,3,D2,3,D2,False,0.0027970497,0.054416604,0.25770292,0.37245178,0.25772953,0.05490211
20011,2024-11-12,1,D0,2,D1,4,D3,False,0.024759548,0.17903246,0.28579417,0.22188383,0.24281418,0.045715805
20011,2024-11-19,1,D0,1,D0,1,D0,True,0.29112715,0.51906115,0.122823246,0.028974036,0.032388598,0.0056258235
20011,2024-11-26,1,D0,1,D0,1,D0,True,0.45806056,0.5152946,0.024011718,0.0014270815,0.0010082971,0.00019769995
20011,2024-12-03,1,D0,1,D0,1,D0,True,0.37254092,0.5964416,0.02933301,0.0010999389,0.0005163214,6.82192e-05
20011,2024-12-10,1,D0,1,D0,1,D0,True,0.2337977,0.71585524,0.048474953,0.0013748903,0.00045847098,3.8839833e-05
20011,2024-12-17,1,D0,1,D0,1,D0,True,0.099354886,0.7920392,0.10598131,0.0021835805,0.00041784864,2.2996473e-05
20011,2024-12-24,1,D0,1,D0,1,D0,True,0.087693565,0.8132154,0.097575486,0.0013045258,0.00019802268,1.3028815e-05
20011,2024-12-31,2,D1,1,D0,1,D0,False,0.08231179,0.81757253,0.09895608,0.0010252774,0.00012538508,8.923978e-06
20011,2025-01-07,2,D1,1,D0,1,D0,False,0.0027333547,0.5485479,0.41819197,0.028460527,0.0020413862,2.4906036e-05
20011,2025-01-14,2,D1,2,D1,2,D1,True,0.00064551027,0.36828765,0.55082655,0.07581329,0.0044052694,2.1742471e-05
20011,2025-01-21,2,D1,2,D1,2,D1,True,0.00044796703,0.30039853,0.5880388,0.10445023,0.0066365013,2.7960956e-05
20011,2025-01-28,2,D1,2,D1,2,D1,True,0.00032861967,0.25553852,0.60696083,0.12856454,0.008575668,3.188043e-05
20011,2025-02-04,2,D1,2,D1,2,D1,True,0.00016586957,0.19237314,0.62561375,0.170462,0.011346391,3.8850754e-05
20011,2025-02-11,2,D1,2,D1,2,D1,True,8.860893e-05,0.14732431,0.6164606,0.2206538,0.015421968,5.0723465e-05
20011,2025-02-18,2,D1,2,D1,2,D1,True,9.071984e-05,0.13613576,0.59407765,0.24769941,0.021905499,9.1016904e-05
20011,2025-02-25,2,D1,2,D1,2,D1,True,8.878009e-05,0.12778863,0.58419305,0.25838304,0.029405521,0.00014093379
20011,2025-03-04,2,D1,2,D1,2,D1,True,8.175043e-05,0.11001179,0.5731318,0.27758548,0.038949918,0.00023921632
20011,2025-03-11,1,D0,2,D1,2,D1,False,9.831575e-05,0.08856863,0.548791,0.30104303,0.060875032,0.000623969
20011,2025-03-18,1,D0,1,D0,1,D0,True,0.030573696,0.48714656,0.35877398,0.08047781,0.041849934,0.0011780417
20011,2025-03-25,1,D0,1,D0,1,D0,True,0.11614294,0.6852286,0.1818392,0.012405418,0.004207543,0.00017636002
20011,2025-04-01,1,D0,1,D0,1,D0,True,0.15110216,0.72177327,0.12313437,0.003229312,0.0007063734,5.449716e-05
20011,2025-04-08,0,None,1,D0,1,D0,False,0.15397501,0.71721447,0.1259831,0.0023633633,0.00040971822,5.4332766e-05
20011,2025-04-15,0,None,0,None,0,None,True,0.5860953,0.41046932,0.0034003023,2.3623525e-05,1.0099151e-05,1.3786596e-06
20011,2025-04-22,0,None,0,None,0,None,True,0.65698755,0.34151563,0.0014793169,1.1342835e-05,4.9677956e-06,1.2479123e-06
20011,2025-04-29,0,None,0,None,0,None,True,0.68123883,0.31750023,0.0012359408,1.6408838e-05,6.0915627e-06,2.5454467e-06
20011,2025-05-06,0,None,0,None,0,None,True,0.66964436,0.32870048,0.0016216137,2.1982003e-05,8.193147e-06,3.3168408e-06
20011,2025-05-13,0,None,0,None,0,None,True,0.6671432,0.33071336,0.002097314,3.0195075e-05,1.112774e-05,4.8568963e-06
20011,2025-05-20,0,None,0,None,0,None,True,0.6968719,0.30168307,0.0014093834,2.2486942e-05,8.589225e-06,4.624119e-06
20011,2025-05-27,0,None,0,None,0,None,True,0.7037946,0.29478624,0.0013796439,2.4588147e-05,9.302299e-06,5.641979e-06
20011,2025-06-03,0,None,0,None,0,None,True,0.72027314,0.27851248,0.0011742631,2.4229375e-05,9.440576e-06,6.366515e-06
20011,2025-06-10,0,None,0,None,0,None,True,0.720406,0.2783721,0.0011761296,2.6743604e-05,1.1089774e-05,7.887215e-06
20011,2025-06-17,0,None,0,None,0,None,True,0.7308587,0.26804608,0.0010451948,2.840821e-05,1.2401469e-05,9.323753e-06
20011,2025-06-24,0,None,0,None,0,None,True,0.7218213,0.2770484,0.0010795604,2.8063674e-05,1.3457792e-05,9.200192e-06
20011,2025-07-01,0,None,0,None,0,None,True,0.73076665,0.26812866,0.0010538773,2.6710719e-05,1.4340056e-05,9.71052e-06
20011,2025-07-08,0,None,0,None,0,None,True,0.7115384,0.28716454,0.0012429405,2.7332935e-05,1.6295096e-05,1.0434373e-05
20011,2025-07-15,0,None,0,None,0,None,True,0.7133321,0.28542414,0.0011875948,2.60704e-05,1.7227752e-05,1.2812276e-05
20011,2025-07-22,0,None,0,None,0,None,True,0.72418004,0.27475753,0.0010057807,2.37929e-05,1.7634566e-05,1.5218411e-05
20011,2025-07-29,0,None,0,None,0,None,True,0.74000114,0.25903258,0.00090698607,2.2051041e-05,1.6464925e-05,2.067856e-05
20011,2025-08-05,0,None,0,None,0,None,True,0.72441554,0.27454552,0.00096769445,2.5423335e-05,1.8270242e-05,2.7519949e-05
20011,2025-08-12,0,None,0,None,0,None,True,0.7228568,0.2760355,0.0010121021,2.8302027e-05,2.1130792e-05,4.621159e-05
20011,2025-08-19,0,None,0,None,0,None,True,0.7111088,0.28792655,0.00086102035,2.9863242e-05,2.390413e-05,4.9852755e-05
20011,2025-08-26,0,None,0,None,0,None,True,0.68987095,0.30917603,0.000831338,2.976152e-05,2.7157032e-05,6.472208e-05
20011,2025-09-02,0,None,0,None,0,None,True,0.72797567,0.27136573,0.00056097587,2.0963776e-05,2.0840227e-05,5.5797944e-05
20011,2025-09-09,0,None,0,None,0,None,True,0.72494715,0.2744571,0.000499805,1.803672e-05,2.0169313e-05,5.7772257e-05
20011,2025-09-16,1,D0,0,None,0,None,False,0.7217444,0.27767608,0.0004823306,1.7223047e-05,1.9267183e-05,6.068627e-05
20011,2025-09-23,1,D0,1,D0,1,D0,True,0.4248534,0.5176114,0.05075119,0.0024811851,0.00114696,0.0031558436
20011,2025-09-30,1,D0,1,D0,1,D0,True,0.16614945,0.55088764,0.23306069,0.03025881,0.0069227084,0.012720728
20011,2025-10-07,1,D0,1,D0,1,D0,True,0.07545968,0.5740736,0.29950976,0.04191523,0.0053428207,0.0036989178
20011,2025-10-14,2,D1,1,D0,1,D0,False,0.017456206,0.49135166,0.4117802,0.07117728,0.007291637,0.0009430416
20011,2025-10-21,2,D1,2,D1,2,D1,True,0.0007556832,0.21619159,0.5114738,0.25014645,0.021025037,0.00040748462
20011,2025-10-28,2,D1,2,D1,2,D1,True,0.0003842497,0.12654077,0.5191221,0.31570807,0.037698448,0.0005462864
20011,2025-11-04,2,D1,2,D1,2,D1,True,0.0002040332,0.07514667,0.50413156,0.36006793,0.059717562,0.000732299
20011,2025-11-11,2,D1,2,D1,2,D1,True,7.358801e-05,0.044973392,0.46613696,0.40466082,0.08327731,0.0008778975
20011,2025-11-18,2,D1,2,D1,2,D1,True,0.00010203011,0.06210558,0.47627723,0.37212548,0.088392876,0.0009967482
20011,2025-11-25,2,D1,2,D1,2,D1,True,0.00026520455,0.10396632,0.48473385,0.33293673,0.07721781,0.0008801423
20011,2025-12-02,2,D1,2,D1,2,D1,True,0.00072146475,0.16839968,0.49943885,0.2709984,0.059811,0.00063059316
20011,2025-12-09,2,D1,2,D1,2,D1,True,0.0003833685,0.14644243,0.5162343,0.29483017,0.04176776,0.00034195356
20011,2025-12-16,2,D1,2,D1,2,D1,True,0.00035542046,0.1587006,0.53112566,0.27408874,0.035455596,0.00027397543
20011,2025-12-23,2,D1,2,D1,2,D1,True,5.3540523e-05,0.06989161,0.5176194,0.38370264,0.028561143,0.00017168741
20011,2025-12-30,2,D1,2,D1,2,D1,True,3.3375978e-05,0.044721577,0.49225187,0.43431443,0.028504252,0.00017449705
20013,2022-01-04,0,None,0,None,0,None,True,0.5793428,0.4177612,0.0028807258,8.600237e-06,4.7477356e-06,1.9288857e-06
20013,2022-01-11,0,None,0,None,0,None,True,0.59037435,0.40679753,0.0028143018,7.835541e-06,4.3760506e-06,1.6426866e-06
20013,2022-01-18,0,None,0,None,0,None,True,0.59097797,0.40603805,0.0029697483,8.089308e-06,4.440119e-06,1.7540933e-06
20013,2022-01-25,0,None,0,None,0,None,True,0.58924073,0.40735874,0.003385497,8.557925e-06,4.360427e-06,2.0796967e-06
20013,2022-02-01,0,None,0,None,0,None,True,0.5725055,0.42294142,0.0045311935,1.2437559e-05,5.308483e-06,4.1958374e-06
20013,2022-02-08,0,None,0,None,0,None,True,0.57710207,0.41880816,0.0040687188,1.1683197e-05,5.3095227e-06,4.0442483e-06
20013,2022-02-15,0,None,0,None,1,D0,False,0.5288631,0.4655171,0.0055880016,1.7398204e-05,7.629486e-06,6.7752194e-06
20013,2022-02-22,0,None,0,None,1,D0,False,0.5030965,0.48926172,0.0076079057,1.932785e-05,8.509214e-06,5.993196e-06
20013,2022-03-01,1,D0,1,D0,1,D0,True,0.40971798,0.57285696,0.01734963,4.593177e-05,1.855535e-05,1.0950363e-05
20013,2022-03-08,1,D0,1,D0,1,D0,True,0.014122754,0.6503211,0.32991812,0.0052038836,0.00036821465,6.58984e-05
20013,2022-03-15,2,D1,1,D0,1,D0,False,0.006234861,0.6204456,0.36489317,0.007919769,0.0004214325,8.5151376e-05
20013,2022-03-22,1,D0,2,D1,2,D1,False,0.00079274544,0.35220072,0.56568396,0.0790461,0.0021257964,0.00015072421
20013,2022-03-29,0,None,1,D0,1,D0,False,0.007209798,0.5740754,0.39794916,0.01959217,0.00096476,0.00020869875
20013,2022-04-05,0,None,1,D0,1,D0,False,0.45540637,0.5363052,0.008230795,4.4086533e-05,8.283559e-06,5.261084e-06
20013,2022-04-12,0,None,0,None,0,None,True,0.63138694,0.36640173,0.0021944984,1.1180248e-05,3.439284e-06,2.2240613e-06
20013,2022-04-19,0,None,0,None,0,None,True,0.6081806,0.3887959,0.0029995865,1.5538335e-05,5.6072768e-06,2.8049794e-06
20013,2022-04-26,0,None,0,None,0,None,True,0.63415754,0.36378452,0.002041121,1.0283025e-05,4.444657e-06,2.0749937e-06
20013,2022-05-03,0,None,0,None,0,None,True,0.6537991,0.34486553,0.0013232534,6.9920425e-06,3.7759303e-06,1.4164274e-06
20013,2022-05-10,0,None,0,None,0,None,True,0.6850524,0.31396633,0.0009684739,7.0257283e-06,3.799886e-06,1.9261183e-06
20013,2022-05-17,0,None,0,None,0,None,True,0.68852913,0.31041571,0.0010390457,8.778066e-06,4.8221596e-06,2.455664e-06
20013,2022-05-24,0,None,0,None,0,None,True,0.69865966,0.30028722,0.0010344153,1.0193575e-05,5.760414e-06,2.8020622e-06
20013,2022-05-31,0,None,0,None,0,None,True,0.72255695,0.27656695,0.0008559929,1.1040559e-05,5.6026433e-06,3.4750633e-06
20013,2022-06-07,0,None,0,None,0,None,True,0.7265766,0.27247432,0.0009258093,1.2759423e-05,6.5161485e-06,4.0498953e-06
20013,2022-06-14,0,None,0,None,0,None,True,0.7251138,0.27375808,0.0010963671,1.720246e-05,8.29223e-06,6.2701038e-06
20013,2022-06-21,0,None,0,None,0,None,True,0.7217339,0.27696893,0.0012620063,1.9399544e-05,8.720209e-06,7.088493e-06
20013,2022-06-28,0,None,0,None,0,None,True,0.7236274,0.27504134,0.0012925678,2.1093287e-05,8.812222e-06,8.825713e-06
20013,2022-07-05,0,None,0,None,0,None,True,0.71128386,0.28716767,0.001510398,2.1226315e-05,8.754886e-06,8.131258e-06
20013,2022-07-12,0,None,0,None,0,None,True,0.6767686,0.32065412,0.0025262937,2.9169112e-05,1.1490386e-05,1.0309134e-05
20013,2022-07-19,0,None,0,None,0,None,True,0.6555527,0.3406747,0.0037110539,3.5951372e-05,1.3861481e-05,1.1785399e-05
20013,2022-07-26,0,None,0,None,0,None,True,0.666606,0.3307671,0.0025870437,2.3007577e-05,9.031567e-06,7.7226205e-06
20013,2022-08-02,0,None,0,None,0,None,True,0.6960006,0.30236503,0.0016050354,1.6310778e-05,6.5733157e-06,6.471702e-06
20013,2022-08-09,0,None,0,None,0,None,True,0.6951758,0.30301213,0.0017796237,1.7827166e-05,7.4431646e-06,7.117493e-06
20013,2022-08-16,0,None,0,None,0,None,True,0.6489688,0.34708747,0.0038881723,3.253031e-05,1.2333192e-05,1.0695139e-05
20013,2022-08-23,0,None,0,None,0,None,True,0.67219985,0.32536104,0.0024022658,2.0968813e-05,8.532575e-06,7.372261e-06
20013,2022-08-30,1,D0,0,None,0,None,False,0.6376175,0.35808364,0.004252413,2.7348315e-05,1.070378e-05,8.351749e-06
20013,2022-09-06,1,D0,1,D0,1,D0,True,0.011720623,0.50894207,0.45929712,0.018848477,0.0010723994,0.00011924894
20013,2022-09-13,1,D0,1,D0,1,D0,True,0.004008145,0.4843092,0.48379126,0.026758216,0.0010796863,5.351139e-05
20013,2022-09-20,2,D1,2,D1,2,D1,True,0.0011931348,0.3774034,0.56135136,0.058041956,0.0019497268,6.038022e-05
20013,2022-09-27,2,D1,2,D1,2,D1,True,0.00011195247,0.16184404,0.59359384,0.23727359,0.0071013262,7.526548e-05
20013,2022-10-04,2,D1,2,D1,2,D1,True,4.876887e-05,0.0723907,0.5663486,0.34718227,0.013876491,0.00015321671
20013,2022-10-11,2,D1,2,D1,2,D1,True,4.7799727e-05,0.04035883,0.50124276,0.42935058,0.02857071,0.00042940603
20013,2022-10-18,3,D2,3,D2,3,D2,True,5.2170424e-05,0.021391792,0.40669236,0.5040364,0.066429146,0.0013981729
20013,2022-10-25,3,D2,3,D2,3,D2,True,4.654601e-05,0.007861537,0.24260008,0.5795917,0.16385932,0.006040821
20013,2022-11-01,3,D2,3,D2,3,D2,True,5.993496e-05,0.005221683,0.16526899,0.5512334,0.2616343,0.016581655
20013,2022-11-08,2,D1,3,D2,3,D2,False,9.810567e-05,0.0061309184,0.14425962,0.510528,0.31226158,0.026721662
20013,2022-11-15,2,D1,3,D2,4,D3,False,0.00013866671,0.005958308,0.11983018,0.47462025,0.35742956,0.04202308
20013,2022-11-22,2,D1,3,D2,4,D3,False,0.00013259413,0.0050427034,0.10604048,0.4630774,0.3789103,0.046796545
20013,2022-11-29,2,D1,3,D2,4,D3,False,0.00020951395,0.0069607287,0.11718525,0.42872563,0.4009939,0.04592495
20013,2022-12-06,2,D1,4,D3,4,D3,False,0.00026013138,0.007776219,0.11926943,0.41173998,0.4170947,0.04385955
20013,2022-12-13,2,D1,4,D3,4,D3,False,0.0002689346,0.007727446,0.119631484,0.40755233,0.42150894,0.043310847
20013,2022-12-20,2,D1,4,D3,4,D3,False,0.0003270169,0.009491887,0.13237302,0.391891,0.42783794,0.03807912
20013,2022-12-27,2,D1,4,D3,4,D3,False,0.00041700428,0.01225874,0.14967681,0.38750386,0.41502535,0.035118207
20013,2023-01-03,2,D1,4,D3,4,D3,False,0.00082694815,0.025122615,0.20146422,0.36167908,0.38432524,0.026581915
20013,2023-01-10,2,D1,3,D2,4,D3,False,0.0006508962,0.019796565,0.19926906,0.38578367,0.36719558,0.027304197
20013,2023-01-17,2,D1,3,D2,4,D3,False,0.0012469962,0.027810752,0.22052407,0.38553247,0.3311194,0.03376638
20013,2023-01-24,2,D1,3,D2,4,D3,False,0.0037613402,0.056510985,0.26186392,0.3594136,0.28263226,0.035817917
20013,2023-01-31,2,D1,3,D2,3,D2,False,0.002444649,0.042945333,0.2599442,0.39306933,0.2619879,0.039608635
20013,2023-02-07,2,D1,3,D2,3,D2,False,0.0011843849,0.025651673,0.24264857,0.41498634,0.27195776,0.043571204
20013,2023-02-14,1,D0,3,D2,4,D3,False,0.0015111694,0.027813721,0.24611698,0.3894355,0.28898174,0.04614088
20013,2023-02-21,0,None,1,D0,1,D0,False,0.21074145,0.37722188,0.22356702,0.085643455,0.09002045,0.012805762
20013,2023-02-28,0,None,0,None,0,None,True,0.63347834,0.35895184,0.007262519,0.0001599935,0.00013725122,1.00894285e-05
20013,2023-03-07,0,None,0,None,0,None,True,0.70807624,0.29057962,0.0013246146,1.0981576e-05,7.931276e-06,6.504039e-07
20013,2023-03-14,0,None,0,None,0,None,True,0.71917266,0.27983534,0.0009834172,5.0937792e-06,3.2970313e-06,2.8373478e-07
20013,2023-03-21,0,None,0,None,0,None,True,0.70209056,0.2965906,0.0013084057,6.7827327e-06,3.273821e-06,4.0118636e-07
20013,2023-03-28,0,None,0,None,0,None,True,0.6610453,0.33655778,0.0023779967,1.2865815e-05,5.175455e-06,7.7688446e-07
20013,2023-04-04,0,None,0,None,0,None,True,0.6406911,0.3559544,0.0033285026,1.7744629e-05,7.1606582e-06,1.1009472e-06
20013,2023-04-11,0,None,0,None,0,None,True,0.588647,0.40407148,0.007220767,4.2043066e-05,1.6259271e-05,2.3781977e-06
20013,2023-04-18,0,None,0,None,0,None,True,0.5905084,0.40267065,0.0067669526,3.7710335e-05,1.3951189e-05,2.322058e-06
20013,2023-04-25,0,None,0,None,0,None,True,0.5744022,0.4181542,0.007387838,3.9440936e-05,1.3727296e-05,2.5767404e-06
20013,2023-05-02,0,None,0,None,0,None,True,0.58144385,0.4125776,0.0059365244,2.9658579e-05,1.0214972e-05,2.1373737e-06
20013,2023-05-09,0,None,0,None,0,None,True,0.6084924,0.3874933,0.003983677,2.1428928e-05,7.473723e-06,1.6674733e-06
20013,2023-05-16,0,None,0,None,0,None,True,0.6502664,0.34760886,0.0021045825,1.389224e-05,4.691124e-06,1.5616537e-06
20013,2023-05-23,0,None,0,None,0,None,True,0.68121034,0.3170957,0.0016699939,1.6167622e-05,5.580953e-06,2.2395618e-06
20013,2023-05-30,0,None,0,None,0,None,True,0.67049336,0.32737282,0.0020998465,2.3077282e-05,7.882923e-06,3.0286026e-06
20013,2023-06-06,0,None,0,None,0,None,True,0.69008154,0.30817252,0.0017116248,2.2917895e-05,7.943391e-06,3.4162636e-06
20013,2023-06-13,0,None,0,None,0,None,True,0.68912387,0.3089826,0.0018483816,2.9727618e-05,1.0742999e-05,4.6193163e-06
20013,2023-06-20,1,D0,0,None,0,None,False,0.67999905,0.3177607,0.0021854914,3.5615383e-05,1.3374226e-05,5.6897234e-06
20013,2023-06-27,2,D1,1,D0,1,D0,False,0.22388782,0.5811637,0.18326952,0.009212549,0.0018816157,0.00058485795
20013,2023-07-04,2,D1,2,D1,2,D1,True,0.0011283285,0.20117633,0.51449746,0.25491008,0.02697058,0.0013172522
20013,2023-07-11,2,D1,2,D1,2,D1,True,0.0006845094,0.13384603,0.50182307,0.31741944,0.0432242,0.0030027158
20013,2023-07-18,2,D1,2,D1,2,D1,True,0.0015914044,0.16029206,0.47494373,0.3071391,0.050249167,0.005784581
20013,2023-07-25,2,D1,2,D1,2,D1,True,0.0012953883,0.15898815,0.46987706,0.31273776,0.05062217,0.006479472
20013,2023-08-01,1,D0,2,D1,2,D1,False,0.0016142164,0.17846929,0.43975076,0.30963776,0.06159607,0.008931959
20013,2023-08-08,1,D0,2,D1,1,D0,True,0.010393003,0.30158502,0.37516716,0.23243636,0.063699014,0.016719444
20013,2023-08-15,1,D0,1,D0,1,D0,True,0.19055144,0.5412205,0.20511182,0.040612392,0.01186388,0.01063991
20013,2023-08-22,1,D0,1,D0,1,D0,True,0.1759064,0.58983153,0.19258523,0.026177146,0.0063633346,0.009136321
20013,2023-08-29,0,None,1,D0,1,D0,False,0.1385547,0.6267104,0.18809336,0.026494607,0.0068922364,0.013254728
20013,2023-09-05,0,None,0,None,0,None,True,0.5533897,0.44476205,0.001690082,3.7063077e-05,2.6372221e-05,9.4726594e-05
20013,2023-09-12,0,None,0,None,1,D0,False,0.5090906,0.487038,0.003539519,6.94515e-05,5.063403e-05,0.00021177602
20013,2023-09-19,0,None,0,None,1,D0,False,0.5027086,0.49386248,0.003104023,5.086159e-05,4.0410607e-05,0.00023365527
20013,2023-09-26,0,None,0,None,1,D0,False,0.5103894,0.48582104,0.0035477504,4.457243e-05,3.326698e-05,0.00016393428
20013,2023-10-03,1,D0,0,None,1,D0,True,0.5176324,0.47763222,0.0045511913,4.5087596e-05,3.0183612e-05,0.00010897103
20013,2023-10-10,1,D0,1,D0,1,D0,True,0.069340594,0.63574344,0.267343,0.024324242,0.0023736565,0.00087510265
20013,2023-10-17,1,D0,1,D0,1,D0,True,0.008766132,0.5085482,0.42796785,0.05207503,0.0024274956,0.00021531443
20013,2023-10-24,1,D0,1,D0,1,D0,True,0.004316272,0.5001342,0.45039454,0.043485433,0.0016157643,5.3764998e-05
20013,2023-10-31,1,D0,1,D0,1,D0,True,0.006839016,0.61366844,0.3610105,0.017809981,0.0006518361,2.0314134e-05
20013,2023-11-07,1,D0,1,D0,1,D0,True,0.0049456945,0.6234558,0.35478255,0.016319336,0.00048456786,1.2049782e-05
20013,2023-11-14,2,D1,1,D0,1,D0,False,0.0020556154,0.544732,0.42735752,0.02523186,0.000614225,8.78292e-06
20013,2023-11-21,2,D1,2,D1,2,D1,True,8.6150845e-05,0.18372722,0.63113946,0.18160011,0.003428253,1.8823437e-05
20013,2023-11-28,2,D1,2,D1,2,D1,True,4.0439714e-05,0.12386325,0.636886,0.2343726,0.004818224,1.9387355e-05
20013,2023-12-05,2,D1,2,D1,2,D1,True,3.5623998e-05,0.10005972,0.61413383,0.27900228,0.006743197,2.5358451e-05
20013,2023-12-12,2,D1,2,D1,2,D1,True,4.3529453e-05,0.09901619,0.60411507,0.2882249,0.008563398,3.6966867e-05
20013,2023-12-19,2,D1,2,D1,2,D1,True,8.650439e-05,0.11746977,0.60266227,0.26875687,0.01095309,7.1457085e-05
20013,2023-12-26,2,D1,2,D1,2,D1,True,0.00020163612,0.15280943,0.5896025,0.24163072,0.015603485,0.00015225948
20013,2024-01-02,2,D1,2,D1,2,D1,True,0.000201834,0.14266871,0.58164686,0.25565517,0.019566309,0.00026117705
20013,2024-01-09,2,D1,2,D1,2,D1,True,0.00048017458,0.15652543,0.55414826,0.25157666,0.03621049,0.0010590315
20013,2024-01-16,2,D1,2,D1,2,D1,True,0.0006988254,0.14646919,0.52107346,0.27230832,0.056419782,0.003030408
20013,2024-01-23,2,D1,2,D1,2,D1,True,0.0005661343,0.1326947,0.5241,0.28607225,0.052909244,0.0036577224
20013,2024-01-30,2,D1,2,D1,2,D1,True,0.0016062108,0.17383356,0.50316095,0.24966958,0.06482539,0.006904242
20013,2024-02-06,2,D1,2,D1,2,D1,True,0.0027238626,0.19149406,0.4826477,0.2396543,0.0722822,0.0111978445
20013,2024-02-13,2,D1,2,D1,2,D1,True,0.0017273613,0.16121952,0.48893553,0.270895,0.063366435,0.013856115
20013,2024-02-20,2,D1,2,D1,2,D1,True,0.0008540793,0.1259351,0.5078443,0.29296878,0.060585342,0.011812344
20013,2024-02-27,2,D1,2,D1,2,D1,True,0.0005632438,0.10510163,0.5014425,0.30857956,0.0726596,0.011653446
20013,2024-03-05,2,D1,2,D1,2,D1,True,0.000394832,0.09029892,0.48170626,0.329119,0.08665065,0.011830355
20013,2024-03-12,2,D1,2,D1,2,D1,True,0.0004519158,0.0860415,0.4479376,0.33775938,0.114197776,0.013611845
20013,2024-03-19,2,D1,2,D1,2,D1,True,0.0004549535,0.07686475,0.4173294,0.3474166,0.14306992,0.014864352
20013,2024-03-26,2,D1,2,D1,2,D1,True,0.00042518115,0.05923391,0.3809701,0.36504367,0.17449348,0.019833691
20013,2024-04-02,2,D1,3,D2,3,D2,False,0.00031359002,0.033454247,0.316162,0.39647356,0.22314309,0.030453581
20013,2024-04-09,2,D1,3,D2,3,D2,False,0.0001749923,0.009469761,0.19659217,0.43059275,0.3025245,0.060645796
20013,2024-04-16,2,D1,3,D2,4,D3,False,0.00010195813,0.0025405674,0.10064439,0.41460457,0.36789608,0.11421246
20013,2024-04-23,2,D1,3,D2,4,D3,False,0.00010994515,0.0019418622,0.07953892,0.37794447,0.37218755,0.1682773
20013,2024-04-30,2,D1,4,D3,4,D3,False,0.0033242763,0.0353994,0.1681108,0.30440158,0.3264465,0.16231754
20013,2024-05-07,1,D0,4,D3,4,D3,False,0.048083525,0.16176477,0.21230298,0.21801782,0.25337753,0.10645339
20013,2024-05-14,0,None,1,D0,1,D0,False,0.35361615,0.5006472,0.110937916,0.018643627,0.013021414,0.003133696
20013,2024-05-21,0,None,0,None,0,None,True,0.5934205,0.39987454,0.00642227,0.00016108333,8.988367e-05,3.167853e-05
20013,2024-05-28,0,None,0,None,0,None,True,0.71422726,0.28504005,0.0007096311,1.10950095e-05,8.111355e-06,3.8330163e-06
20013,2024-06-04,0,None,0,None,0,None,True,0.7294055,0.26991433,0.00066169945,8.287043e-06,7.192152e-06,2.898469e-06
20013,2024-06-11,0,None,0,None,0,None,True,0.7486322,0.25069404,0.0006563674,7.1460154e-06,7.60873e-06,2.6524053e-06
20013,2024-06-18,0,None,0,None,0,None,True,0.7644915,0.2345619,0.0009223668,8.666348e-06,1.1468974e-05,4.01123e-06
20013,2024-06-25,0,None,0,None,0,None,True,0.8031303,0.19599524,0.0008481803,8.464382e-06,1.1930649e-05,5.796722e-06
20013,2024-07-02,0,None,0,None,0,None,True,0.7732264,0.22564833,0.001095755,1.08690365e-05,1.1525724e-05,7.067843e-06
20013,2024-07-09,0,None,0,None,0,None,True,0.72379297,0.27451867,0.0016584477,1.3540574e-05,1.0744984e-05,5.5672467e-06
20013,2024-07-16,0,None,0,None,0,None,True,0.70485705,0.29297328,0.0021371834,1.5945492e-05,1.1056037e-05,5.4638363e-06
20013,2024-07-23,0,None,0,None,0,None,True,0.6668423,0.3297948,0.0033180672,2.3422162e-05,1.4043699e-05,7.2924763e-06
20013,2024-07-30,0,None,0,None,0,None,True,0.6458538,0.34979516,0.004295307,3.0067004e-05,1.6520275e-05,9.178806e-06
20013,2024-08-06,1,D0,1,D0,1,D0,True,0.350192,0.5767521,0.072001345,0.0007645484,0.00020812498,8.178542e-05
20013,2024-08-13,1,D0,1,D0,1,D0,True,0.037136164,0.66294146,0.29159,0.0074368124,0.0008106571,8.48596e-05
20013,2024-08-20,2,D1,1,D0,1,D0,False,0.032453377,0.6795241,0.28029025,0.006966042,0.00070017803,6.5954e-05
20013,2024-08-27,2,D1,2,D1,2,D1,True,0.00066118856,0.28779778,0.5752286,0.13031961,0.005870516,0.00012236003
20013,2024-09-03,2,D1,2,D1,2,D1,True,0.00030388948,0.2115316,0.55926657,0.21888989,0.00982983,0.00017824072
20013,2024-09-10,2,D1,2,D1,2,D1,True,0.0002628628,0.17225347,0.5257036,0.28308135,0.018327259,0.00037143915
20013,2024-09-17,2,D1,2,D1,2,D1,True,0.00032362746,0.12535399,0.47228855,0.35867238,0.04219694,0.0011645352
20013,2024-09-24,2,D1,3,D2,2,D1,True,0.00029728233,0.06008834,0.38881633,0.43997476,0.10622878,0.004594475
20013,2024-10-01,2,D1,3,D2,3,D2,False,0.00011976001,0.017793445,0.30618823,0.4971753,0.17050596,0.008217368
20013,2024-10-08,2,D1,3,D2,3,D2,False,6.868385e-05,0.008077261,0.23859052,0.49618882,0.24428895,0.0127857635
20013,2024-10-15,3,D2,3,D2,3,D2,True,5.452528e-05,0.0047070347,0.16137516,0.4698948,0.33951873,0.024449762
20013,2024-10-22,3,D2,3,D2,4,D3,False,4.8949292e-05,0.002162738,0.09352039,0.43166143,0.41780934,0.054797158
20013,2024-10-29,3,D2,4,D3,4,D3,False,0.00011074661,0.0027103866,0.07836236,0.41048956,0.41980675,0.0885202
20013,2024-11-05,2,D1,3,D2,4,D3,False,0.0016385322,0.026741134,0.16046423,0.3921637,0.31808347,0.10090901
20013,2024-11-12,2,D1,3,D2,2,D1,True,0.0069972468,0.11149023,0.30455244,0.34439477,0.19918278,0.0333826
20013,2024-11-19,2,D1,2,D1,2,D1,True,0.0028850045,0.107732505,0.37614012,0.3710341,0.13209586,0.010112475
20013,2024-11-26,2,D1,2,D1,2,D1,True,0.001079076,0.10047542,0.42940593,0.37335014,0.0921815,0.0035078854
20013,2024-12-03,2,D1,2,D1,2,D1,True,0.00034303946,0.07735721,0.4573746,0.3972213,0.0660417,0.0016621535
20013,2024-12-10,2,D1,2,D1,2,D1,True,0.00018719278,0.06864256,0.47594842,0.39900896,0.055193357,0.001019504
20013,2024-12-17,2,D1,2,D1,2,D1,True,9.893812e-05,0.053598445,0.48605403,0.41149455,0.048116334,0.0006377083
20013,2024-12-24,2,D1,2,D1,2,D1,True,8.321429e-05,0.059114527,0.5133851,0.38630715,0.040681977,0.00042794104
20013,2024-12-31,2,D1,2,D1,2,D1,True,8.611487e-05,0.06814644,0.53778625,0.3546208,0.039064024,0.00029633325
20013,2025-01-07,2,D1,2,D1,2,D1,True,0.00011250182,0.08027826,0.5813309,0.29509407,0.042972542,0.0002118149
20013,2025-01-14,2,D1,2,D1,2,D1,True,9.480399e-05,0.07177547,0.57548267,0.30541953,0.047056105,0.00017147443
20013,2025-01-21,2,D1,2,D1,2,D1,True,9.09876e-05,0.06635747,0.56783336,0.31175995,0.0537879,0.00017032228
20013,2025-01-28,2,D1,2,D1,2,D1,True,7.894207e-05,0.05553093,0.5604156,0.3215178,0.062280733,0.00017596773
20013,2025-02-04,1,D0,2,D1,2,D1,False,8.6151944e-05,0.05292876,0.55062103,0.32451972,0.07164974,0.00019456734
20013,2025-02-11,1,D0,1,D0,1,D0,True,0.02843821,0.5638671,0.3579527,0.037044983,0.0126324,6.457256e-05
20013,2025-02-18,0,None,1,D0,1,D0,False,0.08609611,0.75165474,0.1588729,0.0027595798,0.0006109149,5.83657e-06
20013,2025-02-25,0,None,0,None,0,None,True,0.6578247,0.3400521,0.0021116144,6.8813083e-06,4.6088376e-06,1.2355973e-07
20013,2025-03-04,0,None,0,None,0,None,True,0.7065766,0.29211816,0.0012987426,3.4595353e-06,2.910202e-06,9.3123084e-08
20013,2025-03-11,0,None,0,None,0,None,True,0.7028111,0.29551703,0.0016643979,4.053983e-06,3.2533528e-06,9.9155386e-08
20013,2025-03-18,0,None,0,None,0,None,True,0.68746936,0.31007275,0.0024474282,5.8917626e-06,4.414216e-06,1.167052e-07
20013,2025-03-25,0,None,0,None,0,None,True,0.67135847,0.325777,0.0028516,7.1809745e-06,5.5366895e-06,1.6481725e-07
20013,2025-04-01,1,D0,0,None,0,None,False,0.6732889,0.3243812,0.0023183161,6.4035275e-06,5.0151734e-06,2.1754528e-07
20013,2025-04-08,0,None,1,D0,1,D0,False,0.10262447,0.73251486,0.16279942,0.0017029521,0.0003374055,2.0882006e-05
20013,2025-04-15,0,None,0,None,0,None,True,0.5753178,0.41866264,0.0059848954,2.316103e-05,9.92858e-06,1.4605075e-06
20013,2025-04-22,0,None,0,None,0,None,True,0.65307623,0.34506127,0.0018491212,8.203632e-06,4.312037e-06,8.4007047e-07
20013,2025-04-29,0,None,0,None,0,None,True,0.6475322,0.35042718,0.0020157075,1.575302e-05,6.9278426e-06,2.1210853e-06
20013,2025-05-06,1,D0,0,None,0,None,False,0.6201185,0.37649482,0.0033298272,3.788023e-05,1.3679867e-05,5.365815e-06
20013,2025-05-13,2,D1,1,D0,1,D0,False,0.18198138,0.600157,0.20745115,0.008545641,0.001246173,0.0006186165
20013,2025-05-20,2,D1,2,D1,1,D0,False,0.014507087,0.37857017,0.4707981,0.1213877,0.0117011,0.0030358967
20013,2025-05-27,2,D1,2,D1,2,D1,True,0.021286799,0.35096285,0.44776765,0.15246071,0.021692457,0.005829568
20013,2025-06-03,2,D1,2,D1,1,D0,False,0.03418723,0.34914398,0.40474573,0.16721636,0.034086876,0.010619765
20013,2025-06-10,2,D1,1,D0,1,D0,False,0.05733356,0.3545587,0.34940618,0.17143741,0.049130354,0.018133806
20013,2025-06-17,2,D1,1,D0,1,D0,False,0.055695012,0.31402916,0.3102089,0.20722716,0.083462566,0.029377257
20013,2025-06-24,2,D1,2,D1,1,D0,False,0.03312947,0.31329948,0.31494313,0.21684195,0.09794475,0.023841232
20013,2025-07-01,1,D0,2,D1,1,D0,True,0.019929951,0.29324567,0.32181403,0.22027619,0.12093912,0.023795055
20013,2025-07-08,1,D0,0,None,1,D0,True,0.52009517,0.45788237,0.019608764,0.0013040142,0.00078585325,0.0003239006
20013,2025-07-15,1,D0,0,None,0,None,False,0.5633279,0.4276895,0.008333025,0.0003421114,0.00019739066,0.00011012764
20013,2025-07-22,0,None,0,None,0,None,True,0.5930496,0.40180707,0.004842305,0.0001559152,8.721146e-05,5.7830577e-05
20013,2025-07-29,0,None,0,None,0,None,True,0.7173354,0.2820669,0.0005590712,1.528589e-05,1.24235e-05,1.085701e-05
20013,2025-08-05,0,None,0,None,0,None,True,0.7364694,0.26302344,0.00046749646,1.4050657e-05,1.2955185e-05,1.2590183e-05
20013,2025-08-12,0,None,0,None,0,None,True,0.72656775,0.27289668,0.000480128,1.6152719e-05,1.7234715e-05,2.2069662e-05
20013,2025-08-19,0,None,0,None,0,None,True,0.71822304,0.2812328,0.00046257678,1.7189055e-05,2.1762224e-05,4.2624826e-05
20013,2025-08-26,0,None,0,None,0,None,True,0.7090189,0.29040217,0.00047908255,1.8185454e-05,2.3028437e-05,5.8689824e-05
20013,2025-09-02,0,None,0,None,0,None,True,0.70134157,0.29787037,0.00063070277,2.626629e-05,3.2552638e-05,9.8603814e-05
20013,2025-09-09,0,None,0,None,0,None,True,0.68926793,0.30984122,0.0007122359,2.8959475e-05,3.5229645e-05,0.00011439559
20013,2025-09-16,1,D0,0,None,0,None,False,0.68644685,0.31254855,0.0007850492,3.1707834e-05,3.6601028e-05,0.0001512419
20013,2025-09-23,0,None,0,None,0,None,True,0.62762946,0.3698951,0.0019672054,7.862363e-05,7.29933e-05,0.0003565404
20013,2025-09-30,0,None,0,None,0,None,True,0.6515032,0.34671232,0.0014347571,5.2211795e-05,4.617144e-05,0.00025130046
20013,2025-10-07,0,None,0,None,0,None,True,0.6084284,0.388619,0.002574251,6.976817e-05,4.7585065e-05,0.00026097198
20013,2025-10-14,0,None,0,None,0,None,True,0.5955357,0.3996593,0.0044994866,8.450645e-05,3.742966e-05,0.00018360277
20013,2025-10-21,0,None,0,None,0,None,True,0.60866416,0.38656354,0.0046171686,5.9310045e-05,1.959768e-05,7.624208e-05
20013,2025-10-28,0,None,0,None,0,None,True,0.6117456,0.3841449,0.0039991513,4.5258315e-05,1.5327907e-05,4.9759805e-05
20013,2025-11-04,0,None,0,None,0,None,True,0.6000805,0.39545986,0.0043534297,4.652131e-05,1.7152419e-05,4.255694e-05
20013,2025-11-11,0,None,0,None,0,None,True,0.5592091,0.4314406,0.009114245,0.00010246141,3.790573e-05,9.568092e-05
20013,2025-11-18,0,None,0,None,0,None,True,0.6098513,0.3864967,0.0035432396,3.8899896e-05,1.9414838e-05,5.0521383e-05
20013,2025-11-25,0,None,0,None,0,None,True,0.6446674,0.35321406,0.002044869,2.3403722e-05,1.4666615e-05,3.5704626e-05
20013,2025-12-02,0,None,0,None,0,None,True,0.6614823,0.33697233,0.0014913051,1.7548204e-05,1.1870687e-05,2.4655676e-05
20013,2025-12-09,0,None,0,None,0,None,True,0.6192756,0.37671366,0.0039102505,4.37544e-05,2.180046e-05,3.491144e-05
20013,2025-12-16,0,None,0,None,0,None,True,0.63033575,0.36637717,0.0032152303,3.411703e-05,1.7279055e-05,2.0453332e-05
20013,2025-12-23,0,None,0,None,1,D0,False,0.50826496,0.47956586,0.011987395,0.000107687134,4.168913e-05,3.2369764e-05
20013,2025-12-30,0,None,1,D0,1,D0,False,0.42769647,0.55076075,0.021317754,0.00014471046,4.948347e-05,3.0886742e-05
20015,2022-01-04,0,None,0,None,1,D0,False,0.5096986,0.48250094,0.0077372473,3.0872005e-05,1.0356519e-05,2.2000148e-05
20015,2022-01-11,1,D0,1,D0,1,D0,True,0.46960604,0.5205132,0.009812036,3.5295197e-05,1.10993515e-05,2.232893e-05
20015,2022-01-18,1,D0,1,D0,1,D0,True,0.01844059,0.6531064,0.32395965,0.0038850852,0.00029642545,0.00031192746
20015,2022-01-25,1,D0,1,D0,1,D0,True,0.006865451,0.6239141,0.36308467,0.005687413,0.00028010996,0.00016816659
20015,2022-02-01,1,D0,1,D0,1,D0,True,0.0046850634,0.6020817,0.38515082,0.0076301205,0.00032664524,0.0001256436
20015,2022-02-08,1,D0,1,D0,1,D0,True,0.0041956436,0.5954299,0.39129117,0.00861217,0.00037255525,9.853917e-05
20015,2022-02-15,1,D0,1,D0,1,D0,True,0.0034159215,0.5748004,0.4101274,0.011098986,0.00046733627,8.995562e-05
20015,2022-02-22,1,D0,1,D0,1,D0,True,0.0031808298,0.56234366,0.42055446,0.013295945,0.0005457609,7.9292564e-05
20015,2022-03-01,1,D0,1,D0,1,D0,True,0.0036344763,0.56687975,0.4134702,0.015222137,0.00070843176,8.50373e-05
20015,2022-03-08,1,D0,1,D0,1,D0,True,0.0044323886,0.5837322,0.39668947,0.014327329,0.0007360451,8.2584724e-05
20015,2022-03-15,1,D0,1,D0,1,D0,True,0.005864478,0.60658115,0.37534958,0.011517442,0.0006023866,8.4948995e-05
20015,2022-03-22,0,None,1,D0,1,D0,False,0.015225439,0.6734357,0.30413952,0.0066988613,0.00042278488,7.7711884e-05
20015,2022-03-29,0,None,0,None,1,D0,False,0.4976582,0.49674022,0.0055695646,2.4391333e-05,5.5124387e-06,2.1547035e-06
20015,2022-04-05,0,None,0,None,0,None,True,0.6223313,0.3754858,0.002168914,9.904906e-06,2.7861572e-06,1.1852727e-06
20015,2022-04-12,0,None,0,None,0,None,True,0.6360821,0.3617832,0.0021192597,1.0825677e-05,3.373208e-06,1.2409765e-06
20015,2022-04-19,0,None,0,None,0,None,True,0.60277873,0.3936957,0.0034952261,2.1277268e-05,7.197572e-06,1.845861e-06
20015,2022-04-26,1,D0,0,None,0,None,False,0.62058043,0.3765522,0.0028419665,1.7503338e-05,6.391569e-06,1.5425967e-06
20015,2022-05-03,0,None,1,D0,1,D0,False,0.41669384,0.5541418,0.02876196,0.00030574054,7.808519e-05,1.853139e-05
20015,2022-05-10,0,None,0,None,0,None,True,0.6493272,0.34853983,0.0021106738,1.516119e-05,5.3516687e-06,1.6671801e-06
20015,2022-05-17,0,None,0,None,0,None,True,0.6896383,0.30859274,0.0017431101,1.7421875e-05,5.9612526e-06,2.3766518e-06
20015,2022-05-24,0,None,0,None,0,None,True,0.70442736,0.29403305,0.0015142114,1.6479884e-05,6.557295e-06,2.3018315e-06
20015,2022-05-31,0,None,0,None,0,None,True,0.72311944,0.275679,0.0011771615,1.5444954e-05,6.338257e-06,2.4904102e-06
20015,2022-06-07,0,None,0,None,0,None,True,0.73035973,0.26838294,0.0012313377,1.6295984e-05,7.024433e-06,2.61385e-06
20015,2022-06-14,0,None,0,None,0,None,True,0.72841054,0.27009666,0.0014591959,2.0931617e-05,8.963691e-06,3.740366e-06
20015,2022-06-21,0,None,0,None,0,None,True,0.7230574,0.27517074,0.0017351547,2.3009137e-05,9.671466e-06,4.009639e-06
20015,2022-06-28,0,None,0,None,0,None,True,0.7203776,0.27763897,0.0019415965,2.6980866e-05,1.0158133e-05,4.7371705e-06
20015,2022-07-05,0,None,0,None,0,None,True,0.70825815,0.28939012,0.002309905,2.7289068e-05,1.0140294e-05,4.379721e-06
20015,2022-07-12,0,None,0,None,0,None,True,0.67298627,0.32308853,0.0038690788,3.7517526e-05,1.3051909e-05,5.590183e-06
20015,2022-07-19,1,D0,0,None,0,None,False,0.658148,0.3365576,0.0052290894,4.3849377e-05,1.5189592e-05,6.2848753e-06
20015,2022-07-26,2,D1,1,D0,1,D0,False,0.046119425,0.6125996,0.32975426,0.0103135565,0.0010437996,0.00016941858
20015,2022-08-02,2,D1,2,D1,2,D1,True,0.0008384187,0.20759359,0.5561543,0.22006583,0.014873981,0.00047386243
20015,2022-08-09,2,D1,2,D1,2,D1,True,0.00015989403,0.07532628,0.56612676,0.33097216,0.026679398,0.00073558145
20015,2022-08-16,2,D1,2,D1,2,D1,True,9.113611e-05,0.0407071,0.53388363,0.3829425,0.04089512,0.0014804163
20015,2022-08-23,2,D1,2,D1,2,D1,True,0.00013754868,0.03973296,0.50435126,0.3963804,0.05648918,0.0029087572
20015,2022-08-30,3,D2,2,D1,2,D1,False,0.00012489692,0.02684435,0.46103984,0.42996746,0.0775802,0.0044432497
20015,2022-09-06,3,D2,3,D2,3,D2,True,9.234019e-05,0.01408684,0.36377376,0.49068502,0.122835115,0.008526957
20015,2022-09-13,3,D2,3,D2,3,D2,True,0.00010134526,0.007586762,0.24306104,0.5285525,0.1994721,0.021226197
20015,2022-09-20,4,D3,3,D2,3,D2,False,0.00014589788,0.005624745,0.15664597,0.5315667,0.25540325,0.050613496
20015,2022-09-27,4,D3,3,D2,3,D2,False,9.521014e-05,0.0020992546,0.07988829,0.53058517,0.29930288,0.08802909
20015,2022-10-04,5,D4,3,D2,3,D2,False,5.901065e-05,0.0007902061,0.04270144,0.5003758,0.33856946,0.11750402
20015,2022-10-11,5,D4,3,D2,4,D3,False,4.9325125e-05,0.0005003463,0.03195209,0.45274466,0.38386625,0.13088733
20015,2022-10-18,5,D4,4,D3,4,D3,False,4.0706895e-05,0.00039064288,0.028317643,0.41036043,0.4306243,0.13026631
20015,2022-10-25,5,D4,4,D3,4,D3,False,3.0948515e-05,0.00029150222,0.022921985,0.3848941,0.4618657,0.1299957
20015,2022-11-01,4,D3,4,D3,4,D3,True,3.7136506e-05,0.00037038376,0.025139801,0.36939126,0.48224413,0.122817196
20015,2022-11-08,3,D2,4,D3,4,D3,False,5.626867e-05,0.00063927803,0.032715395,0.3615346,0.5027621,0.10229244
20015,2022-11-15,3,D2,4,D3,4,D3,False,5.3636675e-05,0.0007105065,0.038775343,0.36423153,0.52452636,0.0717026
20015,2022-11-22,3,D2,4,D3,4,D3,False,4.890496e-05,0.00080938544,0.044663638,0.3858008,0.5164586,0.05221873
20015,2022-11-29,3,D2,4,D3,4,D3,False,6.551489e-05,0.0012308945,0.060830202,0.40133578,0.49133104,0.04520655
20015,2022-12-06,3,D2,4,D3,4,D3,False,8.0170845e-05,0.0016021504,0.069365695,0.41620815,0.47008812,0.042655602
20015,2022-12-13,3,D2,4,D3,4,D3,False,0.00010256058,0.0017578274,0.072403625,0.42678773,0.45494545,0.044002827
20015,2022-12-20,3,D2,4,D3,4,D3,False,0.0001296547,0.0018758291,0.07704435,0.42018822,0.45623684,0.044525106
20015,2022-12-27,3,D2,3,D2,4,D3,False,0.00022785981,0.0023696986,0.081782945,0.44405842,0.41675028,0.054810863
20015,2023-01-03,3,D2,3,D2,4,D3,False,0.00055130257,0.0045496738,0.104087435,0.44238943,0.39516923,0.05325291
20015,2023-01-10,3,D2,3,D2,4,D3,False,0.00047180685,0.0033465198,0.08937098,0.44486955,0.41035494,0.051586244
20015,2023-01-17,3,D2,3,D2,4,D3,False,0.0006484217,0.004218228,0.09609136,0.43235353,0.40848264,0.058205865
20015,2023-01-24,3,D2,3,D2,4,D3,False,0.0011611612,0.008872955,0.13483992,0.41918996,0.38310623,0.052829836
20015,2023-01-31,3,D2,3,D2,4,D3,False,0.00078352686,0.006588856,0.12831832,0.4301929,0.38265747,0.051459007
20015,2023-02-07,3,D2,3,D2,4,D3,False,0.00042378562,0.0034995307,0.10284694,0.44072473,0.3936981,0.058806967
20015,2023-02-14,3,D2,3,D2,4,D3,False,0.00041620326,0.0036713507,0.107510455,0.43987653,0.38483176,0.06369372
20015,2023-02-21,3,D2,3,D2,4,D3,False,0.00043174656,0.0036206038,0.10668942,0.44492185,0.37250796,0.07182841
20015,2023-02-28,2,D1,3,D2,4,D3,False,0.0003310766,0.0023342494,0.08464684,0.44947666,0.3754873,0.08772393
20015,2023-03-07,2,D1,3,D2,4,D3,False,0.00042300564,0.0021108498,0.068437494,0.4314209,0.3669601,0.13064769
20015,2023-03-14,2,D1,3,D2,4,D3,False,0.0003823996,0.0019435313,0.06579479,0.4212024,0.34513977,0.16553706
20015,2023-03-21,2,D1,3,D2,4,D3,False,0.0003652122,0.0017375055,0.058560684,0.4044598,0.30124393,0.23363288
20015,2023-03-28,2,D1,3,D2,4,D3,False,0.00021955636,0.00097487826,0.045122314,0.40184158,0.29893014,0.25291148
20015,2023-04-04,2,D1,3,D2,3,D2,False,0.00012406029,0.0005353885,0.03310894,0.39702493,0.28018406,0.28902262
20015,2023-04-11,3,D2,3,D2,3,D2,True,7.6010205e-05,0.0002797373,0.023051228,0.3939366,0.26462665,0.31802982
20015,2023-04-18,3,D2,3,D2,3,D2,True,5.7066252e-05,0.00021366126,0.018758457,0.3851286,0.24876547,0.34707683
20015,2023-04-25,4,D3,3,D2,3,D2,False,4.66993e-05,0.00014601057,0.013461798,0.3742838,0.24040413,0.37165755
20015,2023-05-02,5,D4,5,D4,5,D4,True,5.3004722e-05,0.00017478976,0.013550481,0.35788804,0.21730211,0.41103154
20015,2023-05-09,5,D4,5,D4,5,D4,True,7.097091e-05,0.00026401447,0.014842489,0.35760322,0.21623679,0.41098252
20015,2023-05-16,5,D4,5,D4,5,D4,True,0.0003073146,0.0014726734,0.03022754,0.354701,0.21115348,0.402138
20015,2023-05-23,5,D4,5,D4,3,D2,False,0.00050168333,0.0031345822,0.049635515,0.35995638,0.22403163,0.36274028
20015,2023-05-30,5,D4,3,D2,3,D2,False,0.00081187364,0.0071902615,0.0832507,0.3713564,0.2435596,0.2938313
20015,2023-06-06,5,D4,3,D2,4,D3,False,0.0038756824,0.052076746,0.19158655,0.30906874,0.2554354,0.18795687
20015,2023-06-13,5,D4,3,D2,4,D3,False,0.0028116691,0.06833278,0.2479547,0.30047053,0.2565854,0.12384491
20015,2023-06-20,5,D4,3,D2,3,D2,False,0.0011898957,0.061312653,0.28603423,0.33291537,0.23679616,0.08175176
20015,2023-06-27,5,D4,3,D2,3,D2,False,0.0006907544,0.05782924,0.30494308,0.34849924,0.22745046,0.06058723
20015,2023-07-04,5,D4,3,D2,2,D1,False,0.0007012813,0.0669083,0.3132764,0.34645385,0.22101179,0.051648382
20015,2023-07-11,4,D3,3,D2,2,D1,False,0.0011944105,0.081878416,0.30436477,0.33559147,0.21702103,0.059949916
20015,2023-07-18,4,D3,3,D2,2,D1,False,0.0013908822,0.07582901,0.2938305,0.31630608,0.22739798,0.08524557
20015,2023-07-25,4,D3,4,D3,4,D3,True,0.00096619525,0.04384833,0.21479273,0.23988731,0.2964049,0.20410058
20015,2023-08-01,4,D3,4,D3,4,D3,True,0.0008786776,0.035711702,0.19109492,0.21498217,0.2800856,0.277247
20015,2023-08-08,4,D3,5,D4,4,D3,True,0.0012347433,0.038454913,0.1687173,0.19117104,0.2633866,0.33703542
20015,2023-08-15,4,D3,5,D4,4,D3,True,0.0012702126,0.031107834,0.14938587,0.17538759,0.2682102,0.37463826
20015,2023-08-22,4,D3,5,D4,4,D3,True,0.00045054642,0.012362571,0.12329727,0.1699545,0.29655397,0.39738107
20015,2023-08-29,4,D3,5,D4,4,D3,True,0.00018711305,0.0045151487,0.0811775,0.14325555,0.32515717,0.4457076
20015,2023-09-05,4,D3,5,D4,4,D3,True,0.000106028434,0.002100714,0.044377767,0.11039578,0.34362394,0.49939588
20015,2023-09-12,4,D3,5,D4,5,D4,False,4.976363e-05,0.00061700796,0.015780652,0.077350475,0.34574723,0.5604549
20015,2023-09-19,4,D3,5,D4,5,D4,False,2.967547e-05,0.0002150775,0.005246151,0.052454263,0.32312942,0.61892545
20015,2023-09-26,4,D3,5,D4,5,D4,False,1.7841316e-05,9.2948954e-05,0.002589107,0.042912774,0.31359422,0.6407931
20015,2023-10-03,4,D3,5,D4,5,D4,False,1.3523334e-05,6.417123e-05,0.0020761718,0.0430422,0.32145622,0.63334775
20015,2023-10-10,4,D3,5,D4,5,D4,False,1.2351917e-05,4.9168273e-05,0.0022339965,0.053541124,0.34409198,0.6000714
20015,2023-10-17,4,D3,5,D4,5,D4,False,1.38541045e-05,5.0462284e-05,0.002718014,0.06830121,0.35764456,0.5712719
20015,2023-10-24,4,D3,5,D4,5,D4,False,1.794058e-05,6.361556e-05,0.003251633,0.082063004,0.36163333,0.5529705
20015,2023-10-31,3,D2,5,D4,4,D3,False,5.0223356e-05,0.0001851719,0.005977197,0.10169339,0.36266258,0.5294314
20015,2023-11-07,3,D2,5,D4,4,D3,False,7.080946e-05,0.0002785386,0.009209029,0.14132929,0.3688712,0.48024118
20015,2023-11-14,3,D2,4,D3,4,D3,False,0.0001327332,0.0006658128,0.018038552,0.2229612,0.3914267,0.36677495
20015,2023-11-21,3,D2,4,D3,4,D3,False,0.0003053824,0.0018725262,0.03505026,0.27454498,0.38225955,0.30596718
20015,2023-11-28,3,D2,4,D3,4,D3,False,0.0003188177,0.0022152762,0.04308327,0.3183489,0.38075718,0.25527647
20015,2023-12-05,2,D1,4,D3,4,D3,False,0.00028128477,0.0019813403,0.044739902,0.35247606,0.38204265,0.21847877
20015,2023-12-12,2,D1,3,D2,4,D3,False,0.00039581844,0.003255513,0.058503754,0.3751228,0.37343153,0.18929061
20015,2023-12-19,2,D1,3,D2,4,D3,False,0.0013075857,0.014581378,0.12604302,0.39599147,0.33162153,0.13045508
20015,2023-12-26,1,D0,3,D2,3,D2,False,0.002957276,0.03982363,0.2069081,0.40841246,0.27414614,0.06775244
20015,2024-01-02,1,D0,1,D0,1,D0,True,0.19032007,0.47788456,0.20054679,0.07222527,0.051040113,0.007983064
20015,2024-01-09,1,D0,1,D0,1,D0,True,0.26465043,0.6408843,0.08464316,0.007186793,0.0023618694,0.0002734263
20015,2024-01-16,1,D0,1,D0,1,D0,True,0.38620707,0.5923835,0.020960446,0.00037896744,5.944479e-05,1.057692e-05
20015,2024-01-23,1,D0,1,D0,1,D0,True,0.30154166,0.6680782,0.030010454,0.00033328045,3.084668e-05,5.546842e-06
20015,2024-01-30,1,D0,1,D0,1,D0,True,0.23766243,0.72571963,0.03629414,0.00029666873,2.3373166e-05,3.7445247e-06
20015,2024-02-06,1,D0,1,D0,1,D0,True,0.2092378,0.74904186,0.041406512,0.00028832108,2.2232914e-05,3.2981354e-06
20015,2024-02-13,0,None,1,D0,1,D0,False,0.1281547,0.8000221,0.07123851,0.000544787,3.5767705e-05,4.0592727e-06
20015,2024-02-20,0,None,0,None,0,None,True,0.6394453,0.35968077,0.0008710254,2.2127472e-06,5.0190147e-07,9.966669e-08
20015,2024-02-27,0,None,0,None,0,None,True,0.70991343,0.28959796,0.00048677923,1.3739997e-06,4.2707492e-07,6.414563e-08
20015,2024-03-05,0,None,0,None,0,None,True,0.6907496,0.308431,0.000816287,2.280268e-06,7.0115493e-07,7.497145e-08
20015,2024-03-12,0,None,0,None,0,None,True,0.68431264,0.3146678,0.0010160046,2.6870605e-06,8.2017635e-07,8.8017295e-08
20015,2024-03-19,0,None,0,None,0,None,True,0.6899903,0.3089906,0.0010152288,2.800933e-06,9.613749e-07,1.0343434e-07
20015,2024-03-26,0,None,0,None,0,None,True,0.67713565,0.32141972,0.001438878,4.214074e-06,1.4623504e-06,1.800643e-07
20015,2024-04-02,0,None,0,None,0,None,True,0.65650725,0.34135985,0.0021234662,6.647767e-06,2.4812807e-06,3.1721794e-07
20015,2024-04-09,0,None,0,None,0,None,True,0.5949899,0.39942995,0.005555687,1.7825387e-05,5.816802e-06,7.9601654e-07
20015,2024-04-16,1,D0,0,None,1,D0,True,0.53663766,0.4531323,0.01018408,3.4479388e-05,1.00561565e-05,1.4641914e-06
20015,2024-04-23,1,D0,1,D0,1,D0,True,0.013662349,0.63108337,0.34851944,0.0063202656,0.0003962538,1.8392582e-05
20015,2024-04-30,1,D0,1,D0,1,D0,True,0.011876387,0.5974914,0.37967566,0.0102238115,0.0007001394,3.268348e-05
20015,2024-05-07,1,D0,1,D0,1,D0,True,0.118432045,0.68832546,0.18921824,0.0035494377,0.00041728606,5.7491725e-05
20015,2024-05-14,1,D0,1,D0,1,D0,True,0.22318633,0.6592988,0.11503159,0.0021104398,0.0003044332,6.840026e-05
20015,2024-05-21,0,None,1,D0,1,D0,False,0.18700783,0.6488997,0.15795557,0.0051102275,0.0008281317,0.00019854339
20015,2024-05-28,0,None,0,None,0,None,True,0.61667544,0.37801465,0.005235343,5.0128427e-05,1.6582213e-05,7.8314415e-06
20015,2024-06-04,0,None,0,None,0,None,True,0.6286652,0.36772147,0.0035589028,3.460939e-05,1.3002856e-05,6.827008e-06
20015,2024-06-11,0,None,0,None,0,None,True,0.6756248,0.32209316,0.0022390115,2.58739e-05,1.0985055e-05,6.1927326e-06
20015,2024-06-18,0,None,0,None,0,None,True,0.73431236,0.26457945,0.0010845899,1.2995814e-05,6.6935268e-06,4.016873e-06
20015,2024-06-25,1,D0,0,None,0,None,False,0.7238031,0.27502325,0.0011485028,1.3678732e-05,7.005889e-06,4.46524e-06
20015,2024-07-02,1,D0,0,None,1,D0,True,0.51354516,0.46793145,0.017986426,0.00035258612,0.00010288121,8.143419e-05
20015,2024-07-09,1,D0,1,D0,1,D0,True,0.42977643,0.5205766,0.04792415,0.0012003123,0.0002796187,0.00024292142
20015,2024-07-16,1,D0,1,D0,1,D0,True,0.3312987,0.5768055,0.088395625,0.002502171,0.0005134761,0.00048445727
20015,2024-07-23,1,D0,1,D0,1,D0,True,0.23795325,0.6231749,0.13267237,0.004462473,0.0008098355,0.0009271356
20015,2024-07-30,2,D1,1,D0,1,D0,False,0.06254374,0.62716424,0.27692968,0.026553292,0.0038287265,0.0029803524
20015,2024-08-06,2,D1,2,D1,1,D0,False,0.0027215686,0.34761232,0.44024518,0.17794791,0.028174197,0.003298762
20015,2024-08-13,2,D1,2,D1,2,D1,True,0.0024191558,0.24410418,0.41838586,0.2607233,0.06284335,0.011524229
20015,2024-08-20,1,D0,2,D1,2,D1,False,0.003043902,0.1812875,0.37020573,0.29890692,0.11343019,0.033125747
20015,2024-08-27,1,D0,1,D0,1,D0,True,0.015788622,0.31591794,0.3018824,0.20289557,0.10286878,0.060646683
20015,2024-09-03,1,D0,1,D0,1,D0,True,0.020483468,0.34346238,0.28222165,0.17858416,0.101310536,0.07393777
20015,2024-09-10,1,D0,1,D0,1,D0,True,0.01968711,0.33484927,0.2731053,0.17928651,0.1092967,0.0837751
20015,2024-09-17,1,D0,1,D0,1,D0,True,0.01952127,0.3026031,0.25374553,0.18371132,0.1297138,0.110704936
20015,2024-09-24,1,D0,5,D4,4,D3,False,0.021470567,0.18185528,0.15245934,0.16137627,0.21356592,0.26927266
20015,2024-10-01,1,D0,1,D0,1,D0,True,0.08935251,0.34650365,0.11978424,0.07241796,0.1035977,0.2683439
20015,2024-10-08,1,D0,5,D4,1,D0,True,0.060379736,0.26041752,0.11506963,0.08477755,0.13776083,0.34159473
20015,2024-10-15,1,D0,5,D4,5,D4,False,0.04335745,0.163698,0.093313,0.100039154,0.18518251,0.4144099
20015,2024-10-22,2,D1,5,D4,5,D4,False,0.02094243,0.07962856,0.061973847,0.11152109,0.23729004,0.4886441
20015,2024-10-29,2,D1,5,D4,4,D3,False,0.000540454,0.0019645246,0.019383319,0.13545291,0.38437334,0.45828545
20015,2024-11-05,1,D0,5,D4,4,D3,False,0.0013257344,0.0051457477,0.026947636,0.15151307,0.3838947,0.4311731
20015,2024-11-12,1,D0,1,D0,1,D0,True,0.35443988,0.44337898,0.07387832,0.02553867,0.04714185,0.055622283
20015,2024-11-19,1,D0,0,None,0,None,False,0.5998261,0.39321804,0.0057446556,0.00037780494,0.00039560258,0.00043782903
20015,2024-11-26,1,D0,0,None,0,None,False,0.6628241,0.33514455,0.0018877509,6.0180584e-05,4.8749705e-05,3.47251e-05
20015,2024-12-03,1,D0,0,None,0,None,False,0.63147783,0.3661252,0.002320472,3.9013634e-05,2.7285952e-05,1.030235e-05
20015,2024-12-10,1,D0,0,None,0,None,False,0.62290794,0.37396938,0.0030581856,3.5210007e-05,2.3509609e-05,5.800735e-06
20015,2024-12-17,1,D0,0,None,1,D0,True,0.5103243,0.47990415,0.009665828,6.689227e-05,3.2172306e-05,6.658825e-06
20015,2024-12-24,1,D0,0,None,0,None,False,0.54863304,0.44448343,0.006826715,3.635994e-05,1.6519925e-05,3.837814e-06
20015,2024-12-31,1,D0,0,None,0,None,False,0.572072,0.42252812,0.0053634434,2.3731916e-05,9.7743305e-06,2.8873258e-06
20015,2025-01-07,1,D0,0,None,0,None,False,0.6259108,0.3710003,0.0030706022,1.1870061e-05,4.8562024e-06,1.6587254e-06
20015,2025-01-14,1,D0,0,None,0,None,False,0.5965906,0.398984,0.004401954,1.6166046e-05,5.5386613e-06,1.749787e-06
20015,2025-01-21,1,D0,0,None,0,None,False,0.57822865,0.4167654,0.004979316,1.9185203e-05,5.1943584e-06,2.3004698e-06
20015,2025-01-28,1,D0,0,None,1,D0,True,0.4956084,0.49408856,0.010246848,4.4115353e-05,7.930345e-06,4.1744215e-06
20015,2025-02-04,1,D0,1,D0,1,D0,True,0.4715504,0.5153801,0.012998544,5.775187e-05,8.397876e-06,4.8287625e-06
20015,2025-02-11,1,D0,1,D0,1,D0,True,0.37803215,0.59411836,0.027676336,0.00014414973,1.5784419e-05,1.320698e-05
20015,2025-02-18,1,D0,1,D0,1,D0,True,0.37839854,0.5914299,0.029983677,0.00015690179,1.676418e-05,1.4231291e-05
20015,2025-02-25,1,D0,1,D0,1,D0,True,0.3860143,0.5806208,0.033117034,0.00020733387,2.3400122e-05,1.713185e-05
20015,2025-03-04,1,D0,1,D0,1,D0,True,0.31964144,0.6273502,0.052549224,0.00039023685,4.059836e-05,2.8344739e-05
20015,2025-03-11,1,D0,1,D0,1,D0,True,0.25120312,0.6649627,0.08297641,0.0007385314,7.173988e-05,4.7532434e-05
20015,2025-03-18,1,D0,1,D0,1,D0,True,0.041311935,0.665537,0.2860547,0.0065755933,0.00039572257,0.0001250139
20015,2025-03-25,2,D1,1,D0,1,D0,False,0.005360753,0.51572144,0.44725803,0.030334486,0.0011888159,0.0001365359
20015,2025-04-01,2,D1,2,D1,2,D1,True,0.0002290441,0.22922763,0.592847,0.17170988,0.0057968283,0.0001896828
20015,2025-04-08,2,D1,2,D1,2,D1,True,0.00012217824,0.16241705,0.57381445,0.25159758,0.011695381,0.00035344888
20015,2025-04-15,2,D1,2,D1,2,D1,True,0.000114378665,0.12982635,0.5490609,0.30131269,0.019059328,0.0006263938
20015,2025-04-22,1,D0,2,D1,2,D1,False,0.00033660492,0.14831075,0.5170646,0.30302387,0.029355457,0.0019088143
20015,2025-04-29,1,D0,2,D1,1,D0,True,0.0138690425,0.3675825,0.4268661,0.14865284,0.036664065,0.006365432
20015,2025-05-06,1,D0,2,D1,1,D0,True,0.015171618,0.38036552,0.4309804,0.1317722,0.034786433,0.0069237477
20015,2025-05-13,2,D1,2,D1,1,D0,False,0.011624432,0.3612023,0.43812558,0.14087681,0.040924154,0.0072467946
20015,2025-05-20,2,D1,1,D0,1,D0,False,0.031341504,0.43493026,0.3419978,0.12284252,0.05965806,0.009229771
20015,2025-05-27,1,D0,1,D0,1,D0,True,0.06837077,0.46478423,0.26747856,0.10543422,0.080719374,0.013212889
20015,2025-06-03,0,None,0,None,0,None,True,0.6053981,0.389891,0.0041692825,0.00022989772,0.0002320646,7.96575e-05
20015,2025-06-10,0,None,0,None,0,None,True,0.7655481,0.23409455,0.00031931952,1.22614365e-05,1.8397137e-05,7.371305e-06
20015,2025-06-17,0,None,0,None,0,None,True,0.8203186,0.17946988,0.00019041989,7.099423e-06,1.0255784e-05,3.8056692e-06
20015,2025-06-24,0,None,0,None,0,None,True,0.8237415,0.17599657,0.00024230785,6.7802266e-06,9.416026e-06,3.3341264e-06
20015,2025-07-01,0,None,0,None,0,None,True,0.83044004,0.16922526,0.00031407335,7.377774e-06,9.913085e-06,3.297708e-06
20015,2025-07-08,0,None,0,None,0,None,True,0.8051912,0.19420882,0.00057343557,1.02357135e-05,1.2337718e-05,3.9515407e-06
20015,2025-07-15,0,None,0,None,0,None,True,0.8037528,0.19552381,0.00069464865,1.104837e-05,1.3158055e-05,4.539287e-06
20015,2025-07-22,0,None,0,None,0,None,True,0.8267305,0.17262308,0.00061868277,9.596604e-06,1.2831317e-05,5.2842133e-06
20015,2025-07-29,0,None,0,None,0,None,True,0.8358597,0.16352803,0.0005787443,1.01742435e-05,1.5268251e-05,8.112798e-06
20015,2025-08-05,0,None,0,None,0,None,True,0.7803348,0.21887146,0.0007433054,1.391603e-05,2.1488817e-05,1.506718e-05
20015,2025-08-12,0,None,0,None,0,None,True,0.7554953,0.2435566,0.0008782685,1.7668503e-05,2.7728489e-05,2.4398954e-05
20015,2025-08-19,0,None,0,None,0,None,True,0.7337606,0.26517025,0.0009856108,2.0467874e-05,3.0186535e-05,3.2894797e-05
20015,2025-08-26,0,None,0,None,0,None,True,0.7131635,0.2855829,0.001153242,2.3378878e-05,3.098687e-05,4.5983325e-05
20015,2025-09-02,0,None,0,None,0,None,True,0.7412792,0.25773814,0.0008946053,1.938687e-05,2.4203724e-05,4.442255e-05
20015,2025-09-09,0,None,0,None,0,None,True,0.7333483,0.2656607,0.00090775354,1.8356326e-05,2.1676575e-05,4.3170687e-05
20015,2025-09-16,0,None,0,None,0,None,True,0.7239738,0.2749979,0.00094074116,1.8839462e-05,1.9599041e-05,4.913511e-05
20015,2025-09-23,0,None,0,None,0,None,True,0.74337786,0.25588074,0.000684641,1.2990883e-05,1.2072963e-05,3.1676915e-05
20015,2025-09-30,0,None,0,None,0,None,True,0.73237705,0.26688248,0.000696501,1.109206e-05,9.463287e-06,2.342367e-05
20015,2025-10-07,0,None,0,None,0,None,True,0.7128678,0.28631884,0.0007837646,8.586415e-06,7.0854453e-06,1.3981712e-05
20015,2025-10-14,0,None,0,None,0,None,True,0.7069307,0.29224256,0.0008050638,6.653382e-06,5.7072443e-06,9.285264e-06
20015,2025-10-21,0,None,0,None,0,None,True,0.6971364,0.30222803,0.0006246548,3.8238063e-06,3.3604117e-06,3.7926127e-06
20015,2025-10-28,0,None,0,None,0,None,True,0.6520662,0.3469593,0.0009640131,4.5207394e-06,3.5089863e-06,2.5244942e-06
20015,2025-11-04,0,None,0,None,0,None,True,0.64691156,0.35229275,0.00078904413,2.8308039e-06,2.2828533e-06,1.4612239e-06
20015,2025-11-11,0,None,0,None,0,None,True,0.6204143,0.37832797,0.0012477727,4.6572754e-06,3.8955395e-06,1.4433965e-06
20015,2025-11-18,0,None,0,None,0,None,True,0.65547496,0.34394467,0.0005742895,2.5953873e-06,2.7278368e-06,7.2561437e-07
20015,2025-11-25,0,None,0,None,0,None,True,0.6724418,0.32716203,0.00039039477,2.272421e-06,2.9111309e-06,6.251602e-07
20015,2025-12-02,0,None,0,None,0,None,True,0.6862461,0.3134531,0.00029537996,1.9855654e-06,2.8245827e-06,5.2767405e-07
20015,2025-12-09,0,None,0,None,0,None,True,0.6617422,0.3376952,0.0005533464,3.6060687e-06,4.872747e-06,7.3053604e-07
20015,2025-12-16,0,None,0,None,0,None,True,0.6757981,0.32377532,0.00041952994,2.6177631e-06,3.841381e-06,5.228446e-07
20015,2025-12-23,0,None,0,None,0,None,True,0.63211346,0.36685202,0.0010222429,5.1667193e-06,6.499216e-06,7.1155114e-07
20015,2025-12-30,0,None,0,None,0,None,True,0.6000836,0.3982605,0.0016435657,5.671994e-06,5.975272e-06,5.861708e-07
20017,2022-01-04,0,None,0,None,0,None,True,0.6234687,0.37368664,0.0028272385,9.756271e-06,3.463548e-06,4.1433236e-06
20017,2022-01-11,0,None,0,None,0,None,True,0.62665826,0.37082127,0.0025030961,9.2263435e-06,3.5518185e-06,4.565198e-06
20017,2022-01-18,0,None,1,D0,1,D0,False,0.28410625,0.67303485,0.042646334,0.00013792928,2.9511712e-05,4.5134853e-05
20017,2022-01-25,1,D0,1,D0,1,D0,True,0.13620858,0.77212036,0.09132653,0.00023465202,3.289799e-05,7.7081655e-05
20017,2022-02-01,1,D0,1,D0,1,D0,True,0.011254097,0.6715414,0.31369987,0.0031919177,0.00016352767,0.00014922599
20017,2022-02-08,1,D0,1,D0,1,D0,True,0.0069110584,0.65555257,0.33277342,0.004477556,0.00018769816,9.7664364e-05
20017,2022-02-15,1,D0,1,D0,1,D0,True,0.005185983,0.63279724,0.35550892,0.0061804797,0.00024030266,8.714838e-05
20017,2022-02-22,1,D0,1,D0,1,D0,True,0.0047646738,0.6193291,0.3680273,0.0075088013,0.0002963242,7.388219e-05
20017,2022-03-01,1,D0,1,D0,1,D0,True,0.005690641,0.62181544,0.3634193,0.008586652,0.00040907235,7.893927e-05
20017,2022-03-08,1,D0,1,D0,1,D0,True,0.0072234697,0.6307802,0.35321608,0.008247289,0.00046802012,6.48611e-05
20017,2022-03-15,1,D0,1,D0,1,D0,True,0.008420341,0.65602744,0.32865068,0.0064744093,0.00035951808,6.7588684e-05
20017,2022-03-22,0,None,1,D0,1,D0,False,0.023883179,0.71507114,0.25704053,0.0036921264,0.00025005272,6.300558e-05
20017,2022-03-29,0,None,0,None,1,D0,False,0.5345244,0.4617178,0.003737889,1.4529592e-05,3.542259e-06,1.7656444e-06
20017,2022-04-05,0,None,0,None,0,None,True,0.62517107,0.3728882,0.0019274877,9.007653e-06,2.6399894e-06,1.6029444e-06
20017,2022-04-12,0,None,0,None,0,None,True,0.63216597,0.36569026,0.002127293,1.1217692e-05,3.4345967e-06,1.8181904e-06
20017,2022-04-19,0,None,0,None,0,None,True,0.59419966,0.40188006,0.0038857916,2.41141e-05,7.5438597e-06,2.7276074e-06
20017,2022-04-26,0,None,0,None,0,None,True,0.61655563,0.38024452,0.0031713725,1.9931822e-05,6.4522196e-06,2.0781065e-06
20017,2022-05-03,0,None,0,None,0,None,True,0.63947004,0.3579143,0.002589862,1.8028188e-05,5.7620887e-06,1.912071e-06
20017,2022-05-10,0,None,0,None,0,None,True,0.6853628,0.31286952,0.0017448781,1.5535437e-05,5.064478e-06,2.0989385e-06
20017,2022-05-17,0,None,0,None,0,None,True,0.6936532,0.3045141,0.0018043915,1.9007492e-05,6.5386253e-06,2.6811572e-06
20017,2022-05-24,0,None,0,None,0,None,True,0.7019983,0.29635358,0.0016204761,1.7999426e-05,7.1094923e-06,2.5412558e-06
20017,2022-05-31,0,None,0,None,0,None,True,0.72086936,0.2778844,0.0012209503,1.6136624e-05,6.5751133e-06,2.6312862e-06
20017,2022-06-07,0,None,0,None,0,None,True,0.7274135,0.27129105,0.0012685818,1.6892549e-05,7.247126e-06,2.732866e-06
20017,2022-06-14,0,None,0,None,0,None,True,0.72448426,0.27397713,0.0015036757,2.1752878e-05,9.27543e-06,3.905964e-06
20017,2022-06-21,0,None,0,None,0,None,True,0.7201867,0.2779992,0.0017762979,2.3763303e-05,9.877643e-06,4.153211e-06
20017,2022-06-28,0,None,0,None,0,None,True,0.7199737,0.27802312,0.0019600787,2.8023305e-05,1.0161115e-05,5.0072485e-06
20017,2022-07-05,0,None,0,None,0,None,True,0.70871425,0.28892547,0.0023176535,2.7983275e-05,1.0121502e-05,4.548616e-06
20017,2022-07-12,0,None,0,None,0,None,True,0.67333657,0.32271767,0.0038889467,3.802037e-05,1.3065977e-05,5.6681774e-06
20017,2022-07-19,1,D0,0,None,0,None,False,0.6584257,0.33621234,0.005296167,4.4268687e-05,1.52197e-05,6.262495e-06
20017,2022-07-26,2,D1,1,D0,1,D0,False,0.04597778,0.6095131,0.33296117,0.010348972,0.0010313388,0.00016763982
20017,2022-08-02,2,D1,2,D1,2,D1,True,0.001801451,0.2741726,0.5469511,0.16581167,0.0108105065,0.00045264442
20017,2022-08-09,2,D1,2,D1,2,D1,True,0.0003561941,0.13595156,0.56074005,0.28302068,0.019377612,0.0005538751
20017,2022-08-16,2,D1,2,D1,2,D1,True,9.6584525e-05,0.050006337,0.5504748,0.3650997,0.033278044,0.0010445479
20017,2022-08-23,2,D1,2,D1,2,D1,True,0.0001295406,0.042278223,0.5173411,0.38860935,0.049299143,0.002342667
20017,2022-08-30,2,D1,2,D1,2,D1,True,0.00011788121,0.02782422,0.47234738,0.42443472,0.0714519,0.003823825
20017,2022-09-06,2,D1,3,D2,3,D2,False,0.00020676476,0.025682038,0.39676446,0.45712432,0.11229476,0.007927755
20017,2022-09-13,2,D1,3,D2,3,D2,False,0.0002460287,0.017854378,0.28862604,0.4940191,0.18131596,0.017938498
20017,2022-09-20,2,D1,3,D2,3,D2,False,0.000480599,0.01911619,0.22559649,0.48524415,0.22927336,0.040289193
20017,2022-09-27,2,D1,3,D2,3,D2,False,0.00029945263,0.0053785816,0.09886853,0.50972605,0.2951511,0.09057629
20017,2022-10-04,2,D1,3,D2,3,D2,False,0.0001074828,0.0013271231,0.047883082,0.5074312,0.32000953,0.123241566
20017,2022-10-11,2,D1,3,D2,3,D2,False,4.5770117e-05,0.00054506195,0.03419749,0.4990219,0.33626834,0.12992136
20017,2022-10-18,3,D2,3,D2,4,D3,False,3.5398116e-05,0.00038579846,0.028303644,0.4712209,0.36348465,0.13656957
20017,2022-10-25,3,D2,3,D2,4,D3,False,2.9564804e-05,0.00029080576,0.022936946,0.4542456,0.38686994,0.13562706
20017,2022-11-01,3,D2,3,D2,4,D3,False,3.48162e-05,0.00037004502,0.025340293,0.43106237,0.41785568,0.12533678
20017,2022-11-08,2,D1,4,D3,4,D3,False,5.292921e-05,0.00064942875,0.033248622,0.41977623,0.43706954,0.10920323
20017,2022-11-15,2,D1,4,D3,4,D3,False,5.186488e-05,0.0007447045,0.03784484,0.41418737,0.45395014,0.09322106
20017,2022-11-22,2,D1,4,D3,4,D3,False,4.9063205e-05,0.00086235127,0.04512808,0.42162362,0.46601647,0.066320404
20017,2022-11-29,2,D1,4,D3,4,D3,False,6.650993e-05,0.0013122495,0.05942812,0.423537,0.46320146,0.052454624
20017,2022-12-06,2,D1,4,D3,4,D3,False,7.459399e-05,0.0014974001,0.06456198,0.4274124,0.45846674,0.047986943
20017,2022-12-13,2,D1,4,D3,4,D3,False,9.1296635e-05,0.0018542927,0.07280682,0.43746117,0.44212136,0.04566514
20017,2022-12-20,2,D1,4,D3,4,D3,False,0.000117170464,0.0023251865,0.085964836,0.42905354,0.44289675,0.039642453
20017,2022-12-27,2,D1,4,D3,4,D3,False,0.00016578277,0.0026645395,0.092269816,0.42473847,0.43617672,0.043984685
20017,2023-01-03,2,D1,3,D2,4,D3,False,0.00042607475,0.0051046517,0.11660428,0.44042253,0.38750073,0.049941793
20017,2023-01-10,2,D1,3,D2,4,D3,False,0.0004624291,0.004214589,0.10337421,0.45476973,0.38357043,0.05360866
20017,2023-01-17,2,D1,3,D2,4,D3,False,0.00069301063,0.005306332,0.108337,0.4385676,0.38498306,0.062113028
20017,2023-01-24,2,D1,3,D2,4,D3,False,0.0012041441,0.010328586,0.14220276,0.42247045,0.36935318,0.054440893
20017,2023-01-31,2,D1,3,D2,4,D3,False,0.00082107075,0.0077845245,0.13613047,0.43156555,0.36967957,0.0540188
20017,2023-02-07,2,D1,3,D2,4,D3,False,0.0004324685,0.003984301,0.10943751,0.44635126,0.3759364,0.06385808
20017,2023-02-14,2,D1,3,D2,4,D3,False,0.0004262395,0.0040471843,0.11234835,0.44726706,0.36757022,0.068341
20017,2023-02-21,2,D1,3,D2,4,D3,False,0.0005112413,0.0041915546,0.10927242,0.4482639,0.35745856,0.08030237
20017,2023-02-28,1,D0,3,D2,4,D3,False,0.0004008011,0.002631233,0.08397576,0.44984043,0.36312312,0.100028686
20017,2023-03-07,1,D0,3,D2,4,D3,False,0.0722143,0.11883476,0.17533036,0.28182203,0.2634677,0.08833085
20017,2023-03-14,1,D0,1,D0,1,D0,True,0.21197484,0.3879225,0.2023211,0.09457129,0.08367572,0.01953457
20017,2023-03-21,1,D0,1,D0,1,D0,True,0.20813636,0.5180134,0.20683162,0.03881177,0.023121512,0.005085256
20017,2023-03-28,1,D0,1,D0,1,D0,True,0.13900542,0.506816,0.2879105,0.042776722,0.019347942,0.0041433834
20017,2023-04-04,1,D0,1,D0,1,D0,True,0.094615564,0.48290265,0.3458552,0.05256671,0.019445766,0.0046141376
20017,2023-04-11,2,D1,1,D0,1,D0,False,0.058818437,0.41061753,0.40388292,0.09078584,0.027319392,0.00857595
20017,2023-04-18,2,D1,3,D2,3,D2,False,0.002485343,0.06431609,0.34097922,0.41113734,0.122568116,0.058513828
20017,2023-04-25,3,D2,3,D2,3,D2,True,0.000817187,0.016637921,0.21122445,0.47404283,0.17856503,0.11871259
20017,2023-05-02,3,D2,3,D2,3,D2,True,0.00064546755,0.0083641745,0.15029778,0.4537317,0.19822113,0.18873978
20017,2023-05-09,3,D2,3,D2,3,D2,True,0.0008841928,0.007929742,0.12123951,0.41532785,0.20049196,0.25412676
20017,2023-05-16,2,D1,3,D2,3,D2,False,0.004705574,0.027927088,0.15227605,0.3538933,0.20191656,0.2592814
20017,2023-05-23,2,D1,3,D2,3,D2,False,0.003941899,0.03075437,0.16524976,0.34369558,0.21274397,0.24361446
20017,2023-05-30,3,D2,3,D2,3,D2,True,0.0022664221,0.028237304,0.19000511,0.3504066,0.21205823,0.21702635
20017,2023-06-06,3,D2,3,D2,4,D3,False,0.004965164,0.07758648,0.25489855,0.2972958,0.21612737,0.14912656
20017,2023-06-13,3,D2,3,D2,2,D1,False,0.0024272744,0.07448217,0.2831462,0.3111022,0.22506234,0.103779845
20017,2023-06-20,3,D2,3,D2,2,D1,False,0.0010693033,0.06394316,0.3068014,0.33820364,0.21930061,0.070681885
20017,2023-06-27,3,D2,3,D2,2,D1,False,0.0006596365,0.05908419,0.3174893,0.3509722,0.2152184,0.056576222
20017,2023-07-04,3,D2,3,D2,2,D1,False,0.0006957125,0.06651484,0.32026845,0.3468916,0.21235071,0.05327869
20017,2023-07-11,3,D2,3,D2,2,D1,False,0.0012019733,0.08092282,0.30389094,0.33415785,0.2147989,0.06502751
20017,2023-07-18,3,D2,3,D2,2,D1,False,0.0012524944,0.07239078,0.29882836,0.3231389,0.22053376,0.083855726
20017,2023-07-25,3,D2,4,D3,4,D3,False,0.00095404213,0.039852563,0.2145654,0.24333216,0.28490263,0.21639319
20017,2023-08-01,3,D2,5,D4,4,D3,False,0.0009886211,0.03366106,0.17995192,0.2068761,0.27068064,0.30784157
20017,2023-08-08,4,D3,5,D4,4,D3,True,0.0012584593,0.035417277,0.16030939,0.18068154,0.25664335,0.36569005
20017,2023-08-15,4,D3,5,D4,5,D4,False,0.0012590651,0.029620793,0.14917205,0.16967107,0.25932127,0.3909558
20017,2023-08-22,4,D3,5,D4,4,D3,True,0.000455386,0.011455027,0.121654935,0.16907795,0.28849947,0.40885726
20017,2023-08-29,4,D3,5,D4,4,D3,True,0.00018270068,0.004502539,0.08909059,0.15721619,0.32525662,0.42375138
20017,2023-09-05,4,D3,5,D4,4,D3,True,0.00010544223,0.002194,0.050524957,0.12416651,0.3449015,0.4781076
20017,2023-09-12,4,D3,5,D4,5,D4,False,4.4938388e-05,0.00056460773,0.015883025,0.08601744,0.3460925,0.55139744
20017,2023-09-19,4,D3,5,D4,5,D4,False,2.4741943e-05,0.0001778666,0.0047938144,0.056467175,0.3194889,0.6190475
20017,2023-09-26,4,D3,5,D4,5,D4,False,1.43316865e-05,7.357074e-05,0.00207137,0.04224524,0.3024145,0.65318096
20017,2023-10-03,4,D3,5,D4,5,D4,False,8.925418e-06,4.3167936e-05,0.0012471821,0.03531206,0.28920344,0.6741853
20017,2023-10-10,4,D3,5,D4,5,D4,False,5.5255177e-06,2.416662e-05,0.00090443535,0.035561286,0.29064488,0.6728597
20017,2023-10-17,4,D3,5,D4,5,D4,False,5.942737e-06,2.235891e-05,0.0009801895,0.04165397,0.30193502,0.65540254
20017,2023-10-24,4,D3,5,D4,5,D4,False,8.9125215e-06,3.174091e-05,0.0013239667,0.050494965,0.3153937,0.6327467
20017,2023-10-31,3,D2,5,D4,5,D4,False,2.5945032e-05,8.7503955e-05,0.0023338965,0.06059671,0.32437977,0.6125762
20017,2023-11-07,3,D2,5,D4,5,D4,False,3.227272e-05,0.000102809674,0.0031146326,0.07478209,0.33371192,0.5882563
20017,2023-11-14,3,D2,5,D4,5,D4,False,4.3293305e-05,0.00014975332,0.004946144,0.100335106,0.3469516,0.54757416
20017,2023-11-21,3,D2,5,D4,4,D3,False,0.000117705276,0.00050631963,0.011239626,0.13909309,0.3588124,0.49023086
20017,2023-11-28,3,D2,5,D4,4,D3,False,0.00017717078,0.00088012696,0.018699685,0.1965301,0.36377257,0.41994038
20017,2023-12-05,2,D1,4,D3,4,D3,False,0.0001944978,0.0010259642,0.024068715,0.2500111,0.3751644,0.34953535
20017,2023-12-12,2,D1,4,D3,4,D3,False,0.00033323493,0.0020006297,0.03599228,0.2816987,0.38391012,0.29606512
20017,2023-12-19,2,D1,4,D3,4,D3,False,0.0013573922,0.011006389,0.0977684,0.32693386,0.35850248,0.20443141
20017,2023-12-26,2,D1,3,D2,4,D3,False,0.003774558,0.036854167,0.18689167,0.3473027,0.306955,0.11822183
20017,2024-01-02,2,D1,3,D2,3,D2,False,0.0064689717,0.07040313,0.24579205,0.35459858,0.25711486,0.06562244
20017,2024-01-09,1,D0,3,D2,2,D1,False,0.0090447245,0.13566963,0.31766918,0.31769356,0.19502836,0.02489459
20017,2024-01-16,1,D0,1,D0,1,D0,True,0.09062682,0.49613893,0.25603777,0.09581888,0.056904417,0.0044732285
20017,2024-01-23,1,D0,1,D0,1,D0,True,0.116402,0.61977816,0.21246709,0.03745739,0.01303207,0.00086332933
20017,2024-01-30,1,D0,1,D0,1,D0,True,0.14958726,0.69800705,0.13874172,0.010979222,0.002519466,0.00016526166
20017,2024-02-06,1,D0,1,D0,1,D0,True,0.12820208,0.7215435,0.14022817,0.008261712,0.0016789807,8.564104e-05
20017,2024-02-13,1,D0,1,D0,1,D0,True,0.040907014,0.66192526,0.2715556,0.021701407,0.0038188137,9.182228e-05
20017,2024-02-20,1,D0,1,D0,1,D0,True,0.42352653,0.5654427,0.010929855,8.224106e-05,1.6838221e-05,1.8671683e-06
20017,2024-02-27,1,D0,1,D0,1,D0,True,0.4831392,0.5090555,0.007745627,4.7395413e-05,1.0836348e-05,1.4692969e-06
20017,2024-03-05,1,D0,1,D0,1,D0,True,0.3729884,0.60673606,0.020152245,0.000106102205,1.551989e-05,1.617273e-06
20017,2024-03-12,1,D0,1,D0,1,D0,True,0.3586121,0.61722815,0.024046293,0.00010117759,1.0921843e-05,1.3706149e-06
20017,2024-03-19,1,D0,1,D0,1,D0,True,0.36562595,0.6091224,0.025140733,9.993708e-05,9.682497e-06,1.3546096e-06
20017,2024-03-26,0,None,1,D0,1,D0,False,0.32821646,0.63661206,0.03500653,0.00014893725,1.3835906e-05,2.048143e-06
20017,2024-04-02,0,None,0,None,1,D0,False,0.50749755,0.48308638,0.009382747,2.8238408e-05,4.349552e-06,7.338435e-07
20017,2024-04-09,0,None,1,D0,1,D0,False,0.39311627,0.58483386,0.021962976,7.367907e-05,1.1711969e-05,1.5141611e-06
20017,2024-04-16,1,D0,1,D0,1,D0,True,0.2976931,0.6600052,0.04210951,0.00016542709,2.3362521e-05,3.299683e-06
20017,2024-04-23,1,D0,1,D0,1,D0,True,0.0061014974,0.58446366,0.39960635,0.009396612,0.00041698868,1.4889791e-05
20017,2024-04-30,1,D0,1,D0,1,D0,True,0.01674653,0.62380564,0.35093385,0.007959739,0.0005228108,3.138744e-05
20017,2024-05-07,1,D0,1,D0,1,D0,True,0.16793363,0.6940873,0.13546911,0.002209194,0.00025714564,4.3590815e-05
20017,2024-05-14,1,D0,1,D0,1,D0,True,0.2063682,0.6684044,0.12214532,0.002630765,0.00037927713,7.203145e-05
20017,2024-05-21,0,None,1,D0,1,D0,False,0.26814023,0.62479454,0.10358144,0.0028653597,0.0004959825,0.0001223972
20017,2024-05-28,0,None,0,None,0,None,True,0.6353497,0.36122862,0.0033778714,2.9028459e-05,1.0485173e-05,4.330574e-06
20017,2024-06-04,0,None,0,None,0,None,True,0.6513646,0.34616652,0.0024346705,2.1258811e-05,8.79962e-06,4.1244643e-06
20017,2024-06-11,0,None,0,None,0,None,True,0.7038735,0.29447663,0.0016206574,1.70902e-05,8.065867e-06,4.080311e-06
20017,2024-06-18,0,None,0,None,0,None,True,0.7671149,0.23205724,0.0008093963,9.720381e-06,5.653381e-06,3.0844578e-06
20017,2024-06-25,0,None,0,None,0,None,True,0.7727895,0.22648145,0.00071220094,8.631484e-06,5.1517836e-06,3.1271716e-06
20017,2024-07-02,0,None,0,None,0,None,True,0.77574676,0.22351435,0.0007183847,9.91401e-06,6.127816e-06,4.51736e-06
20017,2024-07-09,0,None,0,None,0,None,True,0.733065,0.26592985,0.0009784114,1.2815793e-05,7.5884022e-06,6.334653e-06
20017,2024-07-16,0,None,0,None,0,None,True,0.6786065,0.3201111,0.0012462381,1.642649e-05,9.892483e-06,9.857384e-06
20017,2024-07-23,0,None,0,None,0,None,True,0.63489825,0.3633492,0.0016984472,2.252594e-05,1.3622626e-05,1.8028624e-05
20017,2024-07-30,1,D0,0,None,0,None,False,0.6120851,0.38556206,0.0022529024,3.4053173e-05,2.1987724e-05,4.3901677e-05
20017,2024-08-06,1,D0,1,D0,1,D0,True,0.09889837,0.65159,0.22236544,0.018751344,0.0034407612,0.004954098
20017,2024-08-13,1,D0,1,D0,1,D0,True,0.09234049,0.6840999,0.19639193,0.016261278,0.0035104968,0.0073959175
20017,2024-08-20,1,D0,1,D0,1,D0,True,0.22127412,0.70091105,0.07044999,0.0020768736,0.0007032789,0.0045846705
20017,2024-08-27,1,D0,1,D0,1,D0,True,0.23911543,0.6924181,0.060530722,0.001907342,0.0007418508,0.0052866093
20017,2024-09-03,1,D0,1,D0,1,D0,True,0.20338446,0.7087681,0.07784612,0.0026789857,0.0010223635,0.0062999977
20017,2024-09-10,1,D0,1,D0,1,D0,True,0.18168135,0.7276202,0.08058117,0.0028217577,0.0010852707,0.0062101497
20017,2024-09-17,1,D0,1,D0,1,D0,True,0.14864606,0.74670696,0.09516192,0.0033192479,0.001091321,0.00507453
20017,2024-09-24,1,D0,1,D0,1,D0,True,0.18049616,0.7399024,0.07239044,0.0020409706,0.00073749473,0.00443258
20017,2024-10-01,1,D0,1,D0,1,D0,True,0.19127178,0.73121643,0.07121353,0.0018788328,0.0006636093,0.0037557865
20017,2024-10-08,1,D0,1,D0,1,D0,True,0.070627816,0.69723845,0.20734811,0.016229503,0.0030113861,0.0055447295
20017,2024-10-15,1,D0,1,D0,1,D0,True,0.0356215,0.6260554,0.2908139,0.037822787,0.0049568056,0.0047295284
20017,2024-10-22,2,D1,1,D0,1,D0,False,0.019168707,0.5553671,0.35489166,0.060899526,0.006278836,0.003394216
20017,2024-10-29,2,D1,2,D1,2,D1,True,0.0017935712,0.24095778,0.4785713,0.25265527,0.023065597,0.0029565236
20017,2024-11-05,1,D0,2,D1,2,D1,False,0.004228057,0.24809733,0.4382935,0.2689204,0.03404443,0.0064161653
20017,2024-11-12,1,D0,1,D0,1,D0,True,0.36901957,0.58633804,0.040362805,0.0023619991,0.0008803416,0.0010372632
20017,2024-11-19,0,None,1,D0,1,D0,False,0.48675343,0.49573362,0.016323788,0.00065045577,0.00025074815,0.00028790982
20017,2024-11-26,0,None,0,None,0,None,True,0.65575963,0.34299517,0.0011742689,2.9550272e-05,2.195175e-05,1.9438012e-05
20017,2024-12-03,0,None,0,None,0,None,True,0.6540427,0.34468225,0.0012294537,2.2181002e-05,1.5549549e-05,7.889392e-06
20017,2024-12-10,0,None,0,None,0,None,True,0.6245208,0.3738431,0.0016016291,1.984646e-05,1.1140182e-05,3.4619727e-06
20017,2024-12-17,0,None,0,None,0,None,True,0.5711905,0.42501086,0.003754069,2.9987303e-05,1.2143301e-05,2.5314325e-06
20017,2024-12-24,0,None,0,None,0,None,True,0.5821972,0.41504064,0.0027397969,1.550613e-05,5.780067e-06,1.1504835e-06
20017,2024-12-31,0,None,0,None,0,None,True,0.604682,0.3930927,0.0022107582,1.0010223e-05,3.8939593e-06,6.559774e-07
20017,2025-01-07,0,None,0,None,0,None,True,0.6360431,0.36227405,0.0016735704,6.284288e-06,2.624114e-06,4.145459e-07
20017,2025-01-14,0,None,0,None,0,None,True,0.6035526,0.3933937,0.0030384844,1.1308286e-05,3.5176902e-06,4.538546e-07
20017,2025-01-21,0,None,0,None,0,None,True,0.6068426,0.38909996,0.004039897,1.3559949e-05,3.550698e-06,4.5211766e-07
20017,2025-01-28,0,None,0,None,0,None,True,0.54999226,0.4415878,0.008383837,2.9664478e-05,5.699769e-06,7.250321e-07
20017,2025-02-04,0,None,0,None,1,D0,False,0.522633,0.466949,0.010377221,3.4226112e-05,5.844775e-06,7.352033e-07
20017,2025-02-11,0,None,1,D0,1,D0,False,0.3939197,0.5838677,0.022112558,8.679051e-05,1.191453e-05,1.3391132e-06
20017,2025-02-18,0,None,1,D0,1,D0,False,0.39116895,0.58555096,0.023179311,8.784176e-05,1.1585669e-05,1.3878102e-06
20017,2025-02-25,0,None,1,D0,1,D0,False,0.38177395,0.5928448,0.025254559,0.00010968581,1.537783e-05,1.6080877e-06
20017,2025-03-04,0,None,1,D0,1,D0,False,0.2955642,0.6637548,0.04044312,0.00020848966,2.6756756e-05,2.642744e-06
20017,2025-03-11,0,None,1,D0,1,D0,False,0.20986554,0.7214126,0.06826396,0.00040600452,4.7225018e-05,4.674884e-06
20017,2025-03-18,1,D0,1,D0,1,D0,True,0.12378035,0.759605,0.11567789,0.00083916413,8.978006e-05,7.917749e-06
20017,2025-03-25,2,D1,1,D0,1,D0,False,0.005351016,0.6172501,0.36689958,0.010045373,0.00044166375,1.2283956e-05
20017,2025-04-01,2,D1,2,D1,2,D1,True,0.00010973977,0.23562114,0.625003,0.135683,0.0035579044,2.5274545e-05
20017,2025-04-08,2,D1,2,D1,2,D1,True,4.9356026e-05,0.14379647,0.63391805,0.21492821,0.0072513768,5.654796e-05
20017,2025-04-15,2,D1,2,D1,2,D1,True,3.98462e-05,0.08258777,0.614274,0.28838238,0.014570366,0.00014557963
20017,2025-04-22,2,D1,2,D1,2,D1,True,0.0001373549,0.10807284,0.5680596,0.29975125,0.0233695,0.00060943514
20017,2025-04-29,2,D1,2,D1,2,D1,True,0.00046315516,0.1381784,0.5267865,0.29464573,0.03773577,0.002190409
20017,2025-05-06,3,D2,2,D1,2,D1,False,0.00046318406,0.10118363,0.5047381,0.33432662,0.053711563,0.005576927
20017,2025-05-13,3,D2,2,D1,2,D1,False,0.00056715746,0.076457694,0.47663695,0.35660002,0.0762957,0.013442469
20017,2025-05-20,2,D1,2,D1,2,D1,True,0.0015681458,0.113024235,0.441137,0.32880887,0.09132347,0.024138229
20017,2025-05-27,1,D0,2,D1,2,D1,False,0.004546506,0.16522156,0.40439257,0.27940696,0.117471315,0.028961087
20017,2025-06-03,0,None,1,D0,1,D0,False,0.34059733,0.570364,0.07161715,0.008663949,0.0071614105,0.0015961243
20017,2025-06-10,0,None,0,None,0,None,True,0.67405325,0.32435235,0.0015006589,4.384019e-05,2.935624e-05,2.0600226e-05
20017,2025-06-17,0,None,0,None,0,None,True,0.7422396,0.257303,0.00043388543,1.004532e-05,7.3717483e-06,6.1041064e-06
20017,2025-06-24,0,None,0,None,0,None,True,0.7513048,0.24832864,0.00035121202,6.530396e-06,4.896277e-06,3.995737e-06
20017,2025-07-01,0,None,0,None,0,None,True,0.75707793,0.24255565,0.00035099723,6.27656e-06,5.0419435e-06,4.1643616e-06
20017,2025-07-08,0,None,0,None,0,None,True,0.742298,0.257224,0.00045970728,7.314726e-06,6.229752e-06,4.779834e-06
20017,2025-07-15,0,None,0,None,0,None,True,0.7374437,0.26206005,0.0004752396,7.700941e-06,7.310851e-06,6.0062325e-06
20017,2025-07-22,0,None,0,None,0,None,True,0.7380229,0.26150313,0.0004511738,7.696295e-06,8.229476e-06,6.7648125e-06
20017,2025-07-29,0,None,0,None,0,None,True,0.7453572,0.25412512,0.0004899198,8.9499035e-06,1.0350987e-05,8.426851e-06
20017,2025-08-05,0,None,0,None,0,None,True,0.729835,0.26958779,0.000538649,1.1402698e-05,1.2880901e-05,1.4270483e-05
20017,2025-08-12,0,None,0,None,0,None,True,0.73001635,0.2692824,0.0006396862,1.6048141e-05,1.7371716e-05,2.8049539e-05
20017,2025-08-19,0,None,0,None,0,None,True,0.7299097,0.2692667,0.0007418705,1.9367904e-05,2.0908274e-05,4.1443058e-05
20017,2025-08-26,0,None,0,None,0,None,True,0.71941864,0.27963674,0.0008533116,2.0308045e-05,2.1754631e-05,4.91792e-05
20017,2025-09-02,0,None,0,None,0,None,True,0.7534638,0.24580303,0.0006465632,1.733623e-05,1.9040683e-05,5.0287996e-05
20017,2025-09-09,0,None,0,None,0,None,True,0.7475429,0.2516863,0.00068337267,1.6648295e-05,1.9026242e-05,5.1617084e-05
20017,2025-09-16,0,None,0,None,0,None,True,0.7372965,0.26184428,0.00076532905,1.7423368e-05,1.8603358e-05,5.780333e-05
20017,2025-09-23,0,None,0,None,0,None,True,0.7536855,0.24560688,0.00064137555,1.3353991e-05,1.3202793e-05,3.9707487e-05
20017,2025-09-30,0,None,0,None,0,None,True,0.73576796,0.26343212,0.00074943394,1.2433382e-05,1.0444408e-05,2.769255e-05
20017,2025-10-07,0,None,0,None,0,None,True,0.71219015,0.28689262,0.0008818919,1.0091567e-05,8.064728e-06,1.721202e-05
20017,2025-10-14,0,None,0,None,0,None,True,0.7067168,0.2923785,0.0008799637,7.39052e-06,6.225447e-06,1.11331265e-05
20017,2025-10-21,0,None,0,None,0,None,True,0.70168287,0.29764634,0.00065833447,4.133492e-06,3.5732164e-06,4.7748927e-06
20017,2025-10-28,0,None,0,None,0,None,True,0.6851229,0.3143402,0.0005298575,2.586835e-06,2.2690085e-06,2.0990324e-06
20017,2025-11-04,0,None,0,None,0,None,True,0.6805924,0.31894192,0.00046083322,1.7802065e-06,1.6088669e-06,1.3501405e-06
20017,2025-11-11,0,None,0,None,0,None,True,0.6557516,0.3435881,0.0006538622,2.5335696e-06,2.6397515e-06,1.207404e-06
20017,2025-11-18,0,None,0,None,0,None,True,0.6759761,0.32365432,0.00036491794,1.7798643e-06,2.249071e-06,6.171112e-07
20017,2025-11-25,0,None,0,None,0,None,True,0.69756806,0.30215946,0.000267696,1.6933074e-06,2.5719116e-06,5.3123716e-07
20017,2025-12-02,0,None,0,None,0,None,True,0.70214343,0.29763016,0.00022186605,1.5298049e-06,2.5481838e-06,4.3394525e-07
20017,2025-12-09,0,None,0,None,0,None,True,0.6833588,0.3162612,0.00037325508,2.3502232e-06,3.9071315e-06,5.0417464e-07
20017,2025-12-16,0,None,0,None,0,None,True,0.69687283,0.3028427,0.00027947404,1.6837797e-06,3.0188462e-06,3.5344195e-07
20017,2025-12-23,0,None,0,None,0,None,True,0.6669508,0.33251113,0.00053051696,2.6947694e-06,4.3737377e-06,4.1429968e-07
20017,2025-12-30,0,None,0,None,0,None,True,0.6469464,0.35230598,0.0007406146,2.804121e-06,3.939971e-06,3.4651762e-07
20019,2022-01-04,2,D1,2,D1,2,D1,True,0.0014292159,0.3851136,0.56192535,0.04969135,0.0014499531,0.00039048464
20019,2022-01-11,2,D1,2,D1,2,D1,True,0.0012194833,0.34364715,0.57389045,0.07837878,0.0024166733,0.00044743862
20019,2022-01-18,2,D1,2,D1,2,D1,True,0.00034575225,0.20062079,0.6061447,0.18670811,0.0056594126,0.0005212207
20019,2022-01-25,2,D1,2,D1,2,D1,True,0.00019692043,0.12911019,0.60629827,0.2543421,0.009380613,0.0006719018
20019,2022-02-01,2,D1,2,D1,2,D1,True,0.00016690577,0.09432952,0.5784101,0.31197244,0.0142518645,0.00086915924
20019,2022-02-08,2,D1,2,D1,2,D1,True,0.00017221415,0.08160193,0.5567139,0.34178883,0.018643225,0.0010799011
20019,2022-02-15,3,D2,2,D1,2,D1,False,0.00016339643,0.06920574,0.5371128,0.36839417,0.023659267,0.0014647048
20019,2022-02-22,3,D2,2,D1,2,D1,False,0.00013661447,0.056682777,0.49706453,0.4124935,0.031430546,0.002192115
20019,2022-03-01,3,D2,2,D1,2,D1,False,0.000117787764,0.04583156,0.46103534,0.44876274,0.04075659,0.003495911
20019,2022-03-08,4,D3,3,D2,2,D1,False,0.00012427299,0.04190111,0.4423936,0.4612714,0.048697155,0.0056125
20019,2022-03-15,4,D3,3,D2,2,D1,False,0.00016272094,0.04459949,0.43074736,0.4588311,0.0566921,0.00896726
20019,2022-03-22,3,D2,3,D2,2,D1,False,0.0003105464,0.05777202,0.42874983,0.43775627,0.06276006,0.012651251
20019,2022-03-29,3,D2,2,D1,2,D1,False,0.00033437795,0.052485313,0.42790484,0.427114,0.07233649,0.019824987
20019,2022-04-05,3,D2,3,D2,2,D1,False,0.00022463864,0.030501341,0.40691853,0.44688562,0.08917348,0.026296454
20019,2022-04-12,3,D2,3,D2,3,D2,True,0.00018939658,0.019758048,0.36288306,0.45504332,0.12411951,0.038006645
20019,2022-04-19,3,D2,3,D2,3,D2,True,0.00012949538,0.009062088,0.26814976,0.48857334,0.17422602,0.05985926
20019,2022-04-26,3,D2,3,D2,3,D2,True,0.00019573899,0.009178676,0.23326446,0.46247637,0.20446587,0.090418905
20019,2022-05-03,3,D2,3,D2,3,D2,True,0.00069393776,0.020384222,0.24534681,0.41720536,0.23797923,0.07839039
20019,2022-05-10,2,D1,3,D2,2,D1,True,0.0012890357,0.043481752,0.3272138,0.37067026,0.19537783,0.06196738
20019,2022-05-17,2,D1,2,D1,2,D1,True,0.0013038764,0.05737091,0.3878549,0.34883255,0.1563339,0.048303857
20019,2022-05-24,1,D0,2,D1,2,D1,False,0.0022119898,0.11646961,0.44891927,0.28051725,0.13194935,0.019932443
20019,2022-05-31,1,D0,1,D0,1,D0,True,0.07331238,0.43954477,0.29690918,0.10419501,0.07827756,0.007761174
20019,2022-06-07,0,None,1,D0,1,D0,False,0.14034924,0.5354234,0.2396961,0.048291933,0.033253416,0.0029859543
20019,2022-06-14,0,None,0,None,0,None,True,0.6183088,0.3716198,0.009551498,0.0002840398,0.00018153945,5.4328673e-05
20019,2022-06-21,0,None,0,None,0,None,True,0.66332364,0.33250946,0.004036428,7.265812e-05,4.2683943e-05,1.5132332e-05
20019,2022-06-28,0,None,0,None,0,None,True,0.6485192,0.34760702,0.0037799105,5.4393888e-05,2.8198489e-05,1.130558e-05
20019,2022-07-05,0,None,0,None,0,None,True,0.7111307,0.2874871,0.0013568477,1.4379839e-05,7.4743334e-06,3.4801265e-06
20019,2022-07-12,1,D0,0,None,0,None,False,0.65527356,0.34078532,0.003886672,3.4230805e-05,1.3876274e-05,6.2468253e-06
20019,2022-07-19,2,D1,2,D1,1,D0,False,0.016449366,0.46587506,0.4822193,0.032664362,0.0024688663,0.00032314815
20019,2022-07-26,3,D2,2,D1,2,D1,False,0.0003122713,0.16329782,0.58395493,0.23991798,0.0121681485,0.0003488768
20019,2022-08-02,3,D2,2,D1,2,D1,False,0.00026805635,0.10795558,0.5516705,0.31181273,0.027207635,0.0010854129
20019,2022-08-09,3,D2,2,D1,2,D1,False,0.00012681836,0.05326307,0.5332294,0.3688239,0.042687602,0.0018692405
20019,2022-08-16,4,D3,2,D1,2,D1,False,8.280552e-05,0.035073865,0.5053422,0.39682698,0.059823558,0.0028505528
20019,2022-08-23,4,D3,2,D1,2,D1,False,0.00010827044,0.03635253,0.4867503,0.39919505,0.07312724,0.004466552
20019,2022-08-30,4,D3,3,D2,2,D1,False,8.480988e-05,0.02355097,0.43668047,0.43967247,0.093845285,0.0061659385
20019,2022-09-06,4,D3,3,D2,3,D2,False,6.1447216e-05,0.011119998,0.32627612,0.5145411,0.13563277,0.012368471
20019,2022-09-13,4,D3,3,D2,3,D2,False,7.72779e-05,0.004335167,0.16933976,0.55968326,0.23359299,0.03297164
20019,2022-09-20,5,D4,3,D2,3,D2,False,0.00012775269,0.0037327828,0.10930845,0.5222684,0.2946564,0.069906294
20019,2022-09-27,5,D4,3,D2,4,D3,False,9.094465e-05,0.0013793469,0.05567121,0.46906808,0.35938188,0.11440854
20019,2022-10-04,5,D4,3,D2,4,D3,False,6.461642e-05,0.0006676107,0.035751414,0.4320475,0.38460606,0.14686283
20019,2022-10-11,5,D4,4,D3,4,D3,False,5.023653e-05,0.00048750083,0.031861436,0.4016886,0.4151237,0.1507885
20019,2022-10-18,5,D4,4,D3,4,D3,False,4.2008738e-05,0.00040934977,0.030127235,0.37041384,0.4438717,0.15513587
20019,2022-10-25,5,D4,4,D3,4,D3,False,3.684469e-05,0.00034584434,0.026587062,0.35872206,0.46294582,0.15136233
20019,2022-11-01,5,D4,4,D3,4,D3,False,4.6663663e-05,0.00047730206,0.030037655,0.35106957,0.47061062,0.14775819
20019,2022-11-08,5,D4,4,D3,4,D3,False,8.309517e-05,0.0010418806,0.04241235,0.35697114,0.46839967,0.13109191
20019,2022-11-15,5,D4,4,D3,4,D3,False,8.9650646e-05,0.0012987631,0.049001276,0.36308596,0.4688271,0.11769724
20019,2022-11-22,5,D4,4,D3,4,D3,False,0.00010466821,0.001533081,0.0509813,0.37612456,0.4595585,0.111697905
20019,2022-11-29,5,D4,4,D3,4,D3,False,0.00017923691,0.002359371,0.05804762,0.3933184,0.43645412,0.10964131
20019,2022-12-06,5,D4,4,D3,4,D3,False,0.00019489512,0.002307289,0.056847945,0.39930648,0.43840936,0.102934085
20019,2022-12-13,5,D4,4,D3,4,D3,False,0.00022515915,0.001936337,0.05425375,0.41357964,0.4384502,0.09155492
20019,2022-12-20,5,D4,4,D3,4,D3,False,0.0002832075,0.00206388,0.059047725,0.41499302,0.44868052,0.07493167
20019,2022-12-27,5,D4,4,D3,4,D3,False,0.00034351475,0.0025060647,0.06783071,0.4174213,0.44575062,0.066147745
20019,2023-01-03,5,D4,4,D3,4,D3,False,0.00049785036,0.0037881087,0.08519118,0.41395837,0.43697906,0.0595854
20019,2023-01-10,5,D4,4,D3,4,D3,False,0.00040650685,0.0028599678,0.076787725,0.41449702,0.45299995,0.05244869
20019,2023-01-17,5,D4,4,D3,4,D3,False,0.000523678,0.0034106325,0.082741484,0.40516922,0.4545132,0.053641867
20019,2023-01-24,5,D4,4,D3,4,D3,False,0.0008401333,0.0066878344,0.11333283,0.39102378,0.444214,0.043901443
20019,2023-01-31,5,D4,4,D3,4,D3,False,0.0005764846,0.0049553034,0.10844535,0.3944907,0.4535538,0.037978347
20019,2023-02-07,5,D4,4,D3,4,D3,False,0.00034481115,0.00285001,0.09017726,0.39754367,0.47160962,0.03747464
20019,2023-02-14,5,D4,4,D3,4,D3,False,0.00038188676,0.003436237,0.09813294,0.38793033,0.47516453,0.034954
20019,2023-02-21,5,D4,4,D3,4,D3,False,0.0004624305,0.004148423,0.10733228,0.38041636,0.47540507,0.032235444
20019,2023-02-28,5,D4,4,D3,4,D3,False,0.000431047,0.0035120975,0.097630724,0.3798713,0.48537675,0.03317803
20019,2023-03-07,5,D4,4,D3,4,D3,False,0.00041297823,0.00271812,0.07925589,0.37286463,0.5039615,0.040786806
20019,2023-03-14,5,D4,4,D3,4,D3,False,0.00035992492,0.002075573,0.06447646,0.3638403,0.51528037,0.05396736
20019,2023-03-21,5,D4,4,D3,4,D3,False,0.00029153159,0.0014043739,0.04671121,0.3495912,0.52602136,0.07598032
20019,2023-03-28,5,D4,4,D3,4,D3,False,0.00017976314,0.0007183651,0.033067714,0.33842146,0.53353673,0.09407596
20019,2023-04-04,5,D4,4,D3,4,D3,False,0.0001060562,0.00040662594,0.024205271,0.32846966,0.5370261,0.1097862
20019,2023-04-11,5,D4,4,D3,4,D3,False,7.184577e-05,0.00024806123,0.018827524,0.3222282,0.53652793,0.12209641
20019,2023-04-18,5,D4,4,D3,4,D3,False,5.9741098e-05,0.00019977811,0.016787076,0.32323474,0.5163657,0.14335288
20019,2023-04-25,5,D4,4,D3,4,D3,False,5.0516406e-05,0.00014358228,0.014029327,0.33095756,0.4763693,0.17844962
20019,2023-05-02,5,D4,4,D3,4,D3,False,5.529438e-05,0.00015095159,0.013753692,0.34400555,0.42737484,0.21465966
20019,2023-05-09,5,D4,4,D3,4,D3,False,8.0472855e-05,0.00023895713,0.015067996,0.3563068,0.37995657,0.24834925
20019,2023-05-16,5,D4,3,D2,4,D3,False,0.0003663437,0.0014871187,0.031698667,0.36198816,0.32981586,0.27464384
20019,2023-05-23,5,D4,3,D2,4,D3,False,0.00054347154,0.0036738815,0.053336363,0.35006207,0.3159016,0.27648258
20019,2023-05-30,5,D4,3,D2,4,D3,False,0.0009546161,0.0093979435,0.0884687,0.3393593,0.32252935,0.23929004
20019,2023-06-06,5,D4,3,D2,4,D3,False,0.004047002,0.061555546,0.19839844,0.28889102,0.27557087,0.1715371
20019,2023-06-13,5,D4,3,D2,4,D3,False,0.0021271235,0.0636686,0.24701355,0.30925113,0.26716316,0.110776395
20019,2023-06-20,5,D4,3,D2,4,D3,False,0.00096106326,0.054504063,0.28112054,0.33398843,0.25718108,0.07224484
20019,2023-06-27,5,D4,3,D2,4,D3,False,0.00062989746,0.049825843,0.29531053,0.34445512,0.25212187,0.05765677
20019,2023-07-04,5,D4,3,D2,3,D2,False,0.00065231137,0.05540636,0.30441982,0.34810534,0.23973188,0.05168423
20019,2023-07-11,5,D4,3,D2,2,D1,False,0.0011659662,0.07868279,0.31261417,0.33979434,0.21207087,0.055671904
20019,2023-07-18,5,D4,3,D2,2,D1,False,0.0013167679,0.07437477,0.28919357,0.3189277,0.23416883,0.08201835
20019,2023-07-25,5,D4,4,D3,4,D3,False,0.00096401706,0.044176854,0.21701005,0.2413594,0.29446,0.20202976
20019,2023-08-01,5,D4,4,D3,4,D3,False,0.00087192294,0.035669867,0.19220005,0.21563873,0.27927026,0.27634916
20019,2023-08-08,5,D4,5,D4,4,D3,False,0.001226635,0.038416866,0.16962186,0.19182952,0.26328492,0.33562028
20019,2023-08-15,5,D4,5,D4,4,D3,False,0.0012650492,0.031082654,0.14997092,0.1758403,0.26833928,0.37350184
20019,2023-08-22,5,D4,5,D4,4,D3,False,0.00045326876,0.012453111,0.124157086,0.17051165,0.29674655,0.3956783
20019,2023-08-29,5,D4,5,D4,4,D3,False,0.00018830219,0.0045589334,0.08199128,0.14400671,0.32552958,0.4437252
20019,2023-09-05,5,D4,5,D4,4,D3,False,0.00010715539,0.0021152634,0.044771325,0.11084747,0.34438747,0.4977713
20019,2023-09-12,5,D4,5,D4,5,D4,True,5.0514824e-05,0.00062969216,0.016179938,0.07803006,0.34841776,0.55669206
20019,2023-09-19,5,D4,5,D4,5,D4,True,3.0040343e-05,0.00022056652,0.005516051,0.05363677,0.32867756,0.611919
20019,2023-09-26,5,D4,5,D4,5,D4,True,1.859854e-05,9.726582e-05,0.0028551326,0.044686455,0.32027522,0.6320673
20019,2023-10-03,5,D4,5,D4,5,D4,True,1.482119e-05,7.021298e-05,0.0024176259,0.04630361,0.3304011,0.6207926
20019,2023-10-10,5,D4,5,D4,5,D4,True,1.3198577e-05,5.322609e-05,0.0025016214,0.05683368,0.35090294,0.5896954
20019,2023-10-17,5,D4,5,D4,5,D4,True,1.4540838e-05,5.31966e-05,0.002902463,0.07083854,0.36112258,0.56506866
20019,2023-10-24,5,D4,5,D4,5,D4,True,1.921283e-05,6.78848e-05,0.0034820782,0.0856523,0.36328146,0.5474971
20019,2023-10-31,4,D3,5,D4,4,D3,True,5.4751268e-05,0.00020168518,0.0064822603,0.106897116,0.36377946,0.52258486
20019,2023-11-07,4,D3,5,D4,4,D3,True,8.191798e-05,0.00033247352,0.010375088,0.1533673,0.37231144,0.46353185
20019,2023-11-14,4,D3,4,D3,4,D3,True,0.00014555879,0.00074543257,0.019649593,0.23551829,0.3938415,0.35009968
20019,2023-11-21,4,D3,4,D3,4,D3,True,0.00031727177,0.0019915674,0.036792032,0.28256616,0.38287956,0.2954534
20019,2023-11-28,4,D3,4,D3,4,D3,True,0.00032669594,0.0023255309,0.04473237,0.3252329,0.38053128,0.24685119
20019,2023-12-05,4,D3,4,D3,4,D3,True,0.00028534254,0.0020577558,0.046216954,0.35971957,0.38091037,0.21080993
20019,2023-12-12,4,D3,3,D2,4,D3,True,0.0003985006,0.0033521068,0.06032659,0.38106313,0.3742694,0.18059023
20019,2023-12-19,4,D3,3,D2,4,D3,True,0.0012892209,0.014737577,0.12737198,0.40154442,0.3302872,0.1247697
20019,2023-12-26,3,D2,3,D2,3,D2,True,0.0028931582,0.04002235,0.20698039,0.4125144,0.27192512,0.06566456
20019,2024-01-02,3,D2,3,D2,3,D2,True,0.0026595558,0.051175147,0.2428288,0.43068293,0.23379652,0.038857047
20019,2024-01-09,3,D2,3,D2,3,D2,True,0.004235219,0.102221556,0.31974423,0.38275582,0.1758647,0.015178453
20019,2024-01-16,3,D2,3,D2,2,D1,False,0.0031666355,0.11420152,0.35830435,0.3767818,0.14027862,0.0072671375
20019,2024-01-23,3,D2,3,D2,2,D1,False,0.0019241152,0.10432832,0.3818583,0.38562945,0.12176513,0.004494745
20019,2024-01-30,3,D2,2,D1,2,D1,False,0.0020737008,0.1426777,0.40829524,0.3517864,0.092617884,0.0025490613
20019,2024-02-06,3,D2,2,D1,2,D1,False,0.0014378934,0.14933562,0.4395783,0.32967588,0.07839717,0.0015751326
20019,2024-02-13,3,D2,2,D1,2,D1,False,0.00041826628,0.09387912,0.46877393,0.35744092,0.0784747,0.0010131837
20019,2024-02-20,3,D2,2,D1,2,D1,False,0.00018796319,0.06542381,0.4735814,0.38109225,0.07883911,0.00087548705
20019,2024-02-27,3,D2,2,D1,2,D1,False,0.00012875325,0.05405037,0.4739365,0.39027476,0.08079651,0.0008129865
20019,2024-03-05,3,D2,2,D1,2,D1,False,0.00010631681,0.04061083,0.44940037,0.4160446,0.092768036,0.0010698561
20019,2024-03-12,3,D2,3,D2,2,D1,False,0.00014745184,0.037063856,0.4116872,0.43190876,0.11738733,0.0018053707
20019,2024-03-19,3,D2,3,D2,3,D2,True,0.00017819359,0.032418676,0.3623713,0.45431936,0.14738968,0.0033227857
20019,2024-03-26,3,D2,3,D2,3,D2,True,0.00020305651,0.026157744,0.31841853,0.4601098,0.18936382,0.0057470463
20019,2024-04-02,2,D1,3,D2,3,D2,False,0.00020155332,0.015996097,0.2600769,0.4640035,0.24963139,0.010090525
20019,2024-04-09,2,D1,3,D2,4,D3,False,0.0001376458,0.006505242,0.17605586,0.45434815,0.33972055,0.023232602
20019,2024-04-16,2,D1,4,D3,4,D3,False,8.4380306e-05,0.002819414,0.11403217,0.41646472,0.41973388,0.046865437
20019,2024-04-23,2,D1,4,D3,4,D3,False,0.00013875743,0.0029201452,0.09118366,0.3612482,0.45222017,0.09228915
20019,2024-04-30,2,D1,4,D3,4,D3,False,0.0011354823,0.017639162,0.14753138,0.3025799,0.40771487,0.1233992
20019,2024-05-07,1,D0,4,D3,4,D3,False,0.024645254,0.1405495,0.23636991,0.23406358,0.25931737,0.105054416
20019,2024-05-14,0,None,1,D0,1,D0,False,0.45726237,0.48358452,0.050344005,0.004130052,0.0034148889,0.0012641835
20019,2024-05-21,0,None,0,None,0,None,True,0.75201344,0.24691047,0.0010329977,2.0595991e-05,1.5519843e-05,6.947949e-06
20019,2024-05-28,0,None,0,None,0,None,True,0.822406,0.17716722,0.00041185284,6.9255793e-06,5.760896e-06,2.184151e-06
20019,2024-06-04,0,None,0,None,0,None,True,0.80891806,0.19056506,0.0005030354,6.813666e-06,5.0784006e-06,1.9219542e-06
20019,2024-06-11,0,None,0,None,0,None,True,0.81975275,0.1797317,0.0005014595,6.8497434e-06,5.0908116e-06,2.1717253e-06
20019,2024-06-18,0,None,0,None,0,None,True,0.7889227,0.21026845,0.0007873822,1.0684179e-05,7.1377185e-06,3.6666534e-06
20019,2024-06-25,0,None,0,None,0,None,True,0.77608645,0.22306803,0.00082404853,1.0639355e-05,6.5690037e-06,4.2530382e-06
20019,2024-07-02,0,None,0,None,0,None,True,0.75626993,0.24252415,0.0011709813,1.7019862e-05,9.835799e-06,8.091132e-06
20019,2024-07-09,0,None,0,None,0,None,True,0.71884626,0.27968702,0.0014260499,1.9614525e-05,1.0584433e-05,1.0511883e-05
20019,2024-07-16,1,D0,0,None,0,None,False,0.6601157,0.33804998,0.0017773467,2.5018917e-05,1.3600385e-05,1.832802e-05
20019,2024-07-23,1,D0,1,D0,1,D0,True,0.12440344,0.6070668,0.24831997,0.015435784,0.002122717,0.0026512258
20019,2024-07-30,1,D0,1,D0,1,D0,True,0.04933377,0.58894306,0.32425663,0.031328633,0.0034923635,0.0026455112
20019,2024-08-06,2,D1,1,D0,1,D0,False,0.03873066,0.62226,0.3015683,0.030819895,0.003437596,0.0031836566
20019,2024-08-13,2,D1,2,D1,2,D1,True,0.002728834,0.2755253,0.44418648,0.23384276,0.035730418,0.007986241
20019,2024-08-20,2,D1,2,D1,2,D1,True,0.0011409527,0.11439898,0.4058158,0.35685644,0.097983375,0.023804488
20019,2024-08-27,2,D1,3,D2,2,D1,True,0.00064334244,0.04465255,0.34736776,0.37899986,0.18005766,0.04827881
20019,2024-09-03,2,D1,3,D2,4,D3,False,0.00037163362,0.01708338,0.24542853,0.34789225,0.2989483,0.09027596
20019,2024-09-10,2,D1,4,D3,4,D3,False,0.00018974952,0.006317133,0.14465454,0.29238334,0.41831142,0.13814373
20019,2024-09-17,2,D1,4,D3,4,D3,False,0.00013132233,0.003077696,0.09043356,0.24633382,0.4885054,0.17151815
20019,2024-09-24,2,D1,4,D3,4,D3,False,0.00018515496,0.002566594,0.062755175,0.20319238,0.496556,0.2347446
20019,2024-10-01,2,D1,4,D3,4,D3,False,9.4416755e-05,0.00097421574,0.034378175,0.17035894,0.50159955,0.29259476
20019,2024-10-08,3,D2,4,D3,4,D3,False,5.515269e-05,0.0004585347,0.020517316,0.1692925,0.4784936,0.33118296
20019,2024-10-15,3,D2,4,D3,4,D3,False,6.583508e-05,0.00058829685,0.022903949,0.22399779,0.47105396,0.28139022
20019,2024-10-22,3,D2,4,D3,4,D3,False,6.8814916e-05,0.0005611833,0.021025395,0.27464366,0.47143915,0.2322618
20019,2024-10-29,4,D3,4,D3,4,D3,True,0.00013352475,0.0011221882,0.025829997,0.30645946,0.4562999,0.21015492
20019,2024-11-05,3,D2,3,D2,4,D3,False,0.0015947369,0.017250791,0.097445324,0.36876544,0.35723838,0.15770526
20019,2024-11-12,1,D0,3,D2,3,D2,False,0.005686817,0.091046944,0.29507592,0.3571907,0.21502171,0.035977907
20019,2024-11-19,1,D0,1,D0,1,D0,True,0.28667253,0.5989679,0.10016348,0.009069054,0.0044233007,0.00070376275
20019,2024-11-26,1,D0,1,D0,1,D0,True,0.39938283,0.5758725,0.02381537,0.0006924676,0.00019625941,4.0585594e-05
20019,2024-12-03,1,D0,1,D0,1,D0,True,0.31916523,0.6456206,0.03441584,0.0006602301,0.000118447846,1.9601152e-05
20019,2024-12-10,1,D0,1,D0,1,D0,True,0.20858745,0.7345694,0.055840652,0.0008805073,0.00010876085,1.3268952e-05
20019,2024-12-17,1,D0,1,D0,1,D0,True,0.06924835,0.80053467,0.12845734,0.0016375594,0.000113955255,8.1371645e-06
20019,2024-12-24,1,D0,1,D0,1,D0,True,0.06340016,0.81488454,0.12062402,0.0010090132,7.798979e-05,4.2927413e-06
20019,2024-12-31,1,D0,1,D0,1,D0,True,0.06921915,0.82378167,0.10616798,0.0007599816,6.813516e-05,3.158808e-06
20019,2025-01-07,1,D0,1,D0,1,D0,True,0.10996196,0.8073142,0.08213428,0.00053233193,5.4395412e-05,2.85169e-06
20019,2025-01-14,1,D0,1,D0,1,D0,True,0.083784595,0.8104273,0.10499042,0.0007262496,6.882088e-05,2.6614068e-06
20019,2025-01-21,1,D0,1,D0,1,D0,True,0.07593774,0.8049301,0.11825399,0.000796002,7.960942e-05,2.4614744e-06
20019,2025-01-28,1,D0,1,D0,1,D0,True,0.039097972,0.7936059,0.16587366,0.0013067593,0.00011327102,2.387781e-06
20019,2025-02-04,1,D0,1,D0,1,D0,True,0.03248653,0.78282934,0.18310401,0.0014494454,0.00012827147,2.4372862e-06
20019,2025-02-11,1,D0,1,D0,1,D0,True,0.014567252,0.7341225,0.24856561,0.0025382934,0.00020368946,2.689519e-06
20019,2025-02-18,1,D0,1,D0,1,D0,True,0.013355249,0.72703844,0.25671342,0.002655621,0.00023447232,2.7355343e-06
20019,2025-02-25,2,D1,1,D0,1,D0,False,0.011574449,0.7087445,0.27617472,0.0031894105,0.00031334738,3.565353e-06
20019,2025-03-04,2,D1,2,D1,2,D1,True,8.715907e-05,0.2287801,0.6613472,0.10478599,0.0049915346,7.997032e-06
20019,2025-03-11,1,D0,2,D1,2,D1,False,2.6216696e-05,0.12183049,0.6605866,0.20694049,0.0106021995,1.4046495e-05
20019,2025-03-18,1,D0,2,D1,2,D1,False,0.00018145287,0.21615155,0.6163741,0.15543762,0.011810211,4.5065648e-05
20019,2025-03-25,1,D0,2,D1,2,D1,False,0.0005930325,0.31353444,0.5609092,0.1133749,0.011489998,9.8463475e-05
20019,2025-04-01,1,D0,2,D1,2,D1,False,0.0010164195,0.35186788,0.5415249,0.09549475,0.009941859,0.00015421634
20019,2025-04-08,1,D0,2,D1,2,D1,False,0.0013601226,0.36598822,0.5326746,0.0902425,0.00951761,0.00021691168
20019,2025-04-15,1,D0,2,D1,2,D1,False,0.002894472,0.38454628,0.50443214,0.09522026,0.012378015,0.0005288488
20019,2025-04-22,0,None,1,D0,1,D0,False,0.03368445,0.55723983,0.36157918,0.038931157,0.0076772245,0.0008881144
20019,2025-04-29,0,None,0,None,0,None,True,0.54635984,0.4476893,0.005830704,7.5496864e-05,3.7930324e-05,6.7703063e-06
20019,2025-05-06,0,None,0,None,0,None,True,0.65948683,0.33879927,0.0016724335,2.307522e-05,1.3929277e-05,4.466523e-06
20019,2025-05-13,0,None,0,None,0,None,True,0.6785765,0.31996146,0.0014202333,2.2382967e-05,1.3959975e-05,5.3834206e-06
20019,2025-05-20,0,None,0,None,0,None,True,0.72820914,0.27115214,0.0006134261,1.2001826e-05,8.986296e-06,4.309074e-06
20019,2025-05-27,0,None,0,None,0,None,True,0.73495495,0.2644371,0.0005795048,1.2751616e-05,1.0676182e-05,5.0589047e-06
20019,2025-06-03,0,None,0,None,0,None,True,0.76509255,0.23443075,0.00044940828,1.1240067e-05,1.1209046e-05,4.8870343e-06
20019,2025-06-10,0,None,0,None,0,None,True,0.7771762,0.2223852,0.00041042507,1.0728288e-05,1.2351528e-05,5.1338397e-06
20019,2025-06-17,0,None,0,None,0,None,True,0.7876567,0.2119737,0.00034259987,1.0122525e-05,1.1838518e-05,5.0027434e-06
20019,2025-06-24,0,None,0,None,0,None,True,0.7725389,0.22705647,0.0003778485,1.0489051e-05,1.1334514e-05,4.9985397e-06
20019,2025-07-01,0,None,0,None,0,None,True,0.78270006,0.21686034,0.00041234202,1.1351422e-05,1.0713151e-05,5.2618466e-06
20019,2025-07-08,0,None,0,None,0,None,True,0.7526933,0.24661407,0.0006572414,1.5856347e-05,1.2747556e-05,6.7878445e-06
20019,2025-07-15,0,None,0,None,0,None,True,0.7512905,0.24785616,0.0008206458,1.5587817e-05,1.0820289e-05,6.2258414e-06
20019,2025-07-22,0,None,0,None,0,None,True,0.7689364,0.23036565,0.0006696086,1.2718673e-05,9.202449e-06,6.4377514e-06
20019,2025-07-29,0,None,0,None,0,None,True,0.7853354,0.21408485,0.0005493261,1.1762691e-05,9.416706e-06,9.170715e-06
20019,2025-08-05,0,None,0,None,0,None,True,0.7902083,0.20924789,0.00050394924,1.19600245e-05,1.1904061e-05,1.5962698e-05
20019,2025-08-12,0,None,0,None,0,None,True,0.77898806,0.22045724,0.0004967299,1.3726004e-05,1.5319069e-05,2.8939035e-05
20019,2025-08-19,0,None,0,None,0,None,True,0.7487876,0.2505901,0.0005402406,1.6730271e-05,1.9780944e-05,4.558962e-05
20019,2025-08-26,0,None,0,None,0,None,True,0.71296865,0.28632233,0.00060125836,1.9749295e-05,2.3414857e-05,6.47012e-05
20019,2025-09-02,0,None,0,None,0,None,True,0.7481527,0.25131106,0.00043283336,1.6761132e-05,2.0290274e-05,6.637709e-05
20019,2025-09-09,0,None,0,None,0,None,True,0.7344296,0.2650048,0.0004482656,1.8380937e-05,2.2530916e-05,7.646777e-05
20019,2025-09-16,0,None,0,None,0,None,True,0.7219959,0.27738076,0.00048842345,2.0116766e-05,2.433546e-05,9.046775e-05
20019,2025-09-23,0,None,0,None,0,None,True,0.7449307,0.2546242,0.00036253504,1.3331373e-05,1.562921e-05,5.3683078e-05
20019,2025-09-30,0,None,0,None,0,None,True,0.73957324,0.26001897,0.00035158044,1.1057986e-05,1.1625263e-05,3.350445e-05
20019,2025-10-07,0,None,0,None,0,None,True,0.71502686,0.28454906,0.00039089783,8.640491e-06,7.847093e-06,1.6703498e-05
20019,2025-10-14,1,D0,0,None,0,None,False,0.68824995,0.31124565,0.00048560186,6.9217795e-06,4.8607117e-06,6.9709467e-06
20019,2025-10-21,1,D0,1,D0,1,D0,True,0.32590887,0.5808472,0.09115881,0.0014794797,0.00039157938,0.00021409348
20019,2025-10-28,0,None,1,D0,1,D0,False,0.15665965,0.6886282,0.15224464,0.0020361682,0.00034705477,8.4235e-05
20019,2025-11-04,0,None,0,None,0,None,True,0.6458435,0.35346532,0.0006870087,2.228841e-06,1.2766753e-06,5.9833775e-07
20019,2025-11-11,0,None,0,None,0,None,True,0.65252054,0.3469323,0.00054189435,2.5113675e-06,2.2748175e-06,5.7808506e-07
20019,2025-11-18,0,None,0,None,0,None,True,0.6744319,0.32526115,0.00030283353,1.7583233e-06,1.8664776e-06,4.1960018e-07
20019,2025-11-25,0,None,0,None,0,None,True,0.6805507,0.31918162,0.00026356726,1.7017442e-06,2.0054392e-06,3.6356548e-07
20019,2025-12-02,0,None,0,None,0,None,True,0.6880597,0.31170344,0.00023288104,1.6491877e-06,2.0486866e-06,3.0424766e-07
20019,2025-12-09,1,D0,0,None,0,None,False,0.67066455,0.32893592,0.00039325992,2.7265462e-06,3.1441068e-06,3.6778547e-07
20019,2025-12-16,1,D0,1,D0,1,D0,True,0.18117964,0.73337704,0.083108105,0.0016506301,0.000650937,3.3697062e-05
20019,2025-12-23,1,D0,1,D0,1,D0,True,0.027067238,0.7310787,0.23559706,0.0053968937,0.00084806513,1.20000395e-05
20019,2025-12-30,1,D0,1,D0,1,D0,True,0.012057912,0.71482545,0.2677609,0.0049283477,0.00042338856,4.000428e-06
20021,2022-01-04,0,None,1,D0,1,D0,False,0.2731397,0.68724376,0.039440546,0.00011000027,2.1660211e-05,4.428529e-05
20021,2022-01-11,0,None,1,D0,1,D0,False,0.20738566,0.737857,0.054552216,0.00013907111,2.1971007e-05,4.4186443e-05
20021,2022-01-18,1,D0,1,D0,1,D0,True,0.22851104,0.7336795,0.037686445,8.478547e-05,1.2540598e-05,2.5741503e-05
20021,2022-01-25,1,D0,1,D0,1,D0,True,0.014078372,0.67969763,0.3032635,0.0026944892,0.00012642368,0.00013956439
20021,2022-02-01,2,D1,1,D0,1,D0,False,0.004619519,0.6202599,0.3682206,0.006610246,0.00019256314,9.713509e-05
20021,2022-02-08,1,D0,2,D1,2,D1,False,0.0005018106,0.32745585,0.6022908,0.06841666,0.0011717519,0.00016306077
20021,2022-02-15,1,D0,1,D0,1,D0,True,0.0021595666,0.49915183,0.47071704,0.027030779,0.0007618298,0.00017898854
20021,2022-02-22,1,D0,1,D0,1,D0,True,0.0048567303,0.5892903,0.39101666,0.014184033,0.0005086505,0.00014365089
20021,2022-03-01,1,D0,1,D0,1,D0,True,0.008028705,0.6227589,0.35746664,0.011096753,0.000490882,0.00015811033
20021,2022-03-08,0,None,1,D0,1,D0,False,0.010032097,0.62714607,0.35287187,0.0093306275,0.0004433997,0.00017601631
20021,2022-03-15,0,None,1,D0,1,D0,False,0.43597338,0.5568314,0.007158507,2.7434964e-05,5.437304e-06,3.8295084e-06
20021,2022-03-22,0,None,0,None,0,None,True,0.64532983,0.35354444,0.0011177474,4.8662246e-06,1.5463789e-06,1.5014571e-06
20021,2022-03-29,0,None,0,None,0,None,True,0.67770046,0.3214535,0.0008376448,4.7472167e-06,1.6874084e-06,2.0049538e-06
20021,2022-04-05,0,None,0,None,0,None,True,0.65460646,0.34388095,0.0014976967,9.253946e-06,3.0734946e-06,2.5847332e-06
20021,2022-04-12,0,None,0,None,0,None,True,0.63702667,0.36048752,0.0024611477,1.6532535e-05,5.267497e-06,2.8890076e-06
20021,2022-04-19,0,None,0,None,0,None,True,0.5885289,0.40629932,0.0051161824,3.888925e-05,1.2114175e-05,4.5480215e-06
20021,2022-04-26,0,None,0,None,0,None,True,0.56286085,0.43023434,0.00682731,5.548462e-05,1.6470252e-05,5.568338e-06
20021,2022-05-03,0,None,0,None,0,None,True,0.56588906,0.42763236,0.0064040883,5.426947e-05,1.4854794e-05,5.282123e-06
20021,2022-05-10,0,None,0,None,0,None,True,0.6088701,0.3866049,0.0044665677,4.1732797e-05,1.165954e-05,5.0111203e-06
20021,2022-05-17,0,None,0,None,0,None,True,0.6811079,0.31698692,0.0018770986,1.8743902e-05,6.243241e-06,3.0429476e-06
20021,2022-05-24,0,None,0,None,0,None,True,0.70365334,0.29483306,0.0014867663,1.7230352e-05,6.5735567e-06,3.1075485e-06
20021,2022-05-31,0,None,0,None,0,None,True,0.7265728,0.27229092,0.0011108571,1.5923953e-05,6.191176e-06,3.3686595e-06
20021,2022-06-07,0,None,0,None,0,None,True,0.73553866,0.26327983,0.0011540705,1.7050317e-05,6.8135105e-06,3.5576245e-06
20021,2022-06-14,0,None,0,None,0,None,True,0.7357331,0.26287013,0.0013617035,2.159784e-05,8.611962e-06,4.8525553e-06
20021,2022-06-21,0,None,0,None,0,None,True,0.7291201,0.26921597,0.0016246323,2.4538982e-05,9.521927e-06,5.237517e-06
20021,2022-06-28,1,D0,0,None,0,None,False,0.72470045,0.27345803,0.001797345,2.7980941e-05,1.0085971e-05,5.9888216e-06
20021,2022-07-05,1,D0,1,D0,1,D0,True,0.17474942,0.5844097,0.23000959,0.008999496,0.0013385073,0.0004931998
20021,2022-07-12,2,D1,1,D0,1,D0,False,0.020977627,0.52149934,0.43140194,0.0241818,0.0016852844,0.00025395275
20021,2022-07-19,3,D2,2,D1,2,D1,False,0.0002210884,0.121023715,0.5969114,0.26676533,0.014687124,0.00039141852
20021,2022-07-26,4,D3,2,D1,2,D1,False,0.00011623046,0.06358412,0.58237606,0.32750443,0.025563871,0.0008552304
20021,2022-08-02,4,D3,2,D1,2,D1,False,0.0003013805,0.07340642,0.5453652,0.34160987,0.037056096,0.0022610417
20021,2022-08-09,4,D3,2,D1,2,D1,False,0.00020027098,0.04632391,0.5264478,0.37613165,0.047668077,0.003228419
20021,2022-08-16,4,D3,2,D1,2,D1,False,0.00014868041,0.033477247,0.49357063,0.40281522,0.06569415,0.0042941105
20021,2022-08-23,4,D3,2,D1,2,D1,False,0.00022837374,0.035302125,0.48132572,0.40131372,0.07443598,0.0073941457
20021,2022-08-30,4,D3,3,D2,2,D1,False,0.0001725971,0.021977883,0.43144804,0.44072935,0.094880275,0.010791873
20021,2022-09-06,4,D3,3,D2,3,D2,False,0.00013156787,0.009344081,0.29218307,0.5207376,0.1529653,0.024638344
20021,2022-09-13,4,D3,3,D2,3,D2,False,0.00014360636,0.0030552042,0.121232346,0.543843,0.26586452,0.06586141
20021,2022-09-20,5,D4,3,D2,3,D2,False,0.00019278331,0.0033948857,0.09704076,0.534357,0.26824313,0.09677138
20021,2022-09-27,5,D4,3,D2,3,D2,False,0.00011399082,0.0014287056,0.053154133,0.5009977,0.30942395,0.13488147
20021,2022-10-04,5,D4,3,D2,4,D3,False,7.09675e-05,0.00065877056,0.031369925,0.45763555,0.3523091,0.1579556
20021,2022-10-11,5,D4,3,D2,4,D3,False,5.4843167e-05,0.0004527266,0.02436604,0.40529594,0.39960134,0.1702291
20021,2022-10-18,5,D4,4,D3,4,D3,False,4.2963264e-05,0.00037174037,0.023480363,0.37954944,0.43702066,0.1595349
20021,2022-10-25,4,D3,4,D3,4,D3,True,3.2106673e-05,0.00029013536,0.021043912,0.37573394,0.46040243,0.14249747
20021,2022-11-01,4,D3,4,D3,4,D3,True,3.6949365e-05,0.00035524205,0.023613881,0.36776933,0.47952944,0.1286951
20021,2022-11-08,4,D3,4,D3,4,D3,True,5.6403267e-05,0.00063615706,0.03187782,0.36867905,0.49415493,0.10459563
20021,2022-11-15,4,D3,4,D3,4,D3,True,5.490695e-05,0.0007337465,0.038777605,0.3780226,0.50737697,0.07503416
20021,2022-11-22,4,D3,4,D3,4,D3,True,5.276229e-05,0.00084654836,0.04484916,0.40362877,0.49394962,0.0566732
20021,2022-11-29,4,D3,4,D3,4,D3,True,7.553388e-05,0.001297509,0.058129057,0.4179812,0.46871617,0.053800438
20021,2022-12-06,4,D3,4,D3,4,D3,True,9.5862815e-05,0.0015231015,0.061671995,0.43276557,0.44941702,0.054526385
20021,2022-12-13,3,D2,4,D3,4,D3,False,0.00011863189,0.0015619044,0.06405269,0.43745998,0.4405342,0.056272537
20021,2022-12-20,3,D2,3,D2,4,D3,False,0.0001703741,0.001843489,0.07115881,0.441699,0.42662394,0.058504276
20021,2022-12-27,3,D2,3,D2,4,D3,False,0.00033324095,0.0027967137,0.08410893,0.46027684,0.39029735,0.06218684
20021,2023-01-03,3,D2,3,D2,4,D3,False,0.0006004106,0.0048683966,0.10446846,0.4573038,0.37384856,0.0589104
20021,2023-01-10,3,D2,3,D2,4,D3,False,0.0005010712,0.00371761,0.09346464,0.4586485,0.38306797,0.060600147
20021,2023-01-17,3,D2,3,D2,4,D3,False,0.0006553341,0.003955701,0.09014639,0.44505313,0.39627278,0.06391669
20021,2023-01-24,3,D2,3,D2,4,D3,False,0.0011627036,0.0074434383,0.1192128,0.43494424,0.3785393,0.058697566
20021,2023-01-31,3,D2,3,D2,4,D3,False,0.0007196196,0.004533407,0.10226797,0.44766977,0.3917979,0.053011417
20021,2023-02-07,3,D2,3,D2,4,D3,False,0.0003425336,0.002449542,0.08299539,0.46735972,0.3582942,0.08855861
20021,2023-02-14,2,D1,3,D2,4,D3,False,0.00031539678,0.0022007148,0.0740995,0.46378613,0.358727,0.1008713
20021,2023-02-21,2,D1,3,D2,4,D3,False,0.00035564468,0.0022765733,0.068237215,0.4550388,0.34361485,0.13047694
20021,2023-02-28,2,D1,3,D2,4,D3,False,0.0002914526,0.0016842108,0.05633454,0.43983543,0.3307717,0.1710827
20021,2023-03-07,2,D1,3,D2,3,D2,False,0.00026546,0.0013622972,0.047326,0.4085207,0.28984743,0.25267813
20021,2023-03-14,2,D1,3,D2,3,D2,False,0.0008931005,0.0034207352,0.0545691,0.3909264,0.26918158,0.28100908
20021,2023-03-21,2,D1,3,D2,3,D2,False,0.0011453523,0.0041142046,0.049970627,0.38393795,0.24877481,0.3120571
20021,2023-03-28,2,D1,3,D2,3,D2,False,0.00045105125,0.0016291763,0.034945536,0.38801655,0.24022762,0.3347301
20021,2023-04-04,2,D1,3,D2,3,D2,False,0.00020088126,0.00078557414,0.025471332,0.3851664,0.2300728,0.358303
20021,2023-04-11,2,D1,3,D2,3,D2,False,9.6457465e-05,0.0003621299,0.018401725,0.38282317,0.2300772,0.36823928
20021,2023-04-18,2,D1,3,D2,3,D2,False,8.5372645e-05,0.00032793146,0.016963392,0.37909257,0.22525476,0.37827602
20021,2023-04-25,2,D1,5,D4,3,D2,False,7.7933546e-05,0.0002666896,0.014376202,0.37184903,0.21893,0.39450008
20021,2023-05-02,3,D2,5,D4,3,D2,True,0.00010081744,0.000318878,0.014815738,0.37119672,0.21717346,0.39639437
20021,2023-05-09,2,D1,5,D4,3,D2,False,8.470132e-05,0.0003462281,0.01694593,0.37633425,0.2267684,0.3795205
20021,2023-05-16,2,D1,3,D2,3,D2,False,0.0003659363,0.0021308672,0.03855019,0.3825997,0.23617266,0.34018067
20021,2023-05-23,2,D1,3,D2,3,D2,False,0.0011931844,0.009342811,0.07863027,0.37158656,0.25919068,0.2800565
20021,2023-05-30,2,D1,3,D2,4,D3,False,0.0026484272,0.027789555,0.13852133,0.32495725,0.28145438,0.22462906
20021,2023-06-06,2,D1,3,D2,4,D3,False,0.009281714,0.10161788,0.21051261,0.2570628,0.25586975,0.16565521
20021,2023-06-13,2,D1,3,D2,4,D3,False,0.0032304144,0.079523064,0.2455155,0.29625225,0.2679627,0.1075161
20021,2023-06-20,2,D1,3,D2,4,D3,False,0.0015695972,0.069429986,0.27368563,0.31613243,0.26590034,0.07328206
20021,2023-06-27,2,D1,3,D2,4,D3,False,0.0010951029,0.071553595,0.29349646,0.33028337,0.25129882,0.052272696
20021,2023-07-04,2,D1,3,D2,2,D1,True,0.00065199006,0.056733295,0.31412694,0.34947225,0.23248455,0.046531044
20021,2023-07-11,3,D2,3,D2,2,D1,False,0.0011218125,0.075600006,0.31267354,0.3352223,0.22124563,0.054136705
20021,2023-07-18,3,D2,3,D2,4,D3,False,0.001117824,0.06613733,0.28153774,0.3150141,0.24860024,0.08759273
20021,2023-07-25,3,D2,4,D3,4,D3,False,0.00083484215,0.038943768,0.21105209,0.23891973,0.30267993,0.2075697
20021,2023-08-01,3,D2,4,D3,4,D3,False,0.00079468626,0.03241961,0.185387,0.21212658,0.2863797,0.28289247
20021,2023-08-08,2,D1,5,D4,4,D3,False,0.0011253067,0.034392115,0.16143624,0.18613273,0.26951733,0.34739625
20021,2023-08-15,1,D0,5,D4,4,D3,False,0.0011523872,0.02734399,0.14178832,0.1694631,0.27326688,0.38698533
20021,2023-08-22,1,D0,1,D0,1,D0,True,0.09103845,0.3504199,0.10692734,0.064004086,0.1009232,0.286687
20021,2023-08-29,1,D0,1,D0,1,D0,True,0.15529418,0.6352345,0.10738913,0.021549301,0.02052809,0.06000488
20021,2023-09-05,1,D0,1,D0,1,D0,True,0.14484932,0.7151844,0.10014259,0.010916768,0.0073207193,0.021586202
20021,2023-09-12,1,D0,1,D0,1,D0,True,0.11537904,0.74193716,0.11523703,0.009469897,0.0045916685,0.01338522
20021,2023-09-19,1,D0,1,D0,1,D0,True,0.111391336,0.7697113,0.10060005,0.0062016724,0.0028934397,0.009202184
20021,2023-09-26,0,None,1,D0,1,D0,False,0.106636606,0.7723308,0.10460631,0.0059328945,0.0025258542,0.007967478
20021,2023-10-03,0,None,1,D0,1,D0,False,0.4182363,0.5785901,0.0029170571,3.690302e-05,2.4901701e-05,0.00019477235
20021,2023-10-10,0,None,0,None,1,D0,False,0.50393766,0.49429008,0.0016521704,1.793869e-05,1.3188465e-05,8.8963134e-05
20021,2023-10-17,0,None,0,None,1,D0,False,0.5245689,0.47380388,0.0015497453,1.3778375e-05,9.12124e-06,5.4479257e-05
20021,2023-10-24,0,None,1,D0,1,D0,False,0.45182452,0.5431003,0.004929606,4.438438e-05,1.822537e-05,8.294703e-05
20021,2023-10-31,0,None,0,None,1,D0,False,0.506668,0.4908308,0.002440974,1.7950872e-05,7.268249e-06,3.5052908e-05
20021,2023-11-07,0,None,0,None,1,D0,False,0.5183701,0.47943932,0.0021438487,1.5231087e-05,5.8912233e-06,2.5647354e-05
20021,2023-11-14,0,None,1,D0,1,D0,False,0.47290736,0.52224386,0.0047682025,3.564648e-05,9.926237e-06,3.4916637e-05
20021,2023-11-21,0,None,0,None,1,D0,False,0.53539014,0.46240345,0.0021705881,1.5352867e-05,4.4153594e-06,1.6119262e-05
20021,2023-11-28,0,None,0,None,1,D0,False,0.53902835,0.45865777,0.0022844102,1.4879605e-05,3.8359017e-06,1.0761933e-05
20021,2023-12-05,1,D0,0,None,1,D0,True,0.51692414,0.479451,0.0035893158,2.1044854e-05,4.406506e-06,1.0088663e-05
20021,2023-12-12,1,D0,1,D0,1,D0,True,0.118677676,0.7820061,0.09807924,0.0010720652,9.2826376e-05,7.214903e-05
20021,2023-12-19,1,D0,1,D0,1,D0,True,0.1223057,0.7926606,0.08418255,0.0007597087,5.2162028e-05,3.9340932e-05
20021,2023-12-26,0,None,1,D0,1,D0,False,0.20656045,0.7502977,0.042802326,0.00029511945,2.0332076e-05,2.39912e-05
20021,2024-01-02,0,None,0,None,0,None,True,0.6687959,0.33098927,0.0002136582,7.215493e-07,1.7904362e-07,2.958029e-07
20021,2024-01-09,0,None,0,None,0,None,True,0.7843805,0.21552184,9.667883e-05,5.432794e-07,2.0857577e-07,2.6866027e-07
20021,2024-01-16,0,None,0,None,0,None,True,0.8072323,0.192666,0.00010039683,7.0108865e-07,2.8958303e-07,3.2460565e-07
20021,2024-01-23,0,None,0,None,0,None,True,0.7858961,0.21396317,0.00013910541,8.872967e-07,3.2947852e-07,3.2968944e-07
20021,2024-01-30,0,None,0,None,0,None,True,0.7958589,0.20400457,0.0001348894,9.383305e-07,3.16057e-07,2.7808247e-07
20021,2024-02-06,0,None,0,None,0,None,True,0.7896971,0.21015525,0.00014615766,9.815191e-07,3.204695e-07,2.2311396e-07
20021,2024-02-13,0,None,0,None,0,None,True,0.7674097,0.23237269,0.00021574032,1.2592184e-06,4.1544854e-07,2.0953973e-07
20021,2024-02-20,0,None,0,None,0,None,True,0.72304535,0.2765328,0.00041908372,1.959792e-06,5.938154e-07,2.2708102e-07
20021,2024-02-27,1,D0,0,None,0,None,False,0.71195865,0.28741515,0.0006226486,2.6007242e-06,7.8419544e-07,2.1373997e-07
20021,2024-03-05,1,D0,1,D0,1,D0,True,0.046135705,0.71808076,0.23225704,0.0033244982,0.00018310829,1.8793771e-05
20021,2024-03-12,1,D0,1,D0,1,D0,True,0.020912964,0.70392346,0.2714795,0.0035287,0.00014664307,8.785932e-06
20021,2024-03-19,1,D0,1,D0,1,D0,True,0.019861432,0.7091996,0.2677399,0.0030647514,0.00012615557,8.09375e-06
20021,2024-03-26,1,D0,1,D0,1,D0,True,0.009810406,0.6623177,0.3226086,0.005079975,0.00017460198,8.721569e-06
20021,2024-04-02,0,None,1,D0,1,D0,False,0.0062099104,0.62244785,0.36357298,0.0075216596,0.00023704783,1.05352165e-05
20021,2024-04-09,0,None,1,D0,1,D0,False,0.41759866,0.56746954,0.014882403,4.3483757e-05,4.459085e-06,1.5062573e-06
20021,2024-04-16,0,None,1,D0,1,D0,False,0.42661563,0.5552836,0.018023547,6.646133e-05,7.767713e-06,2.9916287e-06
20021,2024-04-23,1,D0,0,None,1,D0,True,0.5135208,0.47765625,0.008787021,2.9491715e-05,4.3154096e-06,2.1638903e-06
20021,2024-04-30,0,None,1,D0,1,D0,False,0.10317626,0.6890102,0.20400347,0.0034359393,0.00029532996,7.886337e-05
20021,2024-05-07,0,None,0,None,0,None,True,0.56453633,0.42926657,0.0061575496,3.092719e-05,5.450775e-06,3.1377622e-06
20021,2024-05-14,0,None,0,None,0,None,True,0.61441,0.38176262,0.0037945334,2.361629e-05,6.4939163e-06,2.8271884e-06
20021,2024-05-21,0,None,0,None,0,None,True,0.7597648,0.23959601,0.00063120946,4.3640875e-06,2.7620165e-06,8.732311e-07
20021,2024-05-28,0,None,0,None,0,None,True,0.8120208,0.18749414,0.00047586623,4.1130315e-06,4.302112e-06,8.797293e-07
20021,2024-06-04,0,None,0,None,0,None,True,0.81481534,0.18452807,0.00064373674,5.260147e-06,6.5011727e-06,1.1015285e-06
20021,2024-06-11,0,None,0,None,0,None,True,0.8424508,0.15694875,0.0005874555,5.04991e-06,6.6915877e-06,1.1816483e-06
20021,2024-06-18,0,None,0,None,0,None,True,0.8270821,0.17203012,0.0008670444,8.033715e-06,1.0686024e-05,2.105482e-06
20021,2024-06-25,1,D0,0,None,0,None,False,0.82394993,0.1751858,0.00084422197,7.480633e-06,1.0393489e-05,2.153344e-06
20021,2024-07-02,1,D0,0,None,0,None,False,0.5816697,0.3975565,0.020179337,0.00031034494,0.00022960831,5.4457243e-05
20021,2024-07-09,0,None,1,D0,1,D0,False,0.16344571,0.593325,0.23260315,0.0074724467,0.0027623465,0.00039134998
20021,2024-07-16,0,None,0,None,0,None,True,0.69961464,0.2975671,0.00278091,1.7372682e-05,1.5822792e-05,4.091686e-06
20021,2024-07-23,0,None,0,None,0,None,True,0.704784,0.2930899,0.0020907496,1.5658019e-05,1.4794138e-05,4.914653e-06
20021,2024-07-30,1,D0,0,None,0,None,False,0.6827632,0.31444448,0.0027362367,2.4682051e-05,2.1309384e-05,1.0035475e-05
20021,2024-08-06,1,D0,1,D0,1,D0,True,0.04333764,0.52522725,0.40849167,0.019090287,0.002857139,0.0009959826
20021,2024-08-13,2,D1,1,D0,1,D0,False,0.059534755,0.5718772,0.34998053,0.015216936,0.0022286235,0.0011619774
20021,2024-08-20,2,D1,2,D1,2,D1,True,0.0011564296,0.18315516,0.5834962,0.21207666,0.018125499,0.0019899749
20021,2024-08-27,2,D1,2,D1,2,D1,True,0.0010594253,0.13272862,0.57373893,0.26118788,0.02736589,0.0039192177
20021,2024-09-03,2,D1,2,D1,2,D1,True,0.0012266326,0.09547676,0.5209196,0.32532656,0.047947887,0.0091025
20021,2024-09-10,2,D1,2,D1,2,D1,True,0.0011505786,0.0610795,0.43049842,0.40169612,0.083612226,0.021963123
20021,2024-09-17,2,D1,3,D2,3,D2,False,0.00024209186,0.012133003,0.2631273,0.48420268,0.1791571,0.06113788
20021,2024-09-24,3,D2,3,D2,3,D2,True,0.00024764444,0.0051192753,0.13885447,0.4143548,0.26109996,0.18032388
20021,2024-10-01,3,D2,3,D2,4,D3,False,9.318497e-05,0.0014266617,0.06637687,0.35225898,0.31167755,0.26816678
20021,2024-10-08,3,D2,5,D4,4,D3,False,4.7458096e-05,0.00030909906,0.018494902,0.22667144,0.3099168,0.44456032
20021,2024-10-15,3,D2,5,D4,5,D4,False,2.8925628e-05,0.00013125963,0.008281252,0.16944341,0.25594833,0.5661668
20021,2024-10-22,4,D3,5,D4,5,D4,False,1.7887742e-05,6.763323e-05,0.005210825,0.1739909,0.2418542,0.5788586
20021,2024-10-29,4,D3,5,D4,5,D4,False,2.5759835e-05,0.000101019505,0.005183031,0.19050765,0.2487562,0.55542636
20021,2024-11-05,3,D2,5,D4,5,D4,False,0.00046926909,0.0021965106,0.020603906,0.24581113,0.27206925,0.45884988
20021,2024-11-12,3,D2,4,D3,4,D3,False,0.011107971,0.058103863,0.15105218,0.24503498,0.35846755,0.17623349
20021,2024-11-19,2,D1,4,D3,4,D3,False,0.008791643,0.098407395,0.26607493,0.2361844,0.3165576,0.07398409
20021,2024-11-26,2,D1,2,D1,4,D3,False,0.0059464825,0.12662043,0.3194843,0.22587839,0.28713536,0.034935147
20021,2024-12-03,2,D1,2,D1,2,D1,True,0.0019367051,0.10569707,0.3771675,0.25292027,0.2430999,0.019178536
20021,2024-12-10,2,D1,2,D1,2,D1,True,0.00085410086,0.09019764,0.42120662,0.26904714,0.20918508,0.0095094135
20021,2024-12-17,1,D0,2,D1,2,D1,False,0.0003415988,0.06745811,0.44429135,0.3059364,0.17675827,0.0052142544
20021,2024-12-24,1,D0,1,D0,1,D0,True,0.11484716,0.6664668,0.17383409,0.0201124,0.02382641,0.0009131835
20021,2024-12-31,1,D0,1,D0,1,D0,True,0.21966228,0.71983296,0.057803936,0.0016411718,0.0009916944,6.793017e-05
20021,2025-01-07,1,D0,1,D0,1,D0,True,0.21048974,0.74564344,0.043175463,0.00050026056,0.00017100091,2.0069407e-05
20021,2025-01-14,1,D0,1,D0,1,D0,True,0.097032875,0.82674956,0.07549185,0.000611236,0.00010434262,1.01533815e-05
20021,2025-01-21,1,D0,1,D0,1,D0,True,0.062225614,0.8305107,0.106448226,0.0007298317,7.843479e-05,7.1928007e-06
20021,2025-01-28,1,D0,1,D0,1,D0,True,0.026616901,0.7809139,0.19096573,0.0014192666,7.939227e-05,4.798371e-06
20021,2025-02-04,1,D0,1,D0,1,D0,True,0.017529234,0.76294255,0.21757394,0.0018737534,7.6781536e-05,3.8478265e-06
20021,2025-02-11,1,D0,1,D0,1,D0,True,0.007950739,0.7281463,0.260533,0.0032539456,0.00011279191,3.1725442e-06
20021,2025-02-18,1,D0,1,D0,1,D0,True,0.007563426,0.7236721,0.2652297,0.0034121666,0.000119316195,3.2750036e-06
20021,2025-02-25,1,D0,1,D0,1,D0,True,0.0068917456,0.7059574,0.28283748,0.004130966,0.00017898378,3.3961721e-06
20021,2025-03-04,1,D0,1,D0,1,D0,True,0.0026174504,0.6062197,0.3783966,0.012252388,0.0005081796,5.6965873e-06
20021,2025-03-11,0,None,1,D0,1,D0,False,0.001714089,0.5271344,0.44452983,0.02551951,0.0010908586,1.1339596e-05
20021,2025-03-18,0,None,1,D0,1,D0,False,0.20341168,0.74112034,0.054992106,0.00041469824,5.668002e-05,4.5246666e-06
20021,2025-03-25,1,D0,1,D0,1,D0,True,0.4694908,0.5169174,0.013486636,8.315486e-05,1.9023562e-05,2.9742823e-06
20021,2025-04-01,1,D0,1,D0,1,D0,True,0.37113634,0.5919175,0.036550194,0.00032761393,5.539738e-05,1.3001561e-05
20021,2025-04-08,0,None,1,D0,1,D0,False,0.35071024,0.60736644,0.04146755,0.0003723605,6.628601e-05,1.7032671e-05
20021,2025-04-15,0,None,0,None,0,None,True,0.6197322,0.37681076,0.0034260878,2.1523576e-05,7.640983e-06,1.7663738e-06
20021,2025-04-22,0,None,0,None,0,None,True,0.6662681,0.33214304,0.0015722216,1.066882e-05,4.610957e-06,1.3670318e-06
20021,2025-04-29,0,None,0,None,0,None,True,0.6937052,0.30511734,0.0011560069,1.3430119e-05,5.6597532e-06,2.354418e-06
20021,2025-05-06,0,None,0,None,0,None,True,0.6739013,0.32453758,0.0015285781,2.0378031e-05,8.870958e-06,3.3061656e-06
20021,2025-05-13,0,None,0,None,0,None,True,0.6674452,0.3305272,0.0019762334,3.2426527e-05,1.3459786e-05,5.516219e-06
20021,2025-05-20,0,None,0,None,0,None,True,0.6926438,0.30602875,0.0012858598,2.5038496e-05,1.11062e-05,5.362086e-06
20021,2025-05-27,0,None,0,None,0,None,True,0.6999459,0.29878527,0.0012232577,2.6921107e-05,1.220148e-05,6.3990265e-06
20021,2025-06-03,0,None,0,None,0,None,True,0.71939814,0.2795536,0.0010034478,2.5442863e-05,1.2421165e-05,6.9364623e-06
20021,2025-06-10,0,None,0,None,0,None,True,0.7315245,0.26754472,0.00088653306,2.3277315e-05,1.36125045e-05,7.3418696e-06
20021,2025-06-17,0,None,0,None,0,None,True,0.7584519,0.24088408,0.0006243538,1.8495773e-05,1.4003506e-05,7.2879134e-06
20021,2025-06-24,0,None,0,None,0,None,True,0.7490141,0.25037313,0.0005776239,1.4805995e-05,1.3890611e-05,6.4741716e-06
20021,2025-07-01,0,None,0,None,0,None,True,0.75346303,0.24590687,0.00059669255,1.4146178e-05,1.3143916e-05,6.2011127e-06
20021,2025-07-08,0,None,0,None,0,None,True,0.6989059,0.30021477,0.0008389138,1.8810992e-05,1.45629965e-05,7.090767e-06
20021,2025-07-15,0,None,0,None,0,None,True,0.6948186,0.30426395,0.0008757335,1.9454403e-05,1.4015397e-05,8.181902e-06
20021,2025-07-22,0,None,0,None,0,None,True,0.71574175,0.283467,0.0007519781,1.7190354e-05,1.3048952e-05,8.991166e-06
20021,2025-07-29,0,None,0,None,0,None,True,0.74481595,0.2544727,0.0006718735,1.5734158e-05,1.2083693e-05,1.166501e-05
20021,2025-08-05,1,D0,0,None,0,None,False,0.7371277,0.26217845,0.000645727,1.6511081e-05,1.4551161e-05,1.7017808e-05
20021,2025-08-12,0,None,1,D0,1,D0,False,0.45948824,0.5122619,0.024369184,0.0012996746,0.000757989,0.0018230359
20021,2025-08-19,0,None,0,None,0,None,True,0.5553918,0.43956268,0.0042689936,0.0001876275,0.0001543632,0.00043456611
20021,2025-08-26,1,D0,0,None,0,None,False,0.5460044,0.44959527,0.003709055,0.00014644631,0.00012280013,0.0004219402
20021,2025-09-02,1,D0,0,None,1,D0,True,0.5086898,0.4833712,0.006611331,0.00029500865,0.00021681741,0.00081581913
20021,2025-09-09,1,D0,1,D0,1,D0,True,0.4802555,0.50913185,0.008619236,0.00040126138,0.0002886972,0.0013035099
20021,2025-09-16,2,D1,1,D0,1,D0,False,0.43661073,0.54939413,0.011321464,0.00050899887,0.0003396884,0.0018249734
20021,2025-09-23,2,D1,1,D0,1,D0,False,0.09359093,0.46316993,0.25420487,0.077626824,0.038525272,0.07288209
20021,2025-09-30,2,D1,2,D1,1,D0,False,0.026449058,0.26681107,0.3398579,0.21977085,0.08052301,0.066588126
20021,2025-10-07,2,D1,2,D1,2,D1,True,0.008342395,0.1794393,0.39775813,0.30947644,0.075962074,0.029021649
20021,2025-10-14,2,D1,2,D1,2,D1,True,0.0010336965,0.07281159,0.428131,0.41152072,0.07472863,0.011774374
20021,2025-10-21,2,D1,2,D1,2,D1,True,0.0004969265,0.06446853,0.4507225,0.4231872,0.05647745,0.0046473825
20021,2025-10-28,2,D1,2,D1,2,D1,True,0.0016522311,0.14343986,0.43230265,0.367181,0.051784698,0.0036396517
20021,2025-11-04,2,D1,2,D1,2,D1,True,0.0014947045,0.15153062,0.45065182,0.34579486,0.048233032,0.0022950366
20021,2025-11-11,2,D1,2,D1,2,D1,True,0.001013919,0.14728017,0.46641925,0.3381242,0.045605805,0.0015565992
20021,2025-11-18,2,D1,2,D1,2,D1,True,0.002234324,0.23824543,0.49292612,0.22437777,0.041154984,0.0010614126
20021,2025-11-25,1,D0,2,D1,2,D1,False,0.0036696305,0.30913386,0.48625535,0.16360003,0.03663827,0.0007028178
20021,2025-12-02,1,D0,1,D0,1,D0,True,0.16355139,0.7479563,0.083658166,0.003751099,0.001025683,5.746325e-05
20021,2025-12-09,1,D0,1,D0,1,D0,True,0.113220625,0.78282195,0.10076407,0.0026462236,0.0005224587,2.4646823e-05
20021,2025-12-16,1,D0,1,D0,1,D0,True,0.11825547,0.8039003,0.076132245,0.0013750836,0.00032230397,1.4577708e-05
20021,2025-12-23,2,D1,1,D0,1,D0,False,0.0037239485,0.58706325,0.38359523,0.023246938,0.0023535776,1.7101695e-05
20021,2025-12-30,2,D1,2,D1,2,D1,True,0.00011315702,0.26242822,0.6220192,0.11139935,0.0040302994,9.833027e-06
20023,2022-01-04,3,D2,3,D2,3,D2,True,6.8903406e-05,0.003512479,0.1564437,0.49875712,0.33034316,0.010874707
20023,2022-01-11,3,D2,3,D2,4,D3,False,9.816818e-05,0.0025482906,0.11770204,0.47105882,0.39503238,0.013560249
20023,2022-01-18,3,D2,3,D2,4,D3,False,0.00013335938,0.0019260462,0.09292233,0.45716387,0.43137938,0.01647496
20023,2022-01-25,3,D2,4,D3,4,D3,False,0.00015033482,0.0014337421,0.07045849,0.44082516,0.46461093,0.022521395
20023,2022-02-01,3,D2,4,D3,4,D3,False,0.00014908334,0.0011171849,0.05781812,0.42750216,0.4856275,0.027785923
20023,2022-02-08,3,D2,4,D3,4,D3,False,0.00015438431,0.0008985383,0.047077484,0.40925464,0.50663626,0.035978653
20023,2022-02-15,3,D2,4,D3,4,D3,False,0.00013396221,0.0005690541,0.032824073,0.3829157,0.53284764,0.050709452
20023,2022-02-22,3,D2,4,D3,4,D3,False,0.0001240081,0.00034369947,0.020588482,0.34344736,0.5543226,0.081173815
20023,2022-03-01,3,D2,4,D3,4,D3,False,0.00011128595,0.00022293771,0.014772902,0.31646574,0.5612624,0.10716477
20023,2022-03-08,3,D2,4,D3,4,D3,False,0.00011141838,0.00016197047,0.0120475525,0.3036005,0.55438405,0.12969452
20023,2022-03-15,3,D2,4,D3,4,D3,False,0.00013386273,0.00018188628,0.013574568,0.30775502,0.53541446,0.14294016
20023,2022-03-22,2,D1,4,D3,4,D3,False,0.00018725607,0.00027484683,0.017422311,0.3257981,0.51609063,0.14022684
20023,2022-03-29,2,D1,4,D3,4,D3,False,0.0001672439,0.0003015805,0.018343525,0.33295292,0.5072356,0.1409992
20023,2022-04-05,2,D1,4,D3,4,D3,False,9.435224e-05,0.00019776993,0.016093295,0.34853578,0.48084232,0.15423647
20023,2022-04-12,2,D1,4,D3,4,D3,False,7.294683e-05,0.00020161613,0.01691821,0.36138436,0.4464137,0.17500919
20023,2022-04-19,2,D1,4,D3,4,D3,False,5.219195e-05,0.00013052998,0.013913288,0.36143827,0.41254646,0.21191931
20023,2022-04-26,2,D1,3,D2,4,D3,False,7.39597e-05,0.00017954574,0.01443734,0.3527329,0.34722635,0.2853499
20023,2022-05-03,2,D1,5,D4,5,D4,False,0.00017176887,0.00052010594,0.020361658,0.2998095,0.27218294,0.40695405
20023,2022-05-10,2,D1,5,D4,5,D4,False,0.0003613562,0.0013211902,0.033247214,0.27956587,0.25061277,0.43489167
20023,2022-05-17,2,D1,5,D4,5,D4,False,0.00044450798,0.0022902382,0.05055917,0.2753404,0.24192268,0.429443
20023,2022-05-24,2,D1,5,D4,4,D3,False,0.0018106014,0.012073239,0.11845726,0.30210772,0.23465109,0.33090013
20023,2022-05-31,2,D1,3,D2,2,D1,True,0.011736378,0.08176114,0.244267,0.2755085,0.19743875,0.18928817
20023,2022-06-07,2,D1,2,D1,2,D1,True,0.009727372,0.12358002,0.33069012,0.27601638,0.1598952,0.100090876
20023,2022-06-14,2,D1,2,D1,2,D1,True,0.0024464417,0.08543011,0.39803204,0.31227097,0.1335499,0.06827059
20023,2022-06-21,2,D1,2,D1,2,D1,True,0.0011313126,0.075827435,0.43581143,0.32032725,0.12232797,0.044574637
20023,2022-06-28,2,D1,2,D1,2,D1,True,0.0006942393,0.07464761,0.44240814,0.32356212,0.1252615,0.03342634
20023,2022-07-05,3,D2,2,D1,2,D1,False,0.00028422952,0.055304497,0.43385872,0.3450202,0.14243107,0.023101248
20023,2022-07-12,3,D2,2,D1,2,D1,False,0.00013033123,0.03149439,0.42606702,0.36413267,0.15924959,0.018925974
20023,2022-07-19,3,D2,2,D1,2,D1,False,0.00010153434,0.020834537,0.4168917,0.37594053,0.16760005,0.018631708
20023,2022-07-26,3,D2,2,D1,2,D1,False,0.00023554773,0.02968693,0.40891352,0.37031984,0.16510823,0.025735952
20023,2022-08-02,4,D3,2,D1,2,D1,False,0.00082050747,0.05305502,0.39971548,0.3472525,0.15979405,0.03936242
20023,2022-08-09,4,D3,3,D2,2,D1,False,0.0005356373,0.032566044,0.35769257,0.36436084,0.17164232,0.07320263
20023,2022-08-16,4,D3,3,D2,3,D2,False,0.0003276434,0.015293842,0.27066734,0.3641566,0.22308308,0.12647155
20023,2022-08-23,4,D3,3,D2,3,D2,False,0.0004587261,0.016348945,0.23352681,0.33366102,0.23296301,0.18304145
20023,2022-08-30,4,D3,4,D3,4,D3,True,0.00016760342,0.0033760981,0.114299424,0.29338473,0.33563486,0.2531373
20023,2022-09-06,4,D3,4,D3,4,D3,True,6.692169e-05,0.000494781,0.030118154,0.17901902,0.40585142,0.3844497
20023,2022-09-13,4,D3,5,D4,4,D3,True,2.7205144e-05,0.00010558876,0.007169741,0.099508636,0.4031794,0.4900094
20023,2022-09-20,4,D3,5,D4,4,D3,True,3.0024712e-05,0.00010511432,0.0058004605,0.08941688,0.3902526,0.51439494
20023,2022-09-27,4,D3,5,D4,4,D3,True,1.7346647e-05,5.5003806e-05,0.0037018096,0.084869586,0.39405638,0.5172998
20023,2022-10-04,4,D3,5,D4,4,D3,True,1.255857e-05,4.0146097e-05,0.0030644238,0.08786785,0.39819908,0.510816
20023,2022-10-11,4,D3,5,D4,4,D3,True,1.3214531e-05,4.462943e-05,0.003420209,0.09640109,0.40005124,0.50006956
20023,2022-10-18,4,D3,5,D4,4,D3,True,1.712461e-05,6.057831e-05,0.003958017,0.10901603,0.39629614,0.49065208
20023,2022-10-25,3,D2,5,D4,4,D3,False,2.348698e-05,7.5199205e-05,0.0039807474,0.1243476,0.3951864,0.47638655
20023,2022-11-01,3,D2,5,D4,4,D3,False,5.1981315e-05,0.00018057702,0.0063278573,0.16929868,0.40818518,0.41595566
20023,2022-11-08,3,D2,4,D3,4,D3,False,0.000120007484,0.00044298405,0.010442255,0.20754543,0.4132105,0.36823878
20023,2022-11-15,3,D2,4,D3,4,D3,False,0.00015104775,0.00056905276,0.013327936,0.23842376,0.41905698,0.3284712
20023,2022-11-22,3,D2,4,D3,4,D3,False,0.00019245164,0.0007226065,0.017145904,0.28056479,0.4244812,0.27689308
20023,2022-11-29,3,D2,4,D3,4,D3,False,0.00029482975,0.0011420612,0.025596842,0.31262362,0.42530885,0.23503384
20023,2022-12-06,3,D2,4,D3,4,D3,False,0.00032089074,0.0013065562,0.031510126,0.33065942,0.43254223,0.20366079
20023,2022-12-13,3,D2,4,D3,4,D3,False,0.0003174423,0.0014607996,0.039089292,0.35781962,0.43294826,0.1683646
20023,2022-12-20,3,D2,4,D3,4,D3,False,0.00032665452,0.0017808788,0.046831794,0.37786648,0.43337247,0.13982171
20023,2022-12-27,3,D2,4,D3,4,D3,False,0.00037492806,0.002336118,0.054071482,0.38523465,0.4274981,0.1304847
20023,2023-01-03,3,D2,4,D3,4,D3,False,0.00054542127,0.0039120773,0.0699604,0.39221933,0.41354898,0.11981376
20023,2023-01-10,3,D2,4,D3,4,D3,False,0.00041597916,0.003207672,0.06914399,0.39687362,0.42109844,0.109260246
20023,2023-01-17,3,D2,4,D3,4,D3,False,0.00049215544,0.0040118615,0.079061985,0.3959745,0.4175786,0.10288088
20023,2023-01-24,3,D2,3,D2,4,D3,False,0.0007752631,0.008311579,0.11219674,0.39513296,0.3913468,0.09223663
20023,2023-01-31,3,D2,3,D2,4,D3,False,0.000535937,0.006713935,0.11221256,0.4007228,0.39945138,0.08036337
20023,2023-02-07,3,D2,4,D3,4,D3,False,0.00030482005,0.0042727697,0.098300405,0.40084675,0.41703337,0.079241976
20023,2023-02-14,3,D2,4,D3,4,D3,False,0.00033838523,0.0050876522,0.10530908,0.39549646,0.41428825,0.07948009
20023,2023-02-21,3,D2,4,D3,4,D3,False,0.00041408977,0.0058204173,0.10550037,0.38234606,0.4188729,0.08704624
20023,2023-02-28,3,D2,4,D3,4,D3,False,0.0003598414,0.004380118,0.085502185,0.35918564,0.4408876,0.10968457
20023,2023-03-07,3,D2,4,D3,4,D3,False,0.00034166375,0.0033664897,0.0684245,0.3414012,0.45744848,0.12901771
20023,2023-03-14,3,D2,4,D3,4,D3,False,0.00032614492,0.0031645268,0.06883923,0.33431187,0.46724856,0.12610964
20023,2023-03-21,3,D2,4,D3,4,D3,False,0.00029903895,0.0026267972,0.059888635,0.3316247,0.4745696,0.13099119
20023,2023-03-28,3,D2,4,D3,4,D3,False,0.00020707143,0.0015592243,0.04716389,0.3236836,0.49243438,0.13495187
20023,2023-04-04,3,D2,4,D3,4,D3,False,0.00013714842,0.00095460354,0.037045542,0.31298158,0.5048919,0.14398924
20023,2023-04-11,3,D2,4,D3,4,D3,False,0.00010062768,0.0006426309,0.030898795,0.29888317,0.5183922,0.15108259
20023,2023-04-18,3,D2,4,D3,4,D3,False,8.782447e-05,0.00057702104,0.02823209,0.27971599,0.518823,0.17256398
20023,2023-04-25,3,D2,4,D3,4,D3,False,7.955803e-05,0.00043588274,0.02141812,0.2549648,0.5198253,0.20327629
20023,2023-05-02,3,D2,4,D3,4,D3,False,8.9312925e-05,0.0004170057,0.019001713,0.23631321,0.51638335,0.22779538
20023,2023-05-09,3,D2,4,D3,4,D3,False,0.00013374857,0.0006316418,0.020885287,0.23321348,0.50537825,0.23975757
20023,2023-05-16,2,D1,4,D3,4,D3,False,0.0005743303,0.00336934,0.045687295,0.24083759,0.47422126,0.23531024
20023,2023-05-23,2,D1,4,D3,4,D3,False,0.00066769874,0.0053208717,0.067999825,0.25514534,0.46160072,0.20926555
20023,2023-05-30,2,D1,4,D3,4,D3,False,0.0023534,0.020478653,0.11504634,0.2513865,0.41464916,0.19608591
20023,2023-06-06,2,D1,4,D3,4,D3,False,0.01277584,0.113688596,0.21548447,0.24271803,0.28517243,0.13016059
20023,2023-06-13,1,D0,2,D1,2,D1,False,0.013850903,0.16030304,0.26664704,0.2575167,0.2147655,0.086916745
20023,2023-06-20,1,D0,1,D0,1,D0,True,0.100536846,0.47092888,0.2646596,0.082936294,0.05226337,0.028674992
20023,2023-06-27,1,D0,1,D0,1,D0,True,0.13054647,0.5873579,0.21540417,0.03733604,0.016633986,0.012721408
20023,2023-07-04,1,D0,1,D0,1,D0,True,0.13146009,0.61228067,0.21097757,0.026872234,0.010061143,0.008348262
20023,2023-07-11,1,D0,1,D0,1,D0,True,0.2123269,0.62038946,0.14196955,0.014220918,0.0051203514,0.0059728734
20023,2023-07-18,1,D0,1,D0,1,D0,True,0.22522168,0.6085901,0.13798675,0.015534335,0.0051975898,0.0074694697
20023,2023-07-25,1,D0,1,D0,1,D0,True,0.17605957,0.5565764,0.1810199,0.037155196,0.016287796,0.032901138
20023,2023-08-01,1,D0,1,D0,1,D0,True,0.16904975,0.57118344,0.15723318,0.034925923,0.018668301,0.048939407
20023,2023-08-08,0,None,1,D0,1,D0,False,0.16655156,0.60293335,0.1430531,0.026976807,0.015329195,0.045156036
20023,2023-08-15,0,None,1,D0,1,D0,False,0.38216072,0.59326476,0.016200265,0.0013516968,0.001228697,0.0057938
20023,2023-08-22,0,None,1,D0,1,D0,False,0.31388357,0.61445946,0.046406467,0.0047753053,0.0035384241,0.01693669
20023,2023-08-29,0,None,1,D0,1,D0,False,0.21514544,0.63750225,0.09638905,0.011925663,0.0067435903,0.032294076
20023,2023-09-05,1,D0,1,D0,1,D0,True,0.19416942,0.6700008,0.097714365,0.010105996,0.00510333,0.022906207
20023,2023-09-12,0,None,1,D0,1,D0,False,0.12936048,0.6814206,0.15246004,0.016563196,0.005304369,0.014891289
20023,2023-09-19,0,None,1,D0,1,D0,False,0.13493513,0.7089771,0.13245334,0.011042079,0.0033122222,0.009280127
20023,2023-09-26,1,D0,1,D0,1,D0,True,0.14129926,0.71582496,0.1275314,0.008956917,0.0021179833,0.004269495
20023,2023-10-03,1,D0,1,D0,1,D0,True,0.118356965,0.7215492,0.14500478,0.010418641,0.0019631367,0.002707273
20023,2023-10-10,1,D0,1,D0,1,D0,True,0.088573806,0.7170559,0.17877017,0.012432277,0.0017359365,0.0014318541
20023,2023-10-17,1,D0,1,D0,1,D0,True,0.03376905,0.6497217,0.28497767,0.028451687,0.0024114915,0.0006684439
20023,2023-10-24,1,D0,1,D0,1,D0,True,0.022485524,0.62970257,0.31944072,0.02634008,0.0017612517,0.00026984693
20023,2023-10-31,1,D0,1,D0,1,D0,True,0.02756056,0.6532097,0.2980077,0.019742861,0.0013191717,0.00015990753
20023,2023-11-07,1,D0,1,D0,1,D0,True,0.020319972,0.64377207,0.31640062,0.018506698,0.00094031164,6.0344508e-05
20023,2023-11-14,2,D1,1,D0,1,D0,False,0.010383329,0.5957479,0.3675355,0.025276612,0.0010237619,3.2883694e-05
20023,2023-11-21,2,D1,1,D0,1,D0,False,0.004293281,0.49004665,0.44741035,0.05613149,0.002076229,4.1948257e-05
20023,2023-11-28,2,D1,2,D1,1,D0,False,0.002025989,0.40921125,0.49984622,0.086288705,0.0025937916,3.404142e-05
20023,2023-12-05,1,D0,2,D1,2,D1,False,0.0010064082,0.35116965,0.52995795,0.11503925,0.0028016132,2.5159858e-05
20023,2023-12-12,1,D0,2,D1,1,D0,True,0.0014680822,0.40835065,0.5016832,0.08615815,0.002318891,2.1090562e-05
20023,2023-12-19,1,D0,1,D0,1,D0,True,0.0043543368,0.5478252,0.4058642,0.040400133,0.001536989,1.8986537e-05
20023,2023-12-26,1,D0,1,D0,1,D0,True,0.01290351,0.6746332,0.29030424,0.021135997,0.001003022,1.99893e-05
20023,2024-01-02,1,D0,1,D0,1,D0,True,0.009304082,0.62752,0.33627707,0.025807776,0.0010717765,1.9292098e-05
20023,2024-01-09,1,D0,1,D0,1,D0,True,0.017185405,0.67931205,0.28167045,0.02070751,0.0010999738,2.4616427e-05
20023,2024-01-16,1,D0,1,D0,1,D0,True,0.013903649,0.62667346,0.33095184,0.0270564,0.0013860019,2.8737371e-05
20023,2024-01-23,1,D0,1,D0,1,D0,True,0.007478431,0.54808295,0.41287008,0.030349184,0.0011997409,1.9692538e-05
20023,2024-01-30,1,D0,1,D0,1,D0,True,0.17414998,0.76471627,0.060251523,0.00083542767,4.397263e-05,2.85517e-06
20023,2024-02-06,1,D0,1,D0,1,D0,True,0.250783,0.7097453,0.039119627,0.0003295756,2.0850537e-05,1.6642969e-06
20023,2024-02-13,0,None,1,D0,1,D0,False,0.16647376,0.77100086,0.06205911,0.00043625172,2.8628412e-05,1.4858409e-06
20023,2024-02-20,0,None,0,None,1,D0,False,0.5255737,0.4691144,0.005296829,1.3205316e-05,1.7703024e-06,1.5402019e-07
20023,2024-02-27,0,None,0,None,0,None,True,0.5646973,0.4307371,0.004551742,1.1646765e-05,2.033968e-06,1.4749098e-07
20023,2024-03-05,0,None,1,D0,1,D0,False,0.46617836,0.52250844,0.01127608,3.1943677e-05,4.8975817e-06,2.5352566e-07
20023,2024-03-12,0,None,1,D0,1,D0,False,0.45985353,0.52731675,0.012790258,3.368489e-05,5.4571137e-06,2.8243346e-07
20023,2024-03-19,0,None,0,None,1,D0,False,0.50951743,0.4813821,0.009073203,2.222423e-05,4.8889156e-06,2.3396538e-07
20023,2024-03-26,0,None,0,None,1,D0,False,0.4980656,0.49017593,0.0117167095,3.2777145e-05,8.570234e-06,3.8108695e-07
20023,2024-04-02,0,None,1,D0,1,D0,False,0.4432935,0.53683096,0.019789346,6.628256e-05,1.9137498e-05,6.86536e-07
20023,2024-04-09,0,None,1,D0,1,D0,False,0.25784117,0.68172485,0.060141176,0.00023463194,5.6472203e-05,1.7158479e-06
20023,2024-04-16,1,D0,1,D0,1,D0,True,0.1625804,0.72899765,0.10784371,0.00047834832,9.691638e-05,3.0208412e-06
20023,2024-04-23,1,D0,1,D0,1,D0,True,0.007774654,0.58866245,0.3954174,0.0075780153,0.0005600653,7.359385e-06
20023,2024-04-30,1,D0,1,D0,1,D0,True,0.045483544,0.6728771,0.27765802,0.0035486955,0.00041644752,1.6150958e-05
20023,2024-05-07,1,D0,1,D0,1,D0,True,0.12695187,0.6813397,0.18867643,0.0025947015,0.00040714652,3.0137622e-05
20023,2024-05-14,1,D0,1,D0,1,D0,True,0.11585869,0.67467564,0.20517632,0.0036242027,0.0006199744,4.514722e-05
20023,2024-05-21,1,D0,1,D0,1,D0,True,0.14247249,0.6614324,0.19124804,0.0040103365,0.0007612636,7.552613e-05
20023,2024-05-28,1,D0,1,D0,1,D0,True,0.015601404,0.5009774,0.43542743,0.04141851,0.006279872,0.00029537614
20023,2024-06-04,0,None,2,D1,1,D0,False,0.010151266,0.4496479,0.46316862,0.06641878,0.010214173,0.00039931835
20023,2024-06-11,0,None,0,None,0,None,True,0.5436779,0.44078496,0.0151144285,0.000264817,0.0001287355,2.9133354e-05
20023,2024-06-18,0,None,0,None,0,None,True,0.579864,0.40891978,0.010839972,0.00020762134,0.00013026748,3.8278446e-05
20023,2024-06-25,0,None,0,None,0,None,True,0.60485244,0.38721707,0.007662672,0.00013749955,9.6013515e-05,3.436761e-05
20023,2024-07-02,0,None,0,None,0,None,True,0.6113049,0.38137206,0.0070321215,0.00014318293,0.0001001514,4.7626e-05
20023,2024-07-09,0,None,0,None,0,None,True,0.5902243,0.39728883,0.011888926,0.0002836932,0.00019670786,0.000117514726
20023,2024-07-16,1,D0,0,None,0,None,False,0.5554533,0.42091778,0.02216463,0.0006415924,0.00044196096,0.00038074303
20023,2024-07-23,1,D0,2,D1,1,D0,True,0.048708335,0.42223206,0.43984124,0.06700262,0.015719939,0.0064958646
20023,2024-07-30,1,D0,2,D1,1,D0,True,0.02186385,0.39939657,0.45909914,0.09591346,0.01790427,0.0058227745
20023,2024-08-06,1,D0,2,D1,1,D0,True,0.017993597,0.44022438,0.44114047,0.082667604,0.01309755,0.0048763617
20023,2024-08-13,1,D0,1,D0,1,D0,True,0.048916318,0.53044367,0.36706886,0.039117392,0.009039221,0.0054146135
20023,2024-08-20,1,D0,1,D0,1,D0,True,0.067931324,0.5376737,0.34518722,0.032841843,0.008915886,0.0074499957
20023,2024-08-27,1,D0,1,D0,1,D0,True,0.073966205,0.5429887,0.33111256,0.03260125,0.009303018,0.010028253
20023,2024-09-03,1,D0,1,D0,1,D0,True,0.06138603,0.5437123,0.33736557,0.037410293,0.009362298,0.010763461
20023,2024-09-10,1,D0,1,D0,1,D0,True,0.03862388,0.5243615,0.36526403,0.051066607,0.010529666,0.010154379
20023,2024-09-17,1,D0,1,D0,1,D0,True,0.029073782,0.5377766,0.36684853,0.04933395,0.00872058,0.008246568
20023,2024-09-24,1,D0,1,D0,1,D0,True,0.05316574,0.5953037,0.3084851,0.028144438,0.0059311716,0.008969875
20023,2024-10-01,1,D0,1,D0,1,D0,True,0.03134309,0.5371248,0.35910702,0.054146968,0.009230784,0.009047326
20023,2024-10-08,1,D0,1,D0,1,D0,True,0.018048087,0.475226,0.4031031,0.084278,0.011474118,0.007870628
20023,2024-10-15,2,D1,1,D0,1,D0,False,0.017753763,0.44688642,0.4074518,0.103824586,0.014561928,0.009521479
20023,2024-10-22,2,D1,2,D1,2,D1,True,0.0005336519,0.07361873,0.44161907,0.4160321,0.059405964,0.008790516
20023,2024-10-29,2,D1,3,D2,2,D1,True,0.00037456778,0.05095926,0.4106646,0.44964626,0.076595955,0.011759418
20023,2024-11-05,2,D1,2,D1,2,D1,True,0.00467972,0.13597956,0.34536535,0.33796462,0.13286935,0.043141384
20023,2024-11-12,1,D0,2,D1,4,D3,False,0.029573381,0.19721219,0.24477209,0.19674867,0.23274846,0.098945245
20023,2024-11-19,1,D0,0,None,1,D0,True,0.48308864,0.4563511,0.036821324,0.0065327417,0.011965222,0.0052409978
20023,2024-11-26,1,D0,0,None,0,None,False,0.5627896,0.42474097,0.0102490615,0.0007316444,0.0010564927,0.00043221144
20023,2024-12-03,1,D0,0,None,1,D0,True,0.49298516,0.49006438,0.015637254,0.0005765454,0.00055720203,0.00017940893
20023,2024-12-10,1,D0,1,D0,1,D0,True,0.42263693,0.5492017,0.026915884,0.0006625537,0.0004678509,0.00011503359
20023,2024-12-17,1,D0,1,D0,1,D0,True,0.29691625,0.64003396,0.06125675,0.0011870528,0.00051279576,9.3149785e-05
20023,2024-12-24,1,D0,1,D0,1,D0,True,0.28937662,0.655547,0.054112572,0.0006871276,0.00023121877,4.5407367e-05
20023,2024-12-31,1,D0,1,D0,1,D0,True,0.29649746,0.6578702,0.04502877,0.0004423921,0.000134875,2.6276575e-05
20023,2025-01-07,1,D0,1,D0,1,D0,True,0.32579866,0.6461576,0.027777998,0.00019986022,5.4388005e-05,1.1515526e-05
20023,2025-01-14,1,D0,1,D0,1,D0,True,0.22375134,0.7300197,0.04588115,0.00028323728,5.6308345e-05,8.302552e-06
20023,2025-01-21,1,D0,1,D0,1,D0,True,0.19354226,0.7426525,0.063398235,0.00034982513,4.9638515e-05,7.5987214e-06
20023,2025-01-28,1,D0,1,D0,1,D0,True,0.08598679,0.78629005,0.12693782,0.00072506856,5.48119e-05,5.3941253e-06
20023,2025-02-04,1,D0,1,D0,1,D0,True,0.0668378,0.78641504,0.1458914,0.0008034455,4.793305e-05,4.4477492e-06
20023,2025-02-11,1,D0,1,D0,1,D0,True,0.030107902,0.75552124,0.21279392,0.0015052777,6.62609e-05,5.441921e-06
20023,2025-02-18,1,D0,1,D0,1,D0,True,0.028208092,0.7515848,0.2184418,0.0016880743,7.135351e-05,5.785698e-06
20023,2025-02-25,1,D0,1,D0,1,D0,True,0.03974598,0.75545275,0.20301646,0.0016914326,8.638853e-05,6.9118228e-06
20023,2025-03-04,1,D0,1,D0,1,D0,True,0.06202319,0.7658019,0.17053594,0.0015349544,9.468546e-05,9.355775e-06
20023,2025-03-11,0,None,1,D0,1,D0,False,0.050985318,0.7279441,0.21833292,0.00255375,0.00016634367,1.7562666e-05
20023,2025-03-18,0,None,0,None,0,None,True,0.5719686,0.4219788,0.006013888,2.9237317e-05,7.616035e-06,1.761335e-06
20023,2025-03-25,0,None,0,None,0,None,True,0.61503744,0.3813908,0.003547381,1.666114e-05,6.2927056e-06,1.4272483e-06
20023,2025-04-01,0,None,0,None,0,None,True,0.63200694,0.36524975,0.0027231472,1.2848513e-05,5.9128324e-06,1.3843162e-06
20023,2025-04-08,0,None,0,None,0,None,True,0.6374097,0.35988578,0.0026818677,1.3662342e-05,7.119813e-06,1.7867017e-06
20023,2025-04-15,0,None,0,None,0,None,True,0.64839154,0.34926698,0.002316654,1.398116e-05,8.65572e-06,2.1154826e-06
20023,2025-04-22,0,None,0,None,0,None,True,0.674297,0.32456496,0.0011222131,8.252991e-06,5.584386e-06,1.9763556e-06
20023,2025-04-29,0,None,0,None,0,None,True,0.7057476,0.2934495,0.000788976,7.0686674e-06,4.833734e-06,2.0056887e-06
20023,2025-05-06,1,D0,0,None,0,None,False,0.67883164,0.31998864,0.0011609546,1.0168815e-05,6.3134366e-06,2.3035159e-06
20023,2025-05-13,1,D0,1,D0,1,D0,True,0.17227821,0.622395,0.19645698,0.0073031336,0.0012182746,0.00034841726
20023,2025-05-20,1,D0,1,D0,1,D0,True,0.19413641,0.62967163,0.17073633,0.0045627854,0.0006959191,0.00019685694
20023,2025-05-27,1,D0,1,D0,1,D0,True,0.3299848,0.5746294,0.09280404,0.0020655214,0.00038019827,0.00013595427
20023,2025-06-03,1,D0,1,D0,1,D0,True,0.38245916,0.5521774,0.06341408,0.0015037598,0.0003134288,0.00013208682
20023,2025-06-10,1,D0,0,None,1,D0,True,0.4877046,0.47288957,0.038180392,0.0008783342,0.00024942993,9.770574e-05
20023,2025-06-17,1,D0,0,None,1,D0,True,0.5207549,0.45086938,0.027209794,0.00076390133,0.00028782213,0.000114214075
20023,2025-06-24,1,D0,0,None,1,D0,True,0.4860326,0.47470102,0.03757228,0.0011079005,0.00043372498,0.00015253121
20023,2025-07-01,1,D0,0,None,1,D0,True,0.49099648,0.47006175,0.037102338,0.0011427114,0.0005184673,0.00017823183
20023,2025-07-08,1,D0,1,D0,1,D0,True,0.3146006,0.5602339,0.11803031,0.004847208,0.0017547116,0.00053332036
20023,2025-07-15,1,D0,1,D0,1,D0,True,0.28354704,0.57026565,0.1368957,0.006151323,0.002316531,0.00082374626
20023,2025-07-22,1,D0,1,D0,1,D0,True,0.4601476,0.4783546,0.058472242,0.0018010661,0.00083744567,0.00038708546
20023,2025-07-29,1,D0,0,None,1,D0,True,0.48765936,0.45906237,0.050337218,0.0015701496,0.0008836924,0.00048714897
20023,2025-08-05,1,D0,0,None,1,D0,True,0.520224,0.44872758,0.029328959,0.0008289598,0.0005485897,0.00034205575
20023,2025-08-12,0,None,0,None,0,None,True,0.5356411,0.44069222,0.022148319,0.00064245943,0.00050091033,0.00037500638
20023,2025-08-19,0,None,0,None,0,None,True,0.69667715,0.3023011,0.00094844133,1.9553658e-05,2.7142956e-05,2.658719e-05
20023,2025-08-26,0,None,0,None,0,None,True,0.7063652,0.292729,0.000836991,1.7634473e-05,2.3814884e-05,2.725702e-05
20023,2025-09-02,0,None,0,None,0,None,True,0.7451444,0.25413096,0.0006638214,1.4967838e-05,1.9449673e-05,2.6397574e-05
20023,2025-09-09,0,None,0,None,0,None,True,0.73854655,0.26064047,0.0007482702,1.6318447e-05,1.9702169e-05,2.8678656e-05
20023,2025-09-16,0,None,0,None,0,None,True,0.72653586,0.27247226,0.0009161857,1.9792344e-05,2.0244264e-05,3.558642e-05
20023,2025-09-23,0,None,0,None,0,None,True,0.7476455,0.25143307,0.00086420955,1.6687398e-05,1.4361282e-05,2.6251628e-05
20023,2025-09-30,0,None,0,None,0,None,True,0.7438198,0.25513563,0.000987137,1.7853034e-05,1.35936625e-05,2.6030368e-05
20023,2025-10-07,0,None,0,None,0,None,True,0.7159013,0.28274927,0.0012930928,1.8690347e-05,1.3552012e-05,2.4002475e-05
20023,2025-10-14,0,None,0,None,0,None,True,0.7078142,0.29071015,0.0014237612,1.7003002e-05,1.2548374e-05,2.2259364e-05
20023,2025-10-21,0,None,0,None,0,None,True,0.7161365,0.28263873,0.0011897524,1.1644473e-05,8.103517e-06,1.5308444e-05
20023,2025-10-28,0,None,0,None,0,None,True,0.73214495,0.2669738,0.0008565949,8.368469e-06,5.063206e-06,1.1175268e-05
20023,2025-11-04,0,None,0,None,0,None,True,0.73686033,0.2624922,0.0006313567,5.65425e-06,3.2043633e-06,7.2488824e-06
20023,2025-11-11,0,None,0,None,0,None,True,0.7328493,0.2663988,0.0007333215,6.2269723e-06,3.2979897e-06,9.070774e-06
20023,2025-11-18,0,None,0,None,0,None,True,0.75433904,0.24520935,0.00043871126,4.2041925e-06,2.3631897e-06,6.256478e-06
20023,2025-11-25,0,None,0,None,0,None,True,0.7696284,0.22999932,0.00035922337,4.141857e-06,2.4223468e-06,6.539426e-06
20023,2025-12-02,0,None,0,None,0,None,True,0.78060466,0.21910131,0.0002823419,3.564305e-06,2.2819365e-06,5.833907e-06
20023,2025-12-09,0,None,0,None,0,None,True,0.7552772,0.2442511,0.00045410052,5.61936e-06,3.5602382e-06,8.328099e-06
20023,2025-12-16,0,None,0,None,0,None,True,0.7914005,0.20827502,0.00031012204,4.178395e-06,2.9454638e-06,7.216948e-06
20023,2025-12-23,0,None,0,None,0,None,True,0.7500433,0.24937733,0.000560154,6.159771e-06,4.360079e-06,8.623347e-06
20023,2025-12-30,0,None,0,None,0,None,True,0.7190967,0.28011525,0.0007688831,6.7070173e-06,4.6359673e-06,7.832561e-06
20025,2022-01-04,2,D1,2,D1,2,D1,True,0.0002979913,0.11523072,0.5961566,0.2734843,0.013054641,0.0017757986
20025,2022-01-11,2,D1,2,D1,2,D1,True,0.00027155012,0.08427763,0.5789101,0.31507802,0.018914402,0.0025482818
20025,2022-01-18,2,D1,2,D1,2,D1,True,0.00025891067,0.06707526,0.5433306,0.35892215,0.026574707,0.0038383629
20025,2022-01-25,2,D1,2,D1,2,D1,True,0.00021980026,0.050977983,0.48633367,0.4160584,0.040107325,0.0063028294
20025,2022-02-01,4,D3,3,D2,3,D2,False,0.00015763778,0.03578897,0.41840634,0.48217586,0.054203734,0.009267525
20025,2022-02-08,4,D3,3,D2,3,D2,False,0.00011828781,0.025887607,0.35800657,0.5291819,0.072820164,0.013985457
20025,2022-02-15,3,D2,3,D2,3,D2,True,8.875254e-05,0.014754849,0.2836967,0.5760524,0.102031834,0.023375407
20025,2022-02-22,3,D2,3,D2,3,D2,True,7.360026e-05,0.00758663,0.19922571,0.59637773,0.15161099,0.045125354
20025,2022-03-01,3,D2,3,D2,3,D2,True,6.89223e-05,0.0042213425,0.1402003,0.5691736,0.20259145,0.083744325
20025,2022-03-08,3,D2,3,D2,3,D2,True,7.934924e-05,0.003233521,0.11440355,0.5238117,0.2254557,0.13301618
20025,2022-03-15,3,D2,3,D2,3,D2,True,0.000100199555,0.0031739466,0.10091762,0.47070834,0.23350513,0.19159475
20025,2022-03-22,3,D2,3,D2,3,D2,True,0.00019118554,0.004411248,0.10125438,0.41840023,0.23737666,0.23836635
20025,2022-03-29,3,D2,3,D2,3,D2,True,0.0002455255,0.0053318716,0.11488676,0.40362492,0.22884414,0.24706678
20025,2022-04-05,3,D2,3,D2,3,D2,True,0.00016568972,0.0039125755,0.117293574,0.41734818,0.24211241,0.2191676
20025,2022-04-12,3,D2,3,D2,3,D2,True,0.00013861897,0.003053,0.10874723,0.42500675,0.26215053,0.20090382
20025,2022-04-19,3,D2,3,D2,4,D3,False,9.744841e-05,0.0013805511,0.06958478,0.4098287,0.29953188,0.21957673
20025,2022-04-26,4,D3,3,D2,4,D3,True,0.00015035165,0.0015207616,0.059866354,0.3964404,0.34069017,0.20133199
20025,2022-05-03,4,D3,3,D2,4,D3,True,0.00050327665,0.004501743,0.08245437,0.35057977,0.31638148,0.24557938
20025,2022-05-10,4,D3,3,D2,4,D3,True,0.0010073282,0.010547737,0.1282619,0.33740494,0.2860268,0.2367513
20025,2022-05-17,4,D3,3,D2,4,D3,True,0.0008178987,0.011810721,0.16257341,0.3439044,0.26754814,0.21334541
20025,2022-05-24,4,D3,3,D2,3,D2,False,0.0022668275,0.041994438,0.27514538,0.32381546,0.23029497,0.12648292
20025,2022-05-31,4,D3,2,D1,2,D1,False,0.007744307,0.1499205,0.37496817,0.24190089,0.1529419,0.072524235
20025,2022-06-07,4,D3,2,D1,2,D1,False,0.0056389985,0.14628239,0.41774368,0.24531288,0.13783962,0.04718244
20025,2022-06-14,4,D3,2,D1,2,D1,False,0.0014537474,0.08903988,0.48205498,0.27576274,0.11658866,0.035100006
20025,2022-06-21,4,D3,2,D1,2,D1,False,0.0006426385,0.0657113,0.52323455,0.2905951,0.096626535,0.023189938
20025,2022-06-28,4,D3,2,D1,2,D1,False,0.000423774,0.056887113,0.54571754,0.2977663,0.08257667,0.01662863
20025,2022-07-05,4,D3,2,D1,2,D1,False,0.00024697123,0.044617373,0.5678636,0.29882756,0.07820841,0.010236122
20025,2022-07-12,4,D3,2,D1,2,D1,False,0.00012858602,0.029212965,0.5707027,0.3091419,0.083704,0.007109886
20025,2022-07-19,4,D3,2,D1,2,D1,False,8.408802e-05,0.022731282,0.5719608,0.31612092,0.08316666,0.005936325
20025,2022-07-26,4,D3,2,D1,2,D1,False,0.0001530478,0.036121737,0.56974715,0.30779898,0.080633916,0.0055452087
20025,2022-08-02,4,D3,2,D1,2,D1,False,0.000392503,0.06389754,0.55598783,0.29553342,0.077878065,0.0063106576
20025,2022-08-09,4,D3,2,D1,2,D1,False,0.00022020892,0.038098436,0.5443588,0.32917324,0.08063585,0.0075135115
20025,2022-08-16,4,D3,2,D1,2,D1,False,0.00017334105,0.026862323,0.51112723,0.36136067,0.08968805,0.010788429
20025,2022-08-23,4,D3,2,D1,2,D1,False,0.00027279308,0.031847645,0.48496208,0.37146643,0.097341955,0.014109089
20025,2022-08-30,4,D3,3,D2,3,D2,False,0.00015383387,0.011332423,0.33889118,0.47474697,0.14670712,0.02816845
20025,2022-09-06,4,D3,3,D2,3,D2,False,0.00010772768,0.0025623527,0.13590933,0.53271997,0.24478647,0.083914116
20025,2022-09-13,5,D4,3,D2,3,D2,False,8.7301916e-05,0.00082426163,0.05117684,0.47731963,0.3133994,0.15719248
20025,2022-09-20,5,D4,3,D2,3,D2,False,9.692855e-05,0.0007466697,0.039901406,0.43818814,0.31201434,0.2090525
20025,2022-09-27,5,D4,3,D2,4,D3,False,6.081321e-05,0.00034987595,0.022008268,0.37165263,0.34849364,0.25743473
20025,2022-10-04,5,D4,4,D3,4,D3,False,4.1124942e-05,0.00022677447,0.017114336,0.34856004,0.36944056,0.26461723
20025,2022-10-11,5,D4,4,D3,4,D3,False,3.53293e-05,0.00019367196,0.016263185,0.32421774,0.39565092,0.26363924
20025,2022-10-18,5,D4,4,D3,4,D3,False,3.3594697e-05,0.00018136835,0.01573494,0.30532402,0.4185735,0.26015258
20025,2022-10-25,5,D4,4,D3,4,D3,False,3.5531542e-05,0.00016309037,0.013347832,0.29204845,0.4249139,0.2694912
20025,2022-11-01,5,D4,4,D3,4,D3,False,5.2703628e-05,0.00024606913,0.015219804,0.28444993,0.43198144,0.26805001
20025,2022-11-08,5,D4,4,D3,4,D3,False,0.00011398163,0.0005874732,0.020314083,0.28303605,0.4228876,0.27306086
20025,2022-11-15,5,D4,4,D3,4,D3,False,0.00012919217,0.0007232448,0.022224309,0.29148605,0.42591357,0.2595236
20025,2022-11-22,5,D4,4,D3,4,D3,False,0.00016242372,0.0008557611,0.024396267,0.30514926,0.43139195,0.23804443
20025,2022-11-29,5,D4,4,D3,4,D3,False,0.00023938956,0.001251437,0.033250708,0.31781736,0.4317863,0.21565473
20025,2022-12-06,5,D4,4,D3,4,D3,False,0.00027850762,0.00139287,0.03733608,0.32915932,0.43389782,0.19793542
20025,2022-12-13,5,D4,4,D3,4,D3,False,0.00029761242,0.0014822627,0.041933216,0.35154718,0.43594643,0.16879325
20025,2022-12-20,5,D4,4,D3,4,D3,False,0.00032446333,0.0017837705,0.047232166,0.37715968,0.4337381,0.13976188
20025,2022-12-27,5,D4,4,D3,4,D3,False,0.0003749275,0.0023361156,0.054071452,0.3852348,0.42749807,0.13048464
20025,2023-01-03,5,D4,4,D3,4,D3,False,0.00054542127,0.0039120773,0.0699604,0.39221933,0.41354898,0.11981376
20025,2023-01-10,5,D4,4,D3,4,D3,False,0.00041597916,0.003207672,0.06914399,0.39687362,0.42109844,0.109260246
20025,2023-01-17,5,D4,4,D3,4,D3,False,0.00049215544,0.0040118615,0.079061985,0.3959745,0.4175786,0.10288088
20025,2023-01-24,5,D4,3,D2,4,D3,False,0.0007752631,0.008311579,0.11219674,0.39513296,0.3913468,0.09223663
20025,2023-01-31,5,D4,3,D2,4,D3,False,0.000535937,0.006713935,0.11221256,0.4007228,0.39945138,0.08036337
20025,2023-02-07,5,D4,4,D3,4,D3,False,0.00030482005,0.0042727697,0.098300405,0.40084675,0.41703337,0.079241976
20025,2023-02-14,5,D4,4,D3,4,D3,False,0.00033838523,0.0050876522,0.10530908,0.39549646,0.41428825,0.07948009
20025,2023-02-21,5,D4,4,D3,4,D3,False,0.00041408977,0.0058204173,0.10550037,0.38234606,0.4188729,0.08704624
20025,2023-02-28,5,D4,4,D3,4,D3,False,0.0003598414,0.004380118,0.085502185,0.35918564,0.4408876,0.10968457
20025,2023-03-07,5,D4,4,D3,4,D3,False,0.00034166375,0.0033664897,0.0684245,0.3414012,0.45744848,0.12901771
20025,2023-03-14,5,D4,4,D3,4,D3,False,0.00032614492,0.0031645268,0.06883923,0.33431187,0.46724856,0.12610964
20025,2023-03-21,5,D4,4,D3,4,D3,False,0.00029903895,0.0026267972,0.059888635,0.3316247,0.4745696,0.13099119
20025,2023-03-28,5,D4,4,D3,4,D3,False,0.00020707143,0.0015592243,0.04716389,0.3236836,0.49243438,0.13495187
20025,2023-04-04,5,D4,4,D3,4,D3,False,0.00013714842,0.00095460354,0.037045542,0.31298158,0.5048919,0.14398924
20025,2023-04-11,5,D4,4,D3,4,D3,False,0.00010062768,0.0006426309,0.030898795,0.29888317,0.5183922,0.15108259
20025,2023-04-18,5,D4,4,D3,4,D3,False,8.782456e-05,0.0005770206,0.028232086,0.279716,0.5188231,0.172564
20025,2023-04-25,5,D4,4,D3,4,D3,False,7.9557954e-05,0.0004358821,0.021418117,0.2549648,0.5198253,0.20327634
20025,2023-05-02,5,D4,4,D3,4,D3,False,8.9312925e-05,0.0004170057,0.019001713,0.23631321,0.51638335,0.22779538
20025,2023-05-09,5,D4,4,D3,4,D3,False,0.00013374857,0.0006316418,0.020885287,0.23321348,0.50537825,0.23975757
20025,2023-05-16,5,D4,4,D3,4,D3,False,0.0005743303,0.00336934,0.045687295,0.24083759,0.47422126,0.23531024
20025,2023-05-23,4,D3,4,D3,4,D3,True,0.00066769874,0.0053208717,0.067999825,0.25514534,0.46160072,0.20926555
20025,2023-05-30,4,D3,4,D3,4,D3,True,0.0007597282,0.008217293,0.09402806,0.26102668,0.45065996,0.1853082
20025,2023-06-06,3,D2,4,D3,4,D3,False,0.002610982,0.04064702,0.19228835,0.2725168,0.36677969,0.12515713
20025,2023-06-13,3,D2,4,D3,4,D3,False,0.0017840199,0.04189621,0.22982328,0.298828,0.33677396,0.090894565
20025,2023-06-20,3,D2,3,D2,4,D3,False,0.001065505,0.038586486,0.2593972,0.3214247,0.30931854,0.0702075
20025,2023-06-27,3,D2,3,D2,4,D3,False,0.0007374668,0.03791092,0.27509376,0.33617315,0.2898136,0.060271095
20025,2023-07-04,3,D2,3,D2,2,D1,False,0.00077432004,0.050859936,0.30577073,0.34552562,0.24565832,0.051411092
20025,2023-07-11,3,D2,3,D2,2,D1,False,0.0012433394,0.07735494,0.3098202,0.33536473,0.22077589,0.055440903
20025,2023-07-18,3,D2,3,D2,2,D1,False,0.0016175122,0.08422423,0.2887251,0.31387737,0.22897694,0.082578875
20025,2023-07-25,2,D1,4,D3,4,D3,False,0.0011861498,0.050227985,0.21973188,0.23953307,0.28894505,0.20037584
20025,2023-08-01,2,D1,5,D4,4,D3,False,0.011395619,0.124806486,0.16851874,0.16705371,0.2229657,0.30525976
20025,2023-08-08,1,D0,5,D4,1,D0,True,0.03511184,0.23230162,0.16066696,0.13812049,0.16117509,0.27262405
20025,2023-08-15,1,D0,1,D0,1,D0,True,0.11550916,0.41216946,0.13434848,0.06818559,0.07333296,0.19645426
20025,2023-08-22,1,D0,1,D0,1,D0,True,0.06299709,0.39180875,0.19150928,0.10448596,0.08307672,0.16612223
20025,2023-08-29,1,D0,1,D0,1,D0,True,0.03325775,0.3688664,0.2452354,0.13711585,0.084570125,0.13095446
20025,2023-09-05,2,D1,1,D0,1,D0,False,0.031142805,0.4024164,0.25555357,0.13117838,0.0741651,0.10554373
20025,2023-09-12,2,D1,2,D1,1,D0,False,0.007311531,0.27070934,0.34452656,0.22085898,0.09662963,0.059963923
20025,2023-09-19,1,D0,2,D1,1,D0,True,0.0075707836,0.25401953,0.32070804,0.22134592,0.11910677,0.07724896
20025,2023-09-26,1,D0,1,D0,1,D0,True,0.18562548,0.7159247,0.07537145,0.0063362927,0.0041063195,0.012635783
20025,2023-10-03,1,D0,1,D0,1,D0,True,0.2249107,0.7259452,0.04340579,0.0016100474,0.0008308675,0.0032974537
20025,2023-10-10,1,D0,1,D0,1,D0,True,0.21535628,0.7318042,0.04983489,0.0013798067,0.00044428915,0.001180492
20025,2023-10-17,1,D0,1,D0,1,D0,True,0.21180141,0.73303515,0.05294736,0.0012748284,0.00031029317,0.00063091883
20025,2023-10-24,1,D0,1,D0,1,D0,True,0.13041274,0.7646688,0.1003738,0.0032320514,0.000650829,0.0006617773
20025,2023-10-31,1,D0,1,D0,1,D0,True,0.17621385,0.7526189,0.06872992,0.0016415402,0.00033224997,0.0004635585
20025,2023-11-07,1,D0,1,D0,1,D0,True,0.1745258,0.7543913,0.06892658,0.0015140162,0.00027412586,0.000368238
20025,2023-11-14,2,D1,1,D0,1,D0,False,0.110857286,0.76533127,0.11949748,0.0034708614,0.000520452,0.00032265278
20025,2023-11-21,2,D1,1,D0,1,D0,False,0.020468011,0.596923,0.34506977,0.03407535,0.0030809871,0.00038293697
20025,2023-11-28,2,D1,1,D0,1,D0,False,0.008453352,0.49960145,0.41681242,0.070911996,0.004005859,0.00021498441
20025,2023-12-05,2,D1,2,D1,1,D0,False,0.003493667,0.41187704,0.46883374,0.110949844,0.0047054933,0.000140287
20025,2023-12-12,2,D1,2,D1,1,D0,False,0.0036430717,0.4433451,0.45337877,0.09577041,0.0037669186,9.5631425e-05
20025,2023-12-19,1,D0,1,D0,1,D0,True,0.00860895,0.5549545,0.3801695,0.053521957,0.0026479447,9.713392e-05
20025,2023-12-26,1,D0,1,D0,1,D0,True,0.25956696,0.71718305,0.022844557,0.00036708437,3.0209323e-05,8.145195e-06
20025,2024-01-02,1,D0,1,D0,1,D0,True,0.2955694,0.68610954,0.018073358,0.00022433998,1.7303315e-05,6.02062e-06
20025,2024-01-09,0,None,1,D0,1,D0,False,0.38160166,0.6065619,0.011703985,0.000117735435,1.0256212e-05,4.4247336e-06
20025,2024-01-16,0,None,0,None,0,None,True,0.7167382,0.2830547,0.00020532316,1.2587581e-06,3.1581183e-07,1.805892e-07
20025,2024-01-23,0,None,0,None,0,None,True,0.7486155,0.25119066,0.00019238351,1.0455083e-06,2.436351e-07,9.6266355e-08
20025,2024-01-30,0,None,0,None,0,None,True,0.792656,0.20717183,0.0001711523,8.2957513e-07,2.0383992e-07,4.8537075e-08
20025,2024-02-06,0,None,0,None,0,None,True,0.8112718,0.18856113,0.00016617028,7.152691e-07,2.0699967e-07,3.540395e-08
20025,2024-02-13,0,None,0,None,0,None,True,0.8082435,0.1915429,0.00021246565,8.1511865e-07,2.7262388e-07,3.7929485e-08
20025,2024-02-20,0,None,0,None,0,None,True,0.7744425,0.22517386,0.0003817802,1.3198884e-06,4.2110878e-07,5.492469e-08
20025,2024-02-27,0,None,0,None,0,None,True,0.762921,0.23656626,0.0005102811,1.8014327e-06,5.9981215e-07,7.1514144e-08
20025,2024-03-05,0,None,0,None,0,None,True,0.6888938,0.31002498,0.0010767641,3.3764327e-06,1.009488e-06,9.943108e-08
20025,2024-03-12,0,None,0,None,0,None,True,0.67918795,0.319595,0.0012126791,3.330453e-06,1.0106627e-06,9.556427e-08
20025,2024-03-19,1,D0,1,D0,1,D0,True,0.45449072,0.53127754,0.014169912,5.1942647e-05,9.201541e-06,6.537748e-07
20025,2024-03-26,1,D0,1,D0,1,D0,True,0.23557332,0.7076682,0.05645831,0.00026518368,3.3113316e-05,1.9408117e-06
20025,2024-04-02,1,D0,1,D0,1,D0,True,0.060195703,0.7448627,0.19335732,0.0014512348,0.00012817768,4.8669763e-06
20025,2024-04-09,1,D0,1,D0,1,D0,True,0.0028969827,0.5533018,0.4331669,0.01023634,0.00039365288,4.328243e-06
20025,2024-04-16,2,D1,2,D1,1,D0,False,0.0013546202,0.48902813,0.49027517,0.01866697,0.0006689572,6.2676077e-06
20025,2024-04-23,2,D1,2,D1,2,D1,True,8.005137e-05,0.20428748,0.6232126,0.16582924,0.00657362,1.6982332e-05
20025,2024-04-30,3,D2,2,D1,2,D1,False,0.00013342405,0.1718327,0.595953,0.21672128,0.015308775,5.0783525e-05
20025,2024-05-07,3,D2,2,D1,2,D1,False,0.00024902748,0.15016823,0.55754757,0.2605394,0.031321622,0.00017411677
20025,2024-05-14,3,D2,2,D1,2,D1,False,0.00023729852,0.10264014,0.5120887,0.32127824,0.06320723,0.0005484277
20025,2024-05-21,3,D2,2,D1,2,D1,False,0.00031737826,0.07502682,0.44720048,0.36290413,0.11244375,0.002107403
20025,2024-05-28,3,D2,2,D1,2,D1,False,0.00042405393,0.07013758,0.40444764,0.37927935,0.14038986,0.0053214636
20025,2024-06-04,2,D1,2,D1,2,D1,True,0.0006160771,0.073139235,0.38263047,0.3761584,0.15821429,0.009241561
20025,2024-06-11,2,D1,3,D2,2,D1,True,0.00073663273,0.06695784,0.35836256,0.36983976,0.18927571,0.014827475
20025,2024-06-18,2,D1,3,D2,2,D1,True,0.0004702435,0.049895797,0.36101753,0.36816025,0.20378922,0.016666906
20025,2024-06-25,2,D1,2,D1,2,D1,True,0.0005607504,0.057167012,0.36829403,0.35304454,0.20231055,0.01862307
20025,2024-07-02,1,D0,2,D1,2,D1,False,0.0017235084,0.09930792,0.35333654,0.3162065,0.20345242,0.025973095
20025,2024-07-09,0,None,1,D0,1,D0,False,0.27425846,0.5373754,0.14455958,0.02208393,0.015221043,0.0065016192
20025,2024-07-16,0,None,0,None,0,None,True,0.6774429,0.3193904,0.0029405104,8.0707294e-05,7.898943e-05,6.649503e-05
20025,2024-07-23,0,None,0,None,0,None,True,0.66938305,0.3285664,0.0019393371,3.7477857e-05,3.9871775e-05,3.385061e-05
20025,2024-07-30,1,D0,0,None,0,None,False,0.64165694,0.35580644,0.0023925186,4.4273667e-05,5.2165542e-05,4.7701717e-05
20025,2024-08-06,1,D0,1,D0,1,D0,True,0.122919135,0.5710758,0.29019853,0.010425612,0.0033266114,0.0020543314
20025,2024-08-13,1,D0,1,D0,1,D0,True,0.15922076,0.59192,0.23932299,0.0059199566,0.001998171,0.0016180463
20025,2024-08-20,1,D0,1,D0,1,D0,True,0.18404824,0.5901191,0.21611527,0.0056360755,0.0019479353,0.0021333883
20025,2024-08-27,1,D0,1,D0,1,D0,True,0.14783806,0.5942213,0.24523927,0.0077299434,0.002488379,0.002483018
20025,2024-09-03,1,D0,1,D0,1,D0,True,0.08618579,0.5892556,0.3045618,0.013467398,0.0037292028,0.0028002143
20025,2024-09-10,1,D0,1,D0,1,D0,True,0.066175126,0.5873719,0.32419485,0.016097626,0.0038405915,0.0023199245
20025,2024-09-17,1,D0,1,D0,1,D0,True,0.031757075,0.58048487,0.35983193,0.0228166,0.003675746,0.001433665
20025,2024-09-24,0,None,1,D0,1,D0,False,0.055938706,0.6132639,0.31157967,0.014765307,0.0027524852,0.0016998447
20025,2024-10-01,0,None,1,D0,1,D0,False,0.3774193,0.5901821,0.03178247,0.0003027719,0.0001146504,0.00019877458
20025,2024-10-08,0,None,1,D0,1,D0,False,0.40818343,0.55899453,0.03232085,0.00024888152,9.168887e-05,0.00016061567
20025,2024-10-15,0,None,1,D0,1,D0,False,0.41785625,0.5502877,0.03149082,0.00019308396,6.848128e-05,0.00010365007
20025,2024-10-22,0,None,1,D0,1,D0,False,0.3656261,0.58654886,0.0474241,0.00022996211,6.949482e-05,0.00010153179
20025,2024-10-29,0,None,1,D0,1,D0,False,0.41999167,0.55585355,0.02400265,8.686396e-05,2.9385541e-05,3.5823625e-05
20025,2024-11-05,0,None,0,None,0,None,True,0.63138485,0.3667952,0.0018005642,8.546567e-06,4.711826e-06,6.104433e-06
20025,2024-11-12,0,None,0,None,0,None,True,0.75707215,0.24220717,0.00069890404,8.257908e-06,5.9047175e-06,7.654183e-06
20025,2024-11-19,0,None,0,None,0,None,True,0.8063428,0.19318408,0.0004561268,6.6204925e-06,4.8177053e-06,5.6718764e-06
20025,2024-11-26,0,None,0,None,0,None,True,0.81211,0.18744734,0.0004260812,6.7709743e-06,4.4841254e-06,5.4064885e-06
20025,2024-12-03,0,None,0,None,0,None,True,0.7859993,0.21350875,0.00047283323,7.4228474e-06,4.817074e-06,6.9293465e-06
20025,2024-12-10,0,None,0,None,0,None,True,0.7749339,0.22458777,0.00045844112,7.5049766e-06,4.575802e-06,7.7704335e-06
20025,2024-12-17,0,None,0,None,0,None,True,0.74739283,0.2520394,0.00054724433,7.6187616e-06,4.605947e-06,8.2345e-06
20025,2024-12-24,0,None,0,None,0,None,True,0.7537029,0.24586883,0.0004134551,5.637863e-06,3.6457411e-06,5.5245637e-06
20025,2024-12-31,0,None,0,None,0,None,True,0.7587056,0.2409018,0.00038107694,4.569409e-06,3.1620418e-06,3.7980892e-06
20025,2025-01-07,0,None,0,None,0,None,True,0.7581552,0.24150428,0.0003318257,3.5536573e-06,2.6410705e-06,2.53035e-06
20025,2025-01-14,0,None,0,None,0,None,True,0.7527177,0.24689786,0.00037403515,4.1090066e-06,3.840414e-06,2.4449037e-06
20025,2025-01-21,0,None,0,None,0,None,True,0.74701977,0.2526069,0.00036349503,3.7948298e-06,4.100439e-06,1.8636503e-06
20025,2025-01-28,0,None,0,None,0,None,True,0.7104569,0.28897375,0.00055515853,5.651567e-06,6.3805574e-06,2.1225903e-06
20025,2025-02-04,0,None,0,None,0,None,True,0.6991504,0.30020222,0.0006322091,5.99274e-06,7.27338e-06,1.8840744e-06
20025,2025-02-11,0,None,0,None,0,None,True,0.6617939,0.33719635,0.0009883592,8.555019e-06,1.0614472e-05,2.1761657e-06
20025,2025-02-18,0,None,0,None,0,None,True,0.6485421,0.3504449,0.000996304,7.5370754e-06,7.5089806e-06,1.5778077e-06
20025,2025-02-25,0,None,0,None,0,None,True,0.6322331,0.36667657,0.00107554,7.760562e-06,5.7559455e-06,1.2130594e-06
20025,2025-03-04,0,None,1,D0,1,D0,False,0.46034205,0.5199775,0.019415006,0.0001849529,6.802629e-05,1.24004355e-05
20025,2025-03-11,1,D0,1,D0,1,D0,True,0.33361444,0.6148982,0.050885238,0.0004783231,0.000106339336,1.755323e-05
20025,2025-03-18,2,D1,2,D1,1,D0,False,0.0021615552,0.45348117,0.49690634,0.045555964,0.001864588,3.0352947e-05
20025,2025-03-25,2,D1,2,D1,2,D1,True,0.00022667034,0.26621154,0.58000916,0.14894606,0.0045721103,3.4468183e-05
20025,2025-04-01,2,D1,2,D1,2,D1,True,0.00013915081,0.21454014,0.56373316,0.21478528,0.006732457,6.97831e-05
20025,2025-04-08,2,D1,2,D1,2,D1,True,9.743006e-05,0.15154004,0.53072935,0.30532852,0.012137946,0.00016671648
20025,2025-04-15,2,D1,2,D1,2,D1,True,9.012291e-05,0.08197525,0.52718043,0.36644265,0.023897205,0.00041429186
20025,2025-04-22,2,D1,2,D1,2,D1,True,0.00022401926,0.098225705,0.48455536,0.3745162,0.041272547,0.0012062083
20025,2025-04-29,2,D1,2,D1,2,D1,True,0.0006238484,0.1205241,0.43396202,0.36754078,0.07391993,0.0034293486
20025,2025-05-06,2,D1,3,D2,2,D1,True,0.0004939485,0.06709085,0.39068538,0.40437335,0.13059863,0.0067578885
20025,2025-05-13,2,D1,3,D2,3,D2,False,0.00048752737,0.040959906,0.3410837,0.4004148,0.20403504,0.013019065
20025,2025-05-20,2,D1,3,D2,2,D1,True,0.0012190994,0.06980891,0.3374779,0.35121956,0.2217056,0.018569015
20025,2025-05-27,1,D0,2,D1,2,D1,False,0.0025730364,0.103412874,0.34560683,0.30686975,0.2229206,0.018616894
20025,2025-06-03,1,D0,1,D0,1,D0,True,0.27415454,0.5343303,0.15473019,0.021753144,0.0125986505,0.0024331333
20025,2025-06-10,0,None,0,None,1,D0,False,0.4924943,0.4743671,0.031460814,0.0010635213,0.0004741927,0.00014008168
20025,2025-06-17,0,None,0,None,0,None,True,0.7759143,0.22344007,0.00062499545,9.405182e-06,8.437089e-06,2.817838e-06
20025,2025-06-24,0,None,0,None,0,None,True,0.79633635,0.20328036,0.00037327927,4.3724963e-06,4.192651e-06,1.4984871e-06
20025,2025-07-01,0,None,0,None,0,None,True,0.7930847,0.206525,0.00037975906,4.682224e-06,4.2571633e-06,1.6358273e-06
20025,2025-07-08,0,None,0,None,0,None,True,0.77954453,0.21988942,0.00055327616,5.9266026e-06,5.038623e-06,1.7980933e-06
20025,2025-07-15,0,None,0,None,0,None,True,0.77880585,0.22054274,0.0006378692,6.1949586e-06,5.519577e-06,1.8860684e-06
20025,2025-07-22,0,None,0,None,0,None,True,0.7788232,0.22051653,0.00064673467,5.972352e-06,5.694816e-06,1.8511456e-06
20025,2025-07-29,0,None,0,None,0,None,True,0.7836364,0.21562685,0.0007226911,6.262735e-06,5.98918e-06,1.8615292e-06
20025,2025-08-05,0,None,0,None,0,None,True,0.77429163,0.22483112,0.0008597526,8.108491e-06,6.950862e-06,2.5687868e-06
20025,2025-08-12,0,None,0,None,0,None,True,0.7620102,0.23690107,0.001065326,1.100885e-05,8.61166e-06,3.7270302e-06
20025,2025-08-19,0,None,0,None,0,None,True,0.7493073,0.24940766,0.0012557937,1.3707356e-05,1.0185461e-05,5.362828e-06
20025,2025-08-26,0,None,0,None,0,None,True,0.72930664,0.26918986,0.0014703686,1.5558517e-05,1.070218e-05,6.9201074e-06
20025,2025-09-02,0,None,0,None,0,None,True,0.7466319,0.2521323,0.0012019114,1.5636067e-05,9.9470335e-06,8.318615e-06
20025,2025-09-09,0,None,0,None,0,None,True,0.74345034,0.2552218,0.0012937427,1.5925665e-05,9.809038e-06,8.324474e-06
20025,2025-09-16,0,None,0,None,0,None,True,0.73217773,0.2663967,0.0013923413,1.5964853e-05,9.074249e-06,8.166183e-06
20025,2025-09-23,0,None,0,None,0,None,True,0.7417452,0.2571218,0.0011065438,1.2704971e-05,6.8752643e-06,6.885192e-06
20025,2025-09-30,0,None,0,None,0,None,True,0.73940974,0.25955352,0.0010137088,1.036411e-05,6.209313e-06,6.4231863e-06
20025,2025-10-07,0,None,0,None,0,None,True,0.7229712,0.27589256,0.0011167591,8.921795e-06,5.3221606e-06,5.1623274e-06
20025,2025-10-14,0,None,0,None,0,None,True,0.7085067,0.29042593,0.0010517974,7.134955e-06,4.4670783e-06,3.9640113e-06
20025,2025-10-21,0,None,0,None,0,None,True,0.6916611,0.30749816,0.00083184155,4.103073e-06,2.71461e-06,2.044354e-06
20025,2025-10-28,0,None,0,None,0,None,True,0.67872506,0.3205587,0.00070959673,3.0515791e-06,2.1853123e-06,1.4301291e-06
20025,2025-11-04,0,None,0,None,0,None,True,0.66796494,0.33145183,0.00057843135,2.129812e-06,1.8852508e-06,8.3497446e-07
20025,2025-11-11,0,None,0,None,0,None,True,0.64518934,0.3539914,0.00081288296,2.8029856e-06,2.8864845e-06,6.701035e-07
20025,2025-11-18,0,None,0,None,0,None,True,0.67558205,0.3239627,0.0004506065,1.8771357e-06,2.3657271e-06,3.96608e-07
20025,2025-11-25,0,None,0,None,0,None,True,0.69899625,0.3006566,0.00034239778,1.7116992e-06,2.627306e-06,3.5391827e-07
20025,2025-12-02,0,None,0,None,0,None,True,0.7111249,0.28858417,0.00028630084,1.5857104e-06,2.6780324e-06,3.134993e-07
20025,2025-12-09,0,None,0,None,0,None,True,0.6757467,0.32375962,0.00048608956,2.7170456e-06,4.3914565e-06,4.4424743e-07
20025,2025-12-16,0,None,0,None,0,None,True,0.6968158,0.30284476,0.00033368394,1.9708357e-06,3.3825575e-06,3.5401413e-07
20025,2025-12-23,0,None,0,None,0,None,True,0.66420823,0.33517602,0.00060707144,3.218418e-06,4.9496907e-06,4.6556417e-07
20025,2025-12-30,0,None,0,None,0,None,True,0.64652294,0.3526638,0.00080504484,3.3116196e-06,4.52899e-06,4.110024e-07
20027,2022-01-04,2,D1,2,D1,2,D1,True,0.00016489028,0.29119897,0.6520384,0.055721413,0.00087382534,2.4898495e-06
20027,2022-01-11,2,D1,2,D1,2,D1,True,5.2942647e-05,0.17135793,0.70836043,0.118313596,0.0019115274,3.5938704e-06
20027,2022-01-18,2,D1,2,D1,2,D1,True,4.1092528e-05,0.14113414,0.70411575,0.1516539,0.0030494083,5.7307147e-06
20027,2022-01-25,2,D1,2,D1,2,D1,True,3.9727747e-05,0.13077043,0.69268525,0.1720921,0.004401482,1.1056053e-05
20027,2022-02-01,2,D1,2,D1,2,D1,True,3.1869986e-05,0.10563852,0.66230655,0.2246903,0.007305597,2.7095391e-05
20027,2022-02-08,2,D1,2,D1,2,D1,True,4.21589e-05,0.096968435,0.6125731,0.27840823,0.011933673,7.436001e-05
20027,2022-02-15,2,D1,2,D1,2,D1,True,5.394139e-05,0.07361232,0.5629016,0.34282386,0.020389134,0.00021906619
20027,2022-02-22,3,D2,2,D1,2,D1,False,7.621896e-05,0.054838188,0.49913022,0.4100466,0.0351488,0.00075990515
20027,2022-03-01,3,D2,3,D2,2,D1,False,0.000101184465,0.03686038,0.42251715,0.48056322,0.057285998,0.0026719645
20027,2022-03-08,3,D2,3,D2,3,D2,True,0.00012935973,0.02826563,0.38590914,0.5065544,0.0720379,0.0071036154
20027,2022-03-15,3,D2,3,D2,3,D2,True,0.0002169154,0.03687065,0.40654013,0.47621217,0.06576102,0.014399087
20027,2022-03-22,3,D2,2,D1,2,D1,False,0.00044916154,0.059626017,0.44811228,0.41262445,0.06011531,0.019072836
20027,2022-03-29,3,D2,2,D1,2,D1,False,0.00077111926,0.07435723,0.44836572,0.37811056,0.06804148,0.03035384
20027,2022-04-05,3,D2,3,D2,2,D1,False,0.00043990184,0.043252286,0.41162848,0.41444528,0.08834018,0.04189383
20027,2022-04-12,3,D2,3,D2,3,D2,True,0.00031841456,0.026488984,0.3548228,0.43280905,0.11985419,0.065706566
20027,2022-04-19,3,D2,3,D2,3,D2,True,0.00017961295,0.010887859,0.25124907,0.4547089,0.17072958,0.112245
20027,2022-04-26,3,D2,3,D2,3,D2,True,0.00027122776,0.011733218,0.22418049,0.41999546,0.19155847,0.1522611
20027,2022-05-03,3,D2,3,D2,3,D2,True,0.0011281609,0.030806372,0.25279287,0.35875866,0.18840723,0.16810673
20027,2022-05-10,3,D2,3,D2,2,D1,False,0.0022842465,0.05761846,0.31262985,0.33612344,0.15949605,0.13184792
20027,2022-05-17,3,D2,2,D1,2,D1,False,0.001712592,0.056829173,0.35626933,0.33548796,0.15474509,0.094955906
20027,2022-05-24,3,D2,2,D1,2,D1,False,0.0031021298,0.12709893,0.42142722,0.2706145,0.13283756,0.044919595
20027,2022-05-31,1,D0,2,D1,2,D1,False,0.007348779,0.19964577,0.4103786,0.22823374,0.12179874,0.03259438
20027,2022-06-07,1,D0,0,None,1,D0,True,0.4610405,0.45791215,0.067901,0.0072276946,0.0046777143,0.001240882
20027,2022-06-14,1,D0,0,None,0,None,False,0.59017015,0.39846918,0.010638329,0.00040452144,0.00022354268,9.4244904e-05
20027,2022-06-21,1,D0,0,None,0,None,False,0.6156904,0.37758487,0.006477835,0.00014162721,7.2859446e-05,3.2357e-05
20027,2022-06-28,0,None,0,None,0,None,True,0.6016979,0.39083287,0.0072657745,0.00012398603,5.498758e-05,2.4386982e-05
20027,2022-07-05,0,None,0,None,0,None,True,0.6881041,0.30990222,0.0019576247,2.0879066e-05,1.0607224e-05,4.6113723e-06
20027,2022-07-12,0,None,0,None,0,None,True,0.6960997,0.30193418,0.0019393378,1.6004567e-05,7.567408e-06,3.161112e-06
20027,2022-07-19,0,None,0,None,0,None,True,0.6933536,0.30371538,0.0028975115,2.1171169e-05,8.800217e-06,3.5089813e-06
20027,2022-07-26,0,None,0,None,0,None,True,0.69411814,0.3034964,0.0023592159,1.613269e-05,7.205152e-06,2.8470781e-06
20027,2022-08-02,0,None,0,None,0,None,True,0.70286864,0.29554966,0.0015611416,1.1727419e-05,6.0305492e-06,2.7640192e-06
20027,2022-08-09,0,None,0,None,0,None,True,0.6992104,0.2990159,0.0017518009,1.25029455e-05,6.5210647e-06,2.9226067e-06
20027,2022-08-16,0,None,0,None,0,None,True,0.65309954,0.34337258,0.0034929407,2.0753587e-05,9.92838e-06,4.238662e-06
20027,2022-08-23,0,None,0,None,0,None,True,0.616435,0.37785444,0.0056497646,3.7192858e-05,1.6639227e-05,6.9904913e-06
20027,2022-08-30,0,None,0,None,0,None,True,0.60574305,0.38912365,0.005094241,2.3800822e-05,1.1062667e-05,4.299203e-06
20027,2022-09-06,1,D0,1,D0,1,D0,True,0.2739327,0.66054124,0.064921714,0.000478502,9.974616e-05,2.617143e-05
20027,2022-09-13,1,D0,1,D0,1,D0,True,0.0053390614,0.5582851,0.42286626,0.012791424,0.00069524307,2.2855278e-05
20027,2022-09-20,1,D0,1,D0,1,D0,True,0.0043929135,0.60786885,0.3776999,0.009520209,0.0005036325,1.4478812e-05
20027,2022-09-27,1,D0,1,D0,1,D0,True,0.005133694,0.6241051,0.36122996,0.00898557,0.0005345105,1.11490235e-05
20027,2022-10-04,1,D0,1,D0,1,D0,True,0.005016233,0.6192783,0.36494356,0.010127447,0.0006236813,1.07034075e-05
20027,2022-10-11,1,D0,1,D0,1,D0,True,0.0059592086,0.63501155,0.34791496,0.010365888,0.00073855533,9.829863e-06
20027,2022-10-18,1,D0,1,D0,1,D0,True,0.004128202,0.5971405,0.38085392,0.016608182,0.0012572266,1.1923895e-05
20027,2022-10-25,1,D0,1,D0,1,D0,True,0.0024151045,0.5449274,0.4248489,0.026000503,0.0017959739,1.1999131e-05
20027,2022-11-01,1,D0,1,D0,1,D0,True,0.0034873947,0.59953034,0.37491897,0.02012932,0.0019250046,8.927784e-06
20027,2022-11-08,1,D0,1,D0,1,D0,True,0.01190038,0.69305766,0.2843306,0.009503631,0.0012004788,7.148855e-06
20027,2022-11-15,1,D0,1,D0,1,D0,True,0.031676635,0.76360744,0.19990645,0.004234609,0.00056936755,5.4973175e-06
20027,2022-11-22,1,D0,1,D0,1,D0,True,0.029597769,0.74540937,0.21973549,0.00484814,0.00040478163,4.538283e-06
20027,2022-11-29,1,D0,1,D0,1,D0,True,0.041240193,0.77132314,0.18400551,0.0031859693,0.00024170706,3.5523076e-06
20027,2022-12-06,1,D0,1,D0,1,D0,True,0.04099905,0.7727576,0.18315381,0.0028953394,0.00019128284,2.984858e-06
20027,2022-12-13,1,D0,1,D0,1,D0,True,0.029627072,0.752785,0.21381164,0.003591807,0.0001816141,2.9080059e-06
20027,2022-12-20,1,D0,1,D0,1,D0,True,0.03523582,0.7700037,0.19215956,0.0024835465,0.00011486682,2.5582913e-06
20027,2022-12-27,1,D0,1,D0,1,D0,True,0.028627487,0.76559424,0.2032206,0.0024750074,8.041712e-05,2.1699148e-06
20027,2023-01-03,1,D0,1,D0,1,D0,True,0.047726624,0.79399616,0.15689102,0.0013296696,5.4898934e-05,1.6568969e-06
20027,2023-01-10,1,D0,1,D0,1,D0,True,0.031638764,0.7797457,0.18675031,0.0017827596,8.0703016e-05,1.7261325e-06
20027,2023-01-17,1,D0,1,D0,1,D0,True,0.03338704,0.7769746,0.18784192,0.0017073025,8.7452034e-05,1.6489967e-06
20027,2023-01-24,1,D0,1,D0,1,D0,True,0.07204213,0.78920734,0.1375208,0.001142037,8.589735e-05,1.8333192e-06
20027,2023-01-31,1,D0,1,D0,1,D0,True,0.06045175,0.7807688,0.15717898,0.0014759982,0.00012229239,2.2164638e-06
20027,2023-02-07,1,D0,1,D0,1,D0,True,0.019908434,0.72369784,0.25254104,0.0036065222,0.00024335843,2.8392608e-06
20027,2023-02-14,1,D0,1,D0,1,D0,True,0.020828266,0.72758156,0.24775644,0.0035668586,0.00026412623,2.8112613e-06
20027,2023-02-21,1,D0,1,D0,1,D0,True,0.025380597,0.74011964,0.2313208,0.0029284374,0.00024819208,2.4161795e-06
20027,2023-02-28,1,D0,1,D0,1,D0,True,0.01765444,0.71206385,0.26637614,0.003612291,0.00029083982,2.4432775e-06
20027,2023-03-07,1,D0,1,D0,1,D0,True,0.017169496,0.71045524,0.26861787,0.003466262,0.00028873078,2.3682062e-06
20027,2023-03-14,1,D0,1,D0,1,D0,True,0.012527058,0.679399,0.30287987,0.004769611,0.00042147667,3.0045917e-06
20027,2023-03-21,1,D0,1,D0,1,D0,True,0.014080079,0.6796216,0.30123344,0.0046306527,0.00043080907,3.456782e-06
20027,2023-03-28,1,D0,1,D0,1,D0,True,0.0077697122,0.6243908,0.3591301,0.008029525,0.0006752348,4.5938873e-06
20027,2023-04-04,1,D0,1,D0,1,D0,True,0.0057776156,0.58103824,0.39913404,0.012923315,0.0011189454,7.890893e-06
20027,2023-04-11,1,D0,1,D0,1,D0,True,0.003210601,0.5072672,0.46156907,0.02574842,0.0021904495,1.4249598e-05
20027,2023-04-18,1,D0,2,D1,2,D1,False,0.0005125974,0.3165809,0.5642862,0.11129461,0.0072908327,3.4923265e-05
20027,2023-04-25,1,D0,2,D1,2,D1,False,0.00057039474,0.31268522,0.5518803,0.1256632,0.009134632,6.619406e-05
20027,2023-05-02,2,D1,2,D1,2,D1,True,0.0009774968,0.33210775,0.53903055,0.11821663,0.009547534,0.000120041164
20027,2023-05-09,2,D1,2,D1,2,D1,True,0.00086873927,0.29575568,0.5414796,0.1492709,0.012399823,0.00022527139
20027,2023-05-16,1,D0,2,D1,1,D0,True,0.0062982365,0.4204703,0.46674192,0.093632996,0.012366463,0.0004900403
20027,2023-05-23,1,D0,1,D0,1,D0,True,0.40099305,0.55646676,0.04097562,0.0011464508,0.00036626073,5.19169e-05
20027,2023-05-30,1,D0,1,D0,1,D0,True,0.4857738,0.49252072,0.02097947,0.0005016058,0.00018765962,3.676384e-05
20027,2023-06-06,1,D0,1,D0,1,D0,True,0.3519321,0.5381996,0.09927632,0.007322847,0.0026853837,0.0005836913
20027,2023-06-13,1,D0,1,D0,1,D0,True,0.16568543,0.5345428,0.2442613,0.039366644,0.013666934,0.002476887
20027,2023-06-20,2,D1,1,D0,1,D0,False,0.16609043,0.53885776,0.24338472,0.03664682,0.012871077,0.0021492464
20027,2023-06-27,2,D1,2,D1,2,D1,True,0.013224666,0.2702196,0.4362946,0.21409269,0.05691599,0.009252534
20027,2023-07-04,2,D1,2,D1,2,D1,True,0.0027063445,0.14652327,0.4692221,0.2882111,0.08170755,0.011629655
20027,2023-07-11,2,D1,2,D1,2,D1,True,0.003510851,0.12991601,0.45297226,0.29565784,0.09860125,0.01934172
20027,2023-07-18,2,D1,2,D1,2,D1,True,0.0023761934,0.09898456,0.46360573,0.30910206,0.10389012,0.022041373
20027,2023-07-25,2,D1,2,D1,2,D1,True,0.000926579,0.06480643,0.47934508,0.32860956,0.105216436,0.02109587
20027,2023-08-01,2,D1,2,D1,2,D1,True,0.00072641385,0.06034474,0.47564346,0.33420599,0.10717338,0.021906069
20027,2023-08-08,2,D1,2,D1,2,D1,True,0.0011927527,0.07502347,0.465443,0.32201645,0.106928594,0.029395718
20027,2023-08-15,2,D1,2,D1,2,D1,True,0.0014162464,0.07356173,0.45628837,0.31578943,0.113028996,0.03991525
20027,2023-08-22,2,D1,2,D1,2,D1,True,0.00069256575,0.044473495,0.44353727,0.32498008,0.13036281,0.055953786
20027,2023-08-29,2,D1,2,D1,2,D1,True,0.00045518423,0.024014395,0.35811412,0.31896958,0.17812526,0.120321415
20027,2023-09-05,3,D2,5,D4,4,D3,False,0.0003458801,0.011130102,0.20261508,0.24906684,0.24230203,0.29454005
20027,2023-09-12,3,D2,5,D4,5,D4,False,0.00014394367,0.0024321747,0.06726853,0.17678754,0.26283967,0.49052814
20027,2023-09-19,3,D2,5,D4,5,D4,False,5.8524245e-05,0.0005773729,0.021863868,0.11655613,0.25885427,0.6020899
20027,2023-09-26,3,D2,5,D4,5,D4,False,3.1192933e-05,0.00021294864,0.009659265,0.095491916,0.2543395,0.6402652
20027,2023-10-03,3,D2,5,D4,5,D4,False,1.9997522e-05,9.9748555e-05,0.0046789884,0.084239,0.25568247,0.65527976
20027,2023-10-10,3,D2,5,D4,5,D4,False,1.4368222e-05,6.330325e-05,0.0031998304,0.08995324,0.26458535,0.64218384
20027,2023-10-17,3,D2,5,D4,5,D4,False,1.8523768e-05,7.635755e-05,0.0036937434,0.11794882,0.28155726,0.5967054
20027,2023-10-24,3,D2,5,D4,5,D4,False,2.4948982e-05,0.00010484867,0.0046305163,0.1485568,0.29681006,0.5498728
20027,2023-10-31,3,D2,5,D4,4,D3,False,6.9685266e-05,0.00029406528,0.008807595,0.19707331,0.32040384,0.47335154
20027,2023-11-07,3,D2,5,D4,4,D3,False,8.361911e-05,0.0003743614,0.012014655,0.24053119,0.35219115,0.39480498
20027,2023-11-14,3,D2,4,D3,4,D3,False,0.00010109675,0.0005430202,0.016470198,0.27646467,0.3799548,0.3264662
20027,2023-11-21,3,D2,4,D3,4,D3,False,0.00024464936,0.0015782848,0.031660702,0.29787952,0.42721075,0.24142602
20027,2023-11-28,3,D2,4,D3,4,D3,False,0.00027389513,0.0019055817,0.03731471,0.3140164,0.4480739,0.19841549
20027,2023-12-05,3,D2,4,D3,4,D3,False,0.00020635444,0.0014678242,0.0352847,0.3107561,0.4595446,0.19274044
20027,2023-12-12,3,D2,4,D3,4,D3,False,0.00030625943,0.0024626255,0.047191128,0.30553216,0.48371768,0.16079016
20027,2023-12-19,3,D2,4,D3,4,D3,False,0.0011482933,0.011651557,0.11722499,0.29587328,0.4723094,0.1017925
20027,2023-12-26,3,D2,4,D3,4,D3,False,0.0022950564,0.028712317,0.1862195,0.26394504,0.46064454,0.058183577
20027,2024-01-02,3,D2,4,D3,4,D3,False,0.0017921262,0.037893504,0.23639435,0.26494405,0.42527738,0.033698615
20027,2024-01-09,3,D2,4,D3,4,D3,False,0.0022545843,0.06344429,0.291956,0.2509262,0.3764371,0.014981817
20027,2024-01-16,3,D2,4,D3,4,D3,False,0.001314757,0.06070307,0.32053483,0.2700228,0.33914807,0.008276367
20027,2024-01-23,2,D1,2,D1,4,D3,False,0.00082997995,0.056022476,0.33867428,0.2926941,0.30589807,0.005881166
20027,2024-01-30,2,D1,2,D1,2,D1,True,0.0012405621,0.084649995,0.3702074,0.2832577,0.25640503,0.0042393818
20027,2024-02-06,2,D1,2,D1,2,D1,True,0.0010254051,0.09187192,0.39071366,0.28811285,0.2248896,0.0033865888
20027,2024-02-13,2,D1,2,D1,2,D1,True,0.0003778346,0.065589435,0.412546,0.32534057,0.19379236,0.002353795
20027,2024-02-20,2,D1,2,D1,2,D1,True,0.00019503613,0.052153826,0.4237479,0.349439,0.17255387,0.0019103382
20027,2024-02-27,2,D1,2,D1,2,D1,True,0.00013777053,0.04673737,0.42847916,0.3549219,0.16800222,0.0017215741
20027,2024-03-05,2,D1,2,D1,2,D1,True,9.755045e-05,0.03648158,0.41056785,0.36858514,0.18220226,0.0020656642
20027,2024-03-12,2,D1,2,D1,2,D1,True,0.00012131457,0.03486675,0.38227606,0.37762094,0.20222512,0.0028897058
20027,2024-03-19,2,D1,3,D2,2,D1,True,0.0001336497,0.0304531,0.35146827,0.3874638,0.22651793,0.003963191
20027,2024-03-26,2,D1,3,D2,3,D2,False,0.00015096288,0.026162516,0.3177754,0.3918397,0.25760365,0.006467791
20027,2024-04-02,2,D1,3,D2,4,D3,False,0.00012993776,0.014877737,0.2620986,0.40843707,0.30333436,0.011122236
20027,2024-04-09,2,D1,3,D2,4,D3,False,0.00010160974,0.0060416884,0.18653114,0.41811538,0.3679595,0.021250654
20027,2024-04-16,2,D1,4,D3,4,D3,False,8.30976e-05,0.0026939483,0.115952976,0.41493502,0.41902304,0.04731192
20027,2024-04-23,3,D2,4,D3,4,D3,False,0.00014300295,0.0025686473,0.08561237,0.38039327,0.43313506,0.0981477
20027,2024-04-30,2,D1,4,D3,4,D3,False,0.0009387346,0.013555661,0.1278741,0.33243927,0.38832122,0.13687102
20027,2024-05-07,2,D1,4,D3,4,D3,False,0.0026224058,0.0378419,0.17861977,0.30223152,0.3469698,0.13171455
20027,2024-05-14,2,D1,4,D3,4,D3,False,0.016276736,0.13650368,0.21653254,0.24598677,0.2779209,0.10677938
20027,2024-05-21,1,D0,2,D1,4,D3,False,0.021839663,0.20508958,0.261973,0.22865102,0.22426274,0.058184043
20027,2024-05-28,1,D0,1,D0,1,D0,True,0.26756078,0.5905631,0.11821931,0.013432774,0.00814041,0.0020836706
20027,2024-06-04,1,D0,1,D0,1,D0,True,0.3275894,0.588845,0.07821375,0.0036274951,0.0012663188,0.00045792357
20027,2024-06-11,1,D0,1,D0,1,D0,True,0.39856777,0.5465319,0.05227926,0.0018350957,0.0005470653,0.00023884988
20027,2024-06-18,0,None,1,D0,1,D0,False,0.3183777,0.594085,0.08344207,0.0029569077,0.0007630465,0.00037528778
20027,2024-06-25,0,None,0,None,0,None,True,0.70356995,0.29508686,0.0013124406,1.6518701e-05,8.402047e-06,5.8513037e-06
20027,2024-07-02,0,None,0,None,0,None,True,0.77057,0.2285996,0.00080455735,1.2331434e-05,7.5981475e-06,5.8721434e-06
20027,2024-07-09,0,None,0,None,0,None,True,0.72676045,0.27205944,0.0011461171,1.6533373e-05,9.513767e-06,7.886949e-06
20027,2024-07-16,0,None,0,None,0,None,True,0.6764541,0.32197228,0.001526715,2.2044931e-05,1.2083623e-05,1.2704269e-05
20027,2024-07-23,1,D0,0,None,0,None,False,0.6429047,0.3548507,0.0021676573,3.1706968e-05,1.6884049e-05,2.8306087e-05
20027,2024-07-30,2,D1,1,D0,1,D0,False,0.24396004,0.57303494,0.1685455,0.008906333,0.0015762202,0.003977032
20027,2024-08-06,2,D1,2,D1,2,D1,True,0.004014202,0.3215339,0.45881072,0.19015911,0.021784412,0.0036976507
20027,2024-08-13,2,D1,2,D1,2,D1,True,0.003368222,0.25441018,0.41938293,0.26353946,0.047861263,0.01143793
20027,2024-08-20,1,D0,2,D1,2,D1,False,0.003710634,0.1909522,0.37633413,0.30676118,0.091788694,0.03045318
20027,2024-08-27,1,D0,1,D0,1,D0,True,0.02406291,0.37627387,0.3130809,0.17120084,0.06401658,0.05136494
20027,2024-09-03,2,D1,1,D0,1,D0,False,0.033296097,0.45675993,0.29244223,0.1288822,0.04610086,0.0425188
20027,2024-09-10,2,D1,2,D1,2,D1,True,0.004707043,0.22633378,0.3600284,0.2735651,0.09954671,0.035818946
20027,2024-09-17,2,D1,3,D2,2,D1,True,0.0022884374,0.11934216,0.32964694,0.33319506,0.16406292,0.05146454
20027,2024-09-24,2,D1,3,D2,4,D3,False,0.0025933273,0.059361376,0.21222545,0.30679432,0.29332215,0.12570338
20027,2024-10-01,2,D1,4,D3,4,D3,False,0.00016580752,0.0049734716,0.12854497,0.3138472,0.44192934,0.11053924
20027,2024-10-08,2,D1,4,D3,4,D3,False,6.5778455e-05,0.0015945258,0.083575,0.28210866,0.5088141,0.12384197
20027,2024-10-15,2,D1,4,D3,4,D3,False,5.1160598e-05,0.00094813487,0.05433476,0.2720528,0.50552946,0.16708365
20027,2024-10-22,2,D1,4,D3,4,D3,False,4.2673335e-05,0.00051152095,0.030790761,0.2424293,0.4949751,0.23125072
20027,2024-10-29,3,D2,4,D3,4,D3,False,0.00010958031,0.0011081937,0.033957083,0.28924924,0.45501134,0.22056463
20027,2024-11-05,2,D1,4,D3,4,D3,False,0.0018625399,0.01789587,0.10186439,0.33936065,0.35299873,0.1860179
20027,2024-11-12,2,D1,3,D2,3,D2,False,0.0064973165,0.09459829,0.27464166,0.35244474,0.22066492,0.051153038
20027,2024-11-19,2,D1,3,D2,2,D1,True,0.0029538188,0.09952846,0.34501234,0.38487604,0.15100242,0.01662693
20027,2024-11-26,2,D1,2,D1,2,D1,True,0.001239293,0.09729833,0.397376,0.38881516,0.10947528,0.0057959356
20027,2024-12-03,2,D1,3,D2,2,D1,True,0.00042419264,0.07552322,0.4193245,0.42020398,0.081728436,0.00279572
20027,2024-12-10,2,D1,2,D1,2,D1,True,0.00020586775,0.063345805,0.44168943,0.42712837,0.06603421,0.0015963417
20027,2024-12-17,2,D1,2,D1,2,D1,True,9.2742586e-05,0.045253307,0.45772466,0.44048283,0.055497173,0.00094928034
20027,2024-12-24,2,D1,2,D1,2,D1,True,8.5373606e-05,0.0516888,0.4850063,0.418286,0.044333823,0.0005996855
20027,2024-12-31,2,D1,2,D1,2,D1,True,8.923109e-05,0.061018668,0.5076623,0.39118522,0.039637372,0.00040720464
20027,2025-01-07,2,D1,2,D1,2,D1,True,0.000111918846,0.07348387,0.5441501,0.34230316,0.039654754,0.00029621387
20027,2025-01-14,2,D1,2,D1,2,D1,True,0.0005504506,0.15182509,0.5776014,0.2287968,0.041021295,0.00020503892
20027,2025-01-21,2,D1,2,D1,2,D1,True,0.00084462314,0.20107293,0.5796902,0.18700173,0.031248163,0.00014234363
20027,2025-01-28,2,D1,2,D1,2,D1,True,0.0007272983,0.21421334,0.5850288,0.17519057,0.02474989,9.011482e-05
20027,2025-02-04,2,D1,2,D1,2,D1,True,0.00069699826,0.22922558,0.58453816,0.1632458,0.022226373,6.7169014e-05
20027,2025-02-11,2,D1,2,D1,2,D1,True,0.0003919234,0.19900538,0.59550565,0.18334526,0.021702604,4.9204264e-05
20027,2025-02-18,2,D1,2,D1,2,D1,True,0.00038574904,0.19692558,0.5944036,0.18604636,0.022192417,4.6201476e-05
20027,2025-02-25,2,D1,2,D1,2,D1,True,0.00031045958,0.17590919,0.5961183,0.202433,0.025178613,5.0419367e-05
20027,2025-03-04,2,D1,2,D1,2,D1,True,0.00023523049,0.15410621,0.59122086,0.22541156,0.02897057,5.5547578e-05
20027,2025-03-11,2,D1,2,D1,2,D1,True,0.0002087279,0.13456076,0.55675346,0.26648527,0.041896597,9.5159434e-05
20027,2025-03-18,2,D1,2,D1,2,D1,True,0.000167978,0.111710384,0.5175293,0.30741656,0.06299433,0.00018143682
20027,2025-03-25,2,D1,2,D1,2,D1,True,0.00021783134,0.09978784,0.48086566,0.31822893,0.100336835,0.0005629042
20027,2025-04-01,2,D1,2,D1,2,D1,True,0.00017871834,0.059752904,0.42122167,0.3596821,0.15745337,0.0017111773
20027,2025-04-08,1,D0,3,D2,3,D2,False,0.000117725984,0.020773996,0.32133362,0.4316746,0.22129415,0.0048058988
20027,2025-04-15,1,D0,3,D2,4,D3,False,0.0015897542,0.05270952,0.26270548,0.35651693,0.30202636,0.024451924
20027,2025-04-22,1,D0,2,D1,4,D3,False,0.01800738,0.18141653,0.27686533,0.2230992,0.26911935,0.031492166
20027,2025-04-29,1,D0,2,D1,1,D0,True,0.0363777,0.27397272,0.27952135,0.16987005,0.2135464,0.026711734
20027,2025-05-06,1,D0,1,D0,1,D0,True,0.089005865,0.41692108,0.25756747,0.107319936,0.10894615,0.020239541
20027,2025-05-13,1,D0,1,D0,1,D0,True,0.095222495,0.4576342,0.27379575,0.0911298,0.06600428,0.016213456
20027,2025-05-20,1,D0,1,D0,1,D0,True,0.20720957,0.56329495,0.1722878,0.03278995,0.019590773,0.004826956
20027,2025-05-27,1,D0,1,D0,1,D0,True,0.27960518,0.56342113,0.12731577,0.017477758,0.00969666,0.0024835027
20027,2025-06-03,1,D0,1,D0,1,D0,True,0.31337214,0.54864126,0.11141025,0.015488949,0.008686193,0.0024011908
20027,2025-06-10,1,D0,1,D0,1,D0,True,0.3469428,0.5272977,0.1018736,0.013534583,0.007930424,0.0024209248
20027,2025-06-17,1,D0,1,D0,1,D0,True,0.22669616,0.5006494,0.18131495,0.04758105,0.033038322,0.010720078
20027,2025-06-24,2,D1,1,D0,1,D0,False,0.13731678,0.5322307,0.22292967,0.059262834,0.037987176,0.010272892
20027,2025-07-01,2,D1,1,D0,1,D0,False,0.026216978,0.3469601,0.31965876,0.17915115,0.107227325,0.020785682
20027,2025-07-08,2,D1,2,D1,2,D1,True,0.005184485,0.24048503,0.37159175,0.25871626,0.10620293,0.017819563
20027,2025-07-15,1,D0,2,D1,2,D1,False,0.0034997365,0.21392229,0.35712585,0.28262028,0.12336527,0.019466653
20027,2025-07-22,1,D0,2,D1,2,D1,False,0.007302977,0.22864254,0.3339237,0.26322213,0.13596292,0.030945744
20027,2025-07-29,2,D1,2,D1,1,D0,False,0.018552307,0.24752915,0.2946699,0.22254115,0.14891982,0.06778764
20027,2025-08-05,2,D1,1,D0,1,D0,False,0.034819998,0.27379543,0.2675567,0.19507259,0.13890857,0.089846775
20027,2025-08-12,2,D1,2,D1,1,D0,False,0.017863292,0.2230605,0.25432712,0.24234597,0.15923862,0.10316448
20027,2025-08-19,2,D1,2,D1,1,D0,False,0.017502844,0.21596102,0.2522713,0.24413067,0.1575975,0.112536654
20027,2025-08-26,2,D1,1,D0,1,D0,False,0.029597115,0.25772938,0.2441956,0.20832333,0.13852622,0.121628396
20027,2025-09-02,2,D1,1,D0,1,D0,False,0.069281995,0.30564445,0.19503434,0.14206102,0.120034076,0.16794413
20027,2025-09-09,2,D1,1,D0,1,D0,False,0.056446187,0.29124507,0.20521547,0.15582697,0.12290405,0.16836224
20027,2025-09-16,2,D1,1,D0,1,D0,False,0.05299668,0.3124136,0.2129535,0.1508825,0.11187873,0.15887493
20027,2025-09-23,2,D1,1,D0,1,D0,False,0.074249364,0.32594272,0.1840414,0.122184195,0.10244927,0.1911331
20027,2025-09-30,2,D1,1,D0,1,D0,False,0.05095817,0.29262453,0.20724145,0.15648109,0.115688674,0.17700611
20027,2025-10-07,2,D1,1,D0,1,D0,False,0.029368095,0.29904848,0.28519136,0.21497644,0.09365265,0.07776299
20027,2025-10-14,2,D1,2,D1,2,D1,True,0.0101014,0.26555094,0.3693757,0.27407202,0.060696777,0.020203065
20027,2025-10-21,2,D1,2,D1,2,D1,True,0.00631956,0.28556937,0.42406508,0.24430083,0.03383314,0.005912097
20027,2025-10-28,2,D1,2,D1,2,D1,True,0.0064830543,0.3157871,0.437446,0.20856063,0.028729515,0.0029936442
20027,2025-11-04,2,D1,2,D1,2,D1,True,0.0044856085,0.29392454,0.4591684,0.21446368,0.026203563,0.0017542893
20027,2025-11-11,2,D1,2,D1,2,D1,True,0.0024110095,0.25923926,0.49105337,0.22490239,0.02120495,0.001188912
20027,2025-11-18,2,D1,2,D1,2,D1,True,0.0057339324,0.3428283,0.4752201,0.15615544,0.018892163,0.0011701288
20027,2025-11-25,2,D1,1,D0,1,D0,False,0.012292317,0.4486524,0.42794076,0.097413346,0.013033638,0.0006675953
20027,2025-12-02,1,D0,1,D0,1,D0,True,0.012952446,0.48491204,0.41668603,0.075849615,0.009227042,0.00037280345
20027,2025-12-09,1,D0,1,D0,1,D0,True,0.119498536,0.7752736,0.10205827,0.00284903,0.0002953743,2.5159607e-05
20027,2025-12-16,1,D0,1,D0,1,D0,True,0.1824904,0.76260906,0.054005813,0.00080159726,8.359381e-05,9.674905e-06
20027,2025-12-23,1,D0,1,D0,1,D0,True,0.060601946,0.8013502,0.13609283,0.0018247567,0.00012400621,6.265069e-06
20027,2025-12-30,1,D0,1,D0,1,D0,True,0.028187117,0.773062,0.19642021,0.0022225152,0.00010461332,3.5258306e-06
20029,2022-01-04,1,D0,1,D0,1,D0,True,0.00673591,0.7123787,0.27783582,0.002928721,0.00011997024,9.3943896e-07
20029,2022-01-11,1,D0,1,D0,1,D0,True,0.0067205885,0.7152686,0.2749075,0.0029766115,0.00012554384,1.1556796e-06
20029,2022-01-18,1,D0,1,D0,1,D0,True,0.006355501,0.71494555,0.27561373,0.0029503542,0.00013339666,1.4433908e-06
20029,2022-01-25,1,D0,1,D0,1,D0,True,0.005764282,0.71412367,0.27710173,0.002863508,0.00014491368,1.8837811e-06
20029,2022-02-01,1,D0,1,D0,1,D0,True,0.0031365368,0.63917714,0.3514053,0.0059734364,0.00030394734,3.6325125e-06
20029,2022-02-08,2,D1,1,D0,1,D0,False,0.0027489,0.5940312,0.39390528,0.008827658,0.00047975234,7.1935133e-06
20029,2022-02-15,2,D1,2,D1,2,D1,True,7.216915e-05,0.21766648,0.6724115,0.10664155,0.0031916688,1.654381e-05
20029,2022-02-22,3,D2,2,D1,2,D1,False,4.752663e-05,0.1365967,0.65941805,0.19739284,0.0065028183,4.208707e-05
20029,2022-03-01,3,D2,2,D1,2,D1,False,7.2370756e-05,0.095077485,0.60221034,0.28851613,0.013905669,0.00021802928
20029,2022-03-08,3,D2,2,D1,2,D1,False,0.00013081476,0.071733505,0.54250777,0.36234725,0.022415757,0.000864874
20029,2022-03-15,3,D2,2,D1,2,D1,False,0.00022530947,0.07402671,0.5448597,0.35854954,0.02079558,0.0015431774
20029,2022-03-22,3,D2,2,D1,2,D1,False,0.00036080473,0.09513339,0.55303764,0.33071327,0.018898953,0.0018558892
20029,2022-03-29,3,D2,2,D1,2,D1,False,0.00035134167,0.0935735,0.55589294,0.3268528,0.020863028,0.002466348
20029,2022-04-05,3,D2,2,D1,2,D1,False,0.00027147235,0.07688386,0.5533757,0.34164262,0.02473795,0.0030883586
20029,2022-04-12,3,D2,2,D1,2,D1,False,0.00024081134,0.06623521,0.5415593,0.3563155,0.031177811,0.0044713765
20029,2022-04-19,3,D2,2,D1,2,D1,False,0.00017122466,0.0475562,0.5066071,0.39837047,0.040683392,0.006611659
20029,2022-04-26,3,D2,2,D1,2,D1,False,0.00024838126,0.058826227,0.5062817,0.38030407,0.04485232,0.009487306
20029,2022-05-03,3,D2,2,D1,2,D1,False,0.0007870446,0.11830569,0.5181843,0.3045569,0.04601302,0.012153125
20029,2022-05-10,3,D2,2,D1,2,D1,False,0.001026678,0.14494306,0.5187585,0.27666733,0.046232216,0.012372209
20029,2022-05-17,3,D2,2,D1,2,D1,False,0.00069493864,0.124300785,0.52944404,0.28193757,0.051558282,0.012064338
20029,2022-05-24,3,D2,2,D1,2,D1,False,0.00080841186,0.14507473,0.53622454,0.25251833,0.05569131,0.009682741
20029,2022-05-31,1,D0,2,D1,2,D1,False,0.0027015947,0.19954729,0.49339512,0.21767043,0.07272059,0.013964996
20029,2022-06-07,0,None,1,D0,1,D0,False,0.3773862,0.5225699,0.0860461,0.008618272,0.00416725,0.0012122612
20029,2022-06-14,0,None,0,None,0,None,True,0.69038045,0.3069408,0.0025317967,7.0645976e-05,4.8491846e-05,2.7844722e-05
20029,2022-06-21,0,None,0,None,0,None,True,0.7438377,0.25503024,0.0010943877,1.7141861e-05,1.4365486e-05,6.1309684e-06
20029,2022-06-28,0,None,0,None,0,None,True,0.74695367,0.25208512,0.0009343459,1.2224432e-05,1.002302e-05,4.562455e-06
20029,2022-07-05,0,None,0,None,0,None,True,0.75221443,0.2468606,0.00090491155,9.71724e-06,7.128179e-06,3.2710147e-06
20029,2022-07-12,0,None,0,None,0,None,True,0.70496476,0.29308316,0.0019206526,1.6890808e-05,9.866181e-06,4.7494505e-06
20029,2022-07-19,0,None,0,None,0,None,True,0.67139363,0.32439315,0.0041625723,2.9698758e-05,1.4750501e-05,6.220978e-06
20029,2022-07-26,0,None,0,None,0,None,True,0.6860194,0.31112596,0.0028238532,1.77157e-05,9.407974e-06,3.606564e-06
20029,2022-08-02,0,None,0,None,0,None,True,0.7141567,0.2843645,0.0014594534,1.0530385e-05,6.0031807e-06,2.7592082e-06
20029,2022-08-09,0,None,0,None,0,None,True,0.7084213,0.28971252,0.0018433664,1.2819137e-05,6.898859e-06,3.0704107e-06
20029,2022-08-16,0,None,0,None,0,None,True,0.6626425,0.33344406,0.0038753874,2.2737053e-05,1.0561054e-05,4.691287e-06
20029,2022-08-23,0,None,0,None,0,None,True,0.6788606,0.31874958,0.002363897,1.5129323e-05,7.2567746e-06,3.5379448e-06
20029,2022-08-30,1,D0,0,None,0,None,False,0.6389749,0.35694852,0.004044575,1.9178517e-05,8.732754e-06,4.025613e-06
20029,2022-09-06,1,D0,1,D0,1,D0,True,0.028555648,0.6499651,0.31520805,0.005732634,0.00048885745,4.9659488e-05
20029,2022-09-13,1,D0,1,D0,1,D0,True,0.0036029741,0.5177439,0.4614603,0.016450923,0.0007196358,2.2211954e-05
20029,2022-09-20,1,D0,1,D0,1,D0,True,0.004263408,0.5902775,0.39434183,0.010591274,0.00050963403,1.6425305e-05
20029,2022-09-27,1,D0,1,D0,1,D0,True,0.0045437114,0.60768133,0.37737677,0.009876263,0.0005090059,1.2870865e-05
20029,2022-10-04,1,D0,1,D0,1,D0,True,0.0040907064,0.60793394,0.3770637,0.010356437,0.00054401165,1.1236704e-05
20029,2022-10-11,1,D0,1,D0,1,D0,True,0.0050394568,0.6249045,0.3589998,0.010352361,0.00069393177,9.959024e-06
20029,2022-10-18,1,D0,1,D0,1,D0,True,0.0080073215,0.67120904,0.31144893,0.008528043,0.00079750194,9.186915e-06
20029,2022-10-25,1,D0,1,D0,1,D0,True,0.007444969,0.66710407,0.31457314,0.009882278,0.0009877628,7.818222e-06
20029,2022-11-01,1,D0,1,D0,1,D0,True,0.015186467,0.7416456,0.23697016,0.0053588767,0.00083439733,4.511589e-06
20029,2022-11-08,1,D0,1,D0,1,D0,True,0.04091445,0.8083513,0.14813735,0.002113737,0.00047979533,3.3693727e-06
20029,2022-11-15,1,D0,1,D0,1,D0,True,0.043026373,0.8064767,0.14779691,0.0021930423,0.0005034762,3.4461996e-06
20029,2022-11-22,1,D0,1,D0,1,D0,True,0.03361689,0.79083765,0.17224623,0.0027613894,0.0005349496,2.8166398e-06
20029,2022-11-29,1,D0,1,D0,1,D0,True,0.04514668,0.8007892,0.15167959,0.0020196903,0.00036251318,2.417348e-06
20029,2022-12-06,1,D0,1,D0,1,D0,True,0.045923747,0.7928246,0.15891674,0.0020324036,0.0003003649,2.0933553e-06
20029,2022-12-13,1,D0,1,D0,1,D0,True,0.03701247,0.76483697,0.19494936,0.00289999,0.00029895653,2.1558562e-06
20029,2022-12-20,1,D0,1,D0,1,D0,True,0.048317216,0.7775297,0.17160651,0.0022987165,0.00024564544,2.2459014e-06
20029,2022-12-27,1,D0,1,D0,1,D0,True,0.04320126,0.7705879,0.18343075,0.0025405316,0.00023710572,2.5137365e-06
20029,2023-01-03,1,D0,1,D0,1,D0,True,0.06054336,0.7894756,0.14847119,0.0013954807,0.00011202564,2.2967852e-06
20029,2023-01-10,1,D0,1,D0,1,D0,True,0.039211545,0.7737794,0.1849976,0.0018871202,0.00012192487,2.527985e-06
20029,2023-01-17,1,D0,1,D0,1,D0,True,0.042896416,0.7631368,0.19193438,0.0019069088,0.00012279348,2.7711098e-06
20029,2023-01-24,1,D0,1,D0,1,D0,True,0.09370778,0.7713183,0.13365209,0.0012122758,0.00010640912,3.1240352e-06
20029,2023-01-31,1,D0,1,D0,1,D0,True,0.06693534,0.7616736,0.16942608,0.0017965187,0.00016448837,3.926453e-06
20029,2023-02-07,1,D0,1,D0,1,D0,True,0.02173522,0.71092397,0.26300716,0.0040271035,0.00030260012,3.886767e-06
20029,2023-02-14,1,D0,1,D0,1,D0,True,0.022766192,0.71643704,0.2564762,0.0039912094,0.00032557725,3.8035296e-06
20029,2023-02-21,1,D0,1,D0,1,D0,True,0.027977498,0.73266757,0.23584816,0.0032098275,0.00029372607,3.1549296e-06
20029,2023-02-28,1,D0,1,D0,1,D0,True,0.019439716,0.70879453,0.26762477,0.003815129,0.00032295389,2.9604246e-06
20029,2023-03-07,1,D0,1,D0,1,D0,True,0.018735388,0.7108528,0.266573,0.0035349485,0.00030121292,2.680743e-06
20029,2023-03-14,1,D0,1,D0,1,D0,True,0.0057677333,0.6006315,0.3824214,0.010341311,0.0008336055,4.520142e-06
20029,2023-03-21,1,D0,1,D0,1,D0,True,0.0050224727,0.5722453,0.40858203,0.01305781,0.0010865533,5.8019596e-06
20029,2023-03-28,1,D0,1,D0,1,D0,True,0.0032192438,0.50903744,0.46258566,0.023231773,0.0019167627,9.142496e-06
20029,2023-04-04,1,D0,2,D1,1,D0,True,0.002464242,0.45169115,0.5025235,0.0397766,0.0035249605,1.9598903e-05
20029,2023-04-11,2,D1,2,D1,2,D1,True,0.0016245439,0.39952073,0.5244107,0.06825083,0.006156006,3.7174792e-05
20029,2023-04-18,2,D1,2,D1,2,D1,True,0.00014863178,0.15939026,0.5877271,0.2291612,0.023486363,8.650587e-05
20029,2023-04-25,2,D1,2,D1,2,D1,True,0.00019065164,0.12149286,0.57107466,0.27036563,0.036614068,0.00026217374
20029,2023-05-02,2,D1,2,D1,2,D1,True,0.0002683911,0.10316777,0.5346732,0.31239638,0.048723623,0.0007706104
20029,2023-05-09,2,D1,2,D1,2,D1,True,0.00024351974,0.06682472,0.4968506,0.3616228,0.072249,0.002209322
20029,2023-05-16,1,D0,2,D1,2,D1,False,0.001153716,0.11612115,0.4651649,0.3244363,0.086447746,0.006676164
20029,2023-05-23,1,D0,1,D0,1,D0,True,0.12652957,0.5167762,0.2552694,0.06640341,0.031178642,0.0038427908
20029,2023-05-30,1,D0,1,D0,1,D0,True,0.23258767,0.5783234,0.15204078,0.024094857,0.011302886,0.0016503922
20029,2023-06-06,1,D0,1,D0,1,D0,True,0.2476204,0.5494077,0.16243236,0.026177308,0.012042895,0.0023192011
20029,2023-06-13,1,D0,1,D0,1,D0,True,0.23680574,0.5437501,0.17695712,0.02786707,0.012220209,0.0023997724
20029,2023-06-20,2,D1,1,D0,1,D0,False,0.15012847,0.5374615,0.24847932,0.044250984,0.016838092,0.0028416277
20029,2023-06-27,2,D1,2,D1,2,D1,True,0.0022989076,0.14563295,0.47551233,0.28293133,0.081952095,0.011672361
20029,2023-07-04,2,D1,2,D1,2,D1,True,0.0010365257,0.082211055,0.49799663,0.31015378,0.094526134,0.014075791
20029,2023-07-11,2,D1,2,D1,2,D1,True,0.0013516076,0.07216311,0.47660467,0.31336737,0.11202333,0.024489883
20029,2023-07-18,2,D1,2,D1,2,D1,True,0.00091490947,0.054506864,0.4782659,0.3214338,0.11556647,0.029312143
20029,2023-07-25,2,D1,2,D1,2,D1,True,0.00043340022,0.03799359,0.47812787,0.33499783,0.11695233,0.031495005
20029,2023-08-01,2,D1,2,D1,2,D1,True,0.00035021463,0.03482879,0.4735359,0.33917627,0.11965648,0.032452352
20029,2023-08-08,2,D1,2,D1,2,D1,True,0.00054945215,0.040946055,0.46289462,0.3297795,0.12038452,0.045445718
20029,2023-08-15,2,D1,2,D1,2,D1,True,0.0006246586,0.038087666,0.44853604,0.3215386,0.12616684,0.06504619
20029,2023-08-22,2,D1,2,D1,2,D1,True,0.000302643,0.017313942,0.37152067,0.32806638,0.16338997,0.119406424
20029,2023-08-29,2,D1,3,D2,4,D3,False,0.0001365532,0.005663698,0.20903075,0.29621595,0.23003834,0.25891465
20029,2023-09-05,2,D1,5,D4,5,D4,False,0.000102095095,0.002347594,0.09439365,0.21859081,0.26638117,0.4181847
20029,2023-09-12,2,D1,5,D4,5,D4,False,5.1892424e-05,0.0004300465,0.02074769,0.12583387,0.24757956,0.60535705
20029,2023-09-19,2,D1,5,D4,5,D4,False,2.5290488e-05,0.00012806304,0.006023428,0.0799499,0.23352607,0.68034726
20029,2023-09-26,2,D1,5,D4,5,D4,False,1.2552267e-05,5.3443764e-05,0.002936607,0.06840548,0.22160932,0.7069826
20029,2023-10-03,2,D1,5,D4,5,D4,False,9.415652e-06,4.1266765e-05,0.0021834804,0.06844338,0.21415819,0.71516424
20029,2023-10-10,2,D1,5,D4,5,D4,False,7.0791634e-06,3.078149e-05,0.0017424542,0.07326478,0.2132209,0.711734
20029,2023-10-17,2,D1,5,D4,5,D4,False,7.5119856e-06,3.126292e-05,0.001872941,0.08760766,0.22485714,0.68562347
20029,2023-10-24,2,D1,5,D4,5,D4,False,9.150231e-06,4.062992e-05,0.0022581175,0.1038622,0.23210272,0.66172713
20029,2023-10-31,2,D1,5,D4,5,D4,False,2.8292341e-05,0.00013501859,0.004700435,0.14069445,0.25958687,0.5948549
20029,2023-11-07,2,D1,5,D4,5,D4,False,5.336063e-05,0.00021634315,0.007657873,0.19359592,0.3183313,0.4801452
20029,2023-11-14,3,D2,5,D4,4,D3,False,7.882231e-05,0.00032187393,0.010883812,0.23358086,0.36151975,0.3936149
20029,2023-11-21,3,D2,4,D3,4,D3,False,0.00019867507,0.0009327564,0.020148156,0.2532133,0.40352824,0.32197896
20029,2023-11-28,3,D2,4,D3,4,D3,False,0.00023413816,0.0012600069,0.025843926,0.27609608,0.43029854,0.26626733
20029,2023-12-05,3,D2,4,D3,4,D3,False,0.00019761547,0.0010970735,0.026427997,0.281165,0.4498068,0.24130554
20029,2023-12-12,3,D2,4,D3,4,D3,False,0.00034340794,0.002053984,0.037340924,0.2808825,0.48667857,0.19270056
20029,2023-12-19,3,D2,4,D3,4,D3,False,0.0014408254,0.010811471,0.100185454,0.27344605,0.49065134,0.12346484
20029,2023-12-26,3,D2,4,D3,4,D3,False,0.00344751,0.028815728,0.16936052,0.23763046,0.48337385,0.07737192
20029,2024-01-02,3,D2,4,D3,4,D3,False,0.0030122497,0.036876656,0.21325038,0.23472157,0.45863158,0.053507593
20029,2024-01-09,3,D2,4,D3,4,D3,False,0.0040253997,0.066268854,0.2849322,0.21583351,0.4059634,0.022976644
20029,2024-01-16,3,D2,4,D3,4,D3,False,0.0025739581,0.068186216,0.3138003,0.23349865,0.3700944,0.011846498
20029,2024-01-23,2,D1,4,D3,4,D3,False,0.0018434613,0.06931266,0.33163098,0.25685784,0.33222204,0.008133073
20029,2024-01-30,2,D1,2,D1,2,D1,True,0.0026620284,0.109036595,0.36401722,0.25144228,0.26749283,0.0053490684
20029,2024-02-06,2,D1,2,D1,2,D1,True,0.0020846585,0.118200004,0.38822377,0.26010117,0.22744796,0.003942415
20029,2024-02-13,2,D1,2,D1,2,D1,True,0.0007750901,0.08708243,0.4166685,0.30132756,0.19155878,0.0025876297
20029,2024-02-20,2,D1,2,D1,2,D1,True,0.00035034088,0.06667685,0.4274397,0.34400553,0.15946196,0.00206564
20029,2024-02-27,2,D1,2,D1,2,D1,True,0.00023507717,0.060065813,0.43641868,0.35391504,0.1476425,0.0017228351
20029,2024-03-05,2,D1,2,D1,2,D1,True,0.00017280536,0.049535666,0.4279412,0.3735085,0.14703457,0.0018072709
20029,2024-03-12,2,D1,2,D1,2,D1,True,0.00020480512,0.04853116,0.40032512,0.3829994,0.1653072,0.0026323178
20029,2024-03-19,2,D1,3,D2,2,D1,True,0.00021584117,0.04390126,0.37530094,0.39738402,0.17937867,0.0038192528
20029,2024-03-26,2,D1,3,D2,3,D2,False,0.00026940813,0.041685876,0.34246206,0.40264788,0.20609294,0.006841808
20029,2024-04-02,2,D1,3,D2,3,D2,False,0.00023614151,0.024627946,0.27646002,0.42022756,0.264431,0.01401733
20029,2024-04-09,2,D1,3,D2,4,D3,False,0.00014345758,0.008188999,0.18436873,0.41918376,0.36036703,0.027747992
20029,2024-04-16,2,D1,4,D3,4,D3,False,8.950335e-05,0.0035572858,0.12322942,0.3807286,0.4362853,0.056109924
20029,2024-04-23,3,D2,4,D3,4,D3,False,0.00011148007,0.0028268495,0.090885796,0.34581837,0.45862335,0.101734236
20029,2024-04-30,2,D1,4,D3,4,D3,False,0.0006930831,0.01441381,0.13755581,0.3075818,0.40051323,0.13924225
20029,2024-05-07,1,D0,4,D3,4,D3,False,0.00883818,0.08944067,0.19308029,0.25915605,0.30900553,0.14047933
20029,2024-05-14,1,D0,1,D0,1,D0,True,0.11564128,0.4110342,0.22011174,0.09822758,0.119437985,0.03554722
20029,2024-05-21,1,D0,1,D0,1,D0,True,0.2039976,0.58197236,0.1651963,0.027798811,0.015851784,0.005183089
20029,2024-05-28,1,D0,1,D0,1,D0,True,0.37455434,0.5603329,0.06040638,0.003147553,0.0010960029,0.00046292885
20029,2024-06-04,1,D0,1,D0,1,D0,True,0.4147418,0.5402309,0.04331622,0.0012285035,0.00032630493,0.00015632139
20029,2024-06-11,0,None,1,D0,1,D0,False,0.47034708,0.499052,0.029657666,0.0006707225,0.00018208592,9.049402e-05
20029,2024-06-18,0,None,0,None,0,None,True,0.60893846,0.38602582,0.004934337,6.152902e-05,2.489568e-05,1.4946233e-05
20029,2024-06-25,0,None,0,None,0,None,True,0.7167808,0.2819066,0.0012848903,1.4908913e-05,7.640922e-06,5.207586e-06
20029,2024-07-02,0,None,0,None,0,None,True,0.7374955,0.26131052,0.0011626738,1.574938e-05,8.549921e-06,6.9894113e-06
20029,2024-07-09,0,None,0,None,0,None,True,0.6832489,0.3148939,0.001811685,2.3301947e-05,1.1454573e-05,1.0748371e-05
20029,2024-07-16,0,None,0,None,0,None,True,0.65617573,0.34212068,0.001655954,2.1886137e-05,1.1708347e-05,1.3946891e-05
20029,2024-07-23,1,D0,0,None,0,None,False,0.62401783,0.3737017,0.002205902,2.9969326e-05,1.6327138e-05,2.8350236e-05
20029,2024-07-30,2,D1,1,D0,1,D0,False,0.1769576,0.609884,0.1967785,0.010888534,0.0017702312,0.0037210598
20029,2024-08-06,2,D1,2,D1,2,D1,True,0.0022960033,0.26970774,0.4676567,0.2306683,0.026388882,0.003282424
20029,2024-08-13,2,D1,2,D1,2,D1,True,0.0011741762,0.12219596,0.4076853,0.36373916,0.08789228,0.017313143
20029,2024-08-20,2,D1,3,D2,2,D1,True,0.00091778155,0.052712522,0.33550152,0.36794296,0.18773085,0.055194315
20029,2024-08-27,2,D1,3,D2,4,D3,False,0.0004964629,0.022391964,0.25463623,0.33457744,0.2879957,0.0999022
20029,2024-09-03,2,D1,4,D3,4,D3,False,0.00024864625,0.007650031,0.14501418,0.26685438,0.41050568,0.16972712
20029,2024-09-10,2,D1,4,D3,4,D3,False,0.00014032038,0.0033167526,0.08798957,0.21488935,0.46481827,0.22884573
20029,2024-09-17,2,D1,4,D3,4,D3,False,9.74473e-05,0.0013469465,0.04150921,0.14893316,0.47705105,0.33106217
20029,2024-09-24,2,D1,4,D3,4,D3,False,0.000119767465,0.0008834831,0.02183652,0.11005334,0.44697535,0.4201315
20029,2024-10-01,2,D1,4,D3,4,D3,False,6.677253e-05,0.00039571436,0.014596468,0.11304122,0.4546328,0.417267
20029,2024-10-08,2,D1,4,D3,4,D3,False,4.4190198e-05,0.00023794307,0.011138302,0.12522687,0.45818216,0.40517056
20029,2024-10-15,3,D2,4,D3,4,D3,False,4.910201e-05,0.0003005538,0.013100997,0.16161576,0.4587649,0.36616874
20029,2024-10-22,3,D2,4,D3,4,D3,False,5.01614e-05,0.00027604064,0.011772188,0.18575822,0.45205864,0.35008475
20029,2024-10-29,3,D2,4,D3,4,D3,False,0.00012257951,0.0007439628,0.01826948,0.24401648,0.44472402,0.29212344
20029,2024-11-05,2,D1,4,D3,4,D3,False,0.0017955104,0.014444981,0.077226095,0.31850615,0.36346796,0.22455932
20029,2024-11-12,2,D1,3,D2,3,D2,False,0.008241757,0.09732022,0.26873267,0.33806852,0.2315667,0.05607008
20029,2024-11-19,2,D1,3,D2,2,D1,True,0.003655169,0.10097591,0.3397712,0.36853796,0.16728835,0.019771455
20029,2024-11-26,2,D1,2,D1,2,D1,True,0.0014802908,0.09937064,0.39641392,0.37500998,0.12095425,0.0067708846
20029,2024-12-03,2,D1,2,D1,2,D1,True,0.00044963363,0.07602861,0.42733473,0.40849164,0.0847597,0.002935712
20029,2024-12-10,2,D1,2,D1,2,D1,True,0.00021339388,0.06491729,0.45380184,0.41304225,0.066485025,0.0015401783
20029,2024-12-17,2,D1,2,D1,2,D1,True,9.26316e-05,0.044780463,0.46793506,0.43009856,0.056163535,0.0009296853
20029,2024-12-24,2,D1,2,D1,2,D1,True,8.433066e-05,0.0523501,0.49588588,0.40562314,0.045484092,0.00057238847
20029,2024-12-31,2,D1,2,D1,2,D1,True,8.239603e-05,0.060721774,0.5250243,0.37188327,0.041920237,0.00036794913
20029,2025-01-07,2,D1,2,D1,2,D1,True,9.692901e-05,0.07148119,0.5736559,0.31083766,0.043675035,0.00025329788
20029,2025-01-14,2,D1,2,D1,2,D1,True,8.183223e-05,0.06356863,0.5685397,0.3195835,0.04803053,0.00019583029
20029,2025-01-21,2,D1,2,D1,2,D1,True,7.7441764e-05,0.056778867,0.55969346,0.327407,0.05585201,0.000191162
20029,2025-01-28,2,D1,2,D1,2,D1,True,6.984055e-05,0.04770735,0.5521346,0.3345433,0.06534191,0.00020303443
20029,2025-02-04,2,D1,2,D1,2,D1,True,7.668273e-05,0.04386305,0.5362291,0.34105483,0.07853824,0.00023815666
20029,2025-02-11,2,D1,2,D1,2,D1,True,6.463324e-05,0.03188545,0.50943863,0.36278638,0.095545836,0.00027898923
20029,2025-02-18,2,D1,2,D1,2,D1,True,7.430547e-05,0.025919788,0.4740101,0.3762394,0.12335128,0.00040515972
20029,2025-02-25,2,D1,2,D1,2,D1,True,7.3586896e-05,0.020746466,0.438341,0.38447022,0.15579745,0.00057124585
20029,2025-03-04,2,D1,3,D2,2,D1,True,6.355858e-05,0.013856844,0.39042532,0.39659405,0.19820495,0.00085533486
20029,2025-03-11,2,D1,3,D2,3,D2,False,6.004718e-05,0.008290008,0.31384385,0.41326466,0.2628492,0.0016922783
20029,2025-03-18,2,D1,3,D2,4,D3,False,5.2260213e-05,0.0037617304,0.21252099,0.43225408,0.34750828,0.0039026695
20029,2025-03-25,2,D1,4,D3,4,D3,False,5.0073173e-05,0.0015177502,0.10533168,0.4237352,0.4563487,0.01301665
20029,2025-04-01,2,D1,4,D3,4,D3,False,6.5616776e-05,0.0010178139,0.06618229,0.4021862,0.49389023,0.03665793
20029,2025-04-08,2,D1,4,D3,4,D3,False,7.674503e-05,0.00077885116,0.050059702,0.382327,0.49188402,0.07487369
20029,2025-04-15,2,D1,4,D3,4,D3,False,8.025624e-05,0.00061451504,0.03788644,0.37199795,0.47169283,0.11772801
20029,2025-04-22,2,D1,4,D3,4,D3,False,0.00026908313,0.002019164,0.050958518,0.3673886,0.4136472,0.16571745
20029,2025-04-29,2,D1,3,D2,4,D3,False,0.00084717426,0.008742113,0.09474114,0.36862627,0.3403227,0.1867207
20029,2025-05-06,2,D1,3,D2,4,D3,False,0.006653644,0.045180008,0.1304508,0.3271993,0.2737508,0.21676531
20029,2025-05-13,2,D1,3,D2,4,D3,False,0.01484592,0.10997365,0.18554273,0.2795626,0.23910724,0.17096782
20029,2025-05-20,2,D1,1,D0,1,D0,False,0.039353546,0.25734097,0.24257365,0.18192056,0.20395961,0.07485172
20029,2025-05-27,2,D1,1,D0,1,D0,False,0.053903807,0.33664203,0.25369546,0.15246171,0.1591919,0.04410512
20029,2025-06-03,2,D1,1,D0,1,D0,False,0.042255614,0.34129402,0.2726897,0.16135073,0.14565335,0.036756575
20029,2025-06-10,2,D1,1,D0,1,D0,False,0.03661927,0.34755027,0.287781,0.16124514,0.13349344,0.033310857
20029,2025-06-17,2,D1,2,D1,2,D1,True,0.0019576969,0.14757562,0.34274656,0.30951247,0.16781072,0.030396914
20029,2025-06-24,2,D1,2,D1,2,D1,True,0.0040842127,0.19451638,0.31883857,0.2704283,0.18087259,0.031259973
20029,2025-07-01,2,D1,2,D1,2,D1,True,0.003253625,0.167491,0.30196556,0.2956614,0.1954921,0.036136393
20029,2025-07-08,2,D1,2,D1,2,D1,True,0.0031344122,0.17805535,0.31980443,0.28918695,0.18013598,0.029682878
20029,2025-07-15,2,D1,2,D1,2,D1,True,0.0035920758,0.18743479,0.32437766,0.28731626,0.17067525,0.026603939
20029,2025-07-22,2,D1,2,D1,2,D1,True,0.0087830955,0.24343038,0.33360624,0.2495544,0.13246019,0.032165676
20029,2025-07-29,1,D0,1,D0,1,D0,True,0.03500879,0.34538102,0.29111072,0.1586785,0.09857002,0.071250916
20029,2025-08-05,1,D0,1,D0,1,D0,True,0.2778706,0.5908817,0.09170573,0.014175758,0.010125611,0.015240632
20029,2025-08-12,1,D0,1,D0,1,D0,True,0.35956463,0.56735873,0.046190605,0.0068615912,0.006183114,0.013841318
20029,2025-08-19,1,D0,1,D0,1,D0,True,0.33770317,0.5746429,0.048655473,0.008310647,0.007857373,0.022830484
20029,2025-08-26,1,D0,1,D0,1,D0,True,0.32476714,0.5915768,0.051602773,0.007004971,0.005469978,0.01957829
20029,2025-09-02,1,D0,1,D0,1,D0,True,0.39680487,0.5653094,0.023241997,0.0026330661,0.0022727975,0.009737828
20029,2025-09-09,1,D0,1,D0,1,D0,True,0.31469625,0.58655137,0.057517596,0.008756283,0.0063475813,0.026130902
20029,2025-09-16,2,D1,1,D0,1,D0,False,0.26038936,0.6094545,0.07876648,0.011827824,0.0075183767,0.032043457
20029,2025-09-23,2,D1,1,D0,1,D0,False,0.19629082,0.5289808,0.13515353,0.034696516,0.022054031,0.08282426
20029,2025-09-30,2,D1,1,D0,1,D0,False,0.14630248,0.4596031,0.19412668,0.06576317,0.03466134,0.09954313
20029,2025-10-07,1,D0,1,D0,1,D0,True,0.07741159,0.45222646,0.28783387,0.11541039,0.029847415,0.037270326
20029,2025-10-14,1,D0,1,D0,1,D0,True,0.14556609,0.5884345,0.21129093,0.039767995,0.0074535343,0.0074869036
20029,2025-10-21,1,D0,1,D0,1,D0,True,0.1858643,0.6418728,0.1569474,0.012193674,0.0017731779,0.001348533
20029,2025-10-28,1,D0,1,D0,1,D0,True,0.18564893,0.6665093,0.13863951,0.0076005138,0.001008731,0.0005931403
20029,2025-11-04,1,D0,1,D0,1,D0,True,0.1254648,0.6921562,0.17168495,0.009246988,0.0010591933,0.00038791666
20029,2025-11-11,1,D0,1,D0,1,D0,True,0.062256955,0.6800164,0.24138115,0.01471559,0.0013167579,0.00031316868
20029,2025-11-18,1,D0,1,D0,1,D0,True,0.14117222,0.72734183,0.12663339,0.0042470023,0.00042257988,0.00018291683
20029,2025-11-25,0,None,1,D0,1,D0,False,0.21712376,0.7154174,0.06577735,0.0014761331,0.00014455189,6.0921426e-05
20029,2025-12-02,0,None,0,None,0,None,True,0.57718265,0.42145434,0.0013516078,8.5794945e-06,1.6352283e-06,1.1055183e-06
20029,2025-12-09,0,None,0,None,0,None,True,0.5623507,0.43570414,0.0019317038,1.0671005e-05,1.8833503e-06,9.668821e-07
20029,2025-12-16,0,None,0,None,0,None,True,0.5958472,0.40289906,0.0012458656,6.0591333e-06,1.2310472e-06,5.506766e-07
20029,2025-12-23,0,None,0,None,1,D0,False,0.512007,0.48355705,0.004413304,1.9002757e-05,2.699947e-06,9.705007e-07
20029,2025-12-30,0,None,1,D0,1,D0,False,0.43311873,0.5577839,0.009061958,3.1112388e-05,3.2388891e-06,1.0494335e-06
20031,2022-01-04,0,None,0,None,0,None,True,0.5883089,0.40818334,0.0034943249,8.676604e-06,3.6596723e-06,1.1737692e-06
20031,2022-01-11,0,None,0,None,0,None,True,0.5942305,0.40238872,0.0033665143,9.131192e-06,3.5916842e-06,1.6038972e-06
20031,2022-01-18,0,None,0,None,0,None,True,0.59524524,0.40168175,0.0030572154,9.7024795e-06,3.5039561e-06,2.6188438e-06
20031,2022-01-25,0,None,0,None,0,None,True,0.600392,0.39671248,0.0028776366,9.548463e-06,3.330141e-06,4.922816e-06
20031,2022-02-01,0,None,1,D0,1,D0,False,0.3370403,0.6398598,0.022996325,6.4736385e-05,1.3915447e-05,2.4937784e-05
20031,2022-02-08,0,None,1,D0,1,D0,False,0.19509915,0.7482507,0.056423787,0.00015693963,2.5583213e-05,4.390139e-05
20031,2022-02-15,0,None,1,D0,1,D0,False,0.19259346,0.75502944,0.052170098,0.0001452692,2.3954713e-05,3.778242e-05
20031,2022-02-22,0,None,1,D0,1,D0,False,0.20458686,0.7418367,0.053372916,0.00014399584,2.5294466e-05,3.424921e-05
20031,2022-03-01,1,D0,1,D0,1,D0,True,0.21856782,0.73000854,0.051205017,0.00015340067,2.9400455e-05,3.578541e-05
20031,2022-03-08,1,D0,1,D0,1,D0,True,0.0130905295,0.65391564,0.3278263,0.004723803,0.00027655895,0.0001671881
20031,2022-03-15,1,D0,1,D0,1,D0,True,0.008994251,0.6460064,0.33824998,0.006299819,0.00031088237,0.00013872705
20031,2022-03-22,0,None,1,D0,1,D0,False,0.017173639,0.68549734,0.2918274,0.0050644535,0.00029194445,0.0001452387
20031,2022-03-29,0,None,0,None,1,D0,False,0.5152212,0.48098812,0.0037707689,1.3770862e-05,3.0026526e-06,3.0963602e-06
20031,2022-04-05,0,None,0,None,0,None,True,0.6286118,0.36959252,0.001781189,8.986856e-06,2.559774e-06,2.952923e-06
20031,2022-04-12,0,None,0,None,0,None,True,0.6474133,0.35081685,0.0017528796,1.003277e-05,3.2817868e-06,3.6345994e-06
20031,2022-04-19,0,None,0,None,0,None,True,0.5989046,0.3975884,0.0034745063,2.0387895e-05,6.5073586e-06,5.648884e-06
20031,2022-04-26,0,None,0,None,0,None,True,0.6402043,0.3575187,0.0022549345,1.3243808e-05,4.6318514e-06,4.2136176e-06
20031,2022-05-03,0,None,0,None,0,None,True,0.68462664,0.31425396,0.0011052864,7.6195665e-06,2.9737769e-06,3.5315425e-06
20031,2022-05-10,0,None,0,None,0,None,True,0.7101217,0.2890117,0.0008516808,7.496328e-06,3.0818194e-06,4.333604e-06
20031,2022-05-17,0,None,0,None,0,None,True,0.7052165,0.2937294,0.0010346895,1.04080955e-05,4.3297327e-06,4.5708284e-06
20031,2022-05-24,0,None,0,None,0,None,True,0.70888966,0.28979763,0.001288683,1.4541844e-05,5.7490274e-06,3.7109205e-06
20031,2022-05-31,0,None,0,None,0,None,True,0.72294164,0.2759097,0.0011238245,1.5478648e-05,5.9490662e-06,3.3863155e-06
20031,2022-06-07,0,None,0,None,0,None,True,0.72312474,0.27563095,0.0012168516,1.7201568e-05,6.938545e-06,3.3610702e-06
20031,2022-06-14,0,None,0,None,0,None,True,0.71892196,0.27959216,0.0014497174,2.2294644e-05,9.137608e-06,4.6509313e-06
20031,2022-06-21,0,None,0,None,0,None,True,0.71817183,0.28012285,0.0016660175,2.4718604e-05,9.525464e-06,5.099144e-06
20031,2022-06-28,0,None,0,None,0,None,True,0.7172034,0.28096187,0.0017929297,2.634154e-05,9.910293e-06,5.5222035e-06
20031,2022-07-05,0,None,0,None,0,None,True,0.7080868,0.28976744,0.002104959,2.6112479e-05,9.741853e-06,5.0071308e-06
20031,2022-07-12,0,None,0,None,0,None,True,0.67382824,0.32259163,0.0035258483,3.5461107e-05,1.2500996e-05,6.2415716e-06
20031,2022-07-19,1,D0,0,None,0,None,False,0.65455556,0.34038192,0.0049986322,4.231976e-05,1.4784487e-05,6.832011e-06
20031,2022-07-26,2,D1,1,D0,1,D0,False,0.05162655,0.60310394,0.33356133,0.010463356,0.0010430071,0.00020184649
20031,2022-08-02,2,D1,2,D1,2,D1,True,0.0014853885,0.2463478,0.54625064,0.19235343,0.012989366,0.0005734533
20031,2022-08-09,2,D1,2,D1,2,D1,True,0.00028252136,0.10241549,0.5668135,0.30665073,0.023039715,0.0007979334
20031,2022-08-16,2,D1,2,D1,2,D1,True,0.00011735965,0.046677243,0.54665035,0.36920717,0.03581598,0.0015319341
20031,2022-08-23,2,D1,2,D1,2,D1,True,0.00016943426,0.041482404,0.51247174,0.39112183,0.05162778,0.0031267996
20031,2022-08-30,1,D0,2,D1,2,D1,False,0.00014907181,0.02646855,0.46797296,0.42625946,0.07407534,0.0050746123
20031,2022-09-06,1,D0,3,D2,2,D1,False,0.00046146533,0.03553912,0.40608346,0.43181676,0.11502592,0.011073267
20031,2022-09-13,1,D0,3,D2,3,D2,False,0.0007029074,0.031553123,0.30240685,0.46162993,0.17949848,0.024208685
20031,2022-09-20,2,D1,3,D2,3,D2,False,0.0017563058,0.04494328,0.270213,0.43308523,0.20371589,0.046286277
20031,2022-09-27,2,D1,3,D2,3,D2,False,0.00016688011,0.0036494795,0.10231383,0.5262405,0.2794435,0.08818579
20031,2022-10-04,3,D2,3,D2,3,D2,True,6.773551e-05,0.0010777463,0.052082155,0.5417813,0.27956128,0.12542984
20031,2022-10-11,3,D2,3,D2,3,D2,True,5.271661e-05,0.00068752706,0.039299417,0.53681153,0.27884454,0.14430425
20031,2022-10-18,3,D2,3,D2,3,D2,True,5.3701675e-05,0.00057248474,0.032441992,0.5199766,0.28683892,0.16011626
20031,2022-10-25,3,D2,3,D2,3,D2,True,4.6477842e-05,0.00036802836,0.02338347,0.50024915,0.30495712,0.17099573
20031,2022-11-01,3,D2,3,D2,3,D2,True,5.736663e-05,0.00045411932,0.023833066,0.48491395,0.31991455,0.17082694
20031,2022-11-08,3,D2,3,D2,3,D2,True,8.82762e-05,0.00083136227,0.03180345,0.47970507,0.33640978,0.15116216
20031,2022-11-15,3,D2,3,D2,4,D3,False,8.8016954e-05,0.0010249035,0.036718406,0.47549605,0.3525126,0.13415998
20031,2022-11-22,3,D2,3,D2,4,D3,False,8.04397e-05,0.0011216906,0.0411964,0.47952598,0.36346745,0.114608064
20031,2022-11-29,3,D2,3,D2,4,D3,False,0.00010600493,0.0017578315,0.05442105,0.47778168,0.36472213,0.10121129
20031,2022-12-06,3,D2,3,D2,4,D3,False,0.00011452645,0.0019893858,0.059867714,0.48407704,0.35991123,0.09404012
20031,2022-12-13,3,D2,3,D2,3,D2,True,0.000120337965,0.0021672682,0.06600491,0.4960369,0.3504303,0.08524024
20031,2022-12-20,3,D2,3,D2,3,D2,True,0.00013508355,0.002714107,0.07842527,0.50543857,0.33940503,0.07388193
20031,2022-12-27,3,D2,3,D2,3,D2,True,0.00020528659,0.0040269597,0.09973971,0.49623257,0.3320962,0.06769923
20031,2023-01-03,3,D2,3,D2,3,D2,True,0.00038575762,0.0066618975,0.12552658,0.48369375,0.32079214,0.0629398
20031,2023-01-10,3,D2,3,D2,3,D2,True,0.00044600866,0.0061990623,0.1291909,0.49832726,0.29502678,0.070809886
20031,2023-01-17,3,D2,3,D2,3,D2,True,0.0007623618,0.008265327,0.14200045,0.4880321,0.28025985,0.080679886
20031,2023-01-24,3,D2,3,D2,3,D2,True,0.00138072,0.01600958,0.18290412,0.4547796,0.27417067,0.07075526
20031,2023-01-31,3,D2,3,D2,3,D2,True,0.0008824505,0.010718164,0.17080899,0.461098,0.28515133,0.07134118
20031,2023-02-07,3,D2,3,D2,3,D2,True,0.0004706766,0.0053286534,0.13591544,0.47024214,0.30451515,0.083527885
20031,2023-02-14,2,D1,3,D2,3,D2,False,0.00046112412,0.004910018,0.13061662,0.45765373,0.32149982,0.08485869
20031,2023-02-21,2,D1,3,D2,4,D3,False,0.0011692599,0.007657754,0.12882479,0.43169045,0.32756644,0.103091314
20031,2023-02-28,2,D1,3,D2,4,D3,False,0.00336721,0.012304322,0.11376435,0.40997064,0.3466725,0.11392091
20031,2023-03-07,2,D1,3,D2,4,D3,False,0.0038310122,0.011292983,0.093293026,0.39574215,0.3301467,0.16569416
20031,2023-03-14,1,D0,3,D2,4,D3,False,0.0037527601,0.012111499,0.09316896,0.3833251,0.30696562,0.20067611
20031,2023-03-21,1,D0,3,D2,3,D2,False,0.023489434,0.061927166,0.13327184,0.34686494,0.2392179,0.19522874
20031,2023-03-28,1,D0,3,D2,3,D2,False,0.019918153,0.053718455,0.13092418,0.35454738,0.24526246,0.19562937
20031,2023-04-04,1,D0,3,D2,3,D2,False,0.0125227235,0.035180166,0.110728435,0.3690707,0.23826645,0.23423152
20031,2023-04-11,1,D0,3,D2,3,D2,False,0.0043777367,0.012721739,0.077489905,0.38238668,0.22847006,0.29455397
20031,2023-04-18,1,D0,3,D2,3,D2,False,0.0012952086,0.0038369584,0.047537558,0.3736095,0.21346824,0.3602525
20031,2023-04-25,1,D0,5,D4,5,D4,False,0.0005421665,0.0015278128,0.028686227,0.34883922,0.20035258,0.42005202
20031,2023-05-02,1,D0,5,D4,5,D4,False,0.00043303065,0.001153376,0.023784114,0.33585155,0.19379133,0.44498655
20031,2023-05-09,1,D0,5,D4,5,D4,False,0.0008534517,0.0025246856,0.029446244,0.34437373,0.19704272,0.42575923
20031,2023-05-16,2,D1,3,D2,3,D2,False,0.012393759,0.034440268,0.08050509,0.3372833,0.21486409,0.32051346
20031,2023-05-23,2,D1,3,D2,4,D3,False,0.05559236,0.13151358,0.14416997,0.2612896,0.19688314,0.2105514
20031,2023-05-30,2,D1,3,D2,1,D0,False,0.087835036,0.19287297,0.1714959,0.2117881,0.18193576,0.1540722
20031,2023-06-06,2,D1,3,D2,4,D3,False,0.03892392,0.15614004,0.21529923,0.23480685,0.19400603,0.160824
20031,2023-06-13,3,D2,3,D2,2,D1,False,0.011391394,0.14172283,0.2598508,0.26883426,0.21306343,0.105137214
20031,2023-06-20,3,D2,3,D2,2,D1,False,0.0013408543,0.078680195,0.31985536,0.3308962,0.21185009,0.057377256
20031,2023-06-27,3,D2,3,D2,2,D1,False,0.0004845604,0.058291312,0.33928853,0.35273358,0.20585184,0.04335016
20031,2023-07-04,4,D3,3,D2,2,D1,False,0.0004425937,0.05853379,0.33465648,0.3566324,0.20609988,0.04363482
20031,2023-07-11,4,D3,3,D2,2,D1,False,0.0008110345,0.06943508,0.315703,0.34488422,0.21147297,0.057693616
20031,2023-07-18,4,D3,3,D2,2,D1,False,0.00087471376,0.060777944,0.30922332,0.3339677,0.22053431,0.07462203
20031,2023-07-25,4,D3,4,D3,4,D3,True,0.00075558596,0.033494025,0.22065036,0.2507719,0.28234953,0.21197858
20031,2023-08-01,4,D3,5,D4,4,D3,True,0.0008076185,0.02764351,0.17262402,0.20256726,0.2750187,0.32133898
20031,2023-08-08,4,D3,5,D4,4,D3,True,0.0010366313,0.02960397,0.15617988,0.17819801,0.263039,0.3719425
20031,2023-08-15,4,D3,5,D4,5,D4,False,0.0010751903,0.025182258,0.14423028,0.16695076,0.26546454,0.39709702
20031,2023-08-22,4,D3,5,D4,4,D3,True,0.0003759271,0.009208482,0.11318298,0.1651047,0.29616007,0.4159678
20031,2023-08-29,4,D3,5,D4,4,D3,True,0.0001583366,0.0037827892,0.08402331,0.15517186,0.33119202,0.4256716
20031,2023-09-05,4,D3,5,D4,4,D3,True,9.158433e-05,0.001869139,0.04635984,0.12106684,0.34838498,0.48222768
20031,2023-09-12,4,D3,5,D4,5,D4,False,3.877624e-05,0.0004585592,0.013424224,0.079914525,0.34214762,0.5640163
20031,2023-09-19,4,D3,5,D4,5,D4,False,2.189207e-05,0.00014127528,0.0036215226,0.046965655,0.3031902,0.6460595
20031,2023-09-26,4,D3,5,D4,5,D4,False,1.33059075e-05,6.62634e-05,0.0018139695,0.038636606,0.29436788,0.66510195
20031,2023-10-03,4,D3,5,D4,5,D4,False,9.4786055e-06,4.505357e-05,0.0013001775,0.036277976,0.29242936,0.6699379
20031,2023-10-10,4,D3,5,D4,5,D4,False,7.2212383e-06,3.005775e-05,0.0011408172,0.04049189,0.30352908,0.65480083
20031,2023-10-17,4,D3,5,D4,5,D4,False,1.0468448e-05,3.4743905e-05,0.0015446362,0.05306464,0.32388914,0.6214563
20031,2023-10-24,4,D3,5,D4,5,D4,False,1.3906051e-05,4.64962e-05,0.0019724478,0.063930936,0.33608893,0.5979473
20031,2023-10-31,3,D2,5,D4,5,D4,False,3.6591853e-05,0.00012519109,0.00351259,0.07866298,0.34507182,0.5725908
20031,2023-11-07,3,D2,5,D4,5,D4,False,4.4767265e-05,0.0001538221,0.0052014054,0.103959456,0.35290077,0.53773975
20031,2023-11-14,3,D2,5,D4,4,D3,False,6.733537e-05,0.00027520792,0.008928624,0.14539553,0.3587452,0.48658812
20031,2023-11-21,3,D2,5,D4,4,D3,False,0.00021195813,0.0011521905,0.022037292,0.21552764,0.3776007,0.38347024
20031,2023-11-28,3,D2,4,D3,4,D3,False,0.00025177473,0.0014807446,0.030061621,0.27299762,0.38052666,0.31468162
20031,2023-12-05,2,D1,4,D3,4,D3,False,0.00022285384,0.0013143119,0.031601306,0.30345672,0.378417,0.28498778
20031,2023-12-12,2,D1,4,D3,4,D3,False,0.00034617528,0.0023585805,0.043412894,0.32312098,0.38519648,0.24556486
20031,2023-12-19,2,D1,3,D2,4,D3,False,0.001376422,0.012483085,0.10941279,0.35818237,0.34757942,0.1709659
20031,2023-12-26,1,D0,3,D2,4,D3,False,0.032376062,0.13973549,0.2225408,0.2747747,0.24168397,0.08888891
20031,2024-01-02,1,D0,1,D0,1,D0,True,0.25299212,0.49488175,0.16110578,0.048229262,0.035166424,0.0076247174
20031,2024-01-09,1,D0,1,D0,1,D0,True,0.27787402,0.62221617,0.088262156,0.0084206145,0.002774714,0.00045236657
20031,2024-01-16,1,D0,1,D0,1,D0,True,0.19784327,0.68823457,0.10480941,0.0075824293,0.0013436538,0.00018673179
20031,2024-01-23,1,D0,1,D0,1,D0,True,0.107977055,0.7104785,0.17026362,0.009949456,0.0012086192,0.00012278471
20031,2024-01-30,1,D0,1,D0,1,D0,True,0.08933425,0.7298253,0.1719561,0.0079492,0.00086597796,6.920946e-05
20031,2024-02-06,1,D0,1,D0,1,D0,True,0.067581244,0.734009,0.1893401,0.008058172,0.0009564093,5.5057208e-05
20031,2024-02-13,1,D0,1,D0,1,D0,True,0.02198097,0.66402406,0.29403448,0.01794252,0.0019591074,5.8816364e-05
20031,2024-02-20,1,D0,1,D0,1,D0,True,0.06485578,0.76529336,0.16556174,0.003867719,0.00040428046,1.7147644e-05
20031,2024-02-27,1,D0,1,D0,1,D0,True,0.05266442,0.7642776,0.17865053,0.0040032226,0.00039028013,1.3960468e-05
20031,2024-03-05,1,D0,1,D0,1,D0,True,0.023868242,0.7120681,0.25786853,0.005770637,0.00041457743,9.952108e-06
20031,2024-03-12,1,D0,1,D0,1,D0,True,0.024269007,0.7124805,0.25768495,0.005215241,0.00034189897,8.399295e-06
20031,2024-03-19,1,D0,1,D0,1,D0,True,0.065063275,0.7777363,0.15549126,0.0015923176,0.00011181845,5.045248e-06
20031,2024-03-26,1,D0,1,D0,1,D0,True,0.070283614,0.7689093,0.15906921,0.0016204135,0.00011123729,6.3216144e-06
20031,2024-04-02,1,D0,1,D0,1,D0,True,0.048393518,0.73971254,0.20906277,0.0026571453,0.00016519538,8.784944e-06
20031,2024-04-09,1,D0,1,D0,1,D0,True,0.018972583,0.6801381,0.2946595,0.0059159165,0.0003032588,1.0644131e-05
20031,2024-04-16,2,D1,1,D0,1,D0,False,0.0114217,0.64284337,0.3366378,0.008705029,0.00037903365,1.3031255e-05
20031,2024-04-23,2,D1,2,D1,2,D1,True,0.00054098206,0.3397078,0.5634513,0.09328427,0.002975436,4.0220293e-05
20031,2024-04-30,0,None,2,D1,2,D1,False,0.0014725375,0.37017512,0.51915294,0.10328397,0.0057767965,0.00013863074
20031,2024-05-07,0,None,0,None,0,None,True,0.60549176,0.39207065,0.0024125925,1.7705914e-05,4.740353e-06,2.500655e-06
20031,2024-05-14,0,None,0,None,0,None,True,0.71972984,0.27960515,0.0006558788,5.563951e-06,2.4439591e-06,1.218374e-06
20031,2024-05-21,0,None,0,None,0,None,True,0.7713549,0.22808187,0.0005525428,5.893831e-06,3.377313e-06,1.3692352e-06
20031,2024-05-28,0,None,0,None,0,None,True,0.7966209,0.20284638,0.00052059506,6.3941916e-06,4.2077627e-06,1.5331519e-06
20031,2024-06-04,0,None,0,None,0,None,True,0.77841157,0.22088058,0.00069352996,7.753772e-06,4.777693e-06,1.8061708e-06
20031,2024-06-11,0,None,0,None,0,None,True,0.8028676,0.19652013,0.00059824187,7.2075272e-06,4.764494e-06,1.9992053e-06
20031,2024-06-18,0,None,0,None,0,None,True,0.77802014,0.22109167,0.00086674676,1.1044378e-05,6.9347007e-06,3.4368402e-06
20031,2024-06-25,0,None,0,None,0,None,True,0.77082765,0.22830896,0.0008432079,1.03484645e-05,6.2123213e-06,3.6823817e-06
20031,2024-07-02,0,None,0,None,0,None,True,0.77270037,0.22645047,0.00082560093,1.1412307e-05,6.994342e-06,5.1695906e-06
20031,2024-07-09,0,None,0,None,0,None,True,0.7317631,0.26711994,0.0010870715,1.43058505e-05,8.387349e-06,7.171808e-06
20031,2024-07-16,0,None,0,None,0,None,True,0.6773043,0.3212996,0.0013559088,1.8042087e-05,1.0800828e-05,1.1263541e-05
20031,2024-07-23,0,None,0,None,0,None,True,0.6158664,0.38144532,0.0026048068,3.5471585e-05,1.9863419e-05,2.8099299e-05
20031,2024-07-30,1,D0,0,None,0,None,False,0.5964793,0.40008283,0.003289105,5.073592e-05,2.9721616e-05,6.84041e-05
20031,2024-08-06,1,D0,1,D0,1,D0,True,0.09249443,0.6483036,0.232354,0.01900948,0.0032601908,0.0045783147
20031,2024-08-13,1,D0,1,D0,1,D0,True,0.09157647,0.6844367,0.19718839,0.015913,0.003399511,0.0074859317
20031,2024-08-20,1,D0,1,D0,1,D0,True,0.09881712,0.7033394,0.1739053,0.012230367,0.0031607104,0.008547237
20031,2024-08-27,1,D0,1,D0,1,D0,True,0.21610974,0.71530133,0.06112468,0.0018570153,0.0006828239,0.0049243723
20031,2024-09-03,1,D0,1,D0,1,D0,True,0.2217784,0.70903176,0.061395008,0.0018238083,0.0007142153,0.005256717
20031,2024-09-10,1,D0,1,D0,1,D0,True,0.21230431,0.7160792,0.063692085,0.0019053342,0.0007750086,0.0052441307
20031,2024-09-17,0,None,1,D0,1,D0,False,0.17914034,0.7346132,0.078776546,0.0023220046,0.00079259335,0.0043553496
20031,2024-09-24,1,D0,1,D0,1,D0,True,0.15836255,0.72511244,0.10419721,0.0044128853,0.0013977659,0.0065172384
20031,2024-10-01,1,D0,1,D0,1,D0,True,0.22854488,0.7093779,0.057575557,0.0012953255,0.00046166813,0.0027446281
20031,2024-10-08,1,D0,1,D0,1,D0,True,0.14246519,0.72269166,0.12544826,0.0048000827,0.0010918594,0.003502933
20031,2024-10-15,1,D0,1,D0,1,D0,True,0.047963016,0.6641725,0.2586179,0.023862267,0.0027616415,0.0026226863
20031,2024-10-22,2,D1,1,D0,1,D0,False,0.027089791,0.61841303,0.3166101,0.033701357,0.0027173748,0.0014683679
20031,2024-10-29,2,D1,2,D1,2,D1,True,0.0017033645,0.26309747,0.50293225,0.21789773,0.013241523,0.00112769
20031,2024-11-05,1,D0,2,D1,2,D1,False,0.0028603754,0.2390918,0.47609088,0.25932014,0.020841992,0.0017948505
20031,2024-11-12,1,D0,1,D0,1,D0,True,0.3715171,0.58726984,0.03908228,0.001538405,0.00039444017,0.00019792627
20031,2024-11-19,1,D0,1,D0,1,D0,True,0.4887612,0.49369368,0.016860882,0.00047813184,0.00014257882,6.356217e-05
20031,2024-11-26,1,D0,1,D0,1,D0,True,0.48721775,0.49295458,0.018997444,0.0005819308,0.00018719074,6.114136e-05
20031,2024-12-03,1,D0,1,D0,1,D0,True,0.35506186,0.599608,0.043522466,0.0013742156,0.00037012377,6.342539e-05
20031,2024-12-10,1,D0,1,D0,1,D0,True,0.22263896,0.7048064,0.0700185,0.0020105552,0.0004821882,4.338841e-05
20031,2024-12-17,1,D0,1,D0,1,D0,True,0.08854609,0.7662066,0.14122003,0.0034090485,0.0005900653,2.8159326e-05
20031,2024-12-24,1,D0,1,D0,1,D0,True,0.09023794,0.7917212,0.11585297,0.0018884696,0.0002830038,1.6445108e-05
20031,2024-12-31,1,D0,1,D0,1,D0,True,0.09005145,0.80344754,0.10508205,0.0012559502,0.00015232235,1.0639356e-05
20031,2025-01-07,1,D0,1,D0,1,D0,True,0.12266201,0.7917748,0.08470045,0.00077536266,8.1393846e-05,5.959847e-06
20031,2025-01-14,1,D0,1,D0,1,D0,True,0.069716625,0.8012608,0.12778458,0.0011477038,8.646492e-05,3.723468e-06
20031,2025-01-21,1,D0,1,D0,1,D0,True,0.055028588,0.79439396,0.14924093,0.00125035,8.319429e-05,3.0102703e-06
20031,2025-01-28,1,D0,1,D0,1,D0,True,0.024900226,0.75431114,0.2186217,0.0020578802,0.000106505846,2.6389678e-06
20031,2025-02-04,1,D0,1,D0,1,D0,True,0.020556578,0.7485484,0.22868876,0.0021013538,0.00010268117,2.2159936e-06
20031,2025-02-11,1,D0,1,D0,1,D0,True,0.009576945,0.71697336,0.2700286,0.0032888898,0.00013014085,2.009285e-06
20031,2025-02-18,1,D0,1,D0,1,D0,True,0.009087079,0.72091025,0.2668418,0.0030414793,0.00011752896,1.9221795e-06
20031,2025-02-25,1,D0,1,D0,1,D0,True,0.007737509,0.70980763,0.2789858,0.003326444,0.00014031811,2.3376572e-06
20031,2025-03-04,1,D0,1,D0,1,D0,True,0.0055179456,0.68561745,0.3042332,0.0044339537,0.0001944535,3.0002361e-06
20031,2025-03-11,1,D0,1,D0,1,D0,True,0.004327111,0.6499137,0.33886656,0.0065902686,0.00029777287,4.6768932e-06
20031,2025-03-18,1,D0,1,D0,1,D0,True,0.003164322,0.60460114,0.38052088,0.011186145,0.0005200753,7.4799764e-06
20031,2025-03-25,1,D0,1,D0,1,D0,True,0.0036448194,0.5984174,0.38456604,0.012721297,0.0006389476,1.1467773e-05
20031,2025-04-01,1,D0,1,D0,1,D0,True,0.007310909,0.6478373,0.33519888,0.009117168,0.00051916885,1.6579705e-05
20031,2025-04-08,1,D0,1,D0,1,D0,True,0.013133793,0.67047083,0.30754635,0.008271542,0.00054785697,2.9598996e-05
20031,2025-04-15,1,D0,1,D0,1,D0,True,0.014423099,0.6462444,0.3277239,0.010755148,0.00079853245,5.496008e-05
20031,2025-04-22,0,None,1,D0,1,D0,False,0.007950811,0.49228996,0.44901133,0.04640465,0.0040468257,0.00029645138
20031,2025-04-29,0,None,1,D0,1,D0,False,0.3882274,0.58125025,0.029767593,0.0005944706,0.00012551328,3.478511e-05
20031,2025-05-06,1,D0,0,None,1,D0,True,0.49332622,0.49088955,0.015369792,0.00028942587,9.2599286e-05,3.2308286e-05
20031,2025-05-13,1,D0,1,D0,1,D0,True,0.2391169,0.6248706,0.1269208,0.0070498954,0.0015299222,0.00051182305
20031,2025-05-20,1,D0,1,D0,1,D0,True,0.29555517,0.6134102,0.08521187,0.004382766,0.0010612354,0.0003788001
20031,2025-05-27,0,None,1,D0,1,D0,False,0.39894146,0.5447811,0.052599926,0.0025918256,0.0007727815,0.00031287305
20031,2025-06-03,0,None,0,None,0,None,True,0.6771075,0.32119337,0.0016439329,3.0117037e-05,1.2805673e-05,1.2235221e-05
20031,2025-06-10,0,None,0,None,0,None,True,0.7479833,0.25143453,0.0005583055,1.0357445e-05,5.853352e-06,7.6289193e-06
20031,2025-06-17,0,None,0,None,0,None,True,0.7816893,0.21788971,0.00039911206,8.497314e-06,5.621575e-06,7.737484e-06
20031,2025-06-24,0,None,0,None,0,None,True,0.7563874,0.24315509,0.0004356593,8.579501e-06,5.8256674e-06,7.374665e-06
20031,2025-07-01,0,None,0,None,0,None,True,0.75283885,0.24666281,0.00047440463,9.271203e-06,6.6053444e-06,7.9859765e-06
20031,2025-07-08,0,None,0,None,0,None,True,0.7384253,0.26092994,0.0006164986,1.098764e-05,8.331054e-06,8.919455e-06
20031,2025-07-15,0,None,0,None,0,None,True,0.7411905,0.25813702,0.00064091483,1.1467881e-05,9.174313e-06,1.0872275e-05
20031,2025-07-22,0,None,0,None,0,None,True,0.7443219,0.25496018,0.00068034383,1.2787547e-05,1.1035263e-05,1.3790619e-05
20031,2025-07-29,0,None,0,None,0,None,True,0.74653465,0.2526599,0.0007561817,1.5216188e-05,1.4397703e-05,1.9682102e-05
20031,2025-08-05,0,None,0,None,0,None,True,0.74791366,0.25134352,0.0006843937,1.5941474e-05,1.5161901e-05,2.7299824e-05
20031,2025-08-12,0,None,0,None,0,None,True,0.7461775,0.25298953,0.00075238093,1.9754072e-05,1.8721606e-05,4.222135e-05
20031,2025-08-19,0,None,0,None,0,None,True,0.7386999,0.2604363,0.00077018276,2.0770138e-05,2.0275342e-05,5.2670694e-05
20031,2025-08-26,0,None,0,None,0,None,True,0.7230233,0.27602798,0.000854249,2.042232e-05,2.0071464e-05,5.3974367e-05
20031,2025-09-02,0,None,0,None,0,None,True,0.7543142,0.24498715,0.00061642873,1.6436506e-05,1.67871e-05,4.902408e-05
20031,2025-09-09,0,None,0,None,0,None,True,0.74169,0.2576019,0.00063343,1.535006e-05,1.5861824e-05,4.3534514e-05
20031,2025-09-16,0,None,0,None,0,None,True,0.7254977,0.27373916,0.0006910587,1.5327203e-05,1.48349645e-05,4.19272e-05
20031,2025-09-23,0,None,0,None,0,None,True,0.74093413,0.25852016,0.0004991206,1.0599942e-05,9.874645e-06,2.6062564e-05
20031,2025-09-30,0,None,0,None,0,None,True,0.723327,0.27612576,0.00051150145,9.65239e-06,8.0904665e-06,1.7981656e-05
20031,2025-10-07,0,None,0,None,0,None,True,0.7102006,0.28922457,0.0005518228,7.5071202e-06,5.8961155e-06,9.602695e-06
20031,2025-10-14,1,D0,0,None,0,None,False,0.7074793,0.29194432,0.00056108634,5.539218e-06,4.2249762e-06,5.572981e-06
20031,2025-10-21,1,D0,0,None,1,D0,True,0.49830636,0.47700924,0.024317304,0.00022032252,8.0190475e-05,6.65693e-05
20031,2025-10-28,1,D0,1,D0,1,D0,True,0.12679583,0.6884535,0.18185796,0.0023973158,0.00039438845,0.00010105115
20031,2025-11-04,1,D0,1,D0,1,D0,True,0.055204935,0.736684,0.20547992,0.0022955572,0.00029026158,4.5315155e-05
20031,2025-11-11,1,D0,1,D0,1,D0,True,0.035994437,0.7273291,0.23257467,0.0035866739,0.00048683418,2.8301498e-05
20031,2025-11-18,1,D0,1,D0,1,D0,True,0.108286865,0.747971,0.14169027,0.0016947766,0.0003302255,2.6808957e-05
20031,2025-11-25,1,D0,1,D0,1,D0,True,0.20664772,0.7158981,0.07643955,0.0007918183,0.00020115495,2.1656351e-05
20031,2025-12-02,1,D0,1,D0,1,D0,True,0.20382984,0.72809035,0.06718483,0.000696677,0.00018148324,1.6739386e-05
20031,2025-12-09,1,D0,1,D0,1,D0,True,0.07878304,0.77016467,0.14837153,0.0022326468,0.00043097977,1.7157512e-05
20031,2025-12-16,1,D0,1,D0,1,D0,True,0.09721854,0.7833362,0.11729915,0.0017371622,0.00039377817,1.513229e-05
20031,2025-12-23,1,D0,1,D0,1,D0,True,0.030261287,0.75269145,0.21259588,0.0038561972,0.00058536424,9.80994e-06
20031,2025-12-30,1,D0,1,D0,1,D0,True,0.015769849,0.7348639,0.24458955,0.0043091835,0.0004626307,4.8619518e-06
20033,2022-01-04,2,D1,2,D1,2,D1,True,0.00049982895,0.10530126,0.5454498,0.31579593,0.027416423,0.0055367677
20033,2022-01-11,2,D1,2,D1,2,D1,True,0.00029455672,0.06455139,0.5119943,0.37676907,0.03824659,0.008144146
20033,2022-01-18,2,D1,2,D1,2,D1,True,0.00021790765,0.045646556,0.46707225,0.427125,0.04798197,0.0119564
20033,2022-01-25,2,D1,3,D2,3,D2,False,0.00015431103,0.030511465,0.39150584,0.49489728,0.064564824,0.018366184
20033,2022-02-01,3,D2,3,D2,3,D2,True,0.00011180695,0.020679211,0.3233995,0.54788214,0.081552155,0.026375199
20033,2022-02-08,3,D2,3,D2,3,D2,True,9.5329604e-05,0.013085663,0.2573969,0.5791729,0.11004181,0.040207367
20033,2022-02-15,3,D2,3,D2,3,D2,True,7.8209014e-05,0.0067536556,0.18892016,0.59284985,0.14695562,0.064442515
20033,2022-02-22,3,D2,3,D2,3,D2,True,6.541921e-05,0.0034203418,0.12489726,0.5604901,0.1994523,0.11167464
20033,2022-03-01,3,D2,3,D2,3,D2,True,6.0921142e-05,0.002025777,0.086913645,0.4973012,0.23850437,0.17519404
20033,2022-03-08,3,D2,3,D2,3,D2,True,6.899734e-05,0.0016867239,0.07261737,0.44402212,0.24342786,0.23817702
20033,2022-03-15,3,D2,3,D2,3,D2,True,8.553648e-05,0.0017705485,0.06695003,0.4032593,0.2404894,0.28744522
20033,2022-03-22,3,D2,3,D2,3,D2,True,0.00018272027,0.0028349352,0.07333545,0.36336622,0.23679104,0.32348964
20033,2022-03-29,3,D2,3,D2,3,D2,True,0.00023564053,0.0036511847,0.08744578,0.3546079,0.23110254,0.32295698
20033,2022-04-05,3,D2,3,D2,3,D2,True,0.00016216625,0.002695412,0.08869334,0.37687624,0.24788651,0.2836863
20033,2022-04-12,3,D2,3,D2,3,D2,True,0.00013717587,0.0021992591,0.08479206,0.40101555,0.26504114,0.24681476
20033,2022-04-19,3,D2,3,D2,4,D3,False,9.275376e-05,0.00095834356,0.053371396,0.3878977,0.29165062,0.2660292
20033,2022-04-26,3,D2,3,D2,4,D3,False,0.00013770738,0.0010004691,0.04473629,0.3791774,0.32666254,0.24828567
20033,2022-05-03,3,D2,3,D2,4,D3,False,0.00047283847,0.003152193,0.06344865,0.3392515,0.30352253,0.29015228
20033,2022-05-10,3,D2,3,D2,4,D3,False,0.0010565071,0.008513906,0.10747187,0.33532962,0.2826252,0.26500288
20033,2022-05-17,3,D2,3,D2,4,D3,False,0.0009066891,0.010544472,0.14361988,0.35002366,0.27406406,0.22084121
20033,2022-05-24,3,D2,3,D2,3,D2,True,0.002549423,0.041232806,0.26045272,0.33090362,0.23245777,0.13240361
20033,2022-05-31,3,D2,2,D1,2,D1,False,0.008205424,0.1437527,0.36443275,0.25148463,0.15388341,0.078241
20033,2022-06-07,2,D1,2,D1,2,D1,True,0.0063946755,0.14741069,0.4068116,0.24322718,0.14091961,0.05523623
20033,2022-06-14,2,D1,2,D1,2,D1,True,0.0032005936,0.11838277,0.45297402,0.25673792,0.12178332,0.046921294
20033,2022-06-21,2,D1,2,D1,2,D1,True,0.0016158329,0.09519944,0.49842817,0.2676731,0.10189202,0.03519143
20033,2022-06-28,1,D0,2,D1,2,D1,False,0.00062989624,0.06488208,0.5305364,0.28587183,0.09015806,0.027921775
20033,2022-07-05,1,D0,2,D1,2,D1,False,0.004382595,0.15577768,0.4982721,0.23820305,0.08138176,0.021982884
20033,2022-07-12,2,D1,2,D1,2,D1,True,0.002099098,0.15871283,0.51953274,0.24848522,0.06289692,0.008273229
20033,2022-07-19,2,D1,2,D1,2,D1,True,0.00011236179,0.0432935,0.576609,0.3090338,0.065760724,0.005190656
20033,2022-07-26,3,D2,2,D1,2,D1,False,0.00013379737,0.043610744,0.55930156,0.31601703,0.07437346,0.006563454
20033,2022-08-02,3,D2,2,D1,2,D1,False,0.0003063647,0.05672604,0.53126734,0.31502697,0.08613601,0.010537337
20033,2022-08-09,3,D2,2,D1,2,D1,False,0.00017396068,0.033786584,0.5172024,0.34422418,0.09177431,0.012838524
20033,2022-08-16,3,D2,2,D1,2,D1,False,0.00012400885,0.021869823,0.47714338,0.3793313,0.10298795,0.01854359
20033,2022-08-23,3,D2,2,D1,2,D1,False,0.00018688392,0.025099767,0.45318484,0.38531902,0.111673415,0.024536103
20033,2022-08-30,3,D2,3,D2,3,D2,True,0.000100756835,0.007329154,0.2800531,0.4699959,0.19278008,0.04974103
20033,2022-09-06,3,D2,3,D2,3,D2,True,7.061629e-05,0.002103063,0.1336785,0.46582738,0.29838017,0.09994036
20033,2022-09-13,4,D3,4,D3,4,D3,True,7.411682e-05,0.0008946988,0.057789944,0.3730987,0.38752437,0.18061818
20033,2022-09-20,4,D3,4,D3,4,D3,True,0.00010370516,0.0008463245,0.038887296,0.34322843,0.39583656,0.22109763
20033,2022-09-27,4,D3,4,D3,4,D3,True,6.915673e-05,0.00039443778,0.022520794,0.3227821,0.40999654,0.24423698
20033,2022-10-04,4,D3,4,D3,4,D3,True,4.3586402e-05,0.00023691518,0.016601726,0.30169314,0.41590762,0.265517
20033,2022-10-11,4,D3,4,D3,4,D3,True,3.8427526e-05,0.00020520797,0.015629062,0.29337597,0.41418794,0.27656347
20033,2022-10-18,4,D3,4,D3,4,D3,True,3.7912963e-05,0.00020562674,0.014946779,0.28399473,0.4176651,0.2831498
20033,2022-10-25,5,D4,4,D3,4,D3,False,4.0821313e-05,0.00019286881,0.012682017,0.26820588,0.4240206,0.29485777
20033,2022-11-01,5,D4,4,D3,4,D3,False,5.8357735e-05,0.0002923059,0.014005391,0.2590293,0.4260555,0.30055916
20033,2022-11-08,5,D4,4,D3,4,D3,False,0.0001250782,0.00067465584,0.019665971,0.27590713,0.42350534,0.28012186
20033,2022-11-15,5,D4,4,D3,4,D3,False,0.00013860983,0.00084068824,0.023308957,0.29568422,0.4315662,0.24846135
20033,2022-11-22,5,D4,4,D3,4,D3,False,0.00015561334,0.0010148656,0.028676199,0.32452866,0.43526933,0.21035542
20033,2022-11-29,5,D4,4,D3,4,D3,False,0.00022755213,0.0015215607,0.039035156,0.3382197,0.43171433,0.18928175
20033,2022-12-06,5,D4,4,D3,4,D3,False,0.0002817174,0.0016896538,0.04325361,0.34470358,0.43388835,0.17618313
20033,2022-12-13,5,D4,4,D3,4,D3,False,0.00030869467,0.0017549238,0.048015088,0.36540803,0.4339835,0.1505297
20033,2022-12-20,5,D4,4,D3,4,D3,False,0.00033988451,0.002043069,0.052965924,0.38759935,0.43322408,0.123827696
20033,2022-12-27,5,D4,4,D3,4,D3,False,0.00040001393,0.0026363432,0.058928177,0.3957058,0.4248888,0.117440835
20033,2023-01-03,5,D4,4,D3,4,D3,False,0.0005751894,0.004295769,0.07537495,0.4003885,0.4101507,0.10921492
20033,2023-01-10,5,D4,4,D3,4,D3,False,0.0004232024,0.003372303,0.074007586,0.4068057,0.41913432,0.09625686
20033,2023-01-17,5,D4,4,D3,4,D3,False,0.00049462944,0.0041358457,0.08319791,0.40279445,0.41569775,0.093679465
20033,2023-01-24,5,D4,3,D2,4,D3,False,0.0007935647,0.008703138,0.11699157,0.3960716,0.3910368,0.08640325
20033,2023-01-31,5,D4,3,D2,4,D3,False,0.0005480283,0.007001946,0.1163071,0.40181908,0.39919165,0.07513217
20033,2023-02-07,5,D4,4,D3,4,D3,False,0.0003169417,0.0044380045,0.10193132,0.40434355,0.41585407,0.07311615
20033,2023-02-14,5,D4,4,D3,4,D3,False,0.00035265117,0.0053549428,0.11051566,0.39907813,0.41291335,0.07178526
20033,2023-02-21,5,D4,4,D3,4,D3,False,0.0004443165,0.006394163,0.11538633,0.38914907,0.41512153,0.07350468
20033,2023-02-28,5,D4,4,D3,4,D3,False,0.00039770172,0.0048284577,0.09373761,0.37215632,0.43734035,0.09153957
20033,2023-03-07,5,D4,4,D3,4,D3,False,0.00037553767,0.0035587645,0.06981381,0.34778708,0.4621134,0.11635147
20033,2023-03-14,5,D4,4,D3,4,D3,False,0.0003532311,0.0033236102,0.06953379,0.3368461,0.47388533,0.11605788
20033,2023-03-21,5,D4,4,D3,4,D3,False,0.0003230272,0.002734445,0.059806075,0.3307661,0.48205215,0.124318205
20033,2023-03-28,5,D4,4,D3,4,D3,False,0.00022446328,0.0015998346,0.046601985,0.3212709,0.49928874,0.13101412
20033,2023-04-04,5,D4,4,D3,4,D3,False,0.00014849454,0.00097216177,0.036465827,0.30812016,0.5114295,0.1428638
20033,2023-04-11,5,D4,4,D3,4,D3,False,0.000108542925,0.00065442105,0.0303101,0.29422283,0.5245431,0.1501609
20033,2023-04-18,5,D4,4,D3,4,D3,False,9.343175e-05,0.00058874226,0.027758658,0.27623487,0.52414465,0.17117967
20033,2023-04-25,5,D4,4,D3,4,D3,False,8.278024e-05,0.0004430406,0.020925669,0.25166252,0.5224655,0.20442042
20033,2023-05-02,5,D4,4,D3,4,D3,False,9.5384356e-05,0.00043460965,0.01911164,0.23736472,0.5170471,0.22594647
20033,2023-05-09,5,D4,4,D3,4,D3,False,0.00014225066,0.00066688185,0.02139478,0.23430017,0.5056104,0.23788548
20033,2023-05-16,5,D4,4,D3,4,D3,False,0.0006127988,0.003635177,0.047551367,0.2439929,0.4678913,0.23631634
20033,2023-05-23,5,D4,4,D3,4,D3,False,0.00071586476,0.0058318735,0.07142297,0.2591536,0.4508292,0.21204649
20033,2023-05-30,5,D4,4,D3,4,D3,False,0.00082607544,0.009353173,0.10218426,0.26561928,0.43592313,0.1860942
20033,2023-06-06,4,D3,4,D3,4,D3,True,0.002711195,0.04459104,0.20297183,0.27905765,0.3461374,0.12453082
20033,2023-06-13,4,D3,4,D3,4,D3,True,0.0017390716,0.045667365,0.2421271,0.3042691,0.31806225,0.088135116
20033,2023-06-20,3,D2,3,D2,4,D3,False,0.0009867828,0.040872376,0.26656538,0.31972834,0.30353865,0.06830838
20033,2023-06-27,3,D2,3,D2,4,D3,False,0.0006404158,0.040017202,0.28588128,0.33620736,0.28058282,0.05667083
20033,2023-07-04,3,D2,3,D2,2,D1,False,0.00069357484,0.05045444,0.3093771,0.349597,0.2396113,0.05026656
20033,2023-07-11,3,D2,3,D2,2,D1,False,0.0012433382,0.07735492,0.3098202,0.33536473,0.22077589,0.055440903
20033,2023-07-18,3,D2,3,D2,2,D1,False,0.0013163785,0.07425461,0.28887436,0.3188743,0.23471591,0.08196436
20033,2023-07-25,2,D1,4,D3,4,D3,False,0.00096401706,0.044176854,0.21701005,0.2413594,0.29446,0.20202976
20033,2023-08-01,2,D1,5,D4,4,D3,False,0.0045168665,0.0785322,0.17814165,0.18410134,0.24845944,0.30624855
20033,2023-08-08,1,D0,5,D4,5,D4,False,0.012519305,0.140088,0.16929592,0.16175154,0.20048855,0.3158567
20033,2023-08-15,1,D0,1,D0,1,D0,True,0.09065703,0.3605883,0.13640164,0.08139281,0.094944626,0.23601551
20033,2023-08-22,1,D0,1,D0,1,D0,True,0.05788682,0.38345987,0.18991143,0.10642432,0.08805566,0.17426191
20033,2023-08-29,1,D0,1,D0,1,D0,True,0.034325507,0.37590358,0.24066688,0.13169919,0.08252461,0.13488023
20033,2023-09-05,2,D1,1,D0,1,D0,False,0.031008175,0.41449705,0.25378975,0.12529927,0.07055904,0.104846686
20033,2023-09-12,2,D1,2,D1,2,D1,True,0.005483192,0.24126048,0.35331792,0.23428884,0.102492064,0.063157514
20033,2023-09-19,1,D0,2,D1,2,D1,False,0.0044098315,0.18114859,0.32366258,0.25515243,0.1456833,0.0899432
20033,2023-09-26,1,D0,1,D0,1,D0,True,0.17548132,0.70928496,0.084240355,0.0084076915,0.0058614924,0.016724175
20033,2023-10-03,1,D0,1,D0,1,D0,True,0.21005528,0.73411655,0.04841788,0.0021147619,0.0011741965,0.004121364
20033,2023-10-10,1,D0,1,D0,1,D0,True,0.2039598,0.7382377,0.053862143,0.0017563986,0.00062410126,0.001559923
20033,2023-10-17,1,D0,1,D0,1,D0,True,0.20370303,0.73809713,0.055474777,0.0015325065,0.0004085328,0.0007840538
20033,2023-10-24,1,D0,1,D0,1,D0,True,0.19051471,0.74679196,0.06033442,0.0014816264,0.00035060014,0.0005266395
20033,2023-10-31,1,D0,1,D0,1,D0,True,0.25083333,0.70915914,0.038826864,0.00067488785,0.00015780264,0.0003479466
20033,2023-11-07,1,D0,1,D0,1,D0,True,0.26112798,0.69923013,0.038576514,0.0006289831,0.00013495685,0.0003014068
20033,2023-11-14,1,D0,1,D0,1,D0,True,0.20879056,0.73212975,0.05755024,0.0010658142,0.00019216411,0.00027142745
20033,2023-11-21,1,D0,1,D0,1,D0,True,0.2469728,0.7109436,0.041363373,0.0005315842,7.75267e-05,0.00011123101
20033,2023-11-28,1,D0,1,D0,1,D0,True,0.21900679,0.7342028,0.04614292,0.00053126167,5.873303e-05,5.7446716e-05
20033,2023-12-05,1,D0,1,D0,1,D0,True,0.16165036,0.7738788,0.0636362,0.00072536396,6.5541826e-05,4.3700344e-05
20033,2023-12-12,1,D0,1,D0,1,D0,True,0.17600963,0.76982284,0.05361366,0.00049063616,3.8374856e-05,2.4830151e-05
20033,2023-12-19,1,D0,1,D0,1,D0,True,0.29301524,0.68340296,0.02336631,0.00018744418,1.5482194e-05,1.25345505e-05
20033,2023-12-26,1,D0,1,D0,1,D0,True,0.4339872,0.55751956,0.008420952,5.9859212e-05,6.02005e-06,6.3344496e-06
20033,2024-01-02,1,D0,1,D0,1,D0,True,0.4025814,0.5858195,0.011488429,9.414388e-05,8.678488e-06,7.841682e-06
20033,2024-01-09,0,None,1,D0,1,D0,False,0.48813254,0.50502735,0.0067762174,5.373988e-05,5.578041e-06,4.6617824e-06
20033,2024-01-16,0,None,0,None,0,None,True,0.70098144,0.29871935,0.0002967891,1.6353466e-06,3.7690924e-07,2.8785365e-07
20033,2024-01-23,0,None,0,None,0,None,True,0.70333636,0.29635534,0.00030608854,1.6043766e-06,3.248708e-07,2.2732019e-07
20033,2024-01-30,0,None,0,None,0,None,True,0.792689,0.20719805,0.00011193298,6.6096726e-07,1.87125e-07,1.1894956e-07
20033,2024-02-06,0,None,0,None,0,None,True,0.80444485,0.19544151,0.00011270921,6.375976e-07,2.0345037e-07,7.6991036e-08
20033,2024-02-13,0,None,0,None,0,None,True,0.7967453,0.20306553,0.00018793579,8.8351254e-07,2.84632e-07,6.331852e-08
20033,2024-02-20,0,None,0,None,0,None,True,0.76888096,0.230749,0.00036805635,1.4466276e-06,4.5841273e-07,8.126721e-08
20033,2024-02-27,0,None,0,None,0,None,True,0.7649727,0.23451321,0.00051129103,1.9974725e-06,6.8381075e-07,1.0105484e-07
20033,2024-03-05,0,None,0,None,0,None,True,0.7006958,0.29823506,0.0010640493,3.6901454e-06,1.1504637e-06,1.468602e-07
20033,2024-03-12,1,D0,0,None,0,None,False,0.6827172,0.31609145,0.0011865621,3.577329e-06,1.0876419e-06,1.4721192e-07
20033,2024-03-19,1,D0,1,D0,1,D0,True,0.07629863,0.75485265,0.16742171,0.0013092887,0.000109782115,7.897727e-06
20033,2024-03-26,1,D0,1,D0,1,D0,True,0.010183006,0.64656883,0.33815485,0.004874106,0.00021319228,6.0163093e-06
20033,2024-04-02,1,D0,2,D1,1,D0,True,0.0008845123,0.43890414,0.5312263,0.028198222,0.0007778044,8.9907e-06
20033,2024-04-09,1,D0,2,D1,2,D1,False,0.00015579948,0.26342872,0.6257061,0.107811846,0.002880587,1.6906077e-05
20033,2024-04-16,2,D1,2,D1,2,D1,True,9.7850614e-05,0.20092896,0.62062365,0.17244078,0.005874629,3.410168e-05
20033,2024-04-23,2,D1,2,D1,2,D1,True,4.7017074e-05,0.10865007,0.60174423,0.2761602,0.013314894,8.349237e-05
20033,2024-04-30,3,D2,2,D1,2,D1,False,0.00016373223,0.11705246,0.55266935,0.30168325,0.02806225,0.00036890258
20033,2024-05-07,3,D2,2,D1,2,D1,False,0.00038246397,0.10170014,0.485829,0.34780395,0.06258457,0.0016999024
20033,2024-05-14,3,D2,2,D1,2,D1,False,0.0003984577,0.06826434,0.42312923,0.3954655,0.10826833,0.0044740997
20033,2024-05-21,3,D2,3,D2,2,D1,False,0.00057648367,0.059034422,0.37577173,0.39844328,0.15587258,0.010301546
20033,2024-05-28,3,D2,3,D2,2,D1,False,0.0007466542,0.055814162,0.34607854,0.38597795,0.19377537,0.017607259
20033,2024-06-04,2,D1,3,D2,2,D1,True,0.0010217682,0.05895526,0.33655816,0.36547995,0.21585476,0.022130108
20033,2024-06-11,2,D1,3,D2,2,D1,True,0.0010321777,0.059636705,0.3341288,0.35466802,0.22927943,0.021254895
20033,2024-06-18,2,D1,2,D1,2,D1,True,0.0005331639,0.049087767,0.36451852,0.35774264,0.21271425,0.015403571
20033,2024-06-25,2,D1,2,D1,2,D1,True,0.0005689412,0.059038986,0.40222287,0.3341984,0.19206022,0.011910627
20033,2024-07-02,1,D0,2,D1,2,D1,False,0.0006932549,0.06483679,0.43526074,0.30886012,0.17927057,0.0110785095
20033,2024-07-09,1,D0,1,D0,1,D0,True,0.16001497,0.45732284,0.27189454,0.056251723,0.04631969,0.008196253
20033,2024-07-16,1,D0,0,None,0,None,False,0.6086551,0.37351283,0.016814882,0.00048434918,0.00036528654,0.00016761119
20033,2024-07-23,1,D0,0,None,0,None,False,0.587263,0.3983425,0.013917175,0.00023695693,0.00014974205,9.070733e-05
20033,2024-07-30,1,D0,0,None,1,D0,True,0.4968729,0.47650918,0.025805138,0.00041497682,0.00023632642,0.00016148841
20033,2024-08-06,1,D0,2,D1,1,D0,True,0.007439847,0.42626402,0.5015864,0.055196103,0.008533052,0.0009805802
20033,2024-08-13,1,D0,2,D1,1,D0,True,0.0075250347,0.43083102,0.49147815,0.05826545,0.010788054,0.0011123661
20033,2024-08-20,1,D0,2,D1,1,D0,True,0.010870865,0.43955138,0.47312728,0.06243117,0.012119875,0.0018994331
20033,2024-08-27,1,D0,2,D1,1,D0,True,0.0081688585,0.4075927,0.48440656,0.08434884,0.013294515,0.0021884714
20033,2024-09-03,1,D0,2,D1,2,D1,False,0.004500593,0.34191304,0.5111802,0.12555757,0.014742474,0.002106093
20033,2024-09-10,1,D0,2,D1,2,D1,False,0.0036975096,0.3067611,0.51525193,0.15513077,0.016532533,0.0026261313
20033,2024-09-17,1,D0,2,D1,2,D1,False,0.00482641,0.31788117,0.4991775,0.16052866,0.014422678,0.0031636192
20033,2024-09-24,0,None,2,D1,1,D0,False,0.011496077,0.38106337,0.46925694,0.12049655,0.012531316,0.0051557156
20033,2024-10-01,0,None,1,D0,1,D0,False,0.24442357,0.66168344,0.09165926,0.0013572752,0.00034486942,0.00053166
20033,2024-10-08,0,None,1,D0,1,D0,False,0.28455207,0.6354296,0.07828304,0.0009621112,0.0002561995,0.0005169771
20033,2024-10-15,0,None,1,D0,1,D0,False,0.3059125,0.62580305,0.0666086,0.00088157324,0.0002634705,0.00053077005
20033,2024-10-22,0,None,1,D0,1,D0,False,0.24995887,0.64809793,0.09924343,0.0014848617,0.00038299488,0.00083189376
20033,2024-10-29,1,D0,1,D0,1,D0,True,0.3226191,0.6295551,0.04683784,0.00045787942,0.0001469934,0.0003830884
20033,2024-11-05,1,D0,0,None,0,None,False,0.55744064,0.43669766,0.0057526766,4.5270317e-05,1.798993e-05,4.574955e-05
20033,2024-11-12,0,None,0,None,0,None,True,0.70019746,0.29853356,0.0011974481,2.0459293e-05,1.1936429e-05,3.906693e-05
20033,2024-11-19,0,None,0,None,0,None,True,0.8017963,0.1978652,0.00031373304,6.139204e-06,4.3705777e-06,1.4273573e-05
20033,2024-11-26,0,None,0,None,0,None,True,0.81756234,0.18211983,0.00029711088,6.1120245e-06,3.879837e-06,1.0657933e-05
20033,2024-12-03,0,None,0,None,0,None,True,0.7995905,0.2000196,0.00036773056,7.307401e-06,4.431686e-06,1.0449576e-05
20033,2024-12-10,0,None,0,None,0,None,True,0.7863117,0.21327569,0.00039213974,7.3366386e-06,4.208909e-06,8.989922e-06
20033,2024-12-17,0,None,0,None,0,None,True,0.74277997,0.25663096,0.0005695979,7.837912e-06,4.753344e-06,6.7718356e-06
20033,2024-12-24,0,None,0,None,0,None,True,0.75388134,0.24565887,0.0004456672,5.778596e-06,3.9274237e-06,4.383523e-06
20033,2024-12-31,0,None,0,None,0,None,True,0.75739515,0.2421674,0.00042614422,4.6912e-06,3.5570995e-06,3.038266e-06
20033,2025-01-07,0,None,0,None,0,None,True,0.75766784,0.24193135,0.00039138156,3.989593e-06,3.3335186e-06,2.1242408e-06
20033,2025-01-14,0,None,0,None,0,None,True,0.7416779,0.25787368,0.0004375632,4.357187e-06,4.580406e-06,1.9571175e-06
20033,2025-01-21,0,None,0,None,0,None,True,0.733357,0.2662157,0.00041704858,4.0057707e-06,4.7698486e-06,1.489549e-06
20033,2025-01-28,0,None,0,None,0,None,True,0.7141208,0.28527412,0.000589989,5.933277e-06,7.395698e-06,1.7457e-06
20033,2025-02-04,0,None,0,None,0,None,True,0.7065894,0.29277888,0.00061672734,5.932624e-06,7.5150897e-06,1.5729365e-06
20033,2025-02-11,0,None,0,None,0,None,True,0.667873,0.33139074,0.0007216041,6.2485797e-06,6.9385674e-06,1.480797e-06
20033,2025-02-18,0,None,0,None,0,None,True,0.6498717,0.34932962,0.00078587135,6.353458e-06,5.1939055e-06,1.2446711e-06
20033,2025-02-25,0,None,0,None,0,None,True,0.6517593,0.3473687,0.0008599643,6.4744045e-06,4.3669183e-06,1.1830807e-06
20033,2025-03-04,1,D0,0,None,1,D0,True,0.54145354,0.451327,0.0071339547,5.9079706e-05,2.0835252e-05,5.5438654e-06
20033,2025-03-11,2,D1,1,D0,1,D0,False,0.046668723,0.6922279,0.2545039,0.006041592,0.00050935365,4.8557285e-05
20033,2025-03-18,3,D2,2,D1,2,D1,False,0.00038012507,0.30640674,0.57445335,0.115181714,0.003535036,4.3086813e-05
20033,2025-03-25,3,D2,2,D1,2,D1,False,7.650678e-05,0.17056227,0.5652394,0.25664997,0.0073838653,8.789081e-05
20033,2025-04-01,3,D2,2,D1,2,D1,False,7.261425e-05,0.10348788,0.54219234,0.33954614,0.014445477,0.0002555142
20033,2025-04-08,3,D2,2,D1,2,D1,False,9.483161e-05,0.05951216,0.50496227,0.4042777,0.030265355,0.0008877178
20033,2025-04-15,3,D2,2,D1,2,D1,False,0.00012019402,0.03585904,0.45077193,0.44555256,0.06496308,0.0027332709
20033,2025-04-22,2,D1,3,D2,2,D1,True,0.00037530178,0.05561037,0.41383097,0.41913307,0.10323492,0.007815365
20033,2025-04-29,2,D1,3,D2,2,D1,True,0.0010759165,0.081646964,0.36791664,0.3837687,0.14753377,0.01805803
20033,2025-05-06,2,D1,3,D2,3,D2,False,0.0007667437,0.04657473,0.32046688,0.40109897,0.20599379,0.025098892
20033,2025-05-13,2,D1,3,D2,3,D2,False,0.00060875836,0.03230261,0.29058248,0.3883195,0.25729454,0.030892085
20033,2025-05-20,2,D1,3,D2,2,D1,True,0.0022852176,0.08849411,0.30327097,0.33622676,0.23433481,0.03538812
20033,2025-05-27,1,D0,2,D1,2,D1,False,0.0038535667,0.119269185,0.31359947,0.30821484,0.22537467,0.029688234
20033,2025-06-03,1,D0,1,D0,1,D0,True,0.42460397,0.50062567,0.06399577,0.0054251757,0.004099176,0.0012501541
20033,2025-06-10,0,None,0,None,0,None,True,0.6862403,0.31010488,0.0034691803,8.6764696e-05,6.9553425e-05,2.9297515e-05
20033,2025-06-17,0,None,0,None,0,None,True,0.85038835,0.14929086,0.0003058506,5.815989e-06,7.1056966e-06,2.0941177e-06
20033,2025-06-24,0,None,0,None,0,None,True,0.8434231,0.15629713,0.00027018896,3.8748017e-06,4.5459897e-06,1.1872854e-06
20033,2025-07-01,0,None,0,None,0,None,True,0.8094357,0.19023973,0.0003141673,4.295075e-06,4.6805612e-06,1.3971954e-06
20033,2025-07-08,0,None,0,None,0,None,True,0.7969595,0.20253904,0.00048837217,5.5618457e-06,5.863711e-06,1.6433854e-06
20033,2025-07-15,0,None,0,None,0,None,True,0.80200857,0.19739477,0.00058211223,5.972314e-06,6.715064e-06,1.7821253e-06
20033,2025-07-22,0,None,0,None,0,None,True,0.8061282,0.19325723,0.00060031377,5.6155513e-06,6.8742174e-06,1.6872588e-06
20033,2025-07-29,0,None,0,None,0,None,True,0.8023589,0.19694987,0.00067653944,5.72659e-06,7.1421377e-06,1.7448313e-06
20033,2025-08-05,0,None,0,None,0,None,True,0.77981853,0.21931401,0.0008489891,7.6077276e-06,8.325507e-06,2.4274398e-06
20033,2025-08-12,0,None,0,None,0,None,True,0.764729,0.23419626,0.0010507981,1.0285739e-05,9.824198e-06,3.7084712e-06
20033,2025-08-19,0,None,0,None,0,None,True,0.75132704,0.24741924,0.001224032,1.2812212e-05,1.1280555e-05,5.5684955e-06
20033,2025-08-26,0,None,0,None,0,None,True,0.72638303,0.27198613,0.0015909671,1.7199469e-05,1.3527932e-05,9.148186e-06
20033,2025-09-02,0,None,0,None,0,None,True,0.7511177,0.24772118,0.001126733,1.4297784e-05,1.0662637e-05,9.357187e-06
20033,2025-09-09,0,None,0,None,0,None,True,0.7480692,0.25071403,0.0011837132,1.418911e-05,9.967674e-06,8.869958e-06
20033,2025-09-16,0,None,0,None,0,None,True,0.73923105,0.2594997,0.0012376241,1.3821713e-05,8.92236e-06,8.9046625e-06
20033,2025-09-23,0,None,0,None,0,None,True,0.74891865,0.25008863,0.00096686947,1.1142972e-05,6.7471606e-06,7.882035e-06
20033,2025-09-30,0,None,0,None,0,None,True,0.7430861,0.25594282,0.00094782875,9.915649e-06,6.285794e-06,7.014498e-06
20033,2025-10-07,0,None,0,None,0,None,True,0.72446936,0.2744282,0.0010826888,8.87648e-06,5.438901e-06,5.536598e-06
20033,2025-10-14,0,None,0,None,0,None,True,0.7058588,0.29308766,0.0010377966,7.1153436e-06,4.5242277e-06,4.0497066e-06
20033,2025-10-21,0,None,0,None,0,None,True,0.687247,0.31191,0.0008341848,4.0768796e-06,2.7505632e-06,2.0037703e-06
20033,2025-10-28,0,None,0,None,0,None,True,0.6724608,0.32681206,0.00072061946,3.0092647e-06,2.2441748e-06,1.3316209e-06
20033,2025-11-04,0,None,0,None,0,None,True,0.664733,0.33467424,0.00058793393,2.1381034e-06,1.9919187e-06,7.6995946e-07
20033,2025-11-11,0,None,0,None,0,None,True,0.6452302,0.3539459,0.0008173593,2.8837035e-06,3.1050422e-06,6.322031e-07
20033,2025-11-18,0,None,0,None,0,None,True,0.6772791,0.3222678,0.0004481424,1.9397442e-06,2.5450738e-06,3.8725383e-07
20033,2025-11-25,0,None,0,None,0,None,True,0.6984102,0.30123302,0.00035180265,1.7541778e-06,2.7496053e-06,3.4661988e-07
20033,2025-12-02,0,None,0,None,0,None,True,0.7086564,0.29104477,0.0002942547,1.6169483e-06,2.7399765e-06,3.0597866e-07
20033,2025-12-09,0,None,0,None,0,None,True,0.67446625,0.32503614,0.0004900799,2.7319838e-06,4.388992e-06,4.296779e-07
20033,2025-12-16,0,None,0,None,0,None,True,0.69589424,0.30376703,0.00033308618,1.9656482e-06,3.328815e-06,3.4066846e-07
20033,2025-12-23,0,None,0,None,0,None,True,0.66417515,0.3352178,0.0005985408,3.1816348e-06,4.8147017e-06,4.4574233e-07
20033,2025-12-30,0,None,0,None,0,None,True,0.64687914,0.3523248,0.00078810134,3.2491548e-06,4.358435e-06,3.919649e-07
20035,2022-01-04,1,D0,1,D0,1,D0,True,0.0040696315,0.53217286,0.4488575,0.014154162,0.000426889,0.00031895778
20035,2022-01-11,2,D1,1,D0,1,D0,False,0.0030580014,0.5008734,0.4748967,0.02025088,0.0005995,0.00032151432
20035,2022-01-18,2,D1,2,D1,2,D1,True,0.0006142128,0.27850094,0.61782265,0.10052493,0.0021156187,0.00042158668
20035,2022-01-25,2,D1,2,D1,2,D1,True,0.00026500534,0.16544843,0.6384559,0.190447,0.0048073325,0.000576261
20035,2022-02-01,2,D1,2,D1,2,D1,True,0.00018219391,0.10617445,0.62147,0.26285315,0.008546683,0.00077358866
20035,2022-02-08,2,D1,2,D1,2,D1,True,0.00017123122,0.08287962,0.594593,0.3085881,0.01279193,0.000976165
20035,2022-02-15,2,D1,2,D1,2,D1,True,0.00016976474,0.0677051,0.564003,0.3481514,0.018572176,0.0013986145
20035,2022-02-22,2,D1,2,D1,2,D1,True,0.00014405015,0.05396125,0.51945925,0.39691687,0.027215652,0.002302914
20035,2022-03-01,2,D1,2,D1,2,D1,True,0.00012262362,0.04350172,0.48112103,0.43504095,0.036635734,0.003577946
20035,2022-03-08,2,D1,2,D1,2,D1,True,0.0001314885,0.040314022,0.4591285,0.45025834,0.04467527,0.0054924395
20035,2022-03-15,2,D1,2,D1,2,D1,True,0.00017766278,0.046295814,0.44987932,0.44131935,0.05396826,0.008359554
20035,2022-03-22,1,D0,2,D1,2,D1,False,0.0003476985,0.063763715,0.44421494,0.4183813,0.06138909,0.011903303
20035,2022-03-29,0,None,2,D1,1,D0,False,0.022244677,0.33121225,0.39772555,0.17561729,0.05575598,0.017444154
20035,2022-04-05,0,None,1,D0,1,D0,False,0.2016922,0.6406722,0.12922312,0.019144649,0.007494969,0.0017729306
20035,2022-04-12,0,None,1,D0,1,D0,False,0.3130474,0.60498387,0.0724689,0.0066619813,0.0022252717,0.00061260717
20035,2022-04-19,0,None,1,D0,1,D0,False,0.25560454,0.615084,0.11459098,0.0107573625,0.0030579118,0.0009052327
20035,2022-04-26,1,D0,1,D0,1,D0,True,0.30365583,0.6117845,0.07821422,0.0045750677,0.0013941197,0.00037617426
20035,2022-05-03,0,None,1,D0,1,D0,False,0.091856,0.6116613,0.26158535,0.028334849,0.005572597,0.0009898136
20035,2022-05-10,0,None,1,D0,1,D0,False,0.41653666,0.542124,0.039127007,0.0015806202,0.0005164773,0.00011528595
20035,2022-05-17,0,None,0,None,0,None,True,0.5853122,0.40747747,0.007027726,0.0001236063,4.67629e-05,1.2285786e-05
20035,2022-05-24,0,None,0,None,0,None,True,0.63082695,0.3650347,0.0040379846,6.428609e-05,2.835688e-05,7.743051e-06
20035,2022-05-31,0,None,0,None,0,None,True,0.7148544,0.2839542,0.0011579094,1.9809711e-05,9.5207515e-06,4.1209787e-06
20035,2022-06-07,0,None,0,None,0,None,True,0.7400848,0.25899222,0.0008977151,1.4178993e-05,8.048217e-06,2.9965856e-06
20035,2022-06-14,0,None,0,None,0,None,True,0.7412715,0.25767624,0.0010255347,1.485338e-05,8.633324e-06,3.2352862e-06
20035,2022-06-21,0,None,0,None,0,None,True,0.73794115,0.2608265,0.0012058993,1.44303185e-05,8.9717705e-06,3.1024979e-06
20035,2022-06-28,0,None,0,None,0,None,True,0.7263885,0.27205575,0.00152438,1.7760554e-05,1.00682555e-05,3.5014023e-06
20035,2022-07-05,0,None,0,None,0,None,True,0.71338105,0.2846369,0.0019488268,1.9633006e-05,1.0211263e-05,3.376089e-06
20035,2022-07-12,0,None,0,None,0,None,True,0.67849004,0.31801277,0.0034504165,2.9176535e-05,1.3017705e-05,4.516466e-06
20035,2022-07-19,1,D0,1,D0,1,D0,True,0.38046452,0.54880834,0.06950224,0.0009326848,0.00021805834,7.4132615e-05
20035,2022-07-26,2,D1,2,D1,2,D1,True,0.0027203728,0.34073466,0.56450766,0.08654104,0.0052615386,0.00023472523
20035,2022-08-02,3,D2,2,D1,2,D1,False,0.00035231403,0.1546507,0.5620373,0.26363808,0.018873531,0.0004480368
20035,2022-08-09,3,D2,2,D1,2,D1,False,0.00011354698,0.063095346,0.55553174,0.34876668,0.031661697,0.00083095377
20035,2022-08-16,3,D2,2,D1,2,D1,False,7.936011e-05,0.038740855,0.5223424,0.3899778,0.047237903,0.0016216618
20035,2022-08-23,3,D2,2,D1,2,D1,False,0.0001265335,0.040829375,0.4952327,0.39977983,0.06115,0.002881516
20035,2022-08-30,4,D3,2,D1,2,D1,False,0.0001058417,0.028082741,0.4509431,0.43534973,0.081506014,0.004012536
20035,2022-09-06,4,D3,3,D2,3,D2,False,7.624795e-05,0.014111511,0.3443092,0.5069583,0.1260199,0.008524848
20035,2022-09-13,4,D3,3,D2,3,D2,False,8.9811976e-05,0.0073515214,0.22381525,0.54327726,0.204326,0.021140242
20035,2022-09-20,4,D3,3,D2,3,D2,False,0.00013161132,0.005275075,0.14473891,0.52633464,0.2740378,0.049481925
20035,2022-09-27,5,D4,3,D2,4,D3,False,9.04099e-05,0.0018323971,0.0703856,0.47600707,0.3662265,0.085457936
20035,2022-10-04,5,D4,3,D2,4,D3,False,5.347277e-05,0.0007491035,0.042369906,0.43339226,0.40958637,0.1138489
20035,2022-10-11,5,D4,4,D3,4,D3,False,3.4239798e-05,0.00050099543,0.037238125,0.39438164,0.45280063,0.11504444
20035,2022-10-18,5,D4,4,D3,4,D3,False,3.0522977e-05,0.00048431306,0.03555687,0.35653627,0.48597753,0.12141452
20035,2022-10-25,5,D4,4,D3,4,D3,False,2.7420447e-05,0.00038842947,0.02926734,0.34608537,0.5068857,0.117345735
20035,2022-11-01,5,D4,4,D3,4,D3,False,3.4081513e-05,0.0004880553,0.033700716,0.34442008,0.52987784,0.091479264
20035,2022-11-08,5,D4,4,D3,4,D3,False,5.376447e-05,0.0009387512,0.047097247,0.34982148,0.53444207,0.06764668
20035,2022-11-15,5,D4,4,D3,4,D3,False,5.3196807e-05,0.0010720661,0.054369316,0.36462712,0.52219814,0.05768009
20035,2022-11-22,5,D4,4,D3,4,D3,False,5.745191e-05,0.0011954119,0.055791877,0.38252255,0.50847036,0.051962305
20035,2022-11-29,5,D4,4,D3,4,D3,False,8.81401e-05,0.0016020351,0.06135849,0.3890987,0.49351197,0.054340612
20035,2022-12-06,5,D4,4,D3,4,D3,False,0.00011589803,0.0013869202,0.052447908,0.39338502,0.48612845,0.06653588
20035,2022-12-13,5,D4,4,D3,4,D3,False,0.0002199016,0.0014760096,0.05031749,0.399903,0.48255375,0.065529816
20035,2022-12-20,5,D4,4,D3,4,D3,False,0.0002782954,0.0016706174,0.056557022,0.40031642,0.48725316,0.053924527
20035,2022-12-27,5,D4,4,D3,4,D3,False,0.00034300995,0.002076667,0.06547081,0.40568197,0.47633272,0.05009483
20035,2023-01-03,5,D4,4,D3,4,D3,False,0.00049742026,0.0032819163,0.08315903,0.408022,0.45866463,0.04637511
20035,2023-01-10,5,D4,4,D3,4,D3,False,0.00040541356,0.0023761808,0.072208464,0.41438168,0.46887672,0.041751523
20035,2023-01-17,5,D4,4,D3,4,D3,False,0.0005150559,0.002797852,0.07847206,0.40494823,0.4705167,0.042750083
20035,2023-01-24,5,D4,4,D3,4,D3,False,0.0008833058,0.005550198,0.10883864,0.3903267,0.45997575,0.034425437
20035,2023-01-31,5,D4,4,D3,4,D3,False,0.00060135283,0.0038896964,0.10099,0.39636666,0.46760613,0.030546216
20035,2023-02-07,5,D4,4,D3,4,D3,False,0.0003427728,0.0020512284,0.081924856,0.4033448,0.48126274,0.031073544
20035,2023-02-14,5,D4,4,D3,4,D3,False,0.00038355566,0.0023764265,0.08903609,0.40060586,0.47712252,0.030475484
20035,2023-02-21,5,D4,4,D3,4,D3,False,0.00047299618,0.0028662346,0.097954944,0.40070152,0.46687546,0.031128848
20035,2023-02-28,5,D4,4,D3,4,D3,False,0.00041093238,0.0022262791,0.086440876,0.40544966,0.47014555,0.035326626
20035,2023-03-07,5,D4,4,D3,4,D3,False,0.00037837995,0.001733967,0.0724768,0.40247715,0.47600248,0.04693126
20035,2023-03-14,5,D4,4,D3,4,D3,False,0.00031693053,0.001591121,0.07079806,0.39697468,0.46936017,0.06095907
20035,2023-03-21,5,D4,4,D3,4,D3,False,0.00023164776,0.0014127984,0.06578617,0.4066475,0.43045682,0.09546519
20035,2023-03-28,5,D4,3,D2,4,D3,False,0.00013597735,0.0007029753,0.047120344,0.4051514,0.40474424,0.14214504
20035,2023-04-04,5,D4,3,D2,4,D3,False,8.111395e-05,0.00035821556,0.03217455,0.40038687,0.38785207,0.17914708
20035,2023-04-11,5,D4,3,D2,4,D3,False,5.5144865e-05,0.00018899274,0.02204817,0.39628333,0.36391965,0.21750471
20035,2023-04-18,5,D4,3,D2,4,D3,False,5.3589098e-05,0.0001691246,0.01783157,0.38966128,0.32678694,0.26549745
20035,2023-04-25,5,D4,3,D2,4,D3,False,4.8456346e-05,0.00012952376,0.012856956,0.38294896,0.2951913,0.3088248
20035,2023-05-02,5,D4,3,D2,3,D2,False,5.4560263e-05,0.00014409256,0.012160709,0.37156522,0.25162512,0.36445028
20035,2023-05-09,5,D4,5,D4,5,D4,True,7.9339225e-05,0.00024114043,0.013814946,0.36119592,0.2314177,0.39325097
20035,2023-05-16,5,D4,5,D4,5,D4,True,0.0003319391,0.0014454258,0.029080018,0.35663736,0.22098622,0.39151904
20035,2023-05-23,5,D4,3,D2,3,D2,False,0.00053710456,0.0033991984,0.050666306,0.36246035,0.23200218,0.35093486
20035,2023-05-30,5,D4,3,D2,3,D2,False,0.0009009216,0.008256551,0.0873789,0.37078005,0.25646266,0.27622092
20035,2023-06-06,5,D4,3,D2,4,D3,False,0.0041343616,0.056579612,0.19146354,0.29993537,0.26597887,0.18190822
20035,2023-06-13,5,D4,3,D2,4,D3,False,0.0025139016,0.06734683,0.250428,0.30404422,0.2563098,0.119357295
20035,2023-06-20,5,D4,3,D2,3,D2,False,0.0010581891,0.05919362,0.2868419,0.335452,0.23998448,0.077469826
20035,2023-06-27,5,D4,3,D2,3,D2,False,0.0006406348,0.055125877,0.3021364,0.34787226,0.23564489,0.058580004
20035,2023-07-04,5,D4,3,D2,2,D1,False,0.00067413313,0.06298393,0.30560628,0.34647784,0.2321194,0.05213846
20035,2023-07-11,4,D3,3,D2,2,D1,False,0.001161237,0.08112966,0.3042709,0.33654556,0.21662761,0.06026507
20035,2023-07-18,4,D3,3,D2,2,D1,False,0.0013307177,0.076357715,0.29462287,0.31924742,0.22612801,0.082313225
20035,2023-07-25,4,D3,4,D3,4,D3,True,0.00096401706,0.044176854,0.21701005,0.2413594,0.29446,0.20202976
20035,2023-08-01,4,D3,4,D3,4,D3,True,0.00087192294,0.035669867,0.19220005,0.21563873,0.27927026,0.27634916
20035,2023-08-08,4,D3,5,D4,4,D3,True,0.001226635,0.038416866,0.16962186,0.19182952,0.26328492,0.33562028
20035,2023-08-15,4,D3,5,D4,4,D3,True,0.0012650492,0.031082654,0.14997092,0.1758403,0.26833928,0.37350184
20035,2023-08-22,4,D3,5,D4,4,D3,True,0.00045326876,0.012453111,0.124157086,0.17051165,0.29674655,0.3956783
20035,2023-08-29,4,D3,5,D4,4,D3,True,0.00018830219,0.0045589334,0.08199128,0.14400671,0.32552958,0.4437252
20035,2023-09-05,4,D3,5,D4,4,D3,True,0.00010715539,0.0021152634,0.044771325,0.11084747,0.34438747,0.4977713
20035,2023-09-12,4,D3,5,D4,5,D4,False,5.0514824e-05,0.00062969216,0.016179938,0.07803006,0.34841776,0.55669206
20035,2023-09-19,4,D3,5,D4,5,D4,False,3.0040343e-05,0.00022056652,0.005516051,0.05363677,0.32867756,0.611919
20035,2023-09-26,4,D3,5,D4,5,D4,False,1.859854e-05,9.726582e-05,0.0028551326,0.044686455,0.32027522,0.6320673
20035,2023-10-03,4,D3,5,D4,5,D4,False,1.482119e-05,7.021298e-05,0.0024176259,0.04630361,0.3304011,0.6207926
20035,2023-10-10,4,D3,5,D4,5,D4,False,1.3198577e-05,5.322609e-05,0.0025016214,0.05683368,0.35090294,0.5896954
20035,2023-10-17,4,D3,5,D4,5,D4,False,1.4540838e-05,5.31966e-05,0.002902463,0.07083854,0.3611225,0.56506866
20035,2023-10-24,4,D3,5,D4,5,D4,False,1.9212797e-05,6.788481e-05,0.0034820768,0.08565229,0.3632814,0.54749715
20035,2023-10-31,3,D2,5,D4,4,D3,False,5.4751268e-05,0.00020168518,0.0064822603,0.106897116,0.36377946,0.52258486
20035,2023-11-07,3,D2,5,D4,4,D3,False,8.191798e-05,0.00033247352,0.010375088,0.1533673,0.37231144,0.46353185
20035,2023-11-14,3,D2,4,D3,4,D3,False,0.00014555879,0.00074543257,0.019649593,0.23551829,0.3938415,0.35009968
20035,2023-11-21,3,D2,4,D3,4,D3,False,0.00031727177,0.0019915674,0.036792032,0.28256616,0.38287956,0.2954534
20035,2023-11-28,3,D2,4,D3,4,D3,False,0.00032669594,0.0023255309,0.04473237,0.3252329,0.38053128,0.24685119
20035,2023-12-05,2,D1,4,D3,4,D3,False,0.00028534254,0.0020577558,0.046216954,0.35971957,0.38091037,0.21080993
20035,2023-12-12,2,D1,3,D2,4,D3,False,0.00041999755,0.0034796977,0.06052968,0.38001436,0.37325135,0.18230489
20035,2023-12-19,2,D1,3,D2,4,D3,False,0.0014262765,0.015825186,0.12941799,0.3990254,0.32899216,0.125313
20035,2023-12-26,1,D0,3,D2,3,D2,False,0.00326563,0.043254912,0.20921913,0.40835348,0.27017578,0.06573103
20035,2024-01-02,1,D0,1,D0,1,D0,True,0.35295618,0.5495011,0.0812889,0.009536274,0.005834912,0.0008826537
20035,2024-01-09,1,D0,1,D0,1,D0,True,0.4185759,0.5629053,0.018099708,0.00033276863,7.327664e-05,1.29883865e-05
20035,2024-01-16,1,D0,1,D0,1,D0,True,0.41243932,0.57537144,0.012043186,0.00012627443,1.641354e-05,3.4548332e-06
20035,2024-01-23,1,D0,1,D0,1,D0,True,0.309955,0.6659984,0.023840465,0.00018693405,1.6131491e-05,3.1142324e-06
20035,2024-01-30,1,D0,1,D0,1,D0,True,0.25913107,0.71203876,0.028628405,0.00018451642,1.4794342e-05,2.5034042e-06
20035,2024-02-06,1,D0,1,D0,1,D0,True,0.2546936,0.71509176,0.030016718,0.00018083618,1.4712223e-05,2.4055573e-06
20035,2024-02-13,0,None,1,D0,1,D0,False,0.31721348,0.66226107,0.020404592,0.00010926214,1.000623e-05,1.6305165e-06
20035,2024-02-20,0,None,0,None,0,None,True,0.5911057,0.4071368,0.0017515095,4.8727165e-06,9.514878e-07,1.6519483e-07
20035,2024-02-27,0,None,0,None,0,None,True,0.63809925,0.3604793,0.0014160413,4.2090373e-06,1.005374e-06,1.3702855e-07
20035,2024-03-05,1,D0,0,None,0,None,False,0.57404673,0.42253828,0.0034028306,9.925198e-06,2.029948e-06,2.0671948e-07
20035,2024-03-12,1,D0,1,D0,1,D0,True,0.27923214,0.68483233,0.035774108,0.00014499766,1.5102346e-05,1.3416116e-06
20035,2024-03-19,1,D0,1,D0,1,D0,True,0.22391666,0.72513723,0.05071851,0.00020647385,1.9285579e-05,1.7801113e-06
20035,2024-03-26,0,None,1,D0,1,D0,False,0.1974841,0.7360693,0.066124044,0.00029242435,2.7125385e-05,2.879289e-06
20035,2024-04-02,0,None,1,D0,1,D0,False,0.22775364,0.70967174,0.062251613,0.00028790146,3.133314e-05,3.774237e-06
20035,2024-04-09,0,None,1,D0,1,D0,False,0.12680915,0.7430521,0.12927774,0.0007752515,7.802305e-05,7.758065e-06
20035,2024-04-16,1,D0,1,D0,1,D0,True,0.08624326,0.7289345,0.18335752,0.001336364,0.00011721911,1.1060566e-05
20035,2024-04-23,1,D0,1,D0,1,D0,True,0.0058412356,0.59210545,0.39265284,0.008976433,0.0004091196,1.4970139e-05
20035,2024-04-30,1,D0,1,D0,1,D0,True,0.005322412,0.53642535,0.43905357,0.018094663,0.0010631969,4.081621e-05
20035,2024-05-07,1,D0,1,D0,1,D0,True,0.15624028,0.69554573,0.1447725,0.0030135615,0.0003670394,6.0873994e-05
20035,2024-05-14,1,D0,0,None,1,D0,True,0.4934232,0.48936978,0.016992345,0.00016817843,3.380691e-05,1.2659398e-05
20035,2024-05-21,0,None,0,None,0,None,True,0.5526271,0.43738565,0.009851228,9.91086e-05,2.546599e-05,1.1409337e-05
20035,2024-05-28,0,None,0,None,0,None,True,0.725917,0.27314416,0.00092453574,8.432046e-06,3.973077e-06,1.9136767e-06
20035,2024-06-04,0,None,0,None,0,None,True,0.7362354,0.26290542,0.00084506965,8.039095e-06,4.1032554e-06,1.942769e-06
20035,2024-06-11,0,None,0,None,0,None,True,0.76987565,0.22943942,0.00067115645,7.4271265e-06,4.2194974e-06,2.1114345e-06
20035,2024-06-18,0,None,0,None,0,None,True,0.76316625,0.23604591,0.0007702796,9.294607e-06,5.3636713e-06,2.9178354e-06
20035,2024-06-25,1,D0,0,None,0,None,False,0.7102618,0.2882915,0.0014159628,1.698452e-05,8.5917545e-06,5.220713e-06
20035,2024-07-02,0,None,1,D0,1,D0,False,0.45433104,0.5058723,0.038390696,0.00096579,0.00024808556,0.00019214429
20035,2024-07-09,0,None,0,None,0,None,True,0.5407081,0.44664097,0.012359307,0.00018433784,5.635024e-05,5.090515e-05
20035,2024-07-16,1,D0,0,None,1,D0,True,0.49774352,0.4841921,0.017596748,0.00028739142,9.085029e-05,8.939284e-05
20035,2024-07-23,1,D0,1,D0,1,D0,True,0.07327307,0.61635363,0.2894682,0.017284604,0.0022327297,0.0013878269
20035,2024-07-30,2,D1,1,D0,1,D0,False,0.03916173,0.600785,0.32213208,0.03194343,0.0040186583,0.0019590831
20035,2024-08-06,2,D1,2,D1,2,D1,True,0.0022925884,0.32975256,0.44988182,0.18664496,0.028238043,0.0031899814
20035,2024-08-13,2,D1,2,D1,2,D1,True,0.0011830248,0.15216172,0.42537567,0.32537124,0.08239027,0.013518084
20035,2024-08-20,2,D1,3,D2,2,D1,True,0.0011972744,0.08378347,0.34953865,0.3557327,0.16413292,0.045614928
20035,2024-08-27,2,D1,3,D2,4,D3,False,0.0008031131,0.036277566,0.26454857,0.32774812,0.27348077,0.09714183
20035,2024-09-03,2,D1,4,D3,4,D3,False,0.00038185398,0.011155074,0.14170615,0.2538552,0.4084894,0.18441224
20035,2024-09-10,2,D1,4,D3,4,D3,False,0.00018961751,0.0040214257,0.07534409,0.18885846,0.46023816,0.27134824
20035,2024-09-17,2,D1,4,D3,4,D3,False,0.00010588817,0.0013676544,0.031825878,0.12236466,0.46665707,0.3776788
20035,2024-09-24,2,D1,5,D4,4,D3,False,7.6036595e-05,0.00047296289,0.010606276,0.07805719,0.41221,0.49857748
20035,2024-10-01,2,D1,5,D4,4,D3,False,3.305207e-05,0.00013914697,0.0040562246,0.062366292,0.3938139,0.53959143
20035,2024-10-08,3,D2,5,D4,5,D4,False,1.6637983e-05,5.4753888e-05,0.0020162875,0.054410707,0.37796524,0.5655364
20035,2024-10-15,3,D2,5,D4,4,D3,False,1.6135778e-05,5.2094783e-05,0.0019553322,0.06036594,0.37734893,0.5602616
20035,2024-10-22,3,D2,5,D4,5,D4,False,1.3241189e-05,3.5875393e-05,0.0015480097,0.062639005,0.36999902,0.5657648
20035,2024-10-29,3,D2,5,D4,4,D3,False,2.1998803e-05,6.579955e-05,0.0022558214,0.08028903,0.37116402,0.5462033
20035,2024-11-05,2,D1,5,D4,4,D3,False,0.000426862,0.0018746087,0.0138514,0.13959913,0.3555495,0.48869854
20035,2024-11-12,1,D0,4,D3,4,D3,False,0.015823727,0.06587047,0.14074755,0.20799795,0.3179441,0.2516162
20035,2024-11-19,1,D0,1,D0,1,D0,True,0.33362997,0.42024097,0.13532719,0.037654884,0.052800536,0.020346424
20035,2024-11-26,1,D0,1,D0,1,D0,True,0.46017277,0.48560044,0.04640517,0.0037860025,0.0029812888,0.0010542531
20035,2024-12-03,1,D0,1,D0,1,D0,True,0.36941862,0.5615016,0.06306552,0.003544424,0.0020289167,0.00044092626
20035,2024-12-10,1,D0,1,D0,1,D0,True,0.23865011,0.65826595,0.096482016,0.004368744,0.002005992,0.00022728935
20035,2024-12-17,1,D0,1,D0,1,D0,True,0.07584714,0.7242371,0.19087055,0.0071159992,0.0018275372,0.00010168303
20035,2024-12-24,1,D0,1,D0,1,D0,True,0.059802756,0.76370645,0.17136675,0.0040920465,0.0009845565,4.748369e-05
20035,2024-12-31,1,D0,1,D0,1,D0,True,0.046027977,0.7918496,0.15896675,0.0026421968,0.0004850787,2.8271877e-05
20035,2025-01-07,1,D0,1,D0,1,D0,True,0.051382903,0.806624,0.14016098,0.0015942911,0.00021935995,1.8467003e-05
20035,2025-01-14,1,D0,1,D0,1,D0,True,0.026998188,0.7641374,0.20643154,0.0022341367,0.00018745636,1.1274229e-05
20035,2025-01-21,1,D0,1,D0,1,D0,True,0.020809652,0.7414922,0.23486498,0.0026574438,0.00016671103,8.975782e-06
20035,2025-01-28,1,D0,1,D0,1,D0,True,0.010246799,0.71047366,0.2751736,0.0039283605,0.00017152035,6.07321e-06
20035,2025-02-04,1,D0,1,D0,1,D0,True,0.008760339,0.7009782,0.2856481,0.004436218,0.0001715065,5.571525e-06
20035,2025-02-11,1,D0,1,D0,1,D0,True,0.0050188084,0.6644664,0.32258654,0.007671871,0.00025022135,6.206648e-06
20035,2025-02-18,1,D0,1,D0,1,D0,True,0.005202736,0.6598807,0.32626876,0.008361094,0.00027964122,6.9866555e-06
20035,2025-02-25,1,D0,1,D0,1,D0,True,0.005431841,0.6442753,0.33921602,0.010640228,0.00042729167,9.354453e-06
20035,2025-03-04,1,D0,2,D1,1,D0,True,0.001318442,0.47503817,0.48027188,0.041652158,0.0016981789,2.125267e-05
20035,2025-03-11,1,D0,2,D1,2,D1,False,0.00064625056,0.35675395,0.5493573,0.08921698,0.003964882,6.070146e-05
20035,2025-03-18,2,D1,2,D1,2,D1,True,0.00037207542,0.2779196,0.5754842,0.13937807,0.0067224577,0.00012360558
20035,2025-03-25,2,D1,2,D1,2,D1,True,6.665129e-05,0.14592107,0.59951085,0.24195035,0.01234445,0.00020658755
20035,2025-04-01,2,D1,2,D1,2,D1,True,7.657085e-05,0.12730737,0.580886,0.27390215,0.017413257,0.0004146117
20035,2025-04-08,2,D1,2,D1,2,D1,True,0.000120545905,0.12313897,0.5500845,0.30152363,0.024192384,0.000939973
20035,2025-04-15,2,D1,2,D1,2,D1,True,0.00015148947,0.10612393,0.52391326,0.33343482,0.034389965,0.0019864729
20035,2025-04-22,1,D0,2,D1,2,D1,False,0.00057472376,0.1421135,0.49468493,0.30802315,0.0488071,0.005796498
20035,2025-04-29,1,D0,1,D0,1,D0,True,0.15471512,0.6575899,0.15329511,0.022386676,0.010341198,0.0016720102
20035,2025-05-06,1,D0,1,D0,1,D0,True,0.21565302,0.67960525,0.09577573,0.0061335173,0.0022690273,0.0005634492
20035,2025-05-13,0,None,1,D0,1,D0,False,0.2059791,0.6830282,0.10432255,0.004743061,0.0015105212,0.0004165855
20035,2025-05-20,0,None,0,None,0,None,True,0.6125386,0.38506034,0.002330247,3.75662e-05,2.4528745e-05,8.7310245e-06
20035,2025-05-27,0,None,0,None,0,None,True,0.67034936,0.32864496,0.0009623833,1.888268e-05,1.6932652e-05,7.474362e-06
20035,2025-06-03,0,None,0,None,0,None,True,0.7841538,0.21555121,0.00027424408,7.4010345e-06,9.379772e-06,3.955124e-06
20035,2025-06-10,0,None,0,None,0,None,True,0.78239185,0.21734379,0.00024356642,7.061936e-06,9.71057e-06,4.051958e-06
20035,2025-06-17,0,None,0,None,0,None,True,0.8053646,0.19440149,0.00021357757,7.0101287e-06,9.296191e-06,3.8971466e-06
20035,2025-06-24,0,None,0,None,0,None,True,0.7994113,0.20026703,0.000299203,8.231023e-06,9.835256e-06,4.360961e-06
20035,2025-07-01,0,None,0,None,0,None,True,0.7995387,0.20004945,0.00038675516,9.937032e-06,1.0201157e-05,4.914977e-06
20035,2025-07-08,0,None,0,None,0,None,True,0.7725203,0.22676386,0.0006833662,1.4432185e-05,1.210254e-05,5.8938986e-06
20035,2025-07-15,0,None,0,None,0,None,True,0.7695602,0.22959787,0.000811889,1.4157393e-05,1.0344601e-05,5.5223004e-06
20035,2025-07-22,0,None,0,None,0,None,True,0.79466224,0.20467244,0.00063841324,1.1787821e-05,8.8847455e-06,6.255254e-06
20035,2025-07-29,0,None,0,None,0,None,True,0.81187725,0.18755917,0.0005328736,1.1458604e-05,9.525499e-06,9.800596e-06
20035,2025-08-05,0,None,0,None,0,None,True,0.79519194,0.2042329,0.00053583167,1.2590308e-05,1.1867011e-05,1.4858498e-05
20035,2025-08-12,0,None,0,None,0,None,True,0.7816153,0.21779525,0.0005337389,1.4286957e-05,1.4796727e-05,2.662857e-05
20035,2025-08-19,0,None,0,None,0,None,True,0.7454732,0.25386414,0.0005796575,1.7777094e-05,1.9868525e-05,4.5310368e-05
20035,2025-08-26,0,None,0,None,0,None,True,0.71199524,0.28727427,0.00061583385,2.1020822e-05,2.444535e-05,6.920322e-05
20035,2025-09-02,0,None,0,None,0,None,True,0.74771667,0.25172886,0.00044548628,1.7748143e-05,2.0930838e-05,7.029012e-05
20035,2025-09-09,0,None,0,None,0,None,True,0.7329235,0.26651156,0.0004493877,1.8344013e-05,2.2152568e-05,7.502891e-05
20035,2025-09-16,0,None,0,None,0,None,True,0.7221485,0.27724352,0.0004779002,1.9444942e-05,2.326829e-05,8.74309e-05
20035,2025-09-23,0,None,0,None,0,None,True,0.74504745,0.25452596,0.0003509158,1.2579413e-05,1.4218867e-05,4.8876216e-05
20035,2025-09-30,0,None,0,None,0,None,True,0.7429247,0.25668693,0.0003373267,1.0196395e-05,1.0051898e-05,3.0765677e-05
20035,2025-10-07,0,None,0,None,0,None,True,0.7196161,0.27997932,0.0003746898,8.001653e-06,6.6414395e-06,1.5255418e-05
20035,2025-10-14,0,None,0,None,0,None,True,0.68626374,0.31326362,0.0004558685,6.251389e-06,4.1949233e-06,6.309565e-06
20035,2025-10-21,0,None,0,None,0,None,True,0.6723003,0.32719585,0.0004952853,3.9771908e-06,2.6336456e-06,1.984862e-06
20035,2025-10-28,0,None,0,None,0,None,True,0.5653463,0.429598,0.0049974346,3.4308105e-05,1.5381625e-05,8.661783e-06
20035,2025-11-04,0,None,0,None,0,None,True,0.66691566,0.33258587,0.0004933007,2.4392966e-06,1.8771301e-06,7.541987e-07
20035,2025-11-11,0,None,0,None,0,None,True,0.6507354,0.34867945,0.00057817047,3.2789173e-06,2.9379635e-06,7.407402e-07
20035,2025-11-18,0,None,0,None,0,None,True,0.6716611,0.32801178,0.00032268642,2.0394068e-06,1.9955849e-06,4.757288e-07
20035,2025-11-25,0,None,0,None,0,None,True,0.67702216,0.32270086,0.00027277888,1.8331812e-06,1.9044063e-06,3.8494957e-07
20035,2025-12-02,0,None,0,None,0,None,True,0.68664825,0.3131111,0.00023683463,1.6896402e-06,1.7775192e-06,3.0360445e-07
20035,2025-12-09,0,None,0,None,0,None,True,0.6686012,0.33098698,0.0004059986,2.7820545e-06,2.5936004e-06,3.5262548e-07
20035,2025-12-16,0,None,0,None,0,None,True,0.617508,0.3810591,0.0014139306,1.0402296e-05,7.604707e-06,9.537944e-07
20035,2025-12-23,0,None,0,None,1,D0,False,0.515682,0.4783429,0.0059150415,4.0294974e-05,1.796541e-05,1.7860103e-06
20035,2025-12-30,1,D0,1,D0,1,D0,True,0.44422185,0.5451575,0.010552354,5.141609e-05,1.5424604e-05,1.3417122e-06
20037,2022-01-04,0,None,0,None,0,None,True,0.617311,0.38003507,0.0026279134,1.1990835e-05,4.3082405e-06,9.718748e-06
20037,2022-01-11,0,None,0,None,0,None,True,0.61231196,0.38501605,0.0026471554,1.1607316e-05,4.234358e-06,8.923026e-06
20037,2022-01-18,0,None,0,None,0,None,True,0.6099548,0.38741997,0.0026025218,1.0872263e-05,3.8565836e-06,8.034508e-06
20037,2022-01-25,1,D0,0,None,1,D0,True,0.5050498,0.48835608,0.0065528057,2.1254722e-05,6.6135744e-06,1.3389136e-05
20037,2022-02-01,2,D1,1,D0,1,D0,False,0.016696826,0.66392547,0.31564003,0.003288483,0.0002145947,0.00023451846
20037,2022-02-08,1,D0,2,D1,2,D1,False,0.0010130388,0.37155503,0.580826,0.045352682,0.0010501302,0.00020320821
20037,2022-02-15,1,D0,1,D0,1,D0,True,0.0023617232,0.50654143,0.4701172,0.020132441,0.00069205405,0.0001551793
20037,2022-02-22,1,D0,1,D0,1,D0,True,0.004195158,0.5832368,0.40007332,0.011894385,0.0004869309,0.000113388516
20037,2022-03-01,1,D0,1,D0,1,D0,True,0.0063895755,0.61841154,0.36484617,0.009758831,0.00048289055,0.00011104412
20037,2022-03-08,1,D0,1,D0,1,D0,True,0.007962236,0.6264317,0.35681757,0.008237504,0.0004387522,0.000112224414
20037,2022-03-15,1,D0,1,D0,1,D0,True,0.063172236,0.7734049,0.1621977,0.0010694005,9.734356e-05,5.8316557e-05
20037,2022-03-22,0,None,1,D0,1,D0,False,0.22717002,0.732793,0.039767854,0.00021950508,2.9235853e-05,2.040707e-05
20037,2022-03-29,0,None,0,None,0,None,True,0.629542,0.36902428,0.0014243455,5.993812e-06,1.7978762e-06,1.6544719e-06
20037,2022-04-05,0,None,0,None,0,None,True,0.6508585,0.34772456,0.0014054968,7.1933587e-06,2.2542315e-06,2.0390978e-06
20037,2022-04-12,0,None,0,None,0,None,True,0.6443683,0.35372335,0.0018920108,1.0733654e-05,3.4133072e-06,2.24186e-06
20037,2022-04-19,1,D0,0,None,0,None,False,0.59453744,0.4015766,0.0038498861,2.4713296e-05,8.072266e-06,3.3193e-06
20037,2022-04-26,1,D0,1,D0,1,D0,True,0.046383508,0.6493616,0.2941652,0.009137523,0.0007954448,0.00015665105
20037,2022-05-03,1,D0,1,D0,1,D0,True,0.036205407,0.68401754,0.27145344,0.0075998283,0.0006250038,9.886365e-05
20037,2022-05-10,0,None,1,D0,1,D0,False,0.058282778,0.70893955,0.22586207,0.0062257014,0.00056859263,0.00012137637
20037,2022-05-17,0,None,0,None,0,None,True,0.61423606,0.38277394,0.0029620396,2.0451631e-05,5.433228e-06,2.0877042e-06
20037,2022-05-24,0,None,0,None,0,None,True,0.6985495,0.30011633,0.0013150979,1.2517697e-05,4.6231326e-06,1.9324705e-06
20037,2022-05-31,0,None,0,None,0,None,True,0.725904,0.27307558,0.0009991955,1.3254419e-05,5.444326e-06,2.5061781e-06
20037,2022-06-07,0,None,0,None,0,None,True,0.7302395,0.2686564,0.0010796594,1.49315965e-05,6.6876687e-06,2.7697142e-06
20037,2022-06-14,0,None,0,None,0,None,True,0.7241536,0.27451062,0.0013034565,1.9546056e-05,8.890517e-06,3.8895687e-06
20037,2022-06-21,0,None,0,None,0,None,True,0.7174981,0.28087905,0.001586949,2.1928037e-05,9.773269e-06,4.1597086e-06
20037,2022-06-28,0,None,0,None,0,None,True,0.7206149,0.27752164,0.0018206086,2.7428407e-05,1.0100398e-05,5.2332857e-06
20037,2022-07-05,0,None,0,None,0,None,True,0.6075969,0.37884808,0.013236809,0.0002210091,6.8816786e-05,2.8410273e-05
20037,2022-07-12,1,D0,1,D0,1,D0,True,0.42872152,0.5190431,0.051116016,0.0008584174,0.0001853572,7.568658e-05
20037,2022-07-19,2,D1,2,D1,1,D0,False,0.008004544,0.4251911,0.5157849,0.047993757,0.0027993612,0.00022632373
20037,2022-07-26,3,D2,2,D1,2,D1,False,0.0002458548,0.15023454,0.5941353,0.24264586,0.012454959,0.00028347338
20037,2022-08-02,3,D2,2,D1,2,D1,False,0.0002628351,0.09560865,0.5639677,0.31190866,0.027217314,0.0010348794
20037,2022-08-09,3,D2,2,D1,2,D1,False,0.00015411187,0.051336035,0.5463978,0.36240202,0.037838228,0.0018718424
20037,2022-08-16,3,D2,2,D1,2,D1,False,0.00012123125,0.034685217,0.5125961,0.3953908,0.054116152,0.0030905025
20037,2022-08-23,3,D2,2,D1,2,D1,False,0.00018387435,0.036388688,0.49113002,0.39933032,0.06769629,0.00527077
20037,2022-08-30,4,D3,2,D1,2,D1,False,0.00015344443,0.023474675,0.44936,0.4286012,0.09018553,0.008225156
20037,2022-09-06,4,D3,3,D2,3,D2,False,0.00010840281,0.010981165,0.33120343,0.4997916,0.1400538,0.017861681
20037,2022-09-13,4,D3,3,D2,3,D2,False,0.00012293956,0.0042344797,0.16314314,0.5457289,0.23762505,0.04914551
20037,2022-09-20,4,D3,3,D2,3,D2,False,0.0001762291,0.0036751756,0.11319901,0.5382153,0.26031962,0.08441472
20037,2022-09-27,5,D4,3,D2,3,D2,False,0.00010987071,0.0015946272,0.061788548,0.53918433,0.28104427,0.116278365
20037,2022-10-04,5,D4,3,D2,3,D2,False,6.5804685e-05,0.00070843997,0.036430094,0.52242696,0.2983276,0.1420411
20037,2022-10-11,5,D4,3,D2,3,D2,False,5.3677784e-05,0.00046993574,0.028888144,0.4887852,0.32708156,0.15472142
20037,2022-10-18,5,D4,3,D2,4,D3,False,4.994048e-05,0.00037896546,0.024765877,0.44084516,0.37917715,0.1547829
20037,2022-10-25,4,D3,4,D3,4,D3,True,3.882685e-05,0.00028956856,0.019766688,0.4061155,0.4216641,0.15212533
20037,2022-11-01,4,D3,4,D3,4,D3,True,4.2019663e-05,0.00035523897,0.022053305,0.38238543,0.45419276,0.14097129
20037,2022-11-08,4,D3,4,D3,4,D3,True,6.259335e-05,0.00062752445,0.029525816,0.3757678,0.4706761,0.12334018
20037,2022-11-15,4,D3,4,D3,4,D3,True,5.922158e-05,0.0006934261,0.034333847,0.3757557,0.48307094,0.10608691
20037,2022-11-22,4,D3,4,D3,4,D3,True,5.3777523e-05,0.00078317244,0.03978566,0.3849129,0.49547523,0.07898922
20037,2022-11-29,4,D3,4,D3,4,D3,True,7.006441e-05,0.0011670366,0.055182558,0.39729348,0.4884889,0.057797994
20037,2022-12-06,4,D3,4,D3,4,D3,True,8.003541e-05,0.0013968352,0.06238659,0.40887696,0.47718734,0.050072245
20037,2022-12-13,3,D2,4,D3,4,D3,False,9.807175e-05,0.001796265,0.07044223,0.4323464,0.44507283,0.050244305
20037,2022-12-20,3,D2,3,D2,4,D3,False,0.0001272346,0.0023592017,0.08356795,0.43614694,0.4322963,0.0455023
20037,2022-12-27,3,D2,3,D2,4,D3,False,0.00019018102,0.0028001908,0.090262145,0.4357485,0.41985077,0.05114823
20037,2023-01-03,3,D2,3,D2,4,D3,False,0.00048197017,0.0054378505,0.11598957,0.45615944,0.36560506,0.056326047
20037,2023-01-10,3,D2,3,D2,4,D3,False,0.00049396016,0.0047474317,0.10837021,0.47029686,0.35793412,0.058157515
20037,2023-01-17,3,D2,3,D2,4,D3,False,0.0007021844,0.0055221682,0.10686623,0.4558764,0.3667405,0.064292535
20037,2023-01-24,3,D2,3,D2,4,D3,False,0.0011736586,0.009186355,0.12982449,0.43380317,0.37086245,0.05514983
20037,2023-01-31,3,D2,3,D2,4,D3,False,0.00078544806,0.0061283247,0.118226156,0.44473955,0.38617563,0.043944888
20037,2023-02-07,3,D2,3,D2,4,D3,False,0.0004548276,0.004113889,0.10342069,0.44350103,0.38129383,0.06721577
20037,2023-02-14,3,D2,3,D2,4,D3,False,0.00046934927,0.0044121174,0.10831461,0.43549463,0.3797478,0.07156155
20037,2023-02-21,3,D2,3,D2,4,D3,False,0.00049274816,0.004329024,0.10525145,0.4350398,0.37156755,0.08331935
20037,2023-02-28,3,D2,3,D2,4,D3,False,0.00035640565,0.0026508097,0.08124112,0.43514362,0.37100703,0.109601095
20037,2023-03-07,3,D2,3,D2,4,D3,False,0.00026673992,0.0016783725,0.061863765,0.41494825,0.34474474,0.17649814
20037,2023-03-14,3,D2,3,D2,4,D3,False,0.00021134845,0.0014152721,0.06055244,0.41031522,0.3364888,0.19101694
20037,2023-03-21,3,D2,3,D2,4,D3,False,0.0001833556,0.001155392,0.052166067,0.39921662,0.31510636,0.23217219
20037,2023-03-28,3,D2,3,D2,4,D3,False,0.00011675959,0.0005979124,0.03880701,0.40259638,0.3174891,0.24039277
20037,2023-04-04,3,D2,3,D2,4,D3,False,7.152149e-05,0.00032647964,0.02810859,0.40223363,0.30168322,0.2675766
20037,2023-04-11,3,D2,3,D2,4,D3,False,5.319656e-05,0.00019250899,0.019818196,0.39546475,0.29993594,0.28453538
20037,2023-04-18,3,D2,3,D2,4,D3,False,4.8148217e-05,0.00015860442,0.015366321,0.39032173,0.3007582,0.293347
20037,2023-04-25,3,D2,3,D2,3,D2,True,4.120929e-05,0.00011917904,0.010997495,0.36750624,0.26228297,0.3590529
20037,2023-05-02,4,D3,5,D4,3,D2,False,4.835009e-05,0.00012955425,0.010769137,0.36086398,0.2447243,0.3834647
20037,2023-05-09,3,D2,5,D4,5,D4,False,7.6932025e-05,0.00026712831,0.014290532,0.3598901,0.22158933,0.40388596
20037,2023-05-16,3,D2,5,D4,3,D2,True,0.00037721542,0.0017907037,0.031896062,0.36143953,0.22222081,0.38227558
20037,2023-05-23,3,D2,3,D2,3,D2,True,0.0006189626,0.0043827323,0.057931073,0.37363556,0.24633051,0.31710112
20037,2023-05-30,3,D2,3,D2,4,D3,False,0.0009734086,0.010340059,0.09858456,0.36243305,0.2775126,0.25015628
20037,2023-06-06,3,D2,3,D2,4,D3,False,0.004223254,0.06196114,0.20323461,0.28808856,0.27079618,0.17169619
20037,2023-06-13,3,D2,3,D2,4,D3,False,0.0020424176,0.062717564,0.2511306,0.310684,0.26412436,0.10930111
20037,2023-06-20,3,D2,3,D2,4,D3,False,0.00091786246,0.052648235,0.28246495,0.33385894,0.25846195,0.07164799
20037,2023-06-27,3,D2,3,D2,4,D3,False,0.00061811315,0.05120038,0.29757777,0.34473383,0.25185075,0.054019064
20037,2023-07-04,3,D2,3,D2,2,D1,False,0.00064425135,0.056121476,0.30724898,0.34849665,0.23722063,0.05026798
20037,2023-07-11,3,D2,3,D2,2,D1,False,0.0011638084,0.078601375,0.31268653,0.33983958,0.21207733,0.05563136
20037,2023-07-18,3,D2,3,D2,2,D1,False,0.0013163785,0.07425461,0.28887436,0.3188743,0.23471591,0.08196436
20037,2023-07-25,3,D2,4,D3,4,D3,False,0.00096401706,0.044176854,0.21701005,0.2413594,0.29446,0.20202976
20037,2023-08-01,3,D2,4,D3,4,D3,False,0.00087192294,0.035669867,0.19220005,0.21563873,0.27927026,0.27634916
20037,2023-08-08,3,D2,5,D4,4,D3,False,0.001226635,0.038416866,0.16962186,0.19182952,0.26328492,0.33562028
20037,2023-08-15,2,D1,5,D4,4,D3,False,0.0012650492,0.031082654,0.14997092,0.1758403,0.26833928,0.37350184
20037,2023-08-22,2,D1,5,D4,5,D4,False,0.0010411903,0.022142733,0.12906799,0.1637939,0.27334163,0.4106125
20037,2023-08-29,2,D1,5,D4,5,D4,False,0.0006106208,0.012191156,0.104481086,0.1519705,0.2862688,0.4444779
20037,2023-09-05,2,D1,5,D4,5,D4,False,0.0004881032,0.00811839,0.0703,0.12766047,0.29686138,0.49657172
20037,2023-09-12,2,D1,5,D4,5,D4,False,0.00029113848,0.0033707065,0.03297589,0.09241807,0.31284788,0.55809635
20037,2023-09-19,2,D1,5,D4,5,D4,False,0.00018962781,0.0014129857,0.013242443,0.0627446,0.30599162,0.61641866
20037,2023-09-26,1,D0,5,D4,5,D4,False,9.2963266e-05,0.0005732522,0.0071005933,0.055719458,0.32427278,0.612241
20037,2023-10-03,1,D0,5,D4,5,D4,False,0.001769318,0.008741617,0.007565207,0.042916242,0.2568738,0.6821338
20037,2023-10-10,1,D0,5,D4,5,D4,False,0.0072165574,0.03370503,0.016068587,0.055288956,0.25953972,0.62818116
20037,2023-10-17,1,D0,5,D4,5,D4,False,0.028320415,0.12758482,0.046489995,0.075141706,0.24059704,0.48186597
20037,2023-10-24,1,D0,5,D4,5,D4,False,0.020656737,0.10825399,0.0666326,0.10488585,0.24825019,0.45132068
20037,2023-10-31,1,D0,1,D0,1,D0,True,0.0762317,0.32444137,0.10597038,0.08170363,0.16874294,0.24291
20037,2023-11-07,1,D0,1,D0,1,D0,True,0.28525835,0.6306597,0.049019136,0.008373612,0.010461367,0.01622778
20037,2023-11-14,1,D0,1,D0,1,D0,True,0.28957385,0.63835335,0.056127995,0.0056477725,0.0044834465,0.005813603
20037,2023-11-21,1,D0,1,D0,1,D0,True,0.31015,0.6393772,0.04622648,0.002164944,0.0009402006,0.0011411784
20037,2023-11-28,1,D0,1,D0,1,D0,True,0.25616407,0.68239087,0.058279272,0.0020936052,0.00058480276,0.00048728086
20037,2023-12-05,1,D0,1,D0,1,D0,True,0.16786213,0.73842967,0.08967069,0.0030881919,0.0006158153,0.000333556
20037,2023-12-12,1,D0,1,D0,1,D0,True,0.15577543,0.7551101,0.08634418,0.0022887655,0.0003250109,0.00015658049
20037,2023-12-19,1,D0,1,D0,1,D0,True,0.2240553,0.7263597,0.048465926,0.00093851076,0.000108449196,7.207922e-05
20037,2023-12-26,0,None,1,D0,1,D0,False,0.3154413,0.66188955,0.02226688,0.00033456972,3.72157e-05,3.0431516e-05
20037,2024-01-02,0,None,0,None,0,None,True,0.64149684,0.358234,0.00026546937,2.2131815e-06,6.772616e-07,7.757175e-07
20037,2024-01-09,0,None,0,None,0,None,True,0.73925453,0.26063022,0.000113022856,1.2003677e-06,4.8172285e-07,5.201816e-07
20037,2024-01-16,0,None,0,None,0,None,True,0.76906645,0.23083393,9.7698685e-05,1.0590085e-06,4.253336e-07,3.9274556e-07
20037,2024-01-23,0,None,0,None,0,None,True,0.7569485,0.24292527,0.00012445918,1.1064151e-06,4.152068e-07,3.1979184e-07
20037,2024-01-30,0,None,0,None,0,None,True,0.77238476,0.2274884,0.0001252065,1.0572874e-06,3.8923517e-07,2.4500204e-07
20037,2024-02-06,0,None,0,None,0,None,True,0.7670213,0.23283124,0.00014572422,1.075636e-06,4.1547716e-07,1.5917658e-07
20037,2024-02-13,0,None,0,None,0,None,True,0.74459267,0.25512153,0.0002831815,1.8093126e-06,6.53865e-07,1.6546193e-07
20037,2024-02-20,0,None,0,None,0,None,True,0.7044004,0.29488686,0.00070802344,3.425443e-06,1.0885947e-06,2.0252531e-07
20037,2024-02-27,1,D0,0,None,0,None,False,0.68925995,0.30958685,0.0011466326,4.807422e-06,1.4928788e-06,2.3812552e-07
20037,2024-03-05,1,D0,1,D0,1,D0,True,0.017195597,0.68142253,0.2960492,0.005072302,0.0002497625,1.0574403e-05
20037,2024-03-12,1,D0,1,D0,1,D0,True,0.00887081,0.65341306,0.33199954,0.0055124653,0.00019803547,6.1745395e-06
20037,2024-03-19,1,D0,1,D0,1,D0,True,0.008883487,0.65845776,0.32722008,0.005234929,0.00019685492,6.8789964e-06
20037,2024-03-26,1,D0,1,D0,1,D0,True,0.010449168,0.66135323,0.3228408,0.0051448164,0.00020324267,8.774729e-06
20037,2024-04-02,0,None,1,D0,1,D0,False,0.008164978,0.6382696,0.34644395,0.0068459157,0.0002639208,1.1534703e-05
20037,2024-04-09,0,None,1,D0,1,D0,False,0.18611395,0.73650116,0.07691817,0.00042684618,3.273622e-05,7.1486697e-06
20037,2024-04-16,0,None,1,D0,1,D0,False,0.25996116,0.68468404,0.055009704,0.00030568047,3.0124158e-05,9.305048e-06
20037,2024-04-23,1,D0,1,D0,1,D0,True,0.39203548,0.5843523,0.02347772,0.00011254032,1.48931595e-05,6.99762e-06
20037,2024-04-30,0,None,1,D0,1,D0,False,0.3849124,0.573715,0.04096346,0.00034307368,4.1799154e-05,2.4340483e-05
20037,2024-05-07,0,None,0,None,0,None,True,0.7182977,0.28107706,0.0006194493,3.6131764e-06,1.2222861e-06,1.0805561e-06
20037,2024-05-14,0,None,0,None,0,None,True,0.76474786,0.23480675,0.00043936065,3.446549e-06,1.5537258e-06,1.0557837e-06
20037,2024-05-21,0,None,0,None,0,None,True,0.7869986,0.2125562,0.00043774897,4.084221e-06,2.1899968e-06,1.2080983e-06
20037,2024-05-28,0,None,0,None,0,None,True,0.79641294,0.20315899,0.0004194808,4.4921117e-06,2.8563074e-06,1.2638938e-06
20037,2024-06-04,0,None,0,None,0,None,True,0.7832385,0.21620822,0.0005424182,5.507867e-06,3.921155e-06,1.4507804e-06
20037,2024-06-11,0,None,0,None,0,None,True,0.8200793,0.17946091,0.0004481716,5.106442e-06,4.917337e-06,1.5633517e-06
20037,2024-06-18,0,None,0,None,0,None,True,0.81558996,0.1837409,0.0006485595,8.121899e-06,9.58656e-06,2.780429e-06
20037,2024-06-25,0,None,0,None,0,None,True,0.82368475,0.17568545,0.0006084619,7.672355e-06,1.0500406e-05,3.1701088e-06
20037,2024-07-02,0,None,0,None,0,None,True,0.76208436,0.23573568,0.0020948895,3.2359898e-05,3.7937763e-05,1.4744232e-05
20037,2024-07-09,0,None,0,None,0,None,True,0.80538905,0.19367144,0.00090035604,1.2873693e-05,1.7806678e-05,8.430401e-06
20037,2024-07-16,0,None,0,None,0,None,True,0.784141,0.21472393,0.0010803686,1.6670107e-05,2.3255818e-05,1.4696256e-05
20037,2024-07-23,0,None,0,None,0,None,True,0.7385662,0.25965577,0.001687613,2.5883664e-05,3.5063676e-05,2.9449775e-05
20037,2024-07-30,1,D0,0,None,0,None,False,0.6914376,0.3060681,0.002357589,3.6660207e-05,4.9209815e-05,5.0878247e-05
20037,2024-08-06,1,D0,1,D0,1,D0,True,0.050165787,0.5198544,0.39683548,0.024318295,0.006205482,0.0026205892
20037,2024-08-13,2,D1,1,D0,1,D0,False,0.06048199,0.57085955,0.34650755,0.015709555,0.004352668,0.0020887179
20037,2024-08-20,2,D1,2,D1,2,D1,True,0.0011403391,0.1944281,0.5622761,0.20552482,0.034283973,0.0023466172
20037,2024-08-27,2,D1,2,D1,2,D1,True,0.000371473,0.074546434,0.5392331,0.31848475,0.06321,0.004154217
20037,2024-09-03,2,D1,2,D1,2,D1,True,0.00032771655,0.03484073,0.43012854,0.3922813,0.1285547,0.013866963
20037,2024-09-10,2,D1,3,D2,3,D2,False,0.00021030907,0.013082598,0.29160112,0.44162163,0.21554261,0.0379417
20037,2024-09-17,2,D1,3,D2,4,D3,False,0.00014564971,0.004148377,0.16368142,0.38714135,0.3333385,0.11154471
20037,2024-09-24,2,D1,4,D3,4,D3,False,0.00016741197,0.0025393525,0.07809303,0.27349845,0.38166162,0.26404014
20037,2024-10-01,2,D1,5,D4,4,D3,False,8.2297025e-05,0.0007110131,0.025916785,0.18422832,0.37456828,0.4144933
20037,2024-10-08,3,D2,5,D4,5,D4,False,3.729499e-05,0.00018223641,0.008932387,0.13969491,0.32324305,0.5279101
20037,2024-10-15,3,D2,5,D4,5,D4,False,3.1462198e-05,0.0001371756,0.00693192,0.15467921,0.29726493,0.54095525
20037,2024-10-22,3,D2,5,D4,5,D4,False,2.1990396e-05,8.353321e-05,0.0049572308,0.16625722,0.28199655,0.5466834
20037,2024-10-29,3,D2,5,D4,5,D4,False,3.12038e-05,0.00011704846,0.0049549057,0.18071234,0.29394576,0.52023876
20037,2024-11-05,2,D1,5,D4,4,D3,False,0.0005872875,0.0027805462,0.022556752,0.23755933,0.34152007,0.394996
20037,2024-11-12,2,D1,4,D3,4,D3,False,0.009814673,0.055494998,0.15779063,0.22852951,0.4055861,0.1427841
20037,2024-11-19,1,D0,4,D3,4,D3,False,0.008436719,0.094729416,0.26112297,0.22789808,0.34715185,0.060660962
20037,2024-11-26,1,D0,1,D0,1,D0,True,0.42467228,0.4743916,0.06258411,0.011515465,0.02395821,0.0028783788
20037,2024-12-03,1,D0,1,D0,1,D0,True,0.4295445,0.53456926,0.031680517,0.0018324236,0.0020787113,0.00029467497
20037,2024-12-10,1,D0,1,D0,1,D0,True,0.34630924,0.6138707,0.037566714,0.0011976571,0.00093568396,0.00012007156
20037,2024-12-17,1,D0,1,D0,1,D0,True,0.18005243,0.7277187,0.08918145,0.0020432016,0.0009382455,6.5972585e-05
20037,2024-12-24,1,D0,1,D0,1,D0,True,0.16051616,0.75312334,0.08472995,0.0011790788,0.00042092617,3.0487376e-05
20037,2024-12-31,1,D0,1,D0,1,D0,True,0.12894738,0.7878662,0.08215367,0.0008034923,0.00020902998,2.0303776e-05
20037,2025-01-07,1,D0,1,D0,1,D0,True,0.028184347,0.75188446,0.21536689,0.003935224,0.0005901155,3.8998092e-05
20037,2025-01-14,1,D0,1,D0,1,D0,True,0.008286002,0.68932414,0.294517,0.0072174827,0.00063475716,2.0598216e-05
20037,2025-01-21,1,D0,1,D0,1,D0,True,0.0053703557,0.6557597,0.32768446,0.010504865,0.00066644413,1.4183256e-05
20037,2025-01-28,2,D1,1,D0,1,D0,False,0.0032550006,0.6090994,0.3717577,0.015247661,0.00063078705,9.52371e-06
20037,2025-02-04,2,D1,2,D1,1,D0,False,0.000854568,0.4662149,0.4874002,0.04381009,0.0017077387,1.2441397e-05
20037,2025-02-11,2,D1,2,D1,2,D1,True,0.00032119677,0.355443,0.5643503,0.07684137,0.0030298491,1.4240785e-05
20037,2025-02-18,2,D1,2,D1,2,D1,True,0.0002881162,0.32330388,0.58096015,0.09153787,0.003890481,1.9477047e-05
20037,2025-02-25,2,D1,2,D1,2,D1,True,0.00025010778,0.2861787,0.59659857,0.11102547,0.0059238696,2.3280663e-05
20037,2025-03-04,2,D1,2,D1,2,D1,True,3.3091448e-05,0.13301247,0.6372149,0.21849066,0.011210003,3.8796377e-05
20037,2025-03-11,1,D0,2,D1,2,D1,False,2.6945645e-05,0.09077712,0.61323535,0.27628163,0.019574419,0.00010452057
20037,2025-03-18,1,D0,2,D1,2,D1,False,0.0027121736,0.3593642,0.51222026,0.1100489,0.015268515,0.0003858917
20037,2025-03-25,1,D0,1,D0,1,D0,True,0.018758029,0.5969306,0.3516995,0.028995208,0.0034360485,0.00018059622
20037,2025-04-01,1,D0,1,D0,1,D0,True,0.04102697,0.66788536,0.27795652,0.011726655,0.0012784007,0.00012608219
20037,2025-04-08,0,None,1,D0,1,D0,False,0.05801958,0.6749183,0.25735453,0.00860604,0.00095179415,0.00014978056
20037,2025-04-15,0,None,0,None,0,None,True,0.55706847,0.43815216,0.004722956,4.0237555e-05,1.3897243e-05,2.2788365e-06
20037,2025-04-22,0,None,0,None,0,None,True,0.67101485,0.32764447,0.0013231777,1.1093522e-05,4.941634e-06,1.4134381e-06
20037,2025-04-29,0,None,0,None,0,None,True,0.70278925,0.29622918,0.0009591476,1.3585707e-05,6.109931e-06,2.6044809e-06
20037,2025-05-06,0,None,0,None,0,None,True,0.69120634,0.30751848,0.0012427204,1.9441428e-05,9.363849e-06,3.5855533e-06
20037,2025-05-13,0,None,0,None,0,None,True,0.68483096,0.31349346,0.0016279902,2.8328755e-05,1.3847554e-05,5.3342796e-06
20037,2025-05-20,0,None,0,None,0,None,True,0.7018289,0.29698703,0.0011443085,2.2803588e-05,1.1755342e-05,5.195213e-06
20037,2025-05-27,0,None,0,None,0,None,True,0.7018623,0.29694465,0.0011483763,2.5377907e-05,1.3021659e-05,6.297217e-06
20037,2025-06-03,0,None,0,None,0,None,True,0.71696055,0.28201818,0.0009769963,2.4419907e-05,1.3101374e-05,6.816898e-06
20037,2025-06-10,0,None,0,None,0,None,True,0.7321323,0.26689115,0.0009288643,2.4898309e-05,1.4826725e-05,7.945382e-06
20037,2025-06-17,0,None,0,None,0,None,True,0.761727,0.23751834,0.00070966536,2.1854874e-05,1.526166e-05,7.9760075e-06
20037,2025-06-24,0,None,0,None,0,None,True,0.7489664,0.2503726,0.00062230113,1.6920983e-05,1.4994549e-05,6.7935384e-06
20037,2025-07-01,0,None,0,None,0,None,True,0.7450958,0.25424793,0.00061863184,1.6261454e-05,1.4559974e-05,6.820238e-06
20037,2025-07-08,0,None,0,None,0,None,True,0.70383775,0.29530916,0.0008127719,1.8555776e-05,1.4713169e-05,7.0875176e-06
20037,2025-07-15,0,None,0,None,0,None,True,0.6978255,0.30127004,0.0008620681,1.9631554e-05,1.4298765e-05,8.436809e-06
20037,2025-07-22,0,None,0,None,0,None,True,0.71856236,0.28065205,0.00074595195,1.7273938e-05,1.3098976e-05,9.1976835e-06
20037,2025-07-29,0,None,0,None,0,None,True,0.75139236,0.24791683,0.00065351016,1.4845289e-05,1.1193486e-05,1.12923e-05
20037,2025-08-05,0,None,0,None,0,None,True,0.74791545,0.25142768,0.0006135663,1.4733636e-05,1.2595796e-05,1.5952704e-05
20037,2025-08-12,0,None,0,None,0,None,True,0.7566954,0.24269818,0.00053221156,1.6056414e-05,1.7177068e-05,4.103184e-05
20037,2025-08-19,0,None,0,None,0,None,True,0.72892725,0.27044284,0.0005195816,1.9168743e-05,2.3761138e-05,6.743339e-05
20037,2025-08-26,0,None,0,None,0,None,True,0.71463054,0.28473002,0.00051036605,1.9857576e-05,2.5950438e-05,8.321923e-05
20037,2025-09-02,0,None,0,None,0,None,True,0.75107247,0.24847993,0.00034334842,1.4494684e-05,1.9359975e-05,7.046487e-05
20037,2025-09-09,0,None,0,None,0,None,True,0.740419,0.25914484,0.00033217022,1.3593648e-05,1.8849743e-05,7.156136e-05
20037,2025-09-16,1,D0,0,None,0,None,False,0.7339063,0.26562843,0.00035418873,1.4090811e-05,1.8849636e-05,7.817638e-05
20037,2025-09-23,1,D0,1,D0,1,D0,True,0.36775255,0.57734627,0.044658985,0.0025625753,0.0014363962,0.0062432503
20037,2025-09-30,1,D0,1,D0,1,D0,True,0.09699233,0.52636915,0.2714352,0.05992338,0.017506968,0.027773058
20037,2025-10-07,2,D1,1,D0,1,D0,False,0.03157604,0.43590385,0.3831869,0.1234711,0.017571164,0.008290939
20037,2025-10-14,2,D1,2,D1,2,D1,True,0.006249606,0.30422243,0.46694303,0.20113516,0.01943461,0.0020151497
20037,2025-10-21,2,D1,2,D1,2,D1,True,0.00047589853,0.13832445,0.4962958,0.3339876,0.030224627,0.00069153047
20037,2025-10-28,2,D1,2,D1,2,D1,True,0.00027806385,0.086968526,0.493829,0.372897,0.045144085,0.0008832849
20037,2025-11-04,2,D1,2,D1,2,D1,True,0.00014074726,0.052921746,0.4732954,0.40646416,0.06605562,0.0011223742
20037,2025-11-11,2,D1,2,D1,2,D1,True,6.79771e-05,0.036411088,0.44265532,0.43541738,0.08420284,0.0012453927
20037,2025-11-18,2,D1,2,D1,2,D1,True,9.850633e-05,0.054988295,0.4668116,0.37629256,0.10058539,0.0012236432
20037,2025-11-25,1,D0,2,D1,2,D1,False,0.00025857642,0.09672695,0.47823647,0.33067316,0.09301817,0.0010867869
20037,2025-12-02,1,D0,1,D0,1,D0,True,0.121115245,0.7393744,0.12256567,0.011672368,0.00512166,0.0001507452
20037,2025-12-09,1,D0,1,D0,1,D0,True,0.14165066,0.77097994,0.08421538,0.0025378566,0.00059267774,2.3454611e-05
20037,2025-12-16,2,D1,1,D0,1,D0,False,0.16484535,0.7751679,0.05888813,0.0009192296,0.0001697149,9.684096e-06
20037,2025-12-23,2,D1,2,D1,2,D1,True,0.00023007032,0.2386834,0.5987714,0.15586556,0.0064271516,2.2305037e-05
20037,2025-12-30,2,D1,2,D1,2,D1,True,3.485167e-05,0.12580231,0.62496847,0.24323605,0.0059429235,1.5426373e-05
20039,2022-01-04,2,D1,3,D2,3,D2,False,9.523523e-05,0.008616345,0.22442035,0.5323192,0.22951758,0.0050313193
20039,2022-01-11,2,D1,3,D2,3,D2,False,0.00013291801,0.0070866817,0.19360639,0.5161201,0.27674204,0.006311871
20039,2022-01-18,2,D1,3,D2,3,D2,False,0.00017120458,0.0054955552,0.1619999,0.50152934,0.3228344,0.00796952
20039,2022-01-25,2,D1,3,D2,4,D3,False,0.00017407723,0.0038374278,0.13319965,0.48893854,0.3629966,0.010853716
20039,2022-02-01,2,D1,3,D2,4,D3,False,0.00015217433,0.0024439527,0.106959686,0.48733485,0.38921282,0.01389656
20039,2022-02-08,3,D2,3,D2,4,D3,False,0.0001425877,0.0016401706,0.08515404,0.47813496,0.4158039,0.019124432
20039,2022-02-15,3,D2,3,D2,4,D3,False,6.644326e-05,0.0007105826,0.064147,0.47941938,0.4324055,0.023251181
20039,2022-02-22,3,D2,3,D2,4,D3,False,5.715203e-05,0.00043331733,0.045045435,0.46102205,0.4546396,0.038802303
20039,2022-03-01,3,D2,4,D3,4,D3,False,5.5774963e-05,0.00028797035,0.030342782,0.42767587,0.47060493,0.07103267
20039,2022-03-08,3,D2,4,D3,4,D3,False,6.7954046e-05,0.0002499941,0.023859315,0.3877582,0.46206093,0.12600362
20039,2022-03-15,3,D2,4,D3,4,D3,False,9.680208e-05,0.00039123162,0.027977182,0.38629982,0.4355463,0.14968872
20039,2022-03-22,3,D2,3,D2,4,D3,False,0.0001676764,0.0007573486,0.035588577,0.39277637,0.3835333,0.18717672
20039,2022-03-29,3,D2,3,D2,4,D3,False,0.00016580427,0.000825831,0.03474631,0.37751785,0.36575082,0.22099338
20039,2022-04-05,3,D2,4,D3,4,D3,False,0.000107853244,0.0005117387,0.028830279,0.36288452,0.3639921,0.24367344
20039,2022-04-12,4,D3,4,D3,4,D3,True,7.54519e-05,0.00032636544,0.022485968,0.32592386,0.34763014,0.30355823
20039,2022-04-19,4,D3,5,D4,4,D3,True,4.1037594e-05,0.00012486173,0.013201437,0.25183347,0.30564982,0.4291493
20039,2022-04-26,4,D3,5,D4,5,D4,False,4.0335864e-05,0.0001237547,0.011506301,0.18456039,0.2523428,0.5514264
20039,2022-05-03,4,D3,5,D4,5,D4,False,7.315636e-05,0.00030173478,0.014763776,0.14419582,0.2125961,0.62806946
20039,2022-05-10,4,D3,5,D4,5,D4,False,0.00017047714,0.0007196389,0.02346321,0.14932221,0.21469846,0.611626
20039,2022-05-17,4,D3,5,D4,5,D4,False,0.00019643476,0.00091863587,0.029457346,0.15554395,0.22681133,0.5870723
20039,2022-05-24,4,D3,5,D4,5,D4,False,0.0008025314,0.004343805,0.06678705,0.18050312,0.23950312,0.5080603
20039,2022-05-31,4,D3,5,D4,5,D4,False,0.0068739406,0.04796986,0.22765982,0.21280588,0.19954155,0.30514887
20039,2022-06-07,4,D3,2,D1,2,D1,False,0.007641713,0.07784938,0.34763047,0.2312589,0.1496104,0.18600914
20039,2022-06-14,3,D2,2,D1,2,D1,False,0.002178941,0.053338103,0.4287785,0.25782725,0.11803822,0.13983901
20039,2022-06-21,3,D2,2,D1,2,D1,False,0.0011631501,0.04722906,0.48015904,0.2679944,0.101356134,0.10209822
20039,2022-06-28,3,D2,2,D1,2,D1,False,0.0009099689,0.048262995,0.49957407,0.27105638,0.09217286,0.0880237
20039,2022-07-05,3,D2,2,D1,2,D1,False,0.00062140677,0.041477464,0.52036303,0.2797554,0.08820832,0.0695744
20039,2022-07-12,3,D2,2,D1,2,D1,False,0.00033009605,0.027806828,0.5164125,0.29702264,0.092012376,0.06641556
20039,2022-07-19,4,D3,2,D1,2,D1,False,0.00021648791,0.02102975,0.50478643,0.3171344,0.099564835,0.0572681
20039,2022-07-26,4,D3,2,D1,2,D1,False,0.00038419533,0.032243546,0.49525142,0.32115793,0.10098056,0.04998235
20039,2022-08-02,4,D3,2,D1,2,D1,False,0.0009848996,0.059160918,0.47406384,0.31468102,0.103996776,0.047112573
20039,2022-08-09,4,D3,2,D1,2,D1,False,0.0004900037,0.03397381,0.4302325,0.35143438,0.11617641,0.06769291
20039,2022-08-16,4,D3,3,D2,2,D1,False,0.00024931482,0.019213771,0.36023137,0.38379797,0.14547329,0.09103423
20039,2022-08-23,4,D3,3,D2,2,D1,False,0.0003587371,0.022867633,0.3336768,0.37599918,0.16279559,0.10430199
20039,2022-08-30,4,D3,3,D2,3,D2,False,0.00014847615,0.0054370975,0.18033648,0.3855741,0.2616206,0.16688319
20039,2022-09-06,4,D3,4,D3,4,D3,True,6.733214e-05,0.00084920117,0.056408096,0.2701568,0.38612318,0.28639537
20039,2022-09-13,5,D4,4,D3,4,D3,False,4.2426414e-05,0.00019925779,0.014589047,0.16404326,0.433592,0.387534
20039,2022-09-20,5,D4,5,D4,4,D3,False,4.093172e-05,0.00014088735,0.009022307,0.128579,0.4122993,0.44991758
20039,2022-09-27,5,D4,5,D4,4,D3,False,2.2533006e-05,6.693821e-05,0.0052248454,0.11126759,0.4107912,0.47262686
20039,2022-10-04,5,D4,5,D4,4,D3,False,1.633047e-05,5.0153663e-05,0.0042911842,0.111922644,0.4126109,0.47110882
20039,2022-10-11,5,D4,5,D4,4,D3,False,1.6846081e-05,5.622005e-05,0.0047014267,0.12049597,0.40949133,0.4652382
20039,2022-10-18,5,D4,5,D4,4,D3,False,2.198034e-05,8.1630984e-05,0.005560541,0.14030859,0.4061343,0.44789296
20039,2022-10-25,5,D4,5,D4,4,D3,False,3.0577423e-05,0.00010304049,0.0055095614,0.15846986,0.40189752,0.43398944
20039,2022-11-01,5,D4,4,D3,4,D3,False,5.4196826e-05,0.00019213198,0.00742879,0.1855958,0.41051042,0.39621872
20039,2022-11-08,5,D4,4,D3,4,D3,False,0.00012249447,0.0004679751,0.011942331,0.2217031,0.41526327,0.35050085
20039,2022-11-15,5,D4,4,D3,4,D3,False,0.00014338944,0.0005991778,0.015115573,0.2523167,0.42393416,0.307891
20039,2022-11-22,5,D4,4,D3,4,D3,False,0.00017284292,0.00075961376,0.019424729,0.29362553,0.42755324,0.2584641
20039,2022-11-29,5,D4,4,D3,4,D3,False,0.0002593978,0.0011882917,0.028638937,0.3181558,0.42862263,0.22313489
20039,2022-12-06,5,D4,4,D3,4,D3,False,0.00029933843,0.0013940809,0.03519942,0.33326122,0.43127063,0.19857532
20039,2022-12-13,5,D4,4,D3,4,D3,False,0.0003254397,0.0015844277,0.04265899,0.35394272,0.43342644,0.16806193
20039,2022-12-20,5,D4,4,D3,4,D3,False,0.00033697652,0.0019183292,0.050456557,0.37463346,0.43434906,0.13830557
20039,2022-12-27,5,D4,4,D3,4,D3,False,0.00038212055,0.0024686928,0.05752692,0.38410127,0.42758107,0.12793986
20039,2023-01-03,5,D4,4,D3,4,D3,False,0.0005469815,0.0040411623,0.07347571,0.39187476,0.4128782,0.117183164
20039,2023-01-10,5,D4,4,D3,4,D3,False,0.00040971875,0.0032511908,0.07180929,0.39751762,0.42054203,0.10647016
20039,2023-01-17,5,D4,4,D3,4,D3,False,0.00048415264,0.004030796,0.080978245,0.39616042,0.4159767,0.10236974
20039,2023-01-24,5,D4,3,D2,4,D3,False,0.0007604091,0.008248761,0.113891326,0.3945212,0.39016357,0.09241476
20039,2023-01-31,5,D4,3,D2,4,D3,False,0.0005295168,0.006664113,0.11317722,0.39944968,0.39920595,0.080973476
20039,2023-02-07,5,D4,4,D3,4,D3,False,0.00030482005,0.0042727697,0.098300405,0.40084675,0.41703337,0.079241976
20039,2023-02-14,5,D4,4,D3,4,D3,False,0.00033838523,0.0050876522,0.10530908,0.39549646,0.41428825,0.07948009
20039,2023-02-21,4,D3,4,D3,4,D3,True,0.00041409046,0.005820416,0.10550035,0.38234606,0.4188728,0.08704628
20039,2023-02-28,4,D3,4,D3,4,D3,True,0.0003598418,0.0043801162,0.0855022,0.35918558,0.44088766,0.10968463
20039,2023-03-07,4,D3,4,D3,4,D3,True,0.00034166375,0.0033664897,0.0684245,0.3414012,0.45744848,0.12901771
20039,2023-03-14,4,D3,4,D3,4,D3,True,0.00032614492,0.0031645268,0.06883923,0.33431187,0.46724856,0.12610964
20039,2023-03-21,4,D3,4,D3,4,D3,True,0.00029903895,0.0026267972,0.059888635,0.3316247,0.4745696,0.13099119
20039,2023-03-28,4,D3,4,D3,4,D3,True,0.00020707143,0.0015592243,0.04716389,0.3236836,0.49243438,0.13495187
20039,2023-04-04,4,D3,4,D3,4,D3,True,0.00013714842,0.00095460354,0.037045542,0.31298158,0.5048919,0.14398924
20039,2023-04-11,4,D3,4,D3,4,D3,True,0.00010062768,0.0006426309,0.030898795,0.29888317,0.5183922,0.15108259
20039,2023-04-18,4,D3,4,D3,4,D3,True,8.782456e-05,0.0005770206,0.028232086,0.279716,0.5188231,0.172564
20039,2023-04-25,4,D3,4,D3,4,D3,True,7.9557954e-05,0.0004358821,0.021418117,0.2549648,0.5198253,0.20327634
20039,2023-05-02,5,D4,4,D3,4,D3,False,8.9312925e-05,0.0004170057,0.019001713,0.23631321,0.51638335,0.22779538
20039,2023-05-09,5,D4,4,D3,4,D3,False,0.00013374857,0.0006316418,0.020885287,0.23321348,0.50537825,0.23975757
20039,2023-05-16,4,D3,4,D3,4,D3,True,0.0005743303,0.00336934,0.045687295,0.24083759,0.47422126,0.23531024
20039,2023-05-23,4,D3,4,D3,4,D3,True,0.00066769874,0.0053208717,0.067999825,0.25514534,0.46160072,0.20926555
20039,2023-05-30,4,D3,4,D3,4,D3,True,0.0007597282,0.008217293,0.09402806,0.26102668,0.45065996,0.1853082
20039,2023-06-06,4,D3,4,D3,4,D3,True,0.002610982,0.04064702,0.19228835,0.2725168,0.36677969,0.12515713
20039,2023-06-13,4,D3,4,D3,4,D3,True,0.0017840199,0.04189621,0.22982328,0.298828,0.33677396,0.090894565
20039,2023-06-20,4,D3,3,D2,4,D3,True,0.001065505,0.038586486,0.2593972,0.3214247,0.30931854,0.0702075
20039,2023-06-27,4,D3,3,D2,4,D3,True,0.0007374668,0.03791092,0.27509376,0.33617315,0.2898136,0.060271095
20039,2023-07-04,4,D3,3,D2,2,D1,False,0.00077432004,0.050859936,0.30577073,0.34552562,0.24565832,0.051411092
20039,2023-07-11,4,D3,3,D2,2,D1,False,0.0012433394,0.07735494,0.3098202,0.33536473,0.22077589,0.055440903
20039,2023-07-18,4,D3,3,D2,2,D1,False,0.0013163785,0.07425461,0.28887436,0.3188743,0.23471591,0.08196436
20039,2023-07-25,3,D2,4,D3,4,D3,False,0.00096401706,0.044176854,0.21701005,0.2413594,0.29446,0.20202976
20039,2023-08-01,3,D2,4,D3,4,D3,False,0.00087192294,0.035669867,0.19220005,0.21563873,0.27927026,0.27634916
20039,2023-08-08,2,D1,5,D4,4,D3,False,0.001226635,0.038416866,0.16962186,0.19182952,0.26328492,0.33562028
20039,2023-08-15,2,D1,5,D4,4,D3,False,0.001395031,0.03299004,0.14982602,0.17434521,0.26574594,0.37569782
20039,2023-08-22,2,D1,5,D4,4,D3,False,0.0005177838,0.013829547,0.12651624,0.17087694,0.29246703,0.39579248
20039,2023-08-29,2,D1,5,D4,4,D3,False,0.00021714828,0.0052370634,0.08660177,0.1468483,0.3199899,0.4411059
20039,2023-09-05,2,D1,5,D4,4,D3,False,0.00012599658,0.0024498457,0.047316037,0.11294213,0.33963674,0.49752915
20039,2023-09-12,2,D1,5,D4,5,D4,False,5.9818256e-05,0.00074908836,0.017608263,0.079247355,0.34694868,0.5553869
20039,2023-09-19,2,D1,5,D4,5,D4,False,3.5091558e-05,0.0002624095,0.006094142,0.054945845,0.32746375,0.6111987
20039,2023-09-26,2,D1,5,D4,5,D4,False,2.0968793e-05,0.000111753245,0.0030857194,0.04562359,0.3207912,0.6303668
20039,2023-10-03,2,D1,5,D4,5,D4,False,2.517939e-05,0.0001181565,0.0025073977,0.04477557,0.32174554,0.6308282
20039,2023-10-10,2,D1,5,D4,5,D4,False,2.3322582e-05,9.301467e-05,0.0026083922,0.055434186,0.33763033,0.60421073
20039,2023-10-17,2,D1,5,D4,5,D4,False,2.6162435e-05,9.033019e-05,0.002989329,0.06846036,0.34461278,0.58382106
20039,2023-10-24,2,D1,5,D4,5,D4,False,3.166402e-05,0.00011244578,0.0036127407,0.082322404,0.3507497,0.563171
20039,2023-10-31,2,D1,5,D4,5,D4,False,0.00010409069,0.00038889624,0.006854479,0.10077007,0.34965885,0.54222363
20039,2023-11-07,2,D1,5,D4,4,D3,False,0.0001554363,0.00055884133,0.010074642,0.13331048,0.35151252,0.5043882
20039,2023-11-14,2,D1,5,D4,4,D3,False,0.0002892974,0.0012295585,0.019151285,0.20223828,0.36376774,0.41332388
20039,2023-11-21,2,D1,4,D3,4,D3,False,0.0009313688,0.004719319,0.042718124,0.25308168,0.37123206,0.32731736
20039,2023-11-28,2,D1,4,D3,4,D3,False,0.0009829173,0.0054089455,0.052550457,0.29473063,0.36649945,0.27982762
20039,2023-12-05,2,D1,4,D3,4,D3,False,0.00078247394,0.0044396743,0.05333358,0.32867542,0.3643447,0.24842407
20039,2023-12-12,2,D1,4,D3,4,D3,False,0.0014472776,0.008994222,0.07426672,0.3435934,0.35825676,0.21344163
20039,2023-12-19,2,D1,3,D2,4,D3,False,0.007905794,0.05132506,0.16713914,0.3444353,0.29459915,0.13459559
20039,2023-12-26,2,D1,3,D2,3,D2,False,0.019229608,0.12285455,0.2349365,0.32457733,0.23145689,0.06694501
20039,2024-01-02,2,D1,3,D2,3,D2,False,0.013403902,0.13454191,0.2736018,0.3422586,0.19918148,0.037012234
20039,2024-01-09,2,D1,2,D1,2,D1,True,0.017504651,0.23890981,0.35119322,0.26792333,0.113377005,0.011091961
20039,2024-01-16,2,D1,2,D1,2,D1,True,0.010792612,0.25045046,0.38046893,0.26877987,0.08425415,0.0052539418
20039,2024-01-23,2,D1,2,D1,2,D1,True,0.007494729,0.2531463,0.39753452,0.27149072,0.06723346,0.0031003687
20039,2024-01-30,2,D1,2,D1,2,D1,True,0.006590716,0.29051462,0.41727966,0.23487504,0.049025536,0.0017144535
20039,2024-02-06,2,D1,2,D1,2,D1,True,0.0044263485,0.2883603,0.4417733,0.22219642,0.042145226,0.0010983893
20039,2024-02-13,2,D1,2,D1,2,D1,True,0.0015434397,0.22376354,0.47702974,0.2540627,0.042916026,0.000684591
20039,2024-02-20,2,D1,2,D1,2,D1,True,0.0005975339,0.17029667,0.49253199,0.2919131,0.04411379,0.0005469722
20039,2024-02-27,2,D1,2,D1,2,D1,True,0.00037985315,0.14579876,0.5046956,0.30347368,0.0451656,0.00048642652
20039,2024-03-05,2,D1,2,D1,2,D1,True,0.00023945516,0.11679242,0.50022364,0.33209386,0.050064035,0.00058666203
20039,2024-03-12,2,D1,2,D1,2,D1,True,0.00032185588,0.1182045,0.47536358,0.34202197,0.06315359,0.00093451125
20039,2024-03-19,2,D1,2,D1,2,D1,True,0.00041138777,0.112704165,0.44382262,0.3608759,0.08064623,0.0015396969
20039,2024-03-26,1,D0,2,D1,2,D1,False,0.00044129795,0.0950686,0.4179991,0.3845827,0.099625185,0.002283175
20039,2024-04-02,1,D0,2,D1,2,D1,False,0.009818948,0.3089163,0.4342246,0.1855045,0.0582788,0.003256824
20039,2024-04-09,1,D0,2,D1,2,D1,False,0.010037206,0.33506158,0.4551843,0.15947679,0.03762654,0.002613475
20039,2024-04-16,1,D0,2,D1,2,D1,False,0.0087853,0.34015435,0.46647906,0.1528983,0.029299617,0.0023834193
20039,2024-04-23,1,D0,1,D0,1,D0,True,0.021989355,0.44708866,0.4322075,0.08082556,0.015785366,0.0021035671
20039,2024-04-30,1,D0,1,D0,1,D0,True,0.12639433,0.58935684,0.25393444,0.022656776,0.0063336547,0.0013239015
20039,2024-05-07,1,D0,0,None,0,None,False,0.54354316,0.4443027,0.011798412,0.00023118663,8.493024e-05,3.967006e-05
20039,2024-05-14,1,D0,0,None,0,None,False,0.58915234,0.40453675,0.006159088,9.671496e-05,3.9068396e-05,1.609464e-05
20039,2024-05-21,0,None,0,None,0,None,True,0.6064865,0.38811877,0.00527925,7.3477306e-05,3.0308403e-05,1.1736932e-05
20039,2024-05-28,0,None,0,None,0,None,True,0.81137407,0.18813133,0.00048174593,6.3957755e-06,4.778666e-06,1.6768024e-06
20039,2024-06-04,0,None,0,None,0,None,True,0.81140333,0.18805273,0.00053130474,6.374534e-06,4.638524e-06,1.579119e-06
20039,2024-06-11,0,None,0,None,0,None,True,0.83314055,0.16636056,0.00048603766,6.2487798e-06,4.836255e-06,1.7414136e-06
20039,2024-06-18,0,None,0,None,0,None,True,0.8145779,0.18466862,0.0007330166,9.898116e-06,7.4671516e-06,3.0139338e-06
20039,2024-06-25,0,None,0,None,0,None,True,0.8082365,0.19098555,0.0007576841,9.8250885e-06,7.0114224e-06,3.4480981e-06
20039,2024-07-02,0,None,0,None,0,None,True,0.7996549,0.1995227,0.00079779886,1.157907e-05,7.820734e-06,5.2285504e-06
20039,2024-07-09,0,None,0,None,0,None,True,0.7475221,0.25131944,0.0011263896,1.5314268e-05,9.065167e-06,7.695315e-06
20039,2024-07-16,0,None,0,None,0,None,True,0.69232714,0.306215,0.0014143345,1.943783e-05,1.1213025e-05,1.2847645e-05
20039,2024-07-23,0,None,0,None,0,None,True,0.62421787,0.37318367,0.0025096086,3.516557e-05,1.9435909e-05,3.422676e-05
20039,2024-07-30,1,D0,0,None,0,None,False,0.5757154,0.4178991,0.0060716723,0.00010354935,5.321644e-05,0.00015699028
20039,2024-08-06,2,D1,1,D0,1,D0,False,0.038031857,0.56366205,0.3482785,0.041244883,0.0052471175,0.0035355915
20039,2024-08-13,2,D1,2,D1,2,D1,True,0.0025966875,0.24665079,0.44435206,0.26158792,0.03789917,0.0069134273
20039,2024-08-20,2,D1,2,D1,2,D1,True,0.0012318784,0.09634628,0.397722,0.37609005,0.10367833,0.024931444
20039,2024-08-27,2,D1,3,D2,2,D1,True,0.0013161222,0.060833212,0.34465498,0.37007526,0.17141634,0.051704105
20039,2024-09-03,2,D1,3,D2,4,D3,False,0.00085500616,0.027887966,0.2621301,0.35420677,0.26505986,0.0898603
20039,2024-09-10,2,D1,4,D3,4,D3,False,0.0004729942,0.012199574,0.184337,0.3151063,0.3550814,0.13280268
20039,2024-09-17,2,D1,4,D3,4,D3,False,0.000338268,0.0066385255,0.12665936,0.27427533,0.4212627,0.17082573
20039,2024-09-24,2,D1,4,D3,4,D3,False,0.0005167953,0.006821799,0.10403442,0.24441221,0.43325168,0.21096307
20039,2024-10-01,2,D1,4,D3,4,D3,False,0.00035564287,0.0037671374,0.07435401,0.22844721,0.45853168,0.23454426
20039,2024-10-08,2,D1,4,D3,4,D3,False,0.00018006745,0.001501585,0.041389517,0.21466643,0.45565805,0.28660434
20039,2024-10-15,2,D1,4,D3,4,D3,False,0.00020517071,0.0017609736,0.040510077,0.2651656,0.43900308,0.25335506
20039,2024-10-22,2,D1,4,D3,4,D3,False,7.138435e-05,0.0007447817,0.03159247,0.31042144,0.44871348,0.20845644
20039,2024-10-29,2,D1,4,D3,4,D3,False,0.000117590855,0.0012523191,0.034621377,0.3257375,0.43864465,0.1996265
20039,2024-11-05,2,D1,3,D2,4,D3,False,0.0014421913,0.0189074,0.11655503,0.37012815,0.34335887,0.14960839
20039,2024-11-12,1,D0,3,D2,4,D3,False,0.005228307,0.08660695,0.28616068,0.33247694,0.24902064,0.040506482
20039,2024-11-19,1,D0,2,D1,1,D0,True,0.040120702,0.31398806,0.343821,0.17330308,0.11677668,0.0119905425
20039,2024-11-26,1,D0,1,D0,1,D0,True,0.04140719,0.4327719,0.34904614,0.12040147,0.0527967,0.0035766505
20039,2024-12-03,1,D0,2,D1,1,D0,True,0.01651154,0.38737938,0.43059346,0.12942623,0.034718197,0.0013712336
20039,2024-12-10,1,D0,2,D1,1,D0,True,0.008584188,0.38787168,0.4618541,0.1195944,0.02152068,0.00057486154
20039,2024-12-17,1,D0,2,D1,2,D1,False,0.0026810872,0.34350872,0.5151874,0.12662391,0.011817568,0.00018134144
20039,2024-12-24,1,D0,2,D1,1,D0,True,0.0030439484,0.4158991,0.50161153,0.07296115,0.0064029275,8.132933e-05
20039,2024-12-31,1,D0,1,D0,1,D0,True,0.0032838734,0.48207808,0.46578816,0.044363063,0.0044441274,4.26415e-05
20039,2025-01-07,1,D0,1,D0,1,D0,True,0.0052078725,0.547748,0.41478023,0.028657474,0.003571697,3.4661996e-05
20039,2025-01-14,1,D0,1,D0,1,D0,True,0.003868084,0.52074546,0.43876866,0.033127453,0.003464652,2.5757581e-05
20039,2025-01-21,1,D0,1,D0,1,D0,True,0.0032619103,0.49842545,0.4600062,0.03475642,0.0035277633,2.2206897e-05
20039,2025-01-28,1,D0,2,D1,1,D0,True,0.0019179464,0.44757324,0.5041691,0.042471606,0.0038512992,1.6723623e-05
20039,2025-02-04,1,D0,2,D1,1,D0,True,0.0015506507,0.43460712,0.5171005,0.0428163,0.003911481,1.3942252e-05
20039,2025-02-11,2,D1,2,D1,2,D1,True,0.0007722394,0.3685816,0.56550884,0.06005659,0.0050686267,1.2073469e-05
20039,2025-02-18,2,D1,2,D1,2,D1,True,5.0970797e-05,0.13174793,0.6654747,0.19081475,0.011896841,1.48073e-05
20039,2025-02-25,2,D1,2,D1,2,D1,True,2.6367235e-05,0.08786562,0.6472477,0.24498424,0.019852845,2.3334156e-05
20039,2025-03-04,2,D1,2,D1,2,D1,True,2.1976315e-05,0.065855294,0.64486253,0.2619372,0.027283302,3.964518e-05
20039,2025-03-11,2,D1,2,D1,2,D1,True,2.3537268e-05,0.0508476,0.61883247,0.28983134,0.04037042,9.463843e-05
20039,2025-03-18,2,D1,2,D1,2,D1,True,2.1379574e-05,0.03327219,0.5624271,0.34405145,0.059916858,0.00031098345
20039,2025-03-25,2,D1,2,D1,2,D1,True,3.0602372e-05,0.022728596,0.50936365,0.38205028,0.084558606,0.0012683043
20039,2025-04-01,2,D1,2,D1,2,D1,True,6.483895e-05,0.02062359,0.4398388,0.4136602,0.12191535,0.0038972308
20039,2025-04-08,2,D1,3,D2,3,D2,False,0.00011404636,0.015731132,0.35382244,0.45827737,0.1600392,0.0120158065
20039,2025-04-15,2,D1,3,D2,3,D2,False,0.00014738872,0.009121609,0.24133147,0.5120816,0.19658971,0.040728163
20039,2025-04-22,2,D1,3,D2,3,D2,False,0.0006373229,0.02196157,0.25374714,0.45896047,0.18639666,0.0782969
20039,2025-04-29,2,D1,3,D2,3,D2,False,0.0018052494,0.05493114,0.32527593,0.38854524,0.15106267,0.07837973
20039,2025-05-06,2,D1,3,D2,3,D2,False,0.0009539977,0.03570049,0.29166934,0.42225683,0.15914167,0.090277635
20039,2025-05-13,2,D1,3,D2,3,D2,False,0.0007224518,0.032024868,0.29223534,0.42146093,0.16237079,0.091185585
20039,2025-05-20,2,D1,3,D2,2,D1,True,0.0019142578,0.077581875,0.34228924,0.3563019,0.148168,0.07374478
20039,2025-05-27,3,D2,2,D1,2,D1,False,0.0032630651,0.13365327,0.35874626,0.3006434,0.15027316,0.053420838
20039,2025-06-03,3,D2,2,D1,2,D1,False,0.0025573391,0.14500742,0.3643329,0.29040787,0.15589547,0.041798897
20039,2025-06-10,3,D2,2,D1,2,D1,False,0.0016988378,0.12493621,0.3658712,0.30280855,0.17056754,0.03411765
20039,2025-06-17,3,D2,2,D1,2,D1,False,0.00085560005,0.10140456,0.36972025,0.3206639,0.18222564,0.025129965
20039,2025-06-24,3,D2,2,D1,2,D1,False,0.00062996737,0.093489304,0.37305528,0.33506846,0.17769364,0.020063372
20039,2025-07-01,3,D2,2,D1,2,D1,False,0.00052300387,0.08322797,0.37516055,0.3377019,0.18519214,0.018194415
20039,2025-07-08,3,D2,2,D1,2,D1,False,0.0002289691,0.06647399,0.3969537,0.34549394,0.17791288,0.0129365
20039,2025-07-15,3,D2,2,D1,2,D1,False,0.00019057482,0.062262394,0.39596838,0.34653717,0.18144791,0.013593601
20039,2025-07-22,3,D2,2,D1,2,D1,False,0.0003281364,0.069867685,0.3845056,0.337093,0.19122016,0.016985457
20039,2025-07-29,3,D2,2,D1,2,D1,False,0.00041689212,0.07240278,0.37785733,0.34523132,0.18401769,0.020073956
20039,2025-08-05,2,D1,2,D1,2,D1,True,0.0003867173,0.06385804,0.38194048,0.35898942,0.17384455,0.020980759
20039,2025-08-12,2,D1,2,D1,2,D1,True,0.00201764,0.10176665,0.33643082,0.32118532,0.18648453,0.052115075
20039,2025-08-19,2,D1,2,D1,2,D1,True,0.0029205694,0.11706546,0.32317588,0.29805404,0.18455198,0.07423213
20039,2025-08-26,2,D1,2,D1,2,D1,True,0.0073934724,0.16754054,0.30446038,0.25630984,0.17285524,0.09144047
20039,2025-09-02,1,D0,2,D1,1,D0,True,0.023239527,0.22280417,0.25156644,0.20208149,0.16515301,0.13515535
20039,2025-09-09,1,D0,1,D0,1,D0,True,0.43789122,0.537877,0.01697855,0.0016696836,0.0014966504,0.004086884
20039,2025-09-16,1,D0,1,D0,1,D0,True,0.48895603,0.50176287,0.007093435,0.00043104927,0.00037450768,0.001382107
20039,2025-09-23,0,None,0,None,1,D0,False,0.53368783,0.4611865,0.0041145287,0.00019503607,0.00016493954,0.00065113156
20039,2025-09-30,0,None,0,None,0,None,True,0.7025014,0.2970558,0.000358584,1.3205489e-05,1.3368148e-05,5.7577377e-05
20039,2025-10-07,0,None,0,None,0,None,True,0.7226024,0.27703077,0.00032785395,8.33797e-06,6.3666457e-06,2.4179553e-05
20039,2025-10-14,0,None,0,None,0,None,True,0.72878444,0.2708097,0.00038527607,6.262429e-06,3.3796482e-06,1.0828219e-05
20039,2025-10-21,0,None,0,None,0,None,True,0.7049796,0.29461527,0.00039597525,3.7295194e-06,1.8756778e-06,3.5695002e-06
20039,2025-10-28,0,None,0,None,0,None,True,0.698948,0.3006519,0.00039360693,2.7657743e-06,1.5733212e-06,2.1163905e-06
20039,2025-11-04,0,None,0,None,0,None,True,0.68757886,0.31201866,0.0003973244,2.2961185e-06,1.4500993e-06,1.3513011e-06
20039,2025-11-11,0,None,0,None,0,None,True,0.6615242,0.3379157,0.00055354513,3.2077428e-06,2.1336689e-06,1.3342066e-06
20039,2025-11-18,0,None,0,None,0,None,True,0.6786194,0.32105425,0.0003218307,2.2620382e-06,1.4880534e-06,8.32598e-07
20039,2025-11-25,0,None,0,None,0,None,True,0.6804925,0.31921947,0.00028390516,2.1623032e-06,1.2782825e-06,6.8298317e-07
20039,2025-12-02,0,None,0,None,0,None,True,0.680471,0.31928793,0.00023762233,1.8608869e-06,1.070047e-06,5.5928166e-07
20039,2025-12-09,0,None,0,None,0,None,True,0.6631839,0.33644187,0.00036948806,2.6338469e-06,1.4022834e-06,6.656423e-07
20039,2025-12-16,0,None,0,None,0,None,True,0.6862686,0.3134601,0.0002678282,1.8555846e-06,1.0546418e-06,5.045034e-07
20039,2025-12-23,0,None,0,None,0,None,True,0.652651,0.34683624,0.0005078361,2.840133e-06,1.3805226e-06,6.4248775e-07
20039,2025-12-30,0,None,0,None,0,None,True,0.6377013,0.3616172,0.0006770059,2.7729786e-06,1.1159145e-06,5.849788e-07
