FIPS,target_week,actual_label,actual_class,pred_label_raw,pred_class_raw,pred_label,pred_class,is_correct,prob_None,prob_D0,prob_D1,prob_D2,prob_D3,prob_D4
31001,2022-01-04,1,D0,2,D1,2,D1,False,1.509978e-06,0.014864511,0.821311,0.16378759,3.526574e-05,2.030047e-09
31001,2022-01-11,1,D0,2,D1,2,D1,False,3.719794e-07,0.009463975,0.8665625,0.12392553,4.7656045e-05,2.042895e-09
31001,2022-01-18,1,D0,2,D1,2,D1,False,1.6733826e-07,0.006142664,0.84217924,0.15155642,0.000121497906,4.7262065e-09
31001,2022-01-25,1,D0,2,D1,2,D1,False,1.2357388e-07,0.0047382466,0.861021,0.13398063,0.00026000978,1.7192104e-08
31001,2022-02-01,2,D1,2,D1,2,D1,True,6.121609e-08,0.002581127,0.7772844,0.2196666,0.0004677474,2.5784967e-08
31001,2022-02-08,2,D1,3,D2,3,D2,False,1.0167659e-13,3.2622575e-07,0.09266629,0.8928053,0.014528163,4.565931e-08
31001,2022-02-15,2,D1,3,D2,3,D2,False,2.0663178e-18,1.2171819e-10,0.009825339,0.9766456,0.013529129,2.1229328e-08
31001,2022-02-22,2,D1,3,D2,3,D2,False,1.1278976e-19,1.0700498e-11,0.0038668492,0.97533053,0.020802626,3.797477e-08
31001,2022-03-01,2,D1,3,D2,3,D2,False,2.7401573e-19,1.7809067e-11,0.0056945565,0.9822856,0.012019902,4.78008e-08
31001,2022-03-08,2,D1,3,D2,3,D2,False,8.5537035e-20,6.5895e-12,0.0046189516,0.97454304,0.02083793,9.31963e-08
31001,2022-03-15,2,D1,3,D2,3,D2,False,2.3324167e-21,1.6246787e-13,0.0007398563,0.9662755,0.032984607,2.9318876e-08
31001,2022-03-22,2,D1,3,D2,3,D2,False,4.762083e-21,4.1535712e-13,0.001392077,0.9792378,0.019370206,1.8680213e-08
31001,2022-03-29,2,D1,3,D2,3,D2,False,4.8219783e-20,4.4959336e-12,0.0043195947,0.9870402,0.008640224,6.2656604e-09
31001,2022-04-05,2,D1,3,D2,3,D2,False,3.5942952e-19,2.942242e-11,0.009053553,0.9821516,0.008794878,6.3830625e-09
31001,2022-04-12,2,D1,3,D2,3,D2,False,4.3464383e-20,6.5203246e-12,0.006307316,0.9858897,0.007803046,7.984889e-09
31001,2022-04-19,3,D2,3,D2,3,D2,True,7.396318e-21,1.2815674e-12,0.0031492487,0.98877686,0.00807391,8.5548795e-09
31001,2022-04-26,3,D2,4,D3,3,D2,True,5.0158265e-28,3.4556083e-19,1.813781e-06,0.47159258,0.52840555,4.6594715e-09
31001,2022-05-03,3,D2,4,D3,4,D3,False,8.023941e-32,8.1711626e-23,1.6156429e-08,0.1644858,0.83551425,2.3956834e-09
31001,2022-05-10,3,D2,4,D3,4,D3,False,6.526329e-33,7.940364e-24,2.3189766e-09,0.08981335,0.91018665,1.1554084e-08
31001,2022-05-17,3,D2,4,D3,4,D3,False,1.0162142e-34,1.058633e-25,8.617779e-11,0.017128892,0.98287106,2.4902121e-08
31001,2022-05-24,3,D2,4,D3,4,D3,False,1.7841404e-35,3.1364543e-26,4.4821414e-11,0.008113665,0.9918864,2.1908503e-08
31001,2022-05-31,3,D2,4,D3,4,D3,False,2.1013672e-35,3.8015765e-26,5.1241143e-11,0.0074690515,0.9925309,2.4957119e-08
31001,2022-06-07,3,D2,4,D3,4,D3,False,1.4605285e-34,1.0306337e-25,7.000802e-11,0.007902429,0.9920975,5.639449e-08
31001,2022-06-14,2,D1,4,D3,4,D3,False,7.3101195e-33,1.7548582e-24,2.1245442e-10,0.013157497,0.9868421,3.351607e-07
31001,2022-06-21,2,D1,4,D3,4,D3,False,4.8710803e-28,8.860043e-21,1.270453e-08,0.04150037,0.9584838,1.584488e-05
31001,2022-06-28,2,D1,4,D3,4,D3,False,8.2965284e-26,9.258763e-19,1.900037e-07,0.09905078,0.9009312,1.7823482e-05
31001,2022-07-05,2,D1,4,D3,4,D3,False,5.6435436e-26,8.332727e-19,2.2768253e-07,0.091714814,0.90827215,1.2803003e-05
31001,2022-07-12,2,D1,4,D3,4,D3,False,5.840202e-26,9.10301e-19,3.550724e-07,0.08290054,0.917092,7.0309943e-06
31001,2022-07-19,2,D1,4,D3,4,D3,False,4.28032e-26,4.775496e-19,2.366348e-07,0.06771579,0.93227357,1.0370189e-05
31001,2022-07-26,2,D1,4,D3,4,D3,False,1.1238173e-27,7.32879e-21,1.7237987e-08,0.028644506,0.9713317,2.3851724e-05
31001,2022-08-02,2,D1,4,D3,4,D3,False,5.360407e-28,2.6342183e-21,7.882827e-09,0.023995996,0.9759631,4.0932566e-05
31001,2022-08-09,2,D1,4,D3,4,D3,False,7.681967e-28,3.395069e-21,8.246925e-09,0.0245293,0.9754152,5.552095e-05
31001,2022-08-16,2,D1,4,D3,4,D3,False,1.7428892e-27,7.103828e-21,1.3555759e-08,0.0261414,0.97378856,7.003641e-05
31001,2022-08-23,2,D1,4,D3,4,D3,False,1.1124166e-27,3.7457945e-21,8.8151255e-09,0.015012593,0.98487204,0.00011536853
31001,2022-08-30,3,D2,4,D3,4,D3,False,2.4986195e-27,6.7468845e-21,1.7808699e-08,0.016091567,0.9837601,0.00014832462
31001,2022-09-06,3,D2,4,D3,4,D3,False,2.143705e-28,2.2113817e-21,3.932432e-08,0.044034902,0.955933,3.2168984e-05
31001,2022-09-13,3,D2,4,D3,4,D3,False,9.709757e-29,3.0840355e-21,1.02049626e-07,0.1134305,0.88656133,8.045266e-06
31001,2022-09-20,3,D2,4,D3,4,D3,False,1.6467351e-28,1.1298899e-20,3.7045928e-07,0.2107099,0.7892889,7.9344335e-07
31001,2022-09-27,3,D2,4,D3,4,D3,False,1.4097176e-27,6.5589994e-20,8.507627e-07,0.24283373,0.75716424,1.2582262e-06
31001,2022-10-04,3,D2,4,D3,4,D3,False,3.7766427e-27,1.2526806e-19,9.3838514e-07,0.22746702,0.7725302,1.894719e-06
31001,2022-10-11,3,D2,4,D3,4,D3,False,9.996029e-27,2.6241452e-19,1.0693581e-06,0.21396853,0.7860275,2.9107198e-06
31001,2022-10-18,3,D2,4,D3,4,D3,False,2.0157742e-28,7.85259e-21,1.8243215e-07,0.19149074,0.8085083,8.493876e-07
31001,2022-10-25,3,D2,4,D3,4,D3,False,5.747609e-29,1.7170838e-21,7.581687e-08,0.15232621,0.84767306,6.605071e-07
31001,2022-11-01,3,D2,4,D3,4,D3,False,4.8192355e-29,1.1379036e-21,4.1436902e-08,0.13429901,0.8657003,6.6855944e-07
31001,2022-11-08,3,D2,4,D3,4,D3,False,3.5384498e-30,7.975965e-23,4.3505377e-09,0.04914088,0.9508579,1.2393791e-06
31001,2022-11-15,3,D2,4,D3,4,D3,False,1.6559014e-30,2.0617219e-23,8.201631e-10,0.014517833,0.98547757,4.618454e-06
31001,2022-11-22,3,D2,4,D3,4,D3,False,2.1411564e-31,2.2884748e-24,1.7377476e-10,0.007300534,0.9926927,6.694099e-06
31001,2022-11-29,3,D2,4,D3,4,D3,False,1.0559936e-31,1.9597587e-24,1.8303326e-10,0.0083865905,0.99160975,3.6467052e-06
31001,2022-12-06,3,D2,4,D3,4,D3,False,8.562292e-32,1.685302e-24,1.632839e-10,0.006695116,0.99330044,4.494003e-06
31001,2022-12-13,3,D2,4,D3,4,D3,False,1.0155427e-31,1.3888974e-24,1.6170656e-10,0.0073494543,0.9926426,7.967003e-06
31001,2022-12-20,3,D2,4,D3,4,D3,False,3.0967376e-31,3.2822802e-24,3.4710512e-10,0.009960011,0.99003017,9.814852e-06
31001,2022-12-27,3,D2,4,D3,4,D3,False,2.6461977e-31,3.26505e-24,4.1510922e-10,0.011673152,0.988318,8.882475e-06
31001,2023-01-03,3,D2,4,D3,4,D3,False,2.2968626e-31,3.528177e-24,4.445491e-10,0.013175204,0.98681784,6.9623884e-06
31001,2023-01-10,3,D2,4,D3,4,D3,False,1.6571653e-31,3.0611365e-24,4.0000486e-10,0.014618679,0.98537666,4.650443e-06
31001,2023-01-17,3,D2,4,D3,4,D3,False,1.264076e-31,2.589819e-24,3.4130476e-10,0.014981028,0.98501575,3.2348678e-06
31001,2023-01-24,3,D2,4,D3,4,D3,False,1.3034722e-31,3.0173504e-24,3.725672e-10,0.016035905,0.98396146,2.5741354e-06
31001,2023-01-31,3,D2,4,D3,4,D3,False,1.270048e-31,5.650679e-24,9.1559943e-10,0.034354307,0.9656453,4.2173681e-07
31001,2023-02-07,3,D2,4,D3,4,D3,False,2.8355068e-31,1.26146384e-23,1.8525285e-09,0.0460369,0.9539627,3.9048706e-07
31001,2023-02-14,3,D2,4,D3,4,D3,False,3.7095266e-31,1.57445e-23,2.1475677e-09,0.048182216,0.95181733,4.1529776e-07
31001,2023-02-21,3,D2,4,D3,4,D3,False,2.8318947e-31,1.2505916e-23,1.8718065e-09,0.046095744,0.9539039,4.0557805e-07
31001,2023-02-28,3,D2,4,D3,4,D3,False,2.3700696e-31,1.0861283e-23,1.7282935e-09,0.044932775,0.95506686,3.9393493e-07
31001,2023-03-07,3,D2,4,D3,4,D3,False,2.1529746e-31,1.05455304e-23,1.7404481e-09,0.045048736,0.9549508,3.8027463e-07
31001,2023-03-14,3,D2,4,D3,4,D3,False,1.9612987e-31,1.1725264e-23,1.8740982e-09,0.04354417,0.95645547,3.9875817e-07
31001,2023-03-21,3,D2,4,D3,4,D3,False,1.455473e-31,1.5719e-23,2.8817064e-09,0.053847514,0.9461522,3.0236572e-07
31001,2023-03-28,3,D2,4,D3,4,D3,False,1.4072934e-31,3.348743e-23,6.768205e-09,0.08453923,0.9154606,1.4994147e-07
31001,2023-04-04,3,D2,4,D3,4,D3,False,1.0662604e-31,4.6138146e-23,9.5601775e-09,0.10671331,0.8932866,7.207051e-08
31001,2023-04-11,3,D2,4,D3,4,D3,False,8.6021824e-32,2.2745758e-23,5.6454317e-09,0.08552725,0.9144726,1.17052906e-07
31001,2023-04-18,3,D2,4,D3,4,D3,False,6.9510484e-31,8.5724057e-23,8.941405e-09,0.09511919,0.90488064,2.2010143e-07
31001,2023-04-25,3,D2,4,D3,4,D3,False,4.941995e-31,7.4782846e-23,7.814749e-09,0.095352076,0.90464777,1.8531766e-07
31001,2023-05-02,3,D2,4,D3,4,D3,False,5.493185e-31,8.277955e-23,8.151664e-09,0.09798165,0.90201813,1.859973e-07
31001,2023-05-09,3,D2,4,D3,4,D3,False,1.0561262e-31,4.9663653e-23,1.06220295e-08,0.15359952,0.84640044,6.967802e-08
31001,2023-05-16,3,D2,4,D3,4,D3,False,9.803563e-32,4.617684e-23,1.0119838e-08,0.1537538,0.8462462,6.788106e-08
31001,2023-05-23,4,D3,4,D3,4,D3,True,1.2215494e-31,4.4544066e-23,8.8919885e-09,0.14060776,0.85939217,8.045958e-08
31001,2023-05-30,4,D3,4,D3,4,D3,True,3.984024e-29,1.6484852e-23,7.64248e-11,0.004026106,0.9959436,3.0269157e-05
31001,2023-06-06,4,D3,4,D3,4,D3,True,2.9075084e-29,1.6180918e-23,9.326871e-11,0.0048857746,0.9950919,2.22582e-05
31001,2023-06-13,4,D3,4,D3,4,D3,True,2.091101e-29,8.3343675e-24,6.05028e-11,0.00404441,0.99593437,2.1241905e-05
31001,2023-06-20,4,D3,4,D3,4,D3,True,3.1238517e-29,7.233633e-24,4.8619775e-11,0.003908506,0.9960647,2.6731665e-05
31001,2023-06-27,4,D3,4,D3,4,D3,True,4.1647353e-29,6.253575e-24,3.9989567e-11,0.0038388122,0.99612916,3.2045093e-05
31001,2023-07-04,4,D3,4,D3,4,D3,True,3.9683377e-29,6.629148e-24,4.16305e-11,0.0039575426,0.99601126,3.121137e-05
31001,2023-07-11,4,D3,4,D3,4,D3,True,3.2152946e-29,6.6159725e-24,4.2878652e-11,0.003960533,0.99600935,3.008039e-05
31001,2023-07-18,4,D3,4,D3,4,D3,True,1.2818408e-28,4.6453677e-23,1.2342816e-10,0.0050847754,0.99489105,2.4167897e-05
31001,2023-07-25,4,D3,4,D3,4,D3,True,9.5741396e-29,3.523968e-23,1.0940075e-10,0.004925374,0.9950506,2.4037088e-05
31001,2023-08-01,4,D3,4,D3,4,D3,True,8.381492e-29,2.9015295e-23,9.590051e-11,0.0046399063,0.99533325,2.6792144e-05
31001,2023-08-08,4,D3,4,D3,4,D3,True,5.687804e-29,1.866252e-23,6.4685354e-11,0.003815989,0.9961474,3.6619378e-05
31001,2023-08-15,4,D3,4,D3,4,D3,True,3.5571327e-29,1.1511277e-23,4.251503e-11,0.0031068136,0.9968454,4.7729554e-05
31001,2023-08-22,4,D3,4,D3,4,D3,True,2.1856405e-29,6.9935335e-24,3.004988e-11,0.0025414873,0.99740773,5.076044e-05
31001,2023-08-29,4,D3,4,D3,4,D3,True,2.1187474e-29,6.3819005e-24,2.7816423e-11,0.0024441576,0.997505,5.0892202e-05
31001,2023-09-05,4,D3,4,D3,4,D3,True,2.0394664e-29,6.1998334e-24,2.7450604e-11,0.0024422347,0.99750745,5.0272076e-05
31001,2023-09-12,4,D3,4,D3,4,D3,True,1.7269024e-29,5.264641e-24,2.510878e-11,0.0023510535,0.9975987,5.019935e-05
31001,2023-09-19,4,D3,4,D3,4,D3,True,1.1399586e-29,3.3240153e-24,1.9474294e-11,0.0021533929,0.99779594,5.0698713e-05
31001,2023-09-26,4,D3,4,D3,4,D3,True,1.3109713e-29,3.6806186e-25,2.6523523e-12,0.0013301411,0.99846435,0.00020550947
31001,2023-10-03,4,D3,4,D3,4,D3,True,4.4313168e-29,6.4471263e-24,1.9349165e-11,0.0023320946,0.9975683,9.953122e-05
31001,2023-10-10,4,D3,4,D3,4,D3,True,2.6601974e-29,3.2231111e-24,1.2568153e-11,0.0019059204,0.9979978,9.617688e-05
31001,2023-10-17,4,D3,4,D3,4,D3,True,3.08997e-29,3.504397e-24,1.3163876e-11,0.0018842006,0.99802434,9.148984e-05
31001,2023-10-24,4,D3,4,D3,4,D3,True,3.4029665e-29,3.885652e-24,1.4067195e-11,0.001897268,0.99801385,8.8892084e-05
31001,2023-10-31,4,D3,4,D3,4,D3,True,3.3688294e-29,4.013479e-24,1.4648675e-11,0.001904145,0.99801,8.5919855e-05
31001,2023-11-07,4,D3,4,D3,4,D3,True,3.3545622e-29,4.1684487e-24,1.5194747e-11,0.0019150678,0.9980002,8.467284e-05
31001,2023-11-14,4,D3,4,D3,4,D3,True,3.3322672e-29,4.313223e-24,1.5694489e-11,0.0019239567,0.9979924,8.365221e-05
31001,2023-11-21,4,D3,4,D3,4,D3,True,3.306056e-29,4.4449788e-24,1.6155901e-11,0.0019332179,0.9979842,8.2642895e-05
31001,2023-11-28,4,D3,4,D3,4,D3,True,3.2898802e-29,4.575318e-24,1.6606057e-11,0.0019484157,0.9979699,8.1609774e-05
31001,2023-12-05,4,D3,4,D3,4,D3,True,3.313751e-29,4.744279e-24,1.7122258e-11,0.0019753515,0.99794406,8.0587546e-05
31001,2023-12-12,4,D3,4,D3,4,D3,True,3.457676e-29,5.0430067e-24,1.7856659e-11,0.0020084751,0.9979109,8.054468e-05
31001,2023-12-19,4,D3,4,D3,4,D3,True,3.575397e-29,5.3638605e-24,1.8885516e-11,0.002068653,0.99785185,7.9498954e-05
31001,2023-12-26,3,D2,4,D3,4,D3,False,4.1511422e-29,5.9336985e-24,2.060411e-11,0.002226485,0.9976921,8.143593e-05
31001,2024-01-02,3,D2,4,D3,4,D3,False,7.081253e-29,7.869711e-24,2.6363921e-11,0.0030690387,0.9968268,0.00010413372
31001,2024-01-09,3,D2,4,D3,4,D3,False,2.3313468e-29,1.0088184e-23,7.2933846e-11,0.010169858,0.9898045,2.567963e-05
31001,2024-01-16,3,D2,4,D3,4,D3,False,1.1212075e-29,1.24722775e-23,1.2673071e-10,0.017400682,0.9825895,9.847447e-06
31001,2024-01-23,3,D2,4,D3,4,D3,False,6.6543016e-30,1.1784222e-23,1.5539116e-10,0.020241063,0.979753,5.9712443e-06
31001,2024-01-30,3,D2,4,D3,4,D3,False,7.4293956e-31,2.1428394e-23,1.5620956e-09,0.067326784,0.93267274,4.412016e-07
31001,2024-02-06,3,D2,4,D3,4,D3,False,1.5303954e-31,1.1580668e-23,2.429084e-09,0.088974446,0.9110253,2.1797668e-07
31001,2024-02-13,3,D2,4,D3,4,D3,False,6.2405814e-32,6.8853326e-24,2.3957833e-09,0.083589785,0.9164101,1.830774e-07
31001,2024-02-20,3,D2,4,D3,4,D3,False,2.2268709e-32,4.847208e-24,3.1173617e-09,0.08877368,0.9112262,1.7565657e-07
31001,2024-02-27,3,D2,4,D3,4,D3,False,1.0748794e-32,3.561656e-24,3.2764986e-09,0.089749105,0.91025066,1.6848864e-07
31001,2024-03-05,3,D2,4,D3,4,D3,False,7.264137e-33,2.9110054e-24,3.1609813e-09,0.08920586,0.91079396,1.5694593e-07
31001,2024-03-12,3,D2,4,D3,4,D3,False,5.7527063e-33,2.5328259e-24,2.9919327e-09,0.08695406,0.91304576,1.4719743e-07
31001,2024-03-19,3,D2,4,D3,4,D3,False,4.851992e-33,2.1145921e-24,2.631346e-09,0.079660125,0.92033976,1.4167931e-07
31001,2024-03-26,2,D1,4,D3,4,D3,False,4.452844e-33,2.0831341e-24,2.7661275e-09,0.07604439,0.92395556,1.186704e-07
31001,2024-04-02,2,D1,4,D3,4,D3,False,1.150033e-24,5.9800993e-18,1.0237306e-06,0.30582267,0.69417286,3.4279187e-06
31001,2024-04-09,2,D1,3,D2,3,D2,False,4.1613356e-21,1.0514806e-13,0.0003455873,0.93995124,0.059702426,7.5643453e-07
31001,2024-04-16,2,D1,3,D2,3,D2,False,1.3358528e-20,5.0117907e-13,0.0007233321,0.9633563,0.03591989,4.7409569e-07
31001,2024-04-23,2,D1,3,D2,3,D2,False,2.2336626e-20,7.1870624e-13,0.0006681414,0.9485732,0.05075784,9.542529e-07
31001,2024-04-30,2,D1,3,D2,3,D2,False,5.1955495e-20,1.6670018e-12,0.00079964334,0.92212623,0.0770731,9.4668474e-07
31001,2024-05-07,2,D1,3,D2,3,D2,False,1.5016191e-19,6.221519e-12,0.0014500268,0.9458659,0.052683458,5.919247e-07
31001,2024-05-14,2,D1,3,D2,3,D2,False,3.9201767e-19,1.4098582e-11,0.0021399027,0.953501,0.044358645,5.085881e-07
31001,2024-05-21,2,D1,3,D2,3,D2,False,4.7093173e-20,3.971237e-12,0.0019808812,0.9685385,0.029480485,7.978556e-08
31001,2024-05-28,2,D1,3,D2,3,D2,False,5.717952e-19,3.1139594e-11,0.004902032,0.97001576,0.025082141,7.3862246e-08
31001,2024-06-04,1,D0,3,D2,3,D2,False,2.89522e-18,9.3521586e-11,0.00911818,0.9663922,0.024489496,9.395063e-08
31001,2024-06-11,1,D0,2,D1,2,D1,False,1.7498177e-10,0.00014384252,0.8651768,0.13435316,0.00032617926,1.1133948e-08
31001,2024-06-18,1,D0,2,D1,2,D1,False,2.3214952e-05,0.0714526,0.9237677,0.0047563277,1.8486328e-07,4.2122145e-10
31001,2024-06-25,1,D0,2,D1,2,D1,False,8.220665e-05,0.14294077,0.8526247,0.0043522217,5.0171444e-08,1.2920419e-10
31001,2024-07-02,0,None,2,D1,2,D1,False,0.00024969003,0.26365194,0.7329356,0.0031627489,2.1751584e-08,2.2087272e-10
31001,2024-07-09,0,None,0,None,0,None,True,0.8943593,0.10551009,4.1285825e-06,4.156089e-08,1.0456872e-05,0.00011594493
31001,2024-07-16,0,None,0,None,0,None,True,0.96513265,0.034859855,3.862449e-08,3.2281539e-10,1.5719957e-06,5.9047657e-06
31001,2024-07-23,0,None,0,None,0,None,True,0.9726873,0.027312642,8.138812e-10,2.2268018e-14,5.9238316e-09,9.2862656e-08
31001,2024-07-30,0,None,0,None,0,None,True,0.987901,0.012098972,1.610634e-10,7.590814e-16,1.2790233e-09,1.5311036e-08
31001,2024-08-06,0,None,0,None,0,None,True,0.9688119,0.031188061,3.082341e-10,5.6416795e-17,5.1432154e-11,5.826018e-10
31001,2024-08-13,0,None,0,None,0,None,True,0.9837985,0.01620131,8.100314e-10,5.6221147e-15,1.9720348e-08,1.5249383e-07
31001,2024-08-20,1,D0,0,None,0,None,False,0.9259167,0.07408319,8.017272e-08,1.2157407e-13,1.6755175e-09,8.876592e-09
31001,2024-08-27,1,D0,1,D0,1,D0,True,0.053035468,0.8379989,0.066835925,0.0031482235,0.016811052,0.022170443
31001,2024-09-03,0,None,1,D0,1,D0,False,0.017933173,0.375195,0.22175208,0.08338107,0.16832407,0.13341461
31001,2024-09-10,1,D0,4,D3,4,D3,False,3.7337294e-10,3.026081e-08,0.00027643642,0.12551254,0.83580166,0.038409334
31001,2024-09-17,1,D0,3,D2,3,D2,False,2.1340368e-14,4.821676e-09,0.015615706,0.8394995,0.14487894,5.928498e-06
31001,2024-09-24,1,D0,3,D2,3,D2,False,8.3327236e-13,4.0652577e-07,0.088711046,0.8869447,0.024343537,2.6840362e-07
31001,2024-10-01,1,D0,3,D2,3,D2,False,4.5055986e-13,2.4000292e-07,0.09308464,0.8808507,0.026064018,3.4477696e-07
31001,2024-10-08,2,D1,3,D2,3,D2,False,7.957369e-12,2.1324465e-06,0.21282704,0.7678126,0.01935752,6.462664e-07
31001,2024-10-15,2,D1,3,D2,3,D2,False,1.5356945e-22,3.2922112e-15,9.63495e-05,0.84901655,0.15088682,2.3422437e-07
31001,2024-10-22,2,D1,3,D2,3,D2,False,3.098088e-25,3.292355e-17,1.1206239e-05,0.59411407,0.40587458,1.11373474e-07
31001,2024-10-29,3,D2,3,D2,3,D2,True,1.789235e-25,1.6509387e-17,6.6685466e-06,0.5231147,0.47687855,1.3911466e-07
31001,2024-11-05,3,D2,3,D2,3,D2,True,1.7162868e-32,7.7917516e-22,3.5020804e-07,0.64239764,0.35760197,1.1402971e-09
31001,2024-11-12,3,D2,4,D3,3,D2,True,3.320352e-33,5.513512e-23,5.7577356e-08,0.37913135,0.6208685,2.5341187e-09
31001,2024-11-19,2,D1,4,D3,4,D3,False,2.098672e-33,9.153717e-24,1.3521583e-08,0.1886665,0.8113335,1.11750955e-08
31001,2024-11-26,2,D1,4,D3,4,D3,False,2.1721293e-24,3.269069e-18,4.1847127e-07,0.14826374,0.85172576,1.002709e-05
31001,2024-12-03,2,D1,3,D2,3,D2,False,4.605229e-21,4.6383914e-14,0.00014808506,0.7907698,0.20907742,4.7246785e-06
31001,2024-12-10,2,D1,3,D2,3,D2,False,2.2722975e-20,4.3286249e-13,0.00045675866,0.8970927,0.10244841,2.1343255e-06
31001,2024-12-17,2,D1,3,D2,3,D2,False,2.960579e-20,8.33698e-13,0.000637964,0.9224943,0.076866284,1.4224742e-06
31001,2024-12-24,2,D1,3,D2,3,D2,False,4.3259178e-20,1.7334041e-12,0.0009194284,0.9459583,0.0531216,6.7119186e-07
31001,2024-12-31,2,D1,3,D2,3,D2,False,8.3681714e-20,4.186631e-12,0.001370975,0.9557244,0.04290414,4.0054502e-07
31001,2025-01-07,2,D1,3,D2,3,D2,False,1.7238917e-19,1.0306247e-11,0.0023356385,0.95921034,0.038453836,2.7781525e-07
31001,2025-01-14,2,D1,3,D2,3,D2,False,2.492602e-19,1.9563356e-11,0.0034783913,0.96505594,0.031465538,1.4627622e-07
31001,2025-01-21,2,D1,3,D2,3,D2,False,5.551176e-19,5.5046374e-11,0.005597476,0.96797276,0.026429571,8.661973e-08
31001,2025-01-28,2,D1,3,D2,3,D2,False,4.9229685e-19,4.6726435e-11,0.0052724984,0.96753734,0.027190067,9.365255e-08
31001,2025-02-04,2,D1,3,D2,3,D2,False,4.0414838e-19,3.447554e-11,0.0047136196,0.9666704,0.028615886,1.1398032e-07
31001,2025-02-11,2,D1,3,D2,3,D2,False,2.8891444e-19,1.9955993e-11,0.0037285096,0.9648614,0.03140997,1.6053485e-07
31001,2025-02-18,2,D1,3,D2,3,D2,False,3.447848e-19,2.3814502e-11,0.004195038,0.9662369,0.02956789,1.5950427e-07
31001,2025-02-25,2,D1,3,D2,3,D2,False,4.431166e-19,2.9798795e-11,0.0048892484,0.96594274,0.02916794,1.555596e-07
31001,2025-03-04,2,D1,3,D2,3,D2,False,3.817294e-19,1.5841717e-11,0.0032605566,0.954248,0.042491075,3.642096e-07
31001,2025-03-11,2,D1,3,D2,3,D2,False,4.5833e-19,1.31371415e-11,0.0023733627,0.9279715,0.06965423,8.448542e-07
31001,2025-03-18,2,D1,3,D2,3,D2,False,2.1258425e-19,6.5631593e-12,0.0016865126,0.87328154,0.12503031,1.6518936e-06
31001,2025-03-25,1,D0,3,D2,3,D2,False,1.6024892e-19,4.4801437e-12,0.0018300129,0.88031703,0.1178506,2.31771e-06
31001,2025-04-01,1,D0,3,D2,3,D2,False,2.5279544e-11,9.131849e-06,0.43972132,0.5280618,0.03219986,7.921822e-06
31001,2025-04-08,1,D0,2,D1,2,D1,False,1.5430049e-05,0.10183096,0.8965938,0.0015596964,5.591715e-08,4.3076487e-10
31001,2025-04-15,2,D1,2,D1,2,D1,True,3.059289e-05,0.1422291,0.85699886,0.00074144534,9.0433225e-09,1.3997692e-10
31001,2025-04-22,2,D1,3,D2,3,D2,False,1.1714711e-15,6.64935e-09,0.03363272,0.9269044,0.039462678,2.6138525e-07
31001,2025-04-29,2,D1,3,D2,3,D2,False,1.9600644e-19,6.5172603e-12,0.0033953818,0.96309847,0.033506006,1.5140232e-07
31001,2025-05-06,3,D2,3,D2,3,D2,True,9.379856e-20,2.2109111e-12,0.0020304385,0.9588402,0.03912928,1.3859491e-07
31001,2025-05-13,3,D2,3,D2,3,D2,True,5.674462e-25,2.8940797e-16,0.0001074552,0.689274,0.3106185,9.90365e-08
31001,2025-05-20,3,D2,3,D2,3,D2,True,2.2856547e-30,8.944556e-20,1.1205817e-05,0.7935918,0.20639706,8.249682e-10
31001,2025-05-27,3,D2,3,D2,3,D2,True,2.3908333e-31,8.0054305e-21,3.0475235e-06,0.61978006,0.38021693,1.9128534e-09
31001,2025-06-03,3,D2,4,D3,4,D3,False,6.4884596e-32,1.3867446e-21,8.5938376e-07,0.36366645,0.63633275,5.4865654e-09
31001,2025-06-10,3,D2,4,D3,4,D3,False,3.8956767e-32,6.010341e-22,3.0039482e-07,0.2979847,0.702015,8.54728e-09
31001,2025-06-17,3,D2,4,D3,4,D3,False,4.313473e-34,8.418105e-24,1.5368341e-08,0.18949617,0.8105038,6.134993e-09
31001,2025-06-24,3,D2,4,D3,4,D3,False,1.1358371e-34,1.4435173e-24,3.6107333e-09,0.20104468,0.7989554,2.3080677e-09
31001,2025-07-01,2,D1,4,D3,4,D3,False,6.9142635e-35,2.9609887e-25,8.5259105e-10,0.12523976,0.87476027,1.2576973e-09
31001,2025-07-08,2,D1,4,D3,4,D3,False,7.7920267e-31,1.6812212e-23,2.4221194e-10,0.014536123,0.9854628,1.0434777e-06
31001,2025-07-15,2,D1,4,D3,4,D3,False,2.4361712e-30,3.0450646e-23,3.2408515e-10,0.012868765,0.9871296,1.5941924e-06
31001,2025-07-22,2,D1,4,D3,4,D3,False,2.3205345e-31,2.5876174e-24,5.982969e-11,0.0071923793,0.9928059,1.7048852e-06
31001,2025-07-29,2,D1,4,D3,4,D3,False,1.5944909e-25,2.6655557e-19,7.518844e-09,0.017317148,0.9826233,5.9571834e-05
31001,2025-08-05,1,D0,4,D3,4,D3,False,1.0242076e-23,6.8273486e-18,8.21356e-08,0.074503645,0.92537934,0.00011696273
31001,2025-08-12,0,None,5,D4,5,D4,False,2.3342261e-07,9.035542e-06,9.192666e-05,0.0021772876,0.27640575,0.72131574
31001,2025-08-19,0,None,0,None,0,None,True,0.9533223,0.04667668,2.2417016e-08,8.128081e-12,1.8252778e-07,7.5551696e-07
31001,2025-08-26,0,None,0,None,0,None,True,0.95379305,0.04620688,1.3297196e-09,1.6036043e-14,8.352103e-09,9.1210396e-08
31001,2025-09-02,0,None,0,None,0,None,True,0.9649778,0.035022195,2.7548952e-09,2.5887383e-14,3.5967e-10,1.0427331e-08
31001,2025-09-09,0,None,0,None,0,None,True,0.9210181,0.07898193,3.2829761e-09,3.4988723e-16,5.268454e-12,1.3065446e-10
31001,2025-09-16,0,None,0,None,0,None,True,0.957568,0.04243203,3.5610936e-09,1.883465e-15,5.4848282e-11,5.2952637e-10
31001,2025-09-23,0,None,0,None,0,None,True,0.9643324,0.035667624,1.8002803e-08,5.7484e-14,8.5950397e-10,2.6751177e-09
31001,2025-09-30,0,None,0,None,0,None,True,0.99066776,0.00932334,7.60031e-08,6.879917e-11,1.1523211e-06,7.655939e-06
31001,2025-10-07,0,None,0,None,0,None,True,0.9911931,0.008796797,1.148047e-07,1.606876e-10,1.0672024e-06,8.88933e-06
31001,2025-10-14,0,None,0,None,0,None,True,0.8450701,0.005121119,1.4377496e-06,2.9076598e-06,0.01249144,0.137313
31001,2025-10-21,0,None,5,D4,0,None,True,0.31998244,0.0023268927,2.12339e-06,4.284764e-05,0.05466779,0.6229779
31001,2025-10-28,0,None,0,None,0,None,True,0.4837066,0.0038319242,3.219512e-06,1.9043218e-05,0.045934435,0.46650475
31001,2025-11-04,0,None,0,None,0,None,True,0.9900355,0.0085659465,5.974536e-07,2.5498485e-08,0.00033589578,0.0010621154
31001,2025-11-11,0,None,0,None,0,None,True,0.9776072,0.0070300736,8.538908e-07,2.2755408e-07,0.00496832,0.0103932945
31001,2025-11-18,0,None,0,None,0,None,True,0.97770226,0.00600952,1.0121596e-06,4.366483e-07,0.0057885414,0.0104982555
31001,2025-11-25,0,None,0,None,0,None,True,0.87070113,0.0060091205,2.358863e-06,2.908915e-06,0.05678575,0.06649864
31001,2025-12-02,0,None,0,None,0,None,True,0.8312702,0.004688183,1.6706612e-06,3.6608892e-06,0.07470392,0.089332245
31001,2025-12-09,0,None,0,None,0,None,True,0.7109589,0.0038535206,1.5566055e-06,5.880067e-06,0.14111014,0.14407013
31001,2025-12-16,0,None,4,D3,0,None,True,0.23310883,0.0011438899,7.501085e-07,8.848842e-06,0.39437878,0.37135893
31001,2025-12-23,0,None,4,D3,0,None,True,0.23359789,0.0011846225,7.850096e-07,9.214023e-06,0.39969802,0.3655095
31001,2025-12-30,1,D0,4,D3,5,D4,False,0.109540194,0.000554955,4.3867735e-07,7.9616575e-06,0.48710734,0.402789
31003,2022-01-04,1,D0,2,D1,2,D1,False,4.427219e-08,0.0024752668,0.85106695,0.14597836,0.00047935557,4.522536e-08
31003,2022-01-11,1,D0,2,D1,2,D1,False,4.192727e-08,0.002423171,0.8596239,0.13755322,0.00039962842,3.841875e-08
31003,2022-01-18,1,D0,2,D1,2,D1,False,3.3427302e-08,0.0021600917,0.8779915,0.11957821,0.00027014498,3.103087e-08
31003,2022-01-25,1,D0,2,D1,2,D1,False,2.9220303e-08,0.002031743,0.9053463,0.09239609,0.00022584398,3.358659e-08
31003,2022-02-01,1,D0,2,D1,2,D1,False,9.333314e-09,0.0010029972,0.9078759,0.090726346,0.0003946616,5.499651e-08
31003,2022-02-08,2,D1,2,D1,2,D1,True,5.916792e-09,0.00076063705,0.90562385,0.093078755,0.00053666584,6.782967e-08
31003,2022-02-15,2,D1,3,D2,3,D2,False,1.324331e-16,1.7911017e-09,0.035481527,0.9409779,0.023540502,1.3393627e-07
31003,2022-02-22,2,D1,3,D2,3,D2,False,3.258634e-19,1.538131e-11,0.006963074,0.9749414,0.01809551,2.7583278e-08
31003,2022-03-01,3,D2,3,D2,3,D2,True,4.8085115e-19,1.6385341e-11,0.006149238,0.97727555,0.016575241,2.4593312e-08
31003,2022-03-08,3,D2,3,D2,3,D2,True,9.3546164e-30,3.149744e-19,1.209266e-05,0.9420753,0.0579126,3.8745618e-11
31003,2022-03-15,3,D2,3,D2,3,D2,True,1.0318208e-31,6.996378e-21,7.596353e-07,0.73741215,0.26258707,2.5471147e-10
31003,2022-03-22,3,D2,4,D3,3,D2,True,2.0374221e-34,1.01161984e-23,2.1895271e-08,0.44212696,0.5578731,6.169636e-10
31003,2022-03-29,3,D2,4,D3,4,D3,False,7.952317e-34,2.0760243e-24,1.7943886e-09,0.13741826,0.86258173,1.1965297e-09
31003,2022-04-05,3,D2,4,D3,4,D3,False,3.2825195e-32,2.3920253e-24,7.691704e-11,0.022227332,0.97777265,5.060095e-08
31003,2022-04-12,4,D3,4,D3,4,D3,True,1.02056956e-32,3.0779316e-25,9.085545e-12,0.006593553,0.99340606,4.264391e-07
31003,2022-04-19,4,D3,4,D3,4,D3,True,1.3432746e-32,1.6655884e-26,1.3850347e-13,0.00016188789,0.9997774,6.0747683e-05
31003,2022-04-26,4,D3,4,D3,4,D3,True,1.001495e-33,1.5019132e-27,4.5316923e-14,0.0001359801,0.9997824,8.161092e-05
31003,2022-05-03,4,D3,4,D3,4,D3,True,7.683387e-34,5.1712437e-28,4.933594e-14,0.00020949071,0.99974805,4.2511376e-05
31003,2022-05-10,4,D3,4,D3,4,D3,True,8.663653e-33,2.1161238e-27,7.7193826e-14,0.00016115552,0.99969494,0.00014396511
31003,2022-05-17,4,D3,4,D3,4,D3,True,2.8537519e-31,1.3870225e-26,5.484705e-14,2.0776177e-05,0.9938253,0.0061539053
31003,2022-05-24,4,D3,4,D3,4,D3,True,2.6619307e-30,2.2823804e-25,3.1543542e-13,4.7378726e-05,0.9953968,0.0045558284
31003,2022-05-31,3,D2,4,D3,4,D3,False,1.8119604e-30,2.9502227e-25,5.9399724e-13,0.00012191637,0.998928,0.00095009484
31003,2022-06-07,3,D2,4,D3,4,D3,False,2.3282005e-30,3.680616e-23,6.844167e-10,0.018662937,0.98133445,2.583734e-06
31003,2022-06-14,3,D2,4,D3,4,D3,False,5.385522e-31,3.3118678e-23,1.3663297e-09,0.0260786,0.97392046,8.97321e-07
31003,2022-06-21,3,D2,4,D3,4,D3,False,1.6043122e-31,2.7974986e-23,1.8123943e-09,0.038362965,0.9616367,3.1385662e-07
31003,2022-06-28,3,D2,4,D3,4,D3,False,3.7939148e-32,9.905978e-24,1.1603188e-09,0.02669581,0.97330374,4.5435252e-07
31003,2022-07-05,3,D2,4,D3,4,D3,False,1.3652059e-33,5.9440245e-25,2.933119e-10,0.015449911,0.98454964,4.5528776e-07
31003,2022-07-12,3,D2,4,D3,4,D3,False,3.1814399e-34,9.315065e-26,7.9652576e-11,0.008201098,0.9917965,2.3456137e-06
31003,2022-07-19,3,D2,4,D3,4,D3,False,3.500689e-34,8.793484e-26,7.80276e-11,0.006213468,0.9937801,6.420925e-06
31003,2022-07-26,3,D2,4,D3,4,D3,False,4.5810567e-34,7.570311e-26,6.990422e-11,0.006802038,0.993192,5.9473646e-06
31003,2022-08-02,3,D2,4,D3,4,D3,False,7.311943e-34,1.5468764e-25,1.3423121e-10,0.012935832,0.9870624,1.8201678e-06
31003,2022-08-09,3,D2,4,D3,4,D3,False,3.9465584e-33,1.3222248e-24,5.0694043e-10,0.031431425,0.9685684,2.0075926e-07
31003,2022-08-16,4,D3,4,D3,4,D3,True,4.860739e-31,3.3288514e-24,3.183851e-11,0.0072314567,0.9927658,2.6784714e-06
31003,2022-08-23,4,D3,4,D3,4,D3,True,1.0869011e-30,1.0866681e-24,5.033155e-12,0.002437988,0.99754095,2.1025853e-05
31003,2022-08-30,4,D3,4,D3,4,D3,True,4.6689932e-30,6.8614407e-25,1.6504481e-12,0.00077206275,0.9990735,0.00015438016
31003,2022-09-06,5,D4,4,D3,4,D3,False,4.811499e-30,3.657905e-25,6.567908e-13,0.00036485933,0.9992618,0.00037329094
31003,2022-09-13,5,D4,4,D3,4,D3,False,1.2498682e-30,1.3908995e-26,3.617788e-14,7.546712e-05,0.9978434,0.0020811174
31003,2022-09-20,5,D4,4,D3,4,D3,False,2.024015e-30,1.4976762e-26,2.999517e-14,5.8676233e-05,0.9973838,0.0025575757
31003,2022-09-27,5,D4,4,D3,4,D3,False,2.8042475e-30,1.611859e-26,2.36502e-14,5.407567e-05,0.99637455,0.0035713557
31003,2022-10-04,5,D4,4,D3,4,D3,False,2.9901784e-29,9.530008e-26,4.4840227e-14,5.3890475e-05,0.9925504,0.007395737
31003,2022-10-11,5,D4,4,D3,4,D3,False,1.0137993e-28,2.750451e-25,9.10622e-14,7.4496216e-05,0.992401,0.007524494
31003,2022-10-18,5,D4,4,D3,4,D3,False,2.3694726e-28,5.895644e-25,1.6732359e-13,0.000113054375,0.9939294,0.005957508
31003,2022-10-25,5,D4,4,D3,4,D3,False,3.0319154e-28,6.9764448e-25,2.0825987e-13,0.00014108063,0.995252,0.004606962
31003,2022-11-01,5,D4,4,D3,4,D3,False,4.0292207e-28,8.975211e-25,2.3769387e-13,0.00014819589,0.9952297,0.004622156
31003,2022-11-08,5,D4,4,D3,4,D3,False,1.6374236e-28,3.1502076e-25,1.0154203e-13,8.9722795e-05,0.9936998,0.006210478
31003,2022-11-15,5,D4,4,D3,4,D3,False,3.3605865e-29,6.3195234e-26,3.7258513e-14,3.8283968e-05,0.99186826,0.00809347
31003,2022-11-22,5,D4,4,D3,4,D3,False,1.3876351e-29,3.480027e-26,2.6034588e-14,2.0322235e-05,0.99077106,0.009208643
31003,2022-11-29,5,D4,4,D3,4,D3,False,9.074525e-30,2.326964e-26,1.8965745e-14,1.4187245e-05,0.9900739,0.009911934
31003,2022-12-06,5,D4,4,D3,4,D3,False,7.135297e-30,1.8149959e-26,1.5702424e-14,1.09721395e-05,0.98809737,0.011891651
31003,2022-12-13,5,D4,4,D3,4,D3,False,7.003152e-30,1.6029361e-26,1.14930724e-14,6.3413163e-06,0.9780157,0.021977985
31003,2022-12-20,5,D4,4,D3,4,D3,False,7.937656e-30,1.3621364e-26,9.048745e-15,4.7951758e-06,0.96740913,0.032586038
31003,2022-12-27,5,D4,4,D3,4,D3,False,1.0476251e-29,2.0028363e-26,1.6774146e-14,9.869628e-06,0.9766163,0.023373779
31003,2023-01-03,5,D4,4,D3,4,D3,False,3.559463e-29,8.731845e-26,9.7234646e-14,4.2701122e-05,0.9897132,0.010244084
31003,2023-01-10,5,D4,4,D3,4,D3,False,6.2245556e-29,1.9566833e-25,2.4390136e-13,9.842397e-05,0.99321645,0.006685108
31003,2023-01-17,5,D4,4,D3,4,D3,False,5.254002e-29,1.9324673e-25,2.6813951e-13,0.00011654131,0.9943668,0.005516573
31003,2023-01-24,5,D4,4,D3,4,D3,False,4.3628163e-29,2.8827167e-25,4.8615924e-13,0.00021887198,0.9971957,0.0025853612
31003,2023-01-31,5,D4,4,D3,4,D3,False,1.231675e-28,1.1757861e-24,2.7257727e-12,0.0008370532,0.9983076,0.0008553732
31003,2023-02-07,5,D4,4,D3,4,D3,False,8.792826e-28,7.390293e-24,8.613655e-12,0.0014490518,0.99766445,0.00088649226
31003,2023-02-14,5,D4,4,D3,4,D3,False,4.9626284e-28,3.8152627e-24,4.1583525e-12,0.001019743,0.99735415,0.0016261509
31003,2023-02-21,5,D4,4,D3,4,D3,False,3.2500087e-28,2.196279e-24,2.7510815e-12,0.0007408156,0.9972867,0.001972526
31003,2023-02-28,4,D3,4,D3,4,D3,True,3.362961e-28,1.6053181e-24,8.763831e-13,0.0002502333,0.9970125,0.0027372018
31003,2023-03-07,3,D2,4,D3,4,D3,False,2.524803e-29,1.9764898e-25,3.0052583e-13,0.00028234444,0.99843293,0.0012847334
31003,2023-03-14,3,D2,4,D3,4,D3,False,2.029082e-28,4.3934685e-24,3.389769e-12,0.00046664887,0.9988237,0.00070958125
31003,2023-03-21,3,D2,4,D3,4,D3,False,2.9751109e-28,4.6972417e-23,3.1610894e-11,0.0033659318,0.99655885,7.5228796e-05
31003,2023-03-28,3,D2,4,D3,4,D3,False,1.5262049e-28,2.0433216e-23,2.1639203e-11,0.0039464734,0.99599504,5.844547e-05
31003,2023-04-04,3,D2,4,D3,4,D3,False,2.1881459e-29,7.946941e-24,2.966478e-11,0.005998787,0.99397534,2.5844785e-05
31003,2023-04-11,3,D2,4,D3,4,D3,False,1.5060138e-30,2.4100651e-24,3.898168e-11,0.008915425,0.9910796,4.9887512e-06
31003,2023-04-18,3,D2,4,D3,4,D3,False,5.9424083e-30,6.341989e-24,7.2446084e-11,0.0103963455,0.9895968,6.8684085e-06
31003,2023-04-25,4,D3,4,D3,4,D3,True,8.177928e-30,8.114929e-24,7.689167e-11,0.008697625,0.991293,9.414261e-06
31003,2023-05-02,4,D3,4,D3,4,D3,True,1.7540281e-30,3.4304188e-25,3.030011e-12,0.0005691391,0.9993311,9.9808705e-05
31003,2023-05-09,4,D3,4,D3,4,D3,True,1.05683835e-30,4.136725e-25,4.4670383e-12,0.00073427416,0.9991829,8.280879e-05
31003,2023-05-16,3,D2,4,D3,4,D3,False,1.996399e-30,9.686038e-25,1.057676e-11,0.0013856323,0.9985511,6.330865e-05
31003,2023-05-23,3,D2,4,D3,4,D3,False,1.2439572e-28,3.7307065e-22,1.3851351e-09,0.02995114,0.9700436,5.2685123e-06
31003,2023-05-30,3,D2,4,D3,4,D3,False,1.1822363e-29,6.552431e-23,1.367034e-09,0.042787995,0.95720994,2.0467576e-06
31003,2023-06-06,3,D2,4,D3,4,D3,False,4.497696e-30,4.113076e-23,1.6119907e-09,0.046837673,0.9531609,1.4579695e-06
31003,2023-06-13,3,D2,4,D3,4,D3,False,1.8894736e-30,2.339114e-23,1.409339e-09,0.042291988,0.9577065,1.4384486e-06
31003,2023-06-20,3,D2,4,D3,4,D3,False,8.882147e-31,1.6291338e-23,1.4334274e-09,0.038861796,0.9611367,1.5487574e-06
31003,2023-06-27,3,D2,4,D3,4,D3,False,3.4911498e-30,1.24114705e-23,2.6147617e-10,0.017739065,0.98225534,5.5829446e-06
31003,2023-07-04,3,D2,4,D3,4,D3,False,7.679687e-30,1.5359221e-23,1.7937937e-10,0.014852934,0.9851394,7.640244e-06
31003,2023-07-11,3,D2,4,D3,4,D3,False,1.1325621e-29,1.2707185e-23,1.1672305e-10,0.011220525,0.9887688,1.0686892e-05
31003,2023-07-18,3,D2,4,D3,4,D3,False,1.21547636e-29,1.1028298e-23,1.076376e-10,0.009523386,0.9904654,1.1182518e-05
31003,2023-07-25,3,D2,4,D3,4,D3,False,1.2508991e-29,8.837266e-24,6.399931e-11,0.006543286,0.99344146,1.5170253e-05
31003,2023-08-01,2,D1,4,D3,4,D3,False,1.2910793e-29,8.661214e-24,5.5912826e-11,0.006095372,0.9938885,1.6156335e-05
31003,2023-08-08,2,D1,4,D3,4,D3,False,1.8444383e-26,3.552032e-20,2.5838508e-08,0.04246531,0.95752245,1.2247497e-05
31003,2023-08-15,2,D1,4,D3,4,D3,False,2.998195e-25,1.0202751e-18,2.9891837e-07,0.14428952,0.85570484,5.2975342e-06
31003,2023-08-22,2,D1,4,D3,4,D3,False,2.5139695e-25,2.3905243e-18,8.653962e-07,0.2944719,0.7055262,1.1218588e-06
31003,2023-08-29,2,D1,4,D3,4,D3,False,5.4685426e-25,4.7261332e-18,1.4034994e-06,0.36908358,0.63091385,1.1455455e-06
31003,2023-09-05,2,D1,4,D3,4,D3,False,3.6106203e-25,2.9523472e-18,6.699006e-07,0.325684,0.6743138,1.5683735e-06
31003,2023-09-12,2,D1,4,D3,4,D3,False,2.3051484e-25,2.2431672e-18,6.3448135e-07,0.33457693,0.66542125,1.2284105e-06
31003,2023-09-19,2,D1,4,D3,4,D3,False,1.863736e-25,1.9507502e-18,6.122945e-07,0.33892605,0.6610723,1.1105485e-06
31003,2023-09-26,2,D1,4,D3,4,D3,False,1.7244661e-25,1.7764796e-18,5.8093843e-07,0.33504003,0.6649583,1.1256964e-06
31003,2023-10-03,2,D1,4,D3,4,D3,False,1.7913997e-25,1.7277209e-18,5.57449e-07,0.32947078,0.67052746,1.2099238e-06
31003,2023-10-10,2,D1,4,D3,4,D3,False,1.7689619e-25,1.6328543e-18,5.460633e-07,0.3281961,0.6718021,1.2582493e-06
31003,2023-10-17,1,D0,4,D3,4,D3,False,1.6790679e-25,1.5800238e-18,5.770465e-07,0.34007782,0.6599204,1.229656e-06
31003,2023-10-24,1,D0,4,D3,4,D3,False,1.6047864e-21,1.5006191e-15,4.884643e-06,0.25093582,0.74903804,2.1245603e-05
31003,2023-10-31,0,None,3,D2,3,D2,False,9.0582944e-11,9.462858e-07,0.020775285,0.4900889,0.48854175,0.0005930961
31003,2023-11-07,0,None,0,None,0,None,True,0.78714585,0.11849154,1.284419e-05,8.427615e-07,0.006745572,0.0876033
31003,2023-11-14,0,None,0,None,0,None,True,0.9616722,0.038327407,2.0773523e-08,1.5138207e-11,1.0135223e-07,2.5574894e-07
31003,2023-11-21,0,None,0,None,0,None,True,0.96909845,0.03090156,7.9846063e-10,3.888705e-15,7.5470813e-10,5.609235e-09
31003,2023-11-28,0,None,0,None,0,None,True,0.9877303,0.012269709,2.0563046e-10,8.1910717e-16,6.4525213e-10,9.1325365e-09
31003,2023-12-05,0,None,0,None,0,None,True,0.96345454,0.036545407,6.128643e-10,1.3869771e-16,4.1702836e-11,4.7947624e-10
31003,2023-12-12,0,None,0,None,0,None,True,0.9849771,0.015022244,2.0727438e-09,5.6094543e-14,5.6202982e-08,6.1978756e-07
31003,2023-12-19,0,None,0,None,0,None,True,0.9781536,0.021845214,8.563673e-09,2.321838e-13,1.7946911e-07,9.2824746e-07
31003,2023-12-26,0,None,0,None,0,None,True,0.9893301,0.009564977,3.8874127e-08,8.240996e-11,9.8607736e-05,0.0010062868
31003,2024-01-02,0,None,0,None,0,None,True,0.5221005,0.0023616364,7.4146044e-08,9.86381e-09,0.027201092,0.44833666
31003,2024-01-09,0,None,5,D4,5,D4,False,0.0056086383,1.8257184e-05,4.7925615e-09,5.3173448e-08,0.18487912,0.8094939
31003,2024-01-16,0,None,5,D4,5,D4,False,0.00042669126,2.3329555e-06,3.5111523e-09,9.4311196e-07,0.27119324,0.7283768
31003,2024-01-23,0,None,5,D4,5,D4,False,0.0002240503,1.9261897e-06,4.426046e-09,3.8772605e-06,0.3115518,0.6882184
31003,2024-01-30,0,None,0,None,0,None,True,0.4157504,0.003628024,1.5434755e-07,1.11113216e-07,0.2550478,0.3255735
31003,2024-02-06,0,None,5,D4,5,D4,False,0.081846885,0.00047831816,4.0191566e-08,6.621921e-08,0.3014908,0.6161839
31003,2024-02-13,0,None,5,D4,5,D4,False,0.019080061,8.43561e-05,1.23835635e-08,3.5143376e-08,0.25347748,0.7273581
31003,2024-02-20,0,None,5,D4,5,D4,False,0.031523038,0.0001454349,2.4885187e-08,5.9924275e-08,0.2592657,0.7090657
31003,2024-02-27,0,None,5,D4,5,D4,False,0.029062454,0.000104441206,2.7615647e-08,4.247335e-08,0.14692949,0.8239037
31003,2024-03-05,0,None,5,D4,5,D4,False,0.058531318,0.0002799089,7.6121346e-08,4.3316415e-08,0.12188317,0.81930554
31003,2024-03-12,0,None,5,D4,5,D4,False,0.063780144,0.00029995717,6.897017e-08,3.694257e-08,0.11819342,0.81772643
31003,2024-03-19,1,D0,5,D4,5,D4,False,0.00030546632,9.0183306e-07,1.0209995e-09,1.6453507e-08,0.1738004,0.8258933
31003,2024-03-26,0,None,5,D4,5,D4,False,3.9087293e-09,1.04354385e-07,1.2381461e-05,0.0026836717,0.30987138,0.6874325
31003,2024-04-02,0,None,0,None,0,None,True,0.88699436,0.014789006,2.1207084e-06,9.6906554e-08,0.01272172,0.08549268
31003,2024-04-09,0,None,0,None,0,None,True,0.9802464,0.0077891853,2.5896696e-07,6.0748655e-09,0.0032545703,0.008709566
31003,2024-04-16,0,None,0,None,0,None,True,0.9744949,0.025503546,3.7513853e-08,9.644931e-12,4.8755385e-07,1.0732565e-06
31003,2024-04-23,0,None,0,None,0,None,True,0.9826202,0.017377926,1.625365e-08,3.0915687e-12,2.1195454e-07,1.6186272e-06
31003,2024-04-30,0,None,0,None,0,None,True,0.9925962,0.0070644375,1.4590731e-08,8.453011e-12,7.152119e-06,0.00033223923
31003,2024-05-07,0,None,0,None,0,None,True,0.99241686,0.0072454656,1.4942731e-08,5.5758926e-12,4.238321e-06,0.00033343243
31003,2024-05-14,0,None,0,None,0,None,True,0.9910205,0.008948146,7.862787e-08,2.4053582e-11,1.3131229e-06,2.9884059e-05
31003,2024-05-21,0,None,0,None,0,None,True,0.9910513,0.008853785,1.6315778e-07,1.0464142e-10,4.7321323e-06,9.0062495e-05
31003,2024-05-28,0,None,0,None,0,None,True,0.99113923,0.0077081015,3.8524846e-07,1.3794628e-09,0.000101427366,0.0010509713
31003,2024-06-04,0,None,0,None,0,None,True,0.9833355,0.0065949075,6.8171033e-07,9.787883e-09,0.0012612535,0.008807667
31003,2024-06-11,0,None,0,None,0,None,True,0.909659,0.0054944432,9.118103e-07,4.3717414e-08,0.012584158,0.072261475
31003,2024-06-18,0,None,0,None,0,None,True,0.6562575,0.0033150702,5.365066e-07,5.854896e-08,0.04311197,0.29731488
31003,2024-06-25,0,None,0,None,0,None,True,0.74493414,0.0037596019,7.340608e-07,6.88043e-08,0.036015216,0.21529028
31003,2024-07-02,0,None,0,None,0,None,True,0.7699898,0.0041029127,1.1242746e-06,1.4017955e-07,0.040171247,0.1857349
31003,2024-07-09,0,None,0,None,0,None,True,0.8455482,0.00519588,1.7817767e-06,3.4449994e-07,0.04464128,0.1046125
31003,2024-07-16,0,None,0,None,0,None,True,0.902099,0.005734948,2.2090858e-06,4.2748368e-07,0.028356109,0.06380724
31003,2024-07-23,0,None,0,None,0,None,True,0.90697026,0.0055431616,1.2596394e-06,4.779091e-07,0.030394498,0.057090286
31003,2024-07-30,0,None,0,None,0,None,True,0.96421826,0.01302524,4.922761e-06,3.9061483e-06,0.01286038,0.009887272
31003,2024-08-06,1,D0,4,D3,4,D3,False,7.9758196e-05,1.056954e-06,4.4528928e-08,1.5236628e-05,0.7257941,0.27410978
31003,2024-08-13,1,D0,4,D3,4,D3,False,4.1021288e-08,3.9767083e-06,0.002478574,0.30741057,0.64901155,0.04109528
31003,2024-08-20,1,D0,3,D2,3,D2,False,1.2968555e-10,2.645618e-06,0.05591437,0.85667163,0.08740804,3.3473643e-06
31003,2024-08-27,1,D0,3,D2,3,D2,False,8.704871e-11,7.999967e-06,0.14428735,0.82923263,0.026471773,2.0225377e-07
31003,2024-09-03,1,D0,3,D2,3,D2,False,2.1786613e-09,8.298279e-05,0.32980323,0.66115004,0.008963419,2.963714e-07
31003,2024-09-10,1,D0,3,D2,3,D2,False,5.276664e-10,5.759856e-05,0.41875395,0.57495177,0.0062363385,2.985744e-07
31003,2024-09-17,2,D1,2,D1,2,D1,True,5.6220695e-10,0.00010604285,0.54874825,0.4475567,0.003588764,1.476561e-07
31003,2024-09-24,2,D1,3,D2,3,D2,False,3.2712753e-15,3.4155e-08,0.086378925,0.90235627,0.011264844,1.783225e-08
31003,2024-10-01,2,D1,3,D2,3,D2,False,5.2844467e-22,3.8339615e-14,0.0005750505,0.93059534,0.06882958,1.97966e-08
31003,2024-10-08,3,D2,3,D2,3,D2,True,3.4015e-27,5.2141673e-18,1.0242549e-05,0.540701,0.45928884,2.0491136e-08
31003,2024-10-15,3,D2,3,D2,3,D2,True,1.135873e-32,1.4315709e-21,4.1615093e-07,0.6233865,0.3766131,6.9907197e-10
31003,2024-10-22,3,D2,4,D3,4,D3,False,2.0954751e-35,1.5649215e-24,1.2499083e-08,0.3217417,0.67825824,2.355079e-10
31003,2024-10-29,3,D2,4,D3,4,D3,False,1.8416324e-35,1.3473637e-25,4.224849e-10,0.0588922,0.9411078,3.0971634e-09
31003,2024-11-05,3,D2,4,D3,4,D3,False,9.053112e-34,2.2641311e-26,2.9548581e-12,0.0054241535,0.99457574,9.979431e-08
31003,2024-11-12,3,D2,4,D3,4,D3,False,2.5213621e-33,8.590028e-27,8.457475e-13,0.0022015884,0.99779737,1.0491535e-06
31003,2024-11-19,3,D2,4,D3,4,D3,False,3.8577e-33,5.9267466e-27,5.328591e-13,0.0014897939,0.9985072,2.9229298e-06
31003,2024-11-26,3,D2,4,D3,4,D3,False,3.252478e-33,4.284686e-27,3.967055e-13,0.0013747893,0.9986218,3.336955e-06
31003,2024-12-03,3,D2,4,D3,4,D3,False,2.9645079e-33,3.842404e-27,3.6118404e-13,0.0014907531,0.99850625,2.9218177e-06
31003,2024-12-10,3,D2,4,D3,4,D3,False,4.566378e-33,7.417641e-27,7.97635e-13,0.002965934,0.9970318,2.2182578e-06
31003,2024-12-17,3,D2,4,D3,4,D3,False,4.920974e-33,1.05475726e-26,1.2769398e-12,0.004666029,0.9953323,1.6530491e-06
31003,2024-12-24,3,D2,4,D3,4,D3,False,2.9766387e-34,4.0395558e-26,4.073864e-11,0.033868365,0.9661316,4.129312e-08
31003,2024-12-31,3,D2,4,D3,4,D3,False,9.766806e-35,2.0994008e-26,4.1455114e-11,0.036204807,0.9637952,2.8960695e-08
31003,2025-01-07,3,D2,4,D3,4,D3,False,3.1055792e-35,7.681546e-27,2.1969506e-11,0.024553126,0.9754469,2.8567241e-08
31003,2025-01-14,3,D2,4,D3,4,D3,False,7.078215e-36,2.1416584e-27,8.107096e-12,0.011973434,0.9880265,3.2477676e-08
31003,2025-01-21,3,D2,4,D3,4,D3,False,3.0707458e-36,1.36326e-27,6.815819e-12,0.0096898265,0.99031013,3.4408394e-08
31003,2025-01-28,3,D2,4,D3,4,D3,False,1.9566282e-36,1.1940305e-27,6.873293e-12,0.008917827,0.9910821,3.476101e-08
31003,2025-02-04,3,D2,4,D3,4,D3,False,1.6401827e-36,1.1210542e-27,6.8016413e-12,0.008608358,0.99139166,3.5633345e-08
31003,2025-02-11,3,D2,4,D3,4,D3,False,1.7911183e-36,1.0365258e-27,6.202012e-12,0.008535657,0.9914643,3.8941423e-08
31003,2025-02-18,3,D2,4,D3,4,D3,False,3.2960857e-36,1.4760038e-27,8.093932e-12,0.009683074,0.99031687,4.2476994e-08
31003,2025-02-25,3,D2,4,D3,4,D3,False,1.4755812e-35,5.168589e-27,2.4718607e-11,0.016804889,0.983195,4.558307e-08
31003,2025-03-04,3,D2,4,D3,4,D3,False,1.3370858e-35,4.2372246e-27,1.8818041e-11,0.01839683,0.9816032,5.0320487e-08
31003,2025-03-11,3,D2,4,D3,4,D3,False,1.18179556e-35,2.0689878e-27,1.200274e-11,0.013914247,0.98608565,4.9349524e-08
31003,2025-03-18,3,D2,4,D3,4,D3,False,1.3259664e-34,1.587495e-26,1.8713078e-11,0.009399952,0.9906,7.251949e-08
31003,2025-03-25,3,D2,4,D3,4,D3,False,4.892096e-36,1.817475e-27,7.903158e-12,0.008621714,0.9913782,4.597377e-08
31003,2025-04-01,3,D2,4,D3,4,D3,False,1.072292e-35,5.5160694e-27,2.4125067e-11,0.010326594,0.9896734,5.312701e-08
31003,2025-04-08,3,D2,4,D3,4,D3,False,2.9233135e-35,1.3118789e-26,5.840326e-11,0.010427289,0.9895726,1.07615215e-07
31003,2025-04-15,3,D2,4,D3,4,D3,False,4.6821748e-35,1.8691252e-26,6.416021e-11,0.010225005,0.9897748,1.6044952e-07
31003,2025-04-22,3,D2,4,D3,4,D3,False,7.9848404e-35,3.1495364e-26,8.724858e-11,0.013542819,0.98645705,1.4248754e-07
31003,2025-04-29,3,D2,4,D3,4,D3,False,7.078468e-35,2.3621802e-26,7.823284e-11,0.012613112,0.98738676,1.5451381e-07
31003,2025-05-06,4,D3,4,D3,4,D3,True,2.4992932e-34,1.3375567e-25,3.064268e-10,0.019369978,0.98063,8.777045e-08
31003,2025-05-13,4,D3,4,D3,4,D3,True,7.3596743e-32,3.110638e-26,1.5453404e-12,0.00037809814,0.99959475,2.7162509e-05
31003,2025-05-20,4,D3,4,D3,4,D3,True,4.5853695e-32,2.9936618e-26,2.7213071e-12,0.0009080329,0.9990759,1.6053944e-05
31003,2025-05-27,4,D3,4,D3,4,D3,True,9.7490976e-33,4.828765e-27,6.2928856e-13,0.0009390607,0.9990508,1.0076314e-05
31003,2025-06-03,4,D3,4,D3,4,D3,True,1.75726e-32,5.882196e-27,3.8349301e-13,0.0014882548,0.99850357,8.217394e-06
31003,2025-06-10,3,D2,4,D3,4,D3,False,7.9085335e-33,2.1337299e-27,2.0692168e-13,0.0011329544,0.9988563,1.0759575e-05
31003,2025-06-17,3,D2,4,D3,4,D3,False,5.5316277e-33,5.183633e-26,2.4033627e-12,0.005363206,0.99463564,1.1073644e-06
31003,2025-06-24,3,D2,4,D3,4,D3,False,5.683862e-35,3.1319425e-27,2.645774e-12,0.00669446,0.9933054,1.8046184e-07
31003,2025-07-01,2,D1,4,D3,4,D3,False,2.0576445e-35,2.9435187e-27,5.3586883e-12,0.0075368574,0.992463,1.3312442e-07
31003,2025-07-08,1,D0,4,D3,4,D3,False,4.5998606e-27,1.3604993e-20,4.1563943e-09,0.022181008,0.977801,1.791073e-05
31003,2025-07-15,0,None,4,D3,4,D3,False,1.2422909e-19,1.1787095e-13,1.0493113e-05,0.14748666,0.85244465,5.822299e-05
31003,2025-07-22,0,None,0,None,0,None,True,0.6626354,0.16527064,0.00077795266,0.000118638505,0.06376723,0.10743019
31003,2025-07-29,0,None,0,None,0,None,True,0.93865997,0.06133997,1.9790443e-08,6.3830473e-13,2.5670248e-09,1.0256326e-08
31003,2025-08-05,0,None,0,None,0,None,True,0.935844,0.06415594,9.724366e-10,1.4637653e-16,1.00687375e-11,1.15367806e-10
31003,2025-08-12,0,None,0,None,0,None,True,0.9576327,0.042367324,6.4746225e-10,3.309842e-17,2.1228219e-12,4.895583e-11
31003,2025-08-19,0,None,0,None,0,None,True,0.95523226,0.04476774,1.9325856e-09,3.4049335e-16,3.8667625e-11,5.237113e-10
31003,2025-08-26,0,None,0,None,0,None,True,0.95611435,0.043885652,3.3904026e-09,8.6043936e-16,6.025416e-11,5.257409e-10
31003,2025-09-02,0,None,0,None,0,None,True,0.9790546,0.02094532,1.0128474e-08,1.6204335e-13,1.2936095e-08,6.660648e-08
31003,2025-09-09,0,None,0,None,0,None,True,0.9786845,0.021315433,4.993296e-08,2.249732e-12,2.7018887e-08,9.0292495e-08
31003,2025-09-16,0,None,0,None,0,None,True,0.98592234,0.014066304,3.008393e-07,2.8980932e-10,1.120318e-06,9.750583e-06
31003,2025-09-23,0,None,0,None,0,None,True,0.9858973,0.01242978,1.7981141e-06,3.343176e-08,0.00016622213,0.0015049563
31003,2025-09-30,0,None,0,None,0,None,True,0.69958735,0.008815319,1.0144952e-05,8.800782e-06,0.044275545,0.2473028
31003,2025-10-07,0,None,5,D4,5,D4,False,0.0028917268,1.8999011e-05,7.765898e-08,9.12072e-06,0.15304135,0.84403867
31003,2025-10-14,0,None,5,D4,5,D4,False,1.0465351e-05,4.4304077e-08,6.559862e-10,6.9343497e-07,0.13923873,0.8607501
31003,2025-10-21,0,None,5,D4,5,D4,False,0.0062218634,2.3923349e-05,1.36218405e-08,6.2913266e-08,0.14159717,0.8521568
31003,2025-10-28,0,None,5,D4,5,D4,False,0.0011787354,4.467833e-06,3.3705305e-09,9.2064816e-08,0.22447707,0.7743396
31003,2025-11-04,1,D0,5,D4,5,D4,False,0.0016962884,6.611217e-06,4.3899497e-09,1.0083969e-07,0.22969197,0.76860505
31003,2025-11-11,1,D0,4,D3,4,D3,False,2.7829475e-11,1.1221445e-09,2.7426477e-06,0.005748971,0.697446,0.2968023
31003,2025-11-18,1,D0,3,D2,3,D2,False,1.3200714e-09,4.535181e-06,0.014434406,0.83317876,0.15226369,0.000118647586
31003,2025-11-25,1,D0,3,D2,3,D2,False,5.658281e-09,6.036596e-05,0.17314199,0.80464435,0.022150794,2.4997119e-06
31003,2025-12-02,1,D0,2,D1,2,D1,False,5.417382e-08,0.0009014513,0.527986,0.46588156,0.005230442,5.3442926e-07
31003,2025-12-09,1,D0,2,D1,2,D1,False,8.0992216e-08,0.0030052874,0.82088643,0.17567232,0.00043590166,2.0185722e-08
31003,2025-12-16,1,D0,2,D1,2,D1,False,6.357887e-08,0.0028931831,0.8668363,0.13001855,0.00025191068,1.1834964e-08
31003,2025-12-23,2,D1,2,D1,2,D1,True,4.691934e-08,0.0026080182,0.87601525,0.121178195,0.0001984698,9.419392e-09
31003,2025-12-30,2,D1,3,D2,3,D2,False,2.127705e-14,1.6502703e-07,0.099632725,0.89469665,0.0056703896,6.6220394e-09
31005,2022-01-04,1,D0,2,D1,2,D1,False,5.656831e-05,0.15161051,0.82750636,0.02082626,3.3794075e-07,6.884668e-11
31005,2022-01-11,1,D0,2,D1,2,D1,False,7.661895e-05,0.14253855,0.8398798,0.017504891,1.0828298e-07,5.769832e-11
31005,2022-01-18,1,D0,2,D1,2,D1,False,5.6785222e-05,0.12522912,0.8662497,0.008464429,4.0017934e-08,7.0116975e-11
31005,2022-01-25,1,D0,2,D1,2,D1,False,5.5639295e-05,0.1273861,0.8688204,0.0037377903,4.1591086e-08,1.6266487e-10
31005,2022-02-01,1,D0,2,D1,2,D1,False,7.479535e-05,0.15147157,0.84614444,0.0023091687,3.3481747e-08,1.6455734e-10
31005,2022-02-08,1,D0,2,D1,2,D1,False,0.00010789587,0.16935824,0.82836306,0.0021707977,3.9865338e-08,3.068325e-10
31005,2022-02-15,2,D1,2,D1,2,D1,True,1.3251032e-07,0.0042445646,0.9418008,0.05361501,0.00033934703,1.9645503e-07
31005,2022-02-22,2,D1,3,D2,3,D2,False,3.5662784e-16,3.1345764e-09,0.034859136,0.93648326,0.028656876,6.7876897e-07
31005,2022-03-01,2,D1,3,D2,3,D2,False,8.5541177e-19,1.3660576e-11,0.0040268013,0.96930254,0.0266703,3.2588295e-07
31005,2022-03-08,2,D1,3,D2,3,D2,False,4.444604e-19,4.8924953e-12,0.0018033264,0.9479854,0.050210346,9.027245e-07
31005,2022-03-15,2,D1,3,D2,3,D2,False,5.2120444e-19,3.5265632e-12,0.0010550359,0.8267266,0.17220727,1.1058313e-05
31005,2022-03-22,2,D1,3,D2,3,D2,False,7.7790386e-19,3.393422e-12,0.0006311825,0.6853866,0.31390327,7.8949444e-05
31005,2022-03-29,2,D1,3,D2,3,D2,False,3.963914e-19,2.4898813e-12,0.00081806537,0.62105995,0.3780317,9.021583e-05
31005,2022-04-05,2,D1,3,D2,3,D2,False,2.0987457e-19,1.931346e-12,0.0009883157,0.6513439,0.34762296,4.489866e-05
31005,2022-04-12,2,D1,3,D2,3,D2,False,2.3380705e-19,2.6509166e-12,0.0014993768,0.8751024,0.12339244,5.8145824e-06
31005,2022-04-19,2,D1,3,D2,3,D2,False,1.994613e-19,2.7897509e-12,0.0016765933,0.92753696,0.070785,1.441271e-06
31005,2022-04-26,2,D1,3,D2,3,D2,False,2.3087123e-20,2.1001584e-13,0.00054135063,0.916801,0.08265732,3.498497e-07
31005,2022-05-03,2,D1,3,D2,3,D2,False,1.4338224e-20,3.2616826e-13,0.0006212228,0.9443378,0.055040963,1.0160373e-07
31005,2022-05-10,2,D1,3,D2,3,D2,False,1.8510582e-18,1.16184576e-10,0.008630237,0.9560558,0.035313442,4.3249545e-07
31005,2022-05-17,2,D1,3,D2,3,D2,False,4.393509e-20,5.4882388e-12,0.0043318872,0.9780408,0.017627329,1.0099592e-08
31005,2022-05-24,2,D1,3,D2,3,D2,False,2.8664862e-20,3.8155703e-12,0.003124187,0.9692593,0.027616473,1.8594722e-08
31005,2022-05-31,2,D1,3,D2,3,D2,False,4.367188e-21,7.4855606e-13,0.0013478363,0.97586775,0.022784363,1.4451493e-08
31005,2022-06-07,2,D1,3,D2,3,D2,False,4.089049e-21,3.718282e-13,0.000916111,0.96513945,0.03394447,8.453475e-09
31005,2022-06-14,2,D1,3,D2,3,D2,False,1.0312569e-20,6.3318946e-13,0.00070050976,0.9429568,0.056342695,1.2110042e-08
31005,2022-06-21,2,D1,3,D2,3,D2,False,2.3065344e-21,4.212941e-14,0.00014132734,0.84655046,0.15330811,1.0887355e-07
31005,2022-06-28,2,D1,3,D2,3,D2,False,3.2646464e-21,5.883185e-14,0.0001091058,0.73249197,0.267398,9.899203e-07
31005,2022-07-05,2,D1,3,D2,3,D2,False,3.027485e-21,4.607424e-14,0.00010915276,0.6885203,0.3113694,1.1289721e-06
31005,2022-07-12,2,D1,3,D2,3,D2,False,2.8656023e-19,2.1478414e-12,0.00069644256,0.69935215,0.29995,1.3831636e-06
31005,2022-07-19,1,D0,3,D2,3,D2,False,1.19675995e-17,5.5371156e-11,0.0028413301,0.7111541,0.2860033,1.2638626e-06
31005,2022-07-26,1,D0,3,D2,3,D2,False,4.737654e-19,2.1509487e-12,0.00039153735,0.51419765,0.48540375,7.035943e-06
31005,2022-08-02,1,D0,3,D2,3,D2,False,6.5400804e-18,1.1632868e-11,0.00086539506,0.59242517,0.4066867,2.2743647e-05
31005,2022-08-09,2,D1,3,D2,3,D2,False,1.5097002e-17,9.049283e-11,0.0049299006,0.8519172,0.14315128,1.6533077e-06
31005,2022-08-16,2,D1,3,D2,3,D2,False,2.0629723e-21,2.0671624e-14,0.0001748534,0.6231298,0.37669253,2.807577e-06
31005,2022-08-23,2,D1,3,D2,3,D2,False,4.332333e-23,6.1797226e-16,3.7035014e-05,0.52645457,0.47350577,2.7180947e-06
31005,2022-08-30,2,D1,4,D3,4,D3,False,5.5274624e-24,4.25175e-17,2.5838312e-06,0.11980534,0.880158,3.4028384e-05
31005,2022-09-06,2,D1,4,D3,4,D3,False,6.655778e-24,7.769763e-17,4.3482783e-06,0.12620111,0.873765,2.9492923e-05
31005,2022-09-13,3,D2,4,D3,4,D3,False,1.0962361e-26,1.1108856e-19,7.8510524e-08,0.010924108,0.9890282,4.751486e-05
31005,2022-09-20,3,D2,4,D3,4,D3,False,3.2120318e-32,1.3850772e-23,2.8145457e-09,0.004364116,0.99563414,1.7039747e-06
31005,2022-09-27,3,D2,4,D3,4,D3,False,1.1779525e-31,1.1539271e-23,2.002717e-09,0.0038854214,0.99611074,3.871833e-06
31005,2022-10-04,3,D2,4,D3,4,D3,False,3.896689e-29,2.5383714e-22,5.0461275e-09,0.015214261,0.98478186,3.9472984e-06
31005,2022-10-11,3,D2,4,D3,4,D3,False,4.328792e-28,1.0147854e-21,7.449996e-09,0.023126464,0.976866,7.593143e-06
31005,2022-10-18,3,D2,4,D3,4,D3,False,2.3714476e-28,4.3148233e-22,3.0564562e-09,0.032881167,0.9671104,8.460296e-06
31005,2022-10-25,3,D2,4,D3,4,D3,False,3.182849e-29,8.435766e-23,7.7280443e-10,0.02659142,0.9734018,6.872483e-06
31005,2022-11-01,3,D2,4,D3,4,D3,False,1.0779202e-29,1.4379435e-23,8.532551e-11,0.012806751,0.9871755,1.7689123e-05
31005,2022-11-08,4,D3,4,D3,4,D3,True,1.5101861e-30,1.826188e-24,1.1062592e-11,0.004713577,0.99523664,4.973087e-05
31005,2022-11-15,4,D3,4,D3,4,D3,True,6.904596e-30,1.5718656e-24,1.5576329e-12,0.00046781596,0.9991049,0.0004272751
31005,2022-11-22,4,D3,4,D3,4,D3,True,4.157969e-29,1.0170816e-23,7.1281522e-12,0.0006402751,0.999127,0.00023274634
31005,2022-11-29,4,D3,4,D3,4,D3,True,1.0482258e-28,1.9692786e-23,1.192707e-11,0.0005604166,0.9992161,0.0002235212
31005,2022-12-06,4,D3,4,D3,4,D3,True,1.0860006e-28,1.2056507e-23,6.2223976e-12,0.0002494022,0.99917275,0.00057781173
31005,2022-12-13,4,D3,4,D3,4,D3,True,1.2679406e-28,9.897912e-24,7.121617e-12,0.00039308422,0.9991424,0.0004644452
31005,2022-12-20,4,D3,4,D3,4,D3,True,9.9232806e-29,7.7709654e-24,5.098075e-12,0.00031558314,0.9989735,0.0007109097
31005,2022-12-27,4,D3,4,D3,4,D3,True,8.315998e-29,7.905561e-24,5.7611862e-12,0.0003207471,0.9989222,0.0007570324
31005,2023-01-03,4,D3,4,D3,4,D3,True,6.6102556e-29,7.042855e-24,5.8847853e-12,0.00028647084,0.9988632,0.0008503204
31005,2023-01-10,4,D3,4,D3,4,D3,True,1.7022266e-28,1.5822354e-23,1.8912882e-11,0.000613514,0.9988938,0.00049272133
31005,2023-01-17,4,D3,4,D3,4,D3,True,1.9054415e-28,1.8678005e-23,2.8280715e-11,0.00083548226,0.99868685,0.0004776187
31005,2023-01-24,4,D3,4,D3,4,D3,True,1.7579576e-28,1.8199622e-23,2.85419e-11,0.0009162701,0.9986313,0.0004523865
31005,2023-01-31,4,D3,4,D3,4,D3,True,4.3964735e-29,4.2411426e-24,1.2892768e-11,0.0009052876,0.9987663,0.0003284105
31005,2023-02-07,4,D3,4,D3,4,D3,True,1.3913368e-29,1.5767034e-24,6.467562e-12,0.0010686195,0.9988403,9.110795e-05
31005,2023-02-14,3,D2,4,D3,4,D3,False,3.6588968e-29,6.0641473e-24,2.3091988e-11,0.0025020745,0.99747,2.7874854e-05
31005,2023-02-21,3,D2,4,D3,4,D3,False,2.8650098e-29,3.9531186e-23,3.4430125e-10,0.023906665,0.9760908,2.5913046e-06
31005,2023-02-28,3,D2,4,D3,4,D3,False,7.109946e-30,8.128081e-24,1.5278381e-10,0.02244653,0.9775508,2.630699e-06
31005,2023-03-07,3,D2,4,D3,4,D3,False,4.7610594e-30,5.3206893e-24,1.202369e-10,0.020857308,0.97914004,2.6931475e-06
31005,2023-03-14,3,D2,4,D3,4,D3,False,4.219889e-30,4.957864e-24,1.205305e-10,0.020979341,0.979018,2.6870653e-06
31005,2023-03-21,3,D2,4,D3,4,D3,False,3.789416e-30,4.7539144e-24,1.2466037e-10,0.021269936,0.9787274,2.6612202e-06
31005,2023-03-28,3,D2,4,D3,4,D3,False,3.963695e-30,5.1815733e-24,1.3949598e-10,0.021989506,0.97800785,2.6638022e-06
31005,2023-04-04,3,D2,4,D3,4,D3,False,5.0369316e-30,6.763438e-24,1.768299e-10,0.023625663,0.9763717,2.6450195e-06
31005,2023-04-11,3,D2,4,D3,4,D3,False,7.5009216e-30,1.028042e-23,2.4890706e-10,0.026009182,0.97398823,2.587141e-06
31005,2023-04-18,3,D2,4,D3,4,D3,False,2.2501915e-30,1.7441934e-23,1.6961459e-09,0.05812205,0.9418772,6.972221e-07
31005,2023-04-25,3,D2,4,D3,4,D3,False,1.5560766e-30,1.4374343e-23,1.6941823e-09,0.053320907,0.9466783,7.973919e-07
31005,2023-05-02,4,D3,4,D3,4,D3,True,1.2628943e-30,1.2925813e-23,1.8313584e-09,0.052538805,0.94746023,9.740552e-07
31005,2023-05-09,4,D3,4,D3,4,D3,True,3.7319503e-29,4.4546257e-24,3.6986848e-11,0.004102208,0.9958519,4.5942645e-05
31005,2023-05-16,3,D2,4,D3,4,D3,False,3.0495443e-29,4.8932513e-24,4.591197e-11,0.0046644146,0.9953011,3.4448614e-05
31005,2023-05-23,3,D2,4,D3,4,D3,False,9.6490745e-29,1.8547979e-22,2.8569012e-09,0.06257171,0.9374266,1.6571978e-06
31005,2023-05-30,3,D2,4,D3,4,D3,False,1.6567134e-29,9.9661676e-23,3.9134265e-09,0.07807935,0.9219199,7.308811e-07
31005,2023-06-06,2,D1,4,D3,4,D3,False,6.4219284e-30,5.717775e-23,3.2779648e-09,0.070254825,0.92974454,6.229294e-07
31005,2023-06-13,2,D1,4,D3,4,D3,False,6.4226177e-26,3.6006996e-19,3.0547272e-07,0.17260593,0.82739127,2.5107943e-06
31005,2023-06-20,2,D1,4,D3,4,D3,False,1.2759791e-25,1.2707425e-18,8.2383247e-07,0.2694411,0.730557,1.1129373e-06
31005,2023-06-27,2,D1,4,D3,4,D3,False,4.15552e-26,5.26384e-19,5.3696175e-07,0.26315612,0.7368426,8.2342643e-07
31005,2023-07-04,2,D1,4,D3,4,D3,False,4.4970085e-26,7.660706e-19,6.919262e-07,0.32306552,0.6769332,4.8451324e-07
31005,2023-07-11,2,D1,4,D3,4,D3,False,2.6473183e-26,6.081607e-19,5.685575e-07,0.3306076,0.66939133,5.4648865e-07
31005,2023-07-18,2,D1,4,D3,4,D3,False,2.7893533e-26,7.703619e-19,6.4992605e-07,0.3509986,0.6490002,5.2671584e-07
31005,2023-07-25,2,D1,4,D3,4,D3,False,4.966622e-26,1.2954527e-18,9.053715e-07,0.35926437,0.64073414,5.4577373e-07
31005,2023-08-01,2,D1,4,D3,3,D2,False,2.858159e-25,5.6008507e-18,2.0750701e-06,0.41309303,0.58690417,7.565024e-07
31005,2023-08-08,1,D0,3,D2,3,D2,False,2.1356958e-23,8.52134e-16,3.3120017e-05,0.76131415,0.23865195,7.688885e-07
31005,2023-08-15,1,D0,3,D2,3,D2,False,8.687418e-14,4.198907e-08,0.059435617,0.8917341,0.04882538,4.8033535e-06
31005,2023-08-22,1,D0,2,D1,2,D1,False,2.1873542e-05,0.08000723,0.9162974,0.0036733213,1.9425937e-07,6.832653e-10
31005,2023-08-29,1,D0,2,D1,2,D1,False,5.9327933e-05,0.10029426,0.89497894,0.0046672737,2.1411977e-07,9.73779e-10
31005,2023-09-05,1,D0,2,D1,2,D1,False,0.0002564229,0.21758103,0.7787197,0.0034427256,3.227161e-08,2.152368e-10
31005,2023-09-12,1,D0,2,D1,2,D1,False,0.00027551065,0.22572441,0.7697229,0.0042771352,3.97526e-08,3.0499409e-10
31005,2023-09-19,1,D0,2,D1,2,D1,False,0.00035028756,0.2765947,0.71984,0.0032149786,1.2653356e-08,2.4388289e-10
31005,2023-09-26,1,D0,2,D1,2,D1,False,0.0007697986,0.34671333,0.64896727,0.0035495248,2.856439e-08,1.8327388e-09
31005,2023-10-03,1,D0,2,D1,2,D1,False,0.0008611528,0.348961,0.6464411,0.0037367605,4.0789985e-08,3.2206158e-09
31005,2023-10-10,1,D0,2,D1,2,D1,False,0.0008143056,0.32229677,0.6729186,0.0039703036,4.230581e-08,3.5034087e-09
31005,2023-10-17,1,D0,2,D1,2,D1,False,0.0007131948,0.29816628,0.69664913,0.0044713663,5.4696596e-08,3.266723e-09
31005,2023-10-24,1,D0,2,D1,2,D1,False,0.000684706,0.28769758,0.7065279,0.005089786,7.3561516e-08,3.283579e-09
31005,2023-10-31,0,None,2,D1,2,D1,False,0.00071761786,0.28614655,0.70756304,0.005572663,9.927119e-08,4.1080384e-09
31005,2023-11-07,0,None,0,None,0,None,True,0.89737725,0.10261136,2.531858e-06,3.607426e-08,7.918728e-07,8.018252e-06
31005,2023-11-14,0,None,0,None,0,None,True,0.97543406,0.024557535,8.823495e-09,3.9307453e-11,6.664104e-07,7.70901e-06
31005,2023-11-21,0,None,0,None,0,None,True,0.9858521,0.01414671,6.1406213e-10,8.748747e-14,4.461207e-08,1.1926126e-06
31005,2023-11-28,0,None,0,None,0,None,True,0.9760779,0.023922043,2.1376073e-10,1.06406264e-16,3.8341864e-11,8.493061e-10
31005,2023-12-05,0,None,0,None,0,None,True,0.9672287,0.032771263,3.868139e-10,6.4499163e-17,4.2172113e-11,7.294213e-10
31005,2023-12-12,0,None,0,None,0,None,True,0.9742362,0.025763787,1.0007687e-09,1.130065e-15,1.5637162e-09,1.358993e-08
31005,2023-12-19,0,None,0,None,0,None,True,0.97869074,0.021308385,4.799389e-09,6.0487815e-14,1.0634254e-07,7.3901583e-07
31005,2023-12-26,0,None,0,None,0,None,True,0.98656464,0.0065496056,3.7881616e-08,1.2886246e-10,0.00026270776,0.006623067
31005,2024-01-02,0,None,5,D4,5,D4,False,0.20841612,0.00081584055,5.2312526e-08,1.38985845e-08,0.06544831,0.7253197
31005,2024-01-09,0,None,5,D4,5,D4,False,0.05135083,0.00023355482,4.2048725e-08,1.16322916e-07,0.19675453,0.751661
31005,2024-01-16,0,None,5,D4,5,D4,False,0.0012588378,6.6588473e-06,9.8758255e-09,8.004953e-07,0.2305299,0.76820374
31005,2024-01-23,0,None,5,D4,5,D4,False,0.0012344093,8.381453e-06,1.6172267e-08,1.9990835e-06,0.25083765,0.74791753
31005,2024-01-30,0,None,5,D4,0,None,True,0.24753858,0.0016709882,1.7854545e-07,1.0899265e-07,0.21803534,0.5327548
31005,2024-02-06,0,None,5,D4,5,D4,False,0.014759786,6.0197613e-05,1.9314742e-08,3.648986e-08,0.16056618,0.82461387
31005,2024-02-13,0,None,5,D4,5,D4,False,0.06775347,0.00031628617,1.8593937e-07,1.6959837e-07,0.20902847,0.7229014
31005,2024-02-20,0,None,5,D4,5,D4,False,0.10221117,0.00048632393,2.4758057e-07,1.7315833e-07,0.19032374,0.7069784
31005,2024-02-27,0,None,5,D4,5,D4,False,0.12506773,0.00059727824,2.805721e-07,1.7124258e-07,0.17966934,0.6946652
31005,2024-03-05,0,None,5,D4,5,D4,False,0.14690153,0.0007050519,3.089182e-07,1.7098652e-07,0.1724969,0.679896
31005,2024-03-12,0,None,5,D4,5,D4,False,0.17831302,0.0008712442,3.5332002e-07,1.7694201e-07,0.16777918,0.653036
31005,2024-03-19,0,None,5,D4,5,D4,False,0.115037665,0.0005351582,2.5065106e-07,1.7738192e-07,0.18759713,0.6968296
31005,2024-03-26,0,None,5,D4,5,D4,False,0.17162369,0.00083691627,3.551177e-07,1.9783835e-07,0.17744778,0.650091
31005,2024-04-02,0,None,5,D4,5,D4,False,0.13808031,0.0006633812,3.1205838e-07,2.0701079e-07,0.1918795,0.6693763
31005,2024-04-09,0,None,5,D4,5,D4,False,0.20144467,0.001047081,4.9927735e-07,2.655428e-07,0.1888043,0.6087032
31005,2024-04-16,0,None,5,D4,5,D4,False,0.19026276,0.0009201488,3.0691692e-07,1.514939e-07,0.17733492,0.63148177
31005,2024-04-23,0,None,5,D4,5,D4,False,0.08857165,0.0003944706,9.27361e-08,7.060934e-08,0.15130837,0.75972533
31005,2024-04-30,0,None,5,D4,0,None,True,0.37886345,0.0016816776,1.6524089e-07,5.1711503e-08,0.066901706,0.55255294
31005,2024-05-07,0,None,0,None,0,None,True,0.84174037,0.003978709,2.6228508e-07,2.305351e-08,0.010996626,0.14328393
31005,2024-05-14,0,None,0,None,0,None,True,0.98983264,0.009851841,3.7363884e-07,4.117846e-09,4.475887e-05,0.00027039452
31005,2024-05-21,0,None,0,None,0,None,True,0.99021006,0.00942622,1.8590453e-07,1.7210877e-09,4.4038472e-05,0.00031946544
31005,2024-05-28,0,None,0,None,0,None,True,0.9899037,0.0096954005,2.1241019e-07,7.326093e-09,8.762754e-05,0.00031305093
31005,2024-06-04,0,None,0,None,0,None,True,0.98911077,0.010177182,2.8498093e-07,1.3089047e-08,0.00021924569,0.00049260707
31005,2024-06-11,0,None,0,None,0,None,True,0.98840535,0.009955402,2.5952264e-07,1.576854e-08,0.00059078407,0.0010482498
31005,2024-06-18,0,None,0,None,0,None,True,0.98784375,0.00961406,2.200936e-07,1.40082825e-08,0.0010022183,0.001539659
31005,2024-06-25,0,None,0,None,0,None,True,0.9860886,0.008080921,1.8467985e-07,1.4506301e-08,0.00253259,0.003297651
31005,2024-07-02,0,None,0,None,0,None,True,0.9763299,0.0062048053,1.5440153e-07,1.6797543e-08,0.008420359,0.009044717
31005,2024-07-09,0,None,0,None,0,None,True,0.92981887,0.0053937025,1.5395793e-07,3.3465536e-08,0.034548137,0.030239237
31005,2024-07-16,0,None,0,None,0,None,True,0.94473934,0.006008379,1.1528613e-07,2.588184e-08,0.026070872,0.02318124
31005,2024-07-23,0,None,0,None,0,None,True,0.7771094,0.005504689,1.0599646e-07,1.0859914e-07,0.13600244,0.08138335
31005,2024-07-30,0,None,4,D3,0,None,True,0.3684436,0.0024147586,6.736806e-08,2.3350813e-07,0.373847,0.25529426
31005,2024-08-06,0,None,5,D4,5,D4,False,0.03193426,0.00017117856,3.6489243e-09,3.723365e-08,0.39384782,0.5740467
31005,2024-08-13,0,None,5,D4,5,D4,False,0.006957843,3.3678025e-05,9.170396e-10,6.8978254e-09,0.31801355,0.67499495
31005,2024-08-20,1,D0,5,D4,5,D4,False,0.005424718,2.285919e-05,7.4596657e-10,3.3662122e-09,0.25287828,0.74167407
31005,2024-08-27,1,D0,5,D4,5,D4,False,1.8309014e-11,2.0751819e-11,2.7324631e-10,1.2420459e-06,0.24977991,0.75021887
31005,2024-09-03,1,D0,5,D4,5,D4,False,2.2072628e-08,4.3716622e-07,7.603134e-05,0.00619171,0.2391875,0.75454426
31005,2024-09-10,1,D0,5,D4,5,D4,False,6.393412e-05,0.0011768864,0.009594037,0.017276775,0.2749365,0.6969518
31005,2024-09-17,1,D0,2,D1,2,D1,False,0.0018547963,0.06669843,0.3846891,0.234162,0.23226525,0.08033042
31005,2024-09-24,1,D0,2,D1,2,D1,False,0.0012257139,0.14103256,0.71792036,0.13878031,0.0010248914,1.6233784e-05
31005,2024-10-01,1,D0,2,D1,2,D1,False,0.0003118902,0.11571881,0.8397983,0.044120688,5.020866e-05,1.2561875e-07
31005,2024-10-08,2,D1,2,D1,2,D1,True,0.00011230104,0.07359617,0.88585246,0.040424168,1.4994463e-05,8.858219e-09
31005,2024-10-15,2,D1,3,D2,3,D2,False,9.962323e-15,2.2410976e-08,0.066197366,0.91286933,0.020933216,6.340206e-08
31005,2024-10-22,2,D1,3,D2,3,D2,False,3.006411e-17,4.72423e-10,0.021400776,0.9688728,0.009726472,5.672399e-09
31005,2024-10-29,3,D2,3,D2,3,D2,True,3.3387336e-19,8.710838e-12,0.002202446,0.97516745,0.022630034,2.1142688e-08
31005,2024-11-05,3,D2,4,D3,4,D3,False,2.7357345e-32,1.9288523e-22,3.405536e-08,0.2380264,0.7619736,2.6567992e-09
31005,2024-11-12,3,D2,4,D3,3,D2,True,1.98711e-33,1.2284166e-22,4.1283343e-08,0.39690062,0.6030993,3.1192418e-10
31005,2024-11-19,3,D2,4,D3,4,D3,False,3.4337154e-32,5.0348293e-23,8.226849e-09,0.10611118,0.8938888,1.2207991e-08
31005,2024-11-26,3,D2,4,D3,4,D3,False,4.003328e-32,5.8721316e-23,1.2674328e-08,0.18651259,0.8134874,1.1941773e-08
31005,2024-12-03,3,D2,4,D3,4,D3,False,1.67561e-32,1.5023865e-23,4.113678e-09,0.14157881,0.8584212,1.8614449e-08
31005,2024-12-10,3,D2,4,D3,4,D3,False,9.9352386e-33,4.30597e-24,1.3399859e-09,0.10326702,0.89673287,3.37369e-08
31005,2024-12-17,3,D2,4,D3,4,D3,False,1.9158608e-32,3.5210534e-24,8.510441e-10,0.084664054,0.91533583,6.6337996e-08
31005,2024-12-24,3,D2,4,D3,4,D3,False,3.8805804e-32,3.3232663e-24,6.288791e-10,0.065064505,0.9349354,1.14291545e-07
31005,2024-12-31,3,D2,4,D3,4,D3,False,4.0682108e-32,1.8405054e-24,2.499925e-10,0.027034093,0.9729657,1.9070579e-07
31005,2025-01-07,3,D2,4,D3,4,D3,False,7.8555313e-32,2.8843825e-24,2.8382277e-10,0.020275667,0.97972405,2.7116403e-07
31005,2025-01-14,3,D2,4,D3,4,D3,False,1.8203805e-31,7.369804e-24,5.9815575e-10,0.024336703,0.975663,2.9156496e-07
31005,2025-01-21,3,D2,4,D3,4,D3,False,2.6501534e-31,1.356735e-23,9.543688e-10,0.026975853,0.97302383,2.8836598e-07
31005,2025-01-28,3,D2,4,D3,4,D3,False,2.8042405e-31,2.1697698e-23,1.700406e-09,0.025909549,0.97409004,4.2387916e-07
31005,2025-02-04,3,D2,4,D3,4,D3,False,1.9277986e-31,1.3984341e-23,1.3616893e-09,0.02140081,0.9785986,5.718854e-07
31005,2025-02-11,3,D2,4,D3,4,D3,False,1.4012034e-31,7.489295e-24,8.4735874e-10,0.016859546,0.9831397,7.241699e-07
31005,2025-02-18,3,D2,4,D3,4,D3,False,2.6630982e-31,1.2767407e-23,1.1408182e-09,0.02012432,0.979875,7.0446816e-07
31005,2025-02-25,3,D2,4,D3,4,D3,False,4.7680214e-31,1.9427577e-23,1.3742929e-09,0.025181679,0.97481763,6.589412e-07
31005,2025-03-04,3,D2,4,D3,4,D3,False,1.3693904e-30,5.9654015e-23,3.5218044e-09,0.06231562,0.9376839,5.6671286e-07
31005,2025-03-11,2,D1,4,D3,4,D3,False,7.634866e-31,3.527471e-23,2.105428e-09,0.05824748,0.9417519,6.096142e-07
31005,2025-03-18,2,D1,4,D3,4,D3,False,2.3712561e-30,3.796765e-23,9.334016e-10,0.036787614,0.9632116,7.54602e-07
31005,2025-03-25,2,D1,4,D3,4,D3,False,2.9973782e-30,5.0170588e-23,1.1019895e-09,0.046711847,0.95328754,6.1129964e-07
31005,2025-04-01,2,D1,4,D3,4,D3,False,3.7565813e-30,6.4281524e-23,1.2607705e-09,0.04936072,0.95063883,4.5417553e-07
31005,2025-04-08,2,D1,4,D3,4,D3,False,3.329786e-25,1.2285065e-18,1.030019e-07,0.14549488,0.854502,2.9985413e-06
31005,2025-04-15,2,D1,4,D3,4,D3,False,1.7325174e-26,1.4565012e-19,4.0136882e-08,0.14340809,0.85659057,1.3452573e-06
31005,2025-04-22,2,D1,4,D3,4,D3,False,3.0134308e-26,3.734542e-19,9.070251e-08,0.17099145,0.82900715,1.3600802e-06
31005,2025-04-29,2,D1,4,D3,4,D3,False,7.612932e-26,1.6636541e-18,3.6823457e-07,0.24345185,0.75654614,1.6360916e-06
31005,2025-05-06,2,D1,4,D3,4,D3,False,1.4548493e-25,5.188396e-18,1.1234038e-06,0.3259271,0.6740697,2.0740579e-06
31005,2025-05-13,3,D2,4,D3,4,D3,False,2.8401608e-25,8.884821e-18,1.3024229e-06,0.36357632,0.63642025,2.1355281e-06
31005,2025-05-20,3,D2,4,D3,4,D3,False,7.64684e-33,1.8033963e-23,9.3397245e-09,0.1272689,0.87273115,1.1844342e-08
31005,2025-05-27,2,D1,4,D3,4,D3,False,2.3001566e-34,8.200126e-25,2.386037e-09,0.071111836,0.9288882,8.173426e-09
31005,2025-06-03,2,D1,4,D3,4,D3,False,2.0581004e-26,8.285267e-20,7.8967425e-08,0.061311748,0.9386845,3.5746966e-06
31005,2025-06-10,2,D1,3,D2,3,D2,False,9.408594e-23,1.7171558e-15,3.8065355e-05,0.6598692,0.34008643,6.294188e-06
31005,2025-06-17,1,D0,3,D2,3,D2,False,1.7586663e-22,3.7968896e-15,5.970869e-05,0.7819319,0.21800692,1.4454458e-06
31005,2025-06-24,1,D0,3,D2,3,D2,False,6.5171684e-19,3.201491e-12,0.00041619534,0.71314734,0.28643507,1.4411328e-06
31005,2025-07-01,1,D0,3,D2,3,D2,False,1.4886644e-15,1.8159158e-09,0.00839633,0.9084796,0.08312341,6.541511e-07
31005,2025-07-08,1,D0,3,D2,3,D2,False,7.9901245e-15,4.426977e-09,0.008065032,0.8584778,0.13344909,8.111274e-06
31005,2025-07-15,1,D0,3,D2,3,D2,False,5.7479935e-15,3.046917e-09,0.0077126934,0.8331561,0.15912485,6.3683788e-06
31005,2025-07-22,1,D0,3,D2,3,D2,False,3.735621e-15,1.7534756e-09,0.007734592,0.81471807,0.17754047,6.831607e-06
31005,2025-07-29,1,D0,3,D2,3,D2,False,1.4788186e-15,1.1667658e-09,0.0078065,0.8279518,0.16423811,3.505579e-06
31005,2025-08-05,1,D0,3,D2,3,D2,False,3.4140413e-15,2.1697635e-09,0.0056992974,0.702651,0.29162133,2.833892e-05
31005,2025-08-12,1,D0,3,D2,3,D2,False,1.9713608e-14,3.1119647e-09,0.0045845797,0.75807816,0.23724827,8.893642e-05
31005,2025-08-19,1,D0,3,D2,3,D2,False,4.733471e-14,2.2748143e-08,0.017330289,0.87274903,0.10989575,2.4898049e-05
31005,2025-08-26,1,D0,3,D2,3,D2,False,2.0577158e-14,2.0689463e-08,0.018556949,0.915725,0.06571393,4.07696e-06
31005,2025-09-02,1,D0,3,D2,3,D2,False,1.5570614e-14,2.0410802e-08,0.020619843,0.9145111,0.064865395,3.683476e-06
31005,2025-09-09,1,D0,3,D2,3,D2,False,2.2949223e-14,3.7978268e-08,0.026637092,0.9230464,0.050313994,2.4707654e-06
31005,2025-09-16,1,D0,3,D2,3,D2,False,2.1039948e-14,6.886146e-08,0.046220083,0.94217455,0.011605136,1.6610238e-07
31005,2025-09-23,1,D0,3,D2,3,D2,False,1.1069524e-14,4.264719e-08,0.044413958,0.9426959,0.012889905,1.4494493e-07
31005,2025-09-30,1,D0,2,D1,2,D1,False,1.0511928e-08,0.001349546,0.7010032,0.29703125,0.0006159254,3.96514e-08
31005,2025-10-07,1,D0,2,D1,2,D1,False,6.485817e-05,0.15877643,0.83355266,0.007606001,7.327667e-08,3.8701396e-11
31005,2025-10-14,1,D0,2,D1,2,D1,False,0.00013665034,0.2095693,0.78567404,0.0046200124,1.29903865e-08,1.1121173e-11
31005,2025-10-21,1,D0,2,D1,2,D1,False,0.00015245129,0.20550801,0.7903128,0.0040267208,5.860952e-09,4.7257224e-12
31005,2025-10-28,1,D0,2,D1,2,D1,False,0.00014021335,0.21161377,0.78437877,0.003867191,3.3932268e-09,2.3156804e-12
31005,2025-11-04,1,D0,2,D1,2,D1,False,0.00014144802,0.21804261,0.7780016,0.003814319,3.0039284e-09,1.9523025e-12
31005,2025-11-11,1,D0,2,D1,2,D1,False,0.00013740292,0.22134854,0.7746153,0.0038987526,2.768748e-09,1.6613846e-12
31005,2025-11-18,2,D1,2,D1,2,D1,True,3.7160933e-07,0.015430068,0.8880387,0.09651788,1.299536e-05,5.011681e-10
31005,2025-11-25,2,D1,3,D2,3,D2,False,1.0100948e-17,9.915787e-10,0.028208217,0.9656654,0.0061264103,2.3334492e-09
31005,2025-12-02,2,D1,3,D2,3,D2,False,3.8790202e-20,7.1938193e-12,0.005286158,0.9840776,0.010636306,2.7043685e-09
31005,2025-12-09,2,D1,3,D2,3,D2,False,1.9545806e-19,7.395103e-12,0.0035656272,0.97530115,0.02113319,3.545098e-08
31005,2025-12-16,2,D1,3,D2,3,D2,False,4.477974e-19,1.0585831e-11,0.0036900542,0.97353214,0.022777658,8.866904e-08
31005,2025-12-23,2,D1,3,D2,3,D2,False,7.1973207e-19,1.8052967e-11,0.004512956,0.9765945,0.018892368,1.01993336e-07
31005,2025-12-30,2,D1,3,D2,3,D2,False,7.637379e-19,1.9799648e-11,0.004647373,0.9779108,0.017441642,1.10526244e-07
31007,2022-01-04,4,D3,4,D3,4,D3,True,1.31117e-28,3.2291434e-23,1.4819174e-10,0.0048344373,0.9951355,3.0137806e-05
31007,2022-01-11,4,D3,4,D3,4,D3,True,1.237803e-28,3.012136e-23,1.4352709e-10,0.0044862917,0.9954822,3.144881e-05
31007,2022-01-18,3,D2,4,D3,4,D3,False,1.3025081e-28,2.8370026e-23,1.3505161e-10,0.003445152,0.9965125,4.2394244e-05
31007,2022-01-25,3,D2,4,D3,4,D3,False,4.9208467e-29,8.1308557e-22,9.195497e-09,0.08034263,0.9196568,5.685348e-07
31007,2022-02-01,3,D2,4,D3,4,D3,False,1.2846377e-29,6.429695e-22,2.8466463e-08,0.1354173,0.8645825,2.3788986e-07
31007,2022-02-08,3,D2,4,D3,4,D3,False,4.599709e-30,4.1951353e-22,2.2616588e-08,0.16478112,0.83521867,1.68752e-07
31007,2022-02-15,3,D2,4,D3,4,D3,False,1.4516943e-30,2.452967e-22,2.1171225e-08,0.1582005,0.8417994,1.6224719e-07
31007,2022-02-22,3,D2,4,D3,4,D3,False,5.9539363e-31,1.6530217e-22,2.1022748e-08,0.110785656,0.88921416,2.0643331e-07
31007,2022-03-01,3,D2,4,D3,4,D3,False,4.2313024e-31,1.2496174e-22,2.0113308e-08,0.114993416,0.88500637,2.0421562e-07
31007,2022-03-08,3,D2,4,D3,4,D3,False,1.8934763e-31,5.346078e-23,1.1794146e-08,0.087989,0.9120107,2.9786028e-07
31007,2022-03-15,3,D2,4,D3,4,D3,False,1.8702083e-32,1.279651e-23,4.299427e-09,0.07785865,0.9221413,6.927815e-08
31007,2022-03-22,3,D2,4,D3,4,D3,False,5.2201566e-33,1.7019554e-24,6.76667e-10,0.033448927,0.9665509,2.5379694e-07
31007,2022-03-29,3,D2,4,D3,4,D3,False,6.226606e-33,1.7769514e-24,6.2197947e-10,0.033658843,0.9663409,2.4370271e-07
31007,2022-04-05,3,D2,4,D3,4,D3,False,1.0334208e-32,2.940082e-24,9.033796e-10,0.04157574,0.9584241,1.8250891e-07
31007,2022-04-12,3,D2,4,D3,4,D3,False,1.888339e-32,5.9610657e-24,1.585958e-09,0.05823831,0.9417616,1.1137219e-07
31007,2022-04-19,3,D2,4,D3,4,D3,False,2.1391642e-32,6.748976e-24,1.7408375e-09,0.061208423,0.9387915,1.00027115e-07
31007,2022-04-26,3,D2,4,D3,4,D3,False,1.5302321e-32,4.546819e-24,1.326419e-09,0.04947219,0.95052767,1.285109e-07
31007,2022-05-03,3,D2,4,D3,4,D3,False,3.2371384e-33,1.8679112e-24,1.1176893e-09,0.037365146,0.96263474,1.3599418e-07
31007,2022-05-10,2,D1,4,D3,4,D3,False,9.952043e-34,8.306624e-25,1.1611246e-09,0.03160516,0.96839476,1.2058459e-07
31007,2022-05-17,2,D1,4,D3,4,D3,False,3.6396342e-24,8.2764946e-18,5.9831086e-07,0.084222175,0.9157514,2.5871763e-05
31007,2022-05-24,2,D1,4,D3,3,D2,False,3.7312264e-21,5.034491e-14,7.1400405e-05,0.4287493,0.571157,2.2282964e-05
31007,2022-05-31,2,D1,3,D2,3,D2,False,2.5071846e-20,2.976928e-13,0.00016748732,0.6004508,0.39932904,5.2598993e-05
31007,2022-06-07,2,D1,3,D2,3,D2,False,2.3268983e-20,3.3708607e-13,0.00021069833,0.7603617,0.23940702,2.071122e-05
31007,2022-06-14,2,D1,3,D2,3,D2,False,2.928086e-20,9.195444e-13,0.00046187988,0.8980774,0.10145855,2.1226788e-06
31007,2022-06-21,2,D1,3,D2,3,D2,False,2.4165182e-20,1.0866891e-12,0.00051129004,0.9063953,0.09309233,1.1201798e-06
31007,2022-06-28,3,D2,3,D2,3,D2,True,1.6012755e-20,7.81697e-13,0.0004379777,0.89533186,0.10422927,8.120647e-07
31007,2022-07-05,3,D2,3,D2,3,D2,True,3.3388735e-26,2.2861323e-17,9.549571e-06,0.52256304,0.47742718,1.6813652e-07
31007,2022-07-12,3,D2,4,D3,4,D3,False,6.567864e-30,1.0497987e-20,2.9083168e-07,0.25473803,0.7452616,3.8031157e-08
31007,2022-07-19,3,D2,4,D3,4,D3,False,3.0557288e-30,2.7177197e-21,1.3811844e-07,0.22187147,0.7781283,7.041508e-08
31007,2022-07-26,3,D2,4,D3,4,D3,False,5.7139084e-30,3.3190667e-21,1.7036024e-07,0.20859167,0.79140806,7.418686e-08
31007,2022-08-02,3,D2,4,D3,4,D3,False,6.123456e-29,1.7496153e-20,3.603516e-07,0.2317183,0.7682811,1.5968956e-07
31007,2022-08-09,3,D2,4,D3,4,D3,False,2.955062e-28,4.29035e-20,4.3484343e-07,0.24796803,0.75203115,3.4471097e-07
31007,2022-08-16,3,D2,4,D3,4,D3,False,7.0347808e-28,4.3071223e-20,1.8562349e-07,0.17967843,0.8203203,1.019153e-06
31007,2022-08-23,3,D2,4,D3,4,D3,False,1.1421119e-27,3.9594147e-20,1.0024372e-07,0.13192469,0.8680731,2.075723e-06
31007,2022-08-30,3,D2,4,D3,4,D3,False,1.2341767e-27,3.65785e-20,8.401651e-08,0.11604235,0.88395494,2.530889e-06
31007,2022-09-06,3,D2,4,D3,4,D3,False,1.4362131e-27,4.9814594e-20,1.14818775e-07,0.12155406,0.87844384,1.9820457e-06
31007,2022-09-13,3,D2,4,D3,4,D3,False,6.178982e-31,5.5769885e-23,4.9379865e-09,0.0470602,0.95293915,6.8962606e-07
31007,2022-09-20,3,D2,4,D3,4,D3,False,2.4682412e-31,2.046611e-23,2.3823468e-09,0.03248117,0.9675181,7.5766934e-07
31007,2022-09-27,3,D2,4,D3,4,D3,False,8.4587806e-30,8.044797e-24,6.52677e-11,0.0039522517,0.9960296,1.8109695e-05
31007,2022-10-04,3,D2,4,D3,4,D3,False,2.578178e-29,9.059335e-24,4.427263e-11,0.0032958726,0.99667513,2.8994884e-05
31007,2022-10-11,3,D2,4,D3,4,D3,False,2.9565188e-29,8.4493274e-24,4.2752062e-11,0.004054028,0.9959198,2.6156027e-05
31007,2022-10-18,3,D2,4,D3,4,D3,False,3.6908245e-29,6.0667293e-24,2.573088e-11,0.0023129026,0.99763584,5.1251922e-05
31007,2022-10-25,4,D3,4,D3,4,D3,True,4.0198657e-29,6.1684694e-24,2.4846946e-11,0.002222382,0.99772245,5.5144614e-05
31007,2022-11-01,4,D3,4,D3,4,D3,True,2.6468115e-30,5.009365e-25,4.696927e-12,0.0005669305,0.9993339,9.9101235e-05
31007,2022-11-08,4,D3,4,D3,4,D3,True,1.5826331e-30,3.0314374e-25,3.7740765e-12,0.00057286606,0.9993274,9.97054e-05
31007,2022-11-15,4,D3,4,D3,4,D3,True,2.678324e-30,3.8872977e-25,3.926175e-12,0.0006020564,0.9992829,0.000115065675
31007,2022-11-22,4,D3,4,D3,4,D3,True,3.9416955e-30,5.2263953e-25,4.328905e-12,0.0006267579,0.9992508,0.0001224095
31007,2022-11-29,4,D3,4,D3,4,D3,True,4.257131e-30,5.8206417e-25,4.9538273e-12,0.0006747358,0.99922407,0.000101141515
31007,2022-12-06,4,D3,4,D3,4,D3,True,4.2534505e-30,5.7617967e-25,4.8690743e-12,0.0006733532,0.9992213,0.00010530674
31007,2022-12-13,4,D3,4,D3,4,D3,True,3.8845255e-30,5.049294e-25,4.5053956e-12,0.0006598605,0.9992281,0.00011206992
31007,2022-12-20,4,D3,4,D3,4,D3,True,2.8488373e-30,3.627072e-25,3.794485e-12,0.0006143677,0.9992655,0.00012017837
31007,2022-12-27,4,D3,4,D3,4,D3,True,2.1946216e-30,2.9259445e-25,3.256102e-12,0.00054932403,0.9993199,0.00013081379
31007,2023-01-03,4,D3,4,D3,4,D3,True,1.9077907e-30,3.022052e-25,3.437426e-12,0.00060917967,0.9992632,0.00012758485
31007,2023-01-10,4,D3,4,D3,4,D3,True,2.8459852e-30,4.276874e-25,4.2930924e-12,0.00088872964,0.99899656,0.00011473185
31007,2023-01-17,4,D3,4,D3,4,D3,True,2.5324868e-29,3.890408e-24,2.6899203e-11,0.0018061479,0.9981534,4.0504146e-05
31007,2023-01-24,4,D3,4,D3,4,D3,True,2.308931e-29,3.5695956e-24,2.599959e-11,0.0017935794,0.9981665,4.0006147e-05
31007,2023-01-31,4,D3,4,D3,4,D3,True,1.855627e-29,2.7569521e-24,2.2892778e-11,0.0017960323,0.99816364,4.0350922e-05
31007,2023-02-07,4,D3,4,D3,4,D3,True,8.200357e-30,1.0209154e-24,1.3684292e-11,0.0018413109,0.9981153,4.336477e-05
31007,2023-02-14,4,D3,4,D3,4,D3,True,5.6363472e-30,6.0351355e-25,9.789144e-12,0.0017791496,0.99817395,4.6842488e-05
31007,2023-02-21,4,D3,4,D3,4,D3,True,5.2710543e-30,3.9144065e-25,5.685675e-12,0.0014206622,0.99851984,5.948337e-05
31007,2023-02-28,4,D3,4,D3,4,D3,True,5.0930898e-30,2.297963e-25,2.611959e-12,0.0010636756,0.9988493,8.6980705e-05
31007,2023-03-07,4,D3,4,D3,4,D3,True,5.001874e-30,1.9261935e-25,1.937762e-12,0.0009570475,0.9989427,0.000100263605
31007,2023-03-14,4,D3,4,D3,4,D3,True,5.0600988e-30,1.9153705e-25,1.8880776e-12,0.0009551214,0.9989423,0.00010262619
31007,2023-03-21,4,D3,4,D3,4,D3,True,6.291861e-30,2.8572983e-25,2.8403148e-12,0.0012556203,0.99864334,0.00010098696
31007,2023-03-28,4,D3,4,D3,4,D3,True,9.533859e-30,5.868592e-25,5.641106e-12,0.001962229,0.99793917,9.854965e-05
31007,2023-04-04,4,D3,4,D3,4,D3,True,1.2967694e-29,8.147658e-25,6.89788e-12,0.0022142034,0.9976901,9.569232e-05
31007,2023-04-11,4,D3,4,D3,4,D3,True,2.2485407e-29,1.2449194e-24,7.724197e-12,0.002344283,0.99756634,8.939688e-05
31007,2023-04-18,4,D3,4,D3,4,D3,True,1.0383147e-29,4.6094745e-25,3.781953e-12,0.0017211565,0.99819034,8.84842e-05
31007,2023-04-25,4,D3,4,D3,4,D3,True,8.5741446e-30,4.379773e-25,3.338205e-12,0.0019630636,0.9979657,7.13173e-05
31007,2023-05-02,4,D3,4,D3,4,D3,True,3.8603513e-30,2.2892657e-25,2.24255e-12,0.0019021945,0.99804544,5.2405536e-05
31007,2023-05-09,4,D3,4,D3,4,D3,True,2.6496024e-30,1.3879248e-25,1.6338827e-12,0.0012916388,0.9986338,7.458792e-05
31007,2023-05-16,3,D2,4,D3,4,D3,False,2.074172e-30,1.2051215e-25,1.6006289e-12,0.0012770662,0.99865144,7.155344e-05
31007,2023-05-23,3,D2,4,D3,4,D3,False,1.4211254e-28,9.397609e-23,3.5404646e-10,0.023570733,0.97642505,4.2809484e-06
31007,2023-05-30,3,D2,4,D3,4,D3,False,2.6291142e-30,3.921928e-23,2.0152064e-09,0.07129483,0.92870474,4.256837e-07
31007,2023-06-06,2,D1,4,D3,4,D3,False,2.68181e-30,3.564483e-22,2.0171974e-08,0.18852726,0.81147265,8.168474e-08
31007,2023-06-13,1,D0,3,D2,3,D2,False,1.380472e-20,2.91403e-14,0.00012277218,0.6066963,0.39316958,1.1276329e-05
31007,2023-06-20,1,D0,2,D1,2,D1,False,1.00722396e-10,3.805128e-05,0.63059396,0.3648063,0.0045612855,4.3720888e-07
31007,2023-06-27,1,D0,2,D1,2,D1,False,6.06577e-05,0.14947304,0.83691597,0.013550373,4.0450555e-08,9.014235e-12
31007,2023-07-04,0,None,2,D1,2,D1,False,0.0003433733,0.22317097,0.77299947,0.0034862084,2.897642e-09,1.4827967e-12
31007,2023-07-11,0,None,0,None,0,None,True,0.8604653,0.13953237,2.34578e-06,2.5061925e-10,5.5190106e-11,7.4900053e-10
31007,2023-07-18,0,None,0,None,0,None,True,0.94074225,0.05925771,3.5656316e-09,5.3518577e-14,2.289959e-11,4.0006726e-10
31007,2023-07-25,0,None,0,None,0,None,True,0.9528889,0.047111064,1.4460493e-10,3.575696e-18,1.5793225e-15,1.7080604e-13
31007,2023-08-01,0,None,0,None,0,None,True,0.9633626,0.03663739,2.6711466e-10,5.145267e-17,5.2864977e-13,1.8220252e-11
31007,2023-08-08,0,None,0,None,0,None,True,0.94558275,0.054417226,6.2598776e-10,8.555832e-17,1.4596524e-12,3.1919602e-11
31007,2023-08-15,0,None,0,None,0,None,True,0.949867,0.050132934,1.9139286e-09,1.0154265e-15,4.000242e-11,4.966642e-10
31007,2023-08-22,0,None,0,None,0,None,True,0.9535024,0.04649759,6.550369e-09,7.857406e-15,4.7273296e-10,4.527056e-09
31007,2023-08-29,0,None,0,None,0,None,True,0.97295356,0.02704367,2.988117e-08,1.1646349e-12,1.0397516e-07,2.6346893e-06
31007,2023-09-05,0,None,0,None,0,None,True,0.8222142,0.0062122457,1.4680893e-07,2.474674e-09,0.006568492,0.16500498
31007,2023-09-12,0,None,0,None,0,None,True,0.96918607,0.016161798,2.2423598e-07,5.660278e-09,0.0026176735,0.012034184
31007,2023-09-19,0,None,5,D4,0,None,True,0.3704112,0.0033056343,4.4320458e-07,9.763841e-07,0.12565796,0.5006238
31007,2023-09-26,0,None,5,D4,0,None,True,0.28900498,0.0014952236,1.5988604e-07,8.725296e-08,0.124903135,0.5845964
31007,2023-10-03,0,None,5,D4,0,None,True,0.37070617,0.0017441474,1.771744e-07,6.529255e-08,0.09181013,0.5357393
31007,2023-10-10,0,None,5,D4,0,None,True,0.3530411,0.0016197034,1.6230446e-07,6.713441e-08,0.10144718,0.5438918
31007,2023-10-17,0,None,0,None,0,None,True,0.46350577,0.0022103512,1.881904e-07,5.4326765e-08,0.08488762,0.44939604
31007,2023-10-24,0,None,5,D4,5,D4,False,0.20627539,0.0009993218,1.5874427e-07,1.3222308e-07,0.21342914,0.5792958
31007,2023-10-31,0,None,5,D4,5,D4,False,0.16036874,0.0007586568,1.27946e-07,1.36562e-07,0.22572039,0.6131519
31007,2023-11-07,0,None,5,D4,5,D4,False,0.15527955,0.0007393261,1.2472158e-07,1.4792381e-07,0.23163435,0.61234653
31007,2023-11-14,0,None,5,D4,5,D4,False,0.09712283,0.0004703279,8.592087e-08,1.9579137e-07,0.27410185,0.6283047
31007,2023-11-21,0,None,5,D4,5,D4,False,0.07261863,0.00035583045,6.818168e-08,2.3623699e-07,0.29423103,0.6327942
31007,2023-11-28,0,None,5,D4,5,D4,False,0.0483383,0.00024301889,5.320561e-08,2.8655847e-07,0.3117224,0.6396958
31007,2023-12-05,0,None,5,D4,5,D4,False,0.025488758,0.00014761755,3.4877363e-08,5.011386e-07,0.36045292,0.6139102
31007,2023-12-12,0,None,5,D4,5,D4,False,0.045817923,0.00026506922,4.9035407e-08,4.2751438e-07,0.3436391,0.61027735
31007,2023-12-19,0,None,5,D4,5,D4,False,0.044326156,0.00022770611,4.517763e-08,2.0992216e-07,0.3192635,0.6361824
31007,2023-12-26,0,None,5,D4,5,D4,False,0.07767661,0.00035984494,7.132136e-08,1.20734e-07,0.2749353,0.64702797
31007,2024-01-02,0,None,5,D4,5,D4,False,0.06420817,0.00029077608,6.33635e-08,9.6276565e-08,0.28099242,0.6545084
31007,2024-01-09,0,None,5,D4,5,D4,False,0.015989242,6.678312e-05,2.1778193e-08,7.5232464e-08,0.31430712,0.6696368
31007,2024-01-16,0,None,5,D4,5,D4,False,0.013759472,5.835663e-05,2.0492966e-08,8.075221e-08,0.32880563,0.6573764
31007,2024-01-23,0,None,5,D4,5,D4,False,0.010795902,4.6536246e-05,1.7329038e-08,8.271811e-08,0.35765782,0.63149965
31007,2024-01-30,0,None,5,D4,5,D4,False,0.012563288,5.5031363e-05,1.9436655e-08,8.712399e-08,0.3577723,0.62960935
31007,2024-02-06,0,None,5,D4,5,D4,False,0.012652928,5.9059428e-05,1.9636051e-08,1.19201e-07,0.36977237,0.61751544
31007,2024-02-13,0,None,5,D4,5,D4,False,0.010960974,5.8568858e-05,1.8747825e-08,1.9454882e-07,0.40135005,0.5876301
31007,2024-02-20,0,None,5,D4,5,D4,False,0.016530454,0.00010519925,2.846364e-08,3.3484983e-07,0.43819612,0.54516786
31007,2024-02-27,0,None,5,D4,5,D4,False,0.034388974,0.00025593006,5.5332343e-08,5.106185e-07,0.46524158,0.5001129
31007,2024-03-05,0,None,4,D3,5,D4,False,0.029924788,0.0002595809,5.4692062e-08,8.631839e-07,0.5118925,0.45792213
31007,2024-03-12,0,None,4,D3,5,D4,False,0.030837962,0.00027005802,5.40331e-08,8.5316617e-07,0.5123171,0.4565739
31007,2024-03-19,0,None,4,D3,5,D4,False,0.013342212,0.00010311497,2.6921821e-08,5.493317e-07,0.5002944,0.48625973
31007,2024-03-26,0,None,5,D4,5,D4,False,0.026178706,0.00015647386,3.788945e-08,2.5270515e-07,0.41924456,0.55441993
31007,2024-04-02,0,None,5,D4,5,D4,False,0.032552347,0.00016834575,4.1673164e-08,1.4618219e-07,0.38741434,0.5798648
31007,2024-04-09,0,None,5,D4,5,D4,False,0.038071834,0.00018737433,4.517084e-08,1.3113466e-07,0.3610166,0.600724
31007,2024-04-16,0,None,5,D4,5,D4,False,0.08332384,0.0003543749,6.8758055e-08,1.04262114e-07,0.24017537,0.6761462
31007,2024-04-23,0,None,5,D4,5,D4,False,0.055684905,0.00020728972,5.7564172e-08,1.09200094e-07,0.20757568,0.736532
31007,2024-04-30,0,None,5,D4,0,None,True,0.37654477,0.0018530028,2.98379e-07,1.17525715e-07,0.09668663,0.5249151
31007,2024-05-07,1,D0,0,None,0,None,False,0.98316437,0.008523338,7.8644575e-07,4.0778627e-08,0.0014375779,0.0068737953
31007,2024-05-14,1,D0,4,D3,4,D3,False,2.817525e-05,2.7630338e-07,2.1463674e-08,1.1347354e-05,0.67238337,0.3275768
31007,2024-05-21,0,None,4,D3,4,D3,False,6.915029e-07,1.877337e-06,8.8138164e-05,0.022081476,0.6848822,0.2929456
31007,2024-05-28,0,None,0,None,0,None,True,0.96688205,0.03309918,1.0972027e-06,2.5978947e-08,1.1724688e-05,5.75681e-06
31007,2024-06-04,0,None,0,None,0,None,True,0.9688092,0.031187689,4.6319482e-07,2.2703441e-09,2.0606951e-06,5.887871e-07
31007,2024-06-11,0,None,0,None,0,None,True,0.95993465,0.04006516,8.918765e-08,1.14563975e-11,3.802961e-09,7.230365e-09
31007,2024-06-18,0,None,0,None,0,None,True,0.97879076,0.020947287,3.4382288e-07,5.223503e-09,5.209742e-05,0.00020954775
31007,2024-06-25,0,None,0,None,0,None,True,0.9818907,0.014051479,1.0848022e-06,1.6344518e-07,0.0012584865,0.0027981414
31007,2024-07-02,0,None,5,D4,5,D4,False,0.051584035,0.00040092753,1.7809941e-07,1.3239396e-06,0.335436,0.61257756
31007,2024-07-09,0,None,4,D3,4,D3,False,7.2118075e-07,2.2427358e-09,3.510553e-11,1.7849709e-07,0.6111501,0.38884905
31007,2024-07-16,1,D0,4,D3,4,D3,False,7.7517035e-07,2.1273359e-09,2.9611365e-11,2.0153759e-07,0.65983593,0.34016305
31007,2024-07-23,1,D0,4,D3,4,D3,False,1.3089923e-16,1.1939028e-13,3.551724e-07,0.023218336,0.97450656,0.0022747456
31007,2024-07-30,2,D1,3,D2,3,D2,False,5.381162e-10,1.7738301e-06,0.010191344,0.84358776,0.14621082,8.32445e-06
31007,2024-08-06,2,D1,3,D2,3,D2,False,3.2236476e-23,9.6743815e-17,2.8602592e-06,0.584489,0.41550797,2.2214843e-07
31007,2024-08-13,2,D1,4,D3,3,D2,False,5.4463563e-25,2.135404e-18,4.0332841e-07,0.4104038,0.5895955,3.0990097e-07
31007,2024-08-20,2,D1,4,D3,3,D2,False,9.944885e-23,2.8769538e-16,2.1440292e-06,0.38460094,0.61539644,5.178362e-07
31007,2024-08-27,1,D0,4,D3,4,D3,False,7.404295e-23,2.7887797e-16,1.2447945e-06,0.28797755,0.71202034,8.088947e-07
31007,2024-09-03,1,D0,3,D2,3,D2,False,1.2085919e-18,2.0758757e-12,8.651022e-05,0.57189316,0.42801952,7.947267e-07
31007,2024-09-10,1,D0,3,D2,3,D2,False,2.8868544e-12,7.9931084e-07,0.074756786,0.8711618,0.054079518,1.0451638e-06
31007,2024-09-17,1,D0,2,D1,2,D1,False,2.6765371e-11,2.0282758e-05,0.55161554,0.4415612,0.0068029533,1.05686574e-07
31007,2024-09-24,1,D0,2,D1,2,D1,False,5.309933e-11,3.9721803e-05,0.66578186,0.3303021,0.003876308,5.740758e-08
31007,2024-10-01,1,D0,2,D1,2,D1,False,4.9400508e-11,3.237473e-05,0.5851968,0.4071035,0.0076672286,1.14616206e-07
31007,2024-10-08,1,D0,3,D2,3,D2,False,6.387519e-15,2.8789477e-08,0.04136476,0.9212735,0.037361573,9.369604e-08
31007,2024-10-15,2,D1,3,D2,3,D2,False,6.6787006e-17,1.1453799e-09,0.015120466,0.9591174,0.025762118,2.0406349e-08
31007,2024-10-22,2,D1,3,D2,3,D2,False,1.158904e-19,8.203844e-12,0.0030176626,0.97387755,0.023104778,1.3291562e-08
31007,2024-10-29,2,D1,3,D2,3,D2,False,4.480781e-22,5.171139e-14,0.00027272583,0.9645777,0.035149615,1.4365639e-08
31007,2024-11-05,2,D1,3,D2,3,D2,False,6.31559e-24,7.544457e-16,4.633156e-05,0.8728084,0.12714525,1.0678786e-08
31007,2024-11-12,2,D1,3,D2,3,D2,False,6.4875858e-24,5.375282e-16,3.5308647e-05,0.8326637,0.16730095,1.8561607e-08
31007,2024-11-19,2,D1,3,D2,3,D2,False,2.1386303e-25,1.4687649e-17,4.504886e-06,0.65771794,0.3422775,3.9077253e-08
31007,2024-11-26,2,D1,4,D3,3,D2,False,2.4255277e-26,1.5637286e-18,8.9760584e-07,0.40659603,0.593403,6.394154e-08
31007,2024-12-03,2,D1,4,D3,4,D3,False,1.3108989e-26,8.78714e-19,5.716997e-07,0.33777478,0.6622246,7.304243e-08
31007,2024-12-10,2,D1,4,D3,4,D3,False,2.0122675e-26,1.150556e-18,6.1901636e-07,0.31743428,0.682565,9.0409664e-08
31007,2024-12-17,2,D1,4,D3,4,D3,False,3.8734343e-26,2.5964966e-18,1.4647563e-06,0.33476007,0.6652384,1.459581e-07
31007,2024-12-24,3,D2,4,D3,4,D3,False,2.4204707e-26,1.3353246e-18,1.0619076e-06,0.3125921,0.6874066,2.0892841e-07
31007,2024-12-31,3,D2,4,D3,4,D3,False,2.8047888e-33,2.1341143e-24,1.4977438e-09,0.04949211,0.9505078,9.2759e-09
31007,2025-01-07,3,D2,4,D3,4,D3,False,1.2417985e-34,6.365129e-26,1.264532e-10,0.015546509,0.9844535,4.079372e-08
31007,2025-01-14,3,D2,4,D3,4,D3,False,2.4628283e-34,6.650932e-26,8.448492e-11,0.012511047,0.9874888,1.0193348e-07
31007,2025-01-21,3,D2,4,D3,4,D3,False,1.3013201e-33,1.5359354e-25,8.7051304e-11,0.016926996,0.98307276,2.2382888e-07
31007,2025-01-28,3,D2,4,D3,4,D3,False,1.3944833e-33,8.7848376e-26,3.6951123e-11,0.013034511,0.98696506,4.6558185e-07
31007,2025-02-04,3,D2,4,D3,4,D3,False,1.2083536e-33,3.9669686e-26,1.6329726e-11,0.011037269,0.98896223,4.628612e-07
31007,2025-02-11,3,D2,4,D3,4,D3,False,2.6101463e-33,6.560429e-26,1.716362e-11,0.011453679,0.9885456,6.8490414e-07
31007,2025-02-18,3,D2,4,D3,4,D3,False,1.9713521e-33,5.563106e-26,1.639878e-11,0.009515127,0.9904845,4.521506e-07
31007,2025-02-25,3,D2,4,D3,4,D3,False,1.326355e-33,3.3595185e-26,9.337804e-12,0.0062213307,0.9937782,4.748106e-07
31007,2025-03-04,3,D2,4,D3,4,D3,False,1.3425238e-33,3.7854782e-26,1.0595672e-11,0.006356603,0.9936429,4.5537206e-07
31007,2025-03-11,3,D2,4,D3,4,D3,False,3.0720461e-33,6.313029e-26,1.5674738e-11,0.0069520725,0.9930474,5.7574925e-07
31007,2025-03-18,3,D2,4,D3,4,D3,False,8.5316924e-33,1.1621026e-25,2.7546342e-11,0.00743136,0.9925679,7.772282e-07
31007,2025-03-25,3,D2,4,D3,4,D3,False,2.073668e-32,3.0590172e-25,7.0641444e-11,0.008557077,0.99144167,1.2460832e-06
31007,2025-04-01,3,D2,4,D3,4,D3,False,3.8263214e-32,5.364043e-25,9.3554345e-11,0.01008574,0.9899128,1.4937103e-06
31007,2025-04-08,3,D2,4,D3,4,D3,False,1.4453318e-31,1.8995909e-24,2.7539518e-10,0.01726258,0.98273623,1.1461758e-06
31007,2025-04-15,3,D2,4,D3,4,D3,False,2.0838694e-31,4.0917852e-24,7.6389023e-10,0.02861875,0.97138065,6.430096e-07
31007,2025-04-22,3,D2,4,D3,4,D3,False,9.8273397e-32,3.2164265e-24,5.2580174e-10,0.02467083,0.97532845,7.0321386e-07
31007,2025-04-29,3,D2,4,D3,4,D3,False,2.9994748e-32,8.3988295e-25,5.002005e-10,0.04675732,0.95324236,3.0595308e-07
31007,2025-05-06,3,D2,4,D3,4,D3,False,1.4308225e-32,2.4211682e-25,6.8142034e-11,0.030776495,0.96922284,6.899251e-07
31007,2025-05-13,3,D2,4,D3,4,D3,False,1.8151472e-32,1.5062855e-25,3.251673e-11,0.014060358,0.9859385,1.2225828e-06
31007,2025-05-20,3,D2,4,D3,4,D3,False,1.7834005e-33,3.021769e-26,9.380469e-12,0.008229828,0.9917692,9.322914e-07
31007,2025-05-27,3,D2,4,D3,4,D3,False,1.6320358e-33,3.2422357e-27,3.442721e-13,0.0011630442,0.9988292,7.751174e-06
31007,2025-06-03,3,D2,4,D3,4,D3,False,4.043413e-33,8.544533e-27,3.7721706e-13,0.0010433816,0.9989396,1.7075698e-05
31007,2025-06-10,3,D2,4,D3,4,D3,False,3.0355419e-33,7.164232e-26,8.579136e-12,0.0050141066,0.9949826,3.2163882e-06
31007,2025-06-17,3,D2,4,D3,4,D3,False,3.2880204e-33,6.581225e-26,1.4638554e-11,0.0060533187,0.993944,2.7029612e-06
31007,2025-06-24,3,D2,4,D3,4,D3,False,1.3781393e-32,3.1564938e-25,5.455479e-11,0.008774282,0.99122226,3.4593388e-06
31007,2025-07-01,3,D2,4,D3,4,D3,False,4.110415e-32,1.2845394e-24,1.5600687e-10,0.012579384,0.98741156,9.047642e-06
31007,2025-07-08,3,D2,4,D3,4,D3,False,6.0558624e-32,1.6927097e-24,1.7932734e-10,0.0063702185,0.99360645,2.3292348e-05
31007,2025-07-15,3,D2,4,D3,4,D3,False,6.0520374e-31,1.6129623e-23,1.7804442e-09,0.037449062,0.9625488,2.078417e-06
31007,2025-07-22,3,D2,4,D3,4,D3,False,3.2380487e-30,9.735303e-23,6.867546e-09,0.06282162,0.9371779,5.286421e-07
31007,2025-07-29,3,D2,4,D3,4,D3,False,5.0375177e-30,1.2996728e-22,6.8356485e-09,0.060248937,0.93975043,6.3518615e-07
31007,2025-08-05,2,D1,4,D3,4,D3,False,6.2238123e-30,1.4172996e-22,5.937223e-09,0.059849754,0.9401497,5.6839497e-07
31007,2025-08-12,2,D1,4,D3,4,D3,False,8.370641e-25,7.136172e-18,1.4871014e-06,0.3057902,0.69420767,7.069132e-07
31007,2025-08-19,2,D1,4,D3,4,D3,False,6.194663e-25,7.504238e-18,1.6507694e-06,0.3552077,0.64479005,5.7557395e-07
31007,2025-08-26,2,D1,4,D3,3,D2,False,3.417635e-25,5.8101323e-18,1.7364486e-06,0.39535716,0.6046406,4.8090476e-07
31007,2025-09-02,1,D0,4,D3,3,D2,False,1.1962698e-25,3.0456592e-18,1.2766303e-06,0.41278124,0.58721673,7.9941924e-07
31007,2025-09-09,1,D0,3,D2,3,D2,False,1.8110792e-17,5.2527253e-11,0.002187598,0.85786325,0.1399426,6.5847235e-06
31007,2025-09-16,1,D0,2,D1,2,D1,False,2.528458e-09,0.0008642282,0.8066229,0.19209322,0.00041963995,5.010281e-08
31007,2025-09-23,1,D0,2,D1,2,D1,False,6.019993e-09,0.001130636,0.782954,0.21549517,0.0004201709,4.075789e-08
31007,2025-09-30,1,D0,2,D1,2,D1,False,5.564726e-09,0.0014141904,0.83599573,0.16230738,0.00028260783,1.0166843e-08
31007,2025-10-07,1,D0,2,D1,2,D1,False,4.7815902e-09,0.0015736,0.84416556,0.15405606,0.0002047627,2.3303788e-09
31007,2025-10-14,1,D0,2,D1,2,D1,False,8.257428e-09,0.0021276455,0.8604828,0.13722083,0.00016866643,2.104328e-09
31007,2025-10-21,1,D0,2,D1,2,D1,False,1.223246e-08,0.0028781919,0.8808528,0.116139084,0.00012984347,1.8980102e-09
31007,2025-10-28,1,D0,2,D1,2,D1,False,1.1314744e-08,0.0028853398,0.8843184,0.11267567,0.0001205578,1.7348148e-09
31007,2025-11-04,1,D0,2,D1,2,D1,False,1.0059211e-08,0.0028313086,0.8873805,0.109683976,0.00010425318,1.6177574e-09
31007,2025-11-11,2,D1,2,D1,2,D1,True,8.98641e-09,0.002844197,0.8918043,0.10526969,8.181549e-05,1.4125252e-09
31007,2025-11-18,2,D1,3,D2,3,D2,False,2.272159e-16,6.9544557e-09,0.044638965,0.9465379,0.008823157,1.0600983e-08
31007,2025-11-25,2,D1,3,D2,3,D2,False,2.774995e-19,3.6514358e-11,0.008853924,0.9838225,0.0073235133,5.626582e-09
31007,2025-12-02,2,D1,3,D2,3,D2,False,2.927694e-19,2.344692e-11,0.006023843,0.9861222,0.007853927,8.668105e-09
31007,2025-12-09,2,D1,3,D2,3,D2,False,3.13292e-19,2.018133e-11,0.0054002185,0.98640186,0.008197867,1.1789885e-08
31007,2025-12-16,2,D1,3,D2,3,D2,False,2.2709073e-19,8.888391e-12,0.0035575547,0.98636335,0.010079042,2.3374005e-08
31007,2025-12-23,2,D1,3,D2,3,D2,False,4.530783e-19,1.7460932e-11,0.0046300003,0.98977774,0.0055922973,1.3314239e-08
31007,2025-12-30,2,D1,3,D2,3,D2,False,1.3965891e-19,6.381016e-12,0.0031616308,0.99098563,0.0058527235,1.3804681e-08
31009,2022-01-04,0,None,5,D4,5,D4,False,1.5569647e-08,5.2630406e-10,3.5223155e-10,6.207325e-06,0.33780575,0.662188
31009,2022-01-11,0,None,5,D4,5,D4,False,3.9831843e-08,1.5898496e-09,4.9885807e-10,6.6638136e-06,0.36614048,0.6338528
31009,2022-01-18,0,None,5,D4,5,D4,False,1.1297186e-06,3.9698538e-08,1.929202e-09,1.3111298e-05,0.2896433,0.7103425
31009,2022-01-25,1,D0,5,D4,5,D4,False,1.4565275e-07,6.9737e-09,6.0762106e-10,1.1568127e-05,0.29874754,0.7012408
31009,2022-02-01,1,D0,4,D3,4,D3,False,4.335052e-13,9.912795e-10,0.00033854702,0.31853047,0.6758165,0.0053145164
31009,2022-02-08,1,D0,3,D2,3,D2,False,5.4511895e-10,3.5798148e-06,0.032352522,0.8567151,0.11087763,5.1186606e-05
31009,2022-02-15,2,D1,3,D2,3,D2,False,7.8310414e-11,1.4518381e-06,0.033682466,0.88699687,0.079299934,1.931924e-05
31009,2022-02-22,2,D1,3,D2,3,D2,False,1.5465499e-15,1.4122478e-09,0.0073534492,0.9551198,0.037523303,3.402401e-06
31009,2022-03-01,2,D1,3,D2,3,D2,False,1.3102542e-17,3.868828e-11,0.0029746948,0.95651025,0.040513035,2.0612852e-06
31009,2022-03-08,2,D1,3,D2,3,D2,False,4.5135173e-22,3.2550964e-15,4.75404e-05,0.6256862,0.37426296,3.2636406e-06
31009,2022-03-15,2,D1,4,D3,3,D2,False,4.4950363e-24,5.927531e-17,4.207676e-06,0.41927376,0.5807211,9.204526e-07
31009,2022-03-22,2,D1,4,D3,4,D3,False,1.5671515e-24,7.884912e-18,5.8623857e-07,0.19205102,0.80794215,6.235209e-06
31009,2022-03-29,3,D2,4,D3,4,D3,False,5.290099e-25,2.2275275e-18,3.7489013e-07,0.1937287,0.8062659,5.0679378e-06
31009,2022-04-05,3,D2,4,D3,4,D3,False,1.0949375e-30,1.5791059e-22,1.3014559e-08,0.18961367,0.81038624,6.422998e-08
31009,2022-04-12,3,D2,4,D3,4,D3,False,4.6109283e-31,4.396608e-23,4.624428e-09,0.121729165,0.87827075,7.993547e-08
31009,2022-04-19,3,D2,4,D3,4,D3,False,2.8914e-31,2.0231557e-23,2.3556908e-09,0.08028743,0.9197124,1.3700726e-07
31009,2022-04-26,3,D2,4,D3,4,D3,False,4.1398734e-31,7.317661e-24,4.823842e-10,0.029426547,0.9705724,1.0177138e-06
31009,2022-05-03,3,D2,4,D3,4,D3,False,5.002795e-31,3.3243762e-24,1.2512404e-10,0.0089791985,0.99101526,5.556656e-06
31009,2022-05-10,3,D2,4,D3,4,D3,False,6.9987753e-31,2.5895984e-24,6.217676e-11,0.0047337697,0.9952502,1.596457e-05
31009,2022-05-17,3,D2,4,D3,4,D3,False,4.649091e-31,1.0247778e-24,2.3212317e-11,0.0028295433,0.99711406,5.6383e-05
31009,2022-05-24,3,D2,4,D3,4,D3,False,2.468151e-31,6.538051e-25,1.9953426e-11,0.0018221176,0.998095,8.288643e-05
31009,2022-05-31,3,D2,4,D3,4,D3,False,1.4752025e-31,5.184633e-25,2.9772768e-11,0.0007630968,0.9990827,0.00015420206
31009,2022-06-07,3,D2,4,D3,4,D3,False,6.991769e-31,2.5569934e-24,2.1472601e-10,0.0022552887,0.9976809,6.3779145e-05
31009,2022-06-14,3,D2,4,D3,4,D3,False,9.717851e-31,5.8302165e-24,8.699843e-10,0.008541697,0.9914432,1.5053185e-05
31009,2022-06-21,3,D2,4,D3,4,D3,False,3.663201e-30,4.461702e-23,4.1071986e-09,0.02121087,0.9787871,1.9684196e-06
31009,2022-06-28,3,D2,4,D3,4,D3,False,4.6731163e-30,6.235595e-23,4.684616e-09,0.021729412,0.97826856,1.9808754e-06
31009,2022-07-05,3,D2,4,D3,4,D3,False,2.4328584e-30,3.3692855e-23,2.4817823e-09,0.017454717,0.98254365,1.6273184e-06
31009,2022-07-12,3,D2,4,D3,4,D3,False,9.804849e-31,1.7613566e-23,1.4896229e-09,0.01614209,0.9838568,1.1090518e-06
31009,2022-07-19,3,D2,4,D3,4,D3,False,4.0298227e-31,9.615257e-24,1.030771e-09,0.012549284,0.98744917,1.5329056e-06
31009,2022-07-26,3,D2,4,D3,4,D3,False,1.5820126e-31,3.622906e-24,5.74764e-10,0.008642491,0.99135524,2.2750176e-06
31009,2022-08-02,3,D2,4,D3,4,D3,False,2.1126137e-31,3.485556e-24,4.8603577e-10,0.008151715,0.9918447,3.57907e-06
31009,2022-08-09,3,D2,4,D3,4,D3,False,3.232005e-31,4.0865093e-24,4.8747495e-10,0.008803086,0.9911925,4.356686e-06
31009,2022-08-16,3,D2,4,D3,4,D3,False,3.7009076e-31,6.2858074e-24,6.739633e-10,0.013000892,0.986997,2.0478e-06
31009,2022-08-23,3,D2,4,D3,4,D3,False,2.2911264e-31,8.9083064e-24,1.1793931e-09,0.027930243,0.97206926,4.387208e-07
31009,2022-08-30,3,D2,4,D3,4,D3,False,3.7955713e-31,1.9921685e-23,2.4449691e-09,0.043628775,0.95637095,2.842436e-07
31009,2022-09-06,3,D2,4,D3,4,D3,False,5.719377e-31,2.6392908e-23,3.7215329e-09,0.053155474,0.9468441,4.1667232e-07
31009,2022-09-13,3,D2,4,D3,4,D3,False,7.0837156e-31,2.743536e-23,3.1281508e-09,0.04928005,0.95071954,4.4802673e-07
31009,2022-09-20,3,D2,4,D3,4,D3,False,8.006105e-31,2.607395e-23,1.9944275e-09,0.04249599,0.95750356,5.204004e-07
31009,2022-09-27,3,D2,4,D3,4,D3,False,6.8844505e-31,2.0446658e-23,1.080698e-09,0.031865478,0.9681336,9.0421474e-07
31009,2022-10-04,3,D2,4,D3,4,D3,False,5.4792745e-30,1.7640142e-22,3.5584111e-09,0.034706198,0.9652916,2.156916e-06
31009,2022-10-11,3,D2,4,D3,4,D3,False,3.081872e-30,7.536597e-23,3.2623872e-09,0.044863082,0.9551346,2.3179518e-06
31009,2022-10-18,4,D3,4,D3,4,D3,True,1.9370028e-29,5.579857e-22,1.18781776e-08,0.06586957,0.93412864,1.7540084e-06
31009,2022-10-25,4,D3,4,D3,4,D3,True,2.0184753e-27,4.8235727e-22,3.387872e-10,0.0042795828,0.9956053,0.000115088704
31009,2022-11-01,4,D3,4,D3,4,D3,True,2.492766e-28,2.4817483e-22,3.4967584e-10,0.0040626815,0.9958437,9.358119e-05
31009,2022-11-08,4,D3,4,D3,4,D3,True,3.239662e-28,2.3252196e-22,2.1803341e-10,0.0030124695,0.99689144,9.6058815e-05
31009,2022-11-15,4,D3,4,D3,4,D3,True,1.8624439e-29,9.362197e-24,3.281269e-11,0.0035673396,0.9964108,2.1935382e-05
31009,2022-11-22,4,D3,4,D3,4,D3,True,8.354079e-30,2.1634282e-24,7.993331e-12,0.0027513178,0.99723476,1.3884377e-05
31009,2022-11-29,4,D3,4,D3,4,D3,True,2.0630206e-30,3.8979617e-25,3.4906626e-12,0.0020954807,0.99789304,1.1478817e-05
31009,2022-12-06,4,D3,4,D3,4,D3,True,8.429429e-31,1.1769436e-25,2.1270169e-12,0.00157959,0.9983803,4.0155126e-05
31009,2022-12-13,4,D3,4,D3,4,D3,True,4.412302e-31,4.0559382e-26,1.881829e-13,0.00017744476,0.9983639,0.0014585946
31009,2022-12-20,4,D3,4,D3,4,D3,True,3.659701e-31,3.6592493e-26,1.7780787e-13,0.00016624852,0.99775887,0.002074901
31009,2022-12-27,4,D3,4,D3,4,D3,True,1.9727029e-31,4.2534764e-26,3.8169714e-13,0.00024834825,0.99900454,0.00074714207
31009,2023-01-03,3,D2,4,D3,4,D3,False,1.83514e-31,6.5071213e-26,6.794586e-13,0.0004946258,0.99912363,0.00038180192
31009,2023-01-10,3,D2,4,D3,4,D3,False,1.2592431e-29,1.24351316e-23,2.8941136e-11,0.006184086,0.9937325,8.3382416e-05
31009,2023-01-17,3,D2,4,D3,4,D3,False,2.2241102e-30,5.8822983e-24,3.6070518e-11,0.0038759708,0.996058,6.6002875e-05
31009,2023-01-24,3,D2,4,D3,4,D3,False,4.2007413e-30,7.633702e-24,8.1934765e-11,0.0074170595,0.99257,1.2939817e-05
31009,2023-01-31,3,D2,4,D3,4,D3,False,2.9767476e-30,6.761302e-24,7.213715e-11,0.00780264,0.9921908,6.604383e-06
31009,2023-02-07,3,D2,4,D3,4,D3,False,3.2599742e-30,1.2327434e-23,1.6053411e-10,0.015522066,0.98447615,1.8193468e-06
31009,2023-02-14,3,D2,4,D3,4,D3,False,1.0524591e-29,5.342786e-23,6.661473e-10,0.02949979,0.970499,1.2206065e-06
31009,2023-02-21,3,D2,4,D3,4,D3,False,5.118674e-30,5.8139945e-23,9.848458e-10,0.034914073,0.96508527,6.0465237e-07
31009,2023-02-28,3,D2,4,D3,4,D3,False,3.7013522e-30,4.1889994e-23,6.033477e-10,0.032600358,0.9673987,9.690523e-07
31009,2023-03-07,3,D2,4,D3,4,D3,False,1.1432133e-30,1.7635109e-23,3.897968e-10,0.028411413,0.9715878,8.115472e-07
31009,2023-03-14,3,D2,4,D3,4,D3,False,5.4733565e-31,9.1597125e-24,2.613037e-10,0.023851091,0.9761481,7.707589e-07
31009,2023-03-21,3,D2,4,D3,4,D3,False,9.02188e-31,7.717733e-24,1.8268524e-10,0.021467242,0.9785315,1.3131348e-06
31009,2023-03-28,3,D2,4,D3,4,D3,False,7.740008e-31,3.2813778e-24,7.095796e-11,0.016427478,0.98357034,2.1849298e-06
31009,2023-04-04,3,D2,4,D3,4,D3,False,7.8772425e-31,3.018421e-24,6.443437e-11,0.015717017,0.9842806,2.3970229e-06
31009,2023-04-11,3,D2,4,D3,4,D3,False,8.961137e-31,3.141625e-24,6.250053e-11,0.015223313,0.9847741,2.6376445e-06
31009,2023-04-18,3,D2,4,D3,4,D3,False,1.5872614e-30,3.91939e-24,6.082401e-11,0.014270472,0.98572576,3.7393859e-06
31009,2023-04-25,4,D3,4,D3,4,D3,True,1.0236132e-30,3.426869e-24,6.47284e-11,0.015275238,0.98472196,2.782049e-06
31009,2023-05-02,4,D3,4,D3,4,D3,True,1.6361962e-30,3.002198e-25,4.213279e-12,0.0013552108,0.9985777,6.702074e-05
31009,2023-05-09,4,D3,4,D3,4,D3,True,5.980162e-31,1.5721207e-25,3.5002006e-12,0.0012869776,0.9986577,5.5249446e-05
31009,2023-05-16,3,D2,4,D3,4,D3,False,1.5150673e-30,3.3297205e-25,4.7276284e-12,0.0013637956,0.9985753,6.084767e-05
31009,2023-05-23,3,D2,4,D3,4,D3,False,5.903215e-30,3.67965e-23,3.7097436e-10,0.028033081,0.9719652,1.744073e-06
31009,2023-05-30,3,D2,4,D3,4,D3,False,2.5012797e-31,9.612919e-24,7.800113e-10,0.05229612,0.9477036,3.2178278e-07
31009,2023-06-06,3,D2,4,D3,4,D3,False,4.9174608e-32,6.2027293e-24,1.382024e-09,0.07758506,0.9224148,1.2980873e-07
31009,2023-06-13,3,D2,4,D3,4,D3,False,6.2413225e-33,2.67041e-24,1.5529817e-09,0.09486636,0.9051336,6.543977e-08
31009,2023-06-20,3,D2,4,D3,4,D3,False,2.5175686e-33,1.7205577e-24,1.6053796e-09,0.09367831,0.9063216,6.599224e-08
31009,2023-06-27,3,D2,4,D3,4,D3,False,1.7542064e-33,1.3866922e-24,1.6586722e-09,0.09075091,0.90924907,7.369045e-08
31009,2023-07-04,3,D2,4,D3,4,D3,False,1.5057958e-33,1.1879208e-24,1.5939339e-09,0.086398125,0.9136018,7.973353e-08
31009,2023-07-11,3,D2,4,D3,4,D3,False,1.3079304e-33,1.0197378e-24,1.4966846e-09,0.08259728,0.9174027,8.254537e-08
31009,2023-07-18,3,D2,4,D3,4,D3,False,1.4606986e-33,8.870648e-25,1.2692715e-09,0.07295546,0.9270444,9.963395e-08
31009,2023-07-25,3,D2,4,D3,4,D3,False,1.3379679e-33,7.8543897e-25,1.1498582e-09,0.069137156,0.9308627,1.0157057e-07
31009,2023-08-01,3,D2,4,D3,4,D3,False,1.2468464e-33,7.2998965e-25,1.0677081e-09,0.06605759,0.9339423,9.995804e-08
31009,2023-08-08,3,D2,4,D3,4,D3,False,3.4612857e-32,5.751476e-24,1.8119511e-09,0.052226022,0.94777364,2.901184e-07
31009,2023-08-15,3,D2,4,D3,4,D3,False,7.749748e-30,6.9285954e-22,2.0817772e-08,0.10193563,0.8980638,6.134123e-07
31009,2023-08-22,3,D2,4,D3,4,D3,False,5.07223e-29,5.173061e-21,7.329111e-08,0.16098931,0.83901,6.0684573e-07
31009,2023-08-29,3,D2,4,D3,4,D3,False,8.926258e-29,9.545149e-21,1.0363562e-07,0.17670168,0.8232975,6.562052e-07
31009,2023-09-05,3,D2,4,D3,4,D3,False,1.00844954e-28,1.22651974e-20,1.2227952e-07,0.1804868,0.81951255,6.1836096e-07
31009,2023-09-12,3,D2,4,D3,4,D3,False,8.7965165e-29,1.06559345e-20,1.0628743e-07,0.15404752,0.84595174,6.837305e-07
31009,2023-09-19,3,D2,4,D3,4,D3,False,1.144798e-28,1.0769409e-20,9.593109e-08,0.11743831,0.88256073,8.9730133e-07
31009,2023-09-26,2,D1,4,D3,4,D3,False,2.151738e-28,1.2612462e-20,9.969393e-08,0.098149545,0.9018489,1.4173709e-06
31009,2023-10-03,2,D1,4,D3,4,D3,False,1.4711668e-27,3.6935915e-20,1.1278886e-07,0.0902373,0.90975964,2.9085743e-06
31009,2023-10-10,2,D1,4,D3,4,D3,False,2.0700292e-27,4.3331785e-20,1.2255472e-07,0.1031551,0.8968414,3.3664264e-06
31009,2023-10-17,1,D0,4,D3,4,D3,False,1.2220608e-27,3.047491e-20,1.3611958e-07,0.1300197,0.8699777,2.4830886e-06
31009,2023-10-24,1,D0,3,D2,3,D2,False,7.866676e-20,5.7447753e-13,0.0005306062,0.7713564,0.22810885,4.1472194e-06
31009,2023-10-31,0,None,3,D2,3,D2,False,1.6158902e-17,8.986646e-11,0.0075130383,0.9020798,0.09040593,1.1496313e-06
31009,2023-11-07,0,None,2,D1,2,D1,False,9.563653e-05,0.018833568,0.8046894,0.1475331,0.02555655,0.0032917554
31009,2023-11-14,0,None,0,None,0,None,True,0.83628297,0.16354384,2.323881e-06,5.4590736e-09,5.257704e-06,0.00016561165
31009,2023-11-21,0,None,0,None,0,None,True,0.881071,0.11892541,2.8548536e-07,4.0554636e-11,9.2808136e-08,3.1858046e-06
31009,2023-11-28,0,None,0,None,0,None,True,0.945641,0.05435906,1.6392178e-08,1.10426086e-13,3.4194778e-10,1.4253994e-09
31009,2023-12-05,0,None,0,None,0,None,True,0.9866789,0.013320412,9.568248e-10,9.3572834e-14,1.8893044e-07,4.6527333e-07
31009,2023-12-12,0,None,0,None,0,None,True,0.9902598,0.009738883,4.311056e-10,2.4471995e-14,9.080485e-08,1.1967709e-06
31009,2023-12-19,0,None,0,None,0,None,True,0.9888653,0.011131124,1.4061867e-09,2.6610523e-13,1.9774151e-07,3.330209e-06
31009,2023-12-26,0,None,0,None,0,None,True,0.987219,0.012780021,1.4721017e-09,2.448458e-14,3.6081495e-08,1.0068262e-06
31009,2024-01-02,0,None,0,None,0,None,True,0.94748896,0.0050620623,1.3375069e-08,1.06384554e-10,0.00058618665,0.046862688
31009,2024-01-09,0,None,0,None,0,None,True,0.98072207,0.01925494,1.4235329e-08,5.57773e-13,1.5907244e-06,2.1388325e-05
31009,2024-01-16,0,None,0,None,0,None,True,0.9459483,0.0074320273,1.093027e-07,5.4444743e-10,0.0011389543,0.045480646
31009,2024-01-23,0,None,5,D4,5,D4,False,0.06957128,0.00032157748,4.0467675e-08,1.32608875e-08,0.061471116,0.868636
31009,2024-01-30,0,None,5,D4,5,D4,False,0.020478386,0.0001170989,3.2871878e-08,1.1223352e-07,0.14584416,0.8335603
31009,2024-02-06,0,None,5,D4,5,D4,False,0.00022413515,1.9181462e-06,7.882596e-09,2.697312e-06,0.14730965,0.8524616
31009,2024-02-13,0,None,5,D4,5,D4,False,0.00031594106,3.0182787e-06,1.2290582e-08,4.3710625e-06,0.16057026,0.8391064
31009,2024-02-20,0,None,0,None,0,None,True,0.555809,0.0051948414,3.6943666e-07,8.45784e-08,0.11292173,0.32607383
31009,2024-02-27,0,None,5,D4,5,D4,False,0.07019285,0.00034477757,5.870885e-08,3.7019724e-08,0.13706729,0.79239506
31009,2024-03-05,0,None,5,D4,5,D4,False,0.035675097,0.00015042254,3.204793e-08,2.845404e-08,0.12643981,0.83773464
31009,2024-03-12,0,None,5,D4,5,D4,False,0.042150684,0.00017649368,3.5617155e-08,3.0296977e-08,0.12669335,0.83097935
31009,2024-03-19,0,None,5,D4,5,D4,False,0.025831355,0.000100440295,2.3210367e-08,2.9034243e-08,0.13627732,0.8377908
31009,2024-03-26,0,None,5,D4,5,D4,False,0.04225844,0.0001704275,3.46278e-08,3.4853226e-08,0.1393087,0.81826246
31009,2024-04-02,0,None,5,D4,5,D4,False,0.035374943,0.00013844273,2.9459533e-08,3.6362202e-08,0.15294261,0.811544
31009,2024-04-09,0,None,5,D4,5,D4,False,0.040076133,0.00015246552,3.1356745e-08,3.8675157e-08,0.1522055,0.80756587
31009,2024-04-16,0,None,5,D4,5,D4,False,0.033581685,0.000120978955,2.6331028e-08,3.9867142e-08,0.15953393,0.8067634
31009,2024-04-23,0,None,5,D4,5,D4,False,0.04719135,0.00016850098,3.8193456e-08,6.366393e-08,0.18154961,0.77109045
31009,2024-04-30,0,None,5,D4,0,None,True,0.3549097,0.0016202918,1.6972568e-07,3.7874997e-08,0.07003159,0.5734381
31009,2024-05-07,0,None,0,None,0,None,True,0.9020979,0.0066833594,5.5011293e-07,2.9065966e-08,0.006139546,0.08507861
31009,2024-05-14,0,None,0,None,0,None,True,0.9876039,0.012088939,1.1482491e-06,7.2833277e-09,4.554115e-05,0.00026039084
31009,2024-05-21,0,None,0,None,0,None,True,0.9876368,0.012124759,1.122386e-06,6.029878e-09,3.201504e-05,0.00020521725
31009,2024-05-28,0,None,0,None,0,None,True,0.9880365,0.011487151,1.3418239e-06,1.1651509e-08,7.416739e-05,0.0004007673
31009,2024-06-04,0,None,0,None,0,None,True,0.9878247,0.011128549,1.6920674e-06,2.5083061e-08,0.00019447274,0.00085069065
31009,2024-06-11,0,None,0,None,0,None,True,0.9870609,0.010793269,2.0852e-06,5.081624e-08,0.00046568373,0.0016779903
31009,2024-06-18,0,None,0,None,0,None,True,0.9864158,0.010727792,2.2760341e-06,7.003655e-08,0.0006802611,0.0021738647
31009,2024-06-25,0,None,0,None,0,None,True,0.9857061,0.010726087,2.3103673e-06,8.9072046e-08,0.0009252118,0.0026401866
31009,2024-07-02,0,None,0,None,0,None,True,0.98557115,0.010762949,2.0744242e-06,9.426243e-08,0.0010145119,0.0026492134
31009,2024-07-09,0,None,0,None,0,None,True,0.9825538,0.0103736315,2.0003322e-06,1.6476825e-07,0.0022423477,0.004828105
31009,2024-07-16,0,None,0,None,0,None,True,0.9851939,0.010451198,1.7441913e-06,1.356937e-07,0.0014102907,0.002942762
31009,2024-07-23,0,None,0,None,0,None,True,0.9722707,0.00936986,2.6427315e-06,6.873889e-07,0.0070059653,0.011350104
31009,2024-07-30,0,None,0,None,0,None,True,0.97368354,0.011064712,2.6762725e-06,1.0702623e-06,0.0063839247,0.008864004
31009,2024-08-06,0,None,0,None,0,None,True,0.9760993,0.011613452,2.6464766e-06,9.816864e-07,0.005273865,0.007009651
31009,2024-08-13,0,None,4,D3,4,D3,False,0.002857953,2.9728863e-05,1.4780358e-07,1.3495277e-05,0.58185095,0.41524777
31009,2024-08-20,0,None,4,D3,4,D3,False,0.028220866,0.0003019978,9.153175e-07,3.1001688e-05,0.5754418,0.39600345
31009,2024-08-27,0,None,4,D3,4,D3,False,0.04821051,0.00046753924,1.1065207e-06,2.8120361e-05,0.5368844,0.4144083
31009,2024-09-03,1,D0,4,D3,0,None,False,0.23320547,0.0023593036,2.6305713e-06,2.9515797e-05,0.424906,0.33949703
31009,2024-09-10,1,D0,4,D3,4,D3,False,2.5015654e-06,3.577804e-05,0.0007082353,0.06547577,0.5892679,0.34450975
31009,2024-09-17,1,D0,2,D1,2,D1,False,0.002328708,0.22037031,0.6560248,0.119456105,0.0017595162,6.057721e-05
31009,2024-09-24,2,D1,3,D2,3,D2,False,3.2522776e-11,2.6795672e-06,0.096961886,0.86372083,0.03931431,3.313622e-07
31009,2024-10-01,2,D1,3,D2,3,D2,False,1.9169472e-15,5.598705e-09,0.025726233,0.9508347,0.023438951,5.1998605e-08
31009,2024-10-08,2,D1,3,D2,3,D2,False,1.4461018e-21,2.5839881e-15,2.7788883e-05,0.64415085,0.35582072,6.394848e-07
31009,2024-10-15,3,D2,4,D3,4,D3,False,1.9843469e-24,1.6786666e-17,2.9524626e-06,0.35280004,0.6471966,4.7341783e-07
31009,2024-10-22,3,D2,4,D3,3,D2,True,4.051041e-33,6.7918904e-23,4.4602665e-08,0.41000953,0.58999044,2.9149874e-09
31009,2024-10-29,3,D2,4,D3,4,D3,False,7.0442044e-35,7.4030563e-25,2.7720148e-09,0.27513355,0.7248665,3.4224787e-09
31009,2024-11-05,3,D2,4,D3,4,D3,False,6.0294695e-36,5.896841e-26,7.008166e-10,0.17930251,0.8206974,1.9086213e-09
31009,2024-11-12,3,D2,4,D3,4,D3,False,1.931766e-35,6.0702144e-26,4.0940096e-10,0.115041204,0.88495886,3.0549538e-09
31009,2024-11-19,3,D2,4,D3,4,D3,False,1.3291881e-35,2.4108847e-26,1.5625937e-10,0.06205681,0.93794316,1.1383884e-08
31009,2024-11-26,3,D2,4,D3,4,D3,False,1.322812e-35,1.06566264e-26,7.1303984e-11,0.040614255,0.95938575,1.6982687e-08
31009,2024-12-03,3,D2,4,D3,4,D3,False,1.8009731e-35,7.989824e-27,3.9335243e-11,0.033056274,0.96694374,2.4185752e-08
31009,2024-12-10,3,D2,4,D3,4,D3,False,2.9932227e-35,8.446257e-27,3.2979328e-11,0.028933594,0.97106636,3.7228606e-08
31009,2024-12-17,3,D2,4,D3,4,D3,False,4.1909353e-35,8.631418e-27,3.023483e-11,0.026579605,0.9734204,4.939401e-08
31009,2024-12-24,3,D2,4,D3,4,D3,False,4.030547e-35,7.3208264e-27,2.4470264e-11,0.021998959,0.978001,5.7740447e-08
31009,2024-12-31,3,D2,4,D3,4,D3,False,1.8440873e-35,3.9801422e-27,1.14246165e-11,0.010889565,0.9891103,6.843244e-08
31009,2025-01-07,3,D2,4,D3,4,D3,False,1.2786711e-35,4.303881e-27,1.1611614e-11,0.008916143,0.99108386,6.6199235e-08
31009,2025-01-14,3,D2,4,D3,4,D3,False,1.20148064e-35,5.088072e-27,1.3977415e-11,0.009289632,0.9907103,5.9515898e-08
31009,2025-01-21,3,D2,4,D3,4,D3,False,1.2284077e-35,5.2296405e-27,1.476927e-11,0.009137856,0.99086213,6.55825e-08
31009,2025-01-28,3,D2,4,D3,4,D3,False,2.8714624e-35,1.1432358e-26,3.0654798e-11,0.008717364,0.99128246,1.1819448e-07
31009,2025-02-04,3,D2,4,D3,4,D3,False,2.5260693e-35,9.574654e-27,2.888161e-11,0.008216536,0.99178326,1.4711624e-07
31009,2025-02-11,3,D2,4,D3,4,D3,False,1.4272123e-35,5.724033e-27,1.9950697e-11,0.007947326,0.99205256,1.4126185e-07
31009,2025-02-18,3,D2,4,D3,4,D3,False,1.4019918e-35,5.671763e-27,1.8726597e-11,0.00787839,0.99212146,1.3587102e-07
31009,2025-02-25,3,D2,4,D3,4,D3,False,2.554355e-35,9.627873e-27,2.663538e-11,0.009913589,0.99008626,1.3503097e-07
31009,2025-03-04,3,D2,4,D3,4,D3,False,5.142071e-35,1.997355e-26,5.0692235e-11,0.01643861,0.9835613,1.3267037e-07
31009,2025-03-11,3,D2,4,D3,4,D3,False,4.783841e-35,1.5547288e-26,3.747756e-11,0.01721858,0.98278123,1.3316208e-07
31009,2025-03-18,3,D2,4,D3,4,D3,False,3.1470013e-35,7.409153e-27,1.9480388e-11,0.017407212,0.9825927,1.0609479e-07
31009,2025-03-25,3,D2,4,D3,4,D3,False,3.4060893e-35,8.334738e-27,2.2690627e-11,0.018645314,0.98135453,1.03218866e-07
31009,2025-04-01,3,D2,4,D3,4,D3,False,2.2275483e-35,5.058593e-27,1.4932772e-11,0.012279131,0.9877208,9.941452e-08
31009,2025-04-08,3,D2,4,D3,4,D3,False,1.12411964e-35,2.568899e-27,6.730364e-12,0.006583168,0.99341667,1.13767285e-07
31009,2025-04-15,3,D2,4,D3,4,D3,False,9.0762556e-36,2.3611362e-27,6.454078e-12,0.006229983,0.99376994,1.13590225e-07
31009,2025-04-22,3,D2,4,D3,4,D3,False,8.2006e-36,2.1408233e-27,6.3817415e-12,0.006183171,0.9938167,1.217174e-07
31009,2025-04-29,3,D2,4,D3,4,D3,False,1.7935277e-35,4.747269e-27,1.6621855e-11,0.0074258936,0.992574,1.6072231e-07
31009,2025-05-06,3,D2,4,D3,4,D3,False,1.1132895e-34,1.8237024e-26,4.1005605e-11,0.0076925433,0.9923071,3.165497e-07
31009,2025-05-13,3,D2,4,D3,4,D3,False,1.8612438e-34,2.2706437e-26,3.8239963e-11,0.007652462,0.9923471,4.6145294e-07
31009,2025-05-20,3,D2,4,D3,4,D3,False,2.1438574e-34,2.2180709e-26,3.8926876e-11,0.0070269336,0.9929725,5.135305e-07
31009,2025-05-27,3,D2,4,D3,4,D3,False,3.6827423e-33,2.5442073e-25,1.3800752e-10,0.006670351,0.99332905,6.26419e-07
31009,2025-06-03,3,D2,4,D3,4,D3,False,4.178596e-32,3.387703e-24,5.7677085e-10,0.01749239,0.9825068,7.351487e-07
31009,2025-06-10,3,D2,4,D3,4,D3,False,3.076554e-31,3.422692e-23,5.3784976e-09,0.12993371,0.870066,3.5289202e-07
31009,2025-06-17,3,D2,4,D3,4,D3,False,3.5161615e-31,3.148683e-23,3.851815e-09,0.09288331,0.90711653,1.5465788e-07
31009,2025-06-24,2,D1,4,D3,4,D3,False,6.4803085e-31,2.5661612e-23,1.3650546e-09,0.06440098,0.9355988,1.749637e-07
31009,2025-07-01,2,D1,4,D3,4,D3,False,1.0304548e-30,2.5164974e-23,1.3654161e-09,0.06225392,0.9377458,2.1460248e-07
31009,2025-07-08,2,D1,4,D3,4,D3,False,4.3383068e-32,1.3863261e-24,1.0217346e-10,0.015636574,0.9843627,7.1790055e-07
31009,2025-07-15,1,D0,4,D3,4,D3,False,4.4615127e-32,1.6633408e-24,1.3426708e-10,0.0127522005,0.9872471,6.900875e-07
31009,2025-07-22,1,D0,4,D3,4,D3,False,9.333574e-23,3.4638343e-16,7.8500267e-07,0.10327315,0.8967074,1.8762876e-05
31009,2025-07-29,1,D0,4,D3,4,D3,False,1.2961388e-19,3.631574e-13,3.474247e-05,0.28561187,0.714327,2.6426189e-05
31009,2025-08-05,1,D0,3,D2,3,D2,False,4.1851395e-16,4.0402356e-10,0.002416209,0.8315908,0.16598792,5.0168505e-06
31009,2025-08-12,1,D0,3,D2,3,D2,False,3.946514e-11,2.454246e-06,0.09840895,0.8589135,0.042667825,7.2594944e-06
31009,2025-08-19,1,D0,3,D2,3,D2,False,1.1359378e-10,6.8505815e-06,0.20220016,0.7653409,0.032440465,1.1575963e-05
31009,2025-08-26,1,D0,3,D2,3,D2,False,1.3607772e-10,1.8938457e-05,0.22239973,0.7569484,0.020621471,1.1441798e-05
31009,2025-09-02,1,D0,3,D2,3,D2,False,1.6120476e-11,7.150733e-06,0.27730897,0.7161895,0.0064937654,6.0384e-07
31009,2025-09-09,1,D0,3,D2,3,D2,False,2.1926304e-12,2.7326141e-06,0.21057798,0.783247,0.006172126,1.5963163e-07
31009,2025-09-16,1,D0,3,D2,3,D2,False,5.800826e-13,1.7118739e-06,0.20458198,0.7922548,0.0031614362,1.8948482e-08
31009,2025-09-23,1,D0,3,D2,3,D2,False,8.900694e-13,1.7288542e-06,0.20973885,0.78660065,0.0036587003,2.9392288e-08
31009,2025-09-30,1,D0,2,D1,2,D1,False,4.2828867e-07,0.01021182,0.8941094,0.09561914,5.9168637e-05,2.3849223e-09
31009,2025-10-07,1,D0,2,D1,2,D1,False,0.00016283158,0.18841569,0.80597115,0.0054503274,2.0380245e-08,1.5898399e-11
31009,2025-10-14,1,D0,2,D1,2,D1,False,0.00028832795,0.24683613,0.7495138,0.003361784,3.1328635e-09,3.9266836e-12
31009,2025-10-21,0,None,2,D1,2,D1,False,0.00033003872,0.25844693,0.7379419,0.0032810394,2.9230103e-09,4.2477116e-12
31009,2025-10-28,0,None,0,None,0,None,True,0.9183212,0.08167098,7.758889e-06,3.2857106e-09,7.0574013e-09,3.2628545e-08
31009,2025-11-04,0,None,0,None,0,None,True,0.96548927,0.034510516,9.3115176e-08,5.521726e-11,1.9413749e-08,6.767384e-08
31009,2025-11-11,0,None,0,None,0,None,True,0.9694587,0.030541247,3.0315113e-09,5.2638867e-15,2.3764919e-11,4.5013354e-10
31009,2025-11-18,0,None,0,None,0,None,True,0.97643346,0.023566553,1.1813035e-09,3.200282e-16,9.58774e-12,1.1474809e-10
31009,2025-11-25,0,None,0,None,0,None,True,0.95671487,0.043285083,2.1129696e-09,7.977595e-17,2.9473602e-12,2.553684e-11
31009,2025-12-02,0,None,0,None,0,None,True,0.9660863,0.03391361,5.1938613e-09,1.6091317e-15,1.4789092e-10,6.1232475e-10
31009,2025-12-09,0,None,0,None,0,None,True,0.9639368,0.036063146,2.0112477e-08,1.495164e-14,1.064762e-09,2.956609e-09
31009,2025-12-16,0,None,0,None,0,None,True,0.96821904,0.0317808,1.0591402e-07,1.2855545e-12,4.8865417e-08,1.0788975e-07
31009,2025-12-23,1,D0,0,None,0,None,False,0.91152155,0.0070442734,1.5047348e-06,9.286316e-08,0.022262974,0.059169542
31009,2025-12-30,1,D0,4,D3,4,D3,False,4.670423e-06,9.09557e-05,0.006315931,0.19150451,0.70651317,0.0955708
31011,2022-01-04,1,D0,2,D1,2,D1,False,6.494376e-05,0.15269457,0.84235245,0.004887797,1.7899943e-07,4.1741297e-10
31011,2022-01-11,1,D0,2,D1,2,D1,False,6.132381e-05,0.15019564,0.84472454,0.005018329,2.0077688e-07,4.4621182e-10
31011,2022-01-18,1,D0,2,D1,2,D1,False,6.010214e-05,0.14905387,0.84577477,0.005111041,2.1597805e-07,4.647233e-10
31011,2022-01-25,1,D0,2,D1,2,D1,False,4.0077375e-05,0.13361393,0.8606418,0.005703949,3.439985e-07,5.716258e-10
31011,2022-02-01,1,D0,2,D1,2,D1,False,4.0372834e-05,0.13006423,0.86400366,0.0058914865,3.5494867e-07,5.481912e-10
31011,2022-02-08,2,D1,2,D1,2,D1,True,4.571131e-05,0.13020594,0.862791,0.0069570667,2.6593716e-07,2.9723266e-10
31011,2022-02-15,2,D1,3,D2,3,D2,False,7.0001995e-16,1.1186881e-08,0.055213373,0.9295433,0.015243264,2.2679213e-08
31011,2022-02-22,2,D1,3,D2,3,D2,False,7.039065e-20,6.9917384e-12,0.0061203884,0.97912633,0.014753252,7.217021e-09
31011,2022-03-01,3,D2,3,D2,3,D2,True,1.6073634e-19,6.251715e-12,0.0048122494,0.97393936,0.021248419,2.3648322e-08
31011,2022-03-08,3,D2,3,D2,3,D2,True,2.473538e-30,8.991307e-20,7.927648e-06,0.91821384,0.08177825,5.5279573e-11
31011,2022-03-15,3,D2,3,D2,3,D2,True,1.0980112e-31,3.960994e-21,1.1242408e-06,0.69291157,0.3070873,3.7954997e-10
31011,2022-03-22,3,D2,4,D3,4,D3,False,1.1666069e-30,1.5333886e-22,4.8791566e-09,0.056988515,0.9430114,4.2232376e-08
31011,2022-03-29,3,D2,4,D3,4,D3,False,2.4171295e-30,9.2178555e-23,2.1846507e-09,0.030577442,0.9694225,8.103307e-08
31011,2022-04-05,3,D2,4,D3,4,D3,False,4.175236e-30,2.2757058e-23,6.688614e-10,0.028365923,0.9716339,1.9104068e-07
31011,2022-04-12,4,D3,4,D3,4,D3,True,6.97972e-31,6.473651e-25,1.3177096e-11,0.0070795184,0.99291915,1.2672456e-06
31011,2022-04-19,4,D3,4,D3,4,D3,True,5.7941515e-32,1.6897282e-26,6.620437e-13,0.0018878813,0.9981008,1.1320663e-05
31011,2022-04-26,4,D3,4,D3,4,D3,True,6.376315e-34,1.9039985e-28,1.7121055e-14,0.0002036974,0.9997557,4.05771e-05
31011,2022-05-03,4,D3,4,D3,4,D3,True,7.3299557e-34,1.6359446e-28,1.6627997e-14,0.00016810585,0.99979144,4.042559e-05
31011,2022-05-10,3,D2,4,D3,4,D3,False,3.1269406e-33,7.635579e-28,4.4150203e-14,0.00024045823,0.9997328,2.679078e-05
31011,2022-05-17,3,D2,4,D3,4,D3,False,1.5165603e-33,1.19258e-25,1.0268957e-11,0.0072597223,0.99273986,4.5240247e-07
31011,2022-05-24,3,D2,4,D3,4,D3,False,3.366734e-34,6.7119454e-26,4.500225e-11,0.013629207,0.9863701,7.054918e-07
31011,2022-05-31,3,D2,4,D3,4,D3,False,1.44208095e-33,3.6021632e-25,2.0957797e-10,0.025892217,0.9741071,6.4104603e-07
31011,2022-06-07,3,D2,4,D3,4,D3,False,4.4786625e-33,3.154731e-24,1.0346859e-09,0.0668505,0.9331494,8.39675e-08
31011,2022-06-14,3,D2,4,D3,4,D3,False,7.3876743e-34,7.690973e-25,3.7238382e-10,0.027286883,0.97271293,2.0908863e-07
31011,2022-06-21,3,D2,4,D3,4,D3,False,2.5354199e-34,3.9527276e-25,2.864615e-10,0.020266687,0.979733,3.0787854e-07
31011,2022-06-28,3,D2,4,D3,4,D3,False,1.1581354e-34,2.2811587e-25,2.421237e-10,0.01685358,0.983146,4.2438455e-07
31011,2022-07-05,2,D1,4,D3,4,D3,False,8.443921e-35,1.5087825e-25,2.0808906e-10,0.01372916,0.98627025,5.801976e-07
31011,2022-07-12,2,D1,4,D3,4,D3,False,1.7377625e-27,1.6184815e-20,2.4832405e-08,0.03810141,0.96186274,3.5877558e-05
31011,2022-07-19,2,D1,4,D3,4,D3,False,1.018633e-25,8.895695e-19,4.805317e-07,0.20770296,0.79229087,5.6220283e-06
31011,2022-07-26,2,D1,4,D3,4,D3,False,2.4215542e-25,2.1527557e-18,8.9395166e-07,0.29693693,0.70305926,2.8292538e-06
31011,2022-08-02,2,D1,4,D3,4,D3,False,2.1630016e-25,1.7844019e-18,7.325408e-07,0.2670112,0.7329833,4.810421e-06
31011,2022-08-09,2,D1,4,D3,4,D3,False,3.8039844e-25,3.60393e-18,1.1817075e-06,0.31235638,0.68763936,3.105313e-06
31011,2022-08-16,2,D1,4,D3,4,D3,False,5.4612796e-25,4.6521796e-18,1.2138346e-06,0.26083297,0.7391611,4.7483727e-06
31011,2022-08-23,2,D1,4,D3,4,D3,False,4.6019335e-25,2.205876e-18,4.771243e-07,0.14297962,0.8570076,1.2230777e-05
31011,2022-08-30,3,D2,4,D3,4,D3,False,1.5928636e-25,9.297328e-19,2.1387024e-07,0.12615602,0.8738377,6.0156826e-06
31011,2022-09-06,3,D2,4,D3,4,D3,False,9.858608e-34,1.2112064e-24,7.564052e-10,0.029544298,0.9704554,2.4863076e-07
31011,2022-09-13,3,D2,4,D3,4,D3,False,2.904607e-34,1.651181e-25,1.2901175e-10,0.012124344,0.98787516,4.5539494e-07
31011,2022-09-20,3,D2,4,D3,4,D3,False,5.3126802e-34,1.732729e-25,9.723121e-11,0.009406627,0.99059266,6.8108733e-07
31011,2022-09-27,3,D2,4,D3,4,D3,False,7.4839235e-34,1.8301855e-25,8.546862e-11,0.008648814,0.9913504,7.917886e-07
31011,2022-10-04,3,D2,4,D3,4,D3,False,9.203744e-34,1.790638e-25,7.344938e-11,0.0076900637,0.992309,9.606099e-07
31011,2022-10-11,4,D3,4,D3,4,D3,True,9.761743e-34,1.8113165e-25,7.32669e-11,0.007697883,0.9923011,9.644862e-07
31011,2022-10-18,4,D3,4,D3,4,D3,True,2.4398173e-31,2.2416607e-25,2.1178788e-12,0.0013285121,0.99863297,3.850249e-05
31011,2022-10-25,4,D3,4,D3,4,D3,True,2.1475296e-30,1.9564046e-25,5.1458946e-13,0.00029828338,0.99932635,0.0003754057
31011,2022-11-01,4,D3,4,D3,4,D3,True,2.5128146e-30,2.4665694e-25,6.4701754e-13,0.000351624,0.99933016,0.00031823284
31011,2022-11-08,4,D3,4,D3,4,D3,True,4.2960944e-30,3.5622345e-25,7.9048687e-13,0.0004004796,0.9992561,0.00034338763
31011,2022-11-15,4,D3,4,D3,4,D3,True,3.424321e-30,1.7822546e-25,5.3450804e-13,0.0003721442,0.9991454,0.00048240394
31011,2022-11-22,4,D3,4,D3,4,D3,True,5.2182948e-30,2.005592e-25,4.942066e-13,0.0002917298,0.9989423,0.0007659963
31011,2022-11-29,4,D3,4,D3,4,D3,True,4.2714395e-30,1.5488472e-25,4.3680023e-13,0.00017305074,0.9986205,0.0012064637
31011,2022-12-06,4,D3,4,D3,4,D3,True,1.4966273e-30,7.546088e-26,2.732279e-13,6.998852e-05,0.99775225,0.0021777751
31011,2022-12-13,4,D3,4,D3,4,D3,True,1.126302e-30,7.0245346e-26,3.1657495e-13,6.629412e-05,0.9974751,0.0024585973
31011,2022-12-20,4,D3,4,D3,4,D3,True,6.612874e-31,5.339637e-26,3.3453012e-13,6.986211e-05,0.99776685,0.0021633215
31011,2022-12-27,4,D3,4,D3,4,D3,True,2.090923e-31,1.7979675e-26,1.8861285e-13,6.142376e-05,0.9981097,0.0018288227
31011,2023-01-03,4,D3,4,D3,4,D3,True,5.825682e-32,5.9275367e-27,1.11498545e-13,6.9083195e-05,0.998705,0.0012259219
31011,2023-01-10,4,D3,4,D3,4,D3,True,4.511531e-32,5.460028e-27,1.3380903e-13,9.425968e-05,0.9990085,0.00089725305
31011,2023-01-17,4,D3,4,D3,4,D3,True,7.7976894e-32,1.17555975e-26,4.339687e-13,0.00025656456,0.99943084,0.00031256126
31011,2023-01-24,4,D3,4,D3,4,D3,True,1.184975e-31,2.0846176e-26,8.184335e-13,0.00043071312,0.99941504,0.00015430838
31011,2023-01-31,4,D3,4,D3,4,D3,True,2.0573965e-31,7.102007e-26,3.7551195e-12,0.0015928266,0.9983633,4.3861444e-05
31011,2023-02-07,4,D3,4,D3,4,D3,True,1.4061243e-30,8.206507e-25,2.8541076e-11,0.006957812,0.99302214,2.004754e-05
31011,2023-02-14,4,D3,4,D3,4,D3,True,2.230818e-30,9.21478e-25,2.223605e-11,0.005460835,0.9944916,4.7550417e-05
31011,2023-02-21,4,D3,4,D3,4,D3,True,1.5213843e-30,2.7966926e-25,6.476899e-12,0.0020670337,0.99784696,8.595187e-05
31011,2023-02-28,4,D3,4,D3,4,D3,True,2.806491e-30,1.3569322e-25,6.959427e-13,0.00021863305,0.9995024,0.0002789131
31011,2023-03-07,4,D3,4,D3,4,D3,True,2.587914e-30,9.831373e-26,4.0730264e-13,0.00015417249,0.99952006,0.00032575443
31011,2023-03-14,4,D3,4,D3,4,D3,True,2.2113987e-30,7.6207205e-26,3.3741326e-13,0.00016158613,0.9995196,0.00031888078
31011,2023-03-21,4,D3,4,D3,4,D3,True,1.7765013e-30,6.1020585e-26,2.894421e-13,0.00015423354,0.9995192,0.00032651806
31011,2023-03-28,4,D3,4,D3,4,D3,True,1.5340684e-30,5.411768e-26,2.663934e-13,0.00015512927,0.99951744,0.000327418
31011,2023-04-04,4,D3,4,D3,4,D3,True,1.4171115e-30,5.1512614e-26,2.5273612e-13,0.00015348043,0.9995148,0.00033172744
31011,2023-04-11,4,D3,4,D3,4,D3,True,1.1771245e-30,4.445515e-26,2.8891096e-13,0.00018935442,0.99956125,0.00024934977
31011,2023-04-18,4,D3,4,D3,4,D3,True,9.502666e-31,3.6171072e-26,2.4806912e-13,0.00016359489,0.9995702,0.00026623497
31011,2023-04-25,4,D3,4,D3,4,D3,True,1.0568206e-30,5.0876466e-26,3.0558222e-13,0.00018706513,0.9995245,0.0002884248
31011,2023-05-02,4,D3,4,D3,4,D3,True,1.8203103e-29,2.716982e-25,1.0698407e-12,0.00061530236,0.99897397,0.00041070295
31011,2023-05-09,4,D3,4,D3,4,D3,True,7.538589e-29,5.8412014e-25,2.331796e-12,0.0010564198,0.9986766,0.0002669871
31011,2023-05-16,4,D3,4,D3,4,D3,True,7.747025e-29,6.0577087e-25,2.40882e-12,0.0010864347,0.9986526,0.00026095132
31011,2023-05-23,4,D3,4,D3,4,D3,True,1.7417973e-28,5.6539397e-24,1.3291915e-11,0.0022789733,0.99758446,0.00013652953
31011,2023-05-30,4,D3,4,D3,4,D3,True,7.4519285e-29,4.337026e-24,1.4948915e-11,0.0029302805,0.99699056,7.912837e-05
31011,2023-06-06,4,D3,4,D3,4,D3,True,2.0607595e-28,1.5067502e-23,3.2201974e-11,0.0045325365,0.9954075,5.991776e-05
31011,2023-06-13,4,D3,4,D3,4,D3,True,1.6019262e-28,1.3777563e-23,3.2831574e-11,0.005237844,0.99471056,5.163842e-05
31011,2023-06-20,4,D3,4,D3,4,D3,True,6.9150605e-29,6.4507018e-24,2.0852261e-11,0.004704152,0.9952472,4.8669423e-05
31011,2023-06-27,4,D3,4,D3,4,D3,True,1.6986358e-28,1.5483473e-23,3.182808e-11,0.005301983,0.9946444,5.3616415e-05
31011,2023-07-04,4,D3,4,D3,4,D3,True,5.996124e-29,8.962246e-24,3.2093696e-11,0.0056489855,0.99430346,4.752392e-05
31011,2023-07-11,3,D2,4,D3,4,D3,False,5.362532e-29,9.67914e-24,3.474183e-11,0.0059439605,0.99400973,4.6343335e-05
31011,2023-07-18,3,D2,4,D3,4,D3,False,2.8960105e-30,1.1081985e-23,1.9422666e-10,0.024307879,0.97569025,1.9300765e-06
31011,2023-07-25,3,D2,4,D3,4,D3,False,9.709918e-31,7.193946e-24,2.047389e-10,0.026366534,0.97363245,1.0017357e-06
31011,2023-08-01,2,D1,4,D3,4,D3,False,5.7293087e-31,5.141343e-24,1.5424036e-10,0.024458857,0.9755402,8.749014e-07
31011,2023-08-08,2,D1,4,D3,4,D3,False,3.9287593e-29,2.2277528e-23,6.127991e-11,0.010238272,0.9897481,1.3669004e-05
31011,2023-08-15,2,D1,4,D3,4,D3,False,9.773331e-30,7.3105886e-24,3.4839243e-11,0.00816873,0.99181855,1.2745642e-05
31011,2023-08-22,2,D1,4,D3,4,D3,False,5.2481614e-30,5.0228647e-24,3.336749e-11,0.007355289,0.9926294,1.5309437e-05
31011,2023-08-29,2,D1,4,D3,4,D3,False,3.2818347e-30,4.0638075e-24,3.195281e-11,0.0054527395,0.99453175,1.5519143e-05
31011,2023-09-05,2,D1,4,D3,4,D3,False,2.5985346e-30,3.375256e-24,2.8927388e-11,0.0046106353,0.9953713,1.8034976e-05
31011,2023-09-12,2,D1,4,D3,4,D3,False,2.6847621e-30,2.435e-24,1.7233647e-11,0.0029691444,0.9970036,2.7263135e-05
31011,2023-09-19,2,D1,4,D3,4,D3,False,2.7854023e-30,1.4906613e-24,8.171429e-12,0.0017491619,0.9982097,4.1120034e-05
31011,2023-09-26,2,D1,4,D3,4,D3,False,3.7095167e-30,1.5348192e-24,7.0396644e-12,0.0016265758,0.9983266,4.6848312e-05
31011,2023-10-03,2,D1,4,D3,4,D3,False,4.530721e-30,1.6431031e-24,6.666505e-12,0.0017235294,0.9982253,5.1223058e-05
31011,2023-10-10,2,D1,4,D3,4,D3,False,3.1343995e-30,1.1147212e-24,5.8571438e-12,0.0019310258,0.99802256,4.6385012e-05
31011,2023-10-17,2,D1,4,D3,4,D3,False,2.5735883e-31,1.8138202e-25,2.8036924e-12,0.0016029296,0.9983766,2.0393694e-05
31011,2023-10-24,2,D1,4,D3,4,D3,False,2.2804628e-31,1.4065012e-25,2.0100998e-12,0.0012924685,0.9986846,2.2992997e-05
31011,2023-10-31,1,D0,4,D3,4,D3,False,2.8908493e-31,1.6926153e-25,2.1984157e-12,0.0013023354,0.9986738,2.3954457e-05
31011,2023-11-07,1,D0,4,D3,4,D3,False,3.774198e-31,2.0442362e-25,3.0085652e-12,0.0009215531,0.9990452,3.321429e-05
31011,2023-11-14,1,D0,4,D3,4,D3,False,8.1836055e-31,2.627025e-25,2.6891048e-12,0.00043203944,0.99949884,6.907431e-05
31011,2023-11-21,1,D0,4,D3,4,D3,False,2.4035623e-30,4.2945765e-25,3.5916589e-12,0.0007136455,0.9991978,8.861844e-05
31011,2023-11-28,1,D0,4,D3,4,D3,False,2.4640094e-30,3.8318633e-25,3.1871248e-12,0.00072452193,0.9991868,8.868308e-05
31011,2023-12-05,1,D0,4,D3,4,D3,False,2.391344e-30,3.5599353e-25,3.0423756e-12,0.00071327813,0.9991979,8.878138e-05
31011,2023-12-12,1,D0,4,D3,4,D3,False,2.3627589e-30,3.1557762e-25,2.8152682e-12,0.0006963433,0.99921143,9.221598e-05
31011,2023-12-19,1,D0,4,D3,4,D3,False,2.2840865e-30,2.836576e-25,2.6321922e-12,0.000657358,0.9992526,8.996503e-05
31011,2023-12-26,1,D0,4,D3,4,D3,False,2.2623207e-30,2.6820327e-25,2.5584342e-12,0.00064761966,0.9992601,9.2280294e-05
31011,2024-01-02,3,D2,4,D3,4,D3,False,2.2806486e-30,3.0903254e-25,2.942782e-12,0.00064681034,0.999257,9.616122e-05
31011,2024-01-09,0,None,4,D3,4,D3,False,1.8384643e-30,2.8996766e-24,4.0710314e-11,0.0047098775,0.99527895,1.1162419e-05
31011,2024-01-16,0,None,4,D3,4,D3,False,4.1920196e-28,1.6822273e-22,1.4246444e-10,0.006280323,0.9936759,4.3807944e-05
31011,2024-01-23,0,None,4,D3,4,D3,False,3.59932e-21,1.0796005e-19,5.4533482e-11,0.00047904308,0.96692663,0.03259433
31011,2024-01-30,0,None,4,D3,4,D3,False,2.0997171e-18,7.999114e-18,5.5418264e-11,0.00018672123,0.92390895,0.07590433
31011,2024-02-06,0,None,4,D3,4,D3,False,7.5289814e-19,2.4261704e-18,1.4718662e-11,0.00013818713,0.91647357,0.08338824
31011,2024-02-13,0,None,4,D3,4,D3,False,4.5352565e-20,2.8563503e-19,8.530608e-12,0.00016894209,0.9224224,0.07740862
31011,2024-02-20,0,None,4,D3,4,D3,False,7.728549e-21,8.497095e-20,8.143976e-12,0.0002097505,0.9368063,0.06298396
31011,2024-02-27,0,None,4,D3,4,D3,False,3.2259436e-21,5.688272e-20,8.634824e-12,0.00022745821,0.94125503,0.058517553
31011,2024-03-05,0,None,4,D3,4,D3,False,2.4056109e-21,5.6318385e-20,8.656964e-12,0.00021908223,0.9396416,0.06013932
31011,2024-03-12,1,D0,4,D3,4,D3,False,8.2888e-22,4.5233913e-20,1.0765257e-11,0.00028977726,0.9580679,0.041642334
31011,2024-03-19,1,D0,4,D3,4,D3,False,5.175768e-22,3.6198995e-17,1.4214491e-07,0.063848265,0.936102,4.967438e-05
31011,2024-03-26,0,None,3,D2,3,D2,False,1.3178639e-15,4.886935e-10,0.0045482707,0.957382,0.038069263,4.398481e-07
31011,2024-04-02,0,None,3,D2,3,D2,False,5.30012e-10,4.2666346e-07,0.0033205987,0.6236109,0.37111118,0.0019568834
31011,2024-04-09,0,None,5,D4,5,D4,False,5.306126e-08,1.9598156e-08,5.3147735e-09,1.3621193e-06,0.030716537,0.9692821
31011,2024-04-16,0,None,5,D4,5,D4,False,0.00016077663,1.8966142e-05,1.0933538e-07,4.7600024e-06,0.029488038,0.9703273
31011,2024-04-23,0,None,5,D4,5,D4,False,0.0023287942,0.00021369563,3.476553e-07,6.8291033e-06,0.02224,0.9752103
31011,2024-04-30,0,None,5,D4,5,D4,False,0.23908897,0.020202233,8.9511705e-06,2.5651514e-05,0.0150512345,0.7256229
31011,2024-05-07,0,None,0,None,0,None,True,0.89731985,0.084670044,7.731555e-06,2.9266746e-06,0.00035047976,0.017649086
31011,2024-05-14,0,None,0,None,0,None,True,0.9731074,0.009224611,3.419073e-07,3.8345664e-07,0.0017720765,0.015895218
31011,2024-05-21,0,None,0,None,0,None,True,0.9863325,0.0063278154,4.896102e-08,1.5825165e-08,0.0005841394,0.006755481
31011,2024-05-28,0,None,0,None,0,None,True,0.98212814,0.0058169807,1.7953289e-08,2.2329243e-09,0.0005112207,0.011543645
31011,2024-06-04,0,None,0,None,0,None,True,0.9885467,0.011291109,5.4654303e-09,1.6939847e-11,1.1080223e-05,0.00015109143
31011,2024-06-11,0,None,0,None,0,None,True,0.98616296,0.013831851,1.889455e-09,1.4116937e-13,2.758619e-07,4.9198798e-06
31011,2024-06-18,0,None,0,None,0,None,True,0.9905344,0.00929805,4.4668846e-09,2.5865182e-12,5.6929116e-06,0.00016183351
31011,2024-06-25,0,None,0,None,0,None,True,0.98931944,0.006016782,1.4852233e-08,3.6333395e-11,8.745613e-05,0.0045762
31011,2024-07-02,0,None,0,None,0,None,True,0.9707427,0.0053926622,4.8028777e-08,2.022462e-10,0.00032417453,0.023540495
31011,2024-07-09,0,None,0,None,0,None,True,0.9086756,0.005559119,1.4298642e-07,1.3644e-09,0.0018725783,0.083892584
31011,2024-07-16,0,None,0,None,0,None,True,0.78417414,0.0048564547,2.473618e-07,9.918958e-09,0.009486897,0.20148222
31011,2024-07-23,0,None,5,D4,5,D4,False,0.17437834,0.00092844304,1.4388655e-07,5.9997205e-08,0.0643442,0.7603488
31011,2024-07-30,0,None,5,D4,5,D4,False,1.4439822e-05,6.849531e-08,1.3195051e-09,2.5119557e-06,0.069800854,0.9301821
31011,2024-08-06,0,None,5,D4,5,D4,False,1.2428717e-05,5.9212635e-08,1.1135378e-09,2.2868164e-06,0.06565155,0.9343336
31011,2024-08-13,0,None,5,D4,5,D4,False,8.176016e-09,2.4474634e-11,8.97741e-12,7.181966e-07,0.081636734,0.9183625
31011,2024-08-20,0,None,5,D4,5,D4,False,1.576516e-06,4.7736752e-09,1.8120544e-10,5.2312544e-07,0.10289971,0.8970982
31011,2024-08-27,0,None,5,D4,5,D4,False,0.0005263691,1.4826998e-06,3.557858e-09,1.0594948e-07,0.12944461,0.8700274
31011,2024-09-03,0,None,5,D4,5,D4,False,0.0054431316,2.4205057e-05,3.5018893e-08,4.0302135e-07,0.13353068,0.86100155
31011,2024-09-10,0,None,5,D4,5,D4,False,0.017948257,9.682114e-05,8.064692e-08,7.572037e-07,0.15427582,0.82767826
31011,2024-09-17,0,None,5,D4,5,D4,False,0.002035301,1.3461203e-05,2.0139984e-08,1.8909338e-06,0.18940611,0.8085432
31011,2024-09-24,0,None,5,D4,5,D4,False,0.015221233,0.0001196948,8.209618e-08,2.6230282e-06,0.14821625,0.83644015
31011,2024-10-01,1,D0,5,D4,5,D4,False,0.0046334206,3.3664113e-05,2.8132606e-08,1.2032667e-06,0.13428122,0.8610504
31011,2024-10-08,2,D1,4,D3,4,D3,False,6.592418e-16,4.874993e-12,1.41622695e-05,0.14250539,0.856053,0.0014273945
31011,2024-10-15,2,D1,3,D2,3,D2,False,4.4535087e-16,4.5856996e-10,0.0034299796,0.9198722,0.076697595,1.9294018e-07
31011,2024-10-22,2,D1,4,D3,4,D3,False,1.0800901e-25,4.0151926e-19,1.0192143e-07,0.14444587,0.85555106,2.9453533e-06
31011,2024-10-29,3,D2,4,D3,4,D3,False,7.339834e-27,7.614303e-20,3.8421593e-08,0.12371207,0.87628555,2.4344654e-06
31011,2024-11-05,3,D2,4,D3,3,D2,True,6.210506e-33,6.5555566e-23,1.9132235e-08,0.4783256,0.5216744,9.143051e-09
31011,2024-11-12,3,D2,4,D3,4,D3,False,4.3345794e-34,2.8364397e-24,2.7000786e-09,0.2149433,0.78505665,1.4583213e-08
31011,2024-11-19,3,D2,4,D3,4,D3,False,9.218663e-34,2.5919378e-24,1.9818114e-09,0.15580362,0.8441964,2.8698192e-08
31011,2024-11-26,2,D1,4,D3,4,D3,False,7.089999e-31,5.06829e-23,1.6853552e-09,0.051133193,0.94886595,7.957422e-07
31011,2024-12-03,2,D1,4,D3,4,D3,False,1.2648869e-28,2.8876326e-21,8.916297e-09,0.08156356,0.9184324,4.0775185e-06
31011,2024-12-10,2,D1,4,D3,4,D3,False,3.6835416e-28,6.997815e-21,1.6877008e-08,0.09371758,0.9062779,4.4718236e-06
31011,2024-12-17,2,D1,4,D3,4,D3,False,3.269395e-27,5.834665e-20,8.713898e-08,0.14063555,0.8593604,3.9691495e-06
31011,2024-12-24,2,D1,4,D3,4,D3,False,1.21309166e-26,2.5005507e-19,2.4688424e-07,0.19105393,0.8089428,3.0238057e-06
31011,2024-12-31,2,D1,4,D3,4,D3,False,1.8620746e-26,3.6167025e-19,2.93535e-07,0.19442989,0.8055668,3.0113931e-06
31011,2025-01-07,2,D1,4,D3,4,D3,False,2.831138e-26,7.000238e-19,3.1709203e-07,0.16594476,0.8340508,4.24188e-06
31011,2025-01-14,2,D1,4,D3,4,D3,False,3.743944e-27,1.06180025e-19,4.7417423e-08,0.13387276,0.8661254,1.8191566e-06
31011,2025-01-21,2,D1,4,D3,4,D3,False,3.51705e-27,8.718604e-20,3.2267863e-08,0.12254739,0.8774508,1.7791564e-06
31011,2025-01-28,2,D1,4,D3,4,D3,False,3.3077673e-27,9.250569e-20,3.3497667e-08,0.1116425,0.8883553,2.1073447e-06
31011,2025-02-04,2,D1,4,D3,4,D3,False,6.1296726e-28,1.2195655e-20,1.0484101e-08,0.062116805,0.9378799,3.2524051e-06
31011,2025-02-11,2,D1,4,D3,4,D3,False,2.1891627e-28,3.4558273e-21,6.0333796e-09,0.050455872,0.94953907,5.0460017e-06
31011,2025-02-18,2,D1,4,D3,4,D3,False,1.5593406e-28,2.8077574e-21,7.10051e-09,0.05137641,0.948616,7.531431e-06
31011,2025-02-25,2,D1,4,D3,4,D3,False,8.9573184e-29,1.7607422e-21,5.37554e-09,0.039801355,0.9601874,1.1199886e-05
31011,2025-03-04,2,D1,4,D3,4,D3,False,2.284634e-28,3.7192912e-21,1.6046938e-08,0.05762222,0.9423728,4.905693e-06
31011,2025-03-11,2,D1,4,D3,4,D3,False,1.5379575e-28,2.6124733e-21,2.6284246e-08,0.08085139,0.9191475,1.1197106e-06
31011,2025-03-18,2,D1,4,D3,4,D3,False,9.975073e-29,2.0287332e-21,2.4357819e-08,0.08199235,0.9180068,9.548763e-07
31011,2025-03-25,2,D1,4,D3,4,D3,False,1.1675141e-28,3.755262e-21,3.3608988e-08,0.077370204,0.92262787,2.0081688e-06
31011,2025-04-01,2,D1,4,D3,4,D3,False,7.424792e-28,1.8682092e-20,7.67151e-08,0.121374846,0.8786221,2.8607153e-06
31011,2025-04-08,2,D1,4,D3,4,D3,False,3.7065097e-28,8.38947e-21,1.022907e-07,0.13417308,0.86582446,2.362606e-06
31011,2025-04-15,2,D1,4,D3,4,D3,False,3.3712787e-29,1.1016695e-21,3.1346936e-08,0.08072021,0.91927844,1.3222984e-06
31011,2025-04-22,3,D2,4,D3,4,D3,False,2.2385519e-29,4.3965175e-22,1.3577646e-08,0.06493992,0.9350587,1.3186968e-06
31011,2025-04-29,3,D2,4,D3,4,D3,False,4.0769917e-30,6.3582915e-23,2.145608e-09,0.035875324,0.9641239,7.5751547e-07
31011,2025-05-06,3,D2,4,D3,4,D3,False,3.7761889e-31,7.3616705e-24,2.8140695e-10,0.015781019,0.9842179,1.1362791e-06
31011,2025-05-13,3,D2,4,D3,4,D3,False,3.2997445e-33,2.3355716e-25,1.1884124e-10,0.02119282,0.9788071,8.7656595e-08
31011,2025-05-20,3,D2,4,D3,4,D3,False,6.2915323e-34,6.790663e-26,8.969557e-11,0.01409415,0.98590565,2.0356428e-07
31011,2025-05-27,3,D2,4,D3,4,D3,False,9.2920725e-34,4.1524396e-26,5.7126606e-11,0.010254656,0.98974496,4.3213393e-07
31011,2025-06-03,3,D2,4,D3,4,D3,False,1.6767817e-33,3.969738e-26,3.875265e-11,0.008600997,0.99139833,7.088536e-07
31011,2025-06-10,2,D1,4,D3,4,D3,False,2.814177e-33,3.2759662e-26,2.0655937e-11,0.00506735,0.99493116,1.428936e-06
31011,2025-06-17,2,D1,4,D3,4,D3,False,5.682598e-27,2.3353913e-20,3.0424705e-08,0.07036607,0.9296303,3.6973636e-06
31011,2025-06-24,2,D1,4,D3,4,D3,False,1.8214104e-25,1.192038e-18,2.902505e-07,0.17571992,0.8242762,3.5327655e-06
31011,2025-07-01,1,D0,4,D3,3,D2,False,3.750034e-25,3.5564788e-18,7.9439536e-07,0.47473854,0.5252592,1.425768e-06
31011,2025-07-08,0,None,3,D2,3,D2,False,9.34404e-17,2.71177e-10,0.00413932,0.9270586,0.06880164,4.1525075e-07
31011,2025-07-15,0,None,0,None,0,None,True,0.87372035,0.122802325,0.000589212,5.7579284e-05,0.0021453686,0.0006851172
31011,2025-07-22,0,None,0,None,0,None,True,0.9758833,0.024116537,2.4973813e-08,9.913252e-12,7.29424e-08,5.8142444e-08
31011,2025-07-29,0,None,0,None,0,None,True,0.96965945,0.03034039,2.7855593e-09,4.836413e-14,3.3940168e-08,1.4634557e-07
31011,2025-08-05,0,None,0,None,0,None,True,0.97933656,0.020663349,9.606319e-10,2.979765e-15,9.009275e-09,1.1576466e-07
31011,2025-08-12,0,None,0,None,0,None,True,0.9306889,0.06931112,1.956124e-09,2.0856905e-16,3.2847308e-10,3.8426293e-09
31011,2025-08-19,0,None,0,None,0,None,True,0.9545896,0.045410383,3.0611524e-09,4.4787875e-15,2.4710427e-09,9.312075e-09
31011,2025-08-26,0,None,0,None,0,None,True,0.98064685,0.019352281,1.0671247e-08,3.054944e-13,1.7747678e-07,6.316291e-07
31011,2025-09-02,0,None,0,None,0,None,True,0.981994,0.008335103,1.0789747e-07,1.1435884e-09,0.0009245637,0.008746199
31011,2025-09-09,0,None,0,None,0,None,True,0.9279885,0.007119122,5.3669703e-07,1.26070345e-08,0.0021634493,0.06272829
31011,2025-09-16,0,None,0,None,0,None,True,0.8686882,0.011126755,8.628811e-07,3.7275772e-08,0.007310837,0.11287325
31011,2025-09-23,0,None,5,D4,5,D4,False,0.008982541,8.120236e-05,5.749847e-08,3.8766285e-07,0.09559972,0.895336
31011,2025-09-30,0,None,5,D4,5,D4,False,0.010285718,0.00010292303,5.7180216e-07,1.9648598e-05,0.4194578,0.5701333
31011,2025-10-07,0,None,0,None,0,None,True,0.8336132,0.007099317,4.078053e-06,2.1570277e-06,0.07595434,0.083326876
31011,2025-10-14,0,None,0,None,0,None,True,0.8465405,0.0072214487,4.644132e-06,2.744282e-06,0.06757966,0.07865097
31011,2025-10-21,0,None,0,None,0,None,True,0.92304397,0.007127685,2.9781897e-06,9.870107e-07,0.02734135,0.042482946
31011,2025-10-28,0,None,0,None,0,None,True,0.9713041,0.0074215704,1.8289211e-06,1.3126015e-07,0.0063958038,0.014876486
31011,2025-11-04,0,None,0,None,0,None,True,0.97935635,0.007792952,1.57507e-06,1.11900235e-07,0.003962246,0.008886857
31011,2025-11-11,0,None,5,D4,5,D4,False,0.0024252313,1.2568094e-05,4.9628028e-08,2.5976253e-06,0.49392644,0.5036332
31011,2025-11-18,1,D0,4,D3,4,D3,False,0.021338413,0.0001807706,7.623675e-07,1.6873013e-05,0.5841558,0.39430737
31011,2025-11-25,1,D0,4,D3,4,D3,False,7.632312e-09,3.623044e-07,0.00038103195,0.15998684,0.7956265,0.044005238
31011,2025-12-02,1,D0,3,D2,3,D2,False,6.5696127e-06,0.0022559871,0.277756,0.6803104,0.039564785,0.00010617814
31011,2025-12-09,1,D0,2,D1,2,D1,False,1.0671812e-05,0.013787472,0.7477976,0.23560944,0.0027944166,4.3471258e-07
31011,2025-12-16,1,D0,2,D1,2,D1,False,5.9645885e-05,0.09036756,0.87980515,0.029752532,1.51808545e-05,3.4020449e-09
31011,2025-12-23,2,D1,2,D1,2,D1,True,5.7200174e-05,0.10298846,0.8765338,0.020416882,3.7209309e-06,1.0658617e-09
31011,2025-12-30,2,D1,3,D2,3,D2,False,2.031888e-16,3.1662732e-09,0.043386,0.94058615,0.016027855,1.2817697e-08
31013,2022-01-04,3,D2,4,D3,4,D3,False,7.89236e-33,1.717444e-24,1.0368258e-09,0.028288485,0.97171134,1.9310937e-07
31013,2022-01-11,3,D2,4,D3,4,D3,False,7.0047385e-33,1.5019126e-24,9.3045505e-10,0.026544485,0.9734553,1.8420376e-07
31013,2022-01-18,3,D2,4,D3,4,D3,False,1.891491e-32,2.5292516e-24,1.118585e-09,0.026157018,0.9738427,2.705617e-07
31013,2022-01-25,3,D2,4,D3,4,D3,False,3.045469e-32,2.0584917e-24,8.1200857e-10,0.021567613,0.9784319,5.1743956e-07
31013,2022-02-01,3,D2,4,D3,4,D3,False,2.3529574e-32,1.5665711e-24,6.681366e-10,0.023068396,0.97693104,5.3803984e-07
31013,2022-02-08,3,D2,4,D3,4,D3,False,3.979262e-32,2.9495326e-24,9.474282e-10,0.031334184,0.96866536,4.7770374e-07
31013,2022-02-15,3,D2,4,D3,4,D3,False,1.0127936e-30,1.3864127e-22,1.3997289e-08,0.119136035,0.88086385,1.618196e-07
31013,2022-02-22,3,D2,4,D3,4,D3,False,9.793157e-31,8.533667e-23,9.908799e-09,0.0807758,0.91922396,2.4897332e-07
31013,2022-03-01,3,D2,4,D3,4,D3,False,6.913726e-31,4.745047e-23,5.9712324e-09,0.059271358,0.9407284,2.5447534e-07
31013,2022-03-08,3,D2,4,D3,4,D3,False,5.924117e-31,4.322899e-23,5.8659833e-09,0.05319159,0.9468082,2.3130836e-07
31013,2022-03-15,3,D2,4,D3,4,D3,False,5.7426764e-31,4.1083822e-23,6.892168e-09,0.050523415,0.9494763,3.1247103e-07
31013,2022-03-22,3,D2,4,D3,4,D3,False,6.9276325e-31,5.1119572e-23,8.220537e-09,0.05262065,0.9473791,3.1224621e-07
31013,2022-03-29,3,D2,4,D3,4,D3,False,7.5723785e-31,5.723263e-23,8.845172e-09,0.053776618,0.9462231,3.0691604e-07
31013,2022-04-05,3,D2,4,D3,4,D3,False,4.5441946e-31,4.1183257e-23,8.31369e-09,0.059855673,0.9401441,2.5289083e-07
31013,2022-04-12,3,D2,4,D3,4,D3,False,4.9381446e-31,4.4290072e-23,8.4201135e-09,0.059703548,0.9402962,2.2781569e-07
31013,2022-04-19,3,D2,4,D3,4,D3,False,6.388995e-31,5.740796e-23,8.714365e-09,0.058659215,0.9413406,2.0342893e-07
31013,2022-04-26,3,D2,4,D3,4,D3,False,7.6688527e-31,7.2567106e-23,8.887965e-09,0.06315553,0.9368443,1.75328e-07
31013,2022-05-03,2,D1,4,D3,4,D3,False,6.4770623e-31,1.0150319e-22,1.1361416e-08,0.08710334,0.9128965,9.801334e-08
31013,2022-05-10,2,D1,4,D3,3,D2,False,9.3325924e-23,4.0451308e-16,1.15873045e-05,0.4129038,0.58708304,1.4741807e-06
31013,2022-05-17,2,D1,3,D2,3,D2,False,1.4807242e-20,2.710398e-13,0.00037690823,0.7385117,0.2611031,8.3646555e-06
31013,2022-05-24,2,D1,3,D2,3,D2,False,4.634193e-20,7.8883953e-13,0.00026032678,0.596796,0.40284964,9.40174e-05
31013,2022-05-31,2,D1,3,D2,3,D2,False,2.4523448e-20,2.6107008e-13,0.00015039145,0.5873978,0.41239458,5.720521e-05
31013,2022-06-07,2,D1,3,D2,3,D2,False,3.41486e-20,6.3855784e-13,0.00031329496,0.84102905,0.15865256,5.0899775e-06
31013,2022-06-14,2,D1,3,D2,3,D2,False,2.890439e-20,9.273708e-13,0.00045077046,0.87923235,0.12031539,1.5044736e-06
31013,2022-06-21,2,D1,3,D2,3,D2,False,1.9197366e-20,7.907279e-13,0.00042677904,0.8819982,0.117574066,9.122087e-07
31013,2022-06-28,2,D1,3,D2,3,D2,False,1.4219524e-20,8.325448e-13,0.00048745176,0.8992452,0.10026683,5.361885e-07
31013,2022-07-05,2,D1,3,D2,3,D2,False,8.892883e-21,1.104736e-12,0.0007237761,0.91809726,0.08117884,9.150468e-08
31013,2022-07-12,2,D1,3,D2,3,D2,False,2.2729566e-19,2.0974639e-11,0.0032801614,0.9506247,0.046095043,9.782806e-08
31013,2022-07-19,2,D1,3,D2,3,D2,False,5.0203494e-17,1.8543561e-09,0.0208109,0.95197237,0.02721669,6.263775e-08
31013,2022-07-26,2,D1,3,D2,3,D2,False,1.4731642e-16,2.3994915e-09,0.02390448,0.9534389,0.02265656,9.3170804e-08
31013,2022-08-02,2,D1,3,D2,3,D2,False,4.1556365e-16,4.565954e-09,0.031661253,0.95122373,0.01711489,8.778929e-08
31013,2022-08-09,2,D1,3,D2,3,D2,False,5.0289124e-16,6.6090555e-09,0.039439972,0.9495338,0.011026168,2.4900674e-08
31013,2022-08-16,1,D0,3,D2,3,D2,False,2.537656e-16,3.5557115e-09,0.03285629,0.95765746,0.009486212,1.8598572e-08
31013,2022-08-23,1,D0,2,D1,2,D1,False,1.5555354e-09,0.0003947697,0.8302177,0.16916326,0.00022425134,9.843257e-09
31013,2022-08-30,1,D0,2,D1,2,D1,False,0.00010198079,0.15990643,0.83548677,0.004504762,4.133815e-08,7.314196e-11
31013,2022-09-06,1,D0,2,D1,2,D1,False,6.9451584e-05,0.15708946,0.8396857,0.0031553158,1.1071065e-08,1.859137e-11
31013,2022-09-13,1,D0,2,D1,2,D1,False,3.675077e-05,0.13788708,0.8572563,0.004819791,1.6063744e-08,1.0896947e-11
31013,2022-09-20,2,D1,2,D1,2,D1,True,1.8797322e-05,0.10367942,0.8834903,0.012811456,9.774053e-08,2.3174586e-11
31013,2022-09-27,2,D1,3,D2,3,D2,False,1.23715125e-14,1.6762277e-07,0.11445946,0.88151807,0.004022281,4.7858695e-09
31013,2022-10-04,2,D1,3,D2,3,D2,False,6.5276714e-18,3.7561276e-10,0.019458942,0.9769718,0.0035692493,3.741993e-09
31013,2022-10-11,2,D1,3,D2,3,D2,False,6.716229e-24,2.3216705e-15,0.00021951862,0.97720563,0.022574857,1.0940816e-09
31013,2022-10-18,2,D1,3,D2,3,D2,False,2.6874874e-25,5.9976735e-17,3.444507e-05,0.93213665,0.06782889,2.7889493e-09
31013,2022-10-25,3,D2,3,D2,3,D2,True,5.322637e-25,2.3690982e-17,7.6435745e-06,0.7076467,0.29234555,7.018561e-08
31013,2022-11-01,3,D2,4,D3,3,D2,True,2.2146106e-29,2.2102407e-20,5.411555e-07,0.38123372,0.6187657,1.9068375e-08
31013,2022-11-08,3,D2,4,D3,4,D3,False,2.0442276e-29,1.2275716e-20,3.100418e-07,0.3162223,0.68377733,3.5151153e-08
31013,2022-11-15,3,D2,4,D3,4,D3,False,2.9121367e-29,1.2538627e-20,2.7266236e-07,0.29700968,0.70299006,5.0657572e-08
31013,2022-11-22,3,D2,4,D3,4,D3,False,5.348763e-29,1.5914519e-20,2.715194e-07,0.28797415,0.71202546,7.510226e-08
31013,2022-11-29,3,D2,4,D3,4,D3,False,1.6971947e-28,2.5379072e-20,2.6576268e-07,0.27477562,0.725224,1.485531e-07
31013,2022-12-06,3,D2,4,D3,4,D3,False,7.2748253e-28,4.2736167e-20,2.427417e-07,0.25188074,0.74811864,3.736081e-07
31013,2022-12-13,3,D2,4,D3,4,D3,False,1.2087309e-27,3.6782883e-20,1.6955119e-07,0.20094097,0.79905814,7.287513e-07
31013,2022-12-20,3,D2,4,D3,4,D3,False,1.7353004e-27,4.213653e-20,1.6708577e-07,0.19036813,0.8096307,9.5155093e-07
31013,2022-12-27,3,D2,4,D3,4,D3,False,1.8707765e-27,4.1998073e-20,1.6292547e-07,0.18513098,0.81486773,1.057235e-06
31013,2023-01-03,3,D2,4,D3,4,D3,False,2.0165694e-27,4.5619505e-20,1.7395067e-07,0.1898225,0.8101762,1.0786251e-06
31013,2023-01-10,3,D2,4,D3,4,D3,False,1.8170918e-27,4.184285e-20,1.6899799e-07,0.1880312,0.81196755,1.0842666e-06
31013,2023-01-17,3,D2,4,D3,4,D3,False,1.7060579e-27,4.100135e-20,1.7188819e-07,0.19187427,0.8081244,1.0677694e-06
31013,2023-01-24,3,D2,4,D3,4,D3,False,1.810925e-27,4.6257688e-20,1.892116e-07,0.20131814,0.7986806,1.0187251e-06
31013,2023-01-31,3,D2,4,D3,4,D3,False,1.638597e-27,4.361555e-20,1.8581137e-07,0.20151237,0.7984865,9.918341e-07
31013,2023-02-07,3,D2,4,D3,4,D3,False,1.5194809e-27,4.1670293e-20,1.8235346e-07,0.20096509,0.79903376,9.764817e-07
31013,2023-02-14,3,D2,4,D3,4,D3,False,1.4248393e-27,3.9934994e-20,1.78201e-07,0.20002098,0.7999779,9.701292e-07
31013,2023-02-21,3,D2,4,D3,4,D3,False,1.5167156e-27,4.2486087e-20,1.8099132e-07,0.20045745,0.79954135,9.948299e-07
31013,2023-02-28,3,D2,4,D3,4,D3,False,1.558662e-27,4.4327675e-20,1.8451755e-07,0.20296237,0.79703647,9.948941e-07
31013,2023-03-07,3,D2,4,D3,4,D3,False,1.6363995e-27,4.7775697e-20,1.927693e-07,0.20814253,0.7918563,9.817073e-07
31013,2023-03-14,3,D2,4,D3,4,D3,False,1.6586954e-27,4.8928932e-20,1.9457404e-07,0.20973706,0.79026175,9.797379e-07
31013,2023-03-21,3,D2,4,D3,4,D3,False,1.9779738e-27,5.984485e-20,2.2140188e-07,0.22414869,0.7758501,9.4465474e-07
31013,2023-03-28,3,D2,4,D3,4,D3,False,2.6475387e-27,8.0900784e-20,2.7192624e-07,0.24813657,0.7518622,8.9353387e-07
31013,2023-04-04,3,D2,4,D3,4,D3,False,4.536451e-27,1.4487319e-19,4.3458556e-07,0.30310416,0.6968947,7.0526335e-07
31013,2023-04-11,3,D2,4,D3,4,D3,False,2.5443156e-27,7.3808635e-20,3.1367526e-07,0.25520235,0.74479663,6.5541843e-07
31013,2023-04-18,3,D2,4,D3,4,D3,False,1.419395e-27,3.97413e-20,2.0011078e-07,0.20773987,0.7922594,5.7041717e-07
31013,2023-04-25,3,D2,4,D3,4,D3,False,8.206431e-28,2.3092802e-20,1.3528499e-07,0.16867943,0.83131987,6.134709e-07
31013,2023-05-02,3,D2,4,D3,4,D3,False,8.608578e-28,2.1345234e-20,1.4415343e-07,0.15861282,0.8413863,8.116457e-07
31013,2023-05-09,3,D2,4,D3,4,D3,False,1.3165049e-27,3.3835813e-20,1.8963901e-07,0.17006801,0.829931,8.297164e-07
31013,2023-05-16,2,D1,4,D3,4,D3,False,3.7340072e-27,1.3996788e-19,5.0985017e-07,0.22214074,0.7778582,6.1965113e-07
31013,2023-05-23,2,D1,3,D2,3,D2,False,6.6731427e-21,7.859222e-14,0.00032122424,0.7745076,0.22516938,1.7909531e-06
31013,2023-05-30,2,D1,3,D2,3,D2,False,2.0146404e-18,2.5466847e-11,0.003628104,0.9013444,0.09502637,1.0238905e-06
31013,2023-06-06,2,D1,3,D2,3,D2,False,7.7473265e-18,1.2768793e-10,0.007241074,0.93260163,0.060156893,4.930618e-07
31013,2023-06-13,1,D0,3,D2,3,D2,False,2.182259e-17,3.723208e-10,0.0114460625,0.9435328,0.045020733,2.947494e-07
31013,2023-06-20,1,D0,3,D2,3,D2,False,2.5076576e-15,1.3779537e-08,0.04424305,0.9337139,0.022042984,1.4758614e-07
31013,2023-06-27,1,D0,3,D2,3,D2,False,1.5842796e-11,1.0616205e-05,0.37451908,0.6221796,0.0032905533,1.430478e-07
31013,2023-07-04,0,None,2,D1,2,D1,False,1.7262655e-10,4.4920085e-05,0.5301013,0.46686363,0.0029900554,1.4104634e-07
31013,2023-07-11,0,None,2,D1,2,D1,False,0.21545853,0.3322392,0.4000948,0.028082933,0.009938205,0.014186278
31013,2023-07-18,0,None,0,None,0,None,True,0.95499337,0.04500668,3.9993168e-08,2.1847548e-12,1.0208586e-10,5.870712e-11
31013,2023-07-25,0,None,0,None,0,None,True,0.97364104,0.026358923,3.5374896e-09,8.498642e-14,4.3726242e-10,5.7522576e-10
31013,2023-08-01,0,None,0,None,0,None,True,0.9792108,0.020789249,1.0212203e-09,1.3417256e-14,7.438715e-11,7.2182593e-10
31013,2023-08-08,0,None,0,None,0,None,True,0.9512914,0.048708595,9.943897e-10,1.2449747e-16,6.7278323e-12,1.3226918e-10
31013,2023-08-15,0,None,0,None,0,None,True,0.95480704,0.045192935,3.0141387e-09,1.1142874e-15,2.2985447e-09,2.8565244e-08
31013,2023-08-22,0,None,0,None,0,None,True,0.9621446,0.037854966,8.092399e-09,1.7616676e-14,6.4890486e-08,3.3214727e-07
31013,2023-08-29,0,None,0,None,0,None,True,0.97941715,0.020505799,4.185752e-08,4.327369e-12,1.2562004e-05,6.4468746e-05
31013,2023-09-05,0,None,0,None,0,None,True,0.7479331,0.0054004462,3.19336e-07,7.922667e-09,0.018587207,0.22807886
31013,2023-09-12,0,None,5,D4,5,D4,False,0.14800377,0.00090336695,3.199537e-07,1.5001763e-07,0.1356111,0.71548134
31013,2023-09-19,0,None,0,None,0,None,True,0.4477186,0.0042157834,3.0052622e-06,8.8023235e-06,0.23127908,0.31677476
31013,2023-09-26,0,None,5,D4,0,None,True,0.21628784,0.0023979696,4.1093494e-06,5.0316816e-05,0.34715778,0.434102
31013,2023-10-03,0,None,0,None,0,None,True,0.9588828,0.0107365865,2.661811e-06,6.886835e-07,0.014711074,0.015666159
31013,2023-10-10,0,None,0,None,0,None,True,0.95711297,0.010415786,2.8026864e-06,8.3358265e-07,0.015555927,0.016911617
31013,2023-10-17,0,None,0,None,0,None,True,0.9477563,0.008830134,2.8009167e-06,9.919071e-07,0.019809749,0.023600064
31013,2023-10-24,0,None,0,None,0,None,True,0.9397122,0.007945421,2.7678213e-06,9.46638e-07,0.0213712,0.03096746
31013,2023-10-31,0,None,0,None,0,None,True,0.91740185,0.007614694,2.9735154e-06,1.2513459e-06,0.030803747,0.04417549
31013,2023-11-07,0,None,0,None,0,None,True,0.91567785,0.007562617,2.9453618e-06,1.2724802e-06,0.03205408,0.044701263
31013,2023-11-14,0,None,0,None,0,None,True,0.8882213,0.007121852,2.9338942e-06,1.5576641e-06,0.04595439,0.058697958
31013,2023-11-21,0,None,0,None,0,None,True,0.87907153,0.0069950805,2.9153532e-06,1.6307271e-06,0.05049513,0.06343367
31013,2023-11-28,0,None,0,None,0,None,True,0.8775562,0.006986646,2.9147775e-06,1.6387028e-06,0.051065832,0.064386755
31013,2023-12-05,0,None,0,None,0,None,True,0.87998545,0.007007407,2.901586e-06,1.6073486e-06,0.050086852,0.06291581
31013,2023-12-12,0,None,0,None,0,None,True,0.89244175,0.007153058,2.8142845e-06,1.4473866e-06,0.04431173,0.05608922
31013,2023-12-19,0,None,0,None,0,None,True,0.7836014,0.006047221,2.9995397e-06,2.5054394e-06,0.09690012,0.11344573
31013,2023-12-26,0,None,0,None,0,None,True,0.79544586,0.006195316,3.0043982e-06,2.4552958e-06,0.09273688,0.105616435
31013,2024-01-02,0,None,0,None,0,None,True,0.7292815,0.0055712936,2.8994054e-06,2.9716464e-06,0.12959327,0.13554807
31013,2024-01-09,0,None,0,None,0,None,True,0.34267566,0.0024550958,1.8816539e-06,4.9415808e-06,0.33378246,0.32108003
31013,2024-01-16,0,None,4,D3,0,None,True,0.3165811,0.0022795065,1.7896091e-06,5.326383e-06,0.35532954,0.3258027
31013,2024-01-23,0,None,4,D3,0,None,True,0.26292756,0.0018738019,1.5517774e-06,5.6876424e-06,0.40339103,0.33180037
31013,2024-01-30,0,None,4,D3,0,None,True,0.2910959,0.0020990502,1.6723463e-06,5.605178e-06,0.38702482,0.319773
31013,2024-02-06,0,None,0,None,0,None,True,0.37549675,0.0027925884,2.0109405e-06,5.2987543e-06,0.3363651,0.28533825
31013,2024-02-13,0,None,0,None,0,None,True,0.45939744,0.003528956,2.3075502e-06,4.9216983e-06,0.28880417,0.2482622
31013,2024-02-20,0,None,0,None,0,None,True,0.5422834,0.004285049,2.5539948e-06,4.432613e-06,0.24251598,0.21090849
31013,2024-02-27,0,None,0,None,0,None,True,0.64427394,0.005368703,2.7809238e-06,3.833381e-06,0.18928102,0.16106977
31013,2024-03-05,0,None,0,None,0,None,True,0.69815457,0.006027164,2.874771e-06,3.4933137e-06,0.16047454,0.1353373
31013,2024-03-12,0,None,0,None,0,None,True,0.7912547,0.007356488,3.2217135e-06,3.613823e-06,0.106338285,0.09504362
31013,2024-03-19,0,None,0,None,0,None,True,0.82294714,0.008651548,3.8569297e-06,5.9071076e-06,0.08416416,0.08422737
31013,2024-03-26,0,None,0,None,0,None,True,0.8734599,0.0092044575,3.5896028e-06,4.573526e-06,0.058365144,0.058962405
31013,2024-04-02,0,None,0,None,0,None,True,0.84549266,0.00856401,3.1589848e-06,4.672579e-06,0.07456023,0.0713753
31013,2024-04-09,0,None,0,None,0,None,True,0.87345475,0.008964697,2.6672226e-06,3.780987e-06,0.062301707,0.055272322
31013,2024-04-16,0,None,0,None,0,None,True,0.88923717,0.009481669,2.2059787e-06,3.389144e-06,0.059073154,0.042202406
31013,2024-04-23,0,None,0,None,0,None,True,0.91528666,0.009524786,1.7428571e-06,1.921411e-06,0.043956097,0.031228798
31013,2024-04-30,0,None,0,None,0,None,True,0.9843977,0.010697149,7.864672e-07,1.315821e-07,0.0024987685,0.0024055117
31013,2024-05-07,0,None,0,None,0,None,True,0.9882876,0.0095529705,4.3871847e-07,2.994042e-08,0.000741419,0.0014175507
31013,2024-05-14,0,None,0,None,0,None,True,0.9899469,0.009466123,3.56071e-07,1.300826e-08,0.00013384862,0.00045275784
31013,2024-05-21,0,None,0,None,0,None,True,0.98892397,0.010842343,3.4976256e-07,6.827443e-09,4.5158555e-05,0.00018819993
31013,2024-05-28,0,None,0,None,0,None,True,0.9882776,0.011425202,4.1301897e-07,9.2100185e-09,6.172439e-05,0.0002349868
31013,2024-06-04,0,None,0,None,0,None,True,0.98582065,0.013810063,6.7790904e-07,2.015336e-08,9.9593344e-05,0.00026909087
31013,2024-06-11,1,D0,0,None,0,None,False,0.9838951,0.015261852,1.1685445e-06,9.382524e-08,0.00026344132,0.00057838217
31013,2024-06-18,1,D0,4,D3,4,D3,False,1.0907601e-08,1.5231527e-09,1.7770281e-08,5.9838316e-05,0.73200023,0.2679399
31013,2024-06-25,0,None,4,D3,4,D3,False,3.576118e-15,9.56079e-12,1.54788e-05,0.09208967,0.90440845,0.0034863777
31013,2024-07-02,1,D0,4,D3,4,D3,False,3.9718045e-16,2.2364478e-13,6.066261e-07,0.039028898,0.96040195,0.0005685083
31013,2024-07-09,1,D0,4,D3,4,D3,False,9.8458034e-18,8.003224e-14,6.390536e-07,0.09400456,0.9058804,0.00011448647
31013,2024-07-16,1,D0,4,D3,4,D3,False,1.7599692e-17,6.458843e-13,7.948588e-06,0.21001941,0.78995323,1.9435087e-05
31013,2024-07-23,1,D0,4,D3,4,D3,False,5.2225413e-18,3.3229647e-13,1.3003663e-05,0.2819949,0.7179803,1.1793665e-05
31013,2024-07-30,2,D1,4,D3,3,D2,False,1.0383309e-18,2.2347617e-13,2.8315966e-05,0.39319766,0.60676855,5.4451066e-06
31013,2024-08-06,2,D1,4,D3,4,D3,False,1.4181532e-27,1.13359965e-20,1.0149109e-08,0.042656593,0.95734227,1.2131047e-06
31013,2024-08-13,2,D1,4,D3,4,D3,False,4.8380416e-27,6.906868e-20,4.4109218e-08,0.09335991,0.90663964,4.938748e-07
31013,2024-08-20,3,D2,4,D3,4,D3,False,3.0265596e-27,4.9811466e-20,4.9548152e-08,0.1238532,0.87614644,4.2052994e-07
31013,2024-08-27,3,D2,4,D3,4,D3,False,1.0293189e-31,1.201122e-22,1.0380038e-08,0.09898314,0.90101683,1.7120875e-08
31013,2024-09-03,3,D2,4,D3,4,D3,False,3.1823812e-32,3.2626523e-23,5.9715877e-09,0.087563686,0.9124363,2.4734554e-08
31013,2024-09-10,3,D2,4,D3,4,D3,False,3.2992726e-32,2.9060736e-23,7.089749e-09,0.119863145,0.88013685,2.8962898e-08
31013,2024-09-17,3,D2,4,D3,4,D3,False,4.3330318e-32,3.521469e-23,9.645596e-09,0.19019555,0.80980444,2.8451712e-08
31013,2024-09-24,3,D2,4,D3,4,D3,False,3.437141e-35,1.9868628e-25,1.3664152e-09,0.18406323,0.8159368,3.078724e-09
31013,2024-10-01,3,D2,4,D3,4,D3,False,2.6602835e-35,2.2363171e-26,1.05210306e-10,0.053313244,0.9466867,1.05846665e-08
31013,2024-10-08,3,D2,4,D3,4,D3,False,8.183197e-35,2.1602585e-26,5.696214e-11,0.036179062,0.96382093,2.8344049e-08
31013,2024-10-15,3,D2,4,D3,4,D3,False,4.4109007e-34,3.6169636e-26,4.7900618e-11,0.028105041,0.97189486,7.266812e-08
31013,2024-10-22,3,D2,4,D3,4,D3,False,4.9510674e-34,2.1196619e-26,1.8536535e-11,0.013447597,0.9865523,1.4025991e-07
31013,2024-10-29,4,D3,4,D3,4,D3,True,3.5614398e-34,1.3291793e-26,1.1565082e-11,0.008574224,0.99142563,1.9024223e-07
31013,2024-11-05,4,D3,4,D3,4,D3,True,3.1734183e-32,1.3888078e-26,6.1301685e-13,0.0012275396,0.9987668,5.7656384e-06
31013,2024-11-12,4,D3,4,D3,4,D3,True,4.3914153e-32,9.4099335e-27,2.6576565e-13,0.0002842341,0.9996873,2.8437986e-05
31013,2024-11-19,4,D3,4,D3,4,D3,True,5.575306e-32,1.4345295e-26,3.4422516e-13,0.00016651179,0.99979657,3.68871e-05
31013,2024-11-26,4,D3,4,D3,4,D3,True,5.9021107e-32,1.5052816e-26,3.6401264e-13,0.00015669444,0.99980587,3.7462978e-05
31013,2024-12-03,4,D3,4,D3,4,D3,True,7.3444264e-32,1.5886876e-26,3.5140348e-13,0.00016004208,0.99980193,3.8017166e-05
31013,2024-12-10,4,D3,4,D3,4,D3,True,9.301623e-32,1.6473724e-26,3.2351975e-13,0.00019664965,0.99976677,3.6614383e-05
31013,2024-12-17,4,D3,4,D3,4,D3,True,1.4224957e-31,2.8086326e-26,6.440702e-13,0.0005557268,0.99941266,3.1662054e-05
31013,2024-12-24,4,D3,4,D3,4,D3,True,7.111396e-32,1.7972798e-26,4.334557e-13,0.00057750684,0.9993887,3.3822533e-05
31013,2024-12-31,4,D3,4,D3,4,D3,True,4.345693e-32,9.64648e-27,3.1283724e-13,0.0009417827,0.99903274,2.5464946e-05
31013,2025-01-07,4,D3,4,D3,4,D3,True,4.3047782e-32,9.036629e-27,3.305824e-13,0.0011890372,0.9987897,2.1249929e-05
31013,2025-01-14,4,D3,4,D3,4,D3,True,4.681416e-32,9.684071e-27,3.418419e-13,0.001160839,0.9988176,2.1492324e-05
31013,2025-01-21,4,D3,4,D3,4,D3,True,2.6599747e-32,4.2225667e-27,1.5437861e-13,0.00066837517,0.99931383,1.7854176e-05
31013,2025-01-28,4,D3,4,D3,4,D3,True,1.7886318e-32,3.184152e-27,1.1974865e-13,0.00052491087,0.99945873,1.6422304e-05
31013,2025-02-04,4,D3,4,D3,4,D3,True,2.0886752e-32,5.4585535e-27,2.2655972e-13,0.00062274595,0.9993637,1.357943e-05
31013,2025-02-11,4,D3,4,D3,4,D3,True,5.6705183e-32,1.7893299e-26,5.525306e-13,0.0006582666,0.9993273,1.439703e-05
31013,2025-02-18,4,D3,4,D3,4,D3,True,1.5955756e-31,8.137654e-26,1.5294564e-12,0.0004872885,0.999496,1.6720687e-05
31013,2025-02-25,4,D3,4,D3,4,D3,True,2.9539766e-31,8.864263e-26,8.698178e-13,0.00019719059,0.9997671,3.568132e-05
31013,2025-03-04,4,D3,4,D3,4,D3,True,3.620823e-31,6.254208e-26,4.8337576e-13,0.00011067391,0.99982506,6.423776e-05
31013,2025-03-11,4,D3,4,D3,4,D3,True,3.0117665e-31,4.2853313e-26,3.144093e-13,7.649819e-05,0.9998392,8.4276995e-05
31013,2025-03-18,4,D3,4,D3,4,D3,True,6.166671e-31,7.4795594e-26,6.2189707e-13,0.00013222563,0.99980444,6.3398766e-05
31013,2025-03-25,4,D3,4,D3,4,D3,True,2.8025349e-31,3.5725615e-26,4.84361e-13,0.0001491132,0.9997745,7.643899e-05
31013,2025-04-01,4,D3,4,D3,4,D3,True,2.411952e-31,2.7558982e-26,8.6499747e-13,0.00062404573,0.99932194,5.4064647e-05
31013,2025-04-08,4,D3,4,D3,4,D3,True,3.657648e-31,4.53544e-26,2.2679512e-12,0.0025658621,0.99741983,1.4284087e-05
31013,2025-04-15,4,D3,4,D3,4,D3,True,3.9091836e-31,2.6522764e-26,5.309297e-13,0.0016327054,0.99835145,1.5832482e-05
31013,2025-04-22,4,D3,4,D3,4,D3,True,1.4588335e-31,9.963331e-27,3.1764378e-13,0.0013531315,0.9986291,1.7830784e-05
31013,2025-04-29,4,D3,4,D3,4,D3,True,2.573144e-32,1.831212e-27,6.944861e-14,0.0005574976,0.99938965,5.287801e-05
31013,2025-05-06,4,D3,4,D3,4,D3,True,5.3065896e-33,3.8166517e-28,2.4900678e-14,0.00033975692,0.9996126,4.768582e-05
31013,2025-05-13,4,D3,4,D3,4,D3,True,5.3544418e-33,2.9293813e-28,2.2645512e-14,0.00028600884,0.99964046,7.3461415e-05
31013,2025-05-20,4,D3,4,D3,4,D3,True,3.190352e-33,3.5252015e-28,3.4618657e-14,0.00032206936,0.99961394,6.4048654e-05
31013,2025-05-27,3,D2,4,D3,4,D3,False,8.506166e-33,8.417708e-28,2.912967e-14,0.00025648793,0.99950016,0.00024332841
31013,2025-06-03,3,D2,4,D3,4,D3,False,2.8913077e-31,4.434994e-25,1.1972094e-11,0.0049298257,0.9950595,1.0755479e-05
31013,2025-06-10,2,D1,4,D3,4,D3,False,5.3215795e-30,8.9393756e-23,1.2200013e-09,0.023418287,0.9765761,5.657616e-06
31013,2025-06-17,2,D1,4,D3,4,D3,False,1.3954384e-24,5.244834e-18,5.683193e-07,0.21855608,0.781425,1.842295e-05
31013,2025-06-24,2,D1,3,D2,3,D2,False,1.0151517e-21,8.845463e-15,3.683792e-05,0.6808826,0.31907424,6.2984873e-06
31013,2025-07-01,2,D1,3,D2,3,D2,False,1.766826e-21,3.0977547e-14,8.417122e-05,0.81091326,0.18899997,2.592421e-06
31013,2025-07-08,2,D1,3,D2,3,D2,False,1.3893149e-21,5.4267483e-14,0.000121968325,0.84574646,0.1541309,7.499846e-07
31013,2025-07-15,2,D1,3,D2,3,D2,False,1.7878808e-21,1.04600925e-13,0.00018825919,0.87209094,0.1277204,4.2835498e-07
31013,2025-07-22,2,D1,3,D2,3,D2,False,2.4309388e-21,2.1006551e-13,0.0003263119,0.9043467,0.095326796,2.1514761e-07
31013,2025-07-29,2,D1,3,D2,3,D2,False,1.2474595e-20,9.619106e-13,0.00072421535,0.9253855,0.07389009,2.4408163e-07
31013,2025-08-05,2,D1,3,D2,3,D2,False,1.6973433e-20,1.4015864e-12,0.00086886226,0.93758595,0.06154491,2.116045e-07
31013,2025-08-12,2,D1,3,D2,3,D2,False,1.0560033e-20,8.283168e-13,0.0006204823,0.9311687,0.06821049,2.786157e-07
31013,2025-08-19,2,D1,3,D2,3,D2,False,1.4476189e-20,1.3243219e-12,0.00093959976,0.9511575,0.047902726,1.9527752e-07
31013,2025-08-26,2,D1,3,D2,3,D2,False,1.718416e-20,1.6066787e-12,0.0009877126,0.9538142,0.045197856,1.9978734e-07
31013,2025-09-02,2,D1,3,D2,3,D2,False,1.7081419e-20,1.4952827e-12,0.0007807342,0.9479524,0.051266685,2.5785798e-07
31013,2025-09-09,2,D1,3,D2,3,D2,False,2.1084404e-20,1.827023e-12,0.00073983724,0.9476792,0.051580787,2.7988904e-07
31013,2025-09-16,2,D1,3,D2,3,D2,False,3.111382e-20,3.431188e-12,0.0012431631,0.9741396,0.024617177,8.385926e-08
31013,2025-09-23,2,D1,3,D2,3,D2,False,2.5052346e-20,2.7703569e-12,0.001136218,0.9757254,0.023138287,7.667168e-08
31013,2025-09-30,2,D1,3,D2,3,D2,False,2.5221314e-20,2.9351252e-12,0.0011893713,0.9771823,0.021628128,6.944319e-08
31013,2025-10-07,2,D1,3,D2,3,D2,False,2.917721e-20,2.9826434e-12,0.0011552874,0.97559935,0.023245258,8.837477e-08
31013,2025-10-14,2,D1,3,D2,3,D2,False,6.256537e-20,4.628813e-12,0.0012528681,0.9707537,0.027993308,1.348144e-07
31013,2025-10-21,2,D1,3,D2,3,D2,False,7.362424e-20,4.3902802e-12,0.0012080166,0.967003,0.031788826,1.6582008e-07
31013,2025-10-28,2,D1,3,D2,3,D2,False,4.8802936e-20,2.4518328e-12,0.0010534584,0.9619648,0.0369816,1.6495001e-07
31013,2025-11-04,2,D1,3,D2,3,D2,False,4.81133e-20,2.3615346e-12,0.0010458116,0.9624978,0.036456298,1.6631984e-07
31013,2025-11-11,2,D1,3,D2,3,D2,False,4.7909568e-20,2.2636712e-12,0.0010313436,0.9626469,0.03632156,1.7429163e-07
31013,2025-11-18,2,D1,3,D2,3,D2,False,4.7175467e-20,2.1427116e-12,0.0010233554,0.9622327,0.03674374,1.8760663e-07
31013,2025-11-25,2,D1,3,D2,3,D2,False,3.404792e-20,1.3223948e-12,0.0008572172,0.95754385,0.041598685,2.7401427e-07
31013,2025-12-02,2,D1,3,D2,3,D2,False,3.0887312e-20,1.0894253e-12,0.0008244188,0.9548595,0.04431568,3.6054527e-07
31013,2025-12-09,2,D1,3,D2,3,D2,False,3.611036e-20,1.0270805e-12,0.00089122663,0.94332075,0.055787206,7.627166e-07
31013,2025-12-16,2,D1,3,D2,3,D2,False,5.9465594e-20,1.3929338e-12,0.0013688159,0.9041119,0.09451686,2.3242742e-06
31013,2025-12-23,2,D1,3,D2,3,D2,False,1.151868e-19,3.664288e-12,0.002524372,0.91455793,0.082916155,1.5546325e-06
31013,2025-12-30,2,D1,3,D2,3,D2,False,9.609754e-21,8.606701e-14,0.00031620104,0.73449475,0.26518607,3.0041704e-06
31015,2022-01-04,3,D2,4,D3,4,D3,False,2.080249e-29,4.5165338e-21,2.8793218e-07,0.16929872,0.83070076,2.2891896e-07
31015,2022-01-11,3,D2,4,D3,4,D3,False,4.4739338e-29,7.343563e-21,3.6275327e-07,0.16775471,0.83224463,3.1508347e-07
31015,2022-01-18,3,D2,4,D3,4,D3,False,1.2004477e-28,1.5532935e-20,5.231358e-07,0.18157831,0.8184208,3.933696e-07
31015,2022-01-25,3,D2,4,D3,4,D3,False,2.055774e-28,1.4044053e-20,3.6878512e-07,0.14574789,0.85425097,7.2418817e-07
31015,2022-02-01,3,D2,4,D3,4,D3,False,4.0191353e-28,1.8734764e-20,3.559565e-07,0.13402417,0.8659745,1.0823009e-06
31015,2022-02-08,3,D2,4,D3,4,D3,False,5.7624464e-28,2.1193038e-20,3.293313e-07,0.12034226,0.8796561,1.2955236e-06
31015,2022-02-15,2,D1,4,D3,4,D3,False,8.598982e-28,3.0000568e-20,3.2262582e-07,0.11074211,0.8892563,1.3072192e-06
31015,2022-02-22,2,D1,4,D3,4,D3,False,1.2957111e-27,5.3661882e-20,4.7960975e-07,0.14365564,0.8563427,1.1606608e-06
31015,2022-03-01,2,D1,4,D3,4,D3,False,1.1178004e-27,4.8799388e-20,4.800544e-07,0.15367071,0.8463278,1.0580237e-06
31015,2022-03-08,2,D1,4,D3,4,D3,False,2.9650828e-28,1.26633225e-20,2.1456421e-07,0.12497302,0.875026,7.9663425e-07
31015,2022-03-15,2,D1,4,D3,4,D3,False,8.814246e-29,4.0002515e-21,6.637366e-08,0.10444921,0.8955499,7.235236e-07
31015,2022-03-22,3,D2,4,D3,4,D3,False,1.5073337e-29,8.165244e-22,1.0390843e-08,0.052218527,0.94777685,4.598321e-06
31015,2022-03-29,3,D2,4,D3,4,D3,False,2.988303e-35,2.5773184e-26,1.3678748e-10,0.017775545,0.9822237,6.9802627e-07
31015,2022-04-05,3,D2,4,D3,4,D3,False,6.029623e-35,1.5662043e-26,6.117434e-11,0.0094900625,0.99050736,2.5165032e-06
31015,2022-04-12,3,D2,4,D3,4,D3,False,1.6486629e-34,2.8500805e-26,1.0173818e-10,0.013225954,0.986772,2.0605491e-06
31015,2022-04-19,4,D3,4,D3,4,D3,True,5.2453533e-34,8.488949e-26,2.4007665e-10,0.024940277,0.97505885,8.232724e-07
31015,2022-04-26,4,D3,4,D3,4,D3,True,1.7678974e-31,2.7267976e-26,7.0041005e-13,0.00024621355,0.99948275,0.00027095992
31015,2022-05-03,3,D2,4,D3,4,D3,False,1.8970171e-31,4.4662078e-26,1.2623441e-12,0.00034913525,0.999456,0.00019488833
31015,2022-05-10,3,D2,4,D3,4,D3,False,7.2135936e-31,2.0373897e-24,5.4187724e-11,0.012035404,0.9879616,3.0624171e-06
31015,2022-05-17,3,D2,4,D3,4,D3,False,1.101414e-30,4.059178e-23,2.819609e-09,0.071390636,0.9286092,1.8265072e-07
31015,2022-05-24,3,D2,4,D3,4,D3,False,1.0664649e-31,3.1785983e-23,6.863823e-09,0.12044083,0.87955916,5.3189176e-08
31015,2022-05-31,3,D2,4,D3,4,D3,False,8.3931437e-32,2.0249646e-23,5.917232e-09,0.080556564,0.9194433,1.656298e-07
31015,2022-06-07,3,D2,4,D3,4,D3,False,6.888312e-31,8.26246e-23,9.126937e-09,0.05768133,0.9423181,5.289394e-07
31015,2022-06-14,3,D2,4,D3,4,D3,False,9.238151e-30,3.3050533e-22,1.3706395e-08,0.05146891,0.94852936,1.6616403e-06
31015,2022-06-21,3,D2,4,D3,4,D3,False,9.947255e-30,3.182186e-22,1.5993214e-08,0.06333897,0.9366596,1.4653975e-06
31015,2022-06-28,3,D2,4,D3,4,D3,False,7.738064e-30,3.29494e-22,1.874083e-08,0.068655975,0.93134284,1.1607428e-06
31015,2022-07-05,3,D2,4,D3,4,D3,False,5.6074816e-30,2.73092e-22,1.760243e-08,0.067843586,0.9321554,1.0247929e-06
31015,2022-07-12,3,D2,4,D3,4,D3,False,2.0841872e-31,4.3184084e-24,7.709498e-10,0.01739945,0.98259854,2.004986e-06
31015,2022-07-19,3,D2,4,D3,4,D3,False,4.2639482e-31,4.4135537e-24,4.6956206e-10,0.011483854,0.9885124,3.7564894e-06
31015,2022-07-26,3,D2,4,D3,4,D3,False,5.39488e-31,3.620126e-24,3.6532036e-10,0.012595936,0.9873991,4.9673863e-06
31015,2022-08-02,3,D2,4,D3,4,D3,False,7.675337e-31,4.2634694e-24,3.6864373e-10,0.012858879,0.98713547,5.655992e-06
31015,2022-08-09,3,D2,4,D3,4,D3,False,9.317151e-31,4.8581668e-24,4.0931927e-10,0.014141194,0.9858531,5.6962167e-06
31015,2022-08-16,3,D2,4,D3,4,D3,False,8.598616e-31,4.6298716e-24,4.4145246e-10,0.015676986,0.984318,5.0576887e-06
31015,2022-08-23,3,D2,4,D3,4,D3,False,8.902452e-31,4.7641026e-24,4.4386983e-10,0.015530119,0.9844647,5.1938505e-06
31015,2022-08-30,3,D2,4,D3,4,D3,False,9.2005e-31,4.7936655e-24,4.278022e-10,0.014760841,0.9852336,5.544754e-06
31015,2022-09-06,3,D2,4,D3,4,D3,False,1.0074629e-30,5.7909344e-24,5.5081084e-10,0.016852476,0.98314166,5.844254e-06
31015,2022-09-13,3,D2,4,D3,4,D3,False,1.0346166e-29,4.842622e-24,4.4704265e-11,0.004560059,0.995417,2.2982684e-05
31015,2022-09-20,3,D2,4,D3,4,D3,False,1.3757197e-29,5.0151122e-24,3.5636848e-11,0.004259401,0.99571675,2.3877425e-05
31015,2022-09-27,3,D2,4,D3,4,D3,False,1.893126e-29,3.5721957e-24,1.8301331e-11,0.0021075397,0.9978387,5.3843312e-05
31015,2022-10-04,3,D2,4,D3,4,D3,False,3.0358978e-29,4.2127196e-24,1.6591737e-11,0.0015829474,0.9983292,8.779593e-05
31015,2022-10-11,3,D2,4,D3,4,D3,False,6.276681e-29,7.6086344e-24,2.74561e-11,0.0022759566,0.99765956,6.44463e-05
31015,2022-10-18,4,D3,4,D3,4,D3,True,1.28314e-28,1.3034392e-23,3.8904244e-11,0.002677476,0.99727565,4.693478e-05
31015,2022-10-25,4,D3,4,D3,4,D3,True,2.0855716e-29,4.5101726e-24,2.9843725e-11,0.0019948771,0.99796486,4.0311043e-05
31015,2022-11-01,4,D3,4,D3,4,D3,True,1.927149e-29,9.2520226e-24,6.716587e-11,0.0046866005,0.9952893,2.4115925e-05
31015,2022-11-08,4,D3,4,D3,4,D3,True,2.868413e-29,1.0587856e-23,6.561553e-11,0.004639882,0.9953318,2.8251456e-05
31015,2022-11-15,4,D3,4,D3,4,D3,True,3.476796e-29,1.12293845e-23,6.350002e-11,0.0045687826,0.9954,3.1262887e-05
31015,2022-11-22,4,D3,4,D3,4,D3,True,3.4929015e-29,1.0976353e-23,6.0282404e-11,0.0044395574,0.9955273,3.3129738e-05
31015,2022-11-29,4,D3,4,D3,4,D3,True,3.2263828e-29,1.0166712e-23,5.5684596e-11,0.004257817,0.9957072,3.4960205e-05
31015,2022-12-06,4,D3,4,D3,4,D3,True,2.8266158e-29,8.940293e-24,4.953469e-11,0.0040153083,0.9959474,3.7346672e-05
31015,2022-12-13,4,D3,4,D3,4,D3,True,2.3655653e-29,7.389482e-24,4.189232e-11,0.0036627613,0.9962962,4.0964573e-05
31015,2022-12-20,4,D3,4,D3,4,D3,True,1.8545964e-29,5.8719165e-24,3.5036102e-11,0.003328103,0.99662787,4.3992262e-05
31015,2022-12-27,4,D3,4,D3,4,D3,True,1.5124709e-29,4.8296285e-24,3.004288e-11,0.0030781862,0.99687505,4.672981e-05
31015,2023-01-03,4,D3,4,D3,4,D3,True,1.1402709e-29,3.7142916e-24,2.5098403e-11,0.0028107224,0.99714077,4.8583686e-05
31015,2023-01-10,3,D2,4,D3,4,D3,False,8.05906e-30,2.6036571e-24,1.9919096e-11,0.0025125218,0.9974369,5.0613864e-05
31015,2023-01-17,3,D2,4,D3,4,D3,False,8.422611e-29,9.790913e-23,2.5533495e-10,0.01753428,0.9824582,7.5816706e-06
31015,2023-01-24,3,D2,4,D3,4,D3,False,4.0643065e-30,1.49384e-23,2.1942662e-10,0.024169963,0.9758278,2.2239522e-06
31015,2023-01-31,3,D2,4,D3,4,D3,False,1.1334018e-30,6.3170455e-24,1.7908905e-10,0.024502164,0.9754964,1.4487425e-06
31015,2023-02-07,3,D2,4,D3,4,D3,False,6.260375e-31,4.5138933e-24,1.6880405e-10,0.024325365,0.97567356,1.128463e-06
31015,2023-02-14,3,D2,4,D3,4,D3,False,4.7123674e-31,3.948655e-24,1.6579067e-10,0.024287911,0.9757111,9.689131e-07
31015,2023-02-21,3,D2,4,D3,4,D3,False,3.4706278e-31,9.837612e-24,7.3594164e-10,0.049352847,0.95064676,3.5266902e-07
31015,2023-02-28,3,D2,4,D3,4,D3,False,5.439109e-32,3.928194e-24,8.9644936e-10,0.05364023,0.9463596,1.942282e-07
31015,2023-03-07,3,D2,4,D3,4,D3,False,2.1457796e-32,3.3136004e-24,1.4744677e-09,0.05851341,0.9414864,1.7219365e-07
31015,2023-03-14,3,D2,4,D3,4,D3,False,1.6316056e-32,2.8393987e-24,1.4352777e-09,0.05601505,0.94398475,1.9395506e-07
31015,2023-03-21,3,D2,4,D3,4,D3,False,4.0850442e-32,4.6256622e-24,1.4067568e-09,0.04251137,0.95748836,3.456448e-07
31015,2023-03-28,3,D2,4,D3,4,D3,False,1.0862412e-31,6.2405212e-24,1.1655443e-09,0.033304356,0.9666948,8.5156057e-07
31015,2023-04-04,2,D1,4,D3,4,D3,False,2.28892e-31,5.382966e-24,6.3948663e-10,0.022203334,0.9777944,2.2055135e-06
31015,2023-04-11,2,D1,4,D3,4,D3,False,3.685211e-29,3.2961123e-22,2.9605243e-09,0.026288735,0.97370434,6.969526e-06
31015,2023-04-18,3,D2,4,D3,4,D3,False,3.7289197e-29,2.6272574e-22,2.6047116e-09,0.023742096,0.9762516,6.2769054e-06
31015,2023-04-25,3,D2,4,D3,4,D3,False,8.088059e-29,1.3162611e-21,1.2677845e-08,0.059321783,0.9406743,3.8647977e-06
31015,2023-05-02,3,D2,4,D3,4,D3,False,1.1581172e-27,5.886746e-20,2.9859976e-07,0.25057516,0.7494231,1.4786054e-06
31015,2023-05-09,3,D2,4,D3,4,D3,False,1.6032717e-28,1.18002945e-20,9.49026e-08,0.17536737,0.8246317,8.6318505e-07
31015,2023-05-16,2,D1,4,D3,4,D3,False,1.9951587e-28,2.1083533e-20,1.6747634e-07,0.22612426,0.77387506,5.3905524e-07
31015,2023-05-23,2,D1,4,D3,4,D3,False,4.4426147e-26,1.1455679e-18,6.325777e-07,0.3116754,0.6883227,1.2347579e-06
31015,2023-05-30,2,D1,4,D3,4,D3,False,1.0071899e-25,2.3525031e-18,9.706486e-07,0.36714104,0.6328571,9.327927e-07
31015,2023-06-06,3,D2,4,D3,3,D2,True,7.630978e-26,1.9525222e-18,9.215776e-07,0.37827677,0.6217216,7.258803e-07
31015,2023-06-13,3,D2,4,D3,4,D3,False,1.6560284e-32,9.294415e-23,4.7680295e-08,0.2788486,0.7211513,2.0874445e-08
31015,2023-06-20,4,D3,4,D3,4,D3,True,9.137971e-34,1.9751194e-24,3.5087484e-09,0.11430612,0.8856938,3.503902e-08
31015,2023-06-27,2,D1,4,D3,4,D3,False,4.4471185e-31,8.54318e-25,2.2113405e-11,0.0055643707,0.99442756,8.050994e-06
31015,2023-07-04,2,D1,4,D3,4,D3,False,7.154529e-30,4.4174195e-24,4.1555585e-11,0.005879614,0.9941071,1.32267005e-05
31015,2023-07-11,2,D1,4,D3,4,D3,False,1.1115879e-29,5.666591e-24,4.2214548e-11,0.0062643643,0.9937215,1.4213151e-05
31015,2023-07-18,2,D1,4,D3,4,D3,False,2.535335e-29,1.877463e-23,1.01024036e-10,0.0075645926,0.9924229,1.2566299e-05
31015,2023-07-25,2,D1,4,D3,4,D3,False,7.852126e-30,1.3675429e-23,1.647988e-10,0.009194751,0.99079657,8.61652e-06
31015,2023-08-01,1,D0,4,D3,4,D3,False,7.5916874e-26,3.8632356e-19,1.4418032e-07,0.11721453,0.8827779,7.4703444e-06
31015,2023-08-08,1,D0,3,D2,3,D2,False,4.8027814e-18,8.252557e-12,0.00067809405,0.8411839,0.15813053,7.506052e-06
31015,2023-08-15,0,None,2,D1,2,D1,False,5.048977e-10,4.870621e-05,0.6059759,0.38653094,0.0074410704,3.355412e-06
31015,2023-08-22,0,None,0,None,0,None,True,0.73433965,0.26459277,0.0005090399,5.9767405e-07,2.8662036e-05,0.0005293138
31015,2023-08-29,0,None,0,None,0,None,True,0.9066824,0.09331748,5.678931e-08,5.997972e-13,4.2137605e-10,2.5999236e-09
31015,2023-09-05,1,D0,0,None,0,None,False,0.94540244,0.0545975,3.1222829e-09,5.3780582e-15,1.5242863e-11,6.274039e-11
31015,2023-09-12,1,D0,0,None,0,None,False,0.9394912,0.060508788,1.2549211e-08,1.6258815e-13,7.4995626e-10,3.5569663e-09
31015,2023-09-19,1,D0,0,None,0,None,False,0.8593146,0.140685,3.5004865e-07,8.1394926e-12,3.9017807e-09,1.7835474e-08
31015,2023-09-26,0,None,0,None,0,None,True,0.75672305,0.24326646,1.0359084e-05,2.5073285e-10,5.426674e-09,8.854267e-08
31015,2023-10-03,0,None,0,None,0,None,True,0.9833761,0.016622933,7.2784223e-09,5.76396e-12,4.539296e-07,5.1006896e-07
31015,2023-10-10,0,None,0,None,0,None,True,0.990794,0.009137829,3.776961e-09,3.6029117e-11,1.749075e-05,5.072588e-05
31015,2023-10-17,0,None,0,None,0,None,True,0.9053324,0.004052311,2.2922023e-08,2.099163e-08,0.005864458,0.084750764
31015,2023-10-24,0,None,0,None,0,None,True,0.97721034,0.004891644,1.0524225e-08,2.0055093e-09,0.00086805905,0.017029956
31015,2023-10-31,0,None,0,None,0,None,True,0.9925202,0.0049682264,5.4920477e-09,2.5516263e-11,9.8704244e-05,0.0024129513
31015,2023-11-07,0,None,0,None,0,None,True,0.9925567,0.0050536944,8.871343e-09,1.5654355e-11,9.377695e-05,0.00229571
31015,2023-11-14,0,None,0,None,0,None,True,0.97881407,0.0051367423,3.2162028e-08,1.6972672e-10,0.00062534027,0.015423855
31015,2023-11-21,0,None,0,None,0,None,True,0.9346849,0.0051131803,8.625534e-08,1.3256143e-09,0.003078867,0.057123024
31015,2023-11-28,0,None,0,None,0,None,True,0.55885446,0.0027012967,1.4592133e-07,1.6204764e-08,0.045445196,0.39299887
31015,2023-12-05,0,None,5,D4,0,None,True,0.3962142,0.0021657778,1.8832984e-07,5.8567306e-08,0.12085349,0.48076633
31015,2023-12-12,0,None,5,D4,5,D4,False,0.22785306,0.001202627,1.4683559e-07,1.0297701e-07,0.21496919,0.5559749
31015,2023-12-19,0,None,5,D4,5,D4,False,0.223688,0.0010900499,1.3099097e-07,9.970649e-08,0.19129825,0.58392346
31015,2023-12-26,0,None,5,D4,5,D4,False,0.15704726,0.0006967816,8.839013e-08,1.5088673e-07,0.19272685,0.6495289
31015,2024-01-02,0,None,5,D4,5,D4,False,0.08971827,0.00034245927,6.382529e-08,7.341063e-08,0.16019234,0.7497468
31015,2024-01-09,0,None,5,D4,5,D4,False,0.025212979,0.00010219701,2.9518397e-08,4.1217724e-08,0.14444745,0.83023727
31015,2024-01-16,0,None,5,D4,5,D4,False,0.020085664,8.133545e-05,3.1688977e-08,5.7672747e-08,0.16071473,0.8191181
31015,2024-01-23,0,None,5,D4,5,D4,False,0.020409858,8.308754e-05,4.7826347e-08,1.3335504e-07,0.2169799,0.762527
31015,2024-01-30,0,None,5,D4,5,D4,False,0.03971951,0.00016829908,1.2974564e-07,4.0796132e-07,0.27228996,0.6878216
31015,2024-02-06,0,None,5,D4,5,D4,False,0.10059254,0.00049614016,4.0471986e-07,6.2293594e-07,0.28973675,0.60917354
31015,2024-02-13,0,None,0,None,0,None,True,0.43874174,0.002686636,1.8008129e-06,1.3412185e-06,0.22087725,0.33769122
31015,2024-02-20,0,None,0,None,0,None,True,0.5509582,0.0035469313,1.9183967e-06,1.1211315e-06,0.17386098,0.27163082
31015,2024-02-27,0,None,0,None,0,None,True,0.5726315,0.0037273243,1.8095975e-06,1.0593894e-06,0.16523834,0.25839996
31015,2024-03-05,0,None,0,None,0,None,True,0.5664999,0.0036983609,1.7485886e-06,1.1488213e-06,0.16939183,0.26040697
31015,2024-03-12,0,None,0,None,0,None,True,0.5279969,0.003446038,1.7870216e-06,1.5292659e-06,0.18987203,0.2786817
31015,2024-03-19,1,D0,5,D4,0,None,False,0.24092649,0.0015165627,1.1182053e-06,3.5240341e-06,0.35320196,0.4043504
31015,2024-03-26,0,None,4,D3,4,D3,False,1.7167284e-09,4.7261275e-09,6.279921e-07,0.001634464,0.7632209,0.23514408
31015,2024-04-02,0,None,0,None,0,None,True,0.7741937,0.009601588,4.674059e-06,9.403829e-06,0.120875105,0.095315464
31015,2024-04-09,0,None,0,None,0,None,True,0.9747108,0.0101629505,1.5116883e-06,5.712274e-07,0.010383681,0.004740384
31015,2024-04-16,0,None,0,None,0,None,True,0.9895404,0.009721919,5.950838e-07,2.801213e-08,0.00034145976,0.00039554818
31015,2024-04-23,0,None,0,None,0,None,True,0.9847808,0.015201271,1.525464e-07,6.4220596e-10,4.2013394e-06,1.3636846e-05
31015,2024-04-30,0,None,0,None,0,None,True,0.9666732,0.033326853,2.6791634e-08,2.0824549e-12,4.377211e-09,1.9252367e-08
31015,2024-05-07,0,None,0,None,0,None,True,0.98031896,0.019676464,4.595891e-08,3.1718204e-11,2.8920275e-07,4.300091e-06
31015,2024-05-14,0,None,0,None,0,None,True,0.98375016,0.016214766,9.125908e-08,2.0192649e-10,1.8333792e-06,3.3017306e-05
31015,2024-05-21,0,None,0,None,0,None,True,0.9846875,0.015189325,1.6529118e-07,8.01446e-10,7.0058077e-06,0.00011597552
31015,2024-05-28,0,None,0,None,0,None,True,0.986182,0.011001413,4.8635565e-07,1.0472712e-08,0.00020089578,0.0026152101
31015,2024-06-04,0,None,0,None,0,None,True,0.98015594,0.0102984,7.341798e-07,2.239533e-08,0.0009735276,0.008571321
31015,2024-06-11,0,None,0,None,0,None,True,0.9351621,0.008400962,8.550013e-07,6.578785e-08,0.007744589,0.048691355
31015,2024-06-18,0,None,0,None,0,None,True,0.70071566,0.0043057855,5.0577717e-07,1.08276346e-07,0.03140529,0.2635726
31015,2024-06-25,0,None,0,None,0,None,True,0.948734,0.0105751185,2.2370332e-06,8.334443e-07,0.012617146,0.028070584
31015,2024-07-02,0,None,0,None,0,None,True,0.9613884,0.011359453,3.1806956e-06,1.2392065e-06,0.00996586,0.017281817
31015,2024-07-09,0,None,0,None,0,None,True,0.97505987,0.011773256,1.9399774e-06,1.3838662e-06,0.005946321,0.0072172326
31015,2024-07-16,0,None,0,None,0,None,True,0.9804088,0.012108539,1.4894346e-06,7.041129e-07,0.003635818,0.0038445937
31015,2024-07-23,0,None,0,None,0,None,True,0.942655,0.010854059,1.397349e-06,1.0236823e-06,0.02531558,0.021173002
31015,2024-07-30,0,None,5,D4,0,None,True,0.2133786,0.0014617745,1.4167425e-07,1.3584579e-06,0.34392807,0.44123003
31015,2024-08-06,0,None,5,D4,5,D4,False,0.09209686,0.00056333846,2.4868376e-08,3.89989e-07,0.3550124,0.5523269
31015,2024-08-13,0,None,5,D4,5,D4,False,0.0047602877,2.5559175e-05,6.880394e-09,2.526811e-08,0.16686611,0.828348
31015,2024-08-20,1,D0,5,D4,5,D4,False,0.0029088669,1.3495429e-05,3.0081242e-09,8.202876e-09,0.11225222,0.88482535
31015,2024-08-27,1,D0,5,D4,5,D4,False,3.7134087e-10,1.763374e-12,4.4941782e-13,2.1597232e-08,0.30275714,0.69724286
31015,2024-09-03,1,D0,4,D3,4,D3,False,4.3953616e-10,1.7421392e-10,2.731603e-08,8.54923e-05,0.6002013,0.3997132
31015,2024-09-10,1,D0,4,D3,4,D3,False,4.881234e-10,2.0303656e-10,5.6954374e-08,0.00019973026,0.7269416,0.27285853
31015,2024-09-17,1,D0,4,D3,4,D3,False,1.6566277e-08,2.5387772e-09,2.0406468e-08,3.9488245e-05,0.69715756,0.30280295
31015,2024-09-24,1,D0,5,D4,5,D4,False,2.2801731e-07,6.2829474e-07,2.171077e-06,0.0004213618,0.2718542,0.72772145
31015,2024-10-01,1,D0,4,D3,4,D3,False,1.150874e-06,8.854873e-06,6.350666e-05,0.022034865,0.7971994,0.18069227
31015,2024-10-08,2,D1,3,D2,3,D2,False,6.693333e-16,1.2571236e-10,0.0008720963,0.734334,0.26479322,7.4159044e-07
31015,2024-10-15,2,D1,3,D2,3,D2,False,1.9860587e-20,6.0957065e-14,4.446238e-05,0.7338414,0.26611406,1.3033937e-07
31015,2024-10-22,2,D1,3,D2,3,D2,False,5.823101e-22,2.2685677e-15,8.596557e-06,0.6054785,0.39451277,1.4160841e-07
31015,2024-10-29,3,D2,4,D3,4,D3,False,1.3099559e-27,4.8021033e-20,3.1319257e-08,0.16353516,0.8364648,4.392251e-08
31015,2024-11-05,3,D2,4,D3,4,D3,False,4.4415186e-34,2.2634445e-23,1.4584322e-08,0.372882,0.62711805,1.9158758e-10
31015,2024-11-12,3,D2,4,D3,4,D3,False,2.5329798e-36,1.3747767e-25,8.893683e-10,0.12019071,0.8798093,3.288671e-10
31015,2024-11-19,3,D2,4,D3,4,D3,False,3.519283e-37,1.1342557e-26,2.8419744e-10,0.07541067,0.9245894,9.912958e-10
31015,2024-11-26,3,D2,4,D3,4,D3,False,4.8405607e-37,5.068749e-27,1.1626279e-10,0.045425806,0.95457417,2.6021352e-09
31015,2024-12-03,3,D2,4,D3,4,D3,False,1.621554e-36,6.26352e-27,8.776505e-11,0.040488765,0.95951116,5.4056306e-09
31015,2024-12-10,3,D2,4,D3,4,D3,False,3.752316e-36,1.04874874e-26,1.0696951e-10,0.05347579,0.94652426,1.1096762e-08
31015,2024-12-17,3,D2,4,D3,4,D3,False,3.156219e-36,5.4356827e-27,5.0261895e-11,0.03912911,0.96087086,1.71662e-08
31015,2024-12-24,3,D2,4,D3,4,D3,False,2.9245622e-36,3.293159e-27,2.8538174e-11,0.035799686,0.96420026,1.5811574e-08
31015,2024-12-31,3,D2,4,D3,4,D3,False,5.297075e-36,5.3161475e-27,3.88099e-11,0.038370293,0.9616296,1.738223e-08
31015,2025-01-07,3,D2,4,D3,4,D3,False,3.1436948e-36,1.9829848e-27,1.39436665e-11,0.018023407,0.9819766,2.1309047e-08
31015,2025-01-14,3,D2,4,D3,4,D3,False,2.0893384e-36,1.2729368e-27,9.502962e-12,0.013131276,0.9868687,2.1522736e-08
31015,2025-01-21,3,D2,4,D3,4,D3,False,1.5812067e-36,1.4332948e-27,1.1651898e-11,0.013510828,0.9864892,1.9053884e-08
31015,2025-01-28,3,D2,4,D3,4,D3,False,1.615829e-36,2.3310691e-27,1.9371341e-11,0.01566847,0.9843315,1.5125826e-08
31015,2025-02-04,3,D2,4,D3,4,D3,False,2.0425716e-36,3.623281e-27,3.0006515e-11,0.018231986,0.981768,1.2960125e-08
31015,2025-02-11,3,D2,4,D3,4,D3,False,3.6210087e-36,8.158706e-27,6.761588e-11,0.020660633,0.9793394,1.9167585e-08
31015,2025-02-18,3,D2,4,D3,4,D3,False,4.836293e-36,8.984386e-27,5.4116166e-11,0.019032443,0.98096746,2.9570176e-08
31015,2025-02-25,3,D2,4,D3,4,D3,False,4.6527575e-36,4.308669e-27,2.728663e-11,0.014854889,0.9851451,4.9800715e-08
31015,2025-03-04,3,D2,4,D3,4,D3,False,9.034721e-36,5.9603468e-27,3.5207705e-11,0.019396516,0.9806034,4.2975504e-08
31015,2025-03-11,3,D2,4,D3,4,D3,False,2.5218828e-35,1.1769129e-26,4.2159738e-11,0.024787044,0.97521293,5.9408595e-08
31015,2025-03-18,3,D2,4,D3,4,D3,False,2.2476026e-35,1.4413421e-26,1.2581161e-10,0.040644735,0.95935524,4.5541945e-08
31015,2025-03-25,3,D2,4,D3,4,D3,False,1.7685849e-35,1.02386804e-26,7.047483e-11,0.040336695,0.95966333,1.6248094e-08
31015,2025-04-01,3,D2,4,D3,4,D3,False,4.1018816e-36,2.801193e-27,2.1481272e-11,0.028038638,0.97196126,3.289519e-08
31015,2025-04-08,3,D2,4,D3,4,D3,False,3.4596135e-36,1.8356718e-27,1.5349121e-11,0.01970597,0.980294,2.958467e-08
31015,2025-04-15,3,D2,4,D3,4,D3,False,6.3266894e-36,1.4126027e-27,5.7248776e-12,0.0076381825,0.9923618,5.442593e-08
31015,2025-04-22,3,D2,4,D3,4,D3,False,4.4709103e-36,1.5547494e-27,6.6131024e-12,0.0072917966,0.99270815,4.843411e-08
31015,2025-04-29,2,D1,4,D3,4,D3,False,4.7124423e-36,2.6205905e-27,1.0861777e-11,0.0074412767,0.9925587,4.850993e-08
31015,2025-05-06,2,D1,4,D3,4,D3,False,2.4854433e-30,7.85659e-23,1.9225426e-09,0.019201161,0.9807976,1.1936014e-06
31015,2025-05-13,2,D1,4,D3,4,D3,False,3.673909e-29,9.156708e-22,8.586546e-09,0.03521646,0.964782,1.5224176e-06
31015,2025-05-20,2,D1,4,D3,4,D3,False,3.520315e-28,7.469809e-21,2.9087534e-08,0.067586124,0.93241245,1.4805978e-06
31015,2025-05-27,2,D1,3,D2,3,D2,False,6.5172204e-23,5.627223e-16,1.3375082e-05,0.5316663,0.46831673,3.5962516e-06
31015,2025-06-03,2,D1,4,D3,3,D2,False,2.6383767e-24,4.727661e-17,3.8886e-06,0.39224443,0.6077483,3.289453e-06
31015,2025-06-10,2,D1,4,D3,4,D3,False,2.4238871e-24,5.663528e-17,4.1242306e-06,0.3712251,0.6287662,4.6277733e-06
31015,2025-06-17,2,D1,3,D2,3,D2,False,1.8635271e-24,5.1451663e-17,7.002344e-06,0.7156177,0.28437465,6.831917e-07
31015,2025-06-24,2,D1,3,D2,3,D2,False,1.4077152e-24,3.8992844e-17,4.273933e-06,0.583039,0.4169566,1.5869381e-07
31015,2025-07-01,2,D1,4,D3,4,D3,False,3.8826494e-25,9.0970156e-18,8.193675e-07,0.37393972,0.62605923,1.4641832e-07
31015,2025-07-08,2,D1,4,D3,4,D3,False,1.6091965e-25,3.2705412e-18,4.1913998e-07,0.32927018,0.6707292,1.7336332e-07
31015,2025-07-15,1,D0,4,D3,4,D3,False,2.159048e-26,3.800552e-19,4.9106863e-08,0.15786584,0.842133,1.1686238e-06
31015,2025-07-22,1,D0,4,D3,4,D3,False,1.2017644e-23,3.2169696e-17,3.563256e-07,0.14673463,0.8532619,3.0796987e-06
31015,2025-07-29,1,D0,4,D3,4,D3,False,1.2126037e-21,9.548119e-16,2.57317e-06,0.24156396,0.7584279,5.593531e-06
31015,2025-08-05,1,D0,4,D3,4,D3,False,2.9135575e-21,1.5845017e-15,4.2423558e-06,0.27851877,0.7214609,1.612478e-05
31015,2025-08-12,1,D0,4,D3,3,D2,False,6.577511e-20,1.4035792e-14,1.34409875e-05,0.3799539,0.61995286,7.9767204e-05
31015,2025-08-19,1,D0,4,D3,3,D2,False,3.998954e-18,6.1957834e-13,6.808861e-05,0.43481484,0.5647916,0.00032549945
31015,2025-08-26,1,D0,3,D2,3,D2,False,3.929297e-18,1.6112571e-12,0.0002159108,0.58755153,0.41215765,7.4920565e-05
31015,2025-09-02,1,D0,3,D2,3,D2,False,7.0154466e-16,6.6415795e-10,0.0059187436,0.91662514,0.077444285,1.1810181e-05
31015,2025-09-09,1,D0,3,D2,3,D2,False,3.489566e-15,6.4270362e-09,0.019390574,0.92446303,0.05614185,4.4659687e-06
31015,2025-09-16,1,D0,3,D2,3,D2,False,3.7054587e-15,6.7617716e-09,0.024225889,0.9531737,0.02259977,6.5824474e-07
31015,2025-09-23,1,D0,3,D2,3,D2,False,2.279484e-15,6.5212067e-09,0.026981905,0.9477034,0.025314372,3.2078506e-07
31015,2025-09-30,1,D0,3,D2,3,D2,False,2.93633e-15,1.2406621e-08,0.042307712,0.9444945,0.013197665,5.7714228e-08
31015,2025-10-07,1,D0,3,D2,3,D2,False,1.4505253e-14,4.7649472e-08,0.06660694,0.9221642,0.011228673,7.143926e-08
31015,2025-10-14,1,D0,3,D2,3,D2,False,1.2032569e-14,6.4327104e-08,0.083914876,0.9078809,0.008204092,2.3797421e-08
31015,2025-10-21,2,D1,3,D2,3,D2,False,3.582743e-14,2.2782676e-07,0.12218123,0.8722815,0.005537123,1.5362572e-08
31015,2025-10-28,2,D1,3,D2,3,D2,False,7.592431e-17,2.4142042e-09,0.034150135,0.96207565,0.0037741733,5.372834e-09
31015,2025-11-04,2,D1,3,D2,3,D2,False,1.8164063e-18,1.7324212e-10,0.015688363,0.98104984,0.0032617575,3.2579892e-09
31015,2025-11-11,2,D1,3,D2,3,D2,False,7.118521e-19,7.966682e-11,0.012028863,0.98430693,0.0036642672,3.467839e-09
31015,2025-11-18,2,D1,3,D2,3,D2,False,3.6749898e-19,3.3191908e-11,0.0077626444,0.98802596,0.0042114095,5.0103575e-09
31015,2025-11-25,2,D1,3,D2,3,D2,False,3.5648768e-19,2.896324e-11,0.0072535183,0.98831,0.0044365157,6.164439e-09
31015,2025-12-02,2,D1,3,D2,3,D2,False,6.308049e-19,4.862485e-11,0.009199884,0.98603827,0.0047618165,8.154998e-09
31015,2025-12-09,2,D1,3,D2,3,D2,False,1.0357268e-18,6.2641614e-11,0.009801272,0.9845697,0.005628934,1.504695e-08
31015,2025-12-16,2,D1,3,D2,3,D2,False,9.086946e-19,4.8268146e-11,0.0086383335,0.9851392,0.006222516,1.8848395e-08
31015,2025-12-23,2,D1,3,D2,3,D2,False,9.222477e-19,4.922306e-11,0.008716568,0.9851128,0.0061706714,1.869918e-08
31015,2025-12-30,2,D1,3,D2,3,D2,False,8.538959e-19,4.11937e-11,0.007995912,0.9855327,0.0064714095,2.1650404e-08
31017,2022-01-04,0,None,5,D4,5,D4,False,0.081188716,0.00031543654,7.456736e-08,1.3017504e-06,0.3276302,0.59086436
31017,2022-01-11,0,None,4,D3,0,None,True,0.21564947,0.0011230025,6.649692e-08,4.8037947e-07,0.43583664,0.34739038
31017,2022-01-18,0,None,0,None,0,None,True,0.7477409,0.007869329,3.2231532e-07,8.716144e-07,0.13779703,0.10659152
31017,2022-01-25,1,D0,4,D3,0,None,False,0.25292775,0.0027856673,1.9222891e-07,1.468108e-06,0.41058224,0.3337027
31017,2022-02-01,1,D0,4,D3,4,D3,False,3.7164693e-06,4.0319655e-08,5.72214e-10,1.511729e-06,0.73074085,0.26925394
31017,2022-02-08,1,D0,4,D3,4,D3,False,6.125261e-07,4.3454742e-07,6.2968485e-07,0.00017472041,0.65645754,0.3433661
31017,2022-02-15,2,D1,5,D4,5,D4,False,9.853059e-08,1.0146419e-07,1.9290819e-07,4.324197e-05,0.37789875,0.6220577
31017,2022-02-22,2,D1,3,D2,3,D2,False,3.4441733e-12,2.3733957e-08,0.007211117,0.70221055,0.29021415,0.00036409445
31017,2022-03-01,2,D1,3,D2,3,D2,False,5.423298e-14,1.39577425e-08,0.017102927,0.9503009,0.032591816,4.410166e-06
31017,2022-03-08,2,D1,3,D2,3,D2,False,7.5382425e-17,3.0064746e-11,0.0012980105,0.9123504,0.08634563,5.912692e-06
31017,2022-03-15,2,D1,3,D2,3,D2,False,8.893306e-19,5.832523e-13,0.00012732725,0.80030894,0.19956043,3.2636706e-06
31017,2022-03-22,2,D1,3,D2,3,D2,False,1.1277174e-18,8.36837e-13,0.00013514624,0.7648656,0.23499031,9.010535e-06
31017,2022-03-29,3,D2,3,D2,3,D2,True,3.3151515e-20,7.2017235e-14,8.118245e-05,0.75334406,0.24657132,3.4045217e-06
31017,2022-04-05,3,D2,4,D3,4,D3,False,1.6067791e-29,2.0532763e-21,4.198349e-08,0.3115303,0.6884696,5.155663e-08
31017,2022-04-12,3,D2,4,D3,4,D3,False,1.6954649e-31,2.0287262e-23,2.612662e-09,0.1169378,0.8830621,8.0127876e-08
31017,2022-04-19,3,D2,4,D3,4,D3,False,6.6907634e-32,4.3903387e-24,6.897187e-10,0.04379381,0.9562059,3.1852483e-07
31017,2022-04-26,3,D2,4,D3,4,D3,False,2.3216153e-30,2.212782e-24,1.2214022e-11,0.003373166,0.9966113,1.5480107e-05
31017,2022-05-03,3,D2,4,D3,4,D3,False,3.5253354e-30,9.67537e-25,3.1346059e-12,0.0013848139,0.998502,0.0001131725
31017,2022-05-10,3,D2,4,D3,4,D3,False,7.126796e-32,5.2284143e-25,2.8897718e-11,0.0060374555,0.99394834,1.4165564e-05
31017,2022-05-17,3,D2,4,D3,4,D3,False,1.0981851e-29,2.0917611e-23,1.4216371e-10,0.0044977292,0.9953833,0.0001189186
31017,2022-05-24,3,D2,4,D3,4,D3,False,1.4496578e-28,4.962255e-22,3.5185406e-09,0.013314023,0.9865302,0.00015587523
31017,2022-05-31,3,D2,4,D3,4,D3,False,4.6651315e-28,1.8492443e-21,1.3798241e-08,0.017008504,0.9828225,0.00016903252
31017,2022-06-07,3,D2,4,D3,4,D3,False,1.8418847e-27,1.490477e-20,1.4585838e-07,0.08269799,0.91727126,3.0629737e-05
31017,2022-06-14,3,D2,4,D3,4,D3,False,1.0676295e-27,2.743438e-20,3.7834099e-07,0.16056295,0.83943355,3.0866177e-06
31017,2022-06-21,3,D2,4,D3,4,D3,False,2.6242708e-27,1.2582702e-19,1.1804974e-06,0.25542548,0.74457246,9.135655e-07
31017,2022-06-28,3,D2,4,D3,4,D3,False,8.083105e-28,4.5771186e-20,5.823725e-07,0.1984723,0.80152637,7.474267e-07
31017,2022-07-05,3,D2,4,D3,4,D3,False,3.1263503e-28,1.5250401e-20,2.2445425e-07,0.1319364,0.86806244,9.2395317e-07
31017,2022-07-12,3,D2,4,D3,4,D3,False,1.627847e-31,3.21711e-23,6.808799e-09,0.0837931,0.9162068,9.365077e-08
31017,2022-07-19,3,D2,4,D3,4,D3,False,2.020856e-32,4.6334873e-24,1.2127632e-09,0.048954383,0.95104545,1.1984135e-07
31017,2022-07-26,3,D2,4,D3,4,D3,False,2.7112137e-32,1.5155022e-24,4.1932297e-10,0.0118229715,0.98817515,1.8529219e-06
31017,2022-08-02,3,D2,4,D3,4,D3,False,1.6421235e-31,3.4071593e-24,6.7243655e-10,0.0136887655,0.98630816,3.1212326e-06
31017,2022-08-09,3,D2,4,D3,4,D3,False,6.9823443e-31,9.5284166e-24,1.3982995e-09,0.021737605,0.97825855,3.834232e-06
31017,2022-08-16,3,D2,4,D3,4,D3,False,6.8590735e-31,1.1236069e-23,1.9297073e-09,0.028526997,0.9714703,2.752306e-06
31017,2022-08-23,3,D2,4,D3,4,D3,False,8.905794e-31,2.3373229e-23,3.634034e-09,0.045144655,0.95485455,8.569747e-07
31017,2022-08-30,3,D2,4,D3,4,D3,False,1.0540696e-30,4.8152912e-23,6.0590626e-09,0.06452728,0.9354725,2.78859e-07
31017,2022-09-06,4,D3,4,D3,4,D3,True,1.6774126e-30,7.352016e-23,6.189101e-09,0.065737754,0.9342619,3.3100116e-07
31017,2022-09-13,4,D3,4,D3,4,D3,True,7.3180066e-29,2.5909146e-23,7.0381374e-11,0.004038519,0.9959265,3.5012352e-05
31017,2022-09-20,4,D3,4,D3,4,D3,True,1.3392144e-28,4.5213812e-23,7.619658e-11,0.0026119198,0.9973162,7.189086e-05
31017,2022-09-27,4,D3,4,D3,4,D3,True,2.646814e-29,3.5700113e-24,1.1696625e-11,0.0009421298,0.9988655,0.00019244711
31017,2022-10-04,4,D3,4,D3,4,D3,True,3.9793652e-32,2.252166e-26,7.812201e-13,0.0003446524,0.9996307,2.4605219e-05
31017,2022-10-11,4,D3,4,D3,4,D3,True,2.4120326e-32,8.6545e-27,3.4672512e-13,0.00024313279,0.9997105,4.6341942e-05
31017,2022-10-18,4,D3,4,D3,4,D3,True,3.4164118e-32,6.4396726e-27,2.0440911e-13,0.0001458948,0.9997861,6.804501e-05
31017,2022-10-25,4,D3,4,D3,4,D3,True,1.8547686e-32,3.0652566e-27,2.0854955e-13,0.00016634678,0.99977976,5.3905474e-05
31017,2022-11-01,4,D3,4,D3,4,D3,True,3.5132103e-32,4.392785e-27,3.3936764e-13,0.00023786191,0.9997104,5.1766936e-05
31017,2022-11-08,4,D3,4,D3,4,D3,True,6.120465e-32,7.404793e-27,5.0945543e-13,0.00037245368,0.9995511,7.6360564e-05
31017,2022-11-15,5,D4,4,D3,4,D3,False,2.8366918e-32,7.6333024e-27,1.8310913e-12,0.0026216938,0.99736243,1.5838248e-05
31017,2022-11-22,5,D4,4,D3,4,D3,False,1.3634639e-31,1.0177358e-27,4.909979e-14,0.0004690121,0.99944,9.099015e-05
31017,2022-11-29,5,D4,4,D3,4,D3,False,5.137847e-32,2.712961e-28,1.1113552e-14,0.0002172853,0.9996722,0.00011054328
31017,2022-12-06,5,D4,4,D3,4,D3,False,4.4562577e-31,8.85825e-28,1.425084e-14,0.00017851719,0.99953973,0.00028175366
31017,2022-12-13,5,D4,4,D3,4,D3,False,9.043629e-32,1.0579665e-28,9.318899e-16,2.3199402e-05,0.99834263,0.0016341179
31017,2022-12-20,5,D4,4,D3,4,D3,False,2.3765368e-30,5.442609e-28,1.232282e-15,9.394865e-06,0.991527,0.008463616
31017,2022-12-27,5,D4,4,D3,4,D3,False,1.429214e-28,8.0028105e-27,1.6470918e-15,2.3883313e-06,0.88800055,0.11199709
31017,2023-01-03,5,D4,4,D3,4,D3,False,1.0512933e-26,1.3995604e-25,1.8437788e-15,1.3065359e-06,0.75971633,0.2402823
31017,2023-01-10,4,D3,4,D3,5,D4,False,4.5906735e-25,1.8525095e-24,1.3712708e-15,3.2662294e-07,0.50011474,0.4998849
31017,2023-01-17,4,D3,4,D3,4,D3,True,5.86776e-31,1.3294135e-26,1.4348817e-13,0.00019874537,0.9950599,0.0047413576
31017,2023-01-24,4,D3,4,D3,4,D3,True,2.7181744e-30,8.7395835e-26,2.2755447e-13,0.0003291746,0.9926859,0.0069848634
31017,2023-01-31,4,D3,4,D3,4,D3,True,3.2139116e-31,1.3153371e-26,8.499382e-14,0.00012176552,0.9955819,0.004296371
31017,2023-02-07,4,D3,4,D3,4,D3,True,8.99118e-31,2.2154499e-26,2.4473286e-13,0.00019537589,0.9977798,0.0020248268
31017,2023-02-14,4,D3,4,D3,4,D3,True,2.2526854e-30,8.810297e-26,1.0707461e-12,0.000981067,0.99889106,0.00012787005
31017,2023-02-21,4,D3,4,D3,4,D3,True,4.298604e-30,3.494322e-25,5.574062e-12,0.0021683201,0.99777466,5.7048306e-05
31017,2023-02-28,4,D3,4,D3,4,D3,True,7.242355e-30,1.701076e-24,2.3817337e-11,0.0038872608,0.996075,3.7701317e-05
31017,2023-03-07,4,D3,4,D3,4,D3,True,1.4526444e-29,4.4941437e-24,5.5715384e-11,0.0071726204,0.99279964,2.7759477e-05
31017,2023-03-14,4,D3,4,D3,4,D3,True,2.8176208e-29,4.9939057e-24,4.7416942e-11,0.005739302,0.9942106,5.0102582e-05
31017,2023-03-21,4,D3,4,D3,4,D3,True,1.0930688e-28,1.3712228e-23,6.888217e-11,0.0050487453,0.9948925,5.8739308e-05
31017,2023-03-28,4,D3,4,D3,4,D3,True,3.1845687e-28,3.0115333e-23,8.0721145e-11,0.0039406363,0.9959894,6.997922e-05
31017,2023-04-04,4,D3,4,D3,4,D3,True,3.384948e-28,3.2717766e-23,8.201858e-11,0.0037057563,0.996223,7.130691e-05
31017,2023-04-11,4,D3,4,D3,4,D3,True,3.5819507e-28,3.449458e-23,8.01569e-11,0.0033096906,0.99661523,7.5121345e-05
31017,2023-04-18,4,D3,4,D3,4,D3,True,3.6344022e-28,3.609638e-23,7.2910726e-11,0.0032284472,0.99668676,8.4837004e-05
31017,2023-04-25,4,D3,4,D3,4,D3,True,6.1676708e-28,6.374377e-23,1.5494805e-10,0.0070818183,0.9928496,6.854951e-05
31017,2023-05-02,4,D3,4,D3,4,D3,True,2.1799365e-28,2.9305132e-23,9.903256e-11,0.007062248,0.9928745,6.327347e-05
31017,2023-05-09,4,D3,4,D3,4,D3,True,2.7009338e-28,4.0967872e-23,1.2216925e-10,0.00824829,0.9916855,6.617651e-05
31017,2023-05-16,3,D2,4,D3,4,D3,False,2.2119662e-28,3.65789e-23,1.1326503e-10,0.00830814,0.99162406,6.779948e-05
31017,2023-05-23,3,D2,4,D3,4,D3,False,1.2713072e-28,4.679659e-22,3.8783714e-09,0.07492185,0.9250753,2.7755787e-06
31017,2023-05-30,3,D2,4,D3,4,D3,False,2.313849e-29,2.175152e-22,5.7518474e-09,0.093042575,0.90695596,1.4205215e-06
31017,2023-06-06,3,D2,4,D3,4,D3,False,1.3378173e-29,3.0781512e-22,1.2656022e-08,0.12361755,0.87638134,1.0795075e-06
31017,2023-06-13,3,D2,4,D3,4,D3,False,5.1150258e-30,1.9002883e-22,1.2706416e-08,0.11500457,0.8849943,1.1426232e-06
31017,2023-06-20,3,D2,4,D3,4,D3,False,1.9153934e-30,8.437515e-23,8.451249e-09,0.09258362,0.9074152,1.1781501e-06
31017,2023-06-27,3,D2,4,D3,4,D3,False,1.0288046e-30,5.1203232e-23,6.5806307e-09,0.08124673,0.9187522,1.102391e-06
31017,2023-07-04,2,D1,4,D3,4,D3,False,5.9435054e-31,4.0769376e-23,6.7508448e-09,0.07684908,0.92315024,6.855541e-07
31017,2023-07-11,2,D1,4,D3,4,D3,False,4.930295e-28,2.4334405e-20,1.737684e-07,0.21969926,0.7802993,1.2530141e-06
31017,2023-07-18,2,D1,4,D3,4,D3,False,1.7122688e-27,9.2733273e-20,3.6673168e-07,0.26461467,0.7353836,1.2659829e-06
31017,2023-07-25,2,D1,4,D3,4,D3,False,1.6348626e-27,1.0265543e-19,3.8550255e-07,0.2552334,0.74476504,1.2240222e-06
31017,2023-08-01,1,D0,4,D3,4,D3,False,1.820014e-27,1.3054228e-19,4.2068984e-07,0.239929,0.7600694,1.1821514e-06
31017,2023-08-08,1,D0,4,D3,4,D3,False,3.1376804e-25,2.1335494e-18,5.9833553e-07,0.22260278,0.777393,3.7332013e-06
31017,2023-08-15,2,D1,4,D3,4,D3,False,8.697724e-24,6.2935964e-17,2.6122814e-06,0.29935977,0.7006196,1.8015218e-05
31017,2023-08-22,2,D1,4,D3,4,D3,False,7.1132293e-25,3.7762937e-18,4.326837e-07,0.16143715,0.8385403,2.2106069e-05
31017,2023-08-29,2,D1,4,D3,4,D3,False,2.8984934e-26,8.0791545e-20,4.02862e-08,0.05961807,0.9403623,1.9689833e-05
31017,2023-09-05,2,D1,4,D3,4,D3,False,4.2764115e-27,1.5322469e-20,3.270562e-08,0.088466965,0.9115277,5.329242e-06
31017,2023-09-12,1,D0,4,D3,4,D3,False,2.7672686e-27,1.3483499e-20,4.261371e-08,0.10783703,0.89215946,3.4441812e-06
31017,2023-09-19,1,D0,4,D3,4,D3,False,3.26439e-27,9.516636e-21,1.962784e-08,0.07380092,0.9261941,5.024756e-06
31017,2023-09-26,0,None,4,D3,4,D3,False,2.7084043e-27,5.0722723e-21,7.7148155e-09,0.036861926,0.9631308,7.3290303e-06
31017,2023-10-03,0,None,4,D3,4,D3,False,3.423705e-21,7.5031947e-16,1.0152961e-06,0.05625003,0.9437034,4.5523622e-05
31017,2023-10-10,0,None,4,D3,4,D3,False,8.184038e-17,1.0703787e-12,6.8025447e-06,0.09462149,0.9046477,0.00072407565
31017,2023-10-17,0,None,4,D3,4,D3,False,3.1616944e-17,2.6077429e-13,2.0547845e-06,0.044577643,0.95341104,0.0020092437
31017,2023-10-24,0,None,5,D4,0,None,True,0.39666587,0.030166667,1.33581725e-05,1.9769457e-05,0.051691923,0.52144235
31017,2023-10-31,0,None,0,None,0,None,True,0.9705629,0.029407937,2.2313407e-07,4.2778963e-09,4.0274385e-06,2.493222e-05
31017,2023-11-07,0,None,0,None,0,None,True,0.97923917,0.020759061,4.710006e-09,2.3696691e-12,2.5059947e-07,1.5225501e-06
31017,2023-11-14,0,None,0,None,0,None,True,0.988269,0.011728544,4.6200085e-10,4.0687302e-14,2.1883639e-07,2.2399977e-06
31017,2023-11-21,0,None,0,None,0,None,True,0.98784596,0.012147723,6.811704e-10,9.892083e-14,5.96449e-07,5.7104644e-06
31017,2023-11-28,0,None,0,None,0,None,True,0.9869349,0.013061339,7.673565e-10,3.0267316e-14,2.3485232e-07,3.51543e-06
31017,2023-12-05,0,None,0,None,0,None,True,0.9916237,0.007620577,3.5368823e-09,3.187176e-12,3.368775e-05,0.0007219881
31017,2023-12-12,0,None,0,None,0,None,True,0.98518556,0.0063286843,1.2592735e-08,3.4611133e-11,0.000348395,0.008137394
31017,2023-12-19,0,None,0,None,0,None,True,0.8061891,0.004245443,4.8519738e-08,1.3403411e-09,0.008092129,0.18147318
31017,2023-12-26,0,None,5,D4,5,D4,False,0.13570267,0.0005901174,2.7263495e-08,1.26943105e-08,0.09826076,0.7654464
31017,2024-01-02,0,None,5,D4,5,D4,False,0.0512717,0.00028150057,2.8290945e-08,8.1660914e-08,0.2099614,0.7384852
31017,2024-01-09,0,None,5,D4,5,D4,False,0.00013203216,7.827504e-07,3.6517063e-09,1.2114115e-06,0.33249357,0.66737247
31017,2024-01-16,0,None,5,D4,5,D4,False,2.8435998e-05,2.2564424e-07,2.68842e-09,5.2520304e-06,0.33332944,0.66663665
31017,2024-01-23,0,None,5,D4,5,D4,False,0.03287129,0.00019567207,5.750828e-08,2.2416098e-07,0.4736376,0.49329513
31017,2024-01-30,0,None,5,D4,5,D4,False,0.008098578,3.670886e-05,1.545309e-08,1.06564215e-07,0.39602423,0.5958403
31017,2024-02-06,0,None,5,D4,5,D4,False,0.009703917,4.1294872e-05,1.5827343e-08,9.957846e-08,0.35782668,0.632428
31017,2024-02-13,0,None,5,D4,5,D4,False,0.04218645,0.00016477986,3.5119722e-08,7.916073e-08,0.23039317,0.72725546
31017,2024-02-20,0,None,5,D4,5,D4,False,0.05404055,0.00020769564,4.0564746e-08,7.626634e-08,0.21302986,0.7327218
31017,2024-02-27,0,None,5,D4,5,D4,False,0.05897055,0.0002204965,4.2353232e-08,7.460139e-08,0.20075598,0.7400529
31017,2024-03-05,0,None,5,D4,5,D4,False,0.048057497,0.00017344563,3.4600728e-08,6.008087e-08,0.17663856,0.77513045
31017,2024-03-12,0,None,5,D4,5,D4,False,0.043095738,0.0001560958,3.0803392e-08,7.0186694e-08,0.19078885,0.7659591
31017,2024-03-19,0,None,5,D4,5,D4,False,0.021195788,7.201295e-05,1.729271e-08,7.204705e-08,0.20670272,0.7720294
31017,2024-03-26,0,None,5,D4,5,D4,False,0.018862631,7.2207135e-05,1.6051096e-08,1.4297865e-07,0.24481437,0.7362506
31017,2024-04-02,0,None,5,D4,5,D4,False,0.01746968,6.070363e-05,1.4695526e-08,8.9086e-08,0.22061482,0.76185465
31017,2024-04-09,0,None,5,D4,5,D4,False,0.036839526,0.00013567695,2.7470765e-08,4.275606e-08,0.16231774,0.8007071
31017,2024-04-16,0,None,5,D4,5,D4,False,0.043792408,0.00017263084,3.361355e-08,3.8202497e-08,0.14673582,0.8092991
31017,2024-04-23,0,None,5,D4,5,D4,False,0.042494882,0.00018112453,4.3049102e-08,4.741656e-08,0.1396226,0.8177014
31017,2024-04-30,0,None,5,D4,0,None,True,0.419782,0.0022913255,3.7326464e-07,7.674214e-08,0.06899839,0.5089279
31017,2024-05-07,0,None,0,None,0,None,True,0.9845398,0.009480423,1.5945776e-06,4.486008e-08,0.0010734856,0.004904693
31017,2024-05-14,0,None,0,None,0,None,True,0.98759717,0.01215041,8.33076e-07,9.0746e-09,4.1270123e-05,0.00021027164
31017,2024-05-21,0,None,0,None,0,None,True,0.98743755,0.0123858545,7.6743817e-07,7.0743487e-09,2.6501852e-05,0.0001493025
31017,2024-05-28,0,None,0,None,0,None,True,0.9877638,0.01194121,8.1529487e-07,1.2524522e-08,5.242327e-05,0.00024172547
31017,2024-06-04,0,None,0,None,0,None,True,0.98773205,0.0117086535,9.462172e-07,2.7825804e-08,0.00012417334,0.0004340232
31017,2024-06-11,0,None,0,None,0,None,True,0.9874877,0.011190661,1.2006502e-06,7.2243e-08,0.0003558972,0.0009645421
31017,2024-06-18,0,None,0,None,0,None,True,0.9845189,0.008984948,1.4492965e-06,1.5790037e-07,0.002066872,0.00442772
31017,2024-06-25,0,None,0,None,0,None,True,0.97846323,0.0082935225,1.4447666e-06,2.4062498e-07,0.004991088,0.008250494
31017,2024-07-02,0,None,0,None,0,None,True,0.9795578,0.0076975035,1.3009385e-06,3.2332065e-07,0.005706631,0.007036423
31017,2024-07-09,0,None,0,None,0,None,True,0.95675325,0.0075941714,2.0031496e-06,1.374348e-06,0.019211343,0.016437728
31017,2024-07-16,0,None,0,None,0,None,True,0.9665632,0.008772401,2.3267205e-06,1.2968367e-06,0.013580063,0.011080667
31017,2024-07-23,0,None,0,None,0,None,True,0.89363825,0.0068095336,1.9905551e-06,2.0483865e-06,0.051383864,0.048164323
31017,2024-07-30,0,None,0,None,0,None,True,0.7877157,0.0046564443,1.6448431e-06,2.212758e-06,0.09586224,0.11176174
31017,2024-08-06,0,None,0,None,0,None,True,0.7120881,0.0041775736,1.6504487e-06,2.7310818e-06,0.13567314,0.14805679
31017,2024-08-13,0,None,4,D3,4,D3,False,0.00013059264,7.2677574e-07,8.078385e-09,2.5865456e-06,0.60507786,0.39478827
31017,2024-08-20,1,D0,4,D3,4,D3,False,0.0008752693,5.260693e-06,4.4129074e-08,5.898465e-06,0.6574585,0.341655
31017,2024-08-27,1,D0,4,D3,4,D3,False,1.3010758e-06,1.3492325e-08,3.1731286e-09,7.1174695e-06,0.7852702,0.21472137
31017,2024-09-03,1,D0,4,D3,4,D3,False,0.00042310162,1.0669318e-05,2.270338e-06,0.00015377268,0.67801607,0.32139412
31017,2024-09-10,1,D0,5,D4,5,D4,False,5.2632386e-05,0.0014065398,0.018654054,0.13371633,0.2516538,0.59451663
31017,2024-09-17,2,D1,2,D1,2,D1,True,0.0011602499,0.21250899,0.7288469,0.057398014,8.539077e-05,3.8190896e-07
31017,2024-09-24,2,D1,3,D2,3,D2,False,3.9472626e-14,2.2332044e-08,0.024801318,0.9384259,0.03677265,1.1048951e-07
31017,2024-10-01,3,D2,3,D2,3,D2,True,1.1341015e-18,6.9433135e-12,0.0013560102,0.97528887,0.023355078,3.2623134e-08
31017,2024-10-08,3,D2,4,D3,4,D3,False,8.566091e-30,2.822914e-21,9.017615e-08,0.19819233,0.8018075,3.0415897e-08
31017,2024-10-15,3,D2,4,D3,3,D2,True,4.8849472e-34,1.3929692e-23,1.5321842e-08,0.3917863,0.6082137,1.249361e-09
31017,2024-10-22,3,D2,4,D3,4,D3,False,2.3267382e-36,3.010533e-26,3.3610312e-10,0.08164508,0.91835487,2.1846687e-09
31017,2024-10-29,3,D2,4,D3,4,D3,False,5.8273694e-37,3.6454688e-27,6.4063525e-11,0.037120454,0.9628796,4.8496474e-09
31017,2024-11-05,3,D2,4,D3,4,D3,False,2.9387177e-37,2.629835e-27,5.6443898e-11,0.04724035,0.95275956,3.3500223e-09
31017,2024-11-12,3,D2,4,D3,4,D3,False,1.1565292e-36,4.3404406e-27,6.4342295e-11,0.055251483,0.9447485,6.4093593e-09
31017,2024-11-19,3,D2,4,D3,4,D3,False,3.2010737e-36,6.1536874e-27,6.788078e-11,0.05666649,0.94333345,1.0579956e-08
31017,2024-11-26,3,D2,4,D3,4,D3,False,7.28397e-36,6.6849406e-27,4.968653e-11,0.04376085,0.95623916,1.7552034e-08
31017,2024-12-03,3,D2,4,D3,4,D3,False,1.2934134e-35,7.2230585e-27,4.2604895e-11,0.036887527,0.9631124,2.44662e-08
31017,2024-12-10,3,D2,4,D3,4,D3,False,1.7182822e-35,7.010193e-27,3.835934e-11,0.033053834,0.9669462,3.030631e-08
31017,2024-12-17,3,D2,4,D3,4,D3,False,1.7653342e-35,6.080575e-27,3.2058346e-11,0.028647734,0.9713523,3.383736e-08
31017,2024-12-24,3,D2,4,D3,4,D3,False,9.087166e-36,2.9801131e-27,1.4122083e-11,0.015493586,0.9845064,3.9212395e-08
31017,2024-12-31,3,D2,4,D3,4,D3,False,5.6100245e-36,2.6212053e-27,1.1551961e-11,0.011422092,0.98857784,3.8976e-08
31017,2025-01-07,3,D2,4,D3,4,D3,False,4.8000043e-36,3.4560366e-27,1.5132794e-11,0.0114834625,0.98851645,3.448497e-08
31017,2025-01-14,3,D2,4,D3,4,D3,False,4.6728605e-36,3.9636305e-27,1.753545e-11,0.011488573,0.9885113,3.5070503e-08
31017,2025-01-21,3,D2,4,D3,4,D3,False,1.12291616e-35,9.396794e-27,3.85933e-11,0.0111083705,0.9888916,6.0040676e-08
31017,2025-01-28,3,D2,4,D3,4,D3,False,1.2570565e-35,9.2375096e-27,4.0137924e-11,0.00985764,0.9901423,8.6545306e-08
31017,2025-02-04,3,D2,4,D3,4,D3,False,5.9913994e-36,4.689486e-27,2.5019044e-11,0.009227851,0.990772,8.387591e-08
31017,2025-02-11,3,D2,4,D3,4,D3,False,5.6784876e-36,4.0628667e-27,1.9997021e-11,0.008749431,0.9912505,8.620157e-08
31017,2025-02-18,3,D2,4,D3,4,D3,False,9.147173e-36,6.059608e-27,2.5368804e-11,0.010382551,0.98961735,8.466328e-08
31017,2025-02-25,3,D2,4,D3,4,D3,False,2.215029e-35,1.3875536e-26,5.4978033e-11,0.019612085,0.9803878,7.762968e-08
31017,2025-03-04,3,D2,4,D3,4,D3,False,2.410544e-35,1.07954e-26,4.031325e-11,0.021719402,0.97828054,8.577199e-08
31017,2025-03-11,3,D2,4,D3,4,D3,False,1.6578897e-35,5.624703e-27,2.2246047e-11,0.022444118,0.9775558,6.520565e-08
31017,2025-03-18,3,D2,4,D3,4,D3,False,4.191811e-35,7.451847e-27,1.9720298e-11,0.017856058,0.9821438,9.114135e-08
31017,2025-03-25,3,D2,4,D3,4,D3,False,2.6458673e-35,5.0818084e-27,1.531259e-11,0.012895707,0.98710424,7.898667e-08
31017,2025-04-01,3,D2,4,D3,4,D3,False,1.2777707e-35,2.8799736e-27,7.690439e-12,0.006890002,0.99310994,8.3630496e-08
31017,2025-04-08,2,D1,4,D3,4,D3,False,1.0570542e-35,3.1748718e-27,8.659396e-12,0.0067180158,0.99328184,7.8088625e-08
31017,2025-04-15,2,D1,4,D3,4,D3,False,1.2792881e-29,1.1142918e-22,7.896892e-10,0.017536398,0.9824625,1.0492932e-06
31017,2025-04-22,2,D1,4,D3,4,D3,False,3.2953973e-28,3.950729e-21,1.30407365e-08,0.050583526,0.9494155,1.0176262e-06
31017,2025-04-29,2,D1,4,D3,4,D3,False,1.4086734e-27,2.143108e-20,5.1916604e-08,0.088203296,0.9117956,1.0533254e-06
31017,2025-05-06,2,D1,4,D3,4,D3,False,1.878742e-27,2.5453477e-20,5.1131e-08,0.094465256,0.9055335,1.2075407e-06
31017,2025-05-13,2,D1,4,D3,4,D3,False,3.4041767e-27,3.2071634e-20,5.8327114e-08,0.12056053,0.879438,1.4164949e-06
31017,2025-05-20,2,D1,4,D3,4,D3,False,1.5784962e-26,1.7143692e-19,2.4900962e-07,0.23181161,0.7681874,7.048846e-07
31017,2025-05-27,2,D1,4,D3,3,D2,False,1.9280605e-24,3.924796e-17,4.819186e-06,0.4136992,0.5862942,1.8332552e-06
31017,2025-06-03,2,D1,3,D2,3,D2,False,1.9583977e-24,6.591997e-17,8.970493e-06,0.7042999,0.29568982,1.2473974e-06
31017,2025-06-10,2,D1,3,D2,3,D2,False,1.1480202e-24,2.1605584e-17,4.481517e-06,0.64470404,0.3552911,3.4825499e-07
31017,2025-06-17,2,D1,3,D2,3,D2,False,1.5193545e-24,2.1948e-17,1.8459446e-06,0.5350333,0.46496463,1.7861562e-07
31017,2025-06-24,2,D1,4,D3,3,D2,False,1.9841624e-25,3.4576253e-18,5.1435785e-07,0.3877956,0.6122038,1.8599519e-07
31017,2025-07-01,2,D1,4,D3,4,D3,False,2.2079041e-26,3.7141105e-19,4.8854123e-08,0.16756324,0.83243555,1.2316063e-06
31017,2025-07-08,2,D1,4,D3,4,D3,False,1.9934078e-26,3.4074715e-19,5.0520782e-08,0.14371887,0.8562801,9.65149e-07
31017,2025-07-15,1,D0,4,D3,4,D3,False,2.744168e-26,6.6600033e-19,7.923459e-08,0.15380521,0.8461933,1.3807658e-06
31017,2025-07-22,1,D0,4,D3,4,D3,False,5.802059e-17,2.0179587e-11,0.00015525507,0.36339447,0.6364156,3.4734516e-05
31017,2025-07-29,1,D0,2,D1,2,D1,False,2.661195e-06,0.0048239673,0.57189584,0.388668,0.034589175,2.0339636e-05
31017,2025-08-05,1,D0,2,D1,2,D1,False,8.7551605e-05,0.047060564,0.8772605,0.07513642,0.00045422715,6.558013e-07
31017,2025-08-12,1,D0,2,D1,2,D1,False,0.0007699285,0.15341975,0.79415584,0.051267024,0.00038354643,3.9209604e-06
31017,2025-08-19,1,D0,2,D1,2,D1,False,0.0005200304,0.21247023,0.75983375,0.027168734,7.115239e-06,1.2436814e-07
31017,2025-08-26,1,D0,2,D1,2,D1,False,0.000274126,0.1769634,0.8062369,0.016523706,1.8223801e-06,2.0646647e-08
31017,2025-09-02,1,D0,2,D1,2,D1,False,0.00032475355,0.22041719,0.7694894,0.009768495,1.4841072e-07,3.8737447e-10
31017,2025-09-09,1,D0,2,D1,2,D1,False,0.00023262054,0.2237858,0.7690951,0.0068864548,4.1076117e-08,5.673141e-11
31017,2025-09-16,1,D0,2,D1,2,D1,False,0.00020940031,0.23496465,0.7615462,0.0032796606,3.51833e-09,4.3581796e-12
31017,2025-09-23,1,D0,2,D1,2,D1,False,0.0001319292,0.21243525,0.7848046,0.0026283097,2.042986e-09,1.9996732e-12
31017,2025-09-30,1,D0,2,D1,2,D1,False,0.014844712,0.28076985,0.7024792,0.0019059848,1.0018428e-07,1.754015e-07
31017,2025-10-07,1,D0,0,None,0,None,False,0.8669642,0.13293557,9.406499e-05,1.8287837e-07,3.9003598e-07,5.588241e-06
31017,2025-10-14,1,D0,0,None,0,None,False,0.90911156,0.09088701,1.4468712e-06,2.720974e-11,6.5575667e-10,1.8497827e-08
31017,2025-10-21,0,None,0,None,0,None,True,0.9110052,0.08899412,6.0529675e-07,9.393783e-13,1.9926902e-11,5.2812865e-10
31017,2025-10-28,0,None,0,None,0,None,True,0.98047847,0.019521553,1.3111993e-08,4.2585542e-13,2.1913774e-08,2.6023296e-08
31017,2025-11-04,0,None,0,None,0,None,True,0.98712105,0.012877123,9.006954e-09,3.5178436e-12,2.1014831e-07,1.5919089e-06
31017,2025-11-11,0,None,0,None,0,None,True,0.9881054,0.011893449,5.6349747e-09,8.033436e-13,9.491451e-08,1.03743e-06
31017,2025-11-18,0,None,0,None,0,None,True,0.9869791,0.013011242,1.5978502e-08,1.3379426e-11,5.7313923e-07,8.9892665e-06
31017,2025-11-25,0,None,0,None,0,None,True,0.98652166,0.013240296,1.1125114e-07,2.4193356e-10,2.2538321e-05,0.00021530171
31017,2025-12-02,0,None,0,None,0,None,True,0.95532334,0.044675957,5.875285e-07,2.2354401e-11,4.2596156e-08,1.1513121e-07
31017,2025-12-09,0,None,0,None,0,None,True,0.95428437,0.04571383,1.2040354e-06,1.586873e-10,2.3859175e-07,3.2045003e-07
31017,2025-12-16,0,None,0,None,0,None,True,0.9810511,0.0182397,4.478159e-06,4.2939316e-08,0.00016853053,0.0005362183
31017,2025-12-23,1,D0,0,None,0,None,False,0.64371854,0.0063834246,6.189597e-06,3.4056343e-06,0.18248025,0.16740815
31017,2025-12-30,1,D0,3,D2,3,D2,False,0.002101743,0.024509478,0.1739446,0.3602241,0.316389,0.12283111
31019,2022-01-04,1,D0,3,D2,3,D2,False,1.910163e-14,2.234629e-07,0.13956457,0.85740817,0.0030270324,4.3436246e-09
31019,2022-01-11,1,D0,3,D2,3,D2,False,2.0494001e-14,2.5089304e-07,0.14494443,0.85209364,0.0029615841,3.778157e-09
31019,2022-01-18,1,D0,3,D2,3,D2,False,2.5960015e-14,3.333655e-07,0.15876138,0.8383184,0.0029199498,3.1249936e-09
31019,2022-01-25,1,D0,3,D2,3,D2,False,1.4311682e-14,1.551512e-07,0.12707955,0.868905,0.0040152087,3.7930543e-09
31019,2022-02-01,2,D1,3,D2,3,D2,False,1.0773599e-14,1.09008205e-07,0.1168385,0.87725794,0.005903424,5.380611e-09
31019,2022-02-08,2,D1,3,D2,3,D2,False,2.7780597e-15,3.837771e-08,0.086884394,0.9032157,0.009899819,6.480835e-09
31019,2022-02-15,2,D1,3,D2,3,D2,False,1.7764822e-18,1.0399771e-10,0.017082965,0.9719973,0.010919708,1.0404226e-08
31019,2022-02-22,2,D1,3,D2,3,D2,False,2.4699934e-19,1.9142564e-11,0.008515782,0.9788239,0.012660326,1.173527e-08
31019,2022-03-01,2,D1,3,D2,3,D2,False,1.3588105e-19,1.0433397e-11,0.0049385494,0.975161,0.019900456,1.8330569e-08
31019,2022-03-08,2,D1,3,D2,3,D2,False,9.239079e-20,6.001902e-12,0.0029051711,0.9743664,0.022728426,2.9439002e-08
31019,2022-03-15,2,D1,3,D2,3,D2,False,2.159963e-19,1.7270069e-11,0.0056193545,0.98694533,0.00743531,1.9607919e-08
31019,2022-03-22,2,D1,3,D2,3,D2,False,1.7300494e-20,2.0461315e-12,0.0032612064,0.98717725,0.009561564,5.852178e-09
31019,2022-03-29,3,D2,3,D2,3,D2,True,9.504319e-21,1.450851e-12,0.003042644,0.98848754,0.008469806,3.6641519e-09
31019,2022-04-05,3,D2,3,D2,3,D2,True,2.0896532e-27,4.7253226e-18,1.2802509e-05,0.8403073,0.15967984,4.7316817e-10
31019,2022-04-12,3,D2,4,D3,3,D2,True,2.2375956e-31,7.0541694e-22,2.1309863e-07,0.49636504,0.50363475,7.9700246e-10
31019,2022-04-19,3,D2,4,D3,4,D3,False,1.3671408e-33,1.813277e-24,1.670998e-09,0.08042303,0.91957694,3.5221523e-09
31019,2022-04-26,3,D2,4,D3,4,D3,False,1.4349864e-33,9.720247e-25,4.8141374e-10,0.080715515,0.9192845,3.5701355e-09
31019,2022-05-03,3,D2,4,D3,4,D3,False,3.8320505e-34,2.5772966e-25,2.0613157e-10,0.053100705,0.94689924,1.0121146e-08
31019,2022-05-10,3,D2,4,D3,4,D3,False,3.1758175e-35,1.2729429e-26,1.2419618e-11,0.01225325,0.9877467,4.7748014e-08
31019,2022-05-17,3,D2,4,D3,4,D3,False,9.816962e-35,2.2542686e-26,1.8564022e-11,0.009182241,0.99081767,6.012355e-08
31019,2022-05-24,3,D2,4,D3,4,D3,False,6.902541e-35,1.7513727e-26,1.5424178e-11,0.0061649145,0.993835,1.314594e-07
31019,2022-05-31,3,D2,4,D3,4,D3,False,6.930536e-35,1.4787754e-26,1.3385537e-11,0.005660386,0.9943395,1.544301e-07
31019,2022-06-07,3,D2,4,D3,4,D3,False,1.9748643e-34,3.2059988e-26,1.1813908e-11,0.004523607,0.99547607,3.8209015e-07
31019,2022-06-14,3,D2,4,D3,4,D3,False,4.6011736e-33,3.0173742e-25,5.0983384e-11,0.007557657,0.9924401,2.20656e-06
31019,2022-06-21,3,D2,4,D3,4,D3,False,1.6950613e-29,4.7997983e-22,5.7569736e-09,0.012731385,0.9872537,1.4918811e-05
31019,2022-06-28,3,D2,4,D3,4,D3,False,9.224152e-28,4.1691182e-20,1.5769186e-07,0.098953865,0.90104246,3.5441014e-06
31019,2022-07-05,3,D2,4,D3,4,D3,False,1.4003596e-27,7.178963e-20,2.433764e-07,0.12373339,0.87626433,2.1432338e-06
31019,2022-07-12,3,D2,4,D3,4,D3,False,7.337333e-28,3.8877864e-20,1.3214576e-07,0.0881308,0.9118668,2.2833929e-06
31019,2022-07-19,3,D2,4,D3,4,D3,False,5.3060506e-28,4.2620358e-20,1.6429779e-07,0.09566265,0.9043354,1.6658813e-06
31019,2022-07-26,2,D1,4,D3,4,D3,False,5.542255e-29,3.559467e-21,3.2648327e-08,0.047875572,0.9521218,2.6201947e-06
31019,2022-08-02,2,D1,4,D3,4,D3,False,1.3892924e-25,2.0457039e-18,5.150814e-07,0.112982556,0.88701206,4.857753e-06
31019,2022-08-09,2,D1,4,D3,4,D3,False,3.265428e-25,7.6490045e-18,1.260845e-06,0.19703987,0.80295604,2.855473e-06
31019,2022-08-16,2,D1,4,D3,4,D3,False,3.3013432e-25,1.0773273e-17,1.9645004e-06,0.29068828,0.709308,1.7666539e-06
31019,2022-08-23,2,D1,4,D3,3,D2,False,1.3551574e-24,4.207446e-17,6.5762392e-06,0.4848093,0.51518285,1.2898039e-06
31019,2022-08-30,3,D2,3,D2,3,D2,True,2.3610254e-24,6.46326e-17,1.1349444e-05,0.5577337,0.44225347,1.4543631e-06
31019,2022-09-06,3,D2,4,D3,4,D3,False,2.4697392e-30,1.2433996e-21,1.5183213e-07,0.36121172,0.6387881,2.1092902e-08
31019,2022-09-13,3,D2,4,D3,4,D3,False,2.5406412e-32,1.1064372e-23,7.397966e-09,0.11218281,0.88781714,2.885016e-08
31019,2022-09-20,3,D2,4,D3,4,D3,False,1.546323e-32,5.3924855e-24,4.4248876e-09,0.0815236,0.91847634,4.419972e-08
31019,2022-09-27,3,D2,4,D3,4,D3,False,2.3378343e-32,7.162218e-24,3.2689234e-09,0.08412684,0.9158731,3.0570437e-08
31019,2022-10-04,3,D2,4,D3,4,D3,False,4.325429e-32,8.0589565e-24,2.4993543e-09,0.07236313,0.92763686,5.0215327e-08
31019,2022-10-11,3,D2,4,D3,4,D3,False,1.1525063e-31,1.1394618e-23,2.4402085e-09,0.06347963,0.9365203,1.0435971e-07
31019,2022-10-18,3,D2,4,D3,4,D3,False,2.4577795e-31,1.6281848e-23,2.6173748e-09,0.059983745,0.94001615,1.6311415e-07
31019,2022-10-25,3,D2,4,D3,4,D3,False,3.506574e-31,1.888418e-23,2.6306635e-09,0.05655993,0.9434399,2.1314492e-07
31019,2022-11-01,3,D2,4,D3,4,D3,False,3.861935e-31,1.8750985e-23,2.4841948e-09,0.05315452,0.9468452,2.5093274e-07
31019,2022-11-08,3,D2,4,D3,4,D3,False,3.5648162e-31,1.6091565e-23,2.174917e-09,0.049282562,0.95071715,2.8931206e-07
31019,2022-11-15,3,D2,4,D3,4,D3,False,2.88517e-31,1.2069417e-23,1.7571274e-09,0.04475639,0.95524323,3.3895438e-07
31019,2022-11-22,3,D2,4,D3,4,D3,False,2.217042e-31,8.689851e-24,1.3604923e-09,0.039953686,0.96004593,3.9267704e-07
31019,2022-11-29,3,D2,4,D3,4,D3,False,1.6439383e-31,6.1712995e-24,1.0580667e-09,0.03594533,0.9640542,4.4542668e-07
31019,2022-12-06,3,D2,4,D3,4,D3,False,1.1206269e-31,4.1281123e-24,7.9681045e-10,0.032346584,0.96765286,4.9447516e-07
31019,2022-12-13,3,D2,4,D3,4,D3,False,7.6314774e-32,2.8039108e-24,6.0044497e-10,0.0294246,0.9705749,5.393346e-07
31019,2022-12-20,3,D2,4,D3,4,D3,False,5.7580985e-32,2.15958e-24,4.996103e-10,0.027865272,0.9721342,5.406294e-07
31019,2022-12-27,3,D2,4,D3,4,D3,False,4.8935847e-32,1.8237577e-24,4.1364095e-10,0.0256308,0.9743686,6.161544e-07
31019,2023-01-03,3,D2,4,D3,4,D3,False,5.901568e-32,1.7787719e-24,3.328847e-10,0.02069769,0.9793012,1.062483e-06
31019,2023-01-10,3,D2,4,D3,4,D3,False,6.581982e-32,1.771118e-24,3.0079028e-10,0.019050125,0.98094845,1.4008581e-06
31019,2023-01-17,3,D2,4,D3,4,D3,False,6.923376e-32,1.7858537e-24,2.951441e-10,0.018847909,0.98115057,1.4904235e-06
31019,2023-01-24,3,D2,4,D3,4,D3,False,6.5833996e-32,1.9935292e-24,3.6901765e-10,0.022761384,0.97723764,9.696131e-07
31019,2023-01-31,3,D2,4,D3,4,D3,False,7.8329336e-32,2.876359e-24,6.58979e-10,0.03285324,0.9671463,5.287407e-07
31019,2023-02-07,3,D2,4,D3,4,D3,False,1.497322e-31,5.701282e-24,1.2354369e-09,0.041031197,0.95896834,5.033192e-07
31019,2023-02-14,3,D2,4,D3,4,D3,False,2.1805075e-31,9.277161e-24,1.9363002e-09,0.047525816,0.95247364,5.0243636e-07
31019,2023-02-21,3,D2,4,D3,4,D3,False,2.0510916e-31,1.3080927e-23,2.7303724e-09,0.053904384,0.9460952,4.3656408e-07
31019,2023-02-28,3,D2,4,D3,4,D3,False,1.3567484e-31,1.7334619e-23,4.012943e-09,0.06549464,0.93450505,2.6996824e-07
31019,2023-03-07,3,D2,4,D3,4,D3,False,5.3990755e-32,1.895118e-23,5.8820198e-09,0.08786008,0.91213983,9.896731e-08
31019,2023-03-14,3,D2,4,D3,4,D3,False,3.7972e-32,1.8233712e-23,6.029687e-09,0.10075101,0.89924896,5.9365817e-08
31019,2023-03-21,3,D2,4,D3,4,D3,False,3.710411e-32,9.3824694e-24,3.7610146e-09,0.08021605,0.91978383,1.2592427e-07
31019,2023-03-28,3,D2,4,D3,4,D3,False,4.4285626e-31,3.470362e-23,5.107267e-09,0.07175399,0.92824566,3.1622017e-07
31019,2023-04-04,3,D2,4,D3,4,D3,False,4.518035e-31,3.5328394e-23,5.0614446e-09,0.07131681,0.9286828,3.1714788e-07
31019,2023-04-11,3,D2,4,D3,4,D3,False,4.622039e-31,3.6124557e-23,5.0168296e-09,0.070834756,0.92916495,3.196811e-07
31019,2023-04-18,3,D2,4,D3,4,D3,False,7.933187e-31,4.0732467e-23,4.377086e-09,0.062878236,0.9371212,4.8545894e-07
31019,2023-04-25,3,D2,4,D3,4,D3,False,5.3511456e-31,3.8895718e-23,4.8731628e-09,0.06892777,0.9310718,3.5585802e-07
31019,2023-05-02,3,D2,4,D3,4,D3,False,4.930427e-31,3.902983e-23,5.1514344e-09,0.07222393,0.92777574,3.3052038e-07
31019,2023-05-09,3,D2,4,D3,4,D3,False,3.2250887e-31,3.9646735e-23,6.2715646e-09,0.08514656,0.91485316,2.2586485e-07
31019,2023-05-16,3,D2,4,D3,4,D3,False,2.9423277e-31,6.344935e-23,1.0453782e-08,0.116070434,0.88392943,1.3868912e-07
31019,2023-05-23,3,D2,4,D3,4,D3,False,3.455652e-31,1.0121376e-22,1.5242597e-08,0.14653012,0.8534698,1.0335609e-07
31019,2023-05-30,3,D2,4,D3,4,D3,False,3.0367582e-31,7.45736e-23,1.1351736e-08,0.1340695,0.8659304,1.1932521e-07
31019,2023-06-06,3,D2,4,D3,4,D3,False,2.1066368e-31,4.1007962e-23,6.8461667e-09,0.10844574,0.8915541,1.5383347e-07
31019,2023-06-13,3,D2,4,D3,4,D3,False,1.0481385e-31,4.4780992e-23,9.200454e-09,0.1418702,0.85812974,7.0159935e-08
31019,2023-06-20,3,D2,4,D3,4,D3,False,1.2715274e-31,4.6969302e-23,8.7537355e-09,0.13762705,0.8623729,7.419927e-08
31019,2023-06-27,3,D2,4,D3,4,D3,False,6.1117754e-30,3.59917e-22,1.3054605e-08,0.10013281,0.8998668,4.0581412e-07
31019,2023-07-04,3,D2,4,D3,4,D3,False,1.5934583e-28,1.0768605e-20,1.1506085e-07,0.20817253,0.79182696,3.9006184e-07
31019,2023-07-11,3,D2,4,D3,4,D3,False,4.09926e-28,2.9463417e-20,2.3212294e-07,0.22335207,0.7766472,3.7156482e-07
31019,2023-07-18,3,D2,4,D3,4,D3,False,4.27712e-28,2.9832127e-20,2.3718395e-07,0.21142206,0.7885772,4.554594e-07
31019,2023-07-25,3,D2,4,D3,4,D3,False,2.6432712e-28,2.4968303e-20,2.752122e-07,0.21351919,0.78648007,5.1498307e-07
31019,2023-08-01,3,D2,4,D3,4,D3,False,1.4792762e-28,2.1056703e-20,2.8572674e-07,0.22175416,0.7782452,2.9527612e-07
31019,2023-08-08,3,D2,4,D3,4,D3,False,5.1072876e-29,9.003905e-21,1.7333959e-07,0.20664151,0.7933581,2.0780567e-07
31019,2023-08-15,3,D2,4,D3,4,D3,False,1.6632369e-29,2.0579252e-21,5.0822294e-08,0.12857336,0.87142617,4.3569327e-07
31019,2023-08-22,3,D2,4,D3,4,D3,False,4.2304815e-29,2.7630005e-21,4.3807557e-08,0.10959879,0.89040035,8.678759e-07
31019,2023-08-29,3,D2,4,D3,4,D3,False,2.1099287e-28,9.928917e-21,6.8208955e-08,0.12689544,0.873103,1.3657137e-06
31019,2023-09-05,3,D2,4,D3,4,D3,False,2.4613505e-28,1.2377631e-20,8.10814e-08,0.13755174,0.8624469,1.2590818e-06
31019,2023-09-12,3,D2,4,D3,4,D3,False,2.2499034e-28,1.1560105e-20,7.939053e-08,0.13728383,0.8627149,1.2261569e-06
31019,2023-09-19,3,D2,4,D3,4,D3,False,2.341448e-28,1.254119e-20,8.617706e-08,0.1432107,0.85678804,1.1604418e-06
31019,2023-09-26,2,D1,4,D3,4,D3,False,2.1483505e-28,1.139141e-20,8.1958284e-08,0.14093451,0.8590643,1.165565e-06
31019,2023-10-03,2,D1,4,D3,4,D3,False,3.004838e-27,1.02233313e-19,1.8729891e-07,0.16723002,0.832768,1.7975403e-06
31019,2023-10-10,2,D1,4,D3,4,D3,False,3.9556952e-27,1.4922823e-19,2.6389148e-07,0.19971374,0.8002847,1.2916288e-06
31019,2023-10-17,2,D1,4,D3,4,D3,False,6.5428855e-27,2.6914402e-19,4.4094006e-07,0.25958365,0.74041516,7.8408544e-07
31019,2023-10-24,2,D1,4,D3,4,D3,False,6.1820614e-27,2.872284e-19,5.042633e-07,0.28140107,0.7185978,6.196584e-07
31019,2023-10-31,1,D0,4,D3,4,D3,False,4.9088807e-27,2.3346886e-19,4.5591096e-07,0.2740554,0.72594357,6.017301e-07
31019,2023-11-07,1,D0,3,D2,3,D2,False,8.256913e-24,7.8169197e-17,4.587124e-06,0.57559717,0.4243969,1.3584415e-06
31019,2023-11-14,1,D0,3,D2,3,D2,False,4.3747974e-22,2.4120686e-15,2.3278506e-05,0.71132445,0.28864974,2.5505324e-06
31019,2023-11-21,1,D0,3,D2,3,D2,False,1.0012137e-21,5.537859e-15,3.8879494e-05,0.73335576,0.26660323,2.0629448e-06
31019,2023-11-28,1,D0,3,D2,3,D2,False,9.874944e-22,6.447673e-15,4.5700155e-05,0.7556487,0.24430388,1.7246218e-06
31019,2023-12-05,1,D0,3,D2,3,D2,False,7.210959e-22,5.6393205e-15,4.5950183e-05,0.7697983,0.2301543,1.4731905e-06
31019,2023-12-12,1,D0,3,D2,3,D2,False,5.5185336e-22,4.8848792e-15,4.4509e-05,0.7770152,0.22293894,1.3331113e-06
31019,2023-12-19,1,D0,3,D2,3,D2,False,4.8730985e-22,3.671131e-15,3.554164e-05,0.75677186,0.24319099,1.6002639e-06
31019,2023-12-26,1,D0,3,D2,3,D2,False,5.8876887e-22,4.0008657e-15,3.527437e-05,0.75031066,0.24965234,1.7656689e-06
31019,2024-01-02,1,D0,3,D2,3,D2,False,6.802365e-22,4.61845e-15,3.867714e-05,0.76417404,0.23578556,1.7115858e-06
31019,2024-01-09,1,D0,3,D2,3,D2,False,8.015871e-22,4.6413526e-15,3.7466903e-05,0.77169013,0.22827044,1.91861e-06
31019,2024-01-16,1,D0,3,D2,3,D2,False,1.0817968e-21,6.235716e-15,4.6915728e-05,0.80584145,0.19411002,1.6317952e-06
31019,2024-01-23,1,D0,3,D2,3,D2,False,1.3809709e-21,8.307023e-15,6.0650946e-05,0.84244233,0.15749578,1.2461928e-06
31019,2024-01-30,1,D0,3,D2,3,D2,False,1.8900732e-21,1.1864827e-14,8.104727e-05,0.8732798,0.12663822,9.292432e-07
31019,2024-02-06,0,None,3,D2,3,D2,False,2.1235065e-21,1.4104433e-14,9.6475575e-05,0.8925189,0.10738388,7.4040184e-07
31019,2024-02-13,0,None,4,D3,3,D2,False,4.1926082e-22,4.53448e-16,4.4175144e-06,0.38945806,0.6105232,1.4248643e-05
31019,2024-02-20,0,None,4,D3,4,D3,False,2.0908487e-25,1.5687884e-19,1.8224483e-08,0.040062435,0.95990884,2.872392e-05
31019,2024-02-27,0,None,4,D3,4,D3,False,2.1638681e-26,7.6971596e-21,2.5814642e-09,0.011874455,0.9880923,3.3217322e-05
31019,2024-03-05,0,None,4,D3,4,D3,False,1.1994906e-26,3.9271858e-21,1.8624213e-09,0.009826593,0.99014074,3.2610573e-05
31019,2024-03-12,0,None,4,D3,4,D3,False,1.0761112e-26,3.5723907e-21,1.8635375e-09,0.009820244,0.99014854,3.1129137e-05
31019,2024-03-19,0,None,4,D3,4,D3,False,9.9985855e-27,3.3873933e-21,1.82716e-09,0.009553979,0.99041545,3.0542382e-05
31019,2024-03-26,0,None,4,D3,4,D3,False,1.2675105e-26,4.139341e-21,2.1026314e-09,0.010155934,0.98981327,3.0778298e-05
31019,2024-04-02,0,None,4,D3,4,D3,False,1.046323e-21,6.2274053e-18,8.146104e-09,0.0090311,0.9899503,0.0010185775
31019,2024-04-09,0,None,4,D3,4,D3,False,8.5065587e-17,4.3573776e-15,3.8193125e-08,0.008765439,0.95924664,0.03198788
31019,2024-04-16,0,None,4,D3,4,D3,False,1.0668843e-15,1.3792512e-14,2.7805715e-08,0.004849619,0.9365178,0.058632586
31019,2024-04-23,0,None,4,D3,4,D3,False,1.0356049e-15,1.2520124e-14,2.703326e-08,0.0048031164,0.9472697,0.047927223
31019,2024-04-30,0,None,4,D3,4,D3,False,1.7099816e-14,1.12688e-13,5.653835e-08,0.0056177424,0.9344149,0.059967227
31019,2024-05-07,0,None,0,None,0,None,True,0.97368187,0.023604514,2.2916596e-05,6.5194045e-06,0.00062085123,0.002063364
31019,2024-05-14,0,None,0,None,0,None,True,0.98320216,0.016515026,2.9088562e-06,3.5219776e-07,6.4670996e-05,0.00021489426
31019,2024-05-21,0,None,0,None,0,None,True,0.9769125,0.023085004,2.2927357e-07,4.790766e-10,4.5416738e-07,1.7404304e-06
31019,2024-05-28,0,None,0,None,0,None,True,0.9841882,0.015811747,4.9981357e-09,6.703476e-14,5.7857976e-09,3.6263355e-08
31019,2024-06-04,0,None,0,None,0,None,True,0.98410726,0.015892692,3.764078e-09,4.2673727e-14,5.122384e-09,3.4087776e-08
31019,2024-06-11,0,None,0,None,0,None,True,0.98013306,0.019866899,4.6345203e-09,2.270999e-14,1.4845795e-09,1.3632528e-08
31019,2024-06-18,0,None,0,None,0,None,True,0.9835886,0.01641109,1.1772527e-08,8.3927375e-13,4.461001e-08,3.415142e-07
31019,2024-06-25,0,None,0,None,0,None,True,0.9897984,0.010130897,6.877903e-08,1.403438e-10,6.5732706e-06,6.3936415e-05
31019,2024-07-02,0,None,0,None,0,None,True,0.98966354,0.009918419,2.4384124e-07,1.4261913e-09,4.5141114e-05,0.0003725673
31019,2024-07-09,0,None,0,None,0,None,True,0.97887385,0.0086763855,9.3830107e-07,6.4964745e-08,0.002776506,0.009672205
31019,2024-07-16,0,None,0,None,0,None,True,0.9519715,0.008266376,1.6766754e-06,3.644203e-07,0.012567652,0.027192464
31019,2024-07-23,0,None,0,None,0,None,True,0.4497785,0.003487793,2.8282093e-06,1.1271549e-05,0.22946547,0.31725416
31019,2024-07-30,0,None,5,D4,5,D4,False,0.0005979004,5.5406013e-06,2.3326957e-07,0.00016707036,0.3828419,0.61638737
31019,2024-08-06,0,None,5,D4,5,D4,False,0.00059546554,5.666506e-06,2.5279022e-07,0.00018287422,0.40075085,0.59846497
31019,2024-08-13,0,None,0,None,0,None,True,0.9189526,0.0077301203,2.6681585e-06,1.1381655e-06,0.032571398,0.04074219
31019,2024-08-20,0,None,0,None,0,None,True,0.937311,0.007931625,2.6671473e-06,9.294101e-07,0.022548646,0.032205135
31019,2024-08-27,0,None,0,None,0,None,True,0.93946594,0.007991093,2.6479188e-06,9.147348e-07,0.02162919,0.030910118
31019,2024-09-03,0,None,0,None,0,None,True,0.9379106,0.006200236,1.3860308e-06,7.49355e-07,0.020180248,0.035706725
31019,2024-09-10,0,None,0,None,0,None,True,0.9471612,0.006302113,1.2452241e-06,6.295046e-07,0.017039074,0.029495725
31019,2024-09-17,0,None,0,None,0,None,True,0.93781406,0.0062798196,1.1520192e-06,6.9555165e-07,0.021800969,0.03410335
31019,2024-09-24,0,None,0,None,0,None,True,0.93246293,0.0058588968,1.0775697e-06,8.2007983e-07,0.026377307,0.035298903
31019,2024-10-01,1,D0,0,None,0,None,False,0.80000657,0.004781574,1.4598289e-06,4.1617845e-06,0.100767545,0.09443869
31019,2024-10-08,2,D1,4,D3,4,D3,False,1.16291616e-07,7.0445395e-07,6.7271234e-05,0.01910844,0.83183044,0.14899312
31019,2024-10-15,2,D1,3,D2,3,D2,False,6.8228456e-14,1.6790587e-08,0.008165104,0.9185406,0.07329305,1.2248894e-06
31019,2024-10-22,2,D1,3,D2,3,D2,False,7.371793e-18,9.562829e-12,0.0010562913,0.8645607,0.13438213,8.382078e-07
31019,2024-10-29,3,D2,3,D2,3,D2,True,4.6375484e-20,1.397105e-13,0.00021159925,0.7043351,0.2954509,2.3873358e-06
31019,2024-11-05,3,D2,4,D3,4,D3,False,1.05833635e-29,8.787282e-22,2.1580158e-08,0.11163268,0.88836694,3.85629e-07
31019,2024-11-12,3,D2,4,D3,4,D3,False,5.1646793e-31,4.4139298e-23,3.114923e-09,0.06306169,0.93693787,4.6403147e-07
31019,2024-11-19,2,D1,4,D3,4,D3,False,1.7691941e-31,1.4612798e-23,1.5314654e-09,0.048444342,0.9515552,5.0597464e-07
31019,2024-11-26,2,D1,4,D3,4,D3,False,1.6764047e-23,5.4971346e-17,3.8011644e-06,0.32296774,0.6770188,9.594094e-06
31019,2024-12-03,2,D1,3,D2,3,D2,False,8.478438e-21,8.116394e-14,0.00020722176,0.7450713,0.2547172,4.257035e-06
31019,2024-12-10,2,D1,3,D2,3,D2,False,4.199526e-20,5.6313884e-13,0.00049291656,0.83314055,0.16636404,2.5246316e-06
31019,2024-12-17,2,D1,3,D2,3,D2,False,5.3405924e-20,8.7928265e-13,0.0006440578,0.86289644,0.13645768,1.870701e-06
31019,2024-12-24,2,D1,3,D2,3,D2,False,5.8587536e-20,1.2353635e-12,0.0008381599,0.8802667,0.11889382,1.378141e-06
31019,2024-12-31,2,D1,3,D2,3,D2,False,6.4118757e-20,2.619006e-12,0.0013497245,0.909462,0.08918786,4.5198698e-07
31019,2025-01-07,2,D1,3,D2,3,D2,False,1.269276e-19,7.715159e-12,0.0024101732,0.927636,0.06995358,2.5369974e-07
31019,2025-01-14,2,D1,3,D2,3,D2,False,2.5462237e-19,2.234657e-11,0.0039811367,0.93999475,0.056024,1.5430089e-07
31019,2025-01-21,2,D1,3,D2,3,D2,False,2.1288875e-19,2.1568646e-11,0.0038502158,0.9398984,0.05625129,1.2498364e-07
31019,2025-01-28,2,D1,3,D2,3,D2,False,1.2036502e-19,1.0650479e-11,0.0024373268,0.92770106,0.06986142,1.7396225e-07
31019,2025-02-04,2,D1,3,D2,3,D2,False,2.1183977e-19,1.456744e-11,0.0030546507,0.93199766,0.064947516,2.3068753e-07
31019,2025-02-11,2,D1,3,D2,3,D2,False,2.351876e-19,1.5724894e-11,0.0035328965,0.94290847,0.05355835,2.4323256e-07
31019,2025-02-18,2,D1,3,D2,3,D2,False,6.437168e-20,7.616501e-12,0.002965564,0.96433204,0.032702267,1.2986116e-07
31019,2025-02-25,2,D1,3,D2,3,D2,False,2.3885393e-20,2.2671335e-12,0.0017526916,0.96957606,0.028671205,9.227776e-08
31019,2025-03-04,2,D1,3,D2,3,D2,False,1.9144565e-20,1.534008e-12,0.0015104008,0.9697576,0.028731817,8.068964e-08
31019,2025-03-11,2,D1,3,D2,3,D2,False,2.0991892e-20,1.6880916e-12,0.0016410343,0.9707016,0.027657302,6.303924e-08
31019,2025-03-18,2,D1,3,D2,3,D2,False,3.4465013e-20,2.9649165e-12,0.0023359924,0.9711837,0.026480347,5.2044545e-08
31019,2025-03-25,2,D1,3,D2,3,D2,False,1.4578155e-19,1.0702248e-11,0.0046286634,0.97740835,0.01796298,4.1779792e-08
31019,2025-04-01,2,D1,3,D2,3,D2,False,2.3474743e-18,8.0801484e-11,0.0070740287,0.9767617,0.01616413,6.504106e-08
31019,2025-04-08,2,D1,3,D2,3,D2,False,2.4669715e-17,3.264293e-10,0.013018275,0.9715987,0.0153829185,7.529389e-08
31019,2025-04-15,2,D1,3,D2,3,D2,False,1.496119e-18,6.102781e-11,0.0115607325,0.97984123,0.008598083,8.403866e-09
31019,2025-04-22,2,D1,3,D2,3,D2,False,3.2724312e-20,4.759844e-12,0.004797719,0.9902254,0.0049768873,4.6549045e-09
31019,2025-04-29,2,D1,3,D2,3,D2,False,6.1883534e-21,2.6618825e-13,0.000600557,0.9655154,0.033884127,1.6791526e-08
31019,2025-05-06,3,D2,3,D2,3,D2,True,1.187788e-21,3.8875258e-14,9.4710915e-05,0.8432091,0.15669605,2.2830486e-07
31019,2025-05-13,3,D2,4,D3,4,D3,False,1.3194913e-29,2.1662493e-20,2.5676337e-07,0.23199318,0.7680065,1.32967894e-08
31019,2025-05-20,3,D2,4,D3,4,D3,False,5.917607e-35,7.2996987e-25,1.450199e-09,0.062091455,0.93790853,1.7579199e-09
31019,2025-05-27,3,D2,4,D3,4,D3,False,2.9932612e-35,3.3832067e-25,1.3970488e-09,0.05307923,0.94692075,3.13322e-09
31019,2025-06-03,3,D2,4,D3,4,D3,False,1.6232295e-34,3.2847751e-25,5.9512273e-10,0.017313216,0.98268676,1.6859477e-08
31019,2025-06-10,3,D2,4,D3,4,D3,False,3.8934485e-34,5.09941e-25,5.696804e-10,0.016653603,0.98334634,2.6767566e-08
31019,2025-06-17,3,D2,4,D3,4,D3,False,1.2436597e-33,7.493481e-25,5.4352856e-10,0.013503202,0.98649675,5.3989424e-08
31019,2025-06-24,3,D2,4,D3,4,D3,False,8.947309e-33,3.611058e-24,1.2319611e-09,0.012685458,0.9873145,7.9990585e-08
31019,2025-07-01,1,D0,4,D3,4,D3,False,6.884417e-32,1.8703158e-23,2.8030733e-09,0.0131710535,0.98682874,1.5278566e-07
31019,2025-07-08,1,D0,4,D3,3,D2,False,1.0468332e-21,9.277115e-15,5.7441153e-05,0.44854322,0.5513936,5.7236953e-06
31019,2025-07-15,0,None,3,D2,3,D2,False,9.584874e-15,1.620436e-08,0.06678581,0.8688192,0.06439479,1.8349667e-07
31019,2025-07-22,0,None,0,None,0,None,True,0.671693,0.2938341,0.013802411,0.0012278915,0.011695116,0.007747414
31019,2025-07-29,0,None,0,None,0,None,True,0.93524176,0.06475493,9.721384e-07,1.3478162e-09,1.0950122e-06,1.1935327e-06
31019,2025-08-05,0,None,0,None,0,None,True,0.9717855,0.028213277,2.4498759e-08,1.1335156e-11,3.8465893e-07,8.423578e-07
31019,2025-08-12,0,None,0,None,0,None,True,0.9798365,0.020150347,1.1092925e-08,6.050258e-12,3.8630074e-06,9.297439e-06
31019,2025-08-19,0,None,0,None,0,None,True,0.9864987,0.012849145,9.801612e-09,3.0028972e-11,0.00016386958,0.00048832357
31019,2025-08-26,1,D0,0,None,0,None,False,0.98634803,0.013588864,5.5569394e-09,7.1043458e-12,2.3294057e-05,3.9805724e-05
31019,2025-09-02,1,D0,0,None,0,None,False,0.93366206,0.0663356,1.2548359e-06,1.3542395e-09,7.486067e-07,4.058066e-07
31019,2025-09-09,1,D0,4,D3,5,D4,False,0.025239922,0.123790294,0.07200516,0.018979391,0.40203103,0.35795426
31019,2025-09-16,1,D0,5,D4,5,D4,False,0.025537707,0.1265147,0.10191849,0.017791577,0.10571409,0.62252355
31019,2025-09-23,0,None,5,D4,5,D4,False,0.008283348,0.079423614,0.081625044,0.016015612,0.08321226,0.7314401
31019,2025-09-30,0,None,0,None,0,None,True,0.94749606,0.052503675,1.8078534e-07,1.4213922e-11,2.2233149e-08,4.3825555e-08
31019,2025-10-07,0,None,0,None,0,None,True,0.9849294,0.015070568,2.3881121e-08,1.5165678e-11,4.2096307e-08,3.130051e-08
31019,2025-10-14,0,None,0,None,0,None,True,0.9853867,0.014613274,5.888143e-09,1.0355241e-12,1.4213835e-08,4.368861e-08
31019,2025-10-21,0,None,0,None,0,None,True,0.9773537,0.022646315,2.645763e-09,1.9819085e-14,3.2944183e-10,1.5574237e-09
31019,2025-10-28,0,None,0,None,0,None,True,0.978268,0.02173197,4.625719e-09,5.3103636e-14,1.0607837e-09,9.478099e-09
31019,2025-11-04,0,None,0,None,0,None,True,0.9794057,0.020594181,1.9958428e-08,2.1448028e-12,2.7294925e-08,1.2816741e-07
31019,2025-11-11,0,None,0,None,0,None,True,0.9812438,0.018754477,4.2825867e-08,1.6078645e-11,3.1384934e-07,1.380737e-06
31019,2025-11-18,0,None,0,None,0,None,True,0.99068844,0.005999713,3.002256e-07,2.524812e-08,0.0006229033,0.0026886424
31019,2025-11-25,1,D0,0,None,0,None,False,0.61545295,0.0027746533,8.612046e-07,2.853252e-06,0.1444428,0.23732576
31019,2025-12-02,1,D0,4,D3,4,D3,False,4.0780627e-08,2.9255781e-07,6.6522036e-05,0.018779198,0.77539307,0.20576087
31019,2025-12-09,1,D0,3,D2,3,D2,False,3.3196902e-05,0.0026709032,0.20180511,0.63966143,0.15043958,0.0053897263
31019,2025-12-16,1,D0,2,D1,2,D1,False,0.00079585507,0.06629934,0.8068219,0.11935354,0.0066325436,9.676037e-05
31019,2025-12-23,1,D0,2,D1,2,D1,False,0.00056762487,0.13568643,0.83662266,0.026958954,0.00016380509,5.4507865e-07
31019,2025-12-30,1,D0,2,D1,2,D1,False,6.331014e-06,0.011492922,0.88251513,0.10331789,0.0026673358,4.3765098e-07
31021,2022-01-04,0,None,0,None,0,None,True,0.7538361,0.003805583,3.954761e-07,3.6985713e-07,0.1156067,0.1267509
31021,2022-01-11,0,None,0,None,0,None,True,0.7212096,0.003542562,2.8677553e-07,3.1476222e-07,0.15425129,0.120995976
31021,2022-01-18,0,None,4,D3,4,D3,False,0.0040205573,1.3753412e-05,4.3190753e-09,1.8658014e-07,0.5683288,0.42763668
31021,2022-01-25,0,None,5,D4,5,D4,False,7.280079e-05,2.0649028e-07,2.3216959e-10,5.580044e-08,0.4960092,0.50391775
31021,2022-02-01,1,D0,4,D3,4,D3,False,1.1642356e-05,4.7676796e-08,1.6478813e-10,6.951596e-08,0.573334,0.42665422
31021,2022-02-08,2,D1,5,D4,5,D4,False,1.2880359e-10,4.9663797e-11,7.9171464e-10,3.8835983e-06,0.48748302,0.5125131
31021,2022-02-15,2,D1,4,D3,4,D3,False,1.4800034e-14,9.928239e-11,7.06571e-05,0.21066079,0.787189,0.002079573
31021,2022-02-22,2,D1,3,D2,3,D2,False,9.498884e-18,4.0649892e-12,0.0005280465,0.8631306,0.13633455,6.6754988e-06
31021,2022-03-01,2,D1,3,D2,3,D2,False,3.054993e-17,4.2248913e-11,0.00239043,0.95516354,0.042444643,1.3642046e-06
31021,2022-03-08,2,D1,3,D2,3,D2,False,5.8532036e-18,1.5929166e-11,0.0015007324,0.9504684,0.04802962,1.2393642e-06
31021,2022-03-15,3,D2,3,D2,3,D2,True,2.7654566e-19,1.2710903e-12,0.0005832125,0.9537513,0.045665078,4.7275157e-07
31021,2022-03-22,3,D2,4,D3,4,D3,False,4.9939563e-30,8.0905473e-22,4.2565098e-08,0.25414398,0.7458559,5.9494678e-08
31021,2022-03-29,3,D2,4,D3,4,D3,False,1.02490875e-32,5.234945e-24,4.4271316e-09,0.13660365,0.8633963,1.0575483e-08
31021,2022-04-05,3,D2,4,D3,4,D3,False,9.305628e-34,3.7330772e-25,2.717252e-10,0.072643004,0.927357,1.2486616e-08
31021,2022-04-12,3,D2,4,D3,4,D3,False,4.9901974e-35,1.5867655e-26,3.2296e-11,0.032998525,0.96700144,2.676283e-08
31021,2022-04-19,3,D2,4,D3,4,D3,False,1.6875374e-35,4.9608577e-27,6.93368e-12,0.013353739,0.9866462,9.2674654e-08
31021,2022-04-26,3,D2,4,D3,4,D3,False,7.0458905e-36,6.798493e-28,1.2119024e-12,0.004519812,0.9954798,3.2412112e-07
31021,2022-05-03,3,D2,4,D3,4,D3,False,1.2147009e-34,1.0662276e-26,8.1124985e-12,0.0060277823,0.99397165,5.6341025e-07
31021,2022-05-10,2,D1,4,D3,4,D3,False,1.8877887e-34,2.0302759e-26,1.4343063e-11,0.006674182,0.99332523,5.049028e-07
31021,2022-05-17,2,D1,4,D3,4,D3,False,2.7359055e-31,1.4297762e-23,3.4858974e-10,0.019156601,0.98084235,1.0758635e-06
31021,2022-05-24,2,D1,4,D3,4,D3,False,1.1783255e-30,7.032535e-23,1.7647597e-09,0.04318895,0.95681024,7.9939053e-07
31021,2022-05-31,2,D1,4,D3,4,D3,False,1.6637289e-28,4.8437047e-21,1.7438168e-08,0.10510215,0.8948946,3.2165315e-06
31021,2022-06-07,2,D1,4,D3,4,D3,False,9.9245144e-29,2.1359542e-21,4.6236655e-09,0.0244473,0.9754921,6.0561415e-05
31021,2022-06-14,2,D1,4,D3,4,D3,False,1.2586778e-28,4.413809e-21,5.7232516e-08,0.07661912,0.9233717,9.143036e-06
31021,2022-06-21,2,D1,4,D3,4,D3,False,1.1013343e-27,4.655683e-20,3.6589427e-07,0.19150156,0.8084954,2.6515809e-06
31021,2022-06-28,2,D1,4,D3,4,D3,False,3.9641471e-28,2.0773176e-20,1.4145286e-07,0.09631833,0.90367365,7.9080955e-06
31021,2022-07-05,2,D1,4,D3,4,D3,False,1.1941723e-29,1.2589086e-21,4.6024066e-08,0.14450547,0.8554928,1.7039141e-06
31021,2022-07-12,2,D1,4,D3,4,D3,False,1.428824e-29,1.5681372e-21,2.9755716e-08,0.20700887,0.7929908,3.148057e-07
31021,2022-07-19,2,D1,4,D3,4,D3,False,6.6411067e-31,3.7020772e-23,1.4520196e-09,0.06733228,0.9326671,6.2952375e-07
31021,2022-07-26,2,D1,4,D3,4,D3,False,4.3230474e-31,1.54946e-23,7.715748e-10,0.04944158,0.9505576,8.6279425e-07
31021,2022-08-02,3,D2,4,D3,4,D3,False,2.5182277e-30,9.88544e-23,3.2658074e-09,0.10767048,0.892329,5.393333e-07
31021,2022-08-09,3,D2,4,D3,4,D3,False,7.4559646e-34,1.4833618e-25,3.141175e-10,0.05773177,0.94226825,4.2099245e-08
31021,2022-08-16,3,D2,4,D3,4,D3,False,2.1826177e-34,2.4673221e-26,5.7857708e-11,0.019392453,0.9806075,5.57404e-08
31021,2022-08-23,3,D2,4,D3,4,D3,False,2.2421627e-33,9.4036614e-26,6.8426195e-11,0.014025881,0.98597395,1.3375849e-07
31021,2022-08-30,3,D2,4,D3,4,D3,False,1.9958867e-33,5.0589406e-26,5.040274e-11,0.011981693,0.98801804,2.3303585e-07
31021,2022-09-06,3,D2,4,D3,4,D3,False,6.859604e-33,1.6349586e-25,1.0269531e-10,0.01564269,0.98435706,3.2032514e-07
31021,2022-09-13,3,D2,4,D3,4,D3,False,1.2115198e-31,1.4202186e-24,1.6456066e-10,0.013772894,0.98622596,1.1857418e-06
31021,2022-09-20,3,D2,4,D3,4,D3,False,3.5222917e-31,6.5537503e-24,5.3391647e-10,0.016209012,0.9837895,1.4103426e-06
31021,2022-09-27,3,D2,4,D3,4,D3,False,8.85817e-31,1.2344316e-23,4.456552e-10,0.015958365,0.9840397,1.955418e-06
31021,2022-10-04,3,D2,4,D3,4,D3,False,1.8655562e-31,1.7123873e-24,8.4292996e-11,0.0073109427,0.9926851,3.9532006e-06
31021,2022-10-11,3,D2,4,D3,4,D3,False,1.1298893e-30,5.8334564e-24,1.452089e-10,0.0085146995,0.99147964,5.594879e-06
31021,2022-10-18,4,D3,4,D3,4,D3,True,5.8008817e-31,2.0278817e-24,6.07202e-11,0.00396615,0.99602085,1.3033015e-05
31021,2022-10-25,4,D3,4,D3,4,D3,True,3.5811887e-31,1.7877896e-26,2.5948178e-13,8.474606e-05,0.9996828,0.00023254582
31021,2022-11-01,4,D3,4,D3,4,D3,True,2.472718e-31,1.894913e-26,3.9062712e-13,0.00016211136,0.9997359,0.00010197668
31021,2022-11-08,4,D3,4,D3,4,D3,True,1.3984119e-31,1.9748147e-26,8.396519e-13,0.0003668898,0.99957186,6.1207575e-05
31021,2022-11-15,4,D3,4,D3,4,D3,True,7.5779353e-31,9.687246e-27,3.465224e-13,0.00065714936,0.9992137,0.00012919099
31021,2022-11-22,4,D3,4,D3,4,D3,True,1.6536974e-31,1.6074755e-27,6.7262405e-14,0.00041041907,0.99952376,6.5864304e-05
31021,2022-11-29,4,D3,4,D3,4,D3,True,3.2765612e-32,2.6485408e-28,1.5329152e-14,0.0002504105,0.9996767,7.288472e-05
31021,2022-12-06,4,D3,4,D3,4,D3,True,2.5693421e-33,2.6100076e-29,1.3452548e-15,6.0882558e-05,0.9996778,0.00026140112
31021,2022-12-13,4,D3,4,D3,4,D3,True,3.8267128e-33,3.8502656e-29,1.7524738e-15,5.5860273e-05,0.99973375,0.00021038184
31021,2022-12-20,4,D3,4,D3,4,D3,True,2.1774271e-33,3.1235993e-29,1.5901034e-15,4.008795e-05,0.999684,0.00027590312
31021,2022-12-27,4,D3,4,D3,4,D3,True,6.0677046e-33,1.1097916e-28,2.5976533e-15,5.3971435e-05,0.99960274,0.0003433633
31021,2023-01-03,4,D3,4,D3,4,D3,True,1.6133351e-32,2.8805443e-28,6.3107415e-15,8.987417e-05,0.9996972,0.00021293438
31021,2023-01-10,4,D3,4,D3,4,D3,True,1.2459428e-31,1.2726343e-27,2.0517435e-14,0.00011910843,0.99949884,0.00038197587
31021,2023-01-17,4,D3,4,D3,4,D3,True,4.5615434e-31,8.110534e-27,9.0133576e-14,0.00022384114,0.99921775,0.00055838603
31021,2023-01-24,4,D3,4,D3,4,D3,True,1.7189882e-30,2.6994885e-26,6.2495385e-14,8.472438e-05,0.9918424,0.008072939
31021,2023-01-31,4,D3,4,D3,4,D3,True,7.172653e-30,8.0884787e-26,3.6871791e-13,0.00021623792,0.9976221,0.0021617205
31021,2023-02-07,4,D3,4,D3,4,D3,True,8.415496e-30,1.3778209e-25,6.2782765e-13,0.00048985094,0.99926883,0.00024136236
31021,2023-02-14,4,D3,4,D3,4,D3,True,1.0988692e-29,1.9091382e-25,9.0885383e-13,0.0005877123,0.99920005,0.00021226214
31021,2023-02-21,4,D3,4,D3,4,D3,True,2.2192152e-29,4.338529e-25,1.985908e-12,0.00085379026,0.9989549,0.00019125966
31021,2023-02-28,4,D3,4,D3,4,D3,True,1.0507871e-28,1.8081777e-24,4.8210828e-12,0.0013329375,0.9984836,0.00018353472
31021,2023-03-07,4,D3,4,D3,4,D3,True,5.9734673e-29,7.4828244e-25,2.85554e-12,0.001143525,0.9986278,0.00022871899
31021,2023-03-14,4,D3,4,D3,4,D3,True,8.7928687e-29,6.292149e-25,1.9809527e-12,0.0009237347,0.9987664,0.00030987366
31021,2023-03-21,4,D3,4,D3,4,D3,True,8.840033e-29,6.2246667e-25,2.0006588e-12,0.0009542901,0.9987374,0.0003082818
31021,2023-03-28,4,D3,4,D3,4,D3,True,1.3522054e-28,1.1262406e-24,3.4514839e-12,0.0012527332,0.99846077,0.0002864843
31021,2023-04-04,4,D3,4,D3,4,D3,True,1.9275557e-28,1.4104263e-24,3.5362355e-12,0.0012026144,0.9984768,0.00032061813
31021,2023-04-11,4,D3,4,D3,4,D3,True,1.7610337e-28,5.314569e-25,8.0534125e-13,0.00050317,0.99896014,0.0005366391
31021,2023-04-18,4,D3,4,D3,4,D3,True,1.602833e-28,4.742821e-25,7.121423e-13,0.00051136053,0.9989404,0.0005482908
31021,2023-04-25,4,D3,4,D3,4,D3,True,1.5014207e-28,4.48894e-25,6.7940526e-13,0.000507237,0.9989404,0.00055232656
31021,2023-05-02,4,D3,4,D3,4,D3,True,2.36427e-28,1.3848313e-24,2.1286935e-12,0.0008928746,0.9987061,0.00040107305
31021,2023-05-09,4,D3,4,D3,4,D3,True,1.9565609e-28,1.35666425e-24,2.1813037e-12,0.0008697146,0.99874073,0.00038952616
31021,2023-05-16,3,D2,4,D3,4,D3,False,1.0004363e-28,9.109337e-25,1.8111595e-12,0.0008012105,0.99887925,0.00031954443
31021,2023-05-23,3,D2,4,D3,4,D3,False,2.395654e-27,1.6580133e-23,1.1299234e-11,0.0018780237,0.99779105,0.00033097286
31021,2023-05-30,3,D2,4,D3,4,D3,False,6.473148e-27,3.5464192e-22,1.2188776e-10,0.005937731,0.9938737,0.00018856631
31021,2023-06-06,4,D3,4,D3,4,D3,True,1.4907562e-27,5.078154e-23,3.2809866e-11,0.0036440103,0.9961482,0.00020771648
31021,2023-06-13,4,D3,4,D3,4,D3,True,6.35444e-30,2.8508903e-25,2.3272038e-12,0.001510084,0.9983327,0.0001572609
31021,2023-06-20,4,D3,4,D3,4,D3,True,6.150601e-30,3.4105985e-25,2.463612e-12,0.0015098307,0.99832135,0.00016874241
31021,2023-06-27,4,D3,4,D3,4,D3,True,5.557724e-30,4.0061596e-25,2.8254968e-12,0.001644224,0.998195,0.00016074315
31021,2023-07-04,4,D3,4,D3,4,D3,True,3.7051898e-30,3.6404294e-25,2.9430612e-12,0.0017721434,0.9980831,0.00014474733
31021,2023-07-11,4,D3,4,D3,4,D3,True,2.0319573e-30,2.3966216e-25,2.4667935e-12,0.0017160639,0.99814737,0.00013660891
31021,2023-07-18,4,D3,4,D3,4,D3,True,1.4234402e-30,1.6530261e-25,1.9155166e-12,0.0014244999,0.99843293,0.00014255318
31021,2023-07-25,4,D3,4,D3,4,D3,True,1.5651565e-30,1.5242508e-25,1.6648512e-12,0.0012177974,0.9986305,0.00015167236
31021,2023-08-01,4,D3,4,D3,4,D3,True,1.13095995e-30,1.2065562e-25,1.571137e-12,0.0011914896,0.9987006,0.000107919994
31021,2023-08-08,3,D2,4,D3,4,D3,False,9.872354e-31,1.0830986e-25,1.4724239e-12,0.0010799957,0.99881136,0.00010863003
31021,2023-08-15,3,D2,4,D3,4,D3,False,2.7777632e-28,1.3953827e-22,1.6467333e-10,0.009556211,0.99042565,1.8158338e-05
31021,2023-08-22,3,D2,4,D3,4,D3,False,1.9886414e-29,3.9148658e-23,3.1018527e-10,0.016600868,0.9833936,5.5908217e-06
31021,2023-08-29,3,D2,4,D3,4,D3,False,6.0800638e-30,2.7340875e-23,4.794588e-10,0.021752752,0.97824407,3.2413727e-06
31021,2023-09-05,3,D2,4,D3,4,D3,False,4.8280096e-30,3.2735677e-23,6.333158e-10,0.0235251,0.9764716,3.33011e-06
31021,2023-09-12,3,D2,4,D3,4,D3,False,1.8751283e-30,1.168966e-23,3.154556e-10,0.014499831,0.98549545,4.7774547e-06
31021,2023-09-19,3,D2,4,D3,4,D3,False,6.177066e-31,2.9050325e-24,1.04621714e-10,0.007819234,0.99217343,7.324592e-06
31021,2023-09-26,3,D2,4,D3,4,D3,False,3.925674e-31,1.7215542e-24,6.9273566e-11,0.0065968176,0.99339575,7.516167e-06
31021,2023-10-03,3,D2,4,D3,4,D3,False,4.0849374e-31,1.5791786e-24,5.96306e-11,0.0064787827,0.9935134,7.895076e-06
31021,2023-10-10,3,D2,4,D3,4,D3,False,5.8482316e-31,1.855849e-24,5.9270214e-11,0.0073193004,0.99267185,8.931753e-06
31021,2023-10-17,3,D2,4,D3,4,D3,False,2.486343e-32,2.1119433e-25,2.6496307e-11,0.0074820044,0.99251467,3.3097353e-06
31021,2023-10-24,3,D2,4,D3,4,D3,False,4.907173e-32,3.5124594e-25,3.5394455e-11,0.008057459,0.9919384,4.0694604e-06
31021,2023-10-31,3,D2,4,D3,4,D3,False,8.0076327e-32,4.79833e-25,4.2613114e-11,0.008490793,0.99150413,5.019083e-06
31021,2023-11-07,3,D2,4,D3,4,D3,False,8.6611276e-32,3.4207338e-25,1.7537262e-11,0.006569645,0.99342406,6.2552035e-06
31021,2023-11-14,3,D2,4,D3,4,D3,False,8.640925e-32,3.4142006e-25,1.759169e-11,0.0065701674,0.99342346,6.2977642e-06
31021,2023-11-21,3,D2,4,D3,4,D3,False,8.632322e-32,3.3932428e-25,1.7510203e-11,0.006551644,0.99344194,6.3533807e-06
31021,2023-11-28,3,D2,4,D3,4,D3,False,8.655342e-32,3.3867268e-25,1.7448536e-11,0.0065359958,0.9934576,6.414705e-06
31021,2023-12-05,3,D2,4,D3,4,D3,False,8.7723564e-32,3.4328532e-25,1.756911e-11,0.006542525,0.993451,6.4631236e-06
31021,2023-12-12,3,D2,4,D3,4,D3,False,8.885453e-32,3.6190177e-25,1.9179727e-11,0.0067927134,0.9932011,6.2332515e-06
31021,2023-12-19,3,D2,4,D3,4,D3,False,9.051642e-32,6.995925e-25,6.6956767e-11,0.011860267,0.98813605,3.6343986e-06
31021,2023-12-26,3,D2,4,D3,4,D3,False,8.58151e-32,9.082431e-25,1.15220444e-10,0.015141747,0.9848555,2.8003901e-06
31021,2024-01-02,3,D2,4,D3,4,D3,False,8.149827e-32,9.362445e-25,1.2301436e-10,0.0152324075,0.98476493,2.6089976e-06
31021,2024-01-09,3,D2,4,D3,4,D3,False,7.4146416e-32,8.513841e-25,1.1614218e-10,0.014966182,0.9850311,2.6837042e-06
31021,2024-01-16,2,D1,4,D3,4,D3,False,6.4459814e-32,8.791773e-25,1.261661e-10,0.014748937,0.98524874,2.2938189e-06
31021,2024-01-23,2,D1,4,D3,4,D3,False,5.5150863e-25,1.218683e-18,2.0698295e-07,0.15139343,0.84860104,5.2996197e-06
31021,2024-01-30,2,D1,3,D2,3,D2,False,1.6777054e-21,2.5287088e-14,9.122613e-05,0.7609838,0.23892178,3.2175326e-06
31021,2024-02-06,2,D1,3,D2,3,D2,False,6.0515237e-21,1.247898e-13,0.00021134394,0.86028737,0.13949928,2.0411712e-06
31021,2024-02-13,2,D1,3,D2,3,D2,False,7.832878e-21,1.7647547e-13,0.00024759994,0.87817353,0.121577166,1.7200344e-06
31021,2024-02-20,2,D1,3,D2,3,D2,False,7.272848e-21,1.7026905e-13,0.00023592642,0.8845032,0.1152594,1.4249713e-06
31021,2024-02-27,2,D1,3,D2,3,D2,False,7.079391e-21,1.766966e-13,0.0002344314,0.89289564,0.10686872,1.1185704e-06
31021,2024-03-05,2,D1,3,D2,3,D2,False,7.218912e-21,1.9300574e-13,0.00024174491,0.8990377,0.10071956,9.602285e-07
31021,2024-03-12,2,D1,3,D2,3,D2,False,8.072893e-21,2.3783815e-13,0.00026917068,0.90473044,0.094999515,8.643665e-07
31021,2024-03-19,2,D1,3,D2,3,D2,False,8.26202e-21,2.5723504e-13,0.000277722,0.9039836,0.09573777,9.392887e-07
31021,2024-03-26,1,D0,3,D2,3,D2,False,9.770759e-21,3.3251331e-13,0.00032077628,0.906844,0.09283424,9.976928e-07
31021,2024-04-02,1,D0,3,D2,3,D2,False,5.2764325e-12,3.0340284e-06,0.2795857,0.6920291,0.028377319,4.7927974e-06
31021,2024-04-09,1,D0,2,D1,2,D1,False,1.2038445e-05,0.06297434,0.9333182,0.0036947874,6.065998e-07,4.3004316e-09
31021,2024-04-16,1,D0,2,D1,2,D1,False,2.0406535e-05,0.09142121,0.90621144,0.0023468412,1.3063143e-07,1.1706635e-09
31021,2024-04-23,1,D0,2,D1,2,D1,False,2.6218768e-05,0.11044132,0.8877515,0.0017809533,3.859189e-08,3.7552042e-10
31021,2024-04-30,0,None,2,D1,2,D1,False,5.4048753e-05,0.13763839,0.8597061,0.0026014308,4.0568697e-08,2.8670202e-10
31021,2024-05-07,0,None,0,None,0,None,True,0.8444206,0.15557697,2.2923364e-06,2.4552002e-10,6.6193913e-09,4.1320845e-08
31021,2024-05-14,0,None,0,None,0,None,True,0.95577043,0.044229586,7.0526385e-09,4.049464e-13,2.3306561e-09,1.7382852e-08
31021,2024-05-21,0,None,0,None,0,None,True,0.9592538,0.040746227,2.1455085e-10,2.168077e-17,2.5780328e-12,1.14369514e-10
31021,2024-05-28,0,None,0,None,0,None,True,0.98417664,0.015823381,8.980576e-11,2.9726138e-17,3.4876328e-11,7.230883e-10
31021,2024-06-04,0,None,0,None,0,None,True,0.9676002,0.032399777,2.7050892e-10,3.9352075e-17,3.7110884e-11,3.7883574e-10
31021,2024-06-11,0,None,0,None,0,None,True,0.98002154,0.019978506,6.0176836e-10,1.2399933e-15,3.2759675e-09,1.8091827e-08
31021,2024-06-18,0,None,0,None,0,None,True,0.9770776,0.02292237,1.7701185e-09,4.885081e-15,8.298012e-09,3.378604e-08
31021,2024-06-25,0,None,0,None,0,None,True,0.9908054,0.006519526,2.3032868e-08,5.1810733e-11,0.00014832527,0.0025267187
31021,2024-07-02,0,None,0,None,0,None,True,0.63345534,0.0028090647,8.372624e-08,6.3684973e-09,0.024187477,0.33954796
31021,2024-07-09,0,None,5,D4,0,None,True,0.43817124,0.0024031424,1.6191085e-07,6.311194e-08,0.0833408,0.47608456
31021,2024-07-16,0,None,5,D4,5,D4,False,0.0068302173,2.8128028e-05,1.852566e-08,3.0265593e-07,0.12752649,0.8656148
31021,2024-07-23,0,None,5,D4,5,D4,False,0.0007596306,3.3050355e-06,6.5333974e-09,4.6364212e-07,0.12717634,0.8720603
31021,2024-07-30,0,None,5,D4,5,D4,False,0.17655104,0.00097513356,2.6937155e-07,1.3731255e-07,0.11490852,0.7075648
31021,2024-08-06,0,None,0,None,0,None,True,0.9145031,0.006869653,2.9649793e-06,4.3775384e-07,0.027112218,0.051511597
31021,2024-08-13,0,None,0,None,0,None,True,0.92830557,0.006649185,2.741289e-06,3.5137856e-07,0.020244345,0.044797808
31021,2024-08-20,1,D0,0,None,0,None,False,0.94832927,0.006808732,2.5469014e-06,2.5142623e-07,0.012743031,0.0321161
31021,2024-08-27,1,D0,4,D3,4,D3,False,7.206797e-08,8.593217e-07,0.00016775483,0.034784827,0.6460523,0.3189942
31021,2024-09-03,1,D0,3,D2,3,D2,False,0.00017539141,0.019698774,0.4446263,0.51016587,0.024858354,0.00047542938
31021,2024-09-10,1,D0,2,D1,2,D1,False,2.3692542e-06,0.004479955,0.5977237,0.39318705,0.00460515,1.6883569e-06
31021,2024-09-17,2,D1,2,D1,2,D1,True,1.2318516e-07,0.0012424188,0.57370496,0.4223715,0.0026807827,2.6759588e-07
31021,2024-09-24,2,D1,3,D2,3,D2,False,1.3098271e-14,7.371719e-08,0.0790616,0.9142178,0.006720434,1.1315725e-08
31021,2024-10-01,3,D2,3,D2,3,D2,True,3.2133287e-18,1.5556054e-10,0.0161908,0.97845733,0.005351899,7.0910335e-09
31021,2024-10-08,3,D2,3,D2,3,D2,True,1.4166366e-29,9.841371e-20,2.5843929e-06,0.6550654,0.34493196,1.066464e-09
31021,2024-10-15,3,D2,3,D2,3,D2,True,9.309337e-33,4.753102e-22,2.0190203e-07,0.590286,0.40971372,3.2323272e-10
31021,2024-10-22,3,D2,3,D2,3,D2,True,5.670868e-33,1.7403207e-22,1.0871378e-07,0.50624377,0.49375606,7.4079537e-10
31021,2024-10-29,3,D2,4,D3,3,D2,True,6.618325e-33,9.441562e-23,7.2810884e-08,0.46736163,0.5326383,1.3412423e-09
31021,2024-11-05,3,D2,4,D3,3,D2,True,1.476955e-32,7.9107685e-23,5.641883e-08,0.39723393,0.6027659,3.4712837e-09
31021,2024-11-12,3,D2,4,D3,4,D3,False,1.5859264e-31,1.3674887e-22,4.0597126e-08,0.24701905,0.7529809,1.9288533e-08
31021,2024-11-19,2,D1,4,D3,4,D3,False,2.4249346e-31,1.8611082e-22,4.872923e-08,0.25210953,0.74789035,2.495648e-08
31021,2024-11-26,2,D1,4,D3,3,D2,False,5.8599385e-24,2.9739456e-17,3.816087e-06,0.45377982,0.54621476,1.5960092e-06
31021,2024-12-03,2,D1,3,D2,3,D2,False,2.1337179e-20,4.301473e-13,0.000841944,0.9432794,0.05587826,4.7544322e-07
31021,2024-12-10,2,D1,3,D2,3,D2,False,9.477964e-20,3.819749e-12,0.0022406029,0.97249424,0.025264926,1.7477096e-07
31021,2024-12-17,2,D1,3,D2,3,D2,False,1.7770714e-19,7.0440203e-12,0.0027877935,0.97109705,0.026115006,2.1441183e-07
31021,2024-12-24,2,D1,3,D2,3,D2,False,2.501759e-19,5.4454063e-12,0.0019397913,0.9483244,0.04973486,1.004905e-06
31021,2024-12-31,2,D1,3,D2,3,D2,False,2.4817303e-19,4.2231106e-12,0.0011746438,0.89905113,0.0997724,1.7773493e-06
31021,2025-01-07,2,D1,3,D2,3,D2,False,1.3643883e-19,2.8468354e-12,0.000900408,0.8321857,0.1669108,3.0270787e-06
31021,2025-01-14,2,D1,3,D2,3,D2,False,1.4977374e-19,3.723055e-12,0.0014446169,0.8580907,0.14046165,3.0430192e-06
31021,2025-01-21,2,D1,3,D2,3,D2,False,3.3796483e-19,1.0516857e-11,0.0028217933,0.8600307,0.13714401,3.488589e-06
31021,2025-01-28,2,D1,3,D2,3,D2,False,5.97955e-19,2.2004839e-11,0.004361173,0.86659896,0.1290365,3.2900052e-06
31021,2025-02-04,2,D1,3,D2,3,D2,False,7.510069e-19,2.9784696e-11,0.0052447636,0.8717397,0.12301245,3.118573e-06
31021,2025-02-11,2,D1,3,D2,3,D2,False,5.957151e-19,2.4537941e-11,0.0050591785,0.8751941,0.119743936,2.8572251e-06
31021,2025-02-18,2,D1,3,D2,3,D2,False,6.274134e-19,3.1200653e-11,0.005891642,0.8956185,0.0984882,1.6745747e-06
31021,2025-02-25,2,D1,3,D2,3,D2,False,4.0252558e-19,2.4442651e-11,0.005642967,0.92796654,0.06638993,5.839236e-07
31021,2025-03-04,2,D1,3,D2,3,D2,False,5.40907e-19,2.8116856e-11,0.0055149724,0.94144994,0.053034768,3.6776433e-07
31021,2025-03-11,2,D1,3,D2,3,D2,False,4.354893e-19,1.774223e-11,0.0035778705,0.951466,0.044955757,2.9269742e-07
31021,2025-03-18,2,D1,3,D2,3,D2,False,1.276751e-19,4.3523947e-12,0.0016309051,0.9346131,0.0637554,5.2686767e-07
31021,2025-03-25,1,D0,3,D2,3,D2,False,7.792918e-20,2.8139368e-12,0.0011379467,0.92182577,0.07703572,5.727552e-07
31021,2025-04-01,1,D0,3,D2,3,D2,False,1.2342398e-11,9.407537e-06,0.2896003,0.68844914,0.021938037,3.138031e-06
31021,2025-04-08,1,D0,2,D1,2,D1,False,9.20782e-06,0.096006386,0.8970248,0.0069592544,3.8477262e-07,1.128766e-09
31021,2025-04-15,1,D0,2,D1,2,D1,False,1.8539076e-05,0.13858221,0.86054426,0.0008549413,6.3668577e-09,9.2880766e-11
31021,2025-04-22,1,D0,2,D1,2,D1,False,1.9125138e-05,0.13313328,0.8665367,0.0003108892,3.8000207e-09,1.9697653e-11
31021,2025-04-29,1,D0,2,D1,2,D1,False,1.1391474e-05,0.08351945,0.91564554,0.0008236256,7.667287e-09,1.8284584e-11
31021,2025-05-06,1,D0,2,D1,2,D1,False,1.7709326e-05,0.120366335,0.8788622,0.00075379235,5.9278564e-09,1.6188913e-11
31021,2025-05-13,2,D1,2,D1,2,D1,True,2.4164783e-05,0.11366449,0.8852787,0.0010326721,5.351348e-09,1.1583756e-11
31021,2025-05-20,1,D0,3,D2,3,D2,False,2.6617948e-17,1.0807842e-09,0.023957305,0.9649221,0.011120663,6.019215e-09
31021,2025-05-27,1,D0,3,D2,3,D2,False,2.944911e-14,2.96105e-07,0.15563795,0.8388493,0.005512436,2.0814529e-08
31021,2025-06-03,1,D0,2,D1,2,D1,False,5.3763133e-06,0.046517286,0.9205467,0.032929577,1.106559e-06,3.2186262e-10
31021,2025-06-10,1,D0,2,D1,2,D1,False,1.300887e-05,0.06126973,0.92106813,0.017648492,6.5944835e-07,1.703979e-10
31021,2025-06-17,1,D0,2,D1,2,D1,False,4.1312476e-05,0.08912804,0.8958549,0.01497527,4.5629585e-07,1.3006655e-10
31021,2025-06-24,1,D0,2,D1,2,D1,False,5.841543e-05,0.08618562,0.89151084,0.02224427,8.748044e-07,2.6731156e-10
31021,2025-07-01,0,None,2,D1,2,D1,False,4.686633e-05,0.058885086,0.9096557,0.03140365,8.615596e-06,2.9945188e-08
31021,2025-07-08,0,None,0,None,0,None,True,0.9181833,0.08138173,1.7151033e-05,1.5648744e-06,0.0001661303,0.00025007935
31021,2025-07-15,0,None,0,None,0,None,True,0.979388,0.020407045,2.8298151e-08,7.303525e-10,6.1833874e-05,0.00014312455
31021,2025-07-22,0,None,0,None,0,None,True,0.97293067,0.027067803,4.776557e-10,2.7525942e-14,1.2412602e-07,1.3938967e-06
31021,2025-07-29,0,None,0,None,0,None,True,0.99070215,0.009279332,2.9015976e-10,7.95195e-14,2.406124e-06,1.6138962e-05
31021,2025-08-05,0,None,0,None,0,None,True,0.977966,0.022032857,9.2227037e-10,2.6814217e-14,1.7004763e-07,1.0618887e-06
31021,2025-08-12,0,None,0,None,0,None,True,0.9857588,0.014215965,1.4092405e-09,1.3892164e-13,2.2171955e-06,2.3025403e-05
31021,2025-08-19,0,None,0,None,0,None,True,0.96205217,0.03794666,2.6776643e-09,1.417949e-14,8.7871314e-08,1.1011398e-06
31021,2025-08-26,0,None,0,None,0,None,True,0.9893528,0.009601187,2.555776e-08,1.9967687e-11,6.915976e-05,0.0009769116
31021,2025-09-02,0,None,0,None,0,None,True,0.49987653,0.0021738932,1.23076e-07,2.0089194e-08,0.039279982,0.4586694
31021,2025-09-09,0,None,0,None,0,None,True,0.9438969,0.007947612,9.37748e-07,1.9259393e-07,0.012342322,0.035812028
31021,2025-09-16,0,None,5,D4,0,None,True,0.40616703,0.0022889522,2.0126984e-06,1.3243737e-05,0.11758004,0.47394872
31021,2025-09-23,0,None,5,D4,5,D4,False,0.021970382,0.00011230015,5.4748205e-07,3.9382652e-05,0.24910003,0.72877735
31021,2025-09-30,0,None,0,None,0,None,True,0.8953849,0.00542194,1.6964491e-06,3.220368e-07,0.025721602,0.07346958
31021,2025-10-07,0,None,0,None,0,None,True,0.87361,0.0051062177,1.7019547e-06,3.850361e-07,0.03446642,0.08681525
31021,2025-10-14,0,None,0,None,0,None,True,0.9049855,0.0053506447,1.5156331e-06,3.062637e-07,0.025804827,0.063857265
31021,2025-10-21,0,None,0,None,0,None,True,0.9684037,0.006612604,9.55497e-07,1.1291145e-07,0.007270207,0.017712472
31021,2025-10-28,0,None,0,None,0,None,True,0.9789259,0.0053872583,3.4564775e-07,2.5130019e-08,0.003799233,0.011887293
31021,2025-11-04,0,None,0,None,0,None,True,0.9819217,0.0055679544,3.1834307e-07,8.322455e-08,0.004826978,0.007682963
31021,2025-11-11,0,None,0,None,0,None,True,0.9744167,0.0054268884,2.538293e-07,6.95304e-08,0.007157514,0.012998665
31021,2025-11-18,0,None,0,None,0,None,True,0.97760165,0.005029669,2.7392355e-07,7.2234826e-08,0.006282866,0.011085477
31021,2025-11-25,0,None,0,None,0,None,True,0.89969236,0.0040193675,3.5828876e-07,2.844409e-07,0.03925371,0.057034034
31021,2025-12-02,0,None,5,D4,5,D4,False,0.0023179646,7.722662e-06,5.3945755e-09,3.9262287e-07,0.48531473,0.5123592
31021,2025-12-09,0,None,4,D3,5,D4,False,0.007999175,2.800588e-05,1.37717295e-08,6.017301e-07,0.5105109,0.48146132
31021,2025-12-16,0,None,4,D3,4,D3,False,0.0017428749,6.5118493e-06,3.395015e-09,2.4033082e-07,0.58393586,0.41431445
31021,2025-12-23,0,None,4,D3,4,D3,False,0.0019540046,7.215407e-06,2.8593528e-09,1.6441284e-07,0.587559,0.4104797
31021,2025-12-30,0,None,4,D3,4,D3,False,0.027465671,0.00014442335,2.425797e-08,3.78531e-07,0.68506336,0.28732613
31023,2022-01-04,0,None,0,None,0,None,True,0.8604405,0.0045067025,2.7764352e-07,1.5809998e-07,0.07148152,0.06357081
31023,2022-01-11,0,None,0,None,0,None,True,0.56784964,0.0026264135,2.0654913e-07,2.7799368e-07,0.21997,0.2095534
31023,2022-01-18,0,None,5,D4,5,D4,False,0.08501762,0.000259569,2.7133712e-08,1.02846776e-07,0.39258793,0.5221348
31023,2022-01-25,1,D0,5,D4,5,D4,False,0.0012814554,3.6438623e-06,1.0702738e-09,2.5315918e-08,0.3866477,0.6120672
31023,2022-02-01,1,D0,5,D4,5,D4,False,4.9923325e-12,6.068533e-11,4.229572e-09,2.1495187e-05,0.4699294,0.5300491
31023,2022-02-08,2,D1,4,D3,4,D3,False,2.120648e-07,1.6767372e-05,0.0028998982,0.06681237,0.65434474,0.275926
31023,2022-02-15,2,D1,3,D2,3,D2,False,6.3541145e-16,2.563144e-10,0.0016277364,0.8232973,0.17506556,9.280972e-06
31023,2022-02-22,2,D1,3,D2,3,D2,False,3.6332105e-20,3.7027676e-14,3.328325e-05,0.56285256,0.4371035,1.0581294e-05
31023,2022-03-01,2,D1,3,D2,3,D2,False,1.5631508e-20,4.9217297e-14,5.996633e-05,0.7971031,0.2028344,2.560776e-06
31023,2022-03-08,2,D1,3,D2,3,D2,False,3.568706e-20,6.7109634e-14,5.1223837e-05,0.65794355,0.34199417,1.1094858e-05
31023,2022-03-15,3,D2,3,D2,3,D2,True,3.350366e-20,1.6143223e-13,0.00021539173,0.8696905,0.13009146,2.6498535e-06
31023,2022-03-22,3,D2,4,D3,4,D3,False,8.645778e-31,2.3710039e-22,2.5923514e-08,0.12866127,0.87133867,7.311703e-08
31023,2022-03-29,3,D2,4,D3,4,D3,False,1.052257e-31,5.4118496e-23,2.1118051e-08,0.23245984,0.76754016,6.882511e-08
31023,2022-04-05,3,D2,4,D3,4,D3,False,1.6922089e-32,7.074232e-24,8.191708e-09,0.1826364,0.81736356,2.433067e-08
31023,2022-04-12,3,D2,4,D3,4,D3,False,2.2351687e-33,4.2736826e-25,2.6347077e-10,0.05589456,0.94410545,2.6097629e-08
31023,2022-04-19,3,D2,4,D3,4,D3,False,3.8017055e-34,4.527935e-26,3.5966306e-11,0.028536057,0.97146386,7.201211e-08
31023,2022-04-26,3,D2,4,D3,4,D3,False,2.6956554e-34,2.0450362e-26,1.02789695e-11,0.012074735,0.98792493,3.7939506e-07
31023,2022-05-03,2,D1,4,D3,4,D3,False,1.2537219e-33,4.2520256e-26,1.3752691e-11,0.009919596,0.99007976,6.6863396e-07
31023,2022-05-10,2,D1,4,D3,4,D3,False,7.385668e-27,1.09445285e-20,5.016271e-09,0.030654542,0.96933806,7.3466385e-06
31023,2022-05-17,2,D1,4,D3,4,D3,False,4.678083e-24,4.012197e-17,8.6468634e-07,0.1675787,0.8324139,6.5402087e-06
31023,2022-05-24,2,D1,4,D3,4,D3,False,8.1442214e-23,7.280906e-16,3.0144195e-06,0.23138328,0.76859754,1.6144963e-05
31023,2022-05-31,2,D1,4,D3,4,D3,False,6.68382e-22,2.3848894e-15,6.5371164e-06,0.29227474,0.707615,0.00010378307
31023,2022-06-07,2,D1,3,D2,3,D2,False,3.217706e-20,1.192088e-13,5.3592463e-05,0.6093068,0.39054626,9.3390016e-05
31023,2022-06-14,1,D0,3,D2,3,D2,False,1.96597e-20,1.272882e-13,6.657035e-05,0.6984808,0.3013905,6.22363e-05
31023,2022-06-21,0,None,3,D2,3,D2,False,1.3189901e-12,4.2917793e-07,0.07205127,0.8612534,0.066635504,5.943948e-05
31023,2022-06-28,0,None,0,None,0,None,True,0.7289585,0.25229722,0.0026448893,1.3053845e-05,0.00042491514,0.015661458
31023,2022-07-05,0,None,0,None,0,None,True,0.9301649,0.06983452,7.7426726e-08,1.12898596e-13,9.575922e-09,5.4350795e-07
31023,2022-07-12,0,None,0,None,0,None,True,0.893211,0.10678887,5.5646815e-08,4.8007205e-14,1.6445136e-10,2.0818132e-09
31023,2022-07-19,0,None,0,None,0,None,True,0.9546991,0.045300853,1.52187e-08,1.302235e-13,3.801559e-09,4.385396e-08
31023,2022-07-26,1,D0,0,None,0,None,False,0.9303796,0.06962027,2.248408e-08,2.2204536e-13,1.4411647e-08,4.5454794e-08
31023,2022-08-02,1,D0,4,D3,4,D3,False,1.1945691e-06,4.4310964e-06,4.4161225e-05,0.0025456813,0.9416543,0.055750176
31023,2022-08-09,2,D1,3,D2,3,D2,False,3.5441784e-17,6.7351858e-12,0.0002987075,0.6826766,0.3170236,1.0507738e-06
31023,2022-08-16,2,D1,4,D3,4,D3,False,1.3854711e-27,1.16510885e-20,3.4478635e-08,0.16696928,0.83303,6.876689e-07
31023,2022-08-23,2,D1,4,D3,4,D3,False,1.8525994e-27,5.5590738e-21,7.031902e-09,0.08577935,0.91422,7.33295e-07
31023,2022-08-30,2,D1,4,D3,4,D3,False,1.8812638e-27,3.1641559e-21,3.3697374e-09,0.042039637,0.95795906,1.2895848e-06
31023,2022-09-06,2,D1,4,D3,4,D3,False,5.5371528e-30,2.404559e-22,3.4412493e-09,0.04324789,0.9567519,2.8751703e-07
31023,2022-09-13,2,D1,4,D3,4,D3,False,1.0611397e-30,1.7937339e-22,5.019547e-09,0.05762747,0.9423724,1.0966726e-07
31023,2022-09-20,3,D2,4,D3,4,D3,False,1.6499263e-30,3.2600857e-22,8.416186e-09,0.06369393,0.9363059,1.5818402e-07
31023,2022-09-27,3,D2,4,D3,4,D3,False,6.962737e-34,1.6229669e-24,2.0349886e-09,0.0694183,0.93058175,1.5100682e-08
31023,2022-10-04,3,D2,4,D3,4,D3,False,6.8370195e-35,6.5160256e-26,1.8120637e-10,0.015726589,0.98427343,3.9216953e-08
31023,2022-10-11,3,D2,4,D3,4,D3,False,4.331591e-34,1.2881675e-25,1.5512147e-10,0.0089601055,0.9910398,1.13621795e-07
31023,2022-10-18,3,D2,4,D3,4,D3,False,3.1657833e-33,3.4261504e-25,1.8084874e-10,0.0059776874,0.9940221,2.405634e-07
31023,2022-10-25,3,D2,4,D3,4,D3,False,4.7439153e-30,3.0454926e-24,2.8307658e-11,0.0014737285,0.9985216,4.605493e-06
31023,2022-11-01,3,D2,4,D3,4,D3,False,4.5003044e-31,2.9809126e-25,7.791388e-12,0.0012311186,0.99875605,1.2784196e-05
31023,2022-11-08,4,D3,4,D3,4,D3,True,1.4971751e-31,7.313892e-26,3.5545037e-12,0.0028377129,0.9971551,7.1643517e-06
31023,2022-11-15,4,D3,4,D3,4,D3,True,1.2038637e-31,7.67566e-27,2.4538623e-13,0.00093947176,0.9990402,2.0318113e-05
31023,2022-11-22,4,D3,4,D3,4,D3,True,1.5295836e-31,4.3103695e-27,1.304504e-13,0.0005514445,0.99941695,3.1648906e-05
31023,2022-11-29,4,D3,4,D3,4,D3,True,1.9835242e-32,4.5411377e-28,1.8928862e-14,0.00020307339,0.9997259,7.1029084e-05
31023,2022-12-06,4,D3,4,D3,4,D3,True,1.828292e-32,6.094825e-28,1.3150614e-14,9.999645e-05,0.9997911,0.00010891239
31023,2022-12-13,4,D3,4,D3,4,D3,True,1.6957877e-32,6.4472383e-28,1.3134777e-14,7.2407274e-05,0.999782,0.0001455626
31023,2022-12-20,4,D3,4,D3,4,D3,True,1.7297301e-32,7.405151e-28,1.6245243e-14,8.974893e-05,0.99973327,0.00017700756
31023,2022-12-27,4,D3,4,D3,4,D3,True,1.010118e-31,4.347841e-27,3.594466e-14,0.0001585715,0.9996269,0.00021456479
31023,2023-01-03,4,D3,4,D3,4,D3,True,1.4905392e-31,4.4715475e-27,7.0940236e-14,0.00020936986,0.9996517,0.00013899132
31023,2023-01-10,4,D3,4,D3,4,D3,True,1.444534e-30,4.2403887e-26,4.2309803e-13,0.00044009698,0.99936336,0.00019656318
31023,2023-01-17,4,D3,4,D3,4,D3,True,5.1939344e-30,1.154135e-25,3.9884732e-13,0.00021853628,0.99715817,0.0026233525
31023,2023-01-24,4,D3,4,D3,4,D3,True,9.7323626e-29,1.7684147e-24,4.304125e-12,0.0004740132,0.9968317,0.0026943025
31023,2023-01-31,4,D3,4,D3,4,D3,True,8.844361e-29,1.4963862e-24,4.596843e-12,0.00062907796,0.9982967,0.0010743083
31023,2023-02-07,4,D3,4,D3,4,D3,True,1.1351675e-28,3.221707e-24,1.1097994e-11,0.0018915739,0.9980046,0.00010383584
31023,2023-02-14,4,D3,4,D3,4,D3,True,4.2469163e-28,1.3394017e-23,3.183327e-11,0.0031964758,0.9967116,9.1958165e-05
31023,2023-02-21,4,D3,4,D3,4,D3,True,1.2640424e-27,5.0760902e-23,8.631184e-11,0.005248436,0.9946615,9.002658e-05
31023,2023-02-28,4,D3,4,D3,4,D3,True,2.622075e-27,1.4489297e-22,1.9069743e-10,0.008192698,0.9917354,7.190484e-05
31023,2023-03-07,4,D3,4,D3,4,D3,True,2.0682878e-27,9.489113e-23,1.4432187e-10,0.0072046625,0.99270296,9.2439506e-05
31023,2023-03-14,4,D3,4,D3,4,D3,True,3.660799e-27,1.2899123e-22,1.8238731e-10,0.007362203,0.9925283,0.00010951033
31023,2023-03-21,4,D3,4,D3,4,D3,True,4.324766e-27,1.4139284e-22,2.0638645e-10,0.0075622713,0.9923057,0.00013207589
31023,2023-03-28,4,D3,4,D3,4,D3,True,5.0385274e-27,1.4446238e-22,2.1596226e-10,0.0071875653,0.9926165,0.00019589264
31023,2023-04-04,4,D3,4,D3,4,D3,True,3.9080354e-27,1.1522496e-22,2.0131716e-10,0.0072373147,0.9925472,0.00021550838
31023,2023-04-11,4,D3,4,D3,4,D3,True,2.9845e-27,8.3572366e-23,1.7215486e-10,0.0064840424,0.9932755,0.00024042964
31023,2023-04-18,4,D3,4,D3,4,D3,True,4.2354624e-27,7.279174e-23,1.7151094e-10,0.0050967215,0.9945728,0.0003305122
31023,2023-04-25,5,D4,4,D3,4,D3,False,6.3158103e-27,8.6652376e-23,1.6567081e-10,0.004166504,0.9954201,0.00041345033
31023,2023-05-02,5,D4,4,D3,4,D3,False,1.2913339e-27,2.248694e-24,1.3108692e-12,0.00016832714,0.9983246,0.001507131
31023,2023-05-09,5,D4,4,D3,4,D3,False,7.093679e-27,1.1872176e-23,3.3287381e-12,0.00028437856,0.9974444,0.0022712552
31023,2023-05-16,5,D4,4,D3,4,D3,False,2.667423e-26,3.7454523e-23,6.390274e-12,0.0005547416,0.9965282,0.002917041
31023,2023-05-23,5,D4,4,D3,4,D3,False,6.864852e-26,6.0185076e-23,7.533953e-12,0.00061731605,0.9956204,0.0037622314
31023,2023-05-30,5,D4,5,D4,5,D4,True,1.6512361e-18,4.867511e-18,1.2801023e-12,9.596243e-07,0.16688038,0.8331186
31023,2023-06-06,5,D4,5,D4,5,D4,True,2.883415e-19,1.4187088e-18,2.6232995e-13,3.0747296e-07,0.091222554,0.9087771
31023,2023-06-13,5,D4,5,D4,5,D4,True,4.7501626e-21,1.9805034e-20,6.179821e-15,7.8730984e-08,0.15115868,0.84884125
31023,2023-06-20,5,D4,5,D4,5,D4,True,4.3927424e-24,1.1067687e-23,9.8735835e-18,4.899698e-10,0.05797025,0.9420297
31023,2023-06-27,5,D4,5,D4,5,D4,True,1.2335826e-22,1.9956601e-22,2.1547451e-16,8.477775e-09,0.21748322,0.7825168
31023,2023-07-04,5,D4,5,D4,5,D4,True,3.734111e-21,2.0274766e-21,6.1219566e-16,6.2556555e-09,0.12864566,0.8713543
31023,2023-07-11,4,D3,5,D4,5,D4,False,1.1763766e-19,7.2182003e-20,1.5223191e-14,4.578613e-08,0.08285259,0.9171474
31023,2023-07-18,4,D3,4,D3,4,D3,True,2.753182e-29,1.0459812e-25,5.4680686e-15,3.1002768e-05,0.9939116,0.006057372
31023,2023-07-25,4,D3,4,D3,4,D3,True,4.338458e-27,3.456142e-24,1.812065e-14,3.0087536e-05,0.98631513,0.013654857
31023,2023-08-01,4,D3,4,D3,4,D3,True,2.5355153e-27,5.423741e-24,1.4103542e-13,0.00021017456,0.9977691,0.0020207195
31023,2023-08-08,4,D3,4,D3,4,D3,True,4.1639573e-28,2.9567513e-24,1.847048e-12,0.0009141778,0.9986016,0.00048426024
31023,2023-08-15,4,D3,4,D3,4,D3,True,2.2858078e-28,2.360064e-24,4.543256e-12,0.001532687,0.99815255,0.00031469803
31023,2023-08-22,4,D3,4,D3,4,D3,True,6.500872e-29,9.36238e-25,3.1173883e-12,0.0013460388,0.99835217,0.0003018194
31023,2023-08-29,4,D3,4,D3,4,D3,True,1.5320412e-29,1.0330728e-24,4.2484436e-12,0.0017436355,0.99807054,0.00018588672
31023,2023-09-05,4,D3,4,D3,4,D3,True,5.9837316e-30,5.9866013e-25,3.3718137e-12,0.0016098057,0.9982362,0.00015394567
31023,2023-09-12,4,D3,4,D3,4,D3,True,4.613427e-30,3.6085116e-25,2.29278e-12,0.001219507,0.99862194,0.00015859197
31023,2023-09-19,5,D4,4,D3,4,D3,False,2.7968302e-30,2.568246e-25,1.9493161e-12,0.0009495794,0.9989309,0.000119499135
31023,2023-09-26,5,D4,4,D3,4,D3,False,1.29031e-29,5.910593e-26,1.2945382e-13,0.00012799552,0.9988439,0.001028091
31023,2023-10-03,5,D4,4,D3,4,D3,False,6.066566e-30,1.24283025e-26,1.6986604e-14,3.2132943e-05,0.9979621,0.0020057184
31023,2023-10-10,5,D4,4,D3,4,D3,False,4.9555095e-30,1.0221067e-26,1.2321605e-14,2.8197492e-05,0.9979705,0.0020012262
31023,2023-10-17,5,D4,4,D3,4,D3,False,8.162559e-30,1.6352729e-26,1.3056872e-14,3.84637e-05,0.99725866,0.0027028134
31023,2023-10-24,5,D4,4,D3,4,D3,False,5.78559e-29,6.72651e-26,2.2332764e-14,3.8438506e-05,0.9955264,0.0044351434
31023,2023-10-31,5,D4,4,D3,4,D3,False,5.7895924e-28,3.7912682e-25,2.8986216e-14,3.5998655e-05,0.9929554,0.0070086885
31023,2023-11-07,5,D4,4,D3,4,D3,False,8.645404e-27,2.746238e-24,1.3156771e-14,1.5087819e-05,0.9851179,0.014867007
31023,2023-11-14,5,D4,4,D3,4,D3,False,1.5684308e-25,2.4050406e-23,8.809567e-15,7.6128526e-06,0.96732324,0.032669086
31023,2023-11-21,5,D4,4,D3,4,D3,False,3.9320727e-25,4.8460663e-23,7.674999e-15,5.9643226e-06,0.9578431,0.04215088
31023,2023-11-28,5,D4,4,D3,4,D3,False,5.184906e-25,5.9837757e-23,7.412665e-15,5.553502e-06,0.9545934,0.045400996
31023,2023-12-05,5,D4,4,D3,4,D3,False,5.672131e-25,6.381711e-23,7.324041e-15,5.419591e-06,0.95367616,0.046318438
31023,2023-12-12,5,D4,4,D3,4,D3,False,5.8872887e-25,6.5668e-23,7.29754e-15,5.3612707e-06,0.953028,0.046966575
31023,2023-12-19,5,D4,4,D3,4,D3,False,6.0476197e-25,6.699323e-23,7.3248335e-15,5.3358044e-06,0.95267034,0.047324304
31023,2023-12-26,5,D4,4,D3,4,D3,False,6.091292e-25,6.748088e-23,7.327132e-15,5.316843e-06,0.9522934,0.04770125
31023,2024-01-02,4,D3,4,D3,4,D3,True,5.1638283e-25,5.895573e-23,6.679542e-15,5.3256276e-06,0.9550529,0.04494172
31023,2024-01-09,4,D3,4,D3,4,D3,True,2.4774194e-26,1.4959813e-23,1.2404259e-14,2.265491e-05,0.98646265,0.013514692
31023,2024-01-16,4,D3,4,D3,4,D3,True,1.9901113e-25,1.213228e-22,5.014191e-14,3.661476e-05,0.9911259,0.008837519
31023,2024-01-23,3,D2,4,D3,4,D3,False,3.692247e-24,2.1841605e-21,3.4384553e-13,0.00010068319,0.9906329,0.009266397
31023,2024-01-30,3,D2,4,D3,4,D3,False,1.1408043e-24,1.487353e-20,2.502187e-11,0.002539961,0.99711764,0.00034240584
31023,2024-02-06,3,D2,4,D3,4,D3,False,4.9598195e-25,1.9181692e-20,1.126212e-10,0.006114257,0.9937698,0.00011589009
31023,2024-02-13,3,D2,4,D3,4,D3,False,4.0074738e-26,6.398447e-21,2.7371175e-10,0.011726505,0.9882423,3.1197058e-05
31023,2024-02-20,3,D2,4,D3,4,D3,False,5.223385e-27,2.163503e-21,2.883959e-10,0.013085442,0.98689085,2.36379e-05
31023,2024-02-27,3,D2,4,D3,4,D3,False,2.403638e-28,2.2392904e-22,1.7334624e-10,0.011722486,0.98826164,1.5808595e-05
31023,2024-03-05,3,D2,4,D3,4,D3,False,2.267933e-30,8.0239066e-24,1.0071289e-10,0.0115097,0.9884835,6.764721e-06
31023,2024-03-12,3,D2,4,D3,4,D3,False,2.7002227e-31,1.731266e-24,7.6449645e-11,0.010952974,0.98904246,4.61588e-06
31023,2024-03-19,3,D2,4,D3,4,D3,False,1.5701585e-31,1.0998414e-24,6.564755e-11,0.009992015,0.99000365,4.2868664e-06
31023,2024-03-26,3,D2,4,D3,4,D3,False,1.5106962e-31,1.05323255e-24,6.461984e-11,0.009525055,0.99047077,4.112373e-06
31023,2024-04-02,3,D2,4,D3,4,D3,False,4.7952774e-30,3.5896465e-23,4.6385518e-10,0.018839289,0.98115647,4.2332163e-06
31023,2024-04-09,3,D2,4,D3,4,D3,False,7.3113826e-29,3.9091574e-22,1.6400388e-09,0.029360682,0.97063386,5.503233e-06
31023,2024-04-16,3,D2,4,D3,4,D3,False,1.9453827e-28,9.291557e-22,2.926605e-09,0.03344946,0.9665442,6.401606e-06
31023,2024-04-23,3,D2,4,D3,4,D3,False,2.4107457e-28,1.4852565e-21,3.952361e-09,0.03621021,0.9637827,6.9937932e-06
31023,2024-04-30,3,D2,4,D3,4,D3,False,6.7713135e-28,5.8090023e-21,1.14498535e-08,0.056483056,0.9435117,5.23986e-06
31023,2024-05-07,2,D1,4,D3,4,D3,False,5.730811e-28,6.6728555e-21,1.494339e-08,0.065851964,0.9341444,3.6464078e-06
31023,2024-05-14,2,D1,3,D2,3,D2,False,4.1525287e-20,3.4030176e-13,0.00025759573,0.74486434,0.25487262,5.4252155e-06
31023,2024-05-21,1,D0,3,D2,3,D2,False,5.781253e-18,2.8577595e-11,0.0017444898,0.88711965,0.11113234,3.4494792e-06
31023,2024-05-28,1,D0,2,D1,2,D1,False,8.302378e-08,0.00448979,0.90869844,0.08627812,0.0005332266,3.0695765e-07
31023,2024-06-04,0,None,1,D0,0,None,True,0.47578654,0.5222724,0.0013922051,1.8459994e-05,8.1200524e-05,0.00044917682
31023,2024-06-11,0,None,0,None,0,None,True,0.9550806,0.04491937,1.0516833e-08,1.381739e-12,1.3641055e-08,2.972147e-08
31023,2024-06-18,0,None,0,None,0,None,True,0.97443265,0.025567302,8.5935276e-10,2.7950707e-14,1.4265389e-08,5.551262e-08
31023,2024-06-25,0,None,0,None,0,None,True,0.9830011,0.016998865,9.94003e-11,7.9409895e-17,1.6002172e-10,4.0681254e-09
31023,2024-07-02,0,None,0,None,0,None,True,0.9390503,0.060949624,4.6600845e-10,6.2337906e-17,3.317604e-11,1.1497273e-09
31023,2024-07-09,0,None,0,None,0,None,True,0.9713939,0.028606126,8.4772006e-10,6.944385e-16,5.802888e-10,5.84914e-09
31023,2024-07-16,0,None,0,None,0,None,True,0.9816368,0.018362612,2.381654e-09,2.8944583e-14,6.1476165e-08,4.0028434e-07
31023,2024-07-23,0,None,0,None,0,None,True,0.9913896,0.008104695,1.5864309e-08,1.5435283e-11,4.8970036e-05,0.00045681003
31023,2024-07-30,0,None,0,None,0,None,True,0.80096817,0.0037878663,1.2071688e-07,4.991417e-09,0.007966179,0.18727773
31023,2024-08-06,0,None,5,D4,5,D4,False,0.058865532,0.00022644381,4.2595296e-08,4.528524e-08,0.12097975,0.8199282
31023,2024-08-13,0,None,5,D4,5,D4,False,0.028293975,0.00015714757,7.326348e-08,4.4387653e-07,0.25980306,0.7117454
31023,2024-08-20,0,None,5,D4,5,D4,False,0.00076122495,4.430449e-06,1.2417283e-08,1.4298737e-06,0.26268774,0.73654515
31023,2024-08-27,0,None,5,D4,5,D4,False,0.21177505,0.0011907297,1.9963107e-07,1.662552e-07,0.2651749,0.52185893
31023,2024-09-03,0,None,5,D4,0,None,True,0.40503424,0.0022297408,2.7597372e-07,1.2204437e-07,0.15482342,0.43791223
31023,2024-09-10,1,D0,5,D4,5,D4,False,2.253503e-07,1.0996678e-09,4.7799424e-11,7.1102676e-08,0.39698958,0.6030101
31023,2024-09-17,1,D0,4,D3,4,D3,False,2.3244857e-09,1.9856061e-07,0.00012823223,0.06730686,0.78810984,0.14445485
31023,2024-09-24,1,D0,3,D2,3,D2,False,0.00013277715,0.013099313,0.24271716,0.60855883,0.12794286,0.0075490396
31023,2024-10-01,2,D1,2,D1,2,D1,True,0.00043903344,0.109932944,0.8261012,0.06107668,0.0024328108,1.7317903e-05
31023,2024-10-08,2,D1,3,D2,3,D2,False,1.543159e-14,1.9280185e-08,0.040802613,0.9245268,0.03467033,1.4767254e-07
31023,2024-10-15,2,D1,4,D3,4,D3,False,5.9239667e-25,1.1442287e-17,1.5224687e-06,0.24302284,0.7569738,1.8284214e-06
31023,2024-10-22,2,D1,4,D3,4,D3,False,1.4722611e-28,7.6328976e-20,4.2977405e-07,0.27156463,0.72843486,9.074464e-08
31023,2024-10-29,3,D2,4,D3,4,D3,False,2.0348915e-29,6.802063e-21,8.865244e-08,0.18931867,0.81068105,1.6517406e-07
31023,2024-11-05,3,D2,4,D3,4,D3,False,1.5660959e-34,5.7893342e-24,1.2597932e-08,0.35487702,0.645123,4.0758534e-09
31023,2024-11-12,3,D2,4,D3,4,D3,False,1.8237461e-34,2.9891147e-24,6.450351e-09,0.2403742,0.75962573,6.9111152e-09
31023,2024-11-19,2,D1,4,D3,4,D3,False,5.190067e-34,3.0827095e-24,4.3520796e-09,0.14940771,0.85059226,1.39348355e-08
31023,2024-11-26,2,D1,4,D3,4,D3,False,1.2772643e-25,3.0965788e-19,8.326085e-08,0.1303799,0.8696119,8.0440095e-06
31023,2024-12-03,2,D1,3,D2,3,D2,False,5.2087135e-22,4.124472e-15,2.3413142e-05,0.5869012,0.41306728,8.125372e-06
31023,2024-12-10,2,D1,3,D2,3,D2,False,1.127576e-20,2.7353684e-13,0.00030187605,0.8327798,0.16691469,3.5263974e-06
31023,2024-12-17,2,D1,3,D2,3,D2,False,1.972939e-20,6.249569e-13,0.0005465798,0.8783319,0.121119134,2.4340563e-06
31023,2024-12-24,2,D1,3,D2,3,D2,False,1.6867481e-20,5.9934913e-13,0.00065114425,0.90396994,0.09537772,1.1689552e-06
31023,2024-12-31,2,D1,3,D2,3,D2,False,2.2659278e-20,6.123561e-13,0.00046821954,0.9292315,0.07029934,9.11913e-07
31023,2025-01-07,2,D1,3,D2,3,D2,False,3.3190593e-20,1.7861598e-12,0.0008868445,0.961826,0.03728686,1.7448394e-07
31023,2025-01-14,2,D1,3,D2,3,D2,False,7.0739575e-20,6.2554996e-12,0.0017467741,0.96886504,0.029388117,7.014813e-08
31023,2025-01-21,2,D1,3,D2,3,D2,False,2.2705402e-19,3.0588917e-11,0.0044744136,0.97293484,0.022590736,3.7652207e-08
31023,2025-01-28,2,D1,3,D2,3,D2,False,3.0676422e-19,4.8964346e-11,0.0066892584,0.9746097,0.018701077,2.7232954e-08
31023,2025-02-04,2,D1,3,D2,3,D2,False,3.095866e-19,4.9557927e-11,0.007897743,0.97552025,0.016581975,2.5426187e-08
31023,2025-02-11,2,D1,3,D2,3,D2,False,2.323452e-19,3.147813e-11,0.0068140454,0.9758186,0.0173674,3.271758e-08
31023,2025-02-18,2,D1,3,D2,3,D2,False,2.6699847e-19,3.6709257e-11,0.0076300567,0.976157,0.016212912,3.1916663e-08
31023,2025-02-25,2,D1,3,D2,3,D2,False,2.829098e-19,3.694812e-11,0.007939597,0.9759941,0.016066289,3.412881e-08
31023,2025-03-04,2,D1,3,D2,3,D2,False,3.0309136e-19,3.797408e-11,0.008136732,0.9753887,0.016474642,3.6629448e-08
31023,2025-03-11,2,D1,3,D2,3,D2,False,2.6840948e-19,3.3883965e-11,0.007927505,0.9741917,0.017880827,3.8739305e-08
31023,2025-03-18,2,D1,3,D2,3,D2,False,1.5035738e-19,1.9324474e-11,0.0062782187,0.97149706,0.02222475,4.5865256e-08
31023,2025-03-25,1,D0,3,D2,3,D2,False,1.1430407e-19,1.4403029e-11,0.0055137957,0.9678407,0.026645523,5.4250382e-08
31023,2025-04-01,1,D0,2,D1,2,D1,False,1.03468544e-11,1.6272505e-05,0.5734733,0.42312685,0.0033834314,1.0114289e-07
31023,2025-04-08,1,D0,2,D1,2,D1,False,9.686575e-06,0.079372145,0.9172733,0.003344877,9.178508e-09,7.023984e-12
31023,2025-04-15,2,D1,2,D1,2,D1,True,2.5031986e-05,0.13504474,0.86382973,0.0011005744,8.999515e-10,1.7208912e-12
31023,2025-04-22,2,D1,3,D2,3,D2,False,9.796608e-13,3.8563276e-06,0.294685,0.7005717,0.004739412,1.4972702e-08
31023,2025-04-29,2,D1,3,D2,3,D2,False,1.830351e-15,3.448285e-08,0.076683685,0.9125517,0.010764578,1.10683365e-08
31023,2025-05-06,2,D1,3,D2,3,D2,False,2.268287e-16,3.506764e-09,0.03200608,0.9469818,0.02101209,3.7861536e-08
31023,2025-05-13,2,D1,3,D2,3,D2,False,7.6933276e-17,1.2823584e-09,0.020305796,0.9613298,0.018364392,3.629612e-08
31023,2025-05-20,2,D1,3,D2,3,D2,False,2.1597542e-22,5.02225e-14,0.00052955776,0.9795004,0.019970091,1.5970157e-08
31023,2025-05-27,2,D1,3,D2,3,D2,False,9.633494e-24,4.3707564e-16,1.7916876e-05,0.56897,0.43101078,1.2777173e-06
31023,2025-06-03,2,D1,3,D2,3,D2,False,9.674844e-25,1.8941478e-17,5.709253e-06,0.5679767,0.4320173,2.8389744e-07
31023,2025-06-10,2,D1,4,D3,4,D3,False,1.751783e-25,2.8557505e-18,1.1542131e-06,0.22981484,0.77018327,6.859754e-07
31023,2025-06-17,2,D1,4,D3,3,D2,False,9.490692e-26,1.9190011e-18,1.3010597e-06,0.4599929,0.5400054,4.578365e-07
31023,2025-06-24,2,D1,4,D3,3,D2,False,4.3915825e-26,8.72511e-19,1.3831129e-06,0.4699647,0.5300338,1.2999334e-07
31023,2025-07-01,2,D1,4,D3,4,D3,False,2.0899824e-26,3.7275015e-19,2.5398327e-07,0.30806896,0.6919307,9.379026e-08
31023,2025-07-08,1,D0,4,D3,4,D3,False,6.3600786e-27,9.394135e-20,7.9715605e-08,0.21559477,0.78440505,1.2110425e-07
31023,2025-07-15,0,None,4,D3,4,D3,False,6.855685e-24,1.16389275e-17,2.6025515e-07,0.12737377,0.87262446,1.4860085e-06
31023,2025-07-22,0,None,5,D4,5,D4,False,3.865968e-06,3.010328e-06,3.821078e-06,0.0002508834,0.4603589,0.5393795
31023,2025-07-29,0,None,0,None,0,None,True,0.9053206,0.08288111,3.7993111e-06,1.13211094e-07,0.0017488737,0.010045541
31023,2025-08-05,0,None,0,None,0,None,True,0.9757321,0.0238096,4.5044192e-07,1.0652716e-08,0.00010688557,0.0003509724
31023,2025-08-12,0,None,0,None,0,None,True,0.9796785,0.020162076,2.363666e-08,9.360528e-11,4.7635738e-05,0.00011173478
31023,2025-08-19,0,None,0,None,0,None,True,0.98581266,0.006607563,9.505816e-09,2.0817865e-10,0.0022165524,0.0053632525
31023,2025-08-26,0,None,0,None,0,None,True,0.9794447,0.0048461226,4.8706807e-09,1.2279773e-10,0.0016167942,0.014092378
31023,2025-09-02,0,None,0,None,0,None,True,0.98041576,0.012270633,2.8386462e-09,8.223586e-12,0.00023180504,0.007081865
31023,2025-09-09,0,None,0,None,0,None,True,0.9896511,0.010268117,3.4401486e-09,6.881009e-13,3.916091e-06,7.6877805e-05
31023,2025-09-16,0,None,0,None,0,None,True,0.97363585,0.0042911386,1.1759619e-08,1.2588645e-10,0.0007096286,0.021363331
31023,2025-09-23,0,None,5,D4,5,D4,False,0.18303771,0.0007359464,1.0435142e-07,3.130941e-07,0.030916497,0.78530943
31023,2025-09-30,0,None,0,None,0,None,True,0.9915109,0.0064298045,2.3927174e-07,4.0626995e-09,0.00016742018,0.0018916586
31023,2025-10-07,0,None,0,None,0,None,True,0.98715204,0.0071808207,6.00926e-07,3.4408746e-08,0.00077041966,0.0048960187
31023,2025-10-14,0,None,0,None,0,None,True,0.95114726,0.0062815147,1.0463406e-06,2.6567665e-07,0.00937257,0.033197347
31023,2025-10-21,0,None,5,D4,5,D4,False,0.08630043,0.00047322462,7.592959e-07,2.859958e-05,0.19084074,0.72235626
31023,2025-10-28,0,None,5,D4,0,None,True,0.26685327,0.0014984094,1.3919454e-06,9.019585e-06,0.17520925,0.5564286
31023,2025-11-04,0,None,0,None,0,None,True,0.9773842,0.0065239086,1.1627894e-06,2.3584245e-07,0.0052188938,0.010871688
31023,2025-11-11,1,D0,0,None,0,None,False,0.9688928,0.0064449995,9.301866e-07,5.421923e-07,0.009693818,0.014966915
31023,2025-11-18,1,D0,4,D3,4,D3,False,2.0397978e-07,1.5057153e-06,0.00020961884,0.028967323,0.77493036,0.19589105
31023,2025-11-25,1,D0,3,D2,3,D2,False,4.476462e-05,0.0036064566,0.25313097,0.6558129,0.08487294,0.0025319515
31023,2025-12-02,1,D0,2,D1,2,D1,False,0.00060085405,0.052428156,0.77603287,0.1644625,0.006443768,3.1797157e-05
31023,2025-12-09,1,D0,2,D1,2,D1,False,0.0004445383,0.15293597,0.82539123,0.021200314,2.782184e-05,3.9056314e-08
31023,2025-12-16,1,D0,2,D1,2,D1,False,0.00026665963,0.15697408,0.82486856,0.017880261,1.0465505e-05,1.1127183e-08
31023,2025-12-23,1,D0,2,D1,2,D1,False,0.00023831798,0.16466941,0.82103676,0.014051661,3.7975174e-06,3.6480141e-09
31023,2025-12-30,1,D0,2,D1,2,D1,False,0.00025166228,0.18861778,0.8032855,0.007844214,8.306557e-07,9.759578e-10
31025,2022-01-04,0,None,0,None,0,None,True,0.6517251,0.0031298334,1.2161163e-07,6.7256586e-08,0.1839801,0.1611647
31025,2022-01-11,0,None,5,D4,5,D4,False,0.09410427,0.0003463782,1.5150116e-08,4.463036e-08,0.4454429,0.46010637
31025,2022-01-18,0,None,5,D4,5,D4,False,0.011692979,3.8527807e-05,1.4188709e-09,2.4521977e-08,0.48006588,0.50820255
31025,2022-01-25,0,None,5,D4,5,D4,False,0.00014619283,4.4042616e-07,4.3549924e-11,3.1367087e-09,0.29970762,0.70014584
31025,2022-02-01,0,None,5,D4,5,D4,False,5.1664538e-05,1.4646245e-07,2.7792515e-11,1.3228509e-09,0.16332057,0.83662766
31025,2022-02-08,0,None,5,D4,5,D4,False,1.41591e-05,2.8387607e-08,1.5177273e-11,4.6023302e-10,0.13151672,0.8684692
31025,2022-02-15,1,D0,5,D4,5,D4,False,3.8348497e-10,1.1241712e-12,7.676216e-14,1.667387e-10,0.10956483,0.89043516
31025,2022-02-22,1,D0,4,D3,5,D4,False,2.0416982e-10,5.615207e-09,4.09308e-06,0.006124825,0.51618934,0.47768173
31025,2022-03-01,2,D1,3,D2,3,D2,False,2.3750024e-05,0.004649976,0.19827639,0.6925862,0.096537806,0.007925923
31025,2022-03-08,2,D1,3,D2,3,D2,False,2.2842138e-12,1.983358e-06,0.10276172,0.8839736,0.013262562,1.2620868e-07
31025,2022-03-15,2,D1,3,D2,3,D2,False,4.4942996e-16,4.1859196e-09,0.030073626,0.9566438,0.013282506,1.0703362e-08
31025,2022-03-22,1,D0,3,D2,3,D2,False,9.576138e-17,1.4563841e-09,0.025240507,0.9647937,0.009965775,1.2971997e-08
31025,2022-03-29,1,D0,2,D1,2,D1,False,1.9910464e-08,0.00024670627,0.5360445,0.4326505,0.031053,5.3741446e-06
31025,2022-04-05,1,D0,5,D4,5,D4,False,0.016392931,0.008812157,0.0011932916,0.003308848,0.27982455,0.6904682
31025,2022-04-12,1,D0,0,None,0,None,False,0.84094864,0.15892597,1.6851001e-05,3.7650634e-07,3.4945737e-05,7.3181356e-05
31025,2022-04-19,1,D0,0,None,0,None,False,0.87382644,0.12614934,3.4135646e-06,3.352806e-08,3.930537e-06,1.6842247e-05
31025,2022-04-26,1,D0,0,None,0,None,False,0.91287845,0.08701836,1.6993978e-06,1.2551011e-08,3.5139376e-06,9.794259e-05
31025,2022-05-03,1,D0,0,None,0,None,False,0.906983,0.09298148,1.9731267e-06,1.0855556e-08,1.1814709e-06,3.2294472e-05
31025,2022-05-10,1,D0,0,None,0,None,False,0.9035832,0.09640872,2.0998639e-06,1.0650039e-08,3.436965e-07,5.666757e-06
31025,2022-05-17,1,D0,0,None,0,None,False,0.8908479,0.10914059,3.8490293e-06,2.7217e-08,4.3373453e-07,7.182846e-06
31025,2022-05-24,1,D0,0,None,0,None,False,0.89130414,0.1085956,1.4400715e-05,1.0285148e-06,4.524896e-06,8.0149046e-05
31025,2022-05-31,0,None,0,None,0,None,True,0.86444885,0.13235971,5.96772e-05,2.6469226e-05,0.00016434232,0.0029409213
31025,2022-06-07,0,None,0,None,0,None,True,0.85474366,0.016329087,4.3679933e-07,7.677308e-06,0.06328605,0.065633066
31025,2022-06-14,0,None,0,None,0,None,True,0.90087533,0.009825814,1.2344402e-08,5.4800107e-09,0.008726995,0.08057185
31025,2022-06-21,0,None,0,None,0,None,True,0.9911857,0.0071823886,3.0049288e-09,5.4481235e-11,0.00011270436,0.0015191499
31025,2022-06-28,0,None,0,None,0,None,True,0.98067516,0.019320909,1.8780697e-09,6.172084e-14,2.866633e-07,3.7451516e-06
31025,2022-07-05,0,None,0,None,0,None,True,0.99170285,0.008217503,2.2388114e-09,1.9207913e-13,7.685237e-06,7.1978364e-05
31025,2022-07-12,0,None,0,None,0,None,True,0.9337672,0.0043936134,1.6875923e-08,7.626571e-11,0.0035853016,0.058253866
31025,2022-07-19,0,None,0,None,0,None,True,0.69570345,0.0036016286,4.9519908e-08,1.2656343e-09,0.025765551,0.27492929
31025,2022-07-26,0,None,5,D4,5,D4,False,0.0060968697,3.3683074e-05,4.7162647e-09,1.3762501e-08,0.230314,0.76355547
31025,2022-08-02,1,D0,4,D3,4,D3,False,2.8741817e-07,1.7771657e-09,5.7173127e-11,2.745099e-07,0.66856384,0.33143562
31025,2022-08-09,1,D0,4,D3,4,D3,False,6.770721e-07,2.076267e-08,7.2347266e-09,2.0777912e-05,0.7809547,0.21902384
31025,2022-08-16,1,D0,4,D3,4,D3,False,2.5811185e-17,2.7259399e-13,2.1028334e-06,0.111050166,0.88840175,0.0005459558
31025,2022-08-23,1,D0,3,D2,3,D2,False,3.1469952e-13,1.3272691e-08,0.0020843933,0.7320768,0.26583365,5.172598e-06
31025,2022-08-30,1,D0,3,D2,3,D2,False,1.6242993e-08,1.7520617e-05,0.022208493,0.9052979,0.072468184,7.810226e-06
31025,2022-09-06,1,D0,3,D2,3,D2,False,1.7534506e-06,0.0018217344,0.25407925,0.7382033,0.0058930907,8.5161196e-07
31025,2022-09-13,1,D0,3,D2,3,D2,False,3.990871e-06,0.0042019915,0.38862652,0.6003342,0.006832117,1.0841751e-06
31025,2022-09-20,2,D1,2,D1,2,D1,True,1.0373549e-06,0.003036736,0.51723933,0.47217274,0.007549369,7.687639e-07
31025,2022-09-27,2,D1,3,D2,3,D2,False,1.7035863e-18,2.0223332e-11,0.0021902726,0.905978,0.091831766,3.2914215e-08
31025,2022-10-04,2,D1,3,D2,3,D2,False,5.4199707e-22,4.670855e-14,0.0001903181,0.9310114,0.06879826,1.593408e-08
31025,2022-10-11,2,D1,3,D2,3,D2,False,1.079375e-21,1.011906e-13,0.0005656804,0.9397173,0.059717055,2.8116752e-08
31025,2022-10-18,2,D1,3,D2,3,D2,False,3.0068546e-21,1.4967345e-13,0.0006444742,0.9362172,0.06313824,6.704065e-08
31025,2022-10-25,2,D1,3,D2,3,D2,False,3.429915e-21,1.8760397e-13,0.0006375028,0.94408524,0.05527718,7.742247e-08
31025,2022-11-01,2,D1,3,D2,3,D2,False,1.6190431e-21,9.026178e-14,0.0004292732,0.9442994,0.055271372,4.090653e-08
31025,2022-11-08,2,D1,3,D2,3,D2,False,1.4465168e-21,7.034584e-14,0.00032869913,0.9300831,0.069588125,7.656015e-08
31025,2022-11-15,2,D1,3,D2,3,D2,False,6.4043257e-22,2.099056e-14,0.0001660082,0.8647429,0.135091,1.09941894e-07
31025,2022-11-22,2,D1,3,D2,3,D2,False,3.8470275e-22,1.2873475e-14,0.00014529459,0.93216544,0.06768921,5.8340667e-08
31025,2022-11-29,2,D1,3,D2,3,D2,False,3.7999738e-22,8.155469e-15,0.0001330503,0.8832837,0.11658315,6.093394e-08
31025,2022-12-06,2,D1,3,D2,3,D2,False,3.2675255e-22,3.772364e-15,5.1202e-05,0.7993404,0.20060825,6.412185e-08
31025,2022-12-13,2,D1,3,D2,3,D2,False,9.7724606e-23,6.667084e-16,1.5096943e-05,0.62768984,0.3722949,1.846237e-07
31025,2022-12-20,2,D1,4,D3,3,D2,False,5.0857982e-23,3.6174207e-16,4.729598e-06,0.44722626,0.5527682,8.2389465e-07
31025,2022-12-27,2,D1,3,D2,3,D2,False,1.178471e-22,1.2634515e-15,1.44454825e-05,0.5295355,0.47044978,2.2726192e-07
31025,2023-01-03,2,D1,3,D2,3,D2,False,1.1646171e-22,1.5229731e-15,2.111894e-05,0.54680973,0.453169,2.1827198e-07
31025,2023-01-10,2,D1,3,D2,3,D2,False,1.3664283e-22,1.9140342e-15,3.0304032e-05,0.6536888,0.3462807,1.9521057e-07
31025,2023-01-17,2,D1,3,D2,3,D2,False,2.7201471e-22,5.206685e-15,4.213436e-05,0.67488027,0.3250772,2.8205963e-07
31025,2023-01-24,2,D1,3,D2,3,D2,False,3.4952061e-22,5.27947e-15,4.568483e-05,0.7984471,0.20150703,1.8983724e-07
31025,2023-01-31,2,D1,3,D2,3,D2,False,5.4119463e-21,2.5129314e-14,9.5754825e-05,0.8551706,0.14473262,1.0000645e-06
31025,2023-02-07,2,D1,4,D3,3,D2,False,3.2570957e-20,5.211327e-14,0.00017701303,0.4067986,0.5929545,6.989743e-05
31025,2023-02-14,2,D1,3,D2,3,D2,False,2.915416e-20,1.8262166e-13,0.00075218605,0.89551246,0.10373459,7.177858e-07
31025,2023-02-21,2,D1,3,D2,3,D2,False,3.2658338e-20,4.4134997e-13,0.0012647159,0.9475867,0.05114843,1.15042255e-07
31025,2023-02-28,2,D1,3,D2,3,D2,False,7.1494506e-20,6.975364e-13,0.00104801,0.96057296,0.038378935,1.3391524e-07
31025,2023-03-07,2,D1,3,D2,3,D2,False,5.664603e-20,5.794379e-13,0.0006381336,0.9654966,0.033865187,1.5766393e-07
31025,2023-03-14,2,D1,3,D2,3,D2,False,9.4883154e-20,9.902141e-13,0.00055502466,0.96945757,0.029986788,5.672733e-07
31025,2023-03-21,2,D1,3,D2,3,D2,False,1.3014152e-20,7.287671e-14,0.00023873366,0.9186851,0.08107486,1.2718882e-06
31025,2023-03-28,2,D1,3,D2,3,D2,False,2.4076098e-20,7.0974124e-14,0.0002678052,0.889956,0.109771974,4.0955692e-06
31025,2023-04-04,2,D1,3,D2,3,D2,False,2.0544987e-20,6.694656e-14,0.00022493793,0.8977072,0.10206331,4.441907e-06
31025,2023-04-11,2,D1,3,D2,3,D2,False,2.5499799e-20,8.36399e-14,0.0002481725,0.8714368,0.12830372,1.13432125e-05
31025,2023-04-18,2,D1,3,D2,3,D2,False,7.93888e-21,2.5962727e-14,0.00013008143,0.7791021,0.22073904,2.8768305e-05
31025,2023-04-25,2,D1,3,D2,3,D2,False,2.7668096e-20,2.8040404e-13,0.00045215667,0.8620317,0.13749339,2.2825796e-05
31025,2023-05-02,2,D1,3,D2,3,D2,False,1.2092498e-19,1.9865865e-12,0.0009776053,0.9159097,0.083109066,3.6482277e-06
31025,2023-05-09,2,D1,3,D2,3,D2,False,9.9713237e-20,3.6506844e-12,0.0018906886,0.972647,0.025462177,1.529171e-07
31025,2023-05-16,2,D1,3,D2,3,D2,False,9.079995e-20,4.356099e-12,0.0026118937,0.986943,0.010444944,7.042222e-08
31025,2023-05-23,2,D1,3,D2,3,D2,False,9.151102e-22,3.9112576e-14,0.00045243237,0.9868231,0.012724496,1.2716404e-08
31025,2023-05-30,3,D2,3,D2,3,D2,True,5.7620477e-23,3.3545565e-15,0.00013939862,0.926816,0.07304461,9.183238e-09
31025,2023-06-06,3,D2,4,D3,4,D3,False,5.130067e-31,5.049322e-22,3.1860488e-08,0.29333055,0.7066695,2.4300333e-09
31025,2023-06-13,3,D2,4,D3,4,D3,False,5.341208e-35,1.852519e-26,4.2932505e-11,0.037298866,0.96270114,1.5139518e-08
31025,2023-06-20,4,D3,4,D3,4,D3,True,6.49735e-36,1.3766439e-27,2.9969614e-12,0.0076473826,0.99235255,1.0963601e-07
31025,2023-06-27,4,D3,4,D3,4,D3,True,6.1261968e-33,9.88162e-28,3.901512e-14,0.00023706406,0.9997284,3.4514313e-05
31025,2023-07-04,3,D2,4,D3,4,D3,False,1.2203388e-33,3.6813215e-29,2.6882607e-15,5.1805877e-05,0.99978524,0.0001629247
31025,2023-07-11,3,D2,4,D3,4,D3,False,1.152473e-31,1.6336366e-26,1.5193616e-13,0.00022863607,0.9995041,0.00026729904
31025,2023-07-18,3,D2,4,D3,4,D3,False,1.0529653e-31,3.6384477e-26,5.785731e-13,0.0010055102,0.9988959,9.859861e-05
31025,2023-07-25,3,D2,4,D3,4,D3,False,3.069393e-30,2.726392e-24,3.5156815e-11,0.0043408573,0.9954904,0.00016880619
31025,2023-08-01,3,D2,4,D3,4,D3,False,2.4237482e-30,1.0529358e-23,3.5570352e-10,0.0111648,0.98881733,1.7823075e-05
31025,2023-08-08,3,D2,4,D3,4,D3,False,2.40391e-30,1.5780806e-23,8.442905e-10,0.015061871,0.9849305,7.5938524e-06
31025,2023-08-15,3,D2,4,D3,4,D3,False,2.6727352e-30,2.1246642e-23,1.6368408e-09,0.016618684,0.98336434,1.7038594e-05
31025,2023-08-22,3,D2,4,D3,4,D3,False,3.0056264e-30,2.6867432e-23,2.3923559e-09,0.020762516,0.9792219,1.5559875e-05
31025,2023-08-29,1,D0,4,D3,4,D3,False,2.1994376e-30,2.168181e-23,2.2692273e-09,0.022465315,0.977522,1.2673915e-05
31025,2023-09-05,1,D0,4,D3,4,D3,False,3.9858116e-26,7.8588026e-20,8.697311e-08,0.09049339,0.9094679,3.8663035e-05
31025,2023-09-12,1,D0,4,D3,4,D3,False,1.0947458e-25,3.100406e-19,2.1836695e-07,0.13708274,0.8628966,2.0414556e-05
31025,2023-09-19,1,D0,4,D3,4,D3,False,6.66199e-25,4.210841e-18,1.7598928e-06,0.34261888,0.65737635,3.0595377e-06
31025,2023-09-26,1,D0,4,D3,3,D2,False,1.776833e-24,1.0920973e-17,3.3646788e-06,0.39705184,0.6029414,3.3891542e-06
31025,2023-10-03,1,D0,4,D3,3,D2,False,1.5818469e-24,1.00456635e-17,3.3293247e-06,0.40390724,0.59608626,3.1781e-06
31025,2023-10-10,1,D0,4,D3,3,D2,False,1.6174469e-24,1.02304135e-17,3.3901401e-06,0.40781847,0.592175,3.1362101e-06
31025,2023-10-17,1,D0,4,D3,3,D2,False,1.6331641e-24,1.0460923e-17,3.5035437e-06,0.4117876,0.5882059,3.0042602e-06
31025,2023-10-24,1,D0,4,D3,3,D2,False,1.8611966e-24,1.1826963e-17,3.765237e-06,0.41790277,0.58209044,3.0091294e-06
31025,2023-10-31,2,D1,4,D3,3,D2,False,1.9873562e-24,1.1737292e-17,3.645975e-06,0.41392815,0.58606505,3.1799307e-06
31025,2023-11-07,2,D1,4,D3,3,D2,False,1.196537e-24,1.2844849e-17,4.814634e-06,0.47103685,0.52895695,1.326145e-06
31025,2023-11-14,2,D1,4,D3,3,D2,False,7.9391405e-25,1.490509e-17,6.3176935e-06,0.4938986,0.50609446,5.615674e-07
31025,2023-11-21,2,D1,4,D3,3,D2,False,6.1903547e-25,1.1031793e-17,5.575382e-06,0.48670113,0.5132927,5.7947574e-07
31025,2023-11-28,2,D1,4,D3,3,D2,False,6.5602595e-25,1.0342172e-17,5.0887793e-06,0.47558406,0.52441025,6.770283e-07
31025,2023-12-05,2,D1,4,D3,3,D2,False,7.142608e-25,1.0382405e-17,4.87446e-06,0.46913567,0.5308587,7.585946e-07
31025,2023-12-12,2,D1,4,D3,3,D2,False,8.0406053e-25,1.112722e-17,4.906619e-06,0.46873903,0.5312553,8.013923e-07
31025,2023-12-19,2,D1,4,D3,3,D2,False,7.176349e-25,9.81115e-18,4.129017e-06,0.44964957,0.5503456,6.7212676e-07
31025,2023-12-26,2,D1,4,D3,3,D2,False,5.9061286e-25,9.712182e-18,3.4727757e-06,0.43379804,0.56619817,3.3113494e-07
31025,2024-01-02,2,D1,4,D3,3,D2,False,5.9414583e-25,9.852093e-18,3.398532e-06,0.43191722,0.5680791,3.0731402e-07
31025,2024-01-09,2,D1,4,D3,3,D2,False,5.1072364e-25,7.791674e-18,2.8896675e-06,0.42069867,0.57929814,3.157089e-07
31025,2024-01-16,2,D1,4,D3,3,D2,False,2.7983827e-24,2.744612e-17,4.834274e-06,0.45212716,0.54786754,5.2076695e-07
31025,2024-01-23,2,D1,4,D3,3,D2,False,2.8761703e-24,3.1896587e-17,5.3912186e-06,0.47008044,0.5299136,5.48535e-07
31025,2024-01-30,2,D1,4,D3,3,D2,False,2.8716008e-24,3.3068686e-17,5.560401e-06,0.4759677,0.5240261,5.4808777e-07
31025,2024-02-06,2,D1,4,D3,3,D2,False,2.9900735e-24,3.5493367e-17,5.7393595e-06,0.47489503,0.52509874,5.137244e-07
31025,2024-02-13,2,D1,4,D3,3,D2,False,3.0528846e-24,3.694131e-17,5.7999778e-06,0.47218037,0.5278133,4.882475e-07
31025,2024-02-20,2,D1,4,D3,3,D2,False,3.0852338e-24,3.798566e-17,5.8121395e-06,0.4703164,0.5296773,4.7317178e-07
31025,2024-02-27,2,D1,4,D3,3,D2,False,3.0681183e-24,3.819179e-17,5.7897496e-06,0.46860293,0.53139085,4.6370346e-07
31025,2024-03-05,2,D1,4,D3,3,D2,False,2.9947487e-24,3.7364195e-17,5.708061e-06,0.46669596,0.5332978,4.6231392e-07
31025,2024-03-12,2,D1,4,D3,3,D2,False,2.8826707e-24,3.587869e-17,5.608077e-06,0.46531293,0.5346809,4.6559387e-07
31025,2024-03-19,2,D1,4,D3,3,D2,False,2.5243072e-24,3.076524e-17,5.1544384e-06,0.45862216,0.5413722,4.758344e-07
31025,2024-03-26,2,D1,4,D3,3,D2,False,2.6996822e-24,3.398608e-17,5.5659584e-06,0.4661084,0.53388554,4.6867177e-07
31025,2024-04-02,2,D1,3,D2,3,D2,False,1.7560656e-23,4.830116e-16,3.003982e-05,0.65107983,0.34888962,4.796894e-07
31025,2024-04-09,2,D1,3,D2,3,D2,False,2.1598275e-23,6.7663993e-16,3.804963e-05,0.67601556,0.32394588,4.45254e-07
31025,2024-04-16,2,D1,3,D2,3,D2,False,2.6396499e-23,9.332951e-16,4.6431927e-05,0.69659126,0.30336195,4.198533e-07
31025,2024-04-23,2,D1,3,D2,3,D2,False,3.971684e-23,1.6944547e-15,6.2228515e-05,0.73378307,0.2661543,4.1166163e-07
31025,2024-04-30,2,D1,3,D2,3,D2,False,9.657888e-23,5.8785357e-15,0.000112276844,0.7860976,0.21378976,3.0533212e-07
31025,2024-05-07,2,D1,3,D2,3,D2,False,1.1972855e-22,1.004128e-14,0.00011103063,0.79845273,0.20143622,1.3838093e-07
31025,2024-05-14,2,D1,3,D2,3,D2,False,7.357252e-22,5.230754e-14,0.00023391513,0.8703016,0.1294643,1.676022e-07
31025,2024-05-21,2,D1,3,D2,3,D2,False,5.17253e-20,2.853438e-13,0.00033294345,0.80677557,0.1928902,1.2502686e-06
31025,2024-05-28,2,D1,3,D2,3,D2,False,2.2796273e-19,4.0206496e-13,0.00049732235,0.82607204,0.1734243,6.263169e-06
31025,2024-06-04,2,D1,3,D2,3,D2,False,7.2241814e-19,5.374371e-13,0.00051897665,0.78347594,0.21598975,1.5333299e-05
31025,2024-06-11,1,D0,3,D2,3,D2,False,6.271036e-19,2.6881698e-13,0.00027008413,0.65406364,0.34561592,5.037629e-05
31025,2024-06-18,0,None,3,D2,3,D2,False,8.01102e-12,1.5244026e-07,0.04473179,0.80539304,0.14980681,6.817808e-05
31025,2024-06-25,0,None,0,None,0,None,True,0.63768184,0.12688665,5.9338065e-05,3.8199364e-06,0.017157633,0.21821058
31025,2024-07-02,0,None,0,None,0,None,True,0.9340415,0.06595819,3.7941018e-07,3.326094e-11,3.2119982e-09,3.5815436e-08
31025,2024-07-09,0,None,0,None,0,None,True,0.9789164,0.021083523,1.7239797e-08,1.0930455e-12,1.3281872e-08,2.016321e-08
31025,2024-07-16,0,None,0,None,0,None,True,0.9816714,0.018328598,1.3405671e-09,5.2943904e-15,3.100155e-10,2.2450144e-09
31025,2024-07-23,0,None,0,None,0,None,True,0.9835791,0.016420828,1.2281126e-09,9.433913e-15,1.0922162e-09,8.818391e-09
31025,2024-07-30,0,None,0,None,0,None,True,0.95977795,0.040222038,1.9028707e-09,4.0987215e-16,6.547628e-12,5.314178e-11
31025,2024-08-06,0,None,0,None,0,None,True,0.9844787,0.015521174,5.736227e-09,3.5494426e-13,2.2358376e-08,1.7079422e-07
31025,2024-08-13,0,None,0,None,0,None,True,0.9878072,0.012185896,2.2995605e-08,2.2486114e-11,9.788803e-07,5.895235e-06
31025,2024-08-20,0,None,0,None,0,None,True,0.99070823,0.008485726,1.292724e-07,2.389137e-09,9.548732e-05,0.00071039586
31025,2024-08-27,0,None,0,None,0,None,True,0.94933975,0.00497505,4.1387716e-07,1.3831665e-07,0.009404941,0.036279753
31025,2024-09-03,1,D0,0,None,0,None,False,0.6251906,0.0031438135,8.8712034e-07,3.6337537e-06,0.11355502,0.25810602
31025,2024-09-10,1,D0,4,D3,4,D3,False,1.9284682e-05,2.7769363e-07,8.939127e-08,4.0068044e-05,0.7704038,0.2295365
31025,2024-09-17,2,D1,3,D2,3,D2,False,3.3652618e-09,2.0021014e-06,0.013220129,0.4988347,0.48369816,0.004244907
31025,2024-09-24,2,D1,3,D2,3,D2,False,4.1841574e-13,2.0427014e-07,0.05367355,0.8801698,0.06615598,4.6192707e-07
31025,2024-10-01,2,D1,3,D2,3,D2,False,7.845229e-18,7.302048e-11,0.0071225916,0.9493317,0.043545663,8.086234e-08
31025,2024-10-08,2,D1,3,D2,3,D2,False,2.6751727e-19,2.3572806e-12,0.001849786,0.93946975,0.058680303,2.1201713e-07
31025,2024-10-15,3,D2,3,D2,3,D2,True,1.2390577e-23,2.0280454e-16,2.4316541e-05,0.56552976,0.43444532,6.5757865e-07
31025,2024-10-22,3,D2,4,D3,4,D3,False,2.5676552e-29,1.640197e-20,6.1681106e-07,0.25905114,0.7409482,6.846251e-08
31025,2024-10-29,3,D2,4,D3,4,D3,False,4.897372e-30,2.5596949e-21,2.0755415e-07,0.219278,0.7807217,7.8512414e-08
31025,2024-11-05,3,D2,4,D3,4,D3,False,7.15551e-32,5.998944e-23,2.7431078e-08,0.2231964,0.7768035,2.405251e-08
31025,2024-11-12,3,D2,4,D3,4,D3,False,1.9545097e-30,4.263232e-22,4.5959023e-08,0.1487334,0.8512665,1.4261447e-07
31025,2024-11-19,2,D1,4,D3,4,D3,False,2.323119e-29,3.1073967e-21,1.23778e-07,0.19771805,0.80228156,2.770134e-07
31025,2024-11-26,2,D1,4,D3,3,D2,False,5.5234166e-23,1.8858545e-16,1.1909188e-05,0.4161522,0.5838319,3.9393562e-06
31025,2024-12-03,2,D1,3,D2,3,D2,False,2.2494091e-20,3.6402194e-13,0.0006564177,0.84465265,0.15468886,2.041253e-06
31025,2024-12-10,2,D1,3,D2,3,D2,False,5.153202e-20,1.1591452e-12,0.0010226642,0.89031714,0.10865892,1.3251359e-06
31025,2024-12-17,2,D1,3,D2,3,D2,False,5.2444252e-20,1.2978289e-12,0.0010651704,0.8960409,0.102892734,1.1995783e-06
31025,2024-12-24,2,D1,3,D2,3,D2,False,5.6722515e-20,1.631818e-12,0.0011528248,0.8913073,0.10753889,9.839147e-07
31025,2024-12-31,2,D1,3,D2,3,D2,False,6.315163e-20,2.0850637e-12,0.0012506199,0.8856361,0.11311238,8.692661e-07
31025,2025-01-07,2,D1,3,D2,3,D2,False,8.476013e-20,3.5796524e-12,0.0016967878,0.89169914,0.10660344,6.396908e-07
31025,2025-01-14,2,D1,3,D2,3,D2,False,1.412772e-19,7.9531885e-12,0.002591908,0.9014257,0.09598193,4.2173326e-07
31025,2025-01-21,2,D1,3,D2,3,D2,False,2.0116355e-19,1.38172165e-11,0.0034640583,0.90727395,0.08926165,3.1605495e-07
31025,2025-01-28,2,D1,3,D2,3,D2,False,2.037871e-19,1.4490914e-11,0.0036045797,0.908357,0.08803809,3.0282155e-07
31025,2025-02-04,2,D1,3,D2,3,D2,False,1.6910224e-19,1.1230915e-11,0.0032522294,0.90752643,0.08922104,3.3639793e-07
31025,2025-02-11,2,D1,3,D2,3,D2,False,1.125301e-19,6.345613e-12,0.0025308034,0.9032688,0.094199896,4.245774e-07
31025,2025-02-18,2,D1,3,D2,3,D2,False,1.1909735e-19,6.655283e-12,0.0026217042,0.9081193,0.08925855,4.2768005e-07
31025,2025-02-25,2,D1,3,D2,3,D2,False,1.1249014e-19,5.941784e-12,0.0025146927,0.90948516,0.08799976,4.504648e-07
31025,2025-03-04,2,D1,3,D2,3,D2,False,1.0823111e-19,5.4459315e-12,0.0024387597,0.910923,0.0866378,4.6854527e-07
31025,2025-03-11,2,D1,3,D2,3,D2,False,1.08295804e-19,5.276498e-12,0.0024281738,0.9127792,0.08479222,4.773044e-07
31025,2025-03-18,2,D1,3,D2,3,D2,False,1.0905768e-19,5.0870584e-12,0.0024092752,0.91391414,0.083676025,4.999351e-07
31025,2025-03-25,2,D1,3,D2,3,D2,False,1.0922814e-19,4.8519847e-12,0.0023753883,0.91418767,0.08343639,5.4673814e-07
31025,2025-04-01,2,D1,3,D2,3,D2,False,7.059657e-19,2.0202359e-11,0.0038175168,0.9156473,0.08053436,7.4286555e-07
31025,2025-04-08,2,D1,3,D2,3,D2,False,1.1132915e-17,1.417353e-10,0.0074096224,0.8946649,0.09792391,1.6352496e-06
31025,2025-04-15,2,D1,3,D2,3,D2,False,1.906004e-17,2.136329e-10,0.00874723,0.88196325,0.109286904,2.6000823e-06
31025,2025-04-22,2,D1,3,D2,3,D2,False,1.5012269e-18,2.99767e-11,0.0043302383,0.88845176,0.10721542,2.5267598e-06
31025,2025-04-29,2,D1,3,D2,3,D2,False,1.8161522e-19,4.685434e-12,0.002012434,0.881192,0.11679304,2.495112e-06
31025,2025-05-06,2,D1,3,D2,3,D2,False,4.2655853e-20,1.3921797e-12,0.0011736332,0.88984376,0.10898077,1.82225e-06
31025,2025-05-13,2,D1,3,D2,3,D2,False,4.5795666e-20,1.9196584e-12,0.0015144655,0.9084776,0.09000604,1.8044158e-06
31025,2025-05-20,2,D1,3,D2,3,D2,False,7.164605e-20,3.6836363e-12,0.0022355826,0.9547137,0.043050155,5.6726157e-07
31025,2025-05-27,2,D1,3,D2,3,D2,False,3.029275e-19,1.5922595e-11,0.0049126605,0.97066814,0.024418887,2.9401855e-07
31025,2025-06-03,2,D1,3,D2,3,D2,False,3.846041e-19,2.3584577e-11,0.006406413,0.9755618,0.018031668,1.5529699e-07
31025,2025-06-10,2,D1,3,D2,3,D2,False,3.8889646e-19,1.8882403e-11,0.004901503,0.97317344,0.021924946,1.6029904e-07
31025,2025-06-17,2,D1,3,D2,3,D2,False,8.0887876e-21,9.42898e-13,0.0026692173,0.98282385,0.014506921,1.7627487e-08
31025,2025-06-24,2,D1,3,D2,3,D2,False,4.1819416e-21,4.1844956e-13,0.00143882,0.9598691,0.03869206,4.461875e-08
31025,2025-07-01,2,D1,3,D2,3,D2,False,6.5717185e-21,3.8295815e-13,0.0006409873,0.9334761,0.06588291,2.2168708e-08
31025,2025-07-08,2,D1,3,D2,3,D2,False,3.1546964e-21,1.3119716e-13,0.00027801836,0.91537195,0.08435002,2.9384617e-08
31025,2025-07-15,2,D1,3,D2,3,D2,False,4.1972138e-21,1.2477855e-13,0.00012361482,0.7654601,0.2344159,3.8520702e-07
31025,2025-07-22,2,D1,3,D2,3,D2,False,1.202184e-20,2.3765064e-13,0.00017395959,0.6841341,0.31569138,4.7170036e-07
31025,2025-07-29,2,D1,3,D2,3,D2,False,2.6260173e-21,1.0552412e-13,0.00014200536,0.7303316,0.26952603,3.051497e-07
31025,2025-08-05,2,D1,3,D2,3,D2,False,4.008853e-21,2.743213e-13,0.00019286502,0.7587342,0.24107248,4.3566652e-07
31025,2025-08-12,0,None,3,D2,3,D2,False,2.497929e-19,2.7989024e-12,0.00054181804,0.7945199,0.20493789,3.762033e-07
31025,2025-08-19,0,None,2,D1,2,D1,False,7.243551e-07,0.0046235947,0.90963316,0.08460988,0.0011317766,8.360511e-07
31025,2025-08-26,0,None,0,None,0,None,True,0.8540214,0.14459439,1.9904433e-05,3.384589e-07,3.1288753e-05,0.0013326444
31025,2025-09-02,0,None,0,None,0,None,True,0.8578707,0.14019476,7.712545e-07,6.200115e-10,1.1173423e-05,0.0019225846
31025,2025-09-09,0,None,0,None,0,None,True,0.97245336,0.027545,2.3480247e-08,5.5991236e-12,5.508894e-07,1.0753814e-06
31025,2025-09-16,0,None,0,None,0,None,True,0.98652875,0.013471124,6.0986444e-10,1.5987683e-14,1.7631443e-08,6.100151e-08
31025,2025-09-23,0,None,0,None,0,None,True,0.9878734,0.0121265305,4.2124917e-10,1.0125168e-14,1.0805347e-08,8.553282e-08
31025,2025-09-30,0,None,0,None,0,None,True,0.9709918,0.029008148,1.9308584e-09,1.9597308e-14,9.189056e-10,9.95648e-09
31025,2025-10-07,0,None,0,None,0,None,True,0.9862468,0.013752913,1.6557234e-09,5.1664432e-14,2.7065184e-08,2.5823525e-07
31025,2025-10-14,0,None,0,None,0,None,True,0.9854108,0.014588433,5.427774e-09,2.511226e-13,8.056571e-08,6.569404e-07
31025,2025-10-21,0,None,0,None,0,None,True,0.99072087,0.009221297,2.0377804e-08,1.6730036e-11,4.1034987e-06,5.3702723e-05
31025,2025-10-28,0,None,0,None,0,None,True,0.99035347,0.0060263346,1.0762498e-07,1.908995e-09,0.00038595745,0.0032341487
31025,2025-11-04,0,None,0,None,0,None,True,0.94210434,0.0064014317,3.7693994e-07,2.399159e-07,0.016248625,0.035245065
31025,2025-11-11,0,None,5,D4,0,None,True,0.25281283,0.001205977,3.140881e-07,4.8689826e-06,0.20731452,0.5386614
31025,2025-11-18,0,None,5,D4,5,D4,False,0.010121569,4.5217246e-05,1.1064015e-07,2.2658689e-05,0.30003628,0.6897741
31025,2025-11-25,0,None,0,None,0,None,True,0.39078605,0.0017926253,4.4402665e-07,3.6540964e-06,0.26547888,0.3419383
31025,2025-12-02,0,None,0,None,0,None,True,0.8011026,0.0038270948,4.6022e-07,6.6796997e-07,0.09444738,0.10062169
31025,2025-12-09,0,None,0,None,0,None,True,0.65242773,0.0028344651,4.1793896e-07,9.37331e-07,0.16821313,0.17652333
31025,2025-12-16,0,None,5,D4,0,None,True,0.20111354,0.0007814471,1.7863181e-07,1.2414982e-06,0.3883564,0.40974724
31025,2025-12-23,0,None,5,D4,0,None,True,0.20945248,0.0008261917,1.8559817e-07,1.2662738e-06,0.38213113,0.40758872
31025,2025-12-30,1,D0,4,D3,5,D4,False,3.1451378e-05,1.10240684e-07,6.6236355e-10,3.165911e-07,0.51970804,0.48026004
31027,2022-01-04,2,D1,3,D2,3,D2,False,2.8016475e-17,8.7510105e-10,0.020025698,0.963681,0.016293187,1.07907425e-07
31027,2022-01-11,2,D1,3,D2,3,D2,False,3.0995808e-17,9.310271e-10,0.020906473,0.9635784,0.015514977,9.918627e-08
31027,2022-01-18,2,D1,3,D2,3,D2,False,2.9941738e-17,9.929302e-10,0.021976825,0.96354616,0.014476879,7.5795704e-08
31027,2022-01-25,2,D1,3,D2,3,D2,False,3.5898216e-17,9.469829e-10,0.021017985,0.9625902,0.016391646,7.1453336e-08
31027,2022-02-01,2,D1,3,D2,3,D2,False,2.9774187e-17,6.119821e-10,0.018278854,0.9592404,0.022480654,8.765762e-08
31027,2022-02-08,2,D1,3,D2,3,D2,False,3.974596e-17,5.892361e-10,0.01775282,0.9570018,0.025245227,1.1030974e-07
31027,2022-02-15,2,D1,3,D2,3,D2,False,3.8134234e-17,5.7652666e-10,0.018842235,0.95369405,0.027463596,1.2089652e-07
31027,2022-02-22,2,D1,3,D2,3,D2,False,7.166569e-17,1.0598368e-09,0.02310119,0.9546752,0.02222349,1.0772736e-07
31027,2022-03-01,2,D1,3,D2,3,D2,False,9.4477585e-17,1.3141703e-09,0.023590151,0.9571244,0.01928524,9.7037415e-08
31027,2022-03-08,2,D1,3,D2,3,D2,False,3.143246e-18,1.052928e-10,0.01071723,0.973611,0.015671687,6.533961e-08
31027,2022-03-15,2,D1,3,D2,3,D2,False,3.6679546e-19,2.1978109e-11,0.006153694,0.9797789,0.014067434,2.8973211e-08
31027,2022-03-22,2,D1,3,D2,3,D2,False,8.199131e-21,4.5926164e-13,0.000949489,0.9480319,0.051018674,1.9158588e-08
31027,2022-03-29,3,D2,3,D2,3,D2,True,2.9918418e-21,1.830028e-13,0.00069330476,0.9322751,0.067031495,1.9263375e-08
31027,2022-04-05,3,D2,4,D3,4,D3,False,2.8806046e-30,6.473026e-21,4.802691e-07,0.3710461,0.62895346,5.2665e-09
31027,2022-04-12,3,D2,4,D3,4,D3,False,1.8377552e-31,2.7627593e-22,4.5842327e-08,0.1784903,0.8215097,1.1740969e-08
31027,2022-04-19,3,D2,4,D3,4,D3,False,6.550258e-32,6.7851056e-23,1.5559033e-08,0.087782614,0.9122173,4.9192145e-08
31027,2022-04-26,3,D2,4,D3,4,D3,False,7.021649e-32,2.8749717e-23,7.5015e-09,0.047551908,0.95244783,2.5752493e-07
31027,2022-05-03,3,D2,4,D3,4,D3,False,8.750525e-32,2.3770163e-23,6.974426e-09,0.037713,0.9622865,5.7489905e-07
31027,2022-05-10,3,D2,4,D3,4,D3,False,1.3961158e-31,2.4473547e-23,5.7145866e-09,0.031117404,0.96888185,8.041999e-07
31027,2022-05-17,3,D2,4,D3,4,D3,False,2.1630319e-31,3.4279174e-23,5.876724e-09,0.030026184,0.96997327,6.036207e-07
31027,2022-05-24,3,D2,4,D3,4,D3,False,2.0771032e-31,1.9423764e-23,4.139716e-09,0.03060503,0.9693945,4.75037e-07
31027,2022-05-31,3,D2,4,D3,4,D3,False,8.499613e-31,4.3976487e-23,5.704246e-09,0.06418925,0.93581015,5.227741e-07
31027,2022-06-07,3,D2,4,D3,4,D3,False,1.6283883e-30,9.320813e-23,7.290689e-09,0.08548979,0.9145098,3.77575e-07
31027,2022-06-14,3,D2,4,D3,4,D3,False,2.3733769e-30,1.2497522e-22,7.774148e-09,0.090257734,0.9097419,4.0128603e-07
31027,2022-06-21,3,D2,4,D3,4,D3,False,2.7922068e-30,1.3490237e-22,7.758468e-09,0.08874603,0.9112535,4.409291e-07
31027,2022-06-28,3,D2,4,D3,4,D3,False,3.4370368e-30,1.7176887e-22,8.788717e-09,0.09462387,0.90537566,4.330922e-07
31027,2022-07-05,3,D2,4,D3,4,D3,False,3.407355e-30,1.7180448e-22,8.706673e-09,0.09447089,0.9055287,4.445818e-07
31027,2022-07-12,3,D2,4,D3,4,D3,False,4.095345e-30,1.0932108e-22,5.0602758e-09,0.07339212,0.9266072,6.706225e-07
31027,2022-07-19,3,D2,4,D3,4,D3,False,1.467284e-29,1.8136375e-22,4.314853e-09,0.07068622,0.9293129,9.646354e-07
31027,2022-07-26,3,D2,4,D3,4,D3,False,5.11887e-29,1.54939e-22,1.265568e-09,0.04121296,0.9587844,2.6052592e-06
31027,2022-08-02,3,D2,4,D3,4,D3,False,1.1402604e-28,9.21503e-23,3.275961e-10,0.015256388,0.98473626,7.3332967e-06
31027,2022-08-09,4,D3,4,D3,4,D3,True,2.3731631e-28,9.821366e-23,3.0171332e-10,0.010172601,0.98981655,1.0852015e-05
31027,2022-08-16,3,D2,4,D3,4,D3,False,3.9200932e-29,8.014646e-24,4.205075e-11,0.002203061,0.9977586,3.8304774e-05
31027,2022-08-23,3,D2,4,D3,4,D3,False,3.2885093e-28,1.1622172e-22,3.1072378e-10,0.013971961,0.9860183,9.718657e-06
31027,2022-08-30,3,D2,4,D3,4,D3,False,2.0041455e-28,2.0398322e-22,7.413422e-10,0.029435743,0.97056097,3.235755e-06
31027,2022-09-06,3,D2,4,D3,4,D3,False,1.3368465e-28,1.6796091e-22,7.4925227e-10,0.029404065,0.97059333,2.637191e-06
31027,2022-09-13,4,D3,4,D3,4,D3,True,3.735827e-28,8.9360996e-23,1.4185761e-10,0.0044478555,0.9955218,3.0377914e-05
31027,2022-09-20,4,D3,4,D3,4,D3,True,3.8835682e-29,1.5428842e-24,1.2589806e-11,0.002635855,0.9972946,6.952218e-05
31027,2022-09-27,4,D3,4,D3,4,D3,True,2.0825752e-28,5.403943e-24,1.9091386e-11,0.0029100568,0.99699056,9.930959e-05
31027,2022-10-04,4,D3,4,D3,4,D3,True,2.6352584e-28,6.682873e-24,2.1874473e-11,0.003060375,0.9968399,9.9699275e-05
31027,2022-10-11,4,D3,4,D3,4,D3,True,3.0980304e-28,7.987864e-24,2.5687905e-11,0.0032767598,0.9966272,9.600387e-05
31027,2022-10-18,4,D3,4,D3,4,D3,True,3.6680942e-28,9.5009855e-24,2.9788394e-11,0.0034730579,0.99643195,9.4982315e-05
31027,2022-10-25,4,D3,4,D3,4,D3,True,4.322395e-28,1.11408175e-23,3.386309e-11,0.0036409853,0.9962633,9.565285e-05
31027,2022-11-01,4,D3,4,D3,4,D3,True,4.871933e-28,1.2534023e-23,3.7029057e-11,0.003778771,0.9961254,9.582312e-05
31027,2022-11-08,4,D3,4,D3,4,D3,True,5.227807e-28,1.3459586e-23,3.8721963e-11,0.0038772002,0.99602807,9.476624e-05
31027,2022-11-15,4,D3,4,D3,4,D3,True,5.2222505e-28,1.34256e-23,3.7577063e-11,0.0038780617,0.996029,9.294526e-05
31027,2022-11-22,4,D3,4,D3,4,D3,True,4.982719e-28,1.2764291e-23,3.4898917e-11,0.0037843068,0.99612635,8.940646e-05
31027,2022-11-29,4,D3,4,D3,4,D3,True,3.8684535e-28,9.714373e-24,2.7133608e-11,0.003343876,0.9965668,8.938075e-05
31027,2022-12-06,4,D3,4,D3,4,D3,True,1.4771902e-28,3.722854e-24,1.3072845e-11,0.0023859667,0.9975197,9.428811e-05
31027,2022-12-13,4,D3,4,D3,4,D3,True,1.8786563e-29,4.5482407e-25,3.384381e-12,0.0015701215,0.99833614,9.3776056e-05
31027,2022-12-20,4,D3,4,D3,4,D3,True,5.817248e-30,1.2387178e-25,1.3909293e-12,0.0011637117,0.99873537,0.00010089576
31027,2022-12-27,4,D3,4,D3,4,D3,True,4.7338944e-30,1.00369774e-25,1.1688789e-12,0.0010847712,0.99880993,0.00010533267
31027,2023-01-03,4,D3,4,D3,4,D3,True,3.911743e-30,8.5713404e-26,1.0358047e-12,0.0010387058,0.99885607,0.00010527909
31027,2023-01-10,4,D3,4,D3,4,D3,True,3.2133558e-30,7.5159715e-26,9.518262e-13,0.001008912,0.99888974,0.000101389625
31027,2023-01-17,4,D3,4,D3,4,D3,True,2.6138682e-30,6.6897747e-26,8.916538e-13,0.0009875288,0.9989176,9.488566e-05
31027,2023-01-24,4,D3,4,D3,4,D3,True,2.5238285e-30,6.5909785e-26,8.8451154e-13,0.0009853097,0.99892044,9.430046e-05
31027,2023-01-31,4,D3,4,D3,4,D3,True,2.5103839e-30,6.6468754e-26,8.905628e-13,0.0009851999,0.9989197,9.508243e-05
31027,2023-02-07,4,D3,4,D3,4,D3,True,2.744612e-30,7.7952215e-26,9.946846e-13,0.0010241774,0.9988752,0.000100623125
31027,2023-02-14,3,D2,4,D3,4,D3,False,4.2861244e-30,1.4744835e-25,1.7624363e-12,0.0013138233,0.9985813,0.000104944025
31027,2023-02-21,3,D2,4,D3,4,D3,False,1.0465361e-28,4.197222e-24,1.8648074e-11,0.0031476507,0.9967609,9.146138e-05
31027,2023-02-28,4,D3,4,D3,4,D3,True,6.3500322e-28,2.4472466e-23,6.680535e-11,0.0056425123,0.9942502,0.00010734639
31027,2023-03-07,3,D2,4,D3,4,D3,False,7.2736384e-28,3.0221223e-23,5.787564e-11,0.005510012,0.9943803,0.00010975151
31027,2023-03-14,3,D2,4,D3,4,D3,False,2.8977443e-28,1.4144194e-22,3.490182e-10,0.019165847,0.98081243,2.174991e-05
31027,2023-03-21,3,D2,4,D3,4,D3,False,3.562485e-29,3.3064543e-23,2.6834993e-10,0.023132423,0.97685677,1.0789224e-05
31027,2023-03-28,3,D2,4,D3,4,D3,False,2.174854e-29,3.6494103e-23,3.669179e-10,0.026007913,0.9739872,4.8400207e-06
31027,2023-04-04,3,D2,4,D3,4,D3,False,1.8852832e-29,3.2200766e-23,3.4603584e-10,0.025339277,0.9746559,4.812367e-06
31027,2023-04-11,3,D2,4,D3,4,D3,False,1.6645992e-29,2.8077188e-23,3.133082e-10,0.02394496,0.9760501,4.977354e-06
31027,2023-04-18,3,D2,4,D3,4,D3,False,1.53077e-29,2.6296798e-23,2.9543368e-10,0.022846337,0.97714853,5.149169e-06
31027,2023-04-25,2,D1,4,D3,4,D3,False,1.4829793e-29,2.5976588e-23,2.9063751e-10,0.02196837,0.9780262,5.4268994e-06
31027,2023-05-02,2,D1,4,D3,4,D3,False,1.1666038e-29,1.2557667e-23,1.2029587e-10,0.012046947,0.9879439,9.194191e-06
31027,2023-05-09,2,D1,4,D3,4,D3,False,8.414682e-30,1.20425715e-23,1.3624264e-10,0.011689942,0.9883002,9.865688e-06
31027,2023-05-16,2,D1,4,D3,4,D3,False,4.864948e-30,1.1588235e-23,2.0426717e-10,0.012830739,0.9871607,8.63097e-06
31027,2023-05-23,2,D1,4,D3,4,D3,False,2.564134e-30,1.958661e-23,7.6864626e-10,0.021929625,0.9780663,4.015214e-06
31027,2023-05-30,2,D1,4,D3,4,D3,False,1.7189553e-30,1.8633756e-23,9.13034e-10,0.02356496,0.9764317,3.2625471e-06
31027,2023-06-06,3,D2,4,D3,4,D3,False,1.3150685e-30,1.7527148e-23,9.686993e-10,0.023905944,0.9760911,2.9225382e-06
31027,2023-06-13,3,D2,4,D3,4,D3,False,1.1533531e-30,1.9909533e-23,1.620894e-09,0.035717122,0.9642802,2.661668e-06
31027,2023-06-20,3,D2,4,D3,4,D3,False,1.1281712e-30,1.361441e-23,8.7848234e-10,0.026019702,0.97397715,3.1482125e-06
31027,2023-06-27,3,D2,4,D3,4,D3,False,3.0249276e-30,1.0356304e-23,1.9263004e-10,0.012616736,0.9873766,6.7335372e-06
31027,2023-07-04,3,D2,4,D3,4,D3,False,4.7237096e-30,9.256684e-24,1.3443023e-10,0.009409497,0.9905813,9.1786715e-06
31027,2023-07-11,3,D2,4,D3,4,D3,False,5.582029e-30,9.976159e-24,1.5039864e-10,0.0103354575,0.9896561,8.456886e-06
31027,2023-07-18,3,D2,4,D3,4,D3,False,2.9699668e-30,1.14707854e-23,3.7231576e-10,0.016629094,0.9833667,4.2248334e-06
31027,2023-07-25,3,D2,4,D3,4,D3,False,2.020039e-30,8.722648e-24,3.8848194e-10,0.018612998,0.9813835,3.555676e-06
31027,2023-08-01,2,D1,4,D3,4,D3,False,1.4381379e-30,3.7278103e-24,1.2082171e-10,0.011027625,0.98896724,5.127082e-06
31027,2023-08-08,2,D1,4,D3,4,D3,False,7.543117e-26,1.95935e-19,1.1891226e-07,0.106547266,0.89344776,4.890619e-06
31027,2023-08-15,1,D0,4,D3,4,D3,False,1.1119901e-24,6.0544153e-18,9.539331e-07,0.23436226,0.7656338,3.0117612e-06
31027,2023-08-22,1,D0,4,D3,3,D2,False,2.3470649e-23,1.2574052e-16,3.913586e-06,0.38320413,0.6167835,8.465052e-06
31027,2023-08-29,1,D0,4,D3,3,D2,False,3.4640008e-22,1.2044737e-15,1.1421569e-05,0.4637923,0.536183,1.3252373e-05
31027,2023-09-05,1,D0,3,D2,3,D2,False,9.004857e-23,5.541977e-16,1.0792379e-05,0.50397366,0.496007,8.516493e-06
31027,2023-09-12,2,D1,3,D2,3,D2,False,3.3427637e-23,2.941662e-16,1.043721e-05,0.5633829,0.4366009,5.7410602e-06
31027,2023-09-19,2,D1,3,D2,3,D2,False,9.804038e-24,1.6123416e-16,1.0265353e-05,0.633337,0.3666494,3.3236395e-06
31027,2023-09-26,2,D1,3,D2,3,D2,False,5.1491117e-24,9.919378e-17,8.53095e-06,0.6328928,0.36709592,2.8219554e-06
31027,2023-10-03,2,D1,3,D2,3,D2,False,5.3221625e-24,9.913376e-17,8.305857e-06,0.61418235,0.38580635,2.9449811e-06
31027,2023-10-10,2,D1,3,D2,3,D2,False,6.263985e-24,1.0353992e-16,7.81572e-06,0.5953471,0.4046417,3.4075006e-06
31027,2023-10-17,2,D1,3,D2,3,D2,False,7.665614e-24,1.2268691e-16,8.401091e-06,0.59841686,0.40157118,3.5663222e-06
31027,2023-10-24,2,D1,3,D2,3,D2,False,4.4988673e-17,3.7114248e-10,0.013886029,0.9348235,0.051289525,9.161226e-07
31027,2023-10-31,1,D0,3,D2,3,D2,False,1.5632381e-16,1.224292e-09,0.026370179,0.9453928,0.028236758,2.9581895e-07
31027,2023-11-07,1,D0,2,D1,2,D1,False,1.2500269e-09,0.00042458615,0.9086905,0.09068508,0.00019986299,1.5636981e-08
31027,2023-11-14,1,D0,2,D1,2,D1,False,3.1115356e-05,0.07849386,0.916356,0.005118689,3.6624232e-07,1.1314574e-09
31027,2023-11-21,1,D0,2,D1,2,D1,False,3.1371746e-05,0.119855106,0.87773055,0.0023828866,2.2694016e-08,6.657792e-11
31027,2023-11-28,1,D0,2,D1,2,D1,False,3.1143543e-05,0.1271179,0.8708341,0.0020168452,9.732512e-09,3.1745648e-11
31027,2023-12-05,1,D0,2,D1,2,D1,False,3.259008e-05,0.13056538,0.86728716,0.002114889,8.585344e-09,2.7767382e-11
31027,2023-12-12,1,D0,2,D1,2,D1,False,3.3702257e-05,0.13361676,0.86408216,0.0022673956,8.220036e-09,2.4457932e-11
31027,2023-12-19,1,D0,2,D1,2,D1,False,3.0114996e-05,0.12898083,0.86867416,0.0023148886,8.082982e-09,2.2926496e-11
31027,2023-12-26,0,None,2,D1,2,D1,False,2.9721376e-05,0.12768105,0.86984646,0.0024427187,8.823353e-09,2.3074164e-11
31027,2024-01-02,0,None,0,None,0,None,True,0.84790206,0.15209296,4.8321376e-06,7.343324e-10,2.5620125e-08,1.1718282e-07
31027,2024-01-09,0,None,0,None,0,None,True,0.95986855,0.040131383,6.5661028e-09,6.109923e-13,8.389415e-09,3.636642e-08
31027,2024-01-16,0,None,0,None,0,None,True,0.9607263,0.03927361,2.0876499e-10,2.1011888e-17,1.3439256e-12,3.716395e-11
31027,2024-01-23,0,None,0,None,0,None,True,0.9833627,0.016637322,1.0011359e-10,3.279345e-17,4.9335164e-11,6.042093e-10
31027,2024-01-30,0,None,0,None,0,None,True,0.96784794,0.032152127,2.580516e-10,3.3087003e-17,4.6718705e-11,4.974758e-10
31027,2024-02-06,0,None,0,None,0,None,True,0.9743775,0.025622506,9.784888e-10,1.9329307e-15,5.8434066e-09,2.6222923e-08
31027,2024-02-13,0,None,0,None,0,None,True,0.9682672,0.031732757,3.8536605e-09,1.1418996e-14,2.1789376e-08,8.429962e-08
31027,2024-02-20,0,None,0,None,0,None,True,0.97596586,0.024031572,1.7978783e-08,4.565647e-13,4.2180778e-07,2.155675e-06
31027,2024-02-27,0,None,0,None,0,None,True,0.7596855,0.0045505534,1.3010612e-07,2.9803149e-09,0.01098908,0.2247747
31027,2024-03-05,0,None,0,None,0,None,True,0.8599275,0.0076206885,8.757839e-07,7.062761e-08,0.030121615,0.10232925
31027,2024-03-12,1,D0,5,D4,5,D4,False,0.060388964,0.00049506756,5.9599046e-07,5.3493554e-06,0.2617124,0.67739767
31027,2024-03-19,1,D0,4,D3,4,D3,False,4.6474755e-10,4.5626292e-10,6.477159e-08,0.00034344243,0.6904702,0.30918634
31027,2024-03-26,0,None,3,D2,3,D2,False,1.2157107e-06,0.00024956974,0.13481349,0.68202096,0.17643717,0.0064775976
31027,2024-04-02,0,None,0,None,0,None,True,0.89404607,0.105934635,1.6694243e-05,1.0231906e-08,4.4237086e-07,2.150431e-06
31027,2024-04-09,0,None,0,None,0,None,True,0.9586411,0.04135883,1.587975e-07,2.4231823e-12,2.2087105e-09,2.7330491e-09
31027,2024-04-16,0,None,0,None,0,None,True,0.96953684,0.030463157,3.7552994e-08,3.5099086e-13,9.48107e-10,1.6036741e-09
31027,2024-04-23,0,None,0,None,0,None,True,0.98015267,0.019847326,1.4124025e-08,2.8524226e-13,5.6222764e-09,2.778647e-08
31027,2024-04-30,0,None,0,None,0,None,True,0.983053,0.016946726,1.20596475e-08,1.9185101e-13,1.0718957e-08,2.556469e-07
31027,2024-05-07,0,None,0,None,0,None,True,0.985225,0.014774444,1.159511e-08,2.480366e-13,1.4857636e-08,5.5506274e-07
31027,2024-05-14,0,None,0,None,0,None,True,0.9910787,0.008905635,2.658919e-08,4.8750687e-12,4.185862e-07,1.5141797e-05
31027,2024-05-21,0,None,0,None,0,None,True,0.99242073,0.007470381,6.918839e-08,4.7454242e-11,3.6788458e-06,0.000105042054
31027,2024-05-28,0,None,0,None,0,None,True,0.9921674,0.0068258587,1.9010916e-07,7.017838e-10,5.8250796e-05,0.00094816124
31027,2024-06-04,0,None,0,None,0,None,True,0.9640137,0.005042157,3.4037723e-07,9.629734e-09,0.0024034204,0.028540399
31027,2024-06-11,0,None,0,None,0,None,True,0.7822276,0.003945311,6.984991e-07,1.3335006e-07,0.02621853,0.18760777
31027,2024-06-18,0,None,5,D4,5,D4,False,0.26704898,0.0011904816,5.720189e-07,7.885412e-07,0.10531349,0.6264457
31027,2024-06-25,0,None,0,None,0,None,True,0.9165748,0.0049932348,8.397024e-07,9.3696606e-08,0.016985722,0.06144531
31027,2024-07-02,0,None,0,None,0,None,True,0.9574007,0.00591713,9.077817e-07,9.675231e-08,0.010043075,0.026638081
31027,2024-07-09,0,None,0,None,0,None,True,0.9224585,0.0055333073,1.3011615e-06,3.4344373e-07,0.024359487,0.047647055
31027,2024-07-16,0,None,0,None,0,None,True,0.9603993,0.0052418197,6.5994874e-07,1.3417595e-07,0.010241782,0.024116239
31027,2024-07-23,0,None,0,None,0,None,True,0.8552577,0.0045656613,7.7331174e-07,1.0623763e-06,0.05698525,0.08318954
31027,2024-07-30,0,None,0,None,0,None,True,0.90957814,0.004621521,8.202218e-07,9.574596e-07,0.035329714,0.05046879
31027,2024-08-06,0,None,0,None,0,None,True,0.83193684,0.0034063407,6.104321e-07,9.470411e-07,0.05951583,0.10513944
31027,2024-08-13,0,None,0,None,0,None,True,0.67433065,0.0027134204,6.95049e-07,1.6259016e-06,0.1277022,0.19525136
31027,2024-08-20,0,None,0,None,0,None,True,0.7116318,0.0031040802,6.1087445e-07,8.9188586e-07,0.1238802,0.16138248
31027,2024-08-27,1,D0,0,None,0,None,False,0.8689224,0.004374501,4.5944398e-07,2.8011186e-07,0.062386207,0.06431614
31027,2024-09-03,1,D0,4,D3,4,D3,False,8.138681e-09,2.1898497e-08,6.884054e-07,0.00018201525,0.7972761,0.20254125
31027,2024-09-10,1,D0,3,D2,3,D2,False,0.0001357696,0.005483815,0.17568733,0.44749957,0.3079707,0.06322278
31027,2024-09-17,1,D0,2,D1,2,D1,False,0.0016092203,0.0833128,0.73250675,0.1514937,0.02871324,0.0023643314
31027,2024-09-24,2,D1,3,D2,3,D2,False,2.2744484e-10,4.602073e-06,0.067764655,0.83409953,0.098121546,9.712782e-06
31027,2024-10-01,2,D1,3,D2,3,D2,False,1.6864368e-16,2.6311933e-10,0.0068545546,0.92271775,0.07042555,2.0573254e-06
31027,2024-10-08,3,D2,3,D2,3,D2,True,4.455721e-19,1.7003992e-12,0.0013381448,0.85384303,0.14481615,2.706867e-06
31027,2024-10-15,3,D2,4,D3,4,D3,False,4.7616993e-29,1.6673438e-20,2.3458142e-07,0.089496195,0.91050327,2.8935415e-07
31027,2024-10-22,3,D2,4,D3,4,D3,False,1.0905894e-30,3.3849797e-22,1.1341349e-08,0.016467405,0.98353046,2.1635592e-06
31027,2024-10-29,3,D2,4,D3,4,D3,False,9.04231e-35,1.0654825e-24,2.5586175e-09,0.02098456,0.97901493,5.3216587e-07
31027,2024-11-05,3,D2,4,D3,4,D3,False,1.7729692e-34,3.4507638e-25,9.004041e-10,0.01826009,0.981739,9.510068e-07
31027,2024-11-12,4,D3,4,D3,4,D3,True,1.7480222e-33,7.0345286e-25,1.5000996e-09,0.036109336,0.9638901,6.361373e-07
31027,2024-11-19,3,D2,4,D3,4,D3,False,8.714693e-31,1.934751e-24,9.401077e-11,0.007461589,0.9925269,1.1489924e-05
31027,2024-11-26,3,D2,4,D3,4,D3,False,9.7383215e-29,1.1269654e-22,1.2697219e-09,0.018535044,0.9814539,1.105109e-05
31027,2024-12-03,3,D2,4,D3,4,D3,False,1.7002373e-28,1.4948316e-22,9.971245e-10,0.017862497,0.98210824,2.9242576e-05
31027,2024-12-10,3,D2,4,D3,4,D3,False,5.1451132e-30,7.243128e-24,5.2005917e-11,0.005581497,0.9943711,4.74275e-05
31027,2024-12-17,3,D2,4,D3,4,D3,False,3.927006e-32,1.8026113e-25,1.41905255e-11,0.010138772,0.9898554,5.795176e-06
31027,2024-12-24,3,D2,4,D3,4,D3,False,2.375124e-33,1.0745049e-25,5.922988e-11,0.025535908,0.974464,7.652964e-08
31027,2024-12-31,3,D2,4,D3,4,D3,False,1.6502801e-34,2.386852e-26,2.5011986e-11,0.014758674,0.98524123,1.3040733e-07
31027,2025-01-07,3,D2,4,D3,4,D3,False,8.4456635e-35,1.6323227e-26,2.2038654e-11,0.009642426,0.99035746,1.0617553e-07
31027,2025-01-14,3,D2,4,D3,4,D3,False,4.675927e-35,1.2708648e-26,2.0408852e-11,0.008524721,0.9914752,9.1973256e-08
31027,2025-01-21,3,D2,4,D3,4,D3,False,3.6467167e-35,1.295001e-26,2.657615e-11,0.009798762,0.9902012,7.5206515e-08
31027,2025-01-28,3,D2,4,D3,4,D3,False,5.7082597e-35,1.999208e-26,4.3768364e-11,0.014887527,0.9851125,4.3658122e-08
31027,2025-02-04,3,D2,4,D3,4,D3,False,7.4329825e-35,3.551507e-26,7.3271354e-11,0.018632896,0.98136705,4.8157744e-08
31027,2025-02-11,3,D2,4,D3,4,D3,False,1.2760753e-34,5.8800435e-26,8.19291e-11,0.017932717,0.9820671,1.2354909e-07
31027,2025-02-18,3,D2,4,D3,4,D3,False,1.7255057e-34,3.626364e-26,4.8390517e-11,0.009946854,0.99005276,3.4947718e-07
31027,2025-02-25,3,D2,4,D3,4,D3,False,3.0915074e-34,5.5768115e-26,5.9219865e-11,0.013790506,0.9862091,3.1756576e-07
31027,2025-03-04,3,D2,4,D3,4,D3,False,3.5909481e-34,4.2977207e-26,5.0434112e-11,0.022248974,0.9777508,2.7078204e-07
31027,2025-03-11,3,D2,4,D3,4,D3,False,1.9843199e-34,2.3664648e-26,9.7472155e-11,0.02192844,0.9780713,2.8819068e-07
31027,2025-03-18,3,D2,4,D3,4,D3,False,2.042584e-34,3.2110472e-26,8.7362416e-11,0.021203144,0.9787965,3.942678e-07
31027,2025-03-25,2,D1,4,D3,4,D3,False,9.454686e-35,1.10739924e-26,2.3996156e-11,0.020153614,0.9798463,8.216224e-08
31027,2025-04-01,2,D1,4,D3,4,D3,False,2.3361908e-27,5.0096635e-21,5.105881e-09,0.058219284,0.9417791,1.6425056e-06
31027,2025-04-08,2,D1,4,D3,4,D3,False,2.329116e-24,2.6212531e-17,5.1734696e-07,0.20918241,0.79081464,2.52735e-06
31027,2025-04-15,2,D1,4,D3,4,D3,False,1.162185e-23,2.2501128e-16,2.215877e-06,0.32962632,0.6703695,1.872984e-06
31027,2025-04-22,2,D1,4,D3,3,D2,False,3.594414e-23,7.7893775e-16,6.4502183e-06,0.45116633,0.5488252,1.9868023e-06
31027,2025-04-29,2,D1,3,D2,3,D2,False,1.7534523e-22,6.3928287e-15,5.0283623e-05,0.7282144,0.2717337,1.6066515e-06
31027,2025-05-06,2,D1,3,D2,3,D2,False,3.0727185e-22,1.1662637e-14,6.9909045e-05,0.7738108,0.22611777,1.5433021e-06
31027,2025-05-13,2,D1,3,D2,3,D2,False,5.2993313e-22,1.630799e-14,6.805832e-05,0.8169616,0.1829687,1.663151e-06
31027,2025-05-20,2,D1,3,D2,3,D2,False,9.057222e-22,2.4384722e-14,9.055313e-05,0.8684823,0.13142617,9.307755e-07
31027,2025-05-27,2,D1,3,D2,3,D2,False,2.1205318e-21,1.1513509e-13,0.00026074526,0.9202763,0.07946267,3.431044e-07
31027,2025-06-03,2,D1,3,D2,3,D2,False,1.2631068e-21,1.02858274e-13,0.00023847775,0.89697886,0.10278221,4.0698782e-07
31027,2025-06-10,2,D1,3,D2,3,D2,False,2.6975915e-22,2.2895997e-14,0.00011515788,0.9239247,0.07595994,1.9802154e-07
31027,2025-06-17,2,D1,3,D2,3,D2,False,1.1780354e-22,5.6366235e-15,3.845586e-05,0.7841929,0.21576846,2.3370414e-07
31027,2025-06-24,2,D1,3,D2,3,D2,False,1.5865197e-22,5.0730667e-15,2.0115365e-05,0.7083534,0.2916262,2.228971e-07
31027,2025-07-01,1,D0,3,D2,3,D2,False,9.499344e-23,3.139143e-15,1.3185678e-05,0.6763282,0.32365835,2.8340844e-07
31027,2025-07-08,1,D0,3,D2,3,D2,False,3.4064546e-19,8.6434066e-13,6.935457e-05,0.5438857,0.45603678,8.220957e-06
31027,2025-07-15,0,None,3,D2,3,D2,False,1.4326119e-11,1.5463668e-06,0.051516645,0.74649674,0.20195913,2.5991843e-05
31027,2025-07-22,0,None,5,D4,5,D4,False,0.046232726,0.010046029,9.101747e-05,0.00019545083,0.26467103,0.67876375
31027,2025-07-29,0,None,0,None,0,None,True,0.9533171,0.046679452,8.0281346e-08,1.2863156e-10,1.3070635e-06,2.013287e-06
31027,2025-08-05,0,None,0,None,0,None,True,0.9785709,0.021401927,9.040172e-09,2.7437535e-11,1.4215578e-05,1.30125045e-05
31027,2025-08-12,0,None,0,None,0,None,True,0.9901933,0.009650276,1.4387446e-09,2.3491764e-12,2.7296042e-05,0.0001290884
31027,2025-08-19,0,None,0,None,0,None,True,0.98493963,0.015042918,1.0573182e-09,1.9379036e-13,1.0632594e-06,1.6304539e-05
31027,2025-08-26,0,None,0,None,0,None,True,0.9572366,0.042763323,9.0234287e-10,6.446496e-16,2.3266127e-09,6.066085e-08
31027,2025-09-02,0,None,0,None,0,None,True,0.986527,0.013421768,6.5941097e-09,6.2029873e-13,3.3454903e-06,4.787313e-05
31027,2025-09-09,0,None,0,None,0,None,True,0.99002916,0.0075832154,4.233066e-08,8.6700994e-11,0.00016660053,0.0022210348
31027,2025-09-16,0,None,0,None,0,None,True,0.98868084,0.010907979,2.4239156e-07,9.4519e-10,5.7304933e-05,0.0003536676
31027,2025-09-23,0,None,5,D4,5,D4,False,0.012057165,0.000101993224,1.75198e-07,3.950944e-06,0.45876932,0.52906734
31027,2025-09-30,0,None,4,D3,4,D3,False,0.00042199268,2.4748133e-06,3.1967595e-08,5.1830325e-06,0.62512785,0.3744425
31027,2025-10-07,1,D0,4,D3,5,D4,False,0.00041618544,1.8234011e-06,3.5054615e-08,4.71505e-06,0.5193726,0.4802046
31027,2025-10-14,1,D0,4,D3,4,D3,False,1.6961783e-06,4.1903753e-05,0.012457295,0.33405355,0.5802689,0.07317664
31027,2025-10-21,2,D1,2,D1,2,D1,True,0.00044273544,0.0815689,0.8087067,0.10766637,0.001604946,1.03783495e-05
31027,2025-10-28,2,D1,3,D2,3,D2,False,1.0234489e-16,1.4528142e-09,0.028264027,0.96447223,0.0072637056,1.1417444e-08
31027,2025-11-04,2,D1,3,D2,3,D2,False,4.5414733e-19,1.00655925e-11,0.0038366967,0.9819958,0.014167452,1.8004222e-08
31027,2025-11-11,2,D1,3,D2,3,D2,False,6.31132e-20,7.392822e-13,0.00082984037,0.96795225,0.031217763,9.10741e-08
31027,2025-11-18,2,D1,3,D2,3,D2,False,1.0675594e-19,2.5315687e-12,0.0015034302,0.97212213,0.026374308,7.523839e-08
31027,2025-11-25,2,D1,3,D2,3,D2,False,1.296679e-19,4.6889224e-12,0.0019046672,0.9717773,0.026317878,9.638087e-08
31027,2025-12-02,2,D1,3,D2,3,D2,False,2.3305659e-19,1.4138621e-11,0.0037112553,0.97817546,0.018113287,4.530445e-08
31027,2025-12-09,2,D1,3,D2,3,D2,False,3.7200023e-19,3.34547e-11,0.0065582083,0.9814796,0.011962188,1.8306118e-08
31027,2025-12-16,2,D1,3,D2,3,D2,False,3.7643304e-19,3.340908e-11,0.006640168,0.98003274,0.013327019,2.280531e-08
31027,2025-12-23,2,D1,3,D2,3,D2,False,3.89596e-19,3.8582915e-11,0.00733282,0.9807842,0.011882937,1.8014278e-08
31027,2025-12-30,2,D1,3,D2,3,D2,False,3.9931816e-19,3.6276326e-11,0.0071889227,0.9807631,0.012047989,2.0673873e-08
31029,2022-01-04,2,D1,3,D2,3,D2,False,5.230662e-21,2.705322e-13,0.0010952917,0.9786512,0.020253407,1.4352638e-08
31029,2022-01-11,2,D1,3,D2,3,D2,False,4.904285e-21,2.4160456e-13,0.0010058036,0.9769743,0.02201992,1.4608912e-08
31029,2022-01-18,2,D1,3,D2,3,D2,False,7.6708925e-21,4.72811e-13,0.0013932276,0.9820457,0.016561063,1.066816e-08
31029,2022-01-25,2,D1,3,D2,3,D2,False,5.566329e-21,3.052455e-13,0.0010689946,0.98062,0.018310942,1.2737255e-08
31029,2022-02-01,2,D1,3,D2,3,D2,False,1.958881e-21,7.256473e-14,0.00050076237,0.9612227,0.038276516,1.9825292e-08
31029,2022-02-08,2,D1,3,D2,3,D2,False,4.15646e-21,1.08634564e-13,0.00055806444,0.95711523,0.042326707,3.0763804e-08
31029,2022-02-15,2,D1,3,D2,3,D2,False,1.09297806e-20,1.9055708e-13,0.0006633187,0.9527549,0.046581686,6.1466054e-08
31029,2022-02-22,2,D1,3,D2,3,D2,False,6.008854e-21,9.4924584e-14,0.00042822777,0.94213086,0.05744076,1.07886976e-07
31029,2022-03-01,3,D2,3,D2,3,D2,True,2.6288046e-21,4.598618e-14,0.00026014657,0.9411836,0.058556102,1.2814634e-07
31029,2022-03-08,3,D2,4,D3,3,D2,True,6.3008507e-28,1.8732101e-19,1.3089614e-06,0.38337064,0.61662793,9.4654524e-08
31029,2022-03-15,3,D2,4,D3,4,D3,False,3.4725762e-28,1.3760685e-19,1.3116168e-06,0.3625829,0.63741577,4.591117e-08
31029,2022-03-22,3,D2,4,D3,4,D3,False,3.2546223e-28,1.1094062e-19,1.1065151e-06,0.344689,0.65530986,6.130244e-08
31029,2022-03-29,3,D2,4,D3,4,D3,False,2.083483e-27,2.9159624e-19,1.3063657e-06,0.33249405,0.6675045,2.1702856e-07
31029,2022-04-05,3,D2,4,D3,4,D3,False,3.470791e-27,4.1562452e-19,1.4742255e-06,0.3454418,0.65455633,4.3492085e-07
31029,2022-04-12,3,D2,4,D3,4,D3,False,4.6042325e-27,5.0023686e-19,1.4109652e-06,0.33925977,0.6607382,5.8117234e-07
31029,2022-04-19,3,D2,4,D3,4,D3,False,9.1639275e-27,7.870235e-19,1.6609289e-06,0.34156072,0.6584371,5.931584e-07
31029,2022-04-26,3,D2,4,D3,3,D2,True,4.9078527e-27,2.6025074e-19,6.017061e-07,0.4573887,0.54261065,6.166555e-08
31029,2022-05-03,3,D2,4,D3,4,D3,False,2.0130382e-27,1.1107773e-19,4.139148e-07,0.2601708,0.7398285,2.3792717e-07
31029,2022-05-10,3,D2,4,D3,4,D3,False,4.740224e-30,8.946703e-22,1.4370346e-08,0.08759034,0.91240937,2.8971525e-07
31029,2022-05-17,3,D2,4,D3,4,D3,False,2.286067e-31,1.277456e-23,1.5168534e-09,0.052733347,0.94726646,2.0890938e-07
31029,2022-05-24,3,D2,4,D3,4,D3,False,4.4639095e-32,6.9010035e-25,6.889873e-11,0.020948118,0.9790517,1.2993569e-07
31029,2022-05-31,3,D2,4,D3,4,D3,False,3.4856824e-33,1.7031723e-26,9.905482e-13,0.0019913733,0.99800736,1.31609e-06
31029,2022-06-07,3,D2,4,D3,4,D3,False,2.419008e-33,4.7335656e-27,3.2703362e-13,0.0009092811,0.9990858,4.9237397e-06
31029,2022-06-14,3,D2,4,D3,4,D3,False,1.2704275e-33,2.3547384e-27,2.1862575e-13,0.00078464113,0.9992085,6.8951163e-06
31029,2022-06-21,3,D2,4,D3,4,D3,False,8.921026e-33,1.7121684e-26,4.508549e-13,0.0011561821,0.99883384,9.998321e-06
31029,2022-06-28,4,D3,4,D3,4,D3,True,1.9565151e-32,3.3540273e-26,1.4253914e-12,0.0022045937,0.9977902,5.1794473e-06
31029,2022-07-05,4,D3,4,D3,4,D3,True,2.1718097e-30,5.9414706e-25,3.1560893e-12,0.0013696754,0.99859923,3.10864e-05
31029,2022-07-12,4,D3,4,D3,4,D3,True,1.8595062e-30,7.1696585e-25,2.2987552e-12,0.0004555301,0.9991565,0.00038797958
31029,2022-07-19,4,D3,4,D3,4,D3,True,2.7386096e-30,1.1618088e-24,1.6978294e-11,0.0012660471,0.9985935,0.00014045056
31029,2022-07-26,4,D3,4,D3,4,D3,True,1.8012392e-29,7.397145e-24,6.840203e-11,0.004632464,0.9953492,1.8356335e-05
31029,2022-08-02,4,D3,4,D3,4,D3,True,2.4622131e-29,7.82614e-24,6.043657e-11,0.0041887155,0.99579155,1.9677835e-05
31029,2022-08-09,4,D3,4,D3,4,D3,True,3.635193e-29,9.079408e-24,5.435316e-11,0.0040817414,0.9958968,2.1472517e-05
31029,2022-08-16,4,D3,4,D3,4,D3,True,1.46584e-28,4.2345407e-24,1.6757394e-11,0.0025404205,0.99739033,6.9235866e-05
31029,2022-08-23,4,D3,4,D3,4,D3,True,3.9785373e-29,1.3202747e-24,7.825285e-12,0.0019292153,0.9980077,6.313756e-05
31029,2022-08-30,5,D4,4,D3,4,D3,False,4.308614e-29,1.4753269e-24,8.901046e-12,0.0021177167,0.99782276,5.9493115e-05
31029,2022-09-06,5,D4,4,D3,4,D3,False,4.1565327e-29,7.859796e-25,3.317896e-12,0.0012006781,0.9986904,0.00010888446
31029,2022-09-13,4,D3,4,D3,4,D3,True,6.42183e-29,7.009428e-25,2.2891036e-12,0.00091579446,0.998928,0.00015619924
31029,2022-09-20,4,D3,4,D3,4,D3,True,5.0744276e-29,5.2567906e-25,1.7202758e-12,0.00077865453,0.999057,0.00016431877
31029,2022-09-27,4,D3,4,D3,4,D3,True,2.4462842e-29,2.712272e-25,1.0567887e-12,0.0006224536,0.99921083,0.00016671605
31029,2022-10-04,4,D3,4,D3,4,D3,True,7.054532e-30,6.6454616e-26,3.8636368e-13,0.00044088397,0.99936277,0.00019641279
31029,2022-10-11,4,D3,4,D3,4,D3,True,1.731794e-30,1.4205547e-26,1.2156801e-13,0.00029443408,0.99946004,0.00024552748
31029,2022-10-18,4,D3,4,D3,4,D3,True,9.568765e-31,8.554399e-27,8.554716e-14,0.00029101878,0.99942183,0.00028721552
31029,2022-10-25,4,D3,4,D3,4,D3,True,7.6480267e-31,7.216203e-27,7.41717e-14,0.00026794153,0.99941015,0.00032195763
31029,2022-11-01,4,D3,4,D3,4,D3,True,6.921129e-31,6.479825e-27,6.092394e-14,0.00021287853,0.999395,0.00039215194
31029,2022-11-08,4,D3,4,D3,4,D3,True,6.7798184e-31,6.147259e-27,5.029092e-14,0.00017685209,0.999343,0.00048013908
31029,2022-11-15,4,D3,4,D3,4,D3,True,6.0840456e-31,5.0363627e-27,3.590176e-14,0.00015873426,0.99931586,0.00052545185
31029,2022-11-22,4,D3,4,D3,4,D3,True,5.790215e-31,3.043121e-27,1.6832061e-14,0.00012528575,0.99929965,0.00057507027
31029,2022-11-29,4,D3,4,D3,4,D3,True,9.288165e-31,3.5823075e-27,1.6144275e-14,0.000117873824,0.99932957,0.0005526134
31029,2022-12-06,4,D3,4,D3,4,D3,True,5.017396e-30,1.3606965e-26,3.4501868e-14,0.00014657564,0.99911124,0.00074219215
31029,2022-12-13,4,D3,4,D3,4,D3,True,9.1137555e-30,2.2190907e-26,4.589876e-14,0.00015685214,0.9989926,0.0008504694
31029,2022-12-20,4,D3,4,D3,4,D3,True,8.4433446e-30,2.1086571e-26,4.607946e-14,0.00015877829,0.9990175,0.0008236998
31029,2022-12-27,4,D3,4,D3,4,D3,True,8.775752e-30,2.1976173e-26,4.787741e-14,0.00016160874,0.9990115,0.00082685874
31029,2023-01-03,4,D3,4,D3,4,D3,True,7.34331e-30,1.9043495e-26,4.4429314e-14,0.00015814097,0.9990238,0.0008181121
31029,2023-01-10,4,D3,4,D3,4,D3,True,1.2623858e-29,9.692812e-26,3.480412e-13,0.00076122984,0.9989221,0.00031670806
31029,2023-01-17,4,D3,4,D3,4,D3,True,2.318964e-29,1.5575593e-25,6.0125754e-13,0.0007031992,0.99906784,0.00022896471
31029,2023-01-24,4,D3,4,D3,4,D3,True,3.3810675e-29,2.3179147e-25,7.756603e-13,0.0007714397,0.9989796,0.00024888833
31029,2023-01-31,4,D3,4,D3,4,D3,True,3.3475434e-29,2.8614768e-25,9.805501e-13,0.0008578754,0.9989103,0.0002318433
31029,2023-02-07,4,D3,4,D3,4,D3,True,1.8900559e-29,3.8416927e-25,1.7683189e-12,0.0012467032,0.99861753,0.00013570747
31029,2023-02-14,4,D3,4,D3,4,D3,True,6.562353e-30,4.31948e-25,2.5838407e-12,0.0016199525,0.9982862,9.38696e-05
31029,2023-02-21,4,D3,4,D3,4,D3,True,1.6533315e-30,1.29368e-25,1.1565358e-12,0.0010230977,0.99883324,0.00014363923
31029,2023-02-28,4,D3,4,D3,4,D3,True,3.2570913e-30,3.3960977e-25,2.6983433e-12,0.0017472771,0.9981198,0.0001329486
31029,2023-03-07,4,D3,4,D3,4,D3,True,3.23309e-30,3.443821e-25,2.8600121e-12,0.0018189276,0.99804795,0.00013316463
31029,2023-03-14,4,D3,4,D3,4,D3,True,2.8643423e-30,2.9084466e-25,2.5818102e-12,0.0017305089,0.9981335,0.00013602435
31029,2023-03-21,4,D3,4,D3,4,D3,True,2.1012842e-30,2.0159013e-25,2.0575692e-12,0.0015563741,0.99830246,0.00014118277
31029,2023-03-28,4,D3,4,D3,4,D3,True,1.6374326e-30,1.3420209e-25,1.4927367e-12,0.0012273401,0.99861586,0.00015677833
31029,2023-04-04,4,D3,4,D3,4,D3,True,4.4361934e-30,2.580075e-25,1.6926597e-12,0.0010924179,0.9987238,0.00018379436
31029,2023-04-11,4,D3,4,D3,4,D3,True,3.4622905e-30,2.1629437e-25,1.7725515e-12,0.001095148,0.9987746,0.00013029978
31029,2023-04-18,4,D3,4,D3,4,D3,True,7.654862e-30,4.9197153e-25,2.3299028e-12,0.0009618172,0.9989035,0.00013469072
31029,2023-04-25,4,D3,4,D3,4,D3,True,6.810476e-30,4.5102787e-25,2.107208e-12,0.00084527343,0.99901354,0.00014113386
31029,2023-05-02,4,D3,4,D3,4,D3,True,8.2466876e-30,4.8060976e-25,1.7784698e-12,0.00066900597,0.9991549,0.00017605959
31029,2023-05-09,4,D3,4,D3,4,D3,True,1.6562105e-29,7.216198e-25,1.3419809e-12,0.00035794356,0.9993856,0.0002563959
31029,2023-05-16,3,D2,4,D3,4,D3,False,2.5455853e-29,7.4450636e-25,7.8382797e-13,0.00021981452,0.9994425,0.00033769067
31029,2023-05-23,3,D2,4,D3,4,D3,False,1.5256031e-28,1.0234556e-22,1.9061573e-10,0.007195476,0.99278826,1.6251443e-05
31029,2023-05-30,2,D1,4,D3,4,D3,False,4.6887192e-29,1.2305662e-22,5.371717e-10,0.013696529,0.98629737,6.091001e-06
31029,2023-06-06,2,D1,4,D3,4,D3,False,6.819371e-23,5.4631508e-17,8.232311e-07,0.12922184,0.8707577,1.9620124e-05
31029,2023-06-13,2,D1,3,D2,3,D2,False,5.3673887e-17,1.2600135e-10,0.0029047746,0.8764403,0.12064962,5.313387e-06
31029,2023-06-20,2,D1,3,D2,3,D2,False,2.7720575e-16,8.496778e-10,0.009070576,0.9291468,0.06178085,1.7712615e-06
31029,2023-06-27,2,D1,3,D2,3,D2,False,7.6427234e-17,6.0765726e-10,0.01651646,0.9586273,0.024856195,1.3476631e-07
31029,2023-07-04,2,D1,3,D2,3,D2,False,8.3552905e-17,7.974192e-10,0.023473192,0.96091837,0.015608299,7.396737e-08
31029,2023-07-11,1,D0,3,D2,3,D2,False,1.1462493e-17,7.734047e-11,0.009646304,0.96475005,0.025603402,1.8214763e-07
31029,2023-07-18,1,D0,2,D1,2,D1,False,2.431879e-07,0.0063113896,0.9437311,0.049862914,9.423199e-05,4.8794565e-08
31029,2023-07-25,1,D0,2,D1,2,D1,False,0.0012706013,0.08379194,0.8011967,0.0495521,0.011279793,0.052908882
31029,2023-08-01,1,D0,5,D4,5,D4,False,0.0011504729,0.026521962,0.12415386,0.015559842,0.04525248,0.7873614
31029,2023-08-08,0,None,5,D4,5,D4,False,0.00024923595,0.0050802357,0.0123067275,0.003377175,0.044798948,0.93418765
31029,2023-08-15,0,None,0,None,0,None,True,0.92014354,0.07356388,2.456673e-06,3.1057368e-07,0.0002259051,0.006063988
31029,2023-08-22,0,None,0,None,0,None,True,0.97787243,0.020170534,6.0771873e-07,2.233705e-07,0.00018146764,0.0017747554
31029,2023-08-29,0,None,0,None,0,None,True,0.9652645,0.012702399,3.8541975e-07,3.3644787e-07,0.0019854172,0.020047035
31029,2023-09-05,0,None,0,None,0,None,True,0.972398,0.027574023,9.8013324e-08,2.2766114e-10,5.5793353e-06,2.237441e-05
31029,2023-09-12,0,None,0,None,0,None,True,0.9792757,0.020452647,1.397679e-07,8.5558344e-10,4.460123e-05,0.00022691258
31029,2023-09-19,0,None,0,None,0,None,True,0.9701165,0.029139029,5.07313e-07,9.14312e-09,0.00016545161,0.0005785575
31029,2023-09-26,0,None,0,None,0,None,True,0.9492628,0.05023647,2.0412683e-06,6.4503114e-09,6.7862224e-05,0.00043076905
31029,2023-10-03,0,None,0,None,0,None,True,0.92376417,0.07247106,4.6812997e-06,4.244527e-08,0.0005574864,0.0032025748
31029,2023-10-10,1,D0,0,None,0,None,False,0.7778589,0.05272731,7.326465e-06,9.516494e-07,0.020921953,0.14848351
31029,2023-10-17,1,D0,5,D4,5,D4,False,7.229109e-06,8.770757e-05,0.00055789656,0.004127286,0.335833,0.6593869
31029,2023-10-24,1,D0,3,D2,3,D2,False,1.5588871e-12,6.167484e-08,0.013330064,0.72479945,0.26184016,3.028623e-05
31029,2023-10-31,1,D0,3,D2,3,D2,False,1.09351e-13,3.9384243e-08,0.04406687,0.8954457,0.060486406,9.277575e-07
31029,2023-11-07,1,D0,3,D2,3,D2,False,1.4956824e-13,9.095552e-08,0.061976586,0.9062924,0.031730633,3.3510887e-07
31029,2023-11-14,1,D0,3,D2,3,D2,False,1.4786413e-12,7.400745e-07,0.13616608,0.84178025,0.02205244,4.309297e-07
31029,2023-11-21,1,D0,3,D2,3,D2,False,3.3428125e-11,1.1353886e-05,0.32285878,0.6641889,0.012940307,5.714575e-07
31029,2023-11-28,1,D0,3,D2,3,D2,False,1.0606787e-10,3.4859328e-05,0.44702548,0.54469734,0.008241911,4.7471656e-07
31029,2023-12-05,1,D0,2,D1,2,D1,False,1.5768038e-10,6.0785005e-05,0.5219417,0.47224763,0.0057494817,3.3945616e-07
31029,2023-12-12,1,D0,2,D1,2,D1,False,1.4793336e-10,7.2019466e-05,0.55283475,0.44228253,0.0048105395,2.5848396e-07
31029,2023-12-19,1,D0,2,D1,2,D1,False,7.5926744e-11,4.9534712e-05,0.5183155,0.47580746,0.0058272416,2.8171127e-07
31029,2023-12-26,1,D0,2,D1,2,D1,False,4.3754927e-11,4.1868356e-05,0.5406348,0.4549012,0.0044219773,1.59496e-07
31029,2024-01-02,1,D0,3,D2,3,D2,False,1.2719034e-11,1.7929806e-05,0.45709762,0.5378463,0.0050381366,7.143174e-08
31029,2024-01-09,1,D0,3,D2,3,D2,False,7.865381e-12,1.0170653e-05,0.38935193,0.6027675,0.007870208,1.2066839e-07
31029,2024-01-16,1,D0,3,D2,3,D2,False,7.1848304e-12,9.486313e-06,0.37915987,0.6124623,0.008368197,1.2597847e-07
31029,2024-01-23,1,D0,3,D2,3,D2,False,7.678978e-12,1.016226e-05,0.387453,0.60445094,0.008085686,1.2064956e-07
31029,2024-01-30,1,D0,3,D2,3,D2,False,8.519363e-12,1.1042775e-05,0.4012405,0.5911294,0.0076189702,1.13755156e-07
31029,2024-02-06,1,D0,3,D2,3,D2,False,9.712115e-12,1.22000465e-05,0.41870072,0.574256,0.0070308805,1.0564404e-07
31029,2024-02-13,1,D0,3,D2,3,D2,False,1.5461214e-11,1.5066875e-05,0.4490055,0.5435631,0.007416162,1.249083e-07
31029,2024-02-20,1,D0,2,D1,2,D1,False,1.6056825e-05,0.029133726,0.9406007,0.030224228,2.5322634e-05,4.3604732e-08
31029,2024-02-27,1,D0,5,D4,0,None,False,0.24322821,0.3174381,0.0067945085,0.004871331,0.052483354,0.3751846
31029,2024-03-05,1,D0,0,None,0,None,False,0.6221644,0.37756822,2.9305394e-05,2.434435e-07,2.3371382e-05,0.00021442655
31029,2024-03-12,0,None,0,None,0,None,True,0.66599804,0.33397445,1.0085067e-05,1.3657156e-08,1.3608725e-06,1.605049e-05
31029,2024-03-19,0,None,0,None,0,None,True,0.97763866,0.02234245,2.345407e-08,2.8821365e-10,8.5338215e-06,1.0420996e-05
31029,2024-03-26,0,None,0,None,0,None,True,0.98992735,0.009252162,4.4195416e-09,6.3753147e-10,0.00012840638,0.00069202966
31029,2024-04-02,0,None,0,None,0,None,True,0.9920467,0.007925807,5.047622e-10,6.105471e-13,2.3636442e-06,2.5149788e-05
31029,2024-04-09,0,None,0,None,0,None,True,0.9895845,0.009480172,2.5223874e-09,9.765798e-11,6.358631e-05,0.00087175245
31029,2024-04-16,0,None,0,None,0,None,True,0.9907657,0.007652536,2.342893e-09,2.5124663e-11,0.000114594164,0.0014671802
31029,2024-04-23,0,None,0,None,0,None,True,0.9779304,0.022061197,4.617583e-09,1.4418865e-12,1.8184359e-06,6.5343834e-06
31029,2024-04-30,0,None,0,None,0,None,True,0.98893124,0.010642126,1.51162e-08,8.57691e-11,3.855523e-05,0.00038810566
31029,2024-05-07,0,None,0,None,0,None,True,0.98950505,0.007429105,1.6028758e-07,1.35794425e-08,0.0004861268,0.0025796257
31029,2024-05-14,1,D0,0,None,0,None,False,0.99063057,0.008579047,2.4324345e-07,1.134248e-08,0.00018273629,0.00060751307
31029,2024-05-21,0,None,4,D3,4,D3,False,0.014144214,0.00013035505,7.885604e-07,3.5417397e-05,0.68845886,0.2972303
31029,2024-05-28,0,None,4,D3,4,D3,False,0.077314556,0.00040626983,2.5399876e-07,5.484906e-06,0.56395483,0.35831866
31029,2024-06-04,0,None,4,D3,5,D4,False,0.0032527635,1.2206929e-05,3.2315725e-08,9.135654e-06,0.5362696,0.46045625
31029,2024-06-11,0,None,4,D3,0,None,True,0.29302353,0.0012123643,4.588439e-07,4.5301035e-06,0.37384272,0.33191645
31029,2024-06-18,0,None,0,None,0,None,True,0.9818656,0.004689611,4.852879e-07,1.8188304e-07,0.0034085936,0.0100356415
31029,2024-06-25,0,None,0,None,0,None,True,0.9876722,0.0051291343,3.8745756e-07,6.915664e-08,0.0017765361,0.005421737
31029,2024-07-02,1,D0,0,None,0,None,False,0.98917145,0.007331945,3.1003455e-07,4.7482596e-09,0.00043398928,0.0030623497
31029,2024-07-09,1,D0,5,D4,5,D4,False,0.035174213,0.0005382646,6.8949157e-06,2.1920276e-05,0.19057235,0.7736864
31029,2024-07-16,1,D0,5,D4,5,D4,False,1.2212125e-05,4.685772e-05,0.0002138369,0.002881512,0.22465327,0.77219236
31029,2024-07-23,2,D1,5,D4,5,D4,False,0.009473795,0.14628987,0.10993925,0.12009315,0.16190791,0.45229605
31029,2024-07-30,2,D1,3,D2,3,D2,False,1.74997e-14,5.917547e-09,0.0068591917,0.85175645,0.14138345,9.325166e-07
31029,2024-08-06,2,D1,3,D2,3,D2,False,5.667597e-16,6.4254463e-10,0.0037059789,0.93649477,0.059799176,6.218135e-08
31029,2024-08-13,1,D0,3,D2,3,D2,False,2.7623907e-17,3.855381e-11,0.0013521799,0.840005,0.15864263,1.668071e-07
31029,2024-08-20,0,None,3,D2,3,D2,False,2.1790213e-15,5.982158e-10,0.0019012685,0.69534475,0.3027518,2.169104e-06
31029,2024-08-27,0,None,5,D4,5,D4,False,0.0006757816,0.00037486266,2.469994e-06,1.6047246e-05,0.1331399,0.8657911
31029,2024-09-03,0,None,0,None,0,None,True,0.9459575,0.053995132,2.3693616e-08,1.5270672e-11,1.1250306e-05,3.609975e-05
31029,2024-09-10,0,None,0,None,0,None,True,0.97688705,0.021749878,3.3005558e-09,2.1088154e-11,0.00027247955,0.0010906355
31029,2024-09-17,0,None,0,None,0,None,True,0.97513276,0.024864484,2.1158048e-10,1.2955035e-14,1.932775e-07,2.494821e-06
31029,2024-09-24,0,None,0,None,0,None,True,0.9316275,0.06837182,1.3685738e-09,1.8957097e-14,5.5735395e-08,5.359481e-07
31029,2024-10-01,0,None,0,None,0,None,True,0.92611206,0.07388156,6.1326544e-09,2.785071e-13,2.4911028e-06,3.865079e-06
31029,2024-10-08,0,None,0,None,0,None,True,0.86407405,0.13592593,3.0846735e-08,1.3663135e-13,3.5630627e-08,5.6931714e-08
31029,2024-10-15,1,D0,0,None,0,None,False,0.9219009,0.07808824,1.1253737e-07,1.3034787e-10,6.973937e-06,3.7524496e-06
31029,2024-10-22,1,D0,4,D3,4,D3,False,0.01065015,0.22187015,0.052990645,0.19381888,0.470346,0.050324116
31029,2024-10-29,1,D0,3,D2,3,D2,False,2.9920511e-05,0.0025955,0.12916648,0.670807,0.19427213,0.0031288976
31029,2024-11-05,1,D0,2,D1,2,D1,False,5.5658238e-05,0.0317917,0.72833216,0.23506524,0.0047487575,6.5375516e-06
31029,2024-11-12,0,None,2,D1,2,D1,False,0.00010328958,0.088674694,0.85118276,0.059923515,0.00011552834,1.3897177e-07
31029,2024-11-19,0,None,0,None,0,None,True,0.85840225,0.14148687,1.3523473e-05,1.4356164e-07,4.013279e-05,5.7106052e-05
31029,2024-11-26,0,None,0,None,0,None,True,0.93976516,0.060234714,6.112243e-08,1.9696121e-11,3.065543e-08,2.5158625e-08
31029,2024-12-03,0,None,0,None,0,None,True,0.9662153,0.033784613,1.194186e-09,2.2307717e-14,1.17806955e-08,2.2705375e-08
31029,2024-12-10,0,None,0,None,0,None,True,0.98431236,0.015687648,1.3600823e-10,7.61143e-16,4.2825428e-09,1.21353585e-08
31029,2024-12-17,0,None,0,None,0,None,True,0.9621445,0.03785552,3.527815e-10,1.7622703e-16,8.101445e-10,2.8167224e-09
31029,2024-12-24,0,None,0,None,0,None,True,0.9686665,0.031333473,7.256217e-10,4.2673898e-16,3.5687888e-09,9.462109e-09
31029,2024-12-31,0,None,0,None,0,None,True,0.96219814,0.037801787,2.560409e-09,2.8508037e-15,1.3452635e-08,2.1850031e-08
31029,2025-01-07,0,None,0,None,0,None,True,0.9844125,0.015558275,1.6918264e-08,3.8779284e-12,1.0766469e-05,1.8471248e-05
31029,2025-01-14,0,None,0,None,0,None,True,0.82981986,0.008211073,7.222784e-07,2.5980907e-07,0.08831817,0.07364996
31029,2025-01-21,0,None,4,D3,4,D3,False,0.016699001,0.00012999859,1.9736352e-07,7.227881e-06,0.71218413,0.27097946
31029,2025-01-28,0,None,0,None,0,None,True,0.77985233,0.017271856,5.0971703e-06,1.579796e-05,0.17873922,0.024115693
31029,2025-02-04,0,None,4,D3,4,D3,False,0.00140189,1.4588407e-05,4.1149896e-08,1.0669258e-05,0.65649307,0.3420797
31029,2025-02-11,1,D0,4,D3,5,D4,False,0.016726421,0.0001828556,6.227206e-08,3.545451e-07,0.51211864,0.47097164
31029,2025-02-18,1,D0,4,D3,4,D3,False,8.0645646e-10,1.8490603e-08,2.3199425e-06,0.0010837385,0.7333358,0.26557815
31029,2025-02-25,1,D0,5,D4,5,D4,False,7.535438e-05,0.0021721153,0.010332416,0.017922927,0.26674178,0.7027554
31029,2025-03-04,1,D0,5,D4,5,D4,False,8.4267194e-05,0.0015862727,0.009077169,0.003764449,0.22002403,0.76546377
31029,2025-03-11,1,D0,5,D4,5,D4,False,0.00011117211,0.0028945997,0.04506348,0.015616388,0.4373163,0.49899805
31029,2025-03-18,1,D0,2,D1,2,D1,False,0.0026656454,0.13722648,0.7693356,0.031221792,0.024865856,0.034684595
31029,2025-03-25,1,D0,2,D1,2,D1,False,0.0022443507,0.15524794,0.8206328,0.018030383,0.0017298752,0.0021146524
31029,2025-04-01,1,D0,2,D1,2,D1,False,0.00011620392,0.019418033,0.6049204,0.19384281,0.15688033,0.024822272
31029,2025-04-08,0,None,2,D1,2,D1,False,8.4967996e-07,0.0018191021,0.59118944,0.24837917,0.15771757,0.0008938714
31029,2025-04-15,0,None,5,D4,0,None,True,0.26989526,0.034945637,8.141872e-05,0.00011523169,0.28699803,0.40796444
31029,2025-04-22,0,None,0,None,0,None,True,0.9385996,0.060580503,5.716442e-06,1.8744681e-06,0.000448456,0.00036387623
31029,2025-04-29,0,None,0,None,0,None,True,0.9679483,0.025176942,3.405107e-07,2.9521064e-07,0.004571222,0.0023028695
31029,2025-05-06,1,D0,0,None,0,None,False,0.9152787,0.017768478,1.8940311e-07,7.394533e-08,0.035711415,0.03124112
31029,2025-05-13,2,D1,4,D3,4,D3,False,6.509313e-13,2.3260933e-10,3.4551653e-05,0.04800079,0.9375147,0.014449956
31029,2025-05-20,2,D1,3,D2,3,D2,False,4.9177417e-22,3.4503616e-15,1.8834566e-05,0.5318174,0.46816307,6.3541694e-07
31029,2025-05-27,2,D1,4,D3,4,D3,False,1.585168e-23,1.5813686e-16,2.399708e-06,0.32000566,0.6799906,1.36042e-06
31029,2025-06-03,1,D0,4,D3,4,D3,False,4.0012003e-23,1.8428024e-16,2.1929013e-06,0.20403798,0.795955,4.8946317e-06
31029,2025-06-10,1,D0,3,D2,3,D2,False,4.0759583e-17,5.5102138e-11,0.00084214075,0.7796608,0.21949288,4.1326375e-06
31029,2025-06-17,1,D0,3,D2,3,D2,False,1.946474e-09,4.6120364e-05,0.30487806,0.6706457,0.024419082,1.105918e-05
31029,2025-06-24,1,D0,2,D1,2,D1,False,4.76168e-06,0.046074178,0.91917855,0.034623504,0.00011750217,1.4929515e-06
31029,2025-07-01,0,None,2,D1,2,D1,False,4.574192e-05,0.10417895,0.89165896,0.0041154954,8.414254e-07,5.5579797e-08
31029,2025-07-08,0,None,0,None,0,None,True,0.8145059,0.18546952,2.348727e-05,2.1298612e-09,6.977359e-08,1.0368428e-06
31029,2025-07-15,0,None,0,None,0,None,True,0.93743104,0.062568896,1.4993861e-07,9.626884e-12,3.9885e-10,1.3367533e-09
31029,2025-07-22,0,None,0,None,0,None,True,0.9508137,0.04918628,9.808379e-10,1.135702e-16,1.922861e-13,2.9440964e-12
31029,2025-07-29,0,None,0,None,0,None,True,0.97380257,0.026197406,5.6356964e-10,2.754018e-16,7.244739e-12,8.3356905e-11
31029,2025-08-05,0,None,0,None,0,None,True,0.92243034,0.07756964,1.3149963e-09,6.260028e-16,6.6117466e-11,3.2692604e-10
31029,2025-08-12,0,None,0,None,0,None,True,0.9518099,0.048188772,8.4916705e-09,2.0215596e-12,4.4271283e-07,8.933081e-07
31029,2025-08-19,0,None,0,None,0,None,True,0.98367107,0.016189173,1.1535669e-08,4.1133146e-11,8.212063e-05,5.7672714e-05
31029,2025-08-26,0,None,5,D4,5,D4,False,0.026362184,9.8374345e-05,2.0561415e-09,7.1851707e-09,0.22425768,0.74928176
31029,2025-09-02,0,None,5,D4,5,D4,False,0.0015698352,6.185869e-06,6.854201e-10,2.3961428e-08,0.2613675,0.7370565
31029,2025-09-09,0,None,5,D4,5,D4,False,0.001456659,1.2151231e-05,3.218492e-09,1.6467288e-07,0.38385215,0.6146788
31029,2025-09-16,0,None,5,D4,5,D4,False,2.4003013e-05,1.6804157e-07,4.0033257e-10,4.513111e-07,0.25624445,0.7437309
31029,2025-09-23,0,None,5,D4,5,D4,False,7.1591415e-07,3.453944e-09,5.3245464e-11,2.6291843e-07,0.18478398,0.815215
31029,2025-09-30,0,None,5,D4,5,D4,False,0.0002664253,6.335554e-07,1.2183118e-10,1.2981913e-09,0.08781332,0.9119196
31029,2025-10-07,0,None,5,D4,5,D4,False,0.0004396082,1.730621e-06,3.0716513e-10,2.1389959e-09,0.06768941,0.93186915
31029,2025-10-14,0,None,5,D4,5,D4,False,0.0013879596,3.972211e-06,1.1018179e-09,3.1217828e-09,0.078871116,0.9197369
31029,2025-10-21,0,None,5,D4,5,D4,False,0.03616264,9.364588e-05,2.1534966e-08,2.9946456e-08,0.2152187,0.7485251
31029,2025-10-28,0,None,5,D4,5,D4,False,0.045325447,0.00017142591,5.213449e-08,1.5343593e-07,0.16623871,0.78826416
31029,2025-11-04,0,None,5,D4,5,D4,False,0.014287028,6.530955e-05,3.6139385e-09,8.290252e-09,0.093724094,0.89192355
31029,2025-11-11,0,None,5,D4,5,D4,False,0.00039322316,1.5265365e-06,1.5396694e-09,6.5518876e-08,0.44240943,0.5571958
31029,2025-11-18,0,None,5,D4,5,D4,False,0.0008401004,3.4643497e-06,1.7550719e-09,3.2522866e-08,0.41783798,0.58131844
31029,2025-11-25,1,D0,5,D4,5,D4,False,0.00062114437,2.3828861e-06,1.2603328e-09,9.332242e-08,0.49259445,0.506782
31029,2025-12-02,1,D0,4,D3,4,D3,False,1.0772313e-10,8.326572e-13,8.1837017e-13,5.265456e-07,0.8402115,0.15978792
31029,2025-12-09,1,D0,4,D3,4,D3,False,5.963698e-10,1.814517e-11,2.3224286e-10,2.5894355e-05,0.89128447,0.10868966
31029,2025-12-16,1,D0,4,D3,4,D3,False,1.8550278e-11,8.075082e-13,3.3177606e-11,3.1331374e-06,0.7202267,0.27977017
31029,2025-12-23,1,D0,4,D3,4,D3,False,5.5568767e-09,7.5775296e-11,4.6338194e-11,1.1302801e-06,0.588036,0.41196287
31029,2025-12-30,1,D0,4,D3,4,D3,False,7.2444335e-11,1.201199e-11,1.5755446e-10,2.6477264e-06,0.5788942,0.4211031
31031,2022-01-04,1,D0,2,D1,2,D1,False,0.00014880284,0.17000851,0.8265665,0.0032760997,1.00073734e-07,1.041626e-09
31031,2022-01-11,1,D0,2,D1,2,D1,False,0.00013789993,0.165025,0.831706,0.0031310986,5.7673486e-08,6.903541e-10
31031,2022-01-18,1,D0,2,D1,2,D1,False,0.00012299264,0.1589234,0.83791596,0.0030375433,3.9447034e-08,4.929563e-10
31031,2022-01-25,1,D0,2,D1,2,D1,False,9.399707e-05,0.15186536,0.84534913,0.0026915271,4.6806687e-08,5.8290933e-10
31031,2022-02-01,1,D0,2,D1,2,D1,False,7.6873446e-05,0.14381786,0.85289544,0.0032096864,9.089007e-08,8.647048e-10
31031,2022-02-08,1,D0,2,D1,2,D1,False,7.114296e-05,0.14177266,0.8552239,0.002932234,6.994944e-08,7.0405526e-10
31031,2022-02-15,2,D1,2,D1,2,D1,True,6.842556e-05,0.14132357,0.8565431,0.0020648614,2.8378699e-08,4.70057e-10
31031,2022-02-22,2,D1,3,D2,3,D2,False,9.152476e-15,4.7213998e-08,0.0837056,0.890434,0.02585972,6.41284e-07
31031,2022-03-01,2,D1,3,D2,3,D2,False,5.967118e-19,1.3210528e-11,0.0043723597,0.97222507,0.023402296,2.2311902e-07
31031,2022-03-08,2,D1,3,D2,3,D2,False,3.3892322e-19,4.094881e-12,0.0016859445,0.940526,0.057787154,9.306799e-07
31031,2022-03-15,2,D1,3,D2,3,D2,False,7.1294387e-19,2.416396e-12,0.00060344185,0.73533773,0.26401186,4.694403e-05
31031,2022-03-22,2,D1,3,D2,3,D2,False,5.118202e-19,2.2244823e-12,0.0005020876,0.74747854,0.25196135,5.7984904e-05
31031,2022-03-29,2,D1,3,D2,3,D2,False,3.5809282e-19,1.8947524e-12,0.0007028982,0.6903483,0.30888686,6.1965395e-05
31031,2022-04-05,2,D1,3,D2,3,D2,False,7.728526e-21,2.5003035e-14,0.00023231826,0.5156104,0.4841268,3.0504214e-05
31031,2022-04-12,2,D1,3,D2,3,D2,False,5.9252944e-24,4.9622628e-17,2.6458849e-05,0.5187293,0.4812373,6.896768e-06
31031,2022-04-19,2,D1,4,D3,4,D3,False,5.3159423e-25,5.946422e-18,6.0307534e-06,0.23821543,0.76176757,1.1001651e-05
31031,2022-04-26,2,D1,4,D3,4,D3,False,2.3288836e-24,2.857394e-17,1.6871672e-05,0.35839555,0.6415848,2.7203985e-06
31031,2022-05-03,2,D1,4,D3,3,D2,False,5.0088643e-26,9.745759e-18,1.6110502e-05,0.43375373,0.56622994,1.9823231e-07
31031,2022-05-10,2,D1,4,D3,3,D2,False,1.0345647e-25,2.165434e-17,1.5948162e-05,0.49850023,0.50148326,6.0954096e-07
31031,2022-05-17,2,D1,3,D2,3,D2,False,6.828689e-26,1.22635994e-17,2.6541895e-06,0.51994395,0.480053,4.1858223e-07
31031,2022-05-24,2,D1,4,D3,4,D3,False,1.585199e-26,3.816208e-19,1.7115848e-07,0.2158574,0.7841422,2.3831495e-07
31031,2022-05-31,2,D1,4,D3,4,D3,False,8.270315e-28,1.1728685e-20,1.2122388e-08,0.07582712,0.9241722,6.5426525e-07
31031,2022-06-07,2,D1,4,D3,4,D3,False,4.709563e-28,4.811637e-21,8.451552e-09,0.07756806,0.92243093,1.0626726e-06
31031,2022-06-14,2,D1,4,D3,4,D3,False,5.419235e-28,2.7071824e-21,5.2333933e-09,0.04982082,0.95014286,3.6322705e-05
31031,2022-06-21,2,D1,4,D3,4,D3,False,4.805775e-28,3.0709058e-21,5.3742424e-09,0.055115703,0.94484764,3.6640136e-05
31031,2022-06-28,2,D1,4,D3,4,D3,False,5.844453e-28,2.9564503e-21,4.8968594e-09,0.055401947,0.9445627,3.5419474e-05
31031,2022-07-05,2,D1,4,D3,4,D3,False,7.502903e-27,3.9422145e-20,1.5798856e-08,0.075124055,0.9248585,1.7415601e-05
31031,2022-07-12,2,D1,4,D3,4,D3,False,5.0761512e-27,3.8705807e-20,2.2235147e-08,0.06995276,0.93003356,1.3622576e-05
31031,2022-07-19,3,D2,4,D3,4,D3,False,4.4505217e-27,4.594949e-20,2.9903163e-08,0.080588154,0.91940045,1.1341137e-05
31031,2022-07-26,3,D2,4,D3,4,D3,False,1.3471621e-28,2.2249272e-21,6.9666424e-09,0.045038905,0.95495194,9.146888e-06
31031,2022-08-02,3,D2,4,D3,4,D3,False,8.1245704e-29,9.558995e-22,2.9404783e-09,0.020287758,0.9796952,1.6969401e-05
31031,2022-08-09,3,D2,4,D3,4,D3,False,4.7326036e-29,5.3529713e-22,1.8703963e-09,0.014407828,0.9855758,1.6433469e-05
31031,2022-08-16,3,D2,4,D3,4,D3,False,7.8515463e-29,8.179433e-22,2.3717646e-09,0.01570708,0.98427755,1.532542e-05
31031,2022-08-23,3,D2,4,D3,4,D3,False,7.6177246e-29,6.310882e-22,1.7595907e-09,0.013785363,0.9861967,1.786646e-05
31031,2022-08-30,3,D2,4,D3,4,D3,False,6.6720545e-29,5.68978e-22,1.6473727e-09,0.020983106,0.97900313,1.380366e-05
31031,2022-09-06,2,D1,4,D3,4,D3,False,6.4476854e-29,5.581879e-22,1.6237698e-09,0.024745172,0.97524196,1.2878625e-05
31031,2022-09-13,2,D1,4,D3,4,D3,False,2.0294795e-31,1.6046541e-24,3.083012e-11,0.0040269853,0.9959616,1.1464229e-05
31031,2022-09-20,3,D2,4,D3,4,D3,False,2.2538153e-31,9.969474e-25,1.4212313e-11,0.0025820585,0.99740076,1.7193932e-05
31031,2022-09-27,3,D2,4,D3,4,D3,False,2.904872e-31,1.3902464e-24,2.648648e-11,0.004273876,0.9957087,1.7387529e-05
31031,2022-10-04,3,D2,4,D3,4,D3,False,4.828177e-31,1.4137244e-24,1.8078724e-11,0.0033843475,0.9965905,2.5142683e-05
31031,2022-10-11,3,D2,4,D3,4,D3,False,7.3224693e-31,2.4180397e-24,3.6835864e-11,0.005402613,0.99457526,2.2126631e-05
31031,2022-10-18,3,D2,4,D3,4,D3,False,3.2593758e-30,2.7830758e-24,1.4248614e-11,0.0035140505,0.99643755,4.83738e-05
31031,2022-10-25,3,D2,4,D3,4,D3,False,1.0178594e-29,2.849029e-24,5.437286e-12,0.0023653433,0.9975435,9.115226e-05
31031,2022-11-01,3,D2,4,D3,4,D3,False,1.0164594e-29,2.5397197e-24,4.800094e-12,0.002254855,0.997647,9.8136705e-05
31031,2022-11-08,3,D2,4,D3,4,D3,False,9.556188e-30,2.5503605e-24,5.8836885e-12,0.0022348424,0.9976775,8.7682565e-05
31031,2022-11-15,3,D2,4,D3,4,D3,False,7.089386e-30,2.372246e-24,9.1563025e-12,0.0021134291,0.9978161,7.044468e-05
31031,2022-11-22,3,D2,4,D3,4,D3,False,1.1031603e-29,7.7848817e-25,1.7569091e-12,0.00024126768,0.9992828,0.00047593703
31031,2022-11-29,3,D2,4,D3,4,D3,False,2.7033803e-29,1.4317163e-24,2.5062175e-12,0.00029487855,0.9991223,0.00058283535
31031,2022-12-06,3,D2,4,D3,4,D3,False,6.5732675e-29,2.9384986e-24,4.1038726e-12,0.0004656085,0.9988977,0.00063675386
31031,2022-12-13,3,D2,4,D3,4,D3,False,5.797921e-29,2.1726718e-24,2.8249026e-12,0.00034548447,0.99874496,0.00090956746
31031,2022-12-20,3,D2,4,D3,4,D3,False,3.178551e-29,1.3332291e-24,1.7617034e-12,0.00021445115,0.9983412,0.0014443594
31031,2022-12-27,3,D2,4,D3,4,D3,False,8.126242e-29,1.183244e-23,2.0203669e-11,0.0020159904,0.99760854,0.00037541465
31031,2023-01-03,3,D2,4,D3,4,D3,False,2.3098045e-29,5.0784364e-24,1.454892e-11,0.0016745675,0.9980033,0.00032210228
31031,2023-01-10,3,D2,4,D3,4,D3,False,8.7301855e-30,2.5374985e-24,1.030438e-11,0.0014642241,0.998247,0.0002888264
31031,2023-01-17,3,D2,4,D3,4,D3,False,1.4151491e-29,5.6356006e-24,4.0845164e-11,0.004730077,0.9951912,7.87285e-05
31031,2023-01-24,3,D2,4,D3,4,D3,False,8.118918e-30,4.5419605e-24,4.5565326e-11,0.0056018326,0.9943439,5.4252887e-05
31031,2023-01-31,3,D2,4,D3,4,D3,False,3.872105e-30,3.1625846e-24,4.4100463e-11,0.00639165,0.9935741,3.4288467e-05
31031,2023-02-07,3,D2,4,D3,4,D3,False,2.1165316e-30,2.51117e-24,4.5658213e-11,0.007405042,0.9925735,2.1473563e-05
31031,2023-02-14,2,D1,4,D3,4,D3,False,1.6539723e-30,2.7737606e-24,8.800369e-11,0.0152769,0.9847201,3.003517e-06
31031,2023-02-21,2,D1,4,D3,4,D3,False,4.9190918e-30,1.7451863e-23,2.4906277e-10,0.013553507,0.98644316,3.2970327e-06
31031,2023-02-28,2,D1,4,D3,4,D3,False,8.950253e-30,4.4823405e-23,6.050136e-10,0.018417556,0.98157954,2.8903373e-06
31031,2023-03-07,2,D1,4,D3,4,D3,False,3.021341e-29,1.6260159e-22,1.6844234e-09,0.025634509,0.9743627,2.8307406e-06
31031,2023-03-14,2,D1,4,D3,4,D3,False,1.7924767e-27,1.27949145e-20,4.2478877e-08,0.07474848,0.92524886,2.5918207e-06
31031,2023-03-21,2,D1,4,D3,4,D3,False,2.5776598e-27,2.3757653e-20,6.850502e-08,0.09666295,0.9033351,1.8939253e-06
31031,2023-03-28,2,D1,4,D3,4,D3,False,2.7720878e-27,3.4981562e-20,9.362106e-08,0.12867817,0.8713202,1.5297904e-06
31031,2023-04-04,2,D1,4,D3,4,D3,False,2.712058e-27,3.633442e-20,9.924233e-08,0.13222453,0.8677739,1.4996516e-06
31031,2023-04-11,2,D1,4,D3,4,D3,False,2.8215821e-27,3.8079344e-20,1.0213195e-07,0.13288532,0.86711305,1.5372384e-06
31031,2023-04-18,2,D1,4,D3,4,D3,False,2.8631535e-27,3.507928e-20,9.147335e-08,0.124372214,0.87562597,1.7178537e-06
31031,2023-04-25,2,D1,4,D3,4,D3,False,3.966022e-27,4.106975e-20,9.1720565e-08,0.12292089,0.87707686,2.0767466e-06
31031,2023-05-02,2,D1,4,D3,4,D3,False,3.346062e-27,3.395048e-20,8.7509e-08,0.11301928,0.8869788,1.8488091e-06
31031,2023-05-09,2,D1,4,D3,4,D3,False,2.5986342e-27,2.5022582e-20,7.298345e-08,0.0998124,0.9001856,1.8630143e-06
31031,2023-05-16,1,D0,4,D3,4,D3,False,3.9940105e-27,5.1388663e-20,1.3326822e-07,0.1331878,0.8668105,1.5715603e-06
31031,2023-05-23,1,D0,4,D3,4,D3,False,6.214298e-25,3.2813062e-18,8.8833497e-07,0.24321821,0.7567794,1.4947179e-06
31031,2023-05-30,1,D0,4,D3,4,D3,False,1.3967223e-23,5.5459502e-17,2.5242937e-06,0.30053145,0.6994606,5.4690145e-06
31031,2023-06-06,1,D0,4,D3,4,D3,False,1.3573358e-23,7.491002e-17,3.5415403e-06,0.35230178,0.64768934,5.3244626e-06
31031,2023-06-13,1,D0,4,D3,3,D2,False,8.727502e-24,7.322706e-17,4.4402846e-06,0.4009599,0.5990316,3.9754805e-06
31031,2023-06-20,1,D0,4,D3,3,D2,False,5.511866e-24,6.786487e-17,5.2982705e-06,0.44846463,0.5515273,2.7716974e-06
31031,2023-06-27,0,None,4,D3,3,D2,False,4.6661355e-24,6.824863e-17,5.93425e-06,0.47988346,0.5201084,2.2349993e-06
31031,2023-07-04,0,None,4,D3,4,D3,False,1.5078029e-27,4.8424276e-21,5.1904827e-09,0.034306522,0.9656863,7.181153e-06
31031,2023-07-11,0,None,4,D3,4,D3,False,6.598202e-14,1.9912157e-11,9.7459915e-06,0.021923434,0.965156,0.012910736
31031,2023-07-18,0,None,5,D4,5,D4,False,0.1183748,0.023084717,0.00046487077,0.0005931453,0.17727417,0.6802083
31031,2023-07-25,0,None,5,D4,0,None,True,0.3116643,0.01787827,0.00014503267,0.00013887185,0.04329703,0.6268765
31031,2023-08-01,0,None,5,D4,5,D4,False,0.0016205515,7.30622e-05,4.7740727e-06,0.00019961706,0.122779235,0.8753228
31031,2023-08-08,0,None,5,D4,5,D4,False,1.6550533e-05,7.3584556e-07,2.7003776e-07,0.00020664022,0.23222676,0.76754904
31031,2023-08-15,0,None,5,D4,5,D4,False,0.000927756,1.569892e-05,1.5480248e-06,0.00031163756,0.15421435,0.84452903
31031,2023-08-22,0,None,5,D4,5,D4,False,0.0017108057,1.3910886e-05,7.3625927e-07,0.00020031152,0.12793939,0.87013483
31031,2023-08-29,0,None,5,D4,5,D4,False,0.00012394681,8.330821e-07,1.025185e-07,0.000101278376,0.15809175,0.84168214
31031,2023-09-05,0,None,5,D4,5,D4,False,5.1487597e-05,4.0829522e-07,3.953502e-08,7.527854e-05,0.14723897,0.85263383
31031,2023-09-12,0,None,5,D4,5,D4,False,8.575499e-06,7.7667735e-08,1.5731166e-08,7.821977e-05,0.14387512,0.8560379
31031,2023-09-19,0,None,5,D4,5,D4,False,2.9091632e-06,2.5947779e-08,4.774273e-09,3.6616097e-05,0.13117656,0.8687839
31031,2023-09-26,0,None,5,D4,5,D4,False,3.6945167e-07,2.7498472e-09,6.219253e-10,1.5511752e-05,0.1488676,0.85111654
31031,2023-10-03,0,None,5,D4,5,D4,False,4.463873e-08,2.6504507e-10,8.13694e-11,7.851103e-06,0.20244312,0.79754895
31031,2023-10-10,0,None,5,D4,5,D4,False,6.387669e-09,4.2460285e-11,1.425215e-11,3.0974343e-06,0.17338194,0.826615
31031,2023-10-17,0,None,5,D4,5,D4,False,9.026308e-09,6.6058596e-11,1.5837682e-11,2.7139947e-06,0.15328717,0.84671015
31031,2023-10-24,0,None,5,D4,5,D4,False,0.077075884,0.00042584777,1.4125531e-07,2.821772e-05,0.20842427,0.7140456
31031,2023-10-31,0,None,0,None,0,None,True,0.6490703,0.0028106042,1.0997429e-07,3.6380487e-07,0.030158859,0.3179598
31031,2023-11-07,0,None,0,None,0,None,True,0.99315333,0.006202397,7.2743007e-09,1.71938e-11,2.2817074e-05,0.00062138477
31031,2023-11-14,0,None,0,None,0,None,True,0.99281925,0.0057771876,7.912802e-09,1.6722899e-11,2.7066942e-05,0.0013764297
31031,2023-11-21,0,None,0,None,0,None,True,0.9928885,0.0052945516,9.858723e-09,1.1059734e-11,3.3299042e-05,0.0017837383
31031,2023-11-28,0,None,0,None,0,None,True,0.98052514,0.004998883,3.236317e-08,1.2150746e-10,0.0002929245,0.014183065
31031,2023-12-05,0,None,0,None,0,None,True,0.95051205,0.005151235,8.869725e-08,7.3708045e-10,0.0011249018,0.043211687
31031,2023-12-12,0,None,0,None,0,None,True,0.8022347,0.0041083465,2.1621253e-07,7.502793e-09,0.009215007,0.18444179
31031,2023-12-19,0,None,5,D4,0,None,True,0.43007693,0.0019283384,4.6750404e-07,8.520249e-08,0.06892569,0.4990685
31031,2023-12-26,0,None,5,D4,5,D4,False,0.22987121,0.0011791494,5.153206e-07,3.208257e-07,0.15249115,0.61645764
31031,2024-01-02,0,None,5,D4,5,D4,False,0.0027074625,1.4834297e-05,8.22543e-08,6.2064364e-06,0.23153882,0.7657326
31031,2024-01-09,0,None,5,D4,5,D4,False,1.663076e-05,9.429494e-08,7.4260376e-09,2.0000007e-05,0.2527503,0.7472129
31031,2024-01-16,0,None,5,D4,5,D4,False,9.671304e-06,4.944817e-08,5.057947e-09,1.679489e-05,0.2531327,0.7468408
31031,2024-01-23,0,None,5,D4,5,D4,False,9.015848e-06,4.334052e-08,4.444765e-09,1.5322557e-05,0.26038375,0.7395919
31031,2024-01-30,0,None,5,D4,5,D4,False,1.0417166e-05,4.869467e-08,4.762011e-09,1.4998718e-05,0.2633728,0.73660165
31031,2024-02-06,0,None,5,D4,5,D4,False,4.1635107e-05,1.890305e-07,9.14134e-09,1.0448599e-05,0.24951866,0.75042903
31031,2024-02-13,0,None,5,D4,5,D4,False,0.04971315,0.00021313682,1.8172251e-07,2.699529e-06,0.37834954,0.57172126
31031,2024-02-20,0,None,5,D4,0,None,True,0.26793343,0.0014117572,5.244952e-07,1.7386418e-06,0.30723122,0.4234214
31031,2024-02-27,0,None,5,D4,0,None,True,0.30333117,0.0018537485,6.633591e-07,2.4647768e-06,0.31831375,0.37649822
31031,2024-03-05,0,None,0,None,0,None,True,0.3873453,0.0027213718,1.0830812e-06,2.9126156e-06,0.29792252,0.31200686
31031,2024-03-12,0,None,0,None,0,None,True,0.38073504,0.0026752541,1.0786591e-06,3.0123085e-06,0.30240336,0.31418228
31031,2024-03-19,0,None,4,D3,0,None,True,0.25564334,0.0017519938,8.286585e-07,3.5238124e-06,0.37350428,0.36909607
31031,2024-03-26,0,None,0,None,0,None,True,0.3710076,0.0026966943,1.1745523e-06,4.1528792e-06,0.32401568,0.30227473
31031,2024-04-02,0,None,0,None,0,None,True,0.596825,0.0056910207,2.6246923e-06,9.912743e-06,0.21108541,0.18638597
31031,2024-04-09,0,None,0,None,0,None,True,0.7245678,0.008052108,4.0355026e-06,1.4829745e-05,0.1414909,0.12587039
31031,2024-04-16,0,None,0,None,0,None,True,0.7528517,0.0083413385,4.589456e-06,1.5275737e-05,0.12897125,0.10981588
31031,2024-04-23,0,None,0,None,0,None,True,0.78611016,0.008657038,4.5992115e-06,1.3242716e-05,0.11052294,0.09469209
31031,2024-04-30,0,None,0,None,0,None,True,0.97599345,0.01107684,2.0476502e-06,1.0657398e-06,0.006079269,0.0068473294
31031,2024-05-07,0,None,0,None,0,None,True,0.9859189,0.009478858,9.938551e-07,1.9983005e-07,0.0015273814,0.0030736607
31031,2024-05-14,0,None,0,None,0,None,True,0.98769253,0.010336098,1.3523749e-06,1.4254604e-07,0.0005617709,0.001408174
31031,2024-05-21,0,None,0,None,0,None,True,0.98598653,0.013020459,2.1337883e-06,1.5568304e-07,0.00031062643,0.0006800341
31031,2024-05-28,0,None,0,None,0,None,True,0.9850017,0.014429266,2.2652537e-06,1.623777e-07,0.00019682726,0.0003699367
31031,2024-06-04,0,None,0,None,0,None,True,0.9847868,0.014575116,2.128172e-06,2.0388805e-07,0.00024781347,0.00038790636
31031,2024-06-11,0,None,0,None,0,None,True,0.9862155,0.013144773,1.418653e-06,1.4013557e-07,0.00023247642,0.000405699
31031,2024-06-18,0,None,0,None,0,None,True,0.983324,0.010379922,2.5582924e-06,5.657647e-07,0.0018584207,0.0044345194
31031,2024-06-25,0,None,0,None,0,None,True,0.96590525,0.009710821,1.637794e-06,1.8962287e-06,0.009877842,0.014502623
31031,2024-07-02,0,None,0,None,0,None,True,0.95670754,0.009888051,9.581655e-07,1.0416869e-06,0.015473798,0.017928708
31031,2024-07-09,0,None,4,D3,4,D3,False,0.13954064,0.0016656113,1.0971594e-06,2.659376e-05,0.6330234,0.22574262
31031,2024-07-16,0,None,4,D3,4,D3,False,0.05599439,0.00056528766,3.6296976e-07,2.03096e-05,0.7510044,0.19241527
31031,2024-07-23,0,None,4,D3,4,D3,False,0.0031285232,2.1086811e-05,6.2543336e-08,6.5035033e-06,0.86092836,0.1359154
31031,2024-07-30,0,None,4,D3,5,D4,False,0.0014133098,6.3042717e-06,3.6010528e-09,8.294746e-08,0.5413788,0.45720148
31031,2024-08-06,1,D0,4,D3,5,D4,False,0.0012564494,5.5071664e-06,3.4484609e-09,1.3356981e-07,0.5239045,0.47483346
31031,2024-08-13,1,D0,4,D3,4,D3,False,1.5232357e-10,2.2791162e-09,8.955342e-07,0.0012113755,0.824169,0.1746187
31031,2024-08-20,1,D0,3,D2,3,D2,False,1.5144574e-06,9.983514e-05,0.016440663,0.57755864,0.3991455,0.0067538456
31031,2024-08-27,2,D1,3,D2,3,D2,False,5.0767625e-07,0.0002554923,0.094305724,0.86955416,0.0358726,1.1501414e-05
31031,2024-09-03,2,D1,3,D2,3,D2,False,3.6947392e-16,8.9186647e-10,0.0074553606,0.9570162,0.035528377,3.5247922e-08
31031,2024-09-10,2,D1,3,D2,3,D2,False,3.135852e-19,2.5320217e-12,0.00080682035,0.9597742,0.039418988,2.6852248e-08
31031,2024-09-17,2,D1,3,D2,3,D2,False,2.5815582e-20,3.5971768e-13,0.00043652288,0.97446126,0.025102185,3.2533215e-08
31031,2024-09-24,2,D1,3,D2,3,D2,False,1.1629936e-20,5.146815e-13,0.00091631466,0.9847808,0.01430285,1.7277832e-08
31031,2024-10-01,2,D1,3,D2,3,D2,False,1.0637611e-20,7.0818546e-13,0.0013040662,0.9858343,0.012861638,1.6987741e-08
31031,2024-10-08,2,D1,3,D2,3,D2,False,8.0427795e-22,2.7776506e-14,0.0002343275,0.9478872,0.051878516,5.1631773e-08
31031,2024-10-15,3,D2,4,D3,4,D3,False,9.1626884e-30,5.0563386e-21,7.3206536e-08,0.12875025,0.8712496,4.127064e-08
31031,2024-10-22,3,D2,4,D3,4,D3,False,1.0682912e-32,2.865952e-23,1.0371614e-08,0.20041093,0.79958904,2.4843254e-09
31031,2024-10-29,3,D2,4,D3,4,D3,False,1.3051003e-34,4.005147e-25,9.509288e-10,0.11153743,0.8884626,4.0635517e-09
31031,2024-11-05,3,D2,4,D3,4,D3,False,9.766031e-35,1.5079558e-25,3.3587552e-10,0.07596844,0.92403156,6.4448753e-09
31031,2024-11-12,3,D2,4,D3,4,D3,False,4.578927e-35,3.6000265e-26,1.0096156e-10,0.053390697,0.94660926,9.794484e-09
31031,2024-11-19,3,D2,4,D3,4,D3,False,3.3601073e-35,1.5377893e-26,5.3457416e-11,0.041075062,0.9589249,1.5476664e-08
31031,2024-11-26,3,D2,4,D3,4,D3,False,6.004306e-35,1.3999041e-26,4.110233e-11,0.03340801,0.96659195,2.6449467e-08
31031,2024-12-03,3,D2,4,D3,4,D3,False,9.385436e-35,1.17047645e-26,2.4996632e-11,0.022062244,0.9779377,4.8906383e-08
31031,2024-12-10,3,D2,4,D3,4,D3,False,8.129778e-35,6.993593e-27,1.07226355e-11,0.01092908,0.9890708,8.046277e-08
31031,2024-12-17,3,D2,4,D3,4,D3,False,1.5361163e-34,1.312032e-26,1.560048e-11,0.009583085,0.9904169,1.08308164e-07
31031,2024-12-24,3,D2,4,D3,4,D3,False,3.9840295e-34,4.0570796e-26,3.676349e-11,0.00963296,0.99036694,1.3459503e-07
31031,2024-12-31,3,D2,4,D3,4,D3,False,5.349511e-34,6.536706e-26,5.964511e-11,0.009025189,0.9909746,2.0255756e-07
31031,2025-01-07,3,D2,4,D3,4,D3,False,6.974746e-34,7.281448e-26,6.195971e-11,0.008516823,0.99148285,3.2759522e-07
31031,2025-01-14,3,D2,4,D3,4,D3,False,9.1570395e-34,7.9971273e-26,5.949526e-11,0.008347814,0.99165183,3.882849e-07
31031,2025-01-21,3,D2,4,D3,4,D3,False,1.2172942e-33,9.258215e-26,5.558763e-11,0.008383795,0.99161583,4.009333e-07
31031,2025-01-28,3,D2,4,D3,4,D3,False,1.4266311e-33,8.950034e-26,4.3484244e-11,0.008253671,0.9917459,4.262635e-07
31031,2025-02-04,3,D2,4,D3,4,D3,False,2.2137205e-33,1.0923361e-25,6.001649e-11,0.015974391,0.9840252,3.8744977e-07
31031,2025-02-11,3,D2,4,D3,4,D3,False,1.7961787e-33,6.780802e-26,3.5338114e-11,0.01849171,0.98150784,4.435116e-07
31031,2025-02-18,3,D2,4,D3,4,D3,False,1.193785e-33,3.73793e-26,1.958433e-11,0.018478217,0.9815214,3.5186974e-07
31031,2025-02-25,3,D2,4,D3,4,D3,False,1.0574394e-33,3.1616423e-26,1.7159248e-11,0.018966565,0.9810331,3.2670596e-07
31031,2025-03-04,3,D2,4,D3,4,D3,False,9.058297e-34,2.5989115e-26,1.5656849e-11,0.016500773,0.983499,2.869806e-07
31031,2025-03-11,3,D2,4,D3,4,D3,False,4.200992e-34,1.25010025e-26,7.078285e-12,0.008269268,0.9917305,2.7911722e-07
31031,2025-03-18,3,D2,4,D3,4,D3,False,6.7614155e-34,5.868908e-27,1.4625063e-12,0.0024353943,0.9975637,9.4718564e-07
31031,2025-03-25,3,D2,4,D3,4,D3,False,4.784359e-34,8.253584e-27,3.3510332e-12,0.0029317199,0.9970675,7.65779e-07
31031,2025-04-01,2,D1,4,D3,4,D3,False,1.0953584e-33,1.7961979e-26,7.6458544e-12,0.0035484938,0.99645054,9.237913e-07
31031,2025-04-08,2,D1,4,D3,4,D3,False,1.5053618e-29,1.7693157e-22,2.174036e-09,0.015753957,0.9842427,3.3838032e-06
31031,2025-04-15,2,D1,4,D3,4,D3,False,1.6750539e-27,1.5581619e-20,3.1500914e-08,0.055123523,0.9448735,2.9139308e-06
31031,2025-04-22,2,D1,4,D3,4,D3,False,5.3731728e-27,6.3018917e-20,8.095883e-08,0.10599308,0.894005,1.8131027e-06
31031,2025-04-29,2,D1,4,D3,4,D3,False,5.274335e-27,4.6140464e-20,7.341317e-08,0.13575354,0.8642448,1.5499155e-06
31031,2025-05-06,2,D1,4,D3,4,D3,False,1.9787201e-26,2.1359668e-19,2.856417e-07,0.23640819,0.76359075,7.2253334e-07
31031,2025-05-13,2,D1,4,D3,4,D3,False,1.8010876e-26,2.6121524e-19,3.8576783e-07,0.29094556,0.7090535,5.0277265e-07
31031,2025-05-20,2,D1,4,D3,4,D3,False,2.3977727e-28,1.425155e-20,1.9066586e-07,0.34322935,0.6567703,1.7721172e-07
31031,2025-05-27,2,D1,4,D3,4,D3,False,3.4493136e-27,3.877648e-20,1.4387003e-07,0.28890857,0.71109104,2.2746958e-07
31031,2025-06-03,2,D1,4,D3,4,D3,False,5.3915155e-26,5.643666e-19,1.9683563e-07,0.29458806,0.7054115,3.4503196e-07
31031,2025-06-10,2,D1,4,D3,4,D3,False,3.8205856e-26,3.803991e-19,1.2067517e-07,0.25428346,0.745716,5.506798e-07
31031,2025-06-17,1,D0,4,D3,4,D3,False,5.960973e-27,3.882668e-20,1.1146142e-08,0.08290774,0.91708773,4.477308e-06
31031,2025-06-24,1,D0,4,D3,4,D3,False,3.5393573e-23,6.7502147e-17,4.1693656e-07,0.099859916,0.90013146,8.142178e-06
31031,2025-07-01,1,D0,4,D3,4,D3,False,8.505396e-21,1.1944888e-14,1.2301336e-05,0.21911752,0.7808583,1.1971697e-05
31031,2025-07-08,1,D0,4,D3,4,D3,False,4.7395845e-16,8.749484e-11,0.0006042903,0.33647877,0.662699,0.00021805019
31031,2025-07-15,0,None,3,D2,3,D2,False,1.1264697e-11,4.6201427e-07,0.025536092,0.693962,0.2804499,5.157721e-05
31031,2025-07-22,1,D0,5,D4,5,D4,False,0.00029942035,9.5930074e-05,9.417776e-05,0.00088326243,0.32519728,0.67342997
31031,2025-07-29,1,D0,0,None,0,None,False,0.8496241,0.13377854,3.911856e-05,2.2126376e-06,0.0010964309,0.015459624
31031,2025-08-05,1,D0,0,None,0,None,False,0.8548449,0.124678195,6.0829174e-05,4.4593259e-07,0.00013592366,0.020279597
31031,2025-08-12,1,D0,0,None,0,None,False,0.9055995,0.081031494,0.00022973004,4.1720823e-06,0.00015685422,0.012978238
31031,2025-08-19,1,D0,5,D4,0,None,False,0.30125555,0.060859777,0.007018618,0.0004389157,0.008730013,0.62169707
31031,2025-08-26,1,D0,5,D4,5,D4,False,0.00015853957,0.00033369864,0.0017718172,0.004182293,0.2222937,0.77126
31031,2025-09-02,1,D0,5,D4,5,D4,False,7.894987e-06,2.958166e-05,0.00082145695,0.006208559,0.46543548,0.52749705
31031,2025-09-09,1,D0,5,D4,5,D4,False,1.545461e-05,6.300266e-05,0.0017072281,0.008643708,0.45119905,0.53837156
31031,2025-09-16,1,D0,5,D4,5,D4,False,2.8024497e-05,0.00011857387,0.0027686162,0.010189825,0.43350694,0.553388
31031,2025-09-23,0,None,5,D4,5,D4,False,1.6358668e-05,7.3055795e-05,0.0016200814,0.01004916,0.45288178,0.53535956
31031,2025-09-30,0,None,0,None,0,None,True,0.9645451,0.034685407,2.042751e-05,4.094199e-06,0.00012594767,0.00061906065
31031,2025-10-07,0,None,0,None,0,None,True,0.9864915,0.013040999,2.9595403e-06,1.2439407e-06,0.00011423622,0.00034910144
31031,2025-10-14,0,None,0,None,0,None,True,0.9874698,0.011672197,1.9747838e-06,3.9220245e-07,0.00015578535,0.0006998541
31031,2025-10-21,0,None,0,None,0,None,True,0.9810626,0.018934583,2.5515214e-07,2.756918e-10,6.712281e-07,1.8398517e-06
31031,2025-10-28,0,None,0,None,0,None,True,0.9756825,0.024317285,1.3896718e-07,9.535811e-12,3.5358596e-08,1.237205e-07
31031,2025-11-04,0,None,0,None,0,None,True,0.9732714,0.026728015,2.1992523e-07,1.8772366e-11,6.9703475e-08,1.532302e-07
31031,2025-11-11,0,None,0,None,0,None,True,0.9843301,0.015665507,3.0784997e-07,1.4473321e-10,8.8614246e-07,3.036258e-06
31031,2025-11-18,1,D0,0,None,0,None,False,0.989134,0.010789085,6.4987563e-07,1.7740079e-09,1.1254666e-05,6.5019856e-05
31031,2025-11-25,1,D0,4,D3,4,D3,False,3.8769515e-05,0.0006958533,0.010330446,0.22584316,0.51894194,0.24414986
31031,2025-12-02,1,D0,3,D2,3,D2,False,6.200218e-05,0.01688664,0.47040534,0.5047361,0.007898936,1.0976751e-05
31031,2025-12-09,1,D0,2,D1,2,D1,False,9.557218e-05,0.06365242,0.8053713,0.13081986,6.080061e-05,1.1281814e-08
31031,2025-12-16,1,D0,2,D1,2,D1,False,0.00014111627,0.13264962,0.8408095,0.02639864,1.1377463e-06,3.8981582e-10
31031,2025-12-23,1,D0,2,D1,2,D1,False,8.994498e-05,0.108746655,0.8739511,0.017211715,5.5557376e-07,2.288449e-10
31031,2025-12-30,1,D0,2,D1,2,D1,False,6.335036e-05,0.09622186,0.8910792,0.012635116,4.6928002e-07,2.7443112e-10
31033,2022-01-04,3,D2,4,D3,4,D3,False,3.0595128e-28,4.756087e-21,7.898268e-08,0.08555318,0.9144428,3.89728e-06
31033,2022-01-11,3,D2,4,D3,4,D3,False,2.7610803e-28,3.714106e-21,6.103498e-08,0.07469148,0.9253037,4.6752502e-06
31033,2022-01-18,3,D2,4,D3,4,D3,False,2.243436e-28,2.7603255e-21,4.6141608e-08,0.065779954,0.9342146,5.5137975e-06
31033,2022-01-25,3,D2,4,D3,4,D3,False,1.187214e-28,1.1693027e-21,2.2090541e-08,0.049230788,0.9507624,6.8090785e-06
31033,2022-02-01,3,D2,4,D3,4,D3,False,1.4320313e-28,1.4667344e-21,2.4238117e-08,0.055441365,0.9445516,7.0386664e-06
31033,2022-02-08,3,D2,4,D3,4,D3,False,5.65921e-28,6.5525116e-21,7.874007e-08,0.106946476,0.8930486,4.867857e-06
31033,2022-02-15,3,D2,4,D3,4,D3,False,1.12998585e-26,2.0740847e-19,1.0352243e-06,0.35126105,0.6487364,1.5454232e-06
31033,2022-02-22,3,D2,4,D3,4,D3,False,1.01418346e-26,1.0424604e-19,5.836206e-07,0.22508565,0.774911,2.8600984e-06
31033,2022-03-01,3,D2,4,D3,4,D3,False,7.3781945e-27,7.4569944e-20,4.9550664e-07,0.20866953,0.7913275,2.5462052e-06
31033,2022-03-08,3,D2,4,D3,4,D3,False,4.0754538e-27,4.485564e-20,4.1016503e-07,0.17218117,0.8278162,2.324426e-06
31033,2022-03-15,3,D2,4,D3,4,D3,False,4.1634877e-27,3.8571225e-20,3.8800664e-07,0.14901026,0.8509857,3.6291146e-06
31033,2022-03-22,3,D2,4,D3,4,D3,False,4.715251e-27,4.536428e-20,4.4305762e-07,0.15249395,0.8475018,3.8153053e-06
31033,2022-03-29,3,D2,4,D3,4,D3,False,4.665779e-27,4.7054586e-20,4.6808904e-07,0.14910476,0.8508906,4.13491e-06
31033,2022-04-05,3,D2,4,D3,4,D3,False,4.7311016e-27,5.0643377e-20,5.0325326e-07,0.15132642,0.8486689,4.2431866e-06
31033,2022-04-12,3,D2,4,D3,4,D3,False,4.861033e-27,5.4940005e-20,5.40391e-07,0.15721674,0.8427786,4.1246835e-06
31033,2022-04-19,3,D2,4,D3,4,D3,False,4.8306803e-27,5.74036e-20,5.6345567e-07,0.16083547,0.83916,3.9213164e-06
31033,2022-04-26,3,D2,4,D3,4,D3,False,2.092764e-29,3.1120174e-22,2.827055e-08,0.057790685,0.94220674,2.5923105e-06
31033,2022-05-03,3,D2,4,D3,4,D3,False,2.5615858e-29,5.1852345e-22,3.3242426e-08,0.06498845,0.93500996,1.6249468e-06
31033,2022-05-10,3,D2,4,D3,4,D3,False,3.154457e-29,5.9310986e-22,2.4077272e-08,0.06991264,0.9300854,1.9442664e-06
31033,2022-05-17,3,D2,4,D3,4,D3,False,2.2721861e-26,4.735714e-19,7.1945425e-07,0.26529896,0.73469806,2.313999e-06
31033,2022-05-24,3,D2,4,D3,4,D3,False,6.381624e-26,1.8454004e-18,1.7398845e-06,0.3615611,0.63843584,1.2563869e-06
31033,2022-05-31,3,D2,4,D3,4,D3,False,6.939919e-27,2.5442264e-19,2.955318e-07,0.34857115,0.6514266,1.9604743e-06
31033,2022-06-07,3,D2,4,D3,4,D3,False,2.7736044e-28,7.245132e-21,3.2262395e-08,0.16702074,0.8329768,2.4823403e-06
31033,2022-06-14,3,D2,4,D3,4,D3,False,5.803772e-29,2.7835227e-21,1.2762856e-08,0.12972493,0.8702716,3.426257e-06
31033,2022-06-21,3,D2,4,D3,4,D3,False,1.14866434e-29,6.5707847e-22,4.61454e-09,0.05851821,0.94147205,9.79662e-06
31033,2022-06-28,3,D2,4,D3,4,D3,False,6.0387066e-33,1.0232141e-24,2.1229377e-10,0.016617743,0.98337805,4.2644797e-06
31033,2022-07-05,3,D2,4,D3,4,D3,False,2.0988095e-33,3.200826e-26,6.3993923e-12,0.002611761,0.99734503,4.3178134e-05
31033,2022-07-12,3,D2,4,D3,4,D3,False,7.0319824e-32,2.8735163e-25,1.31690145e-11,0.0031929514,0.99673945,6.756468e-05
31033,2022-07-19,3,D2,4,D3,4,D3,False,6.5539086e-31,8.840056e-25,2.1183048e-11,0.0032675867,0.99666375,6.859297e-05
31033,2022-07-26,3,D2,4,D3,4,D3,False,9.309998e-30,4.708167e-24,4.175833e-11,0.0037966901,0.9961184,8.4872285e-05
31033,2022-08-02,3,D2,4,D3,4,D3,False,1.1303877e-29,6.3822717e-24,4.984953e-11,0.0046844496,0.99524826,6.7260466e-05
31033,2022-08-09,3,D2,4,D3,4,D3,False,6.7411355e-30,5.2610037e-24,3.9185485e-11,0.0050074765,0.99496424,2.8358747e-05
31033,2022-08-16,3,D2,4,D3,4,D3,False,5.6525728e-30,6.4857718e-24,5.465813e-11,0.008765203,0.99122834,6.4166775e-06
31033,2022-08-23,3,D2,4,D3,4,D3,False,6.1343983e-30,7.84155e-24,7.492649e-11,0.010989089,0.9890063,4.6547702e-06
31033,2022-08-30,3,D2,4,D3,4,D3,False,6.662597e-30,1.0535403e-23,9.142228e-11,0.011560677,0.98843443,4.8653883e-06
31033,2022-09-06,3,D2,4,D3,4,D3,False,7.6593286e-30,1.3179159e-23,1.1446528e-10,0.012695916,0.9872995,4.5383294e-06
31033,2022-09-13,3,D2,4,D3,4,D3,False,1.8322184e-29,2.7002387e-23,1.6400388e-10,0.014062529,0.98593277,4.6605105e-06
31033,2022-09-20,3,D2,4,D3,4,D3,False,8.975626e-29,1.231318e-22,4.9098114e-10,0.021268625,0.97872674,4.6238624e-06
31033,2022-09-27,3,D2,4,D3,4,D3,False,1.2506817e-28,1.7359012e-22,5.770661e-10,0.02167555,0.9783205,3.9830193e-06
31033,2022-10-04,3,D2,4,D3,4,D3,False,1.2021409e-28,1.7820575e-22,6.007677e-10,0.022976903,0.9770195,3.6689014e-06
31033,2022-10-11,3,D2,4,D3,4,D3,False,2.081575e-28,2.3078304e-22,6.3473315e-10,0.024352046,0.9756433,4.6678288e-06
31033,2022-10-18,3,D2,4,D3,4,D3,False,1.5307194e-28,1.8891536e-22,5.8521293e-10,0.024075847,0.97591984,4.338974e-06
31033,2022-10-25,4,D3,4,D3,4,D3,True,7.541761e-29,8.784303e-23,4.0223336e-10,0.023826724,0.9761688,4.418285e-06
31033,2022-11-01,4,D3,4,D3,4,D3,True,8.9272044e-30,2.4824287e-24,2.8680273e-11,0.004093196,0.99587446,3.2305477e-05
31033,2022-11-08,4,D3,4,D3,4,D3,True,2.3699258e-30,8.1785287e-25,1.7223743e-11,0.003656812,0.9963109,3.2265863e-05
31033,2022-11-15,4,D3,4,D3,4,D3,True,2.4739033e-30,6.782285e-25,1.3811536e-11,0.0032324365,0.9967295,3.8061597e-05
31033,2022-11-22,4,D3,4,D3,4,D3,True,2.7814619e-30,6.4214594e-25,1.2395509e-11,0.0030466113,0.9969117,4.176932e-05
31033,2022-11-29,4,D3,4,D3,4,D3,True,3.172454e-30,6.626346e-25,1.2125445e-11,0.0029859242,0.99697053,4.3567627e-05
31033,2022-12-06,4,D3,4,D3,4,D3,True,3.241155e-30,6.5826153e-25,1.1936034e-11,0.002961436,0.99699426,4.4313387e-05
31033,2022-12-13,4,D3,4,D3,4,D3,True,3.3311723e-30,6.5101293e-25,1.1695879e-11,0.002932727,0.9970221,4.5197703e-05
31033,2022-12-20,4,D3,4,D3,4,D3,True,3.165228e-30,6.158136e-25,1.1324394e-11,0.002892321,0.9970626,4.5041194e-05
31033,2022-12-27,4,D3,4,D3,4,D3,True,3.0798561e-30,5.851693e-25,1.0956021e-11,0.002829623,0.99712497,4.537816e-05
31033,2023-01-03,4,D3,4,D3,4,D3,True,2.7660159e-30,5.3196224e-25,1.0481246e-11,0.0027842568,0.9971711,4.4688382e-05
31033,2023-01-10,4,D3,4,D3,4,D3,True,1.8287237e-29,2.1442482e-24,1.6309388e-11,0.0029732457,0.9969746,5.2129508e-05
31033,2023-01-17,4,D3,4,D3,4,D3,True,1.09562e-29,1.4892044e-24,1.469354e-11,0.0029490078,0.9970059,4.5145793e-05
31033,2023-01-24,4,D3,4,D3,4,D3,True,8.807612e-30,1.3013413e-24,1.4204127e-11,0.002964452,0.99699366,4.1899388e-05
31033,2023-01-31,4,D3,4,D3,4,D3,True,8.034269e-30,1.2328418e-24,1.4032266e-11,0.002977575,0.9969818,4.060341e-05
31033,2023-02-07,4,D3,4,D3,4,D3,True,7.5826224e-30,1.191021e-24,1.3907072e-11,0.0029889173,0.99697113,3.9900773e-05
31033,2023-02-14,4,D3,4,D3,4,D3,True,7.528815e-30,1.18077075e-24,1.38238015e-11,0.0029768178,0.9969831,4.007439e-05
31033,2023-02-21,4,D3,4,D3,4,D3,True,7.475696e-30,1.1787854e-24,1.3800717e-11,0.0029772648,0.99698263,4.0058323e-05
31033,2023-02-28,4,D3,4,D3,4,D3,True,7.2987524e-30,1.16003495e-24,1.3674301e-11,0.0029671479,0.9969928,4.0016996e-05
31033,2023-03-07,4,D3,4,D3,4,D3,True,6.996981e-30,1.1259371e-24,1.3438854e-11,0.0029404717,0.9970196,3.9879356e-05
31033,2023-03-14,4,D3,4,D3,4,D3,True,6.0930168e-30,9.978262e-25,1.2436386e-11,0.002810678,0.99714965,3.9724062e-05
31033,2023-03-21,4,D3,4,D3,4,D3,True,4.5595617e-30,7.562045e-25,1.0337439e-11,0.0024982814,0.9974617,4.005487e-05
31033,2023-03-28,4,D3,4,D3,4,D3,True,3.8340405e-30,6.2830804e-25,8.954624e-12,0.0022358776,0.9977227,4.1456708e-05
31033,2023-04-04,4,D3,4,D3,4,D3,True,3.9406076e-30,6.6653254e-25,8.934505e-12,0.0021643469,0.9977944,4.131566e-05
31033,2023-04-11,3,D2,4,D3,4,D3,False,5.320792e-30,9.047991e-25,1.0687127e-11,0.0023499725,0.99760604,4.398998e-05
31033,2023-04-18,3,D2,4,D3,4,D3,False,2.7358987e-29,2.2628059e-23,1.3792038e-10,0.014224177,0.9857678,8.025274e-06
31033,2023-04-25,3,D2,4,D3,4,D3,False,6.908886e-30,1.7013242e-23,1.8484272e-10,0.019951992,0.9800454,2.7115173e-06
31033,2023-05-02,3,D2,4,D3,4,D3,False,2.2458805e-30,8.379923e-24,1.4850318e-10,0.020281998,0.97971606,1.9622285e-06
31033,2023-05-09,3,D2,4,D3,4,D3,False,1.1734784e-30,7.80504e-24,1.9140566e-10,0.021337217,0.97866166,1.1665788e-06
31033,2023-05-16,3,D2,4,D3,4,D3,False,6.7227213e-31,5.2017563e-24,1.5575154e-10,0.020003857,0.9799951,1.087634e-06
31033,2023-05-23,3,D2,4,D3,4,D3,False,2.0857345e-30,9.7305134e-23,3.1267586e-09,0.07337984,0.92661995,2.3292387e-07
31033,2023-05-30,2,D1,4,D3,4,D3,False,6.838322e-31,2.1167102e-22,1.8994482e-08,0.15790254,0.8420974,8.2034674e-08
31033,2023-06-06,1,D0,4,D3,4,D3,False,7.9696195e-24,3.4415518e-17,1.4411958e-06,0.3087319,0.691262,4.7456365e-06
31033,2023-06-13,1,D0,3,D2,3,D2,False,2.363607e-14,1.12001416e-07,0.105597205,0.8711969,0.023205321,3.818662e-07
31033,2023-06-20,1,D0,2,D1,2,D1,False,0.0002591821,0.2385109,0.75335366,0.007874979,1.1387912e-06,6.34448e-08
31033,2023-06-27,1,D0,1,D0,1,D0,True,0.03563891,0.48254803,0.4679704,0.0019645577,0.00020209185,0.011676037
31033,2023-07-04,0,None,1,D0,1,D0,False,0.32533413,0.5968304,0.061335478,0.00014164958,4.1456828e-05,0.016316855
31033,2023-07-11,0,None,0,None,0,None,True,0.9424228,0.057577156,2.2633559e-08,6.921777e-13,1.5970218e-10,2.2312674e-09
31033,2023-07-18,0,None,0,None,0,None,True,0.96903586,0.03096405,7.418635e-10,5.085818e-15,3.008071e-09,9.148351e-08
31033,2023-07-25,0,None,0,None,0,None,True,0.98271704,0.017282495,7.3538764e-10,2.7105718e-14,7.4434334e-09,5.5307567e-07
31033,2023-08-01,0,None,0,None,0,None,True,0.96710336,0.032896705,4.9560106e-10,1.6384528e-16,5.797256e-11,2.6583142e-09
31033,2023-08-08,0,None,0,None,0,None,True,0.97483814,0.025161827,7.1330153e-10,5.393229e-16,1.4354226e-09,3.7294807e-08
31033,2023-08-15,0,None,0,None,0,None,True,0.97029334,0.029706012,3.5256493e-09,2.4899931e-14,4.3100236e-08,6.081601e-07
31033,2023-08-22,0,None,0,None,0,None,True,0.972946,0.027052706,7.086673e-09,3.7937708e-14,8.536156e-08,1.1329159e-06
31033,2023-08-29,0,None,0,None,0,None,True,0.9553604,0.0067735724,7.1892615e-08,2.7920422e-10,0.0007344675,0.037131447
31033,2023-09-05,0,None,0,None,0,None,True,0.8624031,0.007001535,1.7271348e-07,5.7974137e-09,0.010619221,0.119975924
31033,2023-09-12,0,None,0,None,0,None,True,0.7145839,0.006685154,3.3939085e-07,1.00330624e-07,0.051594093,0.22713642
31033,2023-09-19,0,None,5,D4,5,D4,False,0.11199984,0.0006074623,1.1751076e-07,2.8771186e-07,0.13918684,0.7482055
31033,2023-09-26,0,None,5,D4,5,D4,False,0.07774054,0.0003656167,8.3132065e-08,2.0074216e-07,0.14610527,0.7757883
31033,2023-10-03,0,None,5,D4,0,None,True,0.42319787,0.0020394106,1.9728279e-07,6.464931e-08,0.08323433,0.4915282
31033,2023-10-10,0,None,5,D4,0,None,True,0.3727891,0.0016653452,1.6515614e-07,6.176438e-08,0.09024391,0.53530145
31033,2023-10-17,0,None,0,None,0,None,True,0.4937107,0.0023297688,1.8919536e-07,4.934237e-08,0.075499095,0.4284602
31033,2023-10-24,0,None,5,D4,0,None,True,0.2634943,0.0012306904,1.8904312e-07,9.9052045e-08,0.18041536,0.55485934
31033,2023-10-31,0,None,5,D4,5,D4,False,0.19404039,0.00088682154,1.4711834e-07,1.0414451e-07,0.20204203,0.60303056
31033,2023-11-07,0,None,5,D4,5,D4,False,0.17097478,0.00080825493,1.30906e-07,1.3274398e-07,0.22256392,0.6056527
31033,2023-11-14,0,None,5,D4,5,D4,False,0.12678148,0.0006035362,1.0239665e-07,1.4828684e-07,0.25295365,0.61966115
31033,2023-11-21,0,None,5,D4,5,D4,False,0.064004794,0.00034656655,6.044057e-08,3.1725486e-07,0.32110015,0.614548
31033,2023-11-28,0,None,5,D4,5,D4,False,0.04359189,0.00024470597,4.75956e-08,3.892281e-07,0.3420932,0.6140698
31033,2023-12-05,0,None,5,D4,5,D4,False,0.039754886,0.00024374781,4.3760146e-08,4.9359727e-07,0.36584246,0.5941584
31033,2023-12-12,0,None,5,D4,5,D4,False,0.053112034,0.00032298383,5.1712615e-08,4.802949e-07,0.3610744,0.58549
31033,2023-12-19,0,None,5,D4,5,D4,False,0.030183384,0.00016645218,3.4881804e-08,3.2018974e-07,0.3661297,0.6035201
31033,2023-12-26,0,None,5,D4,5,D4,False,0.056681193,0.00027735098,5.4556285e-08,2.0548956e-07,0.32254356,0.6204976
31033,2024-01-02,0,None,5,D4,5,D4,False,0.16789755,0.0007035196,9.1079926e-08,8.302402e-08,0.17247048,0.6589283
31033,2024-01-09,0,None,5,D4,5,D4,False,0.05190337,0.00019732647,3.7840003e-08,7.136028e-08,0.21261545,0.73528373
31033,2024-01-16,0,None,5,D4,5,D4,False,0.04613443,0.00017677025,3.5391402e-08,7.4652e-08,0.22157292,0.73211575
31033,2024-01-23,0,None,5,D4,5,D4,False,0.036619022,0.00014299269,3.023534e-08,7.7589085e-08,0.24533051,0.71790737
31033,2024-01-30,0,None,5,D4,5,D4,False,0.04293835,0.00017096236,3.39385e-08,8.102694e-08,0.2440842,0.7128064
31033,2024-02-06,0,None,5,D4,5,D4,False,0.054888178,0.00023402672,3.934369e-08,1.15479054e-07,0.25362092,0.69125676
31033,2024-02-13,0,None,5,D4,5,D4,False,0.049867045,0.00024842142,3.5020104e-08,2.509228e-07,0.30173486,0.6481493
31033,2024-02-20,0,None,5,D4,5,D4,False,0.062362902,0.00037110804,4.4860005e-08,4.5359178e-07,0.34159866,0.59566694
31033,2024-02-27,0,None,5,D4,5,D4,False,0.1036053,0.00065485906,6.616094e-08,5.0112294e-07,0.33294627,0.562793
31033,2024-03-05,0,None,5,D4,5,D4,False,0.12503402,0.0008655984,7.945768e-08,6.648179e-07,0.34661514,0.5274845
31033,2024-03-12,0,None,5,D4,5,D4,False,0.12216441,0.0008292224,7.892327e-08,6.7963003e-07,0.34508032,0.53192526
31033,2024-03-19,0,None,5,D4,5,D4,False,0.023898778,0.00012368166,2.2471761e-08,3.880272e-07,0.3342381,0.641739
31033,2024-03-26,0,None,5,D4,5,D4,False,0.033948824,0.0001349086,2.7359022e-08,1.7304218e-07,0.25358948,0.7123266
31033,2024-04-02,0,None,5,D4,5,D4,False,0.033477753,0.00012586392,2.7846022e-08,6.745326e-08,0.19925997,0.76713634
31033,2024-04-09,0,None,5,D4,5,D4,False,0.04469184,0.00019537909,4.490272e-08,5.612299e-08,0.15772268,0.79739
31033,2024-04-16,0,None,5,D4,5,D4,False,0.049173426,0.00022891907,5.967114e-08,6.998173e-08,0.15528022,0.7953172
31033,2024-04-23,0,None,5,D4,5,D4,False,0.13410681,0.0007286079,2.3517974e-07,1.9818252e-07,0.16963348,0.6955307
31033,2024-04-30,0,None,0,None,0,None,True,0.97434616,0.009567557,2.6953687e-06,2.571005e-07,0.006174428,0.0099088885
31033,2024-05-07,0,None,0,None,0,None,True,0.9869877,0.011756996,2.1643546e-06,6.93403e-08,0.00041522866,0.0008378264
31033,2024-05-14,0,None,0,None,0,None,True,0.9878535,0.012003371,5.956379e-07,1.7278404e-08,3.8381175e-05,0.000104127175
31033,2024-05-21,0,None,0,None,0,None,True,0.9391779,0.009572924,1.6881195e-06,1.6959133e-06,0.020540403,0.030705482
31033,2024-05-28,0,None,0,None,0,None,True,0.98726106,0.011850969,6.792234e-07,5.292983e-08,0.00032093044,0.00056624133
31033,2024-06-04,0,None,4,D3,5,D4,False,0.0318505,0.00027033678,3.0472216e-07,7.332404e-06,0.5000287,0.46784285
31033,2024-06-11,0,None,5,D4,5,D4,False,0.0006404647,3.842759e-06,6.8686994e-09,7.403018e-07,0.33214566,0.6672093
31033,2024-06-18,0,None,4,D3,4,D3,False,0.00046215323,2.1050123e-06,4.5123265e-09,2.3417358e-06,0.5605324,0.43900102
31033,2024-06-25,0,None,0,None,0,None,True,0.9775653,0.019005544,4.303697e-07,2.3760067e-07,0.0030523578,0.00037604608
31033,2024-07-02,0,None,0,None,0,None,True,0.96379805,0.013586235,2.2243375e-07,1.0529395e-07,0.019166183,0.0034491306
31033,2024-07-09,0,None,0,None,0,None,True,0.9835383,0.016059916,6.3604084e-08,1.1118847e-09,0.00022084282,0.00018082585
31033,2024-07-16,0,None,0,None,0,None,True,0.59203106,0.0030060802,1.18567094e-07,3.8320838e-08,0.098153375,0.30680934
31033,2024-07-23,0,None,5,D4,5,D4,False,0.005729451,3.2174023e-05,1.046558e-08,1.0914002e-07,0.31269827,0.68153995
31033,2024-07-30,0,None,5,D4,5,D4,False,0.0017592385,9.176982e-06,5.7780127e-09,2.0515893e-07,0.37631348,0.6219179
31033,2024-08-06,1,D0,4,D3,5,D4,False,8.364428e-05,3.1709385e-07,7.650675e-10,3.2812565e-07,0.5273447,0.472571
31033,2024-08-13,1,D0,4,D3,4,D3,False,3.5596268e-12,4.4832306e-12,1.9918922e-09,7.926402e-05,0.90390635,0.096014395
31033,2024-08-20,1,D0,4,D3,4,D3,False,5.134683e-09,3.6310503e-08,3.862489e-06,0.006005333,0.75033385,0.24365687
31033,2024-08-27,0,None,4,D3,4,D3,False,2.947401e-06,1.6241658e-05,8.975849e-05,0.022299794,0.73758024,0.24001089
31033,2024-09-03,0,None,0,None,0,None,True,0.9429162,0.029199889,2.3975713e-06,1.2543645e-06,0.014772953,0.013107346
31033,2024-09-10,0,None,0,None,0,None,True,0.98132265,0.018308569,2.2610746e-07,1.858334e-08,0.00027480902,9.370071e-05
31033,2024-09-17,0,None,0,None,0,None,True,0.9655173,0.034482416,1.6579987e-08,1.4407696e-11,2.1329781e-07,7.700421e-08
31033,2024-09-24,0,None,0,None,0,None,True,0.98345953,0.0063682543,1.7391805e-08,8.9266644e-10,0.00341549,0.0067566684
31033,2024-10-01,0,None,0,None,0,None,True,0.9871616,0.010760478,2.261157e-08,1.4326927e-10,0.00026072658,0.0018171541
31033,2024-10-08,1,D0,0,None,0,None,False,0.9875371,0.010826823,2.168761e-08,1.950023e-10,0.00058745185,0.0010486252
31033,2024-10-15,1,D0,4,D3,4,D3,False,4.4007546e-05,0.00139695,0.0032966044,0.03946536,0.879971,0.075825974
31033,2024-10-22,2,D1,4,D3,3,D2,False,3.6902257e-08,4.5753495e-06,0.0027531057,0.48064125,0.51466507,0.0019359721
31033,2024-10-29,2,D1,3,D2,3,D2,False,2.3303582e-18,8.600305e-12,0.00091485376,0.91863555,0.080449425,6.007532e-08
31033,2024-11-05,2,D1,3,D2,3,D2,False,6.330966e-22,8.633751e-15,7.143974e-05,0.87286556,0.1270629,6.378305e-08
31033,2024-11-12,2,D1,3,D2,3,D2,False,9.6137305e-23,7.002792e-16,1.7835544e-05,0.73957735,0.2604046,2.3536568e-07
31033,2024-11-19,2,D1,3,D2,3,D2,False,3.2276947e-21,4.9008683e-14,0.00011139996,0.89671487,0.1031736,1.5180932e-07
31033,2024-11-26,2,D1,3,D2,3,D2,False,1.0229671e-19,1.4606166e-12,0.0005129668,0.87959343,0.119893484,1.145962e-07
31033,2024-12-03,2,D1,3,D2,3,D2,False,4.9538813e-19,1.0615923e-11,0.0012825076,0.86623645,0.13248095,5.864169e-08
31033,2024-12-10,2,D1,3,D2,3,D2,False,5.945182e-19,1.4670744e-11,0.0017188373,0.89330304,0.10497808,4.150144e-08
31033,2024-12-17,2,D1,3,D2,3,D2,False,1.6422803e-18,4.8858577e-11,0.0045862994,0.954375,0.041038647,1.8383641e-08
31033,2024-12-24,2,D1,3,D2,3,D2,False,1.5187845e-18,7.837862e-11,0.008041781,0.9710839,0.020874297,1.1911339e-08
31033,2024-12-31,2,D1,3,D2,3,D2,False,3.4739767e-20,5.3067195e-12,0.0035085664,0.9766358,0.019855693,1.00062385e-08
31033,2025-01-07,2,D1,3,D2,3,D2,False,7.256469e-21,1.2744424e-12,0.0016180775,0.96817,0.030211933,1.5518774e-08
31033,2025-01-14,2,D1,3,D2,3,D2,False,4.5004147e-21,6.32741e-13,0.00084385835,0.9496414,0.04951476,2.420636e-08
31033,2025-01-21,2,D1,3,D2,3,D2,False,9.177647e-22,1.5247677e-13,0.00045324824,0.95314467,0.04640215,1.803301e-08
31033,2025-01-28,2,D1,3,D2,3,D2,False,4.1325717e-22,6.5536274e-14,0.00032265126,0.9550478,0.04462952,1.55163e-08
31033,2025-02-04,2,D1,3,D2,3,D2,False,3.2174433e-22,3.7555584e-14,0.000203156,0.93872887,0.061067913,1.9208889e-08
31033,2025-02-11,2,D1,3,D2,3,D2,False,2.3559855e-22,2.361317e-14,0.00014907664,0.9259912,0.07385973,2.3210642e-08
31033,2025-02-18,2,D1,3,D2,3,D2,False,1.7959979e-23,1.0475367e-15,4.0054107e-05,0.81671906,0.18324089,2.824267e-08
31033,2025-02-25,2,D1,3,D2,3,D2,False,1.6216983e-23,7.9950455e-16,2.8409586e-05,0.7465774,0.2533942,3.3508194e-08
31033,2025-03-04,2,D1,3,D2,3,D2,False,1.2017183e-23,4.2832249e-16,1.3401387e-05,0.567223,0.43276352,6.656812e-08
31033,2025-03-11,2,D1,4,D3,3,D2,False,2.4852696e-24,8.553486e-17,4.772522e-06,0.43214977,0.56784534,1.07574756e-07
31033,2025-03-18,2,D1,4,D3,4,D3,False,2.6474525e-25,7.240304e-18,8.365354e-07,0.22318263,0.77681625,2.9258203e-07
31033,2025-03-25,3,D2,4,D3,4,D3,False,2.014427e-25,7.969978e-18,1.3561573e-06,0.22477841,0.77521974,4.7534877e-07
31033,2025-04-01,3,D2,4,D3,4,D3,False,1.437638e-31,1.2394075e-22,1.2770338e-08,0.06907801,0.9309219,3.44322e-08
31033,2025-04-08,3,D2,4,D3,4,D3,False,4.9087377e-32,2.5887386e-23,4.7000777e-09,0.045080516,0.9549194,4.5015334e-08
31033,2025-04-15,3,D2,4,D3,4,D3,False,1.9390266e-32,7.987559e-24,1.984536e-09,0.030277299,0.9697226,4.5464475e-08
31033,2025-04-22,3,D2,4,D3,4,D3,False,5.534597e-33,1.9953067e-24,5.980083e-10,0.015440985,0.984559,4.4709676e-08
31033,2025-04-29,3,D2,4,D3,4,D3,False,1.6286689e-32,5.2189625e-24,5.744536e-10,0.013863439,0.98613656,7.0467955e-08
31033,2025-05-06,3,D2,4,D3,4,D3,False,4.7548967e-32,1.0600836e-23,8.847769e-10,0.020244358,0.9797555,9.3645106e-08
31033,2025-05-13,4,D3,4,D3,4,D3,True,2.4393793e-32,2.3276282e-24,2.95251e-10,0.026254958,0.97374505,6.185854e-08
31033,2025-05-20,4,D3,4,D3,4,D3,True,1.4725354e-30,1.4571284e-24,1.15385245e-11,0.003821952,0.9961771,9.252277e-07
31033,2025-05-27,3,D2,4,D3,4,D3,False,1.408577e-31,4.573761e-26,6.624232e-13,0.0004879917,0.999498,1.4016353e-05
31033,2025-06-03,3,D2,4,D3,4,D3,False,4.2756877e-33,3.6268456e-26,3.2187501e-12,0.0020179201,0.9979808,1.2842954e-06
31033,2025-06-10,3,D2,4,D3,4,D3,False,1.3161363e-31,1.9359359e-24,8.554655e-11,0.007333826,0.9926651,1.1017967e-06
31033,2025-06-17,2,D1,4,D3,4,D3,False,5.5485985e-31,7.7030816e-24,2.804012e-10,0.012693878,0.98730487,1.3251256e-06
31033,2025-06-24,2,D1,4,D3,4,D3,False,9.06043e-26,4.6589294e-19,5.821223e-08,0.08395131,0.916046,2.5952716e-06
31033,2025-07-01,2,D1,3,D2,3,D2,False,7.865494e-22,4.3896476e-14,0.000107000706,0.7908059,0.20908557,1.5452779e-06
31033,2025-07-08,2,D1,3,D2,3,D2,False,2.6940928e-20,3.5356698e-12,0.0017409687,0.97903776,0.019221146,1.2137679e-07
31033,2025-07-15,2,D1,3,D2,3,D2,False,4.819299e-19,2.9618225e-11,0.0038299204,0.97046024,0.025709251,6.0136966e-07
31033,2025-07-22,2,D1,3,D2,3,D2,False,9.228386e-19,9.9597844e-11,0.0047583934,0.9663019,0.028939074,5.830339e-07
31033,2025-07-29,2,D1,3,D2,3,D2,False,1.313572e-19,1.24374105e-11,0.0026837313,0.9570038,0.040312275,2.0311273e-07
31033,2025-08-05,2,D1,3,D2,3,D2,False,6.546277e-20,8.515918e-12,0.0018925385,0.9481003,0.050006963,8.861896e-08
31033,2025-08-12,2,D1,3,D2,3,D2,False,3.2189734e-20,9.596046e-13,0.00031317948,0.85432905,0.14535767,1.2275198e-07
31033,2025-08-19,2,D1,3,D2,3,D2,False,4.2744227e-21,1.9178955e-14,3.8401035e-05,0.5637594,0.43620074,1.4070059e-06
31033,2025-08-26,2,D1,4,D3,4,D3,False,8.65362e-22,4.6126746e-15,7.5852836e-06,0.26912692,0.73085636,9.103389e-06
31033,2025-09-02,2,D1,4,D3,4,D3,False,8.752202e-22,1.0032456e-14,1.3407236e-05,0.27951267,0.72046334,1.0610327e-05
31033,2025-09-09,2,D1,4,D3,3,D2,False,3.8444233e-21,4.71343e-14,4.5725144e-05,0.49796274,0.50198466,6.8506674e-06
31033,2025-09-16,2,D1,3,D2,3,D2,False,3.1942117e-21,4.2962795e-14,8.360729e-05,0.7093717,0.29054362,1.0823693e-06
31033,2025-09-23,2,D1,3,D2,3,D2,False,6.276925e-21,4.978219e-14,0.000113553426,0.78091866,0.2189659,1.8620709e-06
31033,2025-09-30,2,D1,3,D2,3,D2,False,6.840452e-20,1.7717407e-13,0.00011091751,0.57581186,0.42401704,6.016395e-05
31033,2025-10-07,2,D1,3,D2,3,D2,False,3.8248022e-19,1.5378731e-12,0.0013270465,0.874199,0.12446639,7.576054e-06
31033,2025-10-14,2,D1,3,D2,3,D2,False,2.5767475e-19,1.3479359e-12,0.0014199092,0.9136177,0.08496113,1.3499457e-06
31033,2025-10-21,2,D1,3,D2,3,D2,False,7.553063e-19,5.2857553e-12,0.0033686783,0.93033135,0.06629944,5.279547e-07
31033,2025-10-28,2,D1,3,D2,3,D2,False,1.1684816e-18,6.5681644e-12,0.0034053933,0.9257861,0.07080773,7.934072e-07
31033,2025-11-04,2,D1,3,D2,3,D2,False,4.3215108e-19,2.358139e-12,0.0020691345,0.9084107,0.089519195,9.774164e-07
31033,2025-11-11,2,D1,3,D2,3,D2,False,2.0739774e-19,1.163986e-12,0.0015328827,0.89923084,0.09923536,9.311125e-07
31033,2025-11-18,2,D1,3,D2,3,D2,False,1.252952e-19,8.034399e-13,0.0012838368,0.9035543,0.09516119,6.822141e-07
31033,2025-11-25,2,D1,3,D2,3,D2,False,4.563933e-20,2.5539298e-13,0.0007413722,0.87685484,0.12240297,8.008263e-07
31033,2025-12-02,2,D1,3,D2,3,D2,False,3.7924144e-20,2.1298764e-13,0.0006642879,0.86913776,0.13019714,8.121374e-07
31033,2025-12-09,2,D1,3,D2,3,D2,False,4.1851504e-20,2.3436383e-13,0.00070215896,0.8717564,0.12754071,8.039815e-07
31033,2025-12-16,2,D1,3,D2,3,D2,False,3.048109e-20,1.4017945e-13,0.00049517356,0.8368668,0.16263695,1.1305767e-06
31033,2025-12-23,2,D1,3,D2,3,D2,False,4.295123e-20,1.7872386e-13,0.00056989276,0.8375747,0.16185413,1.3369286e-06
31033,2025-12-30,2,D1,3,D2,3,D2,False,8.701383e-22,1.7307602e-14,0.00033581472,0.8916222,0.10804171,3.0312546e-07
31035,2022-01-04,1,D0,2,D1,2,D1,False,8.183447e-05,0.20069288,0.7950187,0.004206539,2.1732948e-08,6.1356455e-11
31035,2022-01-11,1,D0,2,D1,2,D1,False,9.2202055e-05,0.2421247,0.75245816,0.00532495,3.3342538e-08,1.2621662e-10
31035,2022-01-18,1,D0,2,D1,2,D1,False,0.00011233849,0.23802087,0.7562174,0.005649338,5.245805e-08,2.5096375e-10
31035,2022-01-25,1,D0,2,D1,2,D1,False,8.501491e-05,0.20110762,0.7913644,0.007442841,2.1722082e-07,1.392048e-09
31035,2022-02-01,1,D0,2,D1,2,D1,False,4.7919795e-05,0.17551827,0.8133557,0.011077512,6.426506e-07,1.5601643e-09
31035,2022-02-08,2,D1,2,D1,2,D1,True,9.396625e-10,0.00034089512,0.5983718,0.38749838,0.013787391,1.5372405e-06
31035,2022-02-15,2,D1,3,D2,3,D2,False,5.5182015e-19,5.15389e-11,0.004755605,0.9596203,0.035623964,6.385176e-08
31035,2022-02-22,2,D1,3,D2,3,D2,False,2.858253e-20,3.3822012e-12,0.0018418981,0.96436524,0.033792872,3.5965396e-08
31035,2022-03-01,2,D1,3,D2,3,D2,False,4.9167105e-20,4.046622e-12,0.0022800937,0.97463745,0.0230824,6.871219e-08
31035,2022-03-08,2,D1,3,D2,3,D2,False,9.12635e-20,6.2222545e-12,0.0040752864,0.9819854,0.01393936,4.0589974e-08
31035,2022-03-15,2,D1,3,D2,3,D2,False,5.8746965e-21,3.1348277e-13,0.00097508176,0.9766309,0.02239399,2.6351785e-08
31035,2022-03-22,2,D1,3,D2,3,D2,False,1.2305773e-20,1.1212083e-12,0.0021130345,0.9893952,0.008491784,9.357154e-09
31035,2022-03-29,2,D1,3,D2,3,D2,False,1.6141224e-20,2.022198e-12,0.0034899942,0.9882477,0.008262324,6.7317467e-09
31035,2022-04-05,2,D1,3,D2,3,D2,False,1.5123573e-20,1.7983927e-12,0.0037175242,0.9847543,0.011528184,1.3830189e-08
31035,2022-04-12,2,D1,3,D2,3,D2,False,7.686653e-21,1.4753387e-12,0.0033653611,0.9913087,0.0053258804,4.6857105e-09
31035,2022-04-19,3,D2,3,D2,3,D2,True,4.5922753e-21,5.0741e-13,0.0022195515,0.98729706,0.010483426,3.6120347e-09
31035,2022-04-26,3,D2,3,D2,3,D2,True,2.579736e-28,1.8860381e-19,1.3409513e-06,0.6319617,0.3680369,2.6007266e-10
31035,2022-05-03,3,D2,4,D3,4,D3,False,6.43473e-33,8.079036e-24,3.4763536e-09,0.1607523,0.8392477,1.8076688e-09
31035,2022-05-10,3,D2,4,D3,4,D3,False,1.4541238e-35,1.9580682e-26,3.215992e-11,0.01897775,0.9810222,1.6392967e-08
31035,2022-05-17,3,D2,4,D3,4,D3,False,1.6253302e-35,1.3760108e-26,2.387936e-11,0.01232948,0.98767054,1.9376897e-08
31035,2022-05-24,3,D2,4,D3,4,D3,False,1.9000034e-35,1.2291898e-26,2.3264337e-11,0.011114009,0.988886,2.3753467e-08
31035,2022-05-31,2,D1,4,D3,4,D3,False,1.4170629e-35,1.2516571e-26,2.5394891e-11,0.008049052,0.991951,3.0445566e-08
31035,2022-06-07,2,D1,4,D3,4,D3,False,2.6261709e-28,4.227167e-21,6.4067334e-09,0.032592073,0.9674038,4.1070543e-06
31035,2022-06-14,1,D0,4,D3,4,D3,False,5.601236e-26,4.6185185e-19,1.2761139e-07,0.120701306,0.8792919,6.7746823e-06
31035,2022-06-21,1,D0,3,D2,3,D2,False,3.9758244e-17,1.8744387e-10,0.0031562862,0.5019037,0.49492463,1.530549e-05
31035,2022-06-28,1,D0,2,D1,2,D1,False,2.146596e-09,0.00048505297,0.8717634,0.1183669,0.009382155,2.5531906e-06
31035,2022-07-05,1,D0,2,D1,2,D1,False,4.356265e-09,0.0011863142,0.91011184,0.08660825,0.002093138,4.3534206e-07
31035,2022-07-12,1,D0,2,D1,2,D1,False,4.006277e-09,0.0008629281,0.875696,0.11959879,0.0038414255,8.628276e-07
31035,2022-07-19,1,D0,2,D1,2,D1,False,3.6790475e-09,0.0006581702,0.8538477,0.13865642,0.0068356358,2.0582231e-06
31035,2022-07-26,1,D0,2,D1,2,D1,False,3.1795555e-09,0.0004168163,0.8310715,0.15405758,0.014445671,8.4362255e-06
31035,2022-08-02,1,D0,2,D1,2,D1,False,2.732471e-09,0.0003988614,0.8325962,0.15845524,0.008545195,4.4629433e-06
31035,2022-08-09,1,D0,2,D1,2,D1,False,3.276062e-09,0.00042479316,0.8229457,0.16762164,0.009001739,6.107811e-06
31035,2022-08-16,1,D0,2,D1,2,D1,False,1.4152852e-09,0.00017863853,0.69081664,0.28980345,0.019187592,1.36501585e-05
31035,2022-08-23,1,D0,3,D2,3,D2,False,2.5921104e-10,3.680692e-05,0.43336698,0.51703626,0.04952865,3.1337167e-05
31035,2022-08-30,2,D1,3,D2,3,D2,False,1.3427189e-10,2.0209349e-05,0.34101617,0.59316504,0.06576115,3.7367583e-05
31035,2022-09-06,2,D1,3,D2,3,D2,False,1.4301566e-17,1.2465243e-10,0.008924637,0.91840506,0.072668344,1.9850243e-06
31035,2022-09-13,2,D1,3,D2,3,D2,False,2.9792476e-19,8.728179e-12,0.0042137885,0.9414918,0.054293934,4.81338e-07
31035,2022-09-20,2,D1,3,D2,3,D2,False,1.0206203e-18,1.8371948e-11,0.005153834,0.9439496,0.050895914,6.619856e-07
31035,2022-09-27,2,D1,3,D2,3,D2,False,1.2552452e-18,2.1075756e-11,0.0053114123,0.94219023,0.05249755,7.663648e-07
31035,2022-10-04,2,D1,3,D2,3,D2,False,1.5655072e-18,2.8337176e-11,0.005940714,0.94047403,0.05358432,9.162065e-07
31035,2022-10-11,3,D2,3,D2,3,D2,True,2.5481727e-18,4.8030583e-11,0.00682697,0.9488335,0.04433845,9.667127e-07
31035,2022-10-18,3,D2,3,D2,3,D2,True,6.865396e-26,3.8379708e-17,3.0051533e-05,0.6201713,0.37979865,3.1921925e-08
31035,2022-10-25,3,D2,4,D3,4,D3,False,7.635695e-29,3.2769157e-20,7.5906473e-07,0.21727279,0.7827264,7.738348e-08
31035,2022-11-01,3,D2,4,D3,4,D3,False,7.93287e-32,6.419046e-23,8.766697e-09,0.021559855,0.97844005,1.2531162e-07
31035,2022-11-08,3,D2,4,D3,4,D3,False,1.0283883e-32,5.313763e-24,9.409775e-10,0.004390656,0.995609,3.109848e-07
31035,2022-11-15,3,D2,4,D3,4,D3,False,1.731824e-32,6.696652e-24,1.0475214e-09,0.004789941,0.99520963,3.892367e-07
31035,2022-11-22,3,D2,4,D3,4,D3,False,5.385171e-32,1.0056185e-23,1.0998575e-09,0.0052544945,0.9947448,7.362111e-07
31035,2022-11-29,3,D2,4,D3,4,D3,False,1.9293818e-31,1.4306537e-23,1.0819668e-09,0.0067657386,0.99323297,1.3457125e-06
31035,2022-12-06,3,D2,4,D3,4,D3,False,2.256133e-31,8.766425e-24,5.9742683e-10,0.0065781637,0.9934191,2.6694336e-06
31035,2022-12-13,3,D2,4,D3,4,D3,False,2.718152e-31,8.578665e-24,4.883369e-10,0.0066468096,0.99334866,4.491826e-06
31035,2022-12-20,3,D2,4,D3,4,D3,False,3.391169e-31,1.0046751e-23,5.323171e-10,0.0064320853,0.9935615,6.388421e-06
31035,2022-12-27,3,D2,4,D3,4,D3,False,2.189724e-31,6.1038393e-24,4.1630416e-10,0.005685212,0.99430627,8.49715e-06
31035,2023-01-03,3,D2,4,D3,4,D3,False,2.37761e-31,4.4026197e-24,5.736774e-10,0.01231275,0.98768216,5.0178396e-06
31035,2023-01-10,3,D2,4,D3,4,D3,False,1.2664823e-31,2.5804364e-24,4.4864612e-10,0.0154591445,0.984537,3.8206617e-06
31035,2023-01-17,3,D2,4,D3,4,D3,False,9.424509e-32,2.2651896e-24,4.0537615e-10,0.016343573,0.9836534,3.0665715e-06
31035,2023-01-24,3,D2,4,D3,4,D3,False,7.1136316e-32,2.342849e-24,4.2049614e-10,0.018433612,0.98156434,2.0086104e-06
31035,2023-01-31,3,D2,4,D3,4,D3,False,5.043128e-32,3.0643016e-24,6.1816907e-10,0.028537314,0.9714622,4.5824288e-07
31035,2023-02-07,3,D2,4,D3,4,D3,False,8.9932994e-32,6.818632e-24,1.5858986e-09,0.04774865,0.95225114,2.261557e-07
31035,2023-02-14,3,D2,4,D3,4,D3,False,1.2021097e-31,8.931482e-24,1.9585797e-09,0.05103457,0.94896513,2.3932938e-07
31035,2023-02-21,3,D2,4,D3,4,D3,False,1.0420297e-31,8.1185265e-24,1.9013582e-09,0.05057971,0.94942,2.3357619e-07
31035,2023-02-28,3,D2,4,D3,4,D3,False,1.050286e-31,8.56931e-24,2.0547442e-09,0.05160464,0.94839513,2.3023505e-07
31035,2023-03-07,3,D2,4,D3,4,D3,False,1.3285877e-31,1.1728147e-23,2.6076212e-09,0.054422364,0.9455773,2.463911e-07
31035,2023-03-14,3,D2,4,D3,4,D3,False,1.9520226e-31,1.7603335e-23,3.4583707e-09,0.06037034,0.93962926,3.300026e-07
31035,2023-03-21,3,D2,4,D3,4,D3,False,4.2604307e-31,3.6121007e-23,5.1914406e-09,0.06920186,0.93079776,3.7578687e-07
31035,2023-03-28,3,D2,4,D3,4,D3,False,8.819262e-31,7.020101e-23,7.477388e-09,0.08197559,0.918024,3.8836964e-07
31035,2023-04-04,3,D2,4,D3,4,D3,False,4.8187726e-31,3.1692834e-23,4.581374e-09,0.066817045,0.9331825,4.232446e-07
31035,2023-04-11,3,D2,4,D3,4,D3,False,3.9435778e-31,2.5008363e-23,3.7620036e-09,0.062834874,0.93716466,3.9681697e-07
31035,2023-04-18,3,D2,4,D3,4,D3,False,1.2545303e-30,5.4055375e-23,5.1228577e-09,0.06168922,0.93831027,5.2953783e-07
31035,2023-04-25,3,D2,4,D3,4,D3,False,1.6587563e-30,7.069341e-23,6.0028955e-09,0.066827275,0.9331722,4.871001e-07
31035,2023-05-02,3,D2,4,D3,4,D3,False,2.200417e-30,1.0018866e-22,7.68885e-09,0.08129379,0.9187058,4.5019306e-07
31035,2023-05-09,4,D3,4,D3,4,D3,True,2.2838582e-30,1.1137306e-22,7.511507e-09,0.085995905,0.9140037,3.7879025e-07
31035,2023-05-16,4,D3,4,D3,4,D3,True,8.199985e-29,1.1668355e-22,5.5706134e-10,0.025585888,0.97441036,3.810545e-06
31035,2023-05-23,4,D3,4,D3,4,D3,True,5.310516e-28,5.592201e-23,1.0353027e-10,0.0040716478,0.99588335,4.498569e-05
31035,2023-05-30,5,D4,4,D3,4,D3,False,3.318452e-29,1.6951113e-23,9.472569e-11,0.0047187633,0.9952661,1.5119084e-05
31035,2023-06-06,5,D4,4,D3,4,D3,False,3.9816938e-28,6.1043236e-24,1.2353676e-11,0.0018664264,0.99799156,0.00014198392
31035,2023-06-13,5,D4,4,D3,4,D3,False,4.063179e-29,5.778435e-25,2.7983778e-12,0.0009147972,0.9989009,0.00018424501
31035,2023-06-20,5,D4,4,D3,4,D3,False,1.8284219e-29,2.8740932e-25,1.7581229e-12,0.0008002298,0.99901044,0.00018928222
31035,2023-06-27,5,D4,4,D3,4,D3,False,4.357671e-24,7.3434715e-23,9.002571e-13,2.6735894e-05,0.8096512,0.19032212
31035,2023-07-04,5,D4,5,D4,5,D4,True,1.474418e-20,8.4172154e-20,3.411477e-13,1.0265152e-06,0.17890581,0.82109314
31035,2023-07-11,4,D3,5,D4,5,D4,False,3.4293286e-20,2.6658284e-19,5.6038236e-13,6.991746e-07,0.1278251,0.8721742
31035,2023-07-18,4,D3,4,D3,4,D3,True,2.3202588e-29,2.1250875e-25,4.985347e-13,0.00020610476,0.9985662,0.0012277286
31035,2023-07-25,4,D3,4,D3,4,D3,True,5.4360753e-30,9.4985047e-26,4.8564386e-13,0.0002231254,0.9984555,0.0013213776
31035,2023-08-01,4,D3,4,D3,4,D3,True,8.485423e-30,1.5134665e-25,6.98789e-13,0.00032552067,0.9985114,0.0011631378
31035,2023-08-08,4,D3,4,D3,4,D3,True,2.2221049e-29,3.3351198e-25,1.5328889e-12,0.00050982466,0.99869245,0.0007977383
31035,2023-08-15,4,D3,4,D3,4,D3,True,1.6963853e-29,3.6139296e-25,2.0009753e-12,0.0006204546,0.9989317,0.0004478498
31035,2023-08-22,4,D3,4,D3,4,D3,True,1.3253359e-29,5.1259984e-25,3.3003105e-12,0.0010558479,0.99881005,0.00013415408
31035,2023-08-29,4,D3,4,D3,4,D3,True,3.8265487e-29,1.4572423e-24,9.446777e-12,0.0022507384,0.99768496,6.4299435e-05
31035,2023-09-05,4,D3,4,D3,4,D3,True,1.1721751e-28,4.0689043e-24,1.8733468e-11,0.002664326,0.9972427,9.3029324e-05
31035,2023-09-12,4,D3,4,D3,4,D3,True,1.8144489e-28,6.250332e-24,2.4118898e-11,0.002774232,0.99711007,0.00011566821
31035,2023-09-19,5,D4,4,D3,4,D3,False,1.7161551e-28,5.381237e-24,2.1384578e-11,0.0030549667,0.99681646,0.0001286097
31035,2023-09-26,5,D4,4,D3,4,D3,False,2.0291234e-27,2.663718e-24,1.5615232e-12,0.00042551424,0.9969478,0.002626694
31035,2023-10-03,5,D4,4,D3,4,D3,False,4.265014e-26,1.5518811e-24,2.5001447e-13,7.822777e-05,0.9135756,0.08634622
31035,2023-10-10,5,D4,5,D4,5,D4,True,1.1995679e-22,4.7338253e-22,9.4686134e-14,2.5865097e-06,0.22454369,0.77545375
31035,2023-10-17,5,D4,5,D4,5,D4,True,2.2717102e-21,8.2398425e-21,5.46782e-14,4.637539e-07,0.06840352,0.93159604
31035,2023-10-24,5,D4,5,D4,5,D4,True,5.477218e-21,2.1912071e-20,7.7092046e-14,4.0311645e-07,0.054253872,0.94574565
31035,2023-10-31,5,D4,5,D4,5,D4,True,1.1038131e-20,4.8456605e-20,1.2025664e-13,4.186975e-07,0.049321618,0.95067793
31035,2023-11-07,5,D4,5,D4,5,D4,True,1.7110273e-20,8.071263e-20,1.6175655e-13,4.3442353e-07,0.04697671,0.95302284
31035,2023-11-14,5,D4,5,D4,5,D4,True,2.2010968e-20,1.0856435e-19,1.9063656e-13,4.402107e-07,0.04575401,0.9542455
31035,2023-11-21,5,D4,5,D4,5,D4,True,2.2558395e-20,9.1600456e-20,1.2603308e-13,3.1420376e-07,0.04405654,0.9559431
31035,2023-11-28,5,D4,5,D4,5,D4,True,8.870362e-22,1.6838382e-21,1.3185069e-14,6.397324e-07,0.19376656,0.80623275
31035,2023-12-05,5,D4,5,D4,5,D4,True,3.2072767e-22,1.293936e-21,2.4012415e-14,1.690265e-06,0.2817794,0.71821886
31035,2023-12-12,5,D4,5,D4,5,D4,True,2.0189514e-22,1.0156036e-21,2.7899055e-14,2.3536059e-06,0.3329498,0.6670478
31035,2023-12-19,4,D3,5,D4,5,D4,False,1.6034439e-22,8.743756e-22,2.845041e-14,2.6696425e-06,0.36150268,0.6384947
31035,2023-12-26,4,D3,4,D3,4,D3,True,8.746042e-30,4.4935748e-26,1.1590651e-13,0.00025056963,0.9986877,0.00106172
31035,2024-01-02,4,D3,4,D3,4,D3,True,1.0166149e-29,7.202791e-26,2.2012631e-13,0.00045833166,0.99875927,0.000782367
31035,2024-01-09,4,D3,4,D3,4,D3,True,1.26040785e-29,1.0916184e-25,3.4723022e-13,0.0005765527,0.9987047,0.00071877666
31035,2024-01-16,4,D3,4,D3,4,D3,True,2.5306343e-29,2.28327e-25,8.064707e-13,0.00070377113,0.99879396,0.000502188
31035,2024-01-23,3,D2,4,D3,4,D3,False,2.4954444e-29,2.4345944e-25,9.391667e-13,0.00075162126,0.9987908,0.00045758704
31035,2024-01-30,3,D2,4,D3,4,D3,False,6.300234e-28,1.5424129e-22,1.4120462e-10,0.011646658,0.98832124,3.2114192e-05
31035,2024-02-06,3,D2,4,D3,4,D3,False,1.0420919e-28,8.625902e-23,2.9015063e-10,0.019682782,0.9803065,1.0765404e-05
31035,2024-02-13,3,D2,4,D3,4,D3,False,1.17146645e-29,2.3100468e-23,3.674132e-10,0.025844196,0.9741512,4.636175e-06
31035,2024-02-20,3,D2,4,D3,4,D3,False,4.683418e-30,1.3891552e-23,3.7724107e-10,0.02651086,0.9734858,3.3170793e-06
31035,2024-02-27,3,D2,4,D3,4,D3,False,2.1153792e-30,8.160178e-24,3.0193367e-10,0.024393573,0.975603,3.4152736e-06
31035,2024-03-05,3,D2,4,D3,4,D3,False,1.0499224e-30,5.474629e-24,2.689379e-10,0.022435753,0.9775605,3.7586499e-06
31035,2024-03-12,3,D2,4,D3,4,D3,False,6.566516e-31,4.1504954e-24,2.508194e-10,0.02096083,0.97903514,4.072083e-06
31035,2024-03-19,3,D2,4,D3,4,D3,False,4.9088517e-31,3.372886e-24,2.2844766e-10,0.019544419,0.9804513,4.301422e-06
31035,2024-03-26,3,D2,4,D3,4,D3,False,4.284672e-31,3.1934636e-24,2.2380145e-10,0.018378673,0.981617,4.382196e-06
31035,2024-04-02,3,D2,4,D3,4,D3,False,4.038024e-31,3.6266535e-24,2.5502037e-10,0.017353173,0.982643,3.8080495e-06
31035,2024-04-09,3,D2,4,D3,4,D3,False,3.4829087e-31,2.368523e-24,1.696067e-10,0.011614899,0.9883803,4.854281e-06
31035,2024-04-16,3,D2,4,D3,4,D3,False,3.1341846e-31,1.577669e-24,8.744326e-11,0.007418327,0.99257493,6.7931874e-06
31035,2024-04-23,3,D2,4,D3,4,D3,False,3.6642595e-31,1.6156792e-24,6.773488e-11,0.006288528,0.9937034,8.07645e-06
31035,2024-04-30,3,D2,4,D3,4,D3,False,8.226673e-31,3.9679427e-24,1.1631319e-10,0.008673292,0.9913196,7.0936426e-06
31035,2024-05-07,2,D1,4,D3,4,D3,False,3.6338337e-31,3.5600693e-24,1.7048712e-10,0.013913136,0.98608404,2.825907e-06
31035,2024-05-14,2,D1,4,D3,4,D3,False,1.4141935e-23,6.53639e-17,4.0612777e-06,0.3284549,0.67153853,2.4600026e-06
31035,2024-05-21,2,D1,3,D2,3,D2,False,5.770708e-21,1.07040977e-13,0.00027425334,0.8848377,0.114886776,1.2227306e-06
31035,2024-05-28,2,D1,3,D2,3,D2,False,1.9442987e-20,4.4710134e-13,0.0003893347,0.8855642,0.11404497,1.4406208e-06
31035,2024-06-04,1,D0,3,D2,3,D2,False,1.8283592e-20,4.5368803e-13,0.00039107248,0.89340127,0.106206544,1.2213721e-06
31035,2024-06-11,1,D0,2,D1,2,D1,False,4.6198486e-11,2.9456342e-05,0.55907387,0.4357985,0.005097661,5.805962e-07
31035,2024-06-18,1,D0,2,D1,2,D1,False,4.137707e-05,0.10928814,0.882811,0.007858373,1.1200656e-06,5.47436e-09
31035,2024-06-25,1,D0,2,D1,2,D1,False,0.00041733214,0.3095261,0.68752295,0.0025335744,2.2122547e-08,5.060015e-10
31035,2024-07-02,0,None,2,D1,2,D1,False,0.018098053,0.40480444,0.57389206,0.002619248,2.3488083e-05,0.0005627461
31035,2024-07-09,0,None,0,None,0,None,True,0.88385123,0.11613042,3.4483674e-07,1.9093731e-10,7.1594394e-07,1.7341468e-05
31035,2024-07-16,0,None,0,None,0,None,True,0.97176015,0.028239502,8.526495e-09,1.9960563e-12,1.259265e-07,2.1899837e-07
31035,2024-07-23,0,None,0,None,0,None,True,0.98515934,0.014839422,8.7475543e-10,1.8604884e-13,1.0173008e-07,1.1063308e-06
31035,2024-07-30,0,None,0,None,0,None,True,0.9894968,0.010502991,2.6490177e-10,4.7582677e-15,1.9078069e-08,2.062523e-07
31035,2024-08-06,0,None,0,None,0,None,True,0.97461176,0.02538827,6.310639e-10,7.7276865e-16,4.7782067e-10,5.9277796e-09
31035,2024-08-13,1,D0,0,None,0,None,False,0.9889016,0.011091545,1.6414615e-09,1.346911e-13,5.4052566e-07,6.2393415e-06
31035,2024-08-20,1,D0,0,None,0,None,False,0.8823929,0.11754814,2.9492961e-05,5.3587364e-08,1.21866215e-05,1.7332084e-05
31035,2024-08-27,1,D0,3,D2,3,D2,False,4.932461e-08,2.692474e-05,0.018334733,0.60429716,0.37548512,0.001856035
31035,2024-09-03,2,D1,3,D2,3,D2,False,4.7240487e-06,0.0015970968,0.27936855,0.6740523,0.04490961,6.767381e-05
31035,2024-09-10,2,D1,3,D2,3,D2,False,1.6092959e-14,2.6253293e-08,0.032367524,0.94691324,0.020719105,5.940662e-08
31035,2024-09-17,2,D1,3,D2,3,D2,False,3.6140802e-16,2.2706583e-09,0.020690907,0.96379703,0.0155120455,3.7898086e-08
31035,2024-09-24,2,D1,3,D2,3,D2,False,1.8816022e-16,1.2778021e-09,0.017015101,0.9645805,0.018404469,4.872786e-08
31035,2024-10-01,2,D1,3,D2,3,D2,False,1.9206293e-17,2.1462238e-10,0.008667511,0.97149974,0.019832755,5.0285717e-08
31035,2024-10-08,3,D2,3,D2,3,D2,True,4.64929e-18,7.210221e-11,0.0057263696,0.9739396,0.020334082,4.7712838e-08
31035,2024-10-15,3,D2,4,D3,4,D3,False,1.9994168e-29,1.0950059e-20,1.7339434e-07,0.25016317,0.7498366,4.941073e-08
31035,2024-10-22,3,D2,4,D3,3,D2,True,5.0438705e-32,3.5732218e-22,5.0728378e-08,0.43245843,0.5675415,1.8344681e-09
31035,2024-10-29,3,D2,4,D3,4,D3,False,6.0585302e-33,3.9249733e-23,1.3212774e-08,0.26725277,0.7327472,5.9963607e-09
31035,2024-11-05,3,D2,4,D3,4,D3,False,5.0208975e-33,1.4100332e-23,4.756596e-09,0.1394536,0.8605464,1.7726304e-08
31035,2024-11-12,3,D2,4,D3,4,D3,False,5.309235e-33,5.003843e-24,1.6821624e-09,0.07245511,0.92754483,5.1377526e-08
31035,2024-11-19,2,D1,4,D3,4,D3,False,4.0236338e-33,1.6393718e-24,6.9551337e-10,0.043991927,0.9560079,1.1629865e-07
31035,2024-11-26,2,D1,4,D3,4,D3,False,6.69899e-25,9.654196e-19,1.5078294e-07,0.15104473,0.8489443,1.0891187e-05
31035,2024-12-03,2,D1,3,D2,3,D2,False,1.2430049e-21,1.665457e-14,6.435925e-05,0.7147343,0.28519642,4.9709897e-06
31035,2024-12-10,2,D1,3,D2,3,D2,False,7.4817864e-21,1.8555139e-13,0.00026276038,0.85657334,0.14316171,2.149947e-06
31035,2024-12-17,2,D1,3,D2,3,D2,False,3.578597e-21,1.3715912e-13,0.000353748,0.9104608,0.08918489,5.102489e-07
31035,2024-12-24,2,D1,3,D2,3,D2,False,2.1747055e-20,6.922332e-13,0.00064451044,0.92846346,0.07089159,4.9369976e-07
31035,2024-12-31,2,D1,3,D2,3,D2,False,4.9015156e-20,2.2839866e-12,0.0012143111,0.9435115,0.05527394,2.6139514e-07
31035,2025-01-07,2,D1,3,D2,3,D2,False,8.2258485e-20,6.0680805e-12,0.0020123138,0.95616275,0.041824855,1.6000185e-07
31035,2025-01-14,2,D1,3,D2,3,D2,False,9.524185e-20,9.914871e-12,0.0021733637,0.96646714,0.03135935,7.6874855e-08
31035,2025-01-21,2,D1,3,D2,3,D2,False,3.6997568e-19,6.200018e-11,0.005977828,0.97361666,0.020405477,2.5591072e-08
31035,2025-01-28,2,D1,3,D2,3,D2,False,3.350279e-19,5.45743e-11,0.005663715,0.9735652,0.020770997,2.7026276e-08
31035,2025-02-04,2,D1,3,D2,3,D2,False,2.787209e-19,4.1734886e-11,0.0050414247,0.9734082,0.02155037,3.1070787e-08
31035,2025-02-11,2,D1,3,D2,3,D2,False,1.9068077e-19,2.3364928e-11,0.0038657733,0.97245616,0.023678046,4.225897e-08
31035,2025-02-18,2,D1,3,D2,3,D2,False,1.9822661e-19,2.378166e-11,0.0040131467,0.9733723,0.022614606,4.3588912e-08
31035,2025-02-25,2,D1,3,D2,3,D2,False,1.8088115e-19,1.97782e-11,0.003799978,0.97342175,0.02277829,4.887359e-08
31035,2025-03-04,2,D1,3,D2,3,D2,False,1.7278132e-19,1.7490877e-11,0.0038305456,0.9738425,0.022327028,5.275649e-08
31035,2025-03-11,2,D1,3,D2,3,D2,False,1.937631e-19,1.8312615e-11,0.0045908797,0.9748765,0.020532597,5.6108284e-08
31035,2025-03-18,2,D1,3,D2,3,D2,False,2.5537506e-19,1.904619e-11,0.005351003,0.97463554,0.020013353,8.110525e-08
31035,2025-03-25,1,D0,3,D2,3,D2,False,3.2349485e-19,1.8846343e-11,0.005247553,0.9724773,0.022274988,1.2944344e-07
31035,2025-04-01,1,D0,2,D1,2,D1,False,2.8113198e-11,2.3964654e-05,0.5612781,0.43436247,0.0043350128,4.351053e-07
31035,2025-04-08,1,D0,2,D1,2,D1,False,9.582226e-06,0.09125706,0.90660477,0.002128543,5.8191922e-09,1.2391371e-11
31035,2025-04-15,2,D1,2,D1,2,D1,True,1.659571e-05,0.106458515,0.8929705,0.0005543826,7.77381e-10,1.45281105e-11
31035,2025-04-22,2,D1,3,D2,3,D2,False,3.8333467e-15,3.401602e-08,0.07688707,0.9074656,0.015647227,7.605001e-08
31035,2025-04-29,2,D1,3,D2,3,D2,False,1.2534894e-18,4.4539154e-11,0.010949193,0.96323216,0.025818538,1.4309398e-07
31035,2025-05-06,2,D1,3,D2,3,D2,False,5.7033276e-19,1.1753577e-11,0.005246753,0.9617429,0.033010088,1.941952e-07
31035,2025-05-13,3,D2,3,D2,3,D2,True,6.547733e-19,1.2461676e-11,0.0052004694,0.9603901,0.03440926,2.1357013e-07
31035,2025-05-20,3,D2,3,D2,3,D2,True,1.42685e-24,9.785446e-16,0.0002418682,0.7319096,0.26784846,7.172716e-08
31035,2025-05-27,3,D2,3,D2,3,D2,True,2.9997343e-27,5.747157e-18,2.957096e-05,0.5433712,0.45659927,1.6711615e-08
31035,2025-06-03,3,D2,4,D3,3,D2,True,2.5561108e-28,1.9267412e-19,4.4633334e-06,0.4076949,0.59230053,1.0167072e-07
31035,2025-06-10,3,D2,4,D3,4,D3,False,7.919173e-29,1.1556056e-19,1.7992634e-06,0.3019388,0.69805914,2.3807387e-07
31035,2025-06-17,3,D2,4,D3,4,D3,False,3.5831955e-31,7.4862814e-22,5.624303e-08,0.21507977,0.7849201,5.1337196e-08
31035,2025-06-24,3,D2,4,D3,4,D3,False,2.553755e-31,1.2134815e-22,7.247033e-09,0.120654956,0.87934494,4.0052257e-08
31035,2025-07-01,3,D2,4,D3,4,D3,False,1.4566303e-31,4.1908352e-23,2.610828e-09,0.07282605,0.9271739,3.7907146e-08
31035,2025-07-08,3,D2,4,D3,4,D3,False,3.5801188e-32,8.047605e-24,6.106758e-10,0.022816071,0.9771838,1.4847468e-07
31035,2025-07-15,3,D2,4,D3,4,D3,False,5.1399466e-32,2.0286047e-23,9.604548e-10,0.022347901,0.9776519,2.2886229e-07
31035,2025-07-22,2,D1,4,D3,4,D3,False,1.7918722e-31,4.3264117e-23,9.731224e-10,0.019455548,0.98054403,4.6221814e-07
31035,2025-07-29,2,D1,4,D3,4,D3,False,1.1895684e-28,1.6009832e-21,3.7596237e-09,0.02552505,0.9744733,1.7149476e-06
31035,2025-08-05,1,D0,4,D3,4,D3,False,5.9326103e-27,8.455643e-20,7.543407e-08,0.08080208,0.9191882,9.624887e-06
31035,2025-08-12,0,None,4,D3,4,D3,False,3.8770472e-18,6.544051e-12,0.00043948306,0.28945723,0.7098961,0.00020722343
31035,2025-08-19,0,None,5,D4,5,D4,False,0.00023362305,0.0015550848,0.009531701,0.015849026,0.33904386,0.6337867
31035,2025-08-26,0,None,0,None,0,None,True,0.8610818,0.13891724,5.203673e-07,3.385271e-11,4.445441e-08,5.05988e-07
31035,2025-09-02,0,None,0,None,0,None,True,0.94447744,0.05552241,6.211249e-08,2.244508e-12,1.5938874e-09,5.3430442e-09
31035,2025-09-09,0,None,0,None,0,None,True,0.96460295,0.035397016,3.6011378e-09,3.7071098e-14,1.8774644e-10,5.100004e-10
31035,2025-09-16,0,None,0,None,0,None,True,0.9827053,0.01729473,1.2939156e-09,1.4231734e-14,1.2931779e-09,7.485543e-09
31035,2025-09-23,0,None,0,None,0,None,True,0.98327404,0.016725909,2.1296445e-09,2.1910393e-14,9.74381e-10,5.8062803e-09
31035,2025-09-30,0,None,0,None,0,None,True,0.9756866,0.024313422,4.4830557e-09,7.53573e-15,1.02854975e-10,5.051279e-10
31035,2025-10-07,0,None,0,None,0,None,True,0.98443896,0.0155610535,1.22389485e-08,1.7233884e-13,5.862039e-09,6.151997e-08
31035,2025-10-14,0,None,0,None,0,None,True,0.9867894,0.01320912,4.4758085e-08,3.6794526e-12,1.139191e-07,1.3949298e-06
31035,2025-10-21,0,None,0,None,0,None,True,0.98954415,0.010382476,2.5333904e-07,3.6865902e-10,4.8517313e-06,6.83514e-05
31035,2025-10-28,0,None,0,None,0,None,True,0.9611386,0.006769939,1.934358e-06,3.6589478e-07,0.004698761,0.02739037
31035,2025-11-04,0,None,0,None,0,None,True,0.5869776,0.0040045762,2.3051955e-06,1.6179163e-05,0.106565334,0.30243403
31035,2025-11-11,0,None,5,D4,5,D4,False,0.007381773,4.5181936e-05,2.712779e-07,9.841733e-05,0.29533917,0.69713515
31035,2025-11-18,0,None,5,D4,5,D4,False,0.019145347,0.00011668459,6.354318e-07,0.00012277119,0.3446729,0.63594174
31035,2025-11-25,0,None,0,None,0,None,True,0.87563825,0.006889595,2.786365e-06,3.5845255e-06,0.06225029,0.05521557
31035,2025-12-02,0,None,0,None,0,None,True,0.7407612,0.0058915066,3.3064669e-06,6.7955866e-06,0.13863711,0.114700176
31035,2025-12-09,0,None,0,None,0,None,True,0.5401693,0.0041623283,2.9051969e-06,9.980497e-06,0.26057595,0.19507957
31035,2025-12-16,0,None,4,D3,4,D3,False,0.12875564,0.00089739345,1.0072912e-06,1.10953415e-05,0.5048188,0.3655161
31035,2025-12-23,0,None,4,D3,4,D3,False,0.15785672,0.00094774505,8.950451e-07,1.0642237e-05,0.46850592,0.37267798
31035,2025-12-30,1,D0,4,D3,5,D4,False,0.08825484,0.00043640673,3.8662552e-07,7.4772724e-06,0.4969425,0.4143584
31037,2022-01-04,0,None,5,D4,0,None,True,0.27750868,0.0008741238,5.2023765e-08,9.354218e-08,0.27909064,0.4425265
31037,2022-01-11,0,None,5,D4,5,D4,False,0.0078963535,2.5972135e-05,8.578813e-09,6.2050714e-07,0.47438276,0.5176943
31037,2022-01-18,0,None,5,D4,5,D4,False,6.888507e-05,2.2021148e-07,1.1254211e-09,2.8458498e-06,0.42590103,0.574027
31037,2022-01-25,1,D0,5,D4,5,D4,False,1.4971218e-06,5.2688147e-09,1.3564919e-10,2.2914974e-06,0.41662678,0.58336943
31037,2022-02-01,1,D0,4,D3,4,D3,False,1.1030188e-09,8.253154e-09,1.0608717e-06,0.000614743,0.5781755,0.4212087
31037,2022-02-08,2,D1,4,D3,5,D4,False,5.8392056e-06,0.00023697581,0.026183005,0.2248056,0.40841025,0.3403583
31037,2022-02-15,2,D1,3,D2,3,D2,False,4.560936e-16,1.6390429e-10,0.002322254,0.86616427,0.13150862,4.8524366e-06
31037,2022-02-22,2,D1,3,D2,3,D2,False,6.1030285e-19,6.4418495e-13,0.00044643553,0.8903033,0.10924813,2.1337291e-06
31037,2022-03-01,2,D1,3,D2,3,D2,False,3.7300322e-19,7.4652144e-13,0.000409827,0.88300633,0.1165829,9.209488e-07
31037,2022-03-08,2,D1,3,D2,3,D2,False,1.0332816e-19,2.3812725e-13,0.00024400423,0.907975,0.09177991,1.0523254e-06
31037,2022-03-15,3,D2,3,D2,3,D2,True,3.4155265e-21,3.6929444e-14,0.00026906308,0.96118283,0.03854791,9.033872e-08
31037,2022-03-22,3,D2,4,D3,4,D3,False,1.2745065e-31,5.86272e-23,2.153346e-08,0.2777668,0.7222333,2.466003e-09
31037,2022-03-29,3,D2,4,D3,4,D3,False,4.6312452e-34,1.905081e-25,1.9562045e-10,0.08178277,0.91821724,4.5134096e-09
31037,2022-04-05,3,D2,4,D3,4,D3,False,4.8586224e-35,1.7279547e-26,4.663795e-11,0.041842878,0.9581571,1.3418154e-08
31037,2022-04-12,3,D2,4,D3,4,D3,False,2.63459e-35,1.07474926e-26,2.8546665e-11,0.028976604,0.9710234,2.6185342e-08
31037,2022-04-19,3,D2,4,D3,4,D3,False,2.5185836e-36,8.186763e-28,3.628631e-12,0.007954895,0.99204504,5.4421427e-08
31037,2022-04-26,3,D2,4,D3,4,D3,False,3.3638514e-36,7.0644555e-28,2.6894283e-12,0.003989211,0.99601066,1.5755164e-07
31037,2022-05-03,2,D1,4,D3,4,D3,False,6.7341556e-36,1.4267906e-27,4.3354122e-12,0.0041955337,0.99580425,1.9963029e-07
31037,2022-05-10,2,D1,4,D3,4,D3,False,3.4755982e-29,4.938199e-22,1.3399251e-09,0.021234162,0.9787637,2.1109984e-06
31037,2022-05-17,2,D1,4,D3,4,D3,False,2.0272903e-24,2.4651216e-17,1.0360823e-06,0.24442975,0.75556666,2.529073e-06
31037,2022-05-24,2,D1,3,D2,3,D2,False,1.9763908e-21,2.6784e-14,4.5847337e-05,0.7160465,0.28390184,5.828168e-06
31037,2022-05-31,2,D1,3,D2,3,D2,False,3.9604425e-20,3.6296918e-13,8.645156e-05,0.6427808,0.35709497,3.7835773e-05
31037,2022-06-07,2,D1,3,D2,3,D2,False,1.5825437e-20,2.2068123e-13,0.00019198196,0.6621193,0.33762994,5.8824327e-05
31037,2022-06-14,2,D1,3,D2,3,D2,False,7.9201704e-20,2.316007e-12,0.00080918125,0.88514954,0.11403812,3.2060602e-06
31037,2022-06-21,2,D1,3,D2,3,D2,False,5.9212826e-20,2.8099888e-12,0.0007311347,0.9046582,0.094609596,1.1032249e-06
31037,2022-06-28,2,D1,3,D2,3,D2,False,8.351291e-21,4.0639196e-13,0.00019018727,0.8053098,0.19449784,2.202265e-06
31037,2022-07-05,2,D1,3,D2,3,D2,False,1.00405074e-22,1.2178018e-14,7.1298535e-05,0.8740029,0.12592573,1.3443888e-07
31037,2022-07-12,2,D1,3,D2,3,D2,False,3.4493063e-22,2.7278042e-14,5.2519797e-05,0.8109022,0.18904516,8.511973e-08
31037,2022-07-19,2,D1,3,D2,3,D2,False,1.9036102e-22,1.5993485e-14,3.1319363e-05,0.8066143,0.19335419,2.0600726e-07
31037,2022-07-26,2,D1,3,D2,3,D2,False,4.143884e-23,2.330662e-15,9.47578e-06,0.6707353,0.32925436,9.141715e-07
31037,2022-08-02,3,D2,3,D2,3,D2,True,5.393108e-23,2.440677e-15,7.5129883e-06,0.5268496,0.47314218,6.7347185e-07
31037,2022-08-09,3,D2,4,D3,4,D3,False,8.059106e-30,7.224637e-21,5.4803493e-08,0.24624576,0.75375414,2.3263402e-08
31037,2022-08-16,3,D2,4,D3,4,D3,False,1.8080622e-33,4.6195004e-24,2.2906295e-09,0.19251473,0.8074852,1.7383165e-09
31037,2022-08-23,3,D2,4,D3,4,D3,False,9.281858e-34,3.6845008e-25,1.1832389e-10,0.022017997,0.9779815,5.304368e-07
31037,2022-08-30,4,D3,4,D3,4,D3,True,7.617513e-32,2.7140567e-25,7.8452436e-12,0.004204236,0.9957917,4.124368e-06
31037,2022-09-06,4,D3,4,D3,4,D3,True,2.8123954e-31,3.1287727e-26,4.7396126e-13,0.00023270179,0.9990452,0.0007220383
31037,2022-09-13,4,D3,4,D3,4,D3,True,4.338193e-30,4.2917503e-26,8.965327e-14,3.815066e-05,0.99175334,0.00820847
31037,2022-09-20,4,D3,4,D3,4,D3,True,1.4252936e-29,1.3473245e-25,2.1854397e-13,5.8563048e-05,0.9933422,0.006599231
31037,2022-09-27,4,D3,4,D3,4,D3,True,6.319188e-30,7.506299e-26,1.358026e-13,3.585642e-05,0.9928018,0.007162397
31037,2022-10-04,4,D3,4,D3,4,D3,True,5.85238e-30,3.853085e-26,3.8493328e-14,9.907685e-06,0.9832529,0.016737197
31037,2022-10-11,4,D3,4,D3,4,D3,True,2.2915426e-29,1.4685581e-25,7.6873586e-14,1.2532076e-05,0.9900373,0.00995017
31037,2022-10-18,4,D3,4,D3,4,D3,True,7.88813e-29,8.37424e-25,3.9782674e-13,2.562737e-05,0.99687046,0.0031039068
31037,2022-10-25,4,D3,4,D3,4,D3,True,1.636427e-30,3.438308e-26,2.1440772e-13,3.289541e-05,0.9986957,0.0012714597
31037,2022-11-01,4,D3,4,D3,4,D3,True,4.553739e-31,6.3622703e-27,7.352774e-14,4.840435e-05,0.999443,0.0005085629
31037,2022-11-08,5,D4,4,D3,4,D3,False,4.2799937e-31,2.8782846e-27,3.6222585e-14,8.235077e-05,0.9996482,0.00026944617
31037,2022-11-15,5,D4,4,D3,4,D3,False,6.475122e-27,4.51604e-26,7.4199266e-16,7.401592e-07,0.9367258,0.063273415
31037,2022-11-22,5,D4,4,D3,4,D3,False,3.5463507e-23,6.79879e-23,4.396935e-16,8.809e-08,0.66424847,0.3357514
31037,2022-11-29,5,D4,5,D4,5,D4,True,3.403338e-24,8.695835e-24,5.93749e-17,1.4163841e-08,0.4446043,0.55539566
31037,2022-12-06,5,D4,5,D4,5,D4,True,2.9302244e-24,8.2789966e-24,4.8216398e-17,6.5490755e-09,0.3304307,0.6695693
31037,2022-12-13,5,D4,5,D4,5,D4,True,3.884439e-24,1.0369237e-23,3.6271774e-17,2.5895244e-09,0.22470006,0.7752999
31037,2022-12-20,5,D4,5,D4,5,D4,True,4.1647116e-23,6.205971e-23,3.479014e-17,1.1836843e-09,0.12650922,0.87349075
31037,2022-12-27,5,D4,5,D4,5,D4,True,9.447596e-22,6.0234046e-22,9.938521e-17,2.0147743e-09,0.10855885,0.8914411
31037,2023-01-03,5,D4,5,D4,5,D4,True,5.1056802e-21,1.4429058e-21,1.8426462e-16,1.6703052e-09,0.08057819,0.91942185
31037,2023-01-10,5,D4,5,D4,5,D4,True,1.5967954e-19,3.7696572e-20,1.6376676e-15,3.5081882e-09,0.033732753,0.96626717
31037,2023-01-17,5,D4,5,D4,5,D4,True,9.190313e-20,3.6662125e-20,5.157453e-16,5.954717e-10,0.0071597104,0.9928403
31037,2023-01-24,5,D4,5,D4,5,D4,True,2.9990835e-18,9.065301e-19,1.01202345e-14,2.8299887e-09,0.010590727,0.9894093
31037,2023-01-31,5,D4,5,D4,5,D4,True,6.1913394e-18,1.8557108e-18,2.7220668e-14,6.622443e-09,0.012808617,0.9871913
31037,2023-02-07,5,D4,5,D4,5,D4,True,6.12079e-17,2.1740424e-17,3.1360778e-13,5.0867587e-08,0.026055187,0.9739448
31037,2023-02-14,5,D4,5,D4,5,D4,True,2.5838227e-16,9.4399115e-17,7.9998687e-13,6.7753554e-08,0.022849819,0.97715014
31037,2023-02-21,5,D4,5,D4,5,D4,True,5.955075e-16,2.066988e-16,1.2586249e-12,9.283109e-08,0.024606192,0.97539365
31037,2023-02-28,5,D4,5,D4,5,D4,True,3.6756828e-16,9.762876e-17,1.1175255e-12,1.4353506e-07,0.027621832,0.972378
31037,2023-03-07,5,D4,5,D4,5,D4,True,2.6512467e-16,6.3759664e-17,8.8694097e-13,1.243151e-07,0.026637597,0.9733622
31037,2023-03-14,5,D4,5,D4,5,D4,True,8.260867e-16,1.4968937e-16,1.1537728e-12,8.6828166e-08,0.020564485,0.97943544
31037,2023-03-21,5,D4,5,D4,5,D4,True,9.588099e-16,2.4456703e-16,2.0718837e-12,1.1110125e-07,0.021678586,0.97832125
31037,2023-03-28,5,D4,5,D4,5,D4,True,9.249387e-16,2.6069893e-16,1.9902543e-12,9.147195e-08,0.01766247,0.98233736
31037,2023-04-04,5,D4,5,D4,5,D4,True,6.8652603e-16,1.3443828e-16,7.6066437e-13,4.2365734e-08,0.010693334,0.9893066
31037,2023-04-11,5,D4,5,D4,5,D4,True,5.8221514e-16,6.815926e-17,3.4089113e-13,2.5913367e-08,0.007921204,0.99207884
31037,2023-04-18,5,D4,5,D4,5,D4,True,2.4842156e-16,2.3616988e-17,2.2645408e-13,2.9840802e-08,0.0086829355,0.99131703
31037,2023-04-25,5,D4,5,D4,5,D4,True,2.251643e-16,2.450632e-17,2.089379e-13,3.8997634e-08,0.012788422,0.9872115
31037,2023-05-02,5,D4,5,D4,5,D4,True,1.5755138e-16,2.1337964e-17,1.9958523e-13,2.5843294e-08,0.010341615,0.9896584
31037,2023-05-09,5,D4,5,D4,5,D4,True,1.4647747e-16,1.9582606e-17,2.0835281e-13,2.6618876e-08,0.009786686,0.99021333
31037,2023-05-16,5,D4,5,D4,5,D4,True,1.691159e-16,2.337841e-17,2.5296274e-13,2.9514965e-08,0.0099702515,0.99002975
31037,2023-05-23,5,D4,5,D4,5,D4,True,1.9686535e-16,2.9138115e-17,3.1439489e-13,3.250532e-08,0.010173844,0.9898261
31037,2023-05-30,5,D4,5,D4,5,D4,True,2.601133e-16,5.286095e-17,5.855987e-13,4.2998476e-08,0.011307506,0.9886925
31037,2023-06-06,5,D4,5,D4,5,D4,True,3.1151863e-16,9.2253846e-17,1.0709374e-12,5.5861843e-08,0.012556822,0.98744315
31037,2023-06-13,5,D4,5,D4,5,D4,True,3.2191514e-16,1.0589143e-16,1.2169935e-12,5.797209e-08,0.012903978,0.9870961
31037,2023-06-20,5,D4,5,D4,5,D4,True,3.3509182e-16,1.1563511e-16,1.2524548e-12,5.6692034e-08,0.013000602,0.98699945
31037,2023-06-27,5,D4,5,D4,5,D4,True,3.4065172e-16,1.2496977e-16,1.2276956e-12,5.2747694e-08,0.012696094,0.9873039
31037,2023-07-04,5,D4,5,D4,5,D4,True,3.3345366e-16,1.3288888e-16,1.115229e-12,4.337492e-08,0.01130742,0.98869264
31037,2023-07-11,4,D3,5,D4,5,D4,False,2.8138297e-16,1.2013586e-16,7.7900474e-13,3.111366e-08,0.009116293,0.99088365
31037,2023-07-18,4,D3,4,D3,4,D3,True,2.4701302e-24,7.0496483e-22,1.7060229e-13,6.3376654e-05,0.98137796,0.018558688
31037,2023-07-25,4,D3,4,D3,4,D3,True,1.3547259e-25,6.7821035e-23,8.959472e-14,6.737264e-05,0.98525894,0.014673666
31037,2023-08-01,4,D3,4,D3,4,D3,True,9.180585e-26,3.9872602e-23,4.326103e-14,3.0449974e-05,0.9812739,0.018695703
31037,2023-08-08,4,D3,4,D3,4,D3,True,2.947889e-26,1.5279649e-23,4.432707e-14,4.6218745e-05,0.98708564,0.012868143
31037,2023-08-15,4,D3,4,D3,4,D3,True,7.5826255e-28,1.3690579e-24,1.2006634e-13,0.00011060109,0.99753344,0.0023559767
31037,2023-08-22,4,D3,4,D3,4,D3,True,6.347726e-29,2.839816e-25,2.1487474e-13,0.00022714194,0.99901724,0.00075557095
31037,2023-08-29,4,D3,4,D3,4,D3,True,4.06176e-30,4.837953e-26,1.2243124e-13,0.00021987487,0.99946326,0.00031682706
31037,2023-09-05,4,D3,4,D3,4,D3,True,2.9675212e-30,5.2693844e-26,1.5881557e-13,0.00021975522,0.9994778,0.0003024157
31037,2023-09-12,4,D3,4,D3,4,D3,True,9.328888e-31,5.606597e-26,2.6463513e-13,0.00025218134,0.9995844,0.00016346869
31037,2023-09-19,4,D3,4,D3,4,D3,True,4.841733e-31,4.501431e-26,2.569825e-13,0.00024810326,0.99962497,0.00012689456
31037,2023-09-26,4,D3,4,D3,4,D3,True,3.7735224e-31,3.2594596e-26,2.0598654e-13,0.00025023994,0.99962866,0.00012101968
31037,2023-10-03,4,D3,4,D3,4,D3,True,3.274592e-31,2.3652917e-26,1.5881042e-13,0.00026798266,0.9996131,0.00011896991
31037,2023-10-10,4,D3,4,D3,4,D3,True,2.9777275e-31,1.8697775e-26,1.2969351e-13,0.00028494647,0.99959654,0.00011849486
31037,2023-10-17,4,D3,4,D3,4,D3,True,2.9221127e-31,1.8189105e-26,1.171206e-13,0.00028425723,0.9995876,0.00012813872
31037,2023-10-24,4,D3,4,D3,4,D3,True,1.4016627e-30,6.5827984e-26,1.6278111e-13,0.00026052087,0.9995548,0.00018467252
31037,2023-10-31,4,D3,4,D3,4,D3,True,1.30994655e-30,6.7439454e-26,1.5832091e-13,0.00024666655,0.9995548,0.00019847337
31037,2023-11-07,4,D3,4,D3,4,D3,True,2.2581677e-30,9.232696e-26,1.1774728e-13,0.00038920256,0.9994444,0.00016636428
31037,2023-11-14,4,D3,4,D3,4,D3,True,2.2244339e-30,9.1032774e-26,1.1686592e-13,0.00038802758,0.999446,0.00016596963
31037,2023-11-21,4,D3,4,D3,4,D3,True,2.1946662e-30,8.995102e-26,1.1621807e-13,0.00038744445,0.9994469,0.00016565037
31037,2023-11-28,4,D3,4,D3,4,D3,True,2.1761602e-30,8.9308626e-26,1.1582579e-13,0.00038699564,0.9994475,0.00016547646
31037,2023-12-05,4,D3,4,D3,4,D3,True,2.1835955e-30,8.961821e-26,1.1585127e-13,0.0003860846,0.9994481,0.00016575801
31037,2023-12-12,4,D3,4,D3,4,D3,True,2.1964776e-30,9.0086757e-26,1.1611561e-13,0.0003862783,0.999448,0.00016572449
31037,2023-12-19,4,D3,4,D3,4,D3,True,2.085223e-30,8.5990553e-26,1.1414979e-13,0.00038682748,0.99944776,0.00016545315
31037,2023-12-26,4,D3,4,D3,4,D3,True,2.138615e-30,8.78341e-26,1.1518569e-13,0.000387675,0.9994467,0.00016563453
31037,2024-01-02,3,D2,4,D3,4,D3,False,2.1458877e-30,8.8068265e-26,1.1532438e-13,0.00038783095,0.99944645,0.00016576059
31037,2024-01-09,2,D1,4,D3,4,D3,False,4.508205e-29,1.0799436e-23,6.3418134e-12,0.004276096,0.9957034,2.0486688e-05
31037,2024-01-16,2,D1,4,D3,4,D3,False,1.1687759e-28,1.7173049e-22,1.4570387e-10,0.011248241,0.98874515,6.584863e-06
31037,2024-01-23,2,D1,4,D3,4,D3,False,3.149015e-26,5.01247e-20,5.804393e-09,0.04026471,0.95972294,1.2379263e-05
31037,2024-01-30,2,D1,4,D3,4,D3,False,2.7967639e-25,4.5028895e-19,3.4074944e-08,0.07389448,0.9260938,1.1657193e-05
31037,2024-02-06,2,D1,4,D3,4,D3,False,4.5015564e-25,1.0175917e-18,8.427943e-08,0.12050835,0.8794851,6.429343e-06
31037,2024-02-13,2,D1,4,D3,4,D3,False,2.0099953e-25,9.116683e-19,1.1252596e-07,0.15995471,0.8400424,2.7609224e-06
31037,2024-02-20,2,D1,4,D3,4,D3,False,9.186749e-26,6.8864895e-19,1.1795541e-07,0.18223755,0.8177608,1.538136e-06
31037,2024-02-27,2,D1,4,D3,4,D3,False,7.638245e-26,5.89241e-19,1.04473095e-07,0.17739826,0.8226001,1.4610729e-06
31037,2024-03-05,2,D1,4,D3,4,D3,False,8.5596986e-26,5.4370566e-19,8.731749e-08,0.16172239,0.8382757,1.7717206e-06
31037,2024-03-12,2,D1,4,D3,4,D3,False,1.00844946e-25,5.0720983e-19,7.277218e-08,0.14578381,0.85421383,2.2401402e-06
31037,2024-03-19,2,D1,4,D3,4,D3,False,9.8030635e-26,3.7889008e-19,5.2420873e-08,0.12306996,0.87692696,2.9478422e-06
31037,2024-03-26,2,D1,4,D3,4,D3,False,1.181765e-25,4.0709254e-19,5.141952e-08,0.11988427,0.88011235,3.3101974e-06
31037,2024-04-02,2,D1,3,D2,3,D2,False,2.8438977e-20,1.1438035e-13,8.360879e-05,0.6948343,0.3050722,9.931029e-06
31037,2024-04-09,2,D1,3,D2,3,D2,False,9.241233e-19,2.1129986e-12,0.0003656334,0.7394625,0.26016286,9.036641e-06
31037,2024-04-16,2,D1,3,D2,3,D2,False,2.4201749e-19,5.10322e-13,0.00018955379,0.68288004,0.31692487,5.555871e-06
31037,2024-04-23,2,D1,3,D2,3,D2,False,1.2058318e-18,3.2901023e-12,0.00059486064,0.8106709,0.18873025,4.0060127e-06
31037,2024-04-30,2,D1,3,D2,3,D2,False,8.725936e-17,3.4951453e-10,0.0059199403,0.9415001,0.052578952,1.0351187e-06
31037,2024-05-07,1,D0,3,D2,3,D2,False,3.0419635e-16,1.1274052e-09,0.010744295,0.9608441,0.02841126,3.7462874e-07
31037,2024-05-14,1,D0,2,D1,2,D1,False,1.361483e-05,0.06771021,0.91742367,0.014843021,9.4795005e-06,3.4455933e-08
31037,2024-05-21,0,None,1,D0,0,None,True,0.4920912,0.5056768,0.0006999791,2.2268427e-05,0.0002708504,0.0012388941
31037,2024-05-28,0,None,0,None,0,None,True,0.9578801,0.042119037,2.878658e-08,7.316295e-11,3.2162373e-07,5.6677703e-07
31037,2024-06-04,0,None,0,None,0,None,True,0.9803674,0.01963215,1.027729e-09,1.4308475e-13,1.0074118e-07,2.6106264e-07
31037,2024-06-11,0,None,0,None,0,None,True,0.9887057,0.011294007,2.1978923e-10,6.4336832e-15,3.2944058e-08,2.7006308e-07
31037,2024-06-18,0,None,0,None,0,None,True,0.97359663,0.026403282,5.978528e-10,4.7389825e-15,5.5737837e-09,6.947533e-08
31037,2024-06-25,0,None,0,None,0,None,True,0.975333,0.024666922,6.5590466e-10,1.3990253e-15,4.9372817e-09,6.761543e-08
31037,2024-07-02,0,None,0,None,0,None,True,0.9799454,0.020053381,1.7095348e-09,2.0907848e-14,1.08569864e-07,1.1552514e-06
31037,2024-07-09,0,None,0,None,0,None,True,0.99085826,0.008954902,1.288827e-08,4.221188e-12,1.3652869e-05,0.0001731573
31037,2024-07-16,0,None,0,None,0,None,True,0.94844973,0.0054404023,8.69023e-08,9.11958e-10,0.0017527079,0.044357114
31037,2024-07-23,0,None,5,D4,5,D4,False,0.15935047,0.000690261,6.852061e-08,2.8830753e-08,0.09863391,0.7413253
31037,2024-07-30,0,None,5,D4,5,D4,False,0.044973884,0.0002230159,6.361449e-08,2.44289e-07,0.20075856,0.75404423
31037,2024-08-06,0,None,5,D4,5,D4,False,0.0007462001,4.158536e-06,9.944542e-09,1.2386964e-06,0.25796252,0.74128586
31037,2024-08-13,0,None,5,D4,5,D4,False,0.07007469,0.00036932965,9.287075e-08,2.2618197e-07,0.30312648,0.6264292
31037,2024-08-20,0,None,5,D4,0,None,True,0.26320812,0.0013545032,2.076719e-07,1.4040049e-07,0.21235803,0.523079
31037,2024-08-27,0,None,5,D4,5,D4,False,4.516839e-06,2.1159174e-08,1.573378e-10,6.301559e-08,0.38239437,0.61760104
31037,2024-09-03,0,None,5,D4,5,D4,False,4.132304e-05,1.8337442e-07,6.6591266e-10,1.06342256e-07,0.3891792,0.6107791
31037,2024-09-10,1,D0,5,D4,5,D4,False,0.00016914013,7.33627e-07,1.6141748e-09,1.4171725e-07,0.3904433,0.60938674
31037,2024-09-17,1,D0,5,D4,5,D4,False,4.384225e-08,1.0196093e-06,3.135164e-05,0.0063355467,0.47189218,0.5217399
31037,2024-09-24,1,D0,3,D2,3,D2,False,6.8670306e-07,0.0005309845,0.17399465,0.75794244,0.06740749,0.00012384314
31037,2024-10-01,2,D1,3,D2,3,D2,False,7.619277e-11,4.5943075e-06,0.13475904,0.8370272,0.028208693,4.585322e-07
31037,2024-10-08,2,D1,3,D2,3,D2,False,5.423029e-18,8.7170667e-11,0.012178831,0.97278666,0.015034504,3.5270467e-08
31037,2024-10-15,3,D2,3,D2,3,D2,True,2.1246525e-24,2.7643959e-17,5.583775e-06,0.5546531,0.4453406,6.2912363e-07
31037,2024-10-22,3,D2,4,D3,3,D2,True,3.8174943e-31,1.0117565e-21,1.7096102e-07,0.38703617,0.6129636,2.577765e-08
31037,2024-10-29,3,D2,4,D3,4,D3,False,1.1443134e-31,1.4620822e-22,3.928848e-08,0.22844578,0.7715541,5.332853e-08
31037,2024-11-05,3,D2,4,D3,4,D3,False,4.385701e-34,5.6519758e-24,1.340922e-08,0.30429357,0.6957064,7.093684e-09
31037,2024-11-12,3,D2,4,D3,4,D3,False,1.2698936e-33,5.1539095e-24,8.05936e-09,0.20118317,0.79881674,1.7028569e-08
31037,2024-11-19,3,D2,4,D3,4,D3,False,3.612032e-33,5.147816e-24,5.2848192e-09,0.126782,0.873218,3.1651215e-08
31037,2024-11-26,2,D1,4,D3,4,D3,False,3.9970364e-32,6.14019e-24,1.7220513e-09,0.03355515,0.9664446,2.6406408e-07
31037,2024-12-03,2,D1,4,D3,4,D3,False,7.387675e-24,1.3517949e-17,1.0730517e-06,0.21466625,0.78532284,9.861212e-06
31037,2024-12-10,2,D1,3,D2,3,D2,False,6.7188783e-21,8.44026e-14,0.00022349012,0.8601567,0.13961728,2.4569595e-06
31037,2024-12-17,2,D1,3,D2,3,D2,False,1.6391456e-20,3.8389225e-13,0.00049531006,0.92869055,0.070813246,8.361223e-07
31037,2024-12-24,2,D1,3,D2,3,D2,False,2.4780422e-20,7.74604e-13,0.0006330579,0.95432365,0.04504311,2.6544691e-07
31037,2024-12-31,2,D1,3,D2,3,D2,False,6.088366e-20,3.79253e-12,0.0013781582,0.9516812,0.04694056,1.5605679e-07
31037,2025-01-07,2,D1,3,D2,3,D2,False,3.549556e-20,2.6232864e-12,0.0014982596,0.91883755,0.079664156,1.491212e-07
31037,2025-01-14,2,D1,3,D2,3,D2,False,4.1528667e-20,3.6015145e-12,0.0017296295,0.9223367,0.07593352,1.1786389e-07
31037,2025-01-21,2,D1,3,D2,3,D2,False,5.0627925e-20,4.8142835e-12,0.002032844,0.92579037,0.07217668,1.03736845e-07
31037,2025-01-28,2,D1,3,D2,3,D2,False,7.3077284e-20,8.163206e-12,0.0029866125,0.934703,0.06231023,8.127259e-08
31037,2025-02-04,2,D1,3,D2,3,D2,False,1.1791718e-19,1.51526e-11,0.005258772,0.94718593,0.04755526,5.914612e-08
31037,2025-02-11,2,D1,3,D2,3,D2,False,1.158719e-19,1.3739623e-11,0.0053997585,0.9469481,0.04765199,6.810668e-08
31037,2025-02-18,2,D1,3,D2,3,D2,False,1.3455645e-19,1.606166e-11,0.0059192157,0.9487528,0.045327865,6.975427e-08
31037,2025-02-25,2,D1,3,D2,3,D2,False,1.2738664e-19,1.3941142e-11,0.0055996613,0.9482926,0.04610764,8.1179735e-08
31037,2025-03-04,2,D1,3,D2,3,D2,False,1.1694875e-19,1.1715104e-11,0.0051865266,0.9480396,0.046773788,9.370931e-08
31037,2025-03-11,2,D1,3,D2,3,D2,False,1.0739311e-19,9.745858e-12,0.0047155307,0.9468177,0.048466634,1.1268464e-07
31037,2025-03-18,2,D1,3,D2,3,D2,False,8.9581586e-20,6.9440443e-12,0.003960798,0.9421238,0.05391529,1.5720295e-07
31037,2025-03-25,1,D0,3,D2,3,D2,False,5.2359198e-20,4.0151324e-12,0.003232516,0.93691576,0.05985151,1.8104726e-07
31037,2025-04-01,1,D0,3,D2,3,D2,False,7.2151755e-12,7.3000106e-06,0.4521108,0.535809,0.012072267,6.8324204e-07
31037,2025-04-08,1,D0,2,D1,2,D1,False,1.5342417e-05,0.09147944,0.9059684,0.0025367122,5.304605e-08,9.860665e-11
31037,2025-04-15,1,D0,2,D1,2,D1,False,3.5541652e-05,0.15124865,0.8476415,0.0010742962,6.233032e-09,2.2254356e-11
31037,2025-04-22,1,D0,2,D1,2,D1,False,2.6773949e-05,0.13737334,0.8613009,0.001299015,5.4293374e-09,1.3518182e-11
31037,2025-04-29,1,D0,2,D1,2,D1,False,2.8690538e-05,0.14026147,0.85800153,0.001708239,7.653144e-09,1.8768992e-11
31037,2025-05-06,1,D0,2,D1,2,D1,False,2.7386463e-05,0.14117895,0.85820746,0.00058617356,5.711127e-09,3.0246212e-11
31037,2025-05-13,2,D1,2,D1,2,D1,True,2.8697354e-05,0.11905533,0.8801589,0.0007570216,1.29617375e-08,2.3588492e-11
31037,2025-05-20,1,D0,3,D2,3,D2,False,9.543351e-18,3.144076e-10,0.013572983,0.9696605,0.016766489,1.3912492e-08
31037,2025-05-27,1,D0,3,D2,3,D2,False,1.8122976e-14,1.2307957e-07,0.09534775,0.89921457,0.005437559,1.5544144e-08
31037,2025-06-03,1,D0,2,D1,2,D1,False,3.6792828e-06,0.03444844,0.93488705,0.030659437,1.3555685e-06,1.7772717e-10
31037,2025-06-10,1,D0,2,D1,2,D1,False,5.851777e-05,0.12491979,0.86936915,0.0056524924,3.683874e-08,4.216645e-11
31037,2025-06-17,1,D0,2,D1,2,D1,False,0.00023431516,0.17216577,0.8188366,0.0087631885,6.831662e-08,7.543299e-10
31037,2025-06-24,1,D0,2,D1,2,D1,False,0.0006568675,0.20284918,0.7838349,0.01265846,5.4171863e-07,2.9918197e-09
31037,2025-07-01,1,D0,2,D1,2,D1,False,0.000117038086,0.104065016,0.87627065,0.01954614,1.227438e-06,5.370465e-10
31037,2025-07-08,0,None,2,D1,2,D1,False,0.018093245,0.106012486,0.68140966,0.19075586,0.003030041,0.0006986616
31037,2025-07-15,0,None,0,None,0,None,True,0.9621656,0.037820943,2.1869398e-07,4.6910182e-09,6.5740596e-06,6.6770576e-06
31037,2025-07-22,0,None,0,None,0,None,True,0.9855962,0.009340215,4.5049395e-09,2.352009e-10,0.0017020878,0.0033615008
31037,2025-07-29,0,None,0,None,0,None,True,0.84292006,0.0061215255,9.9030055e-09,2.601773e-09,0.019023728,0.13193475
31037,2025-08-05,0,None,0,None,0,None,True,0.97025585,0.02974363,1.2381075e-09,6.192269e-14,6.851401e-08,3.623614e-07
31037,2025-08-12,0,None,0,None,0,None,True,0.97540355,0.024595298,1.9970114e-09,1.3252893e-13,3.2414266e-07,7.6295777e-07
31037,2025-08-19,0,None,0,None,0,None,True,0.97891515,0.021073123,6.0859464e-09,4.3534637e-13,2.9135008e-06,8.820987e-06
31037,2025-08-26,0,None,0,None,0,None,True,0.98385954,0.008214259,1.2476159e-08,3.4280134e-11,0.0005807052,0.007345445
31037,2025-09-02,0,None,5,D4,5,D4,False,0.07264253,0.00036479888,5.5158202e-09,1.0552095e-09,0.018598087,0.9083946
31037,2025-09-09,0,None,5,D4,0,None,True,0.35025552,0.001865332,1.5296908e-07,2.5752653e-08,0.04949903,0.5983799
31037,2025-09-16,0,None,5,D4,0,None,True,0.2786504,0.0013787921,2.979293e-07,4.06864e-07,0.09832995,0.6216402
31037,2025-09-23,0,None,5,D4,5,D4,False,0.06647796,0.00039476342,7.5952744e-07,1.4082215e-05,0.29058972,0.6425227
31037,2025-09-30,0,None,5,D4,5,D4,False,0.075414345,0.00035109808,8.385431e-07,2.7579134e-05,0.2663241,0.657882
31037,2025-10-07,0,None,0,None,0,None,True,0.8063534,0.004614976,1.9339168e-06,1.947221e-06,0.07238124,0.11664655
31037,2025-10-14,0,None,0,None,0,None,True,0.87968874,0.004976118,1.666243e-06,4.0513885e-07,0.032765757,0.08256739
31037,2025-10-21,0,None,0,None,0,None,True,0.9444309,0.0057543553,1.3850376e-06,2.0680272e-07,0.013114124,0.03669912
31037,2025-10-28,0,None,0,None,0,None,True,0.97525656,0.0067582843,8.97514e-07,8.628687e-08,0.0049068686,0.013077234
31037,2025-11-04,0,None,0,None,0,None,True,0.98232055,0.0053800857,3.4547898e-07,2.307129e-08,0.002931391,0.0093675945
31037,2025-11-11,1,D0,0,None,0,None,False,0.98286414,0.005331642,2.6171577e-07,5.6919863e-08,0.0041809264,0.007622955
31037,2025-11-18,1,D0,4,D3,4,D3,False,1.3734916e-07,3.1802205e-08,1.7848652e-07,3.2011052e-05,0.8199872,0.17998055
31037,2025-11-25,1,D0,5,D4,5,D4,False,2.676677e-05,0.00024911624,0.0030975435,0.050531484,0.35316235,0.5929328
31037,2025-12-02,1,D0,2,D1,2,D1,False,0.0015850745,0.062337674,0.524056,0.3117284,0.07947751,0.020815304
31037,2025-12-09,1,D0,2,D1,2,D1,False,0.0018130298,0.21304394,0.7487387,0.036185555,0.00021469801,4.027773e-06
31037,2025-12-16,1,D0,2,D1,2,D1,False,0.0004577896,0.16437353,0.8153286,0.019810837,2.8958753e-05,2.6221983e-07
31037,2025-12-23,1,D0,2,D1,2,D1,False,0.00023435843,0.122944266,0.85933286,0.017464377,2.397616e-05,1.3209866e-07
31037,2025-12-30,1,D0,2,D1,2,D1,False,0.00017486312,0.11540163,0.8730155,0.011398234,9.655473e-06,5.4667684e-08
31039,2022-01-04,0,None,0,None,0,None,True,0.6617105,0.0031046562,6.7339346e-07,2.0884731e-06,0.16089968,0.17428239
31039,2022-01-11,0,None,0,None,0,None,True,0.45482793,0.0017187402,3.3713886e-07,1.3635138e-06,0.24618842,0.2972632
31039,2022-01-18,0,None,5,D4,0,None,True,0.2838734,0.0008910972,1.5977595e-07,7.9876713e-07,0.30845565,0.40677884
31039,2022-01-25,1,D0,5,D4,5,D4,False,0.014694639,3.6974157e-05,1.2623263e-08,3.4669313e-07,0.4179444,0.5673236
31039,2022-02-01,1,D0,4,D3,4,D3,False,7.660437e-10,4.667067e-09,6.3654693e-07,0.0004854735,0.68315697,0.3163569
31039,2022-02-08,2,D1,4,D3,3,D2,False,3.184235e-06,0.00019907668,0.04898665,0.4155093,0.47863784,0.05666391
31039,2022-02-15,2,D1,3,D2,3,D2,False,2.7882535e-16,4.2774406e-10,0.008801089,0.9385017,0.052695926,1.1749343e-06
31039,2022-02-22,2,D1,3,D2,3,D2,False,1.30252e-19,7.074331e-13,0.0010719018,0.941901,0.057026166,8.730429e-07
31039,2022-03-01,2,D1,3,D2,3,D2,False,8.258379e-20,6.9269536e-13,0.0008809824,0.9329687,0.06614977,5.322103e-07
31039,2022-03-08,2,D1,3,D2,3,D2,False,3.0134784e-20,2.7464101e-13,0.000541706,0.9386336,0.06082383,8.470915e-07
31039,2022-03-15,3,D2,3,D2,3,D2,True,1.2258903e-21,3.7134473e-14,0.0004990732,0.96997267,0.029528081,1.0148491e-07
31039,2022-03-22,3,D2,4,D3,3,D2,True,1.945045e-31,1.2058195e-22,5.642815e-08,0.41634092,0.583659,2.8418257e-09
31039,2022-03-29,3,D2,4,D3,4,D3,False,3.317099e-34,1.8913401e-25,2.336558e-10,0.08735134,0.9126486,5.4687583e-09
31039,2022-04-05,3,D2,4,D3,4,D3,False,4.4618477e-35,1.8627883e-26,4.5921718e-11,0.042714477,0.9572855,1.4953077e-08
31039,2022-04-12,3,D2,4,D3,4,D3,False,3.046234e-35,1.2624797e-26,3.3392723e-11,0.03184074,0.96815926,2.3519412e-08
31039,2022-04-19,3,D2,4,D3,4,D3,False,2.5780629e-36,9.375e-28,3.8167442e-12,0.00801979,0.9919802,5.555916e-08
31039,2022-04-26,3,D2,4,D3,4,D3,False,4.003601e-36,8.299999e-28,2.8926941e-12,0.0042427806,0.99575704,1.6760296e-07
31039,2022-05-03,3,D2,4,D3,4,D3,False,8.451221e-36,1.6264018e-27,4.59275e-12,0.0042420067,0.99575776,2.3119237e-07
31039,2022-05-10,3,D2,4,D3,4,D3,False,1.1349905e-34,1.4656809e-26,9.197872e-12,0.00543103,0.9945686,4.62243e-07
31039,2022-05-17,3,D2,4,D3,4,D3,False,2.6359088e-34,2.7725333e-26,2.3430712e-11,0.009295388,0.99070424,3.648885e-07
31039,2022-05-24,3,D2,4,D3,4,D3,False,4.417237e-32,8.787739e-25,1.1938615e-10,0.014949469,0.98504835,2.119918e-06
31039,2022-05-31,3,D2,4,D3,4,D3,False,7.8160016e-31,8.804342e-24,3.9985196e-10,0.013672357,0.98631036,1.7258795e-05
31039,2022-06-07,3,D2,4,D3,4,D3,False,2.3899784e-30,5.684542e-23,1.3776521e-08,0.041214112,0.9587819,4.03257e-06
31039,2022-06-14,3,D2,4,D3,4,D3,False,2.4050807e-29,4.765334e-22,3.530496e-08,0.06883385,0.93116444,1.6775045e-06
31039,2022-06-21,3,D2,4,D3,4,D3,False,1.3274574e-29,2.384626e-22,1.0718049e-08,0.02978372,0.9702067,9.573971e-06
31039,2022-06-28,3,D2,4,D3,4,D3,False,6.7414807e-32,6.662205e-24,7.017025e-10,0.03651442,0.9634836,1.9967076e-06
31039,2022-07-05,3,D2,4,D3,4,D3,False,3.1526975e-33,9.852108e-26,5.033192e-11,0.014787144,0.98521185,9.4813777e-07
31039,2022-07-12,3,D2,4,D3,4,D3,False,6.8225876e-35,5.962129e-27,7.297488e-12,0.005323373,0.99467635,2.6305494e-07
31039,2022-07-19,3,D2,4,D3,4,D3,False,7.067639e-35,7.330926e-27,8.868813e-12,0.0054964074,0.9945034,2.6971145e-07
31039,2022-07-26,3,D2,4,D3,4,D3,False,5.1940693e-35,4.8019716e-27,6.8793708e-12,0.0051574786,0.99484223,2.9873425e-07
31039,2022-08-02,3,D2,4,D3,4,D3,False,4.504985e-35,3.626589e-27,7.205417e-12,0.0056344005,0.99436533,3.2108008e-07
31039,2022-08-09,3,D2,4,D3,4,D3,False,7.560276e-35,4.5471653e-27,9.726381e-12,0.0067639234,0.9932355,5.651367e-07
31039,2022-08-16,3,D2,4,D3,4,D3,False,9.914668e-34,3.9810876e-26,6.1724646e-11,0.013718684,0.98628116,2.3663318e-07
31039,2022-08-23,3,D2,4,D3,4,D3,False,2.9996782e-32,3.8356214e-25,1.0941991e-10,0.011888347,0.98811114,5.274681e-07
31039,2022-08-30,4,D3,4,D3,4,D3,True,1.0524768e-32,2.121078e-26,1.2833145e-12,0.001528834,0.9984674,3.7676405e-06
31039,2022-09-06,4,D3,4,D3,4,D3,True,2.6503912e-33,2.1945777e-27,1.8448311e-13,0.00031513383,0.99966824,1.661512e-05
31039,2022-09-13,4,D3,4,D3,4,D3,True,1.3657838e-32,3.986149e-27,1.428324e-13,0.00015560552,0.9998093,3.504356e-05
31039,2022-09-20,4,D3,4,D3,4,D3,True,5.2200013e-32,5.6937026e-27,1.07196736e-13,6.159871e-05,0.9998801,5.8351412e-05
31039,2022-09-27,4,D3,4,D3,4,D3,True,3.9466347e-32,3.0979814e-27,6.7509685e-14,5.1644747e-05,0.999863,8.531866e-05
31039,2022-10-04,4,D3,4,D3,4,D3,True,3.4668687e-32,1.8412376e-27,4.5175865e-14,4.6961086e-05,0.99980634,0.00014676491
31039,2022-10-11,4,D3,4,D3,4,D3,True,5.108557e-32,2.4215181e-27,4.5624085e-14,5.154323e-05,0.9998142,0.00013422083
31039,2022-10-18,4,D3,4,D3,4,D3,True,1.0303926e-31,3.1558987e-27,9.5710095e-14,0.00011808984,0.99973935,0.00014260854
31039,2022-10-25,4,D3,4,D3,4,D3,True,4.928661e-32,1.8650344e-27,1.0102597e-13,0.00016919099,0.99969316,0.00013769961
31039,2022-11-01,4,D3,4,D3,4,D3,True,3.003364e-32,1.5666695e-27,1.3416664e-13,0.00035085864,0.9995371,0.00011204943
31039,2022-11-08,5,D4,4,D3,4,D3,False,2.6447465e-32,1.3528859e-27,1.9194992e-13,0.0009498036,0.9990048,4.548947e-05
31039,2022-11-15,5,D4,4,D3,4,D3,False,1.392118e-29,3.374854e-27,1.4029159e-14,0.00010971814,0.9993554,0.0005348809
31039,2022-11-22,5,D4,4,D3,4,D3,False,3.2272188e-27,3.6758293e-26,3.344117e-15,4.687764e-06,0.9447098,0.055285584
31039,2022-11-29,5,D4,4,D3,5,D4,True,1.4880287e-24,5.345409e-24,3.1015797e-16,1.2522167e-07,0.53634655,0.46365336
31039,2022-12-06,5,D4,5,D4,5,D4,True,4.3706294e-24,2.3988222e-23,6.0109524e-16,6.6900924e-08,0.38474643,0.61525357
31039,2022-12-13,5,D4,5,D4,5,D4,True,3.167123e-24,2.2642794e-23,5.415171e-16,3.7705266e-08,0.30846885,0.6915311
31039,2022-12-20,5,D4,5,D4,5,D4,True,5.199277e-24,5.0490133e-23,6.4938755e-16,3.4204596e-08,0.2922918,0.70770824
31039,2022-12-27,5,D4,5,D4,5,D4,True,3.9658938e-23,3.399153e-22,1.6266254e-15,5.130495e-08,0.28722703,0.71277285
31039,2023-01-03,5,D4,5,D4,5,D4,True,3.0196977e-22,1.0280751e-21,3.1436673e-15,4.2115957e-08,0.25290626,0.7470938
31039,2023-01-10,5,D4,5,D4,5,D4,True,2.1444042e-20,4.1089538e-20,2.7305288e-14,9.1112305e-08,0.12909338,0.8709065
31039,2023-01-17,5,D4,5,D4,5,D4,True,3.0349703e-20,6.7315015e-20,1.2727433e-14,1.4112124e-08,0.023979427,0.9760206
31039,2023-01-24,5,D4,5,D4,5,D4,True,2.4715337e-19,4.012736e-19,3.226534e-14,1.1099543e-08,0.019612528,0.98038745
31039,2023-01-31,5,D4,5,D4,5,D4,True,2.280008e-18,3.3546912e-18,4.0082702e-13,7.7924064e-08,0.02811984,0.9718801
31039,2023-02-07,5,D4,5,D4,5,D4,True,3.5510487e-17,5.898402e-17,6.437448e-12,7.0344447e-07,0.056861404,0.9431379
31039,2023-02-14,5,D4,5,D4,5,D4,True,2.0581357e-16,3.5800268e-16,1.9624238e-11,8.641174e-07,0.04898375,0.95101535
31039,2023-02-21,5,D4,5,D4,5,D4,True,3.7746988e-16,6.688616e-16,2.1357003e-11,7.744978e-07,0.049841013,0.9501581
31039,2023-02-28,5,D4,5,D4,5,D4,True,6.401703e-17,6.7278934e-17,1.6239642e-12,1.3573835e-07,0.027646944,0.97235286
31039,2023-03-07,5,D4,5,D4,5,D4,True,2.541034e-17,1.7966947e-17,3.8665745e-13,4.7221288e-08,0.017978564,0.98202145
31039,2023-03-14,5,D4,5,D4,5,D4,True,2.811194e-17,1.4482439e-17,1.9397655e-13,2.0160194e-08,0.010493241,0.9895068
31039,2023-03-21,5,D4,5,D4,5,D4,True,2.1505543e-17,9.795567e-18,1.2904379e-13,1.422814e-08,0.00793487,0.99206513
31039,2023-03-28,5,D4,5,D4,5,D4,True,1.7720128e-17,7.400217e-18,9.600862e-14,1.1049774e-08,0.0064903777,0.9935096
31039,2023-04-04,5,D4,5,D4,5,D4,True,1.6290331e-17,6.5071937e-18,8.276336e-14,9.683242e-09,0.0058344575,0.99416554
31039,2023-04-11,5,D4,5,D4,5,D4,True,1.5935423e-17,6.2120185e-18,7.723835e-14,9.145227e-09,0.0055778353,0.99442214
31039,2023-04-18,5,D4,5,D4,5,D4,True,1.5368154e-17,5.7865296e-18,7.092957e-14,8.848184e-09,0.0055131363,0.99448687
31039,2023-04-25,5,D4,5,D4,5,D4,True,1.5636119e-17,5.587238e-18,6.49714e-14,8.286786e-09,0.0052610724,0.994739
31039,2023-05-02,5,D4,5,D4,5,D4,True,1.5744422e-17,5.5307347e-18,6.3118544e-14,8.042712e-09,0.0051567657,0.99484324
31039,2023-05-09,5,D4,5,D4,5,D4,True,1.6704082e-17,5.7959007e-18,6.3881145e-14,7.857265e-09,0.0050038653,0.9949961
31039,2023-05-16,5,D4,5,D4,5,D4,True,1.991451e-17,7.0445646e-18,7.431808e-14,8.32552e-09,0.0049594585,0.9950406
31039,2023-05-23,5,D4,5,D4,5,D4,True,7.522682e-18,4.229028e-18,9.930586e-14,1.8063586e-08,0.00860416,0.9913959
31039,2023-05-30,5,D4,5,D4,5,D4,True,3.5966723e-18,2.9442656e-18,1.139735e-13,2.7061045e-08,0.011759444,0.9882406
31039,2023-06-06,5,D4,5,D4,5,D4,True,2.0417622e-18,2.259663e-18,1.2659185e-13,3.5590435e-08,0.014555715,0.98544425
31039,2023-06-13,5,D4,5,D4,5,D4,True,1.3155805e-18,1.7975884e-18,1.3451593e-13,4.403609e-08,0.017268281,0.98273176
31039,2023-06-20,5,D4,5,D4,5,D4,True,9.183086e-19,1.4560998e-18,1.3841864e-13,5.2555485e-08,0.02004475,0.97995526
31039,2023-06-27,5,D4,5,D4,5,D4,True,6.9112615e-19,1.2250313e-18,1.3936424e-13,5.9111652e-08,0.022367997,0.9776319
31039,2023-07-04,5,D4,5,D4,5,D4,True,5.1791665e-19,1.0196599e-18,1.3488097e-13,6.1598975e-08,0.023943005,0.97605693
31039,2023-07-11,5,D4,5,D4,5,D4,True,3.7013298e-19,7.9498855e-19,1.16798e-13,5.4429112e-08,0.024024174,0.9759758
31039,2023-07-18,5,D4,5,D4,5,D4,True,1.3985024e-19,3.5266067e-19,7.147751e-14,4.1050274e-08,0.02890494,0.9710951
31039,2023-07-25,5,D4,5,D4,5,D4,True,6.894873e-20,1.2636603e-19,1.921264e-14,1.3997612e-08,0.031888224,0.96811175
31039,2023-08-01,5,D4,5,D4,5,D4,True,4.357161e-20,5.867184e-20,6.96128e-15,7.294908e-09,0.03228296,0.96771705
31039,2023-08-08,4,D3,5,D4,5,D4,False,5.7433224e-20,7.4093676e-20,8.03671e-15,9.090067e-09,0.03309226,0.96690774
31039,2023-08-15,4,D3,4,D3,4,D3,True,1.37671e-26,8.586636e-24,2.366668e-14,3.439178e-05,0.98758453,0.012381143
31039,2023-08-22,4,D3,4,D3,4,D3,True,2.4507256e-25,9.786108e-23,2.856719e-14,3.370151e-05,0.9761646,0.023801731
31039,2023-08-29,4,D3,4,D3,4,D3,True,1.3163654e-26,1.5337966e-23,2.476901e-14,5.0009046e-05,0.9933962,0.0065538418
31039,2023-09-05,4,D3,4,D3,4,D3,True,2.8626302e-27,5.061998e-24,4.6058782e-14,6.99976e-05,0.9970675,0.002862507
31039,2023-09-12,4,D3,4,D3,4,D3,True,4.8045365e-29,2.6650795e-25,9.4143274e-14,0.00014767653,0.9991905,0.000661812
31039,2023-09-19,4,D3,4,D3,4,D3,True,3.675352e-30,4.7810086e-26,1.11312245e-13,0.00019203208,0.999464,0.00034398222
31039,2023-09-26,4,D3,4,D3,4,D3,True,1.0215139e-30,2.6106624e-26,1.3039828e-13,0.00020402163,0.99957234,0.00022363375
31039,2023-10-03,4,D3,4,D3,4,D3,True,3.6011824e-31,2.759013e-26,2.0573459e-13,0.00022561906,0.9996426,0.00013175866
31039,2023-10-10,4,D3,4,D3,4,D3,True,2.4953657e-31,2.9709898e-26,2.3806163e-13,0.00022193821,0.9996674,0.00011071599
31039,2023-10-17,3,D2,4,D3,4,D3,False,2.936768e-31,3.1499906e-26,2.3250396e-13,0.00021966534,0.9996618,0.00011853899
31039,2023-10-24,3,D2,4,D3,4,D3,False,5.8949526e-29,1.6158613e-23,1.8942974e-11,0.005106299,0.99487704,1.666187e-05
31039,2023-10-31,3,D2,4,D3,4,D3,False,6.793687e-30,6.169881e-24,2.8317982e-11,0.0075615807,0.99243087,7.5381977e-06
31039,2023-11-07,3,D2,4,D3,4,D3,False,4.001551e-30,6.693795e-24,3.0199242e-11,0.010377534,0.9896185,3.966299e-06
31039,2023-11-14,3,D2,4,D3,4,D3,False,1.9707174e-30,4.04928e-24,2.464602e-11,0.009594299,0.99040204,3.6896672e-06
31039,2023-11-21,3,D2,4,D3,4,D3,False,9.801693e-31,2.4694792e-24,2.0949461e-11,0.008938721,0.9910574,3.880597e-06
31039,2023-11-28,3,D2,4,D3,4,D3,False,5.1647484e-31,1.6291943e-24,1.9252242e-11,0.008414088,0.99158174,4.2161046e-06
31039,2023-12-05,3,D2,4,D3,4,D3,False,3.4515577e-31,1.2624927e-24,1.8309012e-11,0.008050813,0.99194473,4.4125395e-06
31039,2023-12-12,3,D2,4,D3,4,D3,False,2.7969348e-31,1.0912997e-24,1.7528137e-11,0.007843829,0.99215174,4.479607e-06
31039,2023-12-19,3,D2,4,D3,4,D3,False,2.33964e-31,9.022523e-25,1.5648103e-11,0.007524706,0.9924706,4.648899e-06
31039,2023-12-26,3,D2,4,D3,4,D3,False,2.304327e-31,8.816213e-25,1.541871e-11,0.0074596344,0.9925357,4.7232247e-06
31039,2024-01-02,3,D2,4,D3,4,D3,False,2.2989881e-31,8.818532e-25,1.5484074e-11,0.007414397,0.9925809,4.708432e-06
31039,2024-01-09,2,D1,4,D3,4,D3,False,2.1442392e-31,9.43451e-25,1.7142197e-11,0.007548736,0.99244726,4.0030955e-06
31039,2024-01-16,2,D1,4,D3,4,D3,False,2.11615e-24,3.5551052e-18,1.8510919e-07,0.13490379,0.86509067,5.2824234e-06
31039,2024-01-23,2,D1,3,D2,3,D2,False,4.822521e-21,3.52136e-14,6.1656436e-05,0.7528011,0.24713232,4.959435e-06
31039,2024-01-30,2,D1,3,D2,3,D2,False,1.9058745e-20,2.2737132e-13,0.00017912785,0.86398,0.1358378,3.093485e-06
31039,2024-02-06,2,D1,3,D2,3,D2,False,2.4692241e-20,3.4563563e-13,0.00022459705,0.8859227,0.11385028,2.4335297e-06
31039,2024-02-13,2,D1,3,D2,3,D2,False,2.2155554e-20,3.2997568e-13,0.00021592563,0.89245003,0.10733208,1.9690724e-06
31039,2024-02-20,2,D1,3,D2,3,D2,False,2.1422511e-20,3.549418e-13,0.0002253345,0.8950683,0.10470472,1.6271816e-06
31039,2024-02-27,2,D1,3,D2,3,D2,False,2.1255926e-20,3.8437705e-13,0.00023527637,0.898169,0.10159438,1.3926826e-06
31039,2024-03-05,2,D1,3,D2,3,D2,False,2.1226954e-20,4.0861113e-13,0.00024292035,0.9005996,0.09915617,1.255681e-06
31039,2024-03-12,2,D1,3,D2,3,D2,False,2.1257726e-20,4.2736358e-13,0.00024862576,0.9025074,0.09724276,1.1722565e-06
31039,2024-03-19,2,D1,3,D2,3,D2,False,1.8432885e-20,3.4900015e-13,0.0002192129,0.89854795,0.101231635,1.3058766e-06
31039,2024-03-26,1,D0,3,D2,3,D2,False,1.9683587e-20,3.7734833e-13,0.00023075394,0.90120655,0.098561406,1.2945791e-06
31039,2024-04-02,1,D0,3,D2,3,D2,False,9.737772e-12,2.60213e-06,0.1651204,0.80419284,0.030676648,7.450413e-06
31039,2024-04-09,1,D0,2,D1,2,D1,False,2.8738736e-05,0.09571287,0.8938846,0.010370455,3.28281e-06,2.3232829e-08
31039,2024-04-16,1,D0,2,D1,2,D1,False,4.8504287e-05,0.1259936,0.86593854,0.008018167,1.1744818e-06,9.531121e-09
31039,2024-04-23,1,D0,2,D1,2,D1,False,7.302864e-05,0.16013329,0.83263683,0.007156254,5.94648e-07,5.611423e-09
31039,2024-04-30,1,D0,2,D1,2,D1,False,0.0024689254,0.45700634,0.5301473,0.010376502,8.120854e-07,1.09555955e-07
31039,2024-05-07,0,None,1,D0,1,D0,False,0.12066849,0.67925626,0.16981862,0.021640228,0.0010448874,0.0075716334
31039,2024-05-14,0,None,0,None,0,None,True,0.94920856,0.050791312,2.591283e-08,3.2950087e-11,4.8620855e-08,8.4732996e-08
31039,2024-05-21,0,None,0,None,0,None,True,0.97912806,0.020871818,4.631276e-10,2.5405578e-14,3.6256406e-08,1.04437405e-07
31039,2024-05-28,0,None,0,None,0,None,True,0.9891164,0.01087838,4.5413723e-10,3.1594337e-13,4.919664e-07,4.8123707e-06
31039,2024-06-04,0,None,0,None,0,None,True,0.97568446,0.024315499,4.2180945e-10,3.4200414e-15,2.6146634e-09,2.0670132e-08
31039,2024-06-11,0,None,0,None,0,None,True,0.97946805,0.020531833,6.036603e-10,6.7314746e-15,2.4646841e-08,1.225693e-07
31039,2024-06-18,0,None,0,None,0,None,True,0.97619075,0.023808805,1.5329938e-09,3.8819564e-14,1.11523434e-07,3.9334944e-07
31039,2024-06-25,0,None,0,None,0,None,True,0.99088717,0.008518409,6.394511e-09,1.1818294e-11,7.786594e-05,0.00051659025
31039,2024-07-02,0,None,0,None,0,None,True,0.90026134,0.004445652,3.3569172e-08,1.7546984e-09,0.0077569927,0.087536134
31039,2024-07-09,0,None,5,D4,5,D4,False,0.15046453,0.00064745615,2.4599315e-08,2.1349564e-08,0.15125962,0.69762844
31039,2024-07-16,0,None,5,D4,5,D4,False,0.070813715,0.00039499358,3.407416e-08,9.4427655e-08,0.19867247,0.7301187
31039,2024-07-23,0,None,5,D4,5,D4,False,0.0013686246,6.4770784e-06,3.7588466e-09,2.551577e-07,0.21849701,0.7801276
31039,2024-07-30,0,None,5,D4,5,D4,False,0.00028562907,1.4432135e-06,2.02009e-09,5.608837e-07,0.19675156,0.80296075
31039,2024-08-06,0,None,5,D4,5,D4,False,0.14576887,0.00077111577,1.4267607e-07,1.5526055e-07,0.28544092,0.5680188
31039,2024-08-13,0,None,5,D4,5,D4,False,0.18137395,0.0008999823,1.5714039e-07,1.4028944e-07,0.23788674,0.579839
31039,2024-08-20,1,D0,5,D4,5,D4,False,0.23278113,0.0011056862,1.7488584e-07,1.2512803e-07,0.19553663,0.5705762
31039,2024-08-27,1,D0,4,D3,5,D4,False,3.7296073e-09,1.0598446e-07,1.5589008e-05,0.0043081176,0.53112864,0.46454754
31039,2024-09-03,1,D0,3,D2,3,D2,False,5.7338577e-05,0.005822476,0.27576554,0.5932045,0.11901877,0.0061313957
31039,2024-09-10,1,D0,3,D2,3,D2,False,3.9676102e-09,6.4120984e-05,0.27741385,0.69269586,0.02982308,2.982973e-06
31039,2024-09-17,2,D1,3,D2,3,D2,False,8.678791e-12,2.1019514e-06,0.14091879,0.84159285,0.01748602,2.2701438e-07
31039,2024-09-24,2,D1,3,D2,3,D2,False,4.4975856e-16,2.9318692e-09,0.029284425,0.95737624,0.013339344,5.068292e-08
31039,2024-10-01,2,D1,3,D2,3,D2,False,2.8397834e-19,1.264263e-11,0.005003918,0.9825884,0.012407655,3.678065e-08
31039,2024-10-08,3,D2,3,D2,3,D2,True,9.4968724e-23,2.5586246e-15,6.864785e-05,0.8884803,0.11145097,1.2812019e-07
31039,2024-10-15,3,D2,3,D2,3,D2,True,1.4362311e-30,1.8693959e-20,1.3127647e-06,0.6493237,0.3506749,8.103648e-10
31039,2024-10-22,3,D2,3,D2,3,D2,True,1.0354589e-32,2.0575859e-22,1.0189771e-07,0.50629336,0.49370646,8.3141666e-10
31039,2024-10-29,3,D2,4,D3,4,D3,False,1.274286e-32,7.913741e-23,4.4030468e-08,0.36422482,0.63577515,2.6700213e-09
31039,2024-11-05,3,D2,4,D3,4,D3,False,3.769896e-32,6.734943e-23,2.8656912e-08,0.27889195,0.721108,7.3227793e-09
31039,2024-11-12,3,D2,4,D3,4,D3,False,8.63422e-32,8.1495333e-23,2.8067019e-08,0.24196662,0.7580334,1.4245285e-08
31039,2024-11-19,2,D1,4,D3,4,D3,False,1.3503063e-31,8.6364795e-23,2.5700574e-08,0.21234587,0.78765404,2.25727e-08
31039,2024-11-26,2,D1,4,D3,4,D3,False,5.373504e-26,6.760301e-19,6.205034e-07,0.25194216,0.7480556,1.6285177e-06
31039,2024-12-03,2,D1,3,D2,3,D2,False,7.0507555e-22,4.6593038e-15,5.4507243e-05,0.7398204,0.26012376,1.335683e-06
31039,2024-12-10,2,D1,3,D2,3,D2,False,9.017761e-20,2.129076e-12,0.0012181748,0.9516247,0.0471565,5.581932e-07
31039,2024-12-17,2,D1,3,D2,3,D2,False,2.0007996e-19,3.5422672e-12,0.0012525192,0.9422004,0.05654577,1.3293694e-06
31039,2024-12-24,2,D1,3,D2,3,D2,False,2.1157604e-19,2.8148683e-12,0.0008829194,0.8789926,0.12012095,3.4924665e-06
31039,2024-12-31,2,D1,3,D2,3,D2,False,8.8993286e-20,1.4595497e-12,0.0005801948,0.7980944,0.20132065,4.7196568e-06
31039,2025-01-07,2,D1,3,D2,3,D2,False,6.283488e-20,1.1675325e-12,0.00060627505,0.8190355,0.18035439,3.951815e-06
31039,2025-01-14,2,D1,3,D2,3,D2,False,1.1265731e-19,2.48754e-12,0.0009292255,0.8325975,0.16646947,3.7300474e-06
31039,2025-01-21,2,D1,3,D2,3,D2,False,2.7704385e-19,7.613035e-12,0.0018174496,0.84372336,0.15445518,4.0631794e-06
31039,2025-01-28,2,D1,3,D2,3,D2,False,5.668978e-19,1.9304586e-11,0.0032214827,0.86089593,0.13587917,3.3736048e-06
31039,2025-02-04,2,D1,3,D2,3,D2,False,7.8157825e-19,3.181634e-11,0.0051046656,0.87414277,0.12074973,2.8312415e-06
31039,2025-02-11,2,D1,3,D2,3,D2,False,5.9852535e-19,2.5996068e-11,0.0051454934,0.87670684,0.1181451,2.60735e-06
31039,2025-02-18,2,D1,3,D2,3,D2,False,5.7896687e-19,2.713465e-11,0.0053027645,0.8760437,0.11865101,2.552331e-06
31039,2025-02-25,2,D1,3,D2,3,D2,False,3.2765697e-19,1.519295e-11,0.0035235665,0.8771446,0.119329825,2.0569998e-06
31039,2025-03-04,2,D1,3,D2,3,D2,False,3.790985e-19,1.1624342e-11,0.0020625286,0.8676108,0.1303235,3.0849305e-06
31039,2025-03-11,2,D1,3,D2,3,D2,False,1.8066814e-19,4.1459744e-12,0.0008682658,0.895456,0.103674054,1.5660233e-06
31039,2025-03-18,2,D1,3,D2,3,D2,False,8.4847024e-20,2.1350074e-12,0.0006783158,0.89338994,0.10593057,1.1744049e-06
31039,2025-03-25,1,D0,3,D2,3,D2,False,4.243811e-20,1.2366934e-12,0.0005276991,0.8899742,0.10949704,1.0653688e-06
31039,2025-04-01,1,D0,3,D2,3,D2,False,6.0600003e-16,3.3870868e-09,0.010229567,0.8630461,0.12672152,2.7306469e-06
31039,2025-04-08,1,D0,2,D1,2,D1,False,2.0947786e-09,0.00089857104,0.82758194,0.1700388,0.0014804946,1.4841193e-07
31039,2025-04-15,1,D0,2,D1,2,D1,False,1.8568965e-09,0.0011109784,0.9122829,0.08634838,0.00025771497,3.4659006e-08
31039,2025-04-22,1,D0,2,D1,2,D1,False,2.9761673e-09,0.0015513452,0.942313,0.05563237,0.0005031881,9.2689746e-08
31039,2025-04-29,1,D0,2,D1,2,D1,False,7.0130163e-10,0.00029455978,0.82004607,0.17804752,0.0016117471,1.249911e-07
31039,2025-05-06,1,D0,2,D1,2,D1,False,6.7321118e-09,0.0012167828,0.8725455,0.12608707,0.00015060927,2.0531202e-08
31039,2025-05-13,2,D1,2,D1,2,D1,True,2.121778e-08,0.002711407,0.9084739,0.08878139,3.338132e-05,3.1558955e-09
31039,2025-05-20,1,D0,3,D2,3,D2,False,7.972832e-18,3.6733888e-10,0.017132953,0.9699905,0.0128765125,9.3530526e-09
31039,2025-05-27,1,D0,3,D2,3,D2,False,9.8291126e-14,6.367945e-07,0.20585553,0.7870566,0.007087117,4.8650733e-08
31039,2025-06-03,1,D0,2,D1,2,D1,False,5.1198126e-06,0.04709776,0.93023705,0.022659443,6.9225194e-07,2.8927521e-10
31039,2025-06-10,1,D0,2,D1,2,D1,False,8.529887e-06,0.054896567,0.93213063,0.012963894,3.5864622e-07,1.2431894e-10
31039,2025-06-17,1,D0,2,D1,2,D1,False,2.8166454e-05,0.07960583,0.90843475,0.011930937,2.8987867e-07,1.0611492e-10
31039,2025-06-24,1,D0,2,D1,2,D1,False,4.0433093e-05,0.077846654,0.9045556,0.017556729,5.196332e-07,2.0422862e-10
31039,2025-07-01,1,D0,2,D1,2,D1,False,2.3005661e-08,0.00091067195,0.5117899,0.48207504,0.005223497,9.3648055e-07
31039,2025-07-08,0,None,2,D1,2,D1,False,0.00022011563,0.06061922,0.86652344,0.07226651,0.0003603204,1.03943785e-05
31039,2025-07-15,0,None,0,None,0,None,True,0.9098533,0.05674923,4.359339e-06,2.1872522e-06,0.0037586768,0.029632248
31039,2025-07-22,0,None,0,None,0,None,True,0.9791612,0.019583093,9.921024e-09,7.4295353e-10,0.00035262076,0.00090304395
31039,2025-07-29,0,None,0,None,0,None,True,0.98211265,0.017735396,1.3089676e-09,2.6380525e-12,1.2675508e-05,0.00013927968
31039,2025-08-05,0,None,0,None,0,None,True,0.99102485,0.008929703,5.3187327e-10,3.2656159e-13,5.6545005e-06,3.9831055e-05
31039,2025-08-12,0,None,0,None,0,None,True,0.9739721,0.026027732,7.6919726e-10,4.740467e-15,1.4933786e-08,2.4006022e-07
31039,2025-08-19,0,None,0,None,0,None,True,0.98496974,0.014910111,1.5399654e-09,1.9364921e-13,4.0760883e-06,0.00011610273
31039,2025-08-26,0,None,0,None,0,None,True,0.97600704,0.023991058,6.3731305e-09,7.579674e-14,2.5721283e-07,1.6820262e-06
31039,2025-09-02,0,None,0,None,0,None,True,0.9875638,0.0065418957,4.942925e-08,3.2839453e-10,0.0003794898,0.0055148555
31039,2025-09-09,0,None,0,None,0,None,True,0.9452215,0.005842002,4.4255984e-07,5.0603916e-08,0.00827106,0.040664893
31039,2025-09-16,0,None,0,None,0,None,True,0.9779879,0.009410645,8.312455e-07,1.6013566e-07,0.0027151448,0.009885347
31039,2025-09-23,0,None,5,D4,5,D4,False,0.03554156,0.0001910566,6.779532e-07,4.2206622e-05,0.22289552,0.7413289
31039,2025-09-30,0,None,5,D4,5,D4,False,0.035253856,0.00016888538,5.454965e-07,3.1727694e-05,0.2615686,0.70297647
31039,2025-10-07,0,None,0,None,0,None,True,0.6443323,0.0036625033,1.781792e-06,1.0845346e-06,0.11280986,0.23919243
31039,2025-10-14,0,None,0,None,0,None,True,0.89340436,0.005387442,1.5880803e-06,3.3650724e-07,0.029976647,0.0712296
31039,2025-10-21,0,None,0,None,0,None,True,0.94995576,0.0061241835,1.2642439e-06,1.7744993e-07,0.012375451,0.031543173
31039,2025-10-28,0,None,0,None,0,None,True,0.97151077,0.006177365,7.269682e-07,7.343288e-08,0.0060979044,0.016213214
31039,2025-11-04,0,None,0,None,0,None,True,0.9777479,0.0050605885,3.75369e-07,3.9990248e-08,0.0045014457,0.0126896845
31039,2025-11-11,0,None,0,None,0,None,True,0.97610915,0.0051455395,2.4674227e-07,6.9844866e-08,0.006579352,0.012165734
31039,2025-11-18,0,None,0,None,0,None,True,0.9784217,0.005065025,2.5529712e-07,6.209982e-08,0.0058831517,0.010629802
31039,2025-11-25,1,D0,5,D4,5,D4,False,0.019885087,7.066181e-05,2.712911e-08,7.279238e-07,0.45463187,0.5254116
31039,2025-12-02,1,D0,4,D3,4,D3,False,1.15264825e-07,1.1570564e-06,9.081485e-05,0.011604192,0.77498484,0.21331888
31039,2025-12-09,1,D0,3,D2,3,D2,False,0.000106902015,0.0045837425,0.19547439,0.49507827,0.27329215,0.031464558
31039,2025-12-16,1,D0,2,D1,2,D1,False,0.0011552556,0.08595702,0.78674823,0.1120829,0.013563247,0.0004933165
31039,2025-12-23,1,D0,2,D1,2,D1,False,0.0004117335,0.13454752,0.8456409,0.01927545,0.00012307262,1.3917854e-06
31039,2025-12-30,1,D0,2,D1,2,D1,False,0.00019622031,0.11432413,0.868881,0.016551519,4.6914465e-05,2.6701832e-07
