FIPS,target_week,actual_label,actual_class,pred_label_raw,pred_class_raw,pred_label,pred_class,is_correct,prob_None,prob_D0,prob_D1,prob_D2,prob_D3,prob_D4
20001,2022-01-04,0,None,1,D0,2,D1,False,0.06171479,0.32528162,0.25632498,0.24909037,0.10289962,0.0046886243
20001,2022-01-11,0,None,1,D0,3,D2,False,0.054051228,0.32100716,0.25149396,0.25290075,0.115203224,0.0053436994
20001,2022-01-18,0,None,1,D0,4,D3,False,0.04375985,0.30923012,0.25093034,0.2521218,0.13733117,0.0066267056
20001,2022-01-25,0,None,1,D0,4,D3,False,0.03672972,0.3044396,0.259039,0.24170868,0.15128858,0.006794417
20001,2022-02-01,0,None,1,D0,4,D3,False,0.029016966,0.2906035,0.27522957,0.22574311,0.17283235,0.006574529
20001,2022-02-08,0,None,2,D1,4,D3,False,0.023486745,0.27400023,0.29080465,0.21263702,0.19267885,0.006392457
20001,2022-02-15,0,None,2,D1,4,D3,False,0.019891758,0.2558538,0.3031212,0.20276971,0.21043861,0.007924956
20001,2022-02-22,0,None,2,D1,4,D3,False,0.017641162,0.24399117,0.30719292,0.19994392,0.2216554,0.00957548
20001,2022-03-01,1,D0,2,D1,4,D3,False,0.017869283,0.22250997,0.29913676,0.19963633,0.23806539,0.022782242
20001,2022-03-08,1,D0,2,D1,4,D3,False,0.018517945,0.1995779,0.28769806,0.19901647,0.25168976,0.043499846
20001,2022-03-15,1,D0,2,D1,4,D3,False,0.018545747,0.18020412,0.28251892,0.20539667,0.2665869,0.04674763
20001,2022-03-22,0,None,2,D1,4,D3,False,0.015536721,0.16154991,0.28032616,0.21446554,0.27487603,0.053245652
20001,2022-03-29,0,None,4,D3,4,D3,False,0.01379514,0.12675072,0.25364053,0.21618423,0.29040727,0.099222064
20001,2022-04-05,0,None,4,D3,4,D3,False,0.008341992,0.09178996,0.23459399,0.22887269,0.30457237,0.13182896
20001,2022-04-12,0,None,4,D3,4,D3,False,0.0058923215,0.0682578,0.20942841,0.22810829,0.30948877,0.17882441
20001,2022-04-19,0,None,4,D3,4,D3,False,0.0040678373,0.04871401,0.17490049,0.21893188,0.29896384,0.25442195
20001,2022-04-26,0,None,5,D4,4,D3,False,0.0036582784,0.037854075,0.14551185,0.20096613,0.28141788,0.33059174
20001,2022-05-03,0,None,5,D4,4,D3,False,0.0035181704,0.03551846,0.14279649,0.20046282,0.28005815,0.33764595
20001,2022-05-10,0,None,5,D4,4,D3,False,0.004739675,0.04347411,0.15625945,0.19796263,0.27669775,0.32086647
20001,2022-05-17,0,None,5,D4,4,D3,False,0.008167286,0.05540977,0.16748963,0.18892045,0.26826143,0.31175143
20001,2022-05-24,0,None,4,D3,4,D3,False,0.018947303,0.09069582,0.23042294,0.1958515,0.2962964,0.16778597
20001,2022-05-31,0,None,4,D3,4,D3,False,0.03285546,0.11557019,0.28721547,0.21236193,0.3004291,0.051567845
20001,2022-06-07,0,None,2,D1,4,D3,False,0.030705366,0.121174,0.32857147,0.2322871,0.26949897,0.017763043
20001,2022-06-14,0,None,2,D1,4,D3,False,0.03358504,0.12591586,0.32381997,0.23309216,0.23795965,0.045627303
20001,2022-06-21,0,None,2,D1,4,D3,False,0.030342788,0.11279062,0.35438544,0.25121188,0.2003126,0.05095669
20001,2022-06-28,0,None,2,D1,4,D3,False,0.034588914,0.10992844,0.34537446,0.2546436,0.17451224,0.080952294
20001,2022-07-05,0,None,2,D1,2,D1,False,0.036637336,0.115806274,0.3791731,0.2599218,0.13699943,0.071462065
20001,2022-07-12,0,None,2,D1,2,D1,False,0.03243281,0.11902598,0.39883772,0.25458968,0.10416189,0.090951905
20001,2022-07-19,1,D0,2,D1,2,D1,False,0.025832666,0.10500236,0.4242925,0.28426367,0.08894447,0.07166433
20001,2022-07-26,2,D1,2,D1,2,D1,True,0.025675971,0.1055557,0.45336348,0.2818718,0.07331038,0.060222626
20001,2022-08-02,2,D1,2,D1,2,D1,True,0.030532068,0.120503135,0.4596501,0.26013476,0.067224346,0.061955635
20001,2022-08-09,2,D1,2,D1,2,D1,True,0.033479903,0.13375427,0.4498307,0.24782245,0.06486779,0.070244804
20001,2022-08-16,3,D2,2,D1,2,D1,False,0.03591085,0.13959284,0.43775764,0.24074654,0.06467716,0.081315026
20001,2022-08-23,3,D2,2,D1,2,D1,False,0.038080208,0.13477178,0.42511392,0.23760399,0.06869928,0.095730804
20001,2022-08-30,3,D2,2,D1,2,D1,False,0.044653606,0.14380817,0.39950737,0.22407708,0.07387555,0.11407817
20001,2022-09-06,3,D2,5,D4,4,D3,False,0.044466015,0.102849685,0.19968858,0.16504748,0.15342428,0.334524
20001,2022-09-13,3,D2,5,D4,4,D3,False,0.03291975,0.066734806,0.10864724,0.14583628,0.23774253,0.40811938
20001,2022-09-20,4,D3,5,D4,4,D3,True,0.020572823,0.052779842,0.11306298,0.17652363,0.20979008,0.42727065
20001,2022-09-27,4,D3,5,D4,4,D3,True,0.015265433,0.03570189,0.0707192,0.1681815,0.26524547,0.44488654
20001,2022-10-04,4,D3,5,D4,4,D3,True,0.009866336,0.025050463,0.05710942,0.17047371,0.2683296,0.46917045
20001,2022-10-11,4,D3,5,D4,4,D3,True,0.008077225,0.018130204,0.0412044,0.17078725,0.28967002,0.47213086
20001,2022-10-18,4,D3,5,D4,4,D3,True,0.0070694787,0.016029779,0.043692667,0.1748272,0.28941196,0.46896896
20001,2022-10-25,4,D3,5,D4,4,D3,True,0.0073570777,0.014107116,0.03733984,0.17304578,0.30071634,0.4674339
20001,2022-11-01,4,D3,5,D4,4,D3,True,0.0076762373,0.015068799,0.041426856,0.17574629,0.30159903,0.45848277
20001,2022-11-08,4,D3,5,D4,4,D3,True,0.0092512565,0.018644786,0.047700364,0.17535393,0.3034644,0.44558522
20001,2022-11-15,4,D3,5,D4,4,D3,True,0.010091794,0.021983484,0.057345994,0.17890234,0.29824886,0.43342754
20001,2022-11-22,4,D3,5,D4,4,D3,True,0.010851009,0.024441784,0.06181244,0.17933087,0.29697803,0.42658585
20001,2022-11-29,4,D3,5,D4,4,D3,True,0.010966407,0.027383214,0.06918119,0.18195519,0.29972345,0.41079056
20001,2022-12-06,4,D3,5,D4,4,D3,True,0.0113004,0.031935964,0.07980986,0.18331671,0.30186123,0.39177582
20001,2022-12-13,3,D2,5,D4,4,D3,False,0.011036959,0.033910353,0.08613585,0.18482757,0.30347034,0.38061896
20001,2022-12-20,3,D2,5,D4,4,D3,False,0.012964164,0.046576332,0.112666205,0.18480366,0.31824118,0.3247485
20001,2022-12-27,3,D2,4,D3,4,D3,False,0.018657336,0.07147796,0.16311197,0.18425068,0.36273143,0.19977066
20001,2023-01-03,3,D2,4,D3,4,D3,False,0.027028492,0.1152638,0.23161641,0.1765433,0.38920513,0.06034294
20001,2023-01-10,3,D2,4,D3,4,D3,False,0.028747326,0.14305922,0.26002488,0.16911983,0.3750755,0.023973344
20001,2023-01-17,3,D2,4,D3,4,D3,False,0.034049604,0.16204253,0.27777433,0.15309434,0.36205053,0.010988662
20001,2023-01-24,3,D2,4,D3,4,D3,False,0.04678871,0.18515636,0.291845,0.13388278,0.33848435,0.003842818
20001,2023-01-31,3,D2,4,D3,4,D3,False,0.06262547,0.20831156,0.2994818,0.121988125,0.30617476,0.0014183869
20001,2023-02-07,3,D2,4,D3,4,D3,False,0.05257178,0.21391109,0.30042568,0.12869664,0.30292,0.0014747683
20001,2023-02-14,2,D1,2,D1,4,D3,False,0.04802812,0.21936508,0.30691773,0.1318096,0.29264283,0.0012366938
20001,2023-02-21,2,D1,2,D1,4,D3,False,0.049641725,0.22109742,0.3095241,0.13000545,0.28859386,0.001137513
20001,2023-02-28,2,D1,2,D1,4,D3,False,0.038682695,0.2169372,0.3151952,0.13874117,0.2890909,0.0013527691
20001,2023-03-07,2,D1,2,D1,4,D3,False,0.032937475,0.20840701,0.31902063,0.142124,0.29583642,0.0016745282
20001,2023-03-14,3,D2,2,D1,4,D3,False,0.032502532,0.21167545,0.32466358,0.14402024,0.28559935,0.0015388131
20001,2023-03-21,2,D1,2,D1,4,D3,False,0.03120915,0.21036981,0.32695305,0.14697042,0.2828102,0.0016874056
20001,2023-03-28,2,D1,2,D1,4,D3,False,0.019702988,0.19836245,0.33320192,0.16501497,0.2812961,0.002421579
20001,2023-04-04,2,D1,2,D1,4,D3,False,0.015401805,0.18431124,0.33034307,0.18081234,0.2845726,0.00455889
20001,2023-04-11,2,D1,2,D1,4,D3,False,0.012066101,0.16220096,0.3236271,0.20821251,0.284283,0.009610256
20001,2023-04-18,2,D1,2,D1,4,D3,False,0.012419787,0.14968976,0.31085986,0.21831407,0.28947416,0.019242436
20001,2023-04-25,3,D2,4,D3,4,D3,False,0.010439775,0.12183748,0.29030827,0.22663508,0.3056896,0.04508979
20001,2023-05-02,4,D3,4,D3,4,D3,True,0.007870328,0.08975001,0.25531226,0.23141102,0.31844857,0.09720774
20001,2023-05-09,4,D3,4,D3,4,D3,True,0.0066785375,0.07426,0.2330779,0.23050539,0.32148632,0.13399188
20001,2023-05-16,3,D2,4,D3,4,D3,False,0.008090212,0.07051825,0.21506093,0.21663663,0.30815935,0.18153456
20001,2023-05-23,3,D2,4,D3,4,D3,False,0.015441882,0.090446375,0.2397147,0.20971051,0.30452666,0.14015985
20001,2023-05-30,3,D2,4,D3,4,D3,False,0.025010068,0.12022793,0.2830192,0.21092597,0.30205554,0.05876133
20001,2023-06-06,3,D2,2,D1,4,D3,False,0.036405288,0.13613468,0.32684976,0.21661177,0.2731369,0.010861656
20001,2023-06-13,3,D2,2,D1,4,D3,False,0.037160695,0.13905752,0.34251568,0.2187309,0.2549865,0.007548775
20001,2023-06-20,3,D2,2,D1,4,D3,False,0.040468547,0.14945439,0.36686715,0.2220549,0.21723366,0.0039213505
20001,2023-06-27,3,D2,2,D1,4,D3,False,0.033575315,0.14315546,0.39096764,0.2340914,0.19581561,0.0023946015
20001,2023-07-04,4,D3,2,D1,4,D3,True,0.033936206,0.13506967,0.39736533,0.24074829,0.18820557,0.0046749245
20001,2023-07-11,4,D3,2,D1,4,D3,True,0.035203896,0.13103083,0.3733056,0.22844717,0.20943324,0.02257925
20001,2023-07-18,4,D3,2,D1,4,D3,True,0.03947163,0.13579097,0.349944,0.2138572,0.20841782,0.05251843
20001,2023-07-25,4,D3,5,D4,4,D3,True,0.04176424,0.11255077,0.18872164,0.15247147,0.2516035,0.25288835
20001,2023-08-01,4,D3,5,D4,4,D3,True,0.0338515,0.0757168,0.10159161,0.10813276,0.26809698,0.41261035
20001,2023-08-08,4,D3,5,D4,4,D3,True,0.0314739,0.055648282,0.066429764,0.085149705,0.26501986,0.4962784
20001,2023-08-15,3,D2,5,D4,4,D3,False,0.030702747,0.04584828,0.05037161,0.07651269,0.2646987,0.53186595
20001,2023-08-22,3,D2,5,D4,4,D3,False,0.032962877,0.045620468,0.04486468,0.07150761,0.2583275,0.5467169
20001,2023-08-29,3,D2,5,D4,4,D3,False,0.03491702,0.045592874,0.04359967,0.0710769,0.25877684,0.54603666
20001,2023-09-05,3,D2,5,D4,4,D3,False,0.042272333,0.054693673,0.04914713,0.07125662,0.24916093,0.5334693
20001,2023-09-12,3,D2,5,D4,4,D3,False,0.050967332,0.06662267,0.05883317,0.07683759,0.24683692,0.4999024
20001,2023-09-19,3,D2,5,D4,4,D3,False,0.049114257,0.06394284,0.054346126,0.07686277,0.26448953,0.4912445
20001,2023-09-26,3,D2,5,D4,4,D3,False,0.04924011,0.06811,0.059454557,0.09374875,0.29814267,0.43130395
20001,2023-10-03,3,D2,5,D4,4,D3,False,0.047572274,0.06951979,0.06373124,0.10952705,0.3222752,0.38737446
20001,2023-10-10,3,D2,5,D4,4,D3,False,0.050272238,0.075039454,0.07298781,0.12629838,0.3262197,0.3491823
20001,2023-10-17,3,D2,5,D4,4,D3,False,0.03493411,0.0663776,0.075099856,0.15626618,0.3231894,0.34413278
20001,2023-10-24,3,D2,5,D4,4,D3,False,0.027050437,0.068912484,0.08802908,0.17229983,0.30159712,0.3421111
20001,2023-10-31,2,D1,5,D4,4,D3,False,0.028184133,0.07896413,0.10713664,0.18907365,0.2916713,0.30497012
20001,2023-11-07,2,D1,4,D3,4,D3,False,0.032760818,0.10110872,0.13364454,0.2019874,0.2708623,0.2596362
20001,2023-11-14,2,D1,4,D3,4,D3,False,0.0353645,0.11492268,0.15089853,0.20628414,0.2620424,0.23048773
20001,2023-11-21,2,D1,4,D3,4,D3,False,0.0384696,0.14370042,0.17437759,0.21157049,0.26483727,0.16704457
20001,2023-11-28,2,D1,4,D3,4,D3,False,0.038634848,0.15946296,0.18994342,0.21138124,0.2725971,0.12798046
20001,2023-12-05,2,D1,4,D3,4,D3,False,0.035979267,0.16692132,0.19991878,0.21175654,0.2788683,0.10655574
20001,2023-12-12,2,D1,4,D3,4,D3,False,0.036877096,0.18148355,0.21969055,0.20271952,0.28984237,0.06938692
20001,2023-12-19,2,D1,4,D3,4,D3,False,0.045606516,0.1987048,0.24663305,0.18150543,0.3032539,0.024296269
20001,2023-12-26,2,D1,4,D3,4,D3,False,0.061068654,0.21725602,0.26727608,0.16513552,0.28267366,0.006590042
20001,2024-01-02,2,D1,2,D1,4,D3,False,0.07037276,0.22795364,0.27568588,0.15608902,0.26664698,0.0032516979
20001,2024-01-09,2,D1,2,D1,4,D3,False,0.11334586,0.2554585,0.27712715,0.13867794,0.21419999,0.0011906126
20001,2024-01-16,2,D1,2,D1,4,D3,False,0.13575575,0.2725045,0.27676427,0.13001764,0.18436435,0.0005935227
20001,2024-01-23,2,D1,2,D1,4,D3,False,0.12939769,0.2771965,0.28100118,0.12870792,0.18323568,0.0004610317
20001,2024-01-30,2,D1,1,D0,4,D3,False,0.15738003,0.2886542,0.27048534,0.12325053,0.15997471,0.00025513818
20001,2024-02-06,2,D1,1,D0,0,None,False,0.19975927,0.30053186,0.2517975,0.11445589,0.13330868,0.00014680433
20001,2024-02-13,2,D1,1,D0,0,None,False,0.20205902,0.30091503,0.25077382,0.115170054,0.13094397,0.00013814066
20001,2024-02-20,2,D1,1,D0,0,None,False,0.16571294,0.30589646,0.26381883,0.12399119,0.14045164,0.00012892735
20001,2024-02-27,2,D1,1,D0,0,None,False,0.1892027,0.30475655,0.26221275,0.12053373,0.12319011,0.00010420451
20001,2024-03-05,2,D1,1,D0,0,None,False,0.16667898,0.31203225,0.27789265,0.12833841,0.11495814,9.955669e-05
20001,2024-03-12,1,D0,1,D0,0,None,False,0.1648819,0.31975174,0.28590485,0.12913516,0.10023776,8.8623776e-05
20001,2024-03-19,1,D0,1,D0,0,None,False,0.1668893,0.32812503,0.29559758,0.12411316,0.08520616,6.878913e-05
20001,2024-03-26,1,D0,1,D0,0,None,False,0.15240358,0.3235751,0.31057367,0.12448838,0.08887229,8.6962275e-05
20001,2024-04-02,1,D0,2,D1,2,D1,False,0.10307061,0.3052541,0.3478985,0.14067158,0.102961145,0.00014402495
20001,2024-04-09,1,D0,2,D1,2,D1,False,0.04820237,0.25950933,0.37412006,0.17032167,0.14735216,0.000494366
20001,2024-04-16,2,D1,2,D1,2,D1,True,0.028101807,0.22923616,0.38080072,0.19214787,0.16843702,0.0012764194
20001,2024-04-23,2,D1,2,D1,4,D3,False,0.025747797,0.21081649,0.36316112,0.1983939,0.19866292,0.0032177845
20001,2024-04-30,0,None,2,D1,4,D3,False,0.030505868,0.19939055,0.33777955,0.19990523,0.22529075,0.0071280086
20001,2024-05-07,0,None,2,D1,4,D3,False,0.03702262,0.19708031,0.3290669,0.19734186,0.22927417,0.010214149
20001,2024-05-14,0,None,2,D1,4,D3,False,0.048731446,0.19792566,0.31834278,0.19022214,0.22945562,0.015322338
20001,2024-05-21,0,None,2,D1,4,D3,False,0.071799465,0.20586774,0.31753737,0.1800406,0.21399899,0.010755891
20001,2024-05-28,0,None,2,D1,4,D3,False,0.082413234,0.19753088,0.3100256,0.18269995,0.21148859,0.015841683
20001,2024-06-04,0,None,2,D1,4,D3,False,0.061490487,0.18111841,0.3249442,0.19859347,0.22216585,0.011687597
20001,2024-06-11,0,None,2,D1,4,D3,False,0.054608706,0.17657523,0.33450997,0.20578991,0.22046916,0.008047008
20001,2024-06-18,0,None,2,D1,4,D3,False,0.055391617,0.164275,0.32197532,0.21383484,0.22652172,0.018001506
20001,2024-06-25,0,None,2,D1,4,D3,False,0.05652831,0.152265,0.31728035,0.21560697,0.22485125,0.03346811
20001,2024-07-02,0,None,2,D1,4,D3,False,0.048259225,0.14117439,0.3212854,0.21966971,0.21531756,0.054293714
20001,2024-07-09,0,None,2,D1,4,D3,False,0.041172944,0.13137506,0.3089724,0.21216272,0.21388271,0.09243408
20001,2024-07-16,0,None,2,D1,4,D3,False,0.035906665,0.123261005,0.2941797,0.19766714,0.19208205,0.15690343
20001,2024-07-23,0,None,2,D1,4,D3,False,0.02827463,0.104397856,0.27331132,0.19227663,0.17388631,0.22785322
20001,2024-07-30,1,D0,5,D4,4,D3,False,0.023395242,0.09194236,0.24635667,0.18488905,0.1633046,0.29011217
20001,2024-08-06,1,D0,5,D4,4,D3,False,0.030062452,0.08294421,0.14490207,0.13541369,0.19814277,0.40853485
20001,2024-08-13,1,D0,5,D4,4,D3,False,0.027712695,0.05990889,0.08309963,0.10949733,0.25414124,0.46564025
20001,2024-08-20,1,D0,5,D4,4,D3,False,0.027676925,0.048635915,0.057825193,0.090914086,0.27750832,0.49743956
20001,2024-08-27,1,D0,5,D4,4,D3,False,0.027372377,0.041299272,0.045653317,0.08326876,0.2785405,0.5238658
20001,2024-09-03,1,D0,5,D4,4,D3,False,0.029441996,0.042725615,0.04448351,0.08536662,0.28032157,0.5176607
20001,2024-09-10,2,D1,5,D4,4,D3,False,0.026099645,0.03828961,0.04280114,0.09462834,0.29637662,0.5018047
20001,2024-09-17,2,D1,5,D4,4,D3,False,0.021970088,0.034229644,0.041188963,0.11047656,0.31876174,0.473373
20001,2024-09-24,1,D0,5,D4,4,D3,False,0.015132397,0.025094382,0.033893593,0.12253686,0.32771486,0.47562784
20001,2024-10-01,1,D0,5,D4,4,D3,False,0.011687155,0.019989492,0.028298901,0.1259525,0.32916126,0.4849107
20001,2024-10-08,2,D1,5,D4,4,D3,False,0.0058438433,0.014372665,0.026495496,0.14634073,0.30938303,0.4975642
20001,2024-10-15,2,D1,5,D4,4,D3,False,0.004982234,0.011778555,0.026050832,0.15512751,0.30613753,0.49592334
20001,2024-10-22,3,D2,5,D4,4,D3,False,0.0045230263,0.010496686,0.02745748,0.16550557,0.30156118,0.4904561
20001,2024-10-29,3,D2,5,D4,4,D3,False,0.0042493884,0.010143838,0.030070284,0.1730869,0.30016777,0.48228174
20001,2024-11-05,2,D1,5,D4,4,D3,False,0.0050960165,0.012702041,0.036667027,0.17743221,0.2994716,0.46863103
20001,2024-11-12,1,D0,5,D4,4,D3,False,0.013248908,0.028988594,0.06881761,0.1798551,0.2996027,0.40948707
20001,2024-11-19,1,D0,5,D4,4,D3,False,0.024143225,0.048620757,0.10072672,0.16392495,0.31472734,0.34785697
20001,2024-11-26,1,D0,4,D3,4,D3,False,0.039224118,0.08218371,0.15586862,0.16220282,0.35482302,0.20569767
20001,2024-12-03,1,D0,4,D3,4,D3,False,0.047939457,0.10744474,0.19707958,0.1470471,0.38021916,0.12026996
20001,2024-12-10,1,D0,4,D3,4,D3,False,0.053698067,0.123189405,0.22040011,0.13991624,0.38663095,0.076165274
20001,2024-12-17,1,D0,4,D3,4,D3,False,0.0465894,0.12916173,0.22974874,0.14490494,0.38894987,0.06064531
20001,2024-12-24,1,D0,4,D3,4,D3,False,0.060391203,0.14430046,0.24570769,0.13110855,0.3851516,0.033340484
20001,2024-12-31,1,D0,4,D3,4,D3,False,0.06933704,0.15980314,0.2594543,0.12409119,0.37179598,0.015518437
20001,2025-01-07,1,D0,4,D3,4,D3,False,0.07765001,0.16904801,0.26856658,0.121095605,0.3544239,0.0092158625
20001,2025-01-14,1,D0,4,D3,4,D3,False,0.06684932,0.17983231,0.2735944,0.12512268,0.3476377,0.0069635524
20001,2025-01-21,1,D0,4,D3,4,D3,False,0.06293339,0.18609816,0.2767876,0.12643395,0.34115952,0.006587348
20001,2025-01-28,1,D0,4,D3,4,D3,False,0.05786495,0.19117358,0.2835073,0.12558931,0.33621427,0.005650639
20001,2025-02-04,1,D0,4,D3,4,D3,False,0.05446325,0.20078671,0.29146725,0.124050036,0.32560328,0.0036294789
20001,2025-02-11,1,D0,4,D3,4,D3,False,0.039654307,0.20528622,0.3020534,0.13354404,0.31658316,0.0028789889
20001,2025-02-18,1,D0,4,D3,4,D3,False,0.034054976,0.20267172,0.3065033,0.13770482,0.31627393,0.0027911859
20001,2025-02-25,1,D0,2,D1,4,D3,False,0.03261794,0.20985508,0.31674632,0.1372756,0.30167046,0.0018345496
20001,2025-03-04,1,D0,2,D1,4,D3,False,0.028631458,0.21065237,0.31874895,0.14468808,0.29510075,0.0021784208
20001,2025-03-11,0,None,2,D1,4,D3,False,0.023139924,0.20493329,0.31546757,0.16119981,0.29170722,0.0035522524
20001,2025-03-18,0,None,2,D1,4,D3,False,0.014947843,0.18596119,0.31884068,0.1800252,0.29460058,0.005624446
20001,2025-03-25,0,None,2,D1,4,D3,False,0.012927134,0.17566875,0.3214552,0.19229555,0.29045033,0.0072030206
20001,2025-04-01,0,None,2,D1,4,D3,False,0.014326907,0.1819103,0.33062917,0.1959079,0.2707705,0.0064552706
20001,2025-04-08,0,None,2,D1,4,D3,False,0.016485756,0.18794623,0.33071035,0.20130342,0.25635982,0.007194421
20001,2025-04-15,0,None,2,D1,4,D3,False,0.01973281,0.18405414,0.3244973,0.2048184,0.254294,0.012603311
20001,2025-04-22,0,None,2,D1,4,D3,False,0.022177208,0.1728626,0.31193838,0.2065889,0.26265177,0.02378123
20001,2025-04-29,0,None,2,D1,4,D3,False,0.037343726,0.18850693,0.3104739,0.19724195,0.24547862,0.020954939
20001,2025-05-06,0,None,2,D1,4,D3,False,0.04038159,0.18589643,0.30739218,0.19635618,0.24472198,0.025251733
20001,2025-05-13,0,None,2,D1,4,D3,False,0.05226122,0.18859279,0.30015218,0.1892019,0.2386838,0.031108106
20001,2025-05-20,0,None,2,D1,4,D3,False,0.096829854,0.21060953,0.29866937,0.17146128,0.20854373,0.013886258
20001,2025-05-27,0,None,2,D1,4,D3,False,0.15185563,0.2284643,0.29965296,0.1519372,0.16164657,0.006443307
20001,2025-06-03,0,None,2,D1,4,D3,False,0.15383187,0.22064365,0.2976553,0.15466958,0.16419487,0.009004714
20001,2025-06-10,0,None,2,D1,4,D3,False,0.15377575,0.20927875,0.31316975,0.16044642,0.15555523,0.007774087
20001,2025-06-17,0,None,2,D1,0,None,True,0.19317445,0.21828,0.31427574,0.14035866,0.12528388,0.008627175
20001,2025-06-24,0,None,2,D1,0,None,True,0.20523949,0.2316862,0.323186,0.13006397,0.10405794,0.005766349
20001,2025-07-01,0,None,2,D1,0,None,True,0.23597355,0.2417568,0.31527326,0.11576442,0.08817939,0.003052529
20001,2025-07-08,0,None,2,D1,0,None,True,0.2087613,0.23900583,0.32208768,0.12706847,0.09854059,0.004536127
20001,2025-07-15,0,None,2,D1,0,None,True,0.23535493,0.24689287,0.29591265,0.11943117,0.09676913,0.005639233
20001,2025-07-22,0,None,0,None,0,None,True,0.27650023,0.25448108,0.27128127,0.11721309,0.07256035,0.007963973
20001,2025-07-29,0,None,0,None,0,None,True,0.33269212,0.25687492,0.23321334,0.094636895,0.060896076,0.021686621
20001,2025-08-05,0,None,0,None,0,None,True,0.2778002,0.25403336,0.21703878,0.08635727,0.07127234,0.09349807
20001,2025-08-12,0,None,5,D4,0,None,True,0.18302388,0.15262985,0.10999066,0.0660644,0.11355362,0.3747376
20001,2025-08-19,0,None,5,D4,5,D4,False,0.15807116,0.11779315,0.07071442,0.054113258,0.11145521,0.48785284
20001,2025-08-26,0,None,5,D4,5,D4,False,0.16457732,0.121577,0.06564547,0.054694876,0.114273906,0.4792315
20001,2025-09-02,0,None,5,D4,0,None,True,0.22356685,0.1535831,0.07492314,0.058021966,0.099927716,0.38997722
20001,2025-09-09,0,None,5,D4,0,None,True,0.2559208,0.1725786,0.08005582,0.059346803,0.09142923,0.3406688
20001,2025-09-16,1,D0,0,None,0,None,False,0.30831653,0.20065142,0.08608438,0.0603,0.07601391,0.26863378
20001,2025-09-23,1,D0,0,None,0,None,False,0.35189527,0.21906748,0.086790115,0.0631071,0.0648777,0.21426238
20001,2025-09-30,1,D0,0,None,0,None,False,0.3799496,0.23639047,0.08851061,0.06720326,0.057379406,0.17056654
20001,2025-10-07,1,D0,0,None,0,None,False,0.37034473,0.29418758,0.12067405,0.096109435,0.044775233,0.073909014
20001,2025-10-14,1,D0,0,None,0,None,False,0.36746845,0.34200314,0.13561624,0.11378083,0.024271414,0.016859967
20001,2025-10-21,1,D0,1,D0,0,None,False,0.3729328,0.3731789,0.15148605,0.08960134,0.0103750825,0.002425812
20001,2025-10-28,1,D0,1,D0,0,None,False,0.32800394,0.40006584,0.19071995,0.07515832,0.005676984,0.00037492902
20001,2025-11-04,1,D0,1,D0,0,None,False,0.29277754,0.40290236,0.20419012,0.0927368,0.0070735943,0.00031958256
20001,2025-11-11,2,D1,1,D0,0,None,False,0.2667701,0.39990026,0.19589774,0.12608108,0.010824891,0.0005259154
20001,2025-11-18,2,D1,1,D0,0,None,False,0.28766868,0.40332654,0.18236227,0.117654055,0.008742328,0.00024615525
20001,2025-11-25,2,D1,1,D0,0,None,False,0.28197846,0.39660826,0.17423254,0.1362214,0.0107671395,0.00019226069
20001,2025-12-02,2,D1,1,D0,0,None,False,0.29178548,0.39229313,0.17498277,0.13134114,0.0095321555,6.52483e-05
20001,2025-12-09,2,D1,1,D0,0,None,False,0.22569016,0.3947413,0.19508815,0.17159158,0.01283061,5.8165755e-05
20001,2025-12-16,2,D1,1,D0,0,None,False,0.27937388,0.38736272,0.18882625,0.13433501,0.010081491,2.0644175e-05
20001,2025-12-23,2,D1,1,D0,0,None,False,0.21219265,0.39756095,0.204501,0.17296949,0.01275467,2.1143356e-05
20001,2025-12-30,2,D1,1,D0,0,None,False,0.17215541,0.40083432,0.21362218,0.1966613,0.016700383,2.6416676e-05
20003,2022-01-04,0,None,1,D0,2,D1,False,0.06171479,0.32528162,0.25632498,0.24909037,0.10289962,0.0046886243
20003,2022-01-11,0,None,1,D0,3,D2,False,0.054051228,0.32100716,0.25149396,0.25290075,0.115203224,0.0053436994
20003,2022-01-18,0,None,1,D0,4,D3,False,0.04375985,0.30923012,0.25093034,0.2521218,0.13733117,0.0066267056
20003,2022-01-25,0,None,1,D0,4,D3,False,0.03672972,0.3044396,0.259039,0.24170868,0.15128858,0.006794417
20003,2022-02-01,0,None,1,D0,4,D3,False,0.029016966,0.2906035,0.27522957,0.22574311,0.17283235,0.006574529
20003,2022-02-08,0,None,2,D1,4,D3,False,0.023486745,0.27400023,0.29080465,0.21263702,0.19267885,0.006392457
20003,2022-02-15,0,None,2,D1,4,D3,False,0.019891758,0.2558538,0.3031212,0.20276971,0.21043861,0.007924956
20003,2022-02-22,0,None,2,D1,4,D3,False,0.017641162,0.24399117,0.30719292,0.19994392,0.2216554,0.00957548
20003,2022-03-01,1,D0,2,D1,4,D3,False,0.017869283,0.22250997,0.29913676,0.19963633,0.23806539,0.022782242
20003,2022-03-08,1,D0,2,D1,4,D3,False,0.018517945,0.1995779,0.28769806,0.19901647,0.25168976,0.043499846
20003,2022-03-15,1,D0,2,D1,4,D3,False,0.018545747,0.18020412,0.28251892,0.20539667,0.2665869,0.04674763
20003,2022-03-22,0,None,2,D1,4,D3,False,0.015536721,0.16154991,0.28032616,0.21446554,0.27487603,0.053245652
20003,2022-03-29,0,None,4,D3,4,D3,False,0.01379514,0.12675072,0.25364053,0.21618423,0.29040727,0.099222064
20003,2022-04-05,0,None,4,D3,4,D3,False,0.008341994,0.09178996,0.23459399,0.22887273,0.30457237,0.131829
20003,2022-04-12,0,None,4,D3,4,D3,False,0.0058923215,0.06825781,0.20942843,0.22810829,0.30948877,0.17882432
20003,2022-04-19,0,None,4,D3,4,D3,False,0.0040678373,0.04871401,0.17490049,0.21893188,0.29896384,0.25442195
20003,2022-04-26,0,None,5,D4,4,D3,False,0.0036582784,0.037854075,0.14551185,0.20096613,0.28141788,0.33059174
20003,2022-05-03,0,None,5,D4,4,D3,False,0.0035181704,0.03551846,0.14279649,0.20046282,0.28005815,0.33764595
20003,2022-05-10,0,None,5,D4,4,D3,False,0.004739675,0.04347411,0.15625945,0.19796263,0.27669775,0.32086647
20003,2022-05-17,0,None,5,D4,4,D3,False,0.008167286,0.05540977,0.16748963,0.18892045,0.26826143,0.31175143
20003,2022-05-24,0,None,4,D3,4,D3,False,0.018947303,0.09069582,0.23042294,0.1958515,0.2962964,0.16778597
20003,2022-05-31,0,None,4,D3,4,D3,False,0.03285546,0.11557019,0.28721547,0.21236193,0.3004291,0.051567845
20003,2022-06-07,0,None,2,D1,4,D3,False,0.030705366,0.121174,0.32857147,0.2322871,0.26949897,0.017763043
20003,2022-06-14,0,None,2,D1,4,D3,False,0.03358504,0.12591586,0.32381997,0.23309216,0.23795965,0.045627303
20003,2022-06-21,0,None,2,D1,4,D3,False,0.030342788,0.11279062,0.35438544,0.25121188,0.2003126,0.05095669
20003,2022-06-28,0,None,2,D1,4,D3,False,0.034588914,0.10992844,0.34537446,0.2546436,0.17451224,0.080952294
20003,2022-07-05,0,None,2,D1,2,D1,False,0.036637336,0.115806274,0.3791731,0.2599218,0.13699943,0.071462065
20003,2022-07-12,0,None,2,D1,2,D1,False,0.03243281,0.11902598,0.39883772,0.25458968,0.10416189,0.090951905
20003,2022-07-19,1,D0,2,D1,2,D1,False,0.025832666,0.10500236,0.4242925,0.28426367,0.08894447,0.07166433
20003,2022-07-26,1,D0,2,D1,2,D1,False,0.025675971,0.1055557,0.45336348,0.2818718,0.07331038,0.060222626
20003,2022-08-02,1,D0,2,D1,2,D1,False,0.030532056,0.12050312,0.4596501,0.2601347,0.067224346,0.06195565
20003,2022-08-09,2,D1,2,D1,2,D1,True,0.033479907,0.1337543,0.44983068,0.24782252,0.064867795,0.07024485
20003,2022-08-16,2,D1,2,D1,2,D1,True,0.03591085,0.13959284,0.43775764,0.24074654,0.06467716,0.081315026
20003,2022-08-23,2,D1,2,D1,2,D1,True,0.038080208,0.13477178,0.42511392,0.23760399,0.06869928,0.095730804
20003,2022-08-30,1,D0,2,D1,2,D1,False,0.044653606,0.14380817,0.39950737,0.22407708,0.07387555,0.11407817
20003,2022-09-06,1,D0,5,D4,4,D3,False,0.044466015,0.102849685,0.19968858,0.16504748,0.15342428,0.334524
20003,2022-09-13,1,D0,5,D4,4,D3,False,0.03291975,0.066734806,0.10864724,0.14583628,0.23774253,0.40811938
20003,2022-09-20,2,D1,5,D4,4,D3,False,0.020572823,0.052779842,0.11306298,0.17652363,0.20979008,0.42727065
20003,2022-09-27,2,D1,5,D4,4,D3,False,0.015265433,0.03570189,0.0707192,0.1681815,0.26524547,0.44488654
20003,2022-10-04,3,D2,5,D4,4,D3,False,0.009866336,0.025050463,0.05710942,0.17047371,0.2683296,0.46917045
20003,2022-10-11,3,D2,5,D4,4,D3,False,0.008077225,0.018130204,0.0412044,0.17078725,0.28967002,0.47213086
20003,2022-10-18,3,D2,5,D4,4,D3,False,0.0070694787,0.016029779,0.043692667,0.1748272,0.28941196,0.46896896
20003,2022-10-25,3,D2,5,D4,4,D3,False,0.0073570777,0.014107116,0.03733984,0.17304578,0.30071634,0.4674339
20003,2022-11-01,3,D2,5,D4,4,D3,False,0.0076762373,0.015068799,0.041426856,0.17574629,0.30159903,0.45848277
20003,2022-11-08,2,D1,5,D4,4,D3,False,0.0092512565,0.018644786,0.047700364,0.17535393,0.3034644,0.44558522
20003,2022-11-15,2,D1,5,D4,4,D3,False,0.010091794,0.02198349,0.057346005,0.17890234,0.29824883,0.43342754
20003,2022-11-22,2,D1,5,D4,4,D3,False,0.010851009,0.024441782,0.06181244,0.17933089,0.29697803,0.42658582
20003,2022-11-29,2,D1,5,D4,4,D3,False,0.010966407,0.027383214,0.06918119,0.18195519,0.29972345,0.41079056
20003,2022-12-06,2,D1,5,D4,4,D3,False,0.0113004,0.031935964,0.07980986,0.18331671,0.30186123,0.39177582
20003,2022-12-13,2,D1,5,D4,4,D3,False,0.011036959,0.033910353,0.08613585,0.18482757,0.30347034,0.38061896
20003,2022-12-20,2,D1,5,D4,4,D3,False,0.012964164,0.046576332,0.112666205,0.18480366,0.31824118,0.3247485
20003,2022-12-27,2,D1,4,D3,4,D3,False,0.018657336,0.07147796,0.16311197,0.18425068,0.36273143,0.19977066
20003,2023-01-03,2,D1,4,D3,4,D3,False,0.027028492,0.1152638,0.23161641,0.1765433,0.38920513,0.06034294
20003,2023-01-10,2,D1,4,D3,4,D3,False,0.028747326,0.14305922,0.26002488,0.16911983,0.3750755,0.023973344
20003,2023-01-17,2,D1,4,D3,4,D3,False,0.034049604,0.16204253,0.27777433,0.15309434,0.36205053,0.010988662
20003,2023-01-24,2,D1,4,D3,4,D3,False,0.04678871,0.18515636,0.291845,0.13388278,0.33848435,0.003842818
20003,2023-01-31,2,D1,4,D3,4,D3,False,0.06262547,0.20831156,0.2994818,0.121988125,0.30617476,0.0014183869
20003,2023-02-07,2,D1,4,D3,4,D3,False,0.05257178,0.21391109,0.30042568,0.12869664,0.30292,0.0014747683
20003,2023-02-14,1,D0,2,D1,4,D3,False,0.04802812,0.21936508,0.30691773,0.1318096,0.29264283,0.0012366938
20003,2023-02-21,1,D0,2,D1,4,D3,False,0.049641725,0.22109742,0.3095241,0.13000545,0.28859386,0.001137513
20003,2023-02-28,1,D0,2,D1,4,D3,False,0.038682695,0.2169372,0.3151952,0.13874117,0.2890909,0.0013527691
20003,2023-03-07,1,D0,2,D1,4,D3,False,0.032937475,0.20840701,0.31902063,0.142124,0.29583642,0.0016745282
20003,2023-03-14,0,None,2,D1,4,D3,False,0.032502547,0.21167545,0.32466358,0.14402024,0.28559935,0.0015388138
20003,2023-03-21,0,None,2,D1,4,D3,False,0.031209148,0.21036983,0.32695296,0.14697042,0.2828102,0.0016874044
20003,2023-03-28,0,None,2,D1,4,D3,False,0.019702988,0.19836245,0.33320192,0.16501497,0.2812961,0.002421579
20003,2023-04-04,0,None,2,D1,4,D3,False,0.015401805,0.18431124,0.33034307,0.18081234,0.2845726,0.00455889
20003,2023-04-11,0,None,2,D1,4,D3,False,0.012066101,0.16220096,0.3236271,0.20821251,0.284283,0.009610256
20003,2023-04-18,0,None,2,D1,4,D3,False,0.012419787,0.14968976,0.31085986,0.21831407,0.28947416,0.019242436
20003,2023-04-25,1,D0,4,D3,4,D3,False,0.010439775,0.12183748,0.29030827,0.22663508,0.3056896,0.04508979
20003,2023-05-02,1,D0,4,D3,4,D3,False,0.007870328,0.08975001,0.25531226,0.23141102,0.31844857,0.09720774
20003,2023-05-09,2,D1,4,D3,4,D3,False,0.0066785375,0.07426,0.2330779,0.23050539,0.32148632,0.13399188
20003,2023-05-16,2,D1,4,D3,4,D3,False,0.008090212,0.07051825,0.21506093,0.21663663,0.30815935,0.18153456
20003,2023-05-23,2,D1,4,D3,4,D3,False,0.015441882,0.090446375,0.2397147,0.20971051,0.30452666,0.14015985
20003,2023-05-30,2,D1,4,D3,4,D3,False,0.025010068,0.12022793,0.2830192,0.21092597,0.30205554,0.05876133
20003,2023-06-06,1,D0,2,D1,4,D3,False,0.036405288,0.13613468,0.32684976,0.21661177,0.2731369,0.010861656
20003,2023-06-13,1,D0,2,D1,4,D3,False,0.037160695,0.13905752,0.34251568,0.2187309,0.2549865,0.007548775
20003,2023-06-20,2,D1,2,D1,4,D3,False,0.040468547,0.14945439,0.36686715,0.2220549,0.21723366,0.0039213505
20003,2023-06-27,2,D1,2,D1,4,D3,False,0.033575308,0.14315546,0.39096764,0.2340914,0.1958156,0.0023946005
20003,2023-07-04,3,D2,2,D1,4,D3,False,0.033936214,0.13506965,0.3973653,0.24074829,0.18820558,0.0046749287
20003,2023-07-11,3,D2,2,D1,4,D3,False,0.035203896,0.13103083,0.3733056,0.22844717,0.20943324,0.02257925
20003,2023-07-18,3,D2,2,D1,4,D3,False,0.03947163,0.13579097,0.349944,0.2138572,0.20841782,0.05251843
20003,2023-07-25,3,D2,5,D4,4,D3,False,0.04176424,0.11255077,0.18872164,0.15247147,0.2516035,0.25288835
20003,2023-08-01,3,D2,5,D4,4,D3,False,0.0338515,0.0757168,0.10159161,0.10813276,0.26809698,0.41261035
20003,2023-08-08,3,D2,5,D4,4,D3,False,0.0314739,0.055648282,0.066429764,0.085149705,0.26501986,0.4962784
20003,2023-08-15,3,D2,5,D4,4,D3,False,0.030702747,0.04584828,0.05037161,0.07651269,0.2646987,0.53186595
20003,2023-08-22,3,D2,5,D4,4,D3,False,0.032962877,0.045620468,0.04486468,0.07150761,0.2583275,0.5467169
20003,2023-08-29,3,D2,5,D4,4,D3,False,0.03491702,0.045592874,0.04359967,0.0710769,0.25877684,0.54603666
20003,2023-09-05,3,D2,5,D4,4,D3,False,0.042272333,0.054693673,0.04914713,0.07125662,0.24916093,0.5334693
20003,2023-09-12,3,D2,5,D4,4,D3,False,0.050967332,0.06662267,0.05883317,0.07683759,0.24683692,0.4999024
20003,2023-09-19,4,D3,5,D4,4,D3,True,0.049114257,0.06394284,0.054346126,0.07686277,0.26448953,0.4912445
20003,2023-09-26,4,D3,5,D4,4,D3,True,0.04924011,0.06811,0.059454557,0.09374875,0.29814267,0.43130395
20003,2023-10-03,4,D3,5,D4,4,D3,True,0.047572274,0.06951979,0.06373124,0.10952705,0.3222752,0.38737446
20003,2023-10-10,4,D3,5,D4,4,D3,True,0.050272238,0.075039454,0.07298781,0.12629838,0.3262197,0.3491823
20003,2023-10-17,4,D3,5,D4,4,D3,True,0.03493411,0.0663776,0.075099856,0.15626618,0.3231894,0.34413278
20003,2023-10-24,4,D3,5,D4,4,D3,True,0.027050434,0.068912484,0.08802908,0.17229983,0.3015971,0.34211114
20003,2023-10-31,3,D2,5,D4,4,D3,False,0.028184121,0.07896411,0.10713663,0.18907368,0.29167134,0.3049702
20003,2023-11-07,3,D2,4,D3,4,D3,False,0.032760818,0.10110872,0.13364454,0.2019874,0.2708623,0.2596362
20003,2023-11-14,3,D2,4,D3,4,D3,False,0.0353645,0.11492268,0.15089853,0.20628414,0.2620424,0.23048773
20003,2023-11-21,3,D2,4,D3,4,D3,False,0.0384696,0.14370042,0.17437759,0.21157049,0.26483727,0.16704457
20003,2023-11-28,3,D2,4,D3,4,D3,False,0.038634848,0.15946296,0.18994342,0.21138124,0.2725971,0.12798046
20003,2023-12-05,2,D1,4,D3,4,D3,False,0.035979267,0.16692132,0.19991878,0.21175654,0.2788683,0.10655574
20003,2023-12-12,2,D1,4,D3,4,D3,False,0.036877096,0.18148355,0.21969055,0.20271952,0.28984237,0.06938692
20003,2023-12-19,2,D1,4,D3,4,D3,False,0.045606516,0.1987048,0.24663305,0.18150543,0.3032539,0.024296269
20003,2023-12-26,2,D1,4,D3,4,D3,False,0.061068654,0.21725602,0.26727608,0.16513552,0.28267366,0.006590042
20003,2024-01-02,2,D1,2,D1,4,D3,False,0.07037276,0.22795364,0.27568588,0.15608902,0.26664698,0.0032516979
20003,2024-01-09,2,D1,2,D1,4,D3,False,0.11334586,0.2554585,0.27712715,0.13867794,0.21419999,0.0011906126
20003,2024-01-16,2,D1,2,D1,4,D3,False,0.13575575,0.2725045,0.27676427,0.13001764,0.18436435,0.0005935227
20003,2024-01-23,2,D1,2,D1,4,D3,False,0.12939769,0.2771965,0.28100118,0.12870792,0.18323568,0.0004610317
20003,2024-01-30,2,D1,1,D0,4,D3,False,0.15738003,0.2886542,0.27048534,0.12325053,0.15997471,0.00025513818
20003,2024-02-06,2,D1,1,D0,0,None,False,0.19975922,0.30053177,0.25179753,0.114455864,0.13330871,0.00014680429
20003,2024-02-13,1,D0,1,D0,0,None,False,0.20205902,0.30091503,0.25077382,0.115170054,0.130944,0.00013814066
20003,2024-02-20,1,D0,1,D0,0,None,False,0.16571294,0.30589646,0.26381883,0.12399119,0.14045164,0.00012892735
20003,2024-02-27,1,D0,1,D0,0,None,False,0.1892027,0.30475655,0.26221275,0.12053373,0.12319011,0.00010420451
20003,2024-03-05,1,D0,1,D0,0,None,False,0.16667898,0.31203225,0.27789265,0.12833841,0.11495814,9.955669e-05
20003,2024-03-12,1,D0,1,D0,0,None,False,0.1648819,0.31975174,0.28590485,0.12913516,0.10023776,8.8623776e-05
20003,2024-03-19,1,D0,1,D0,0,None,False,0.1668893,0.32812503,0.29559758,0.12411316,0.08520616,6.878913e-05
20003,2024-03-26,1,D0,1,D0,0,None,False,0.15240358,0.3235751,0.31057367,0.12448838,0.08887229,8.6962275e-05
20003,2024-04-02,1,D0,2,D1,2,D1,False,0.10307061,0.3052541,0.3478985,0.14067158,0.102961145,0.00014402495
20003,2024-04-09,1,D0,2,D1,2,D1,False,0.04820237,0.25950933,0.37412006,0.17032167,0.14735216,0.000494366
20003,2024-04-16,2,D1,2,D1,2,D1,True,0.028101807,0.22923616,0.38080072,0.19214787,0.16843702,0.0012764194
20003,2024-04-23,2,D1,2,D1,4,D3,False,0.025747797,0.21081649,0.36316112,0.1983939,0.19866292,0.0032177845
20003,2024-04-30,0,None,2,D1,4,D3,False,0.030505868,0.19939055,0.33777955,0.19990523,0.22529075,0.0071280086
20003,2024-05-07,0,None,2,D1,4,D3,False,0.03702262,0.19708031,0.3290669,0.19734186,0.22927417,0.010214149
20003,2024-05-14,0,None,2,D1,4,D3,False,0.048731446,0.19792566,0.31834278,0.19022214,0.22945562,0.015322338
20003,2024-05-21,0,None,2,D1,4,D3,False,0.071799465,0.20586774,0.31753737,0.1800406,0.21399899,0.010755891
20003,2024-05-28,0,None,2,D1,4,D3,False,0.082413234,0.19753088,0.3100256,0.18269995,0.21148859,0.015841683
20003,2024-06-04,0,None,2,D1,4,D3,False,0.06149049,0.18111843,0.32494423,0.19859347,0.22216585,0.01168759
20003,2024-06-11,0,None,2,D1,4,D3,False,0.054608688,0.17657523,0.33450997,0.20578995,0.22046918,0.00804701
20003,2024-06-18,0,None,2,D1,4,D3,False,0.055391617,0.164275,0.32197532,0.21383484,0.22652172,0.018001506
20003,2024-06-25,0,None,2,D1,4,D3,False,0.05652831,0.152265,0.31728035,0.21560697,0.22485125,0.03346811
20003,2024-07-02,0,None,2,D1,4,D3,False,0.048259225,0.14117439,0.3212854,0.21966971,0.21531756,0.054293714
20003,2024-07-09,0,None,2,D1,4,D3,False,0.041172944,0.13137506,0.3089724,0.21216272,0.21388271,0.09243408
20003,2024-07-16,0,None,2,D1,4,D3,False,0.035906665,0.123261005,0.2941797,0.19766714,0.19208205,0.15690343
20003,2024-07-23,0,None,2,D1,4,D3,False,0.02827463,0.104397856,0.27331132,0.19227663,0.17388631,0.22785322
20003,2024-07-30,1,D0,5,D4,4,D3,False,0.023395242,0.09194236,0.24635667,0.18488905,0.1633046,0.29011217
20003,2024-08-06,1,D0,5,D4,4,D3,False,0.030062452,0.08294421,0.14490207,0.13541369,0.19814277,0.40853485
20003,2024-08-13,1,D0,5,D4,4,D3,False,0.027712695,0.05990889,0.08309963,0.10949733,0.25414124,0.46564025
20003,2024-08-20,1,D0,5,D4,4,D3,False,0.027676925,0.048635915,0.057825193,0.090914086,0.27750832,0.49743956
20003,2024-08-27,1,D0,5,D4,4,D3,False,0.027372377,0.041299272,0.045653317,0.08326876,0.2785405,0.5238658
20003,2024-09-03,1,D0,5,D4,4,D3,False,0.029441996,0.042725615,0.04448351,0.08536662,0.28032157,0.5176607
20003,2024-09-10,1,D0,5,D4,4,D3,False,0.026099645,0.03828961,0.04280114,0.09462834,0.29637662,0.5018047
20003,2024-09-17,1,D0,5,D4,4,D3,False,0.021970097,0.034229647,0.041188966,0.110476516,0.31876165,0.47337306
20003,2024-09-24,1,D0,5,D4,4,D3,False,0.015132397,0.025094377,0.03389358,0.12253686,0.32771495,0.47562784
20003,2024-10-01,1,D0,5,D4,4,D3,False,0.011687155,0.019989492,0.028298901,0.1259525,0.32916126,0.4849107
20003,2024-10-08,1,D0,5,D4,4,D3,False,0.0058438433,0.014372665,0.026495496,0.14634073,0.30938303,0.4975642
20003,2024-10-15,1,D0,5,D4,4,D3,False,0.004982234,0.011778555,0.026050832,0.15512751,0.30613753,0.49592334
20003,2024-10-22,2,D1,5,D4,4,D3,False,0.0045230263,0.010496686,0.02745748,0.16550557,0.30156118,0.4904561
20003,2024-10-29,2,D1,5,D4,4,D3,False,0.0042493884,0.010143838,0.030070284,0.1730869,0.30016777,0.48228174
20003,2024-11-05,1,D0,5,D4,4,D3,False,0.0050960165,0.012702041,0.036667027,0.17743221,0.2994716,0.46863103
20003,2024-11-12,1,D0,5,D4,4,D3,False,0.013248908,0.028988594,0.06881761,0.1798551,0.2996027,0.40948707
20003,2024-11-19,1,D0,5,D4,4,D3,False,0.024143225,0.048620757,0.10072672,0.16392495,0.31472734,0.34785697
20003,2024-11-26,1,D0,4,D3,4,D3,False,0.039224118,0.08218371,0.15586862,0.16220282,0.35482302,0.20569767
20003,2024-12-03,1,D0,4,D3,4,D3,False,0.047939457,0.10744474,0.19707958,0.1470471,0.38021916,0.12026996
20003,2024-12-10,1,D0,4,D3,4,D3,False,0.053698067,0.123189405,0.22040011,0.13991624,0.38663095,0.076165274
20003,2024-12-17,1,D0,4,D3,4,D3,False,0.0465894,0.12916173,0.22974874,0.14490494,0.38894987,0.06064531
20003,2024-12-24,1,D0,4,D3,4,D3,False,0.060391203,0.14430046,0.24570769,0.13110855,0.3851516,0.033340484
20003,2024-12-31,1,D0,4,D3,4,D3,False,0.06933704,0.15980314,0.2594543,0.12409119,0.37179598,0.015518437
20003,2025-01-07,1,D0,4,D3,4,D3,False,0.07765001,0.16904801,0.26856658,0.121095605,0.3544239,0.0092158625
20003,2025-01-14,1,D0,4,D3,4,D3,False,0.06684932,0.17983231,0.2735944,0.1251227,0.3476377,0.0069635576
20003,2025-01-21,1,D0,4,D3,4,D3,False,0.06293338,0.18609816,0.27678758,0.12643394,0.34115952,0.0065873447
20003,2025-01-28,1,D0,4,D3,4,D3,False,0.05786495,0.19117358,0.2835073,0.12558931,0.33621427,0.005650639
20003,2025-02-04,1,D0,4,D3,4,D3,False,0.05446325,0.20078671,0.29146725,0.124050036,0.32560328,0.0036294789
20003,2025-02-11,1,D0,4,D3,4,D3,False,0.039654307,0.20528622,0.3020534,0.13354404,0.31658316,0.0028789889
20003,2025-02-18,1,D0,4,D3,4,D3,False,0.034054976,0.20267172,0.3065033,0.13770482,0.31627393,0.0027911859
20003,2025-02-25,1,D0,2,D1,4,D3,False,0.03261794,0.20985508,0.31674632,0.1372756,0.30167046,0.0018345496
20003,2025-03-04,1,D0,2,D1,4,D3,False,0.028631458,0.21065237,0.31874895,0.14468808,0.29510075,0.0021784208
20003,2025-03-11,1,D0,2,D1,4,D3,False,0.023139924,0.20493329,0.31546757,0.16119981,0.29170722,0.0035522524
20003,2025-03-18,1,D0,2,D1,4,D3,False,0.014947843,0.18596119,0.31884068,0.1800252,0.29460058,0.005624446
20003,2025-03-25,1,D0,2,D1,4,D3,False,0.012927134,0.17566875,0.3214552,0.19229555,0.29045033,0.0072030206
20003,2025-04-01,1,D0,2,D1,4,D3,False,0.014326907,0.1819103,0.33062917,0.1959079,0.2707705,0.0064552706
20003,2025-04-08,1,D0,2,D1,4,D3,False,0.016485756,0.18794623,0.33071035,0.20130342,0.25635982,0.007194421
20003,2025-04-15,1,D0,2,D1,4,D3,False,0.01973281,0.18405414,0.3244973,0.2048184,0.254294,0.012603311
20003,2025-04-22,0,None,2,D1,4,D3,False,0.022177208,0.1728626,0.31193838,0.2065889,0.26265177,0.02378123
20003,2025-04-29,0,None,2,D1,4,D3,False,0.037343714,0.18850693,0.3104739,0.19724196,0.24547864,0.020954948
20003,2025-05-06,0,None,2,D1,4,D3,False,0.0403816,0.18589643,0.30739218,0.19635616,0.24472198,0.02525173
20003,2025-05-13,0,None,2,D1,4,D3,False,0.05226122,0.18859279,0.30015218,0.1892019,0.2386838,0.031108106
20003,2025-05-20,0,None,2,D1,4,D3,False,0.096829854,0.21060953,0.29866937,0.17146128,0.20854373,0.013886258
20003,2025-05-27,0,None,2,D1,4,D3,False,0.15185563,0.2284643,0.29965296,0.1519372,0.16164657,0.006443307
20003,2025-06-03,0,None,2,D1,4,D3,False,0.15383187,0.22064365,0.2976553,0.15466958,0.16419487,0.009004714
20003,2025-06-10,0,None,2,D1,4,D3,False,0.15377575,0.20927875,0.31316975,0.16044642,0.15555523,0.007774087
20003,2025-06-17,0,None,2,D1,0,None,True,0.19317445,0.21828,0.31427574,0.14035866,0.12528388,0.008627175
20003,2025-06-24,0,None,2,D1,0,None,True,0.20523949,0.2316862,0.323186,0.13006397,0.10405794,0.005766349
20003,2025-07-01,0,None,2,D1,0,None,True,0.23597355,0.2417568,0.31527326,0.11576442,0.08817939,0.003052529
20003,2025-07-08,0,None,2,D1,0,None,True,0.2087613,0.23900583,0.32208768,0.12706847,0.09854059,0.004536127
20003,2025-07-15,0,None,2,D1,0,None,True,0.23535493,0.24689287,0.29591265,0.11943117,0.09676913,0.005639233
20003,2025-07-22,0,None,0,None,0,None,True,0.27650023,0.25448108,0.27128127,0.11721309,0.07256035,0.007963973
20003,2025-07-29,0,None,0,None,0,None,True,0.33269212,0.25687492,0.23321334,0.094636895,0.060896076,0.021686621
20003,2025-08-05,0,None,0,None,0,None,True,0.2778002,0.25403336,0.21703878,0.08635727,0.07127234,0.09349807
20003,2025-08-12,0,None,5,D4,0,None,True,0.18302388,0.15262985,0.10999066,0.0660644,0.11355362,0.3747376
20003,2025-08-19,0,None,5,D4,5,D4,False,0.15807116,0.11779315,0.07071442,0.054113258,0.11145521,0.48785284
20003,2025-08-26,0,None,5,D4,5,D4,False,0.16457742,0.12157707,0.06564549,0.054694884,0.11427386,0.4792312
20003,2025-09-02,0,None,5,D4,0,None,True,0.22356679,0.15358305,0.074923135,0.058021978,0.09992772,0.38997728
20003,2025-09-09,0,None,5,D4,0,None,True,0.2559208,0.1725786,0.08005582,0.059346803,0.09142923,0.3406688
20003,2025-09-16,1,D0,0,None,0,None,False,0.30831653,0.20065142,0.08608438,0.0603,0.07601391,0.26863378
20003,2025-09-23,0,None,0,None,0,None,True,0.35189527,0.21906748,0.086790115,0.0631071,0.0648777,0.21426238
20003,2025-09-30,0,None,0,None,0,None,True,0.3799496,0.23639047,0.08851061,0.06720326,0.057379406,0.17056654
20003,2025-10-07,0,None,0,None,0,None,True,0.37034473,0.29418758,0.12067405,0.096109435,0.044775233,0.073909014
20003,2025-10-14,1,D0,0,None,0,None,False,0.36746845,0.34200314,0.13561624,0.11378083,0.024271414,0.016859967
20003,2025-10-21,1,D0,1,D0,0,None,False,0.3729328,0.3731789,0.15148605,0.08960134,0.0103750825,0.002425812
20003,2025-10-28,1,D0,1,D0,0,None,False,0.32800394,0.40006584,0.19071995,0.07515832,0.005676984,0.00037492902
20003,2025-11-04,1,D0,1,D0,0,None,False,0.29277754,0.40290236,0.20419012,0.0927368,0.0070735943,0.00031958256
20003,2025-11-11,1,D0,1,D0,0,None,False,0.2667701,0.39990026,0.19589774,0.12608108,0.010824891,0.0005259154
20003,2025-11-18,1,D0,1,D0,0,None,False,0.28766868,0.40332654,0.18236227,0.117654055,0.008742328,0.00024615525
20003,2025-11-25,1,D0,1,D0,0,None,False,0.28197846,0.39660826,0.17423254,0.1362214,0.0107671395,0.00019226069
20003,2025-12-02,1,D0,1,D0,0,None,False,0.29178548,0.39229313,0.17498277,0.13134114,0.0095321555,6.52483e-05
20003,2025-12-09,1,D0,1,D0,0,None,False,0.22569022,0.39474124,0.19508816,0.17159158,0.0128306085,5.8165748e-05
20003,2025-12-16,1,D0,1,D0,0,None,False,0.27937385,0.38736266,0.18882631,0.134335,0.010081495,2.0644191e-05
20003,2025-12-23,1,D0,1,D0,0,None,False,0.21219265,0.39756095,0.204501,0.17296949,0.01275467,2.1143356e-05
20003,2025-12-30,1,D0,1,D0,0,None,False,0.17215541,0.40083432,0.21362218,0.1966613,0.016700383,2.6416676e-05
20005,2022-01-04,0,None,1,D0,2,D1,False,0.06171479,0.32528162,0.25632498,0.24909037,0.10289962,0.0046886243
20005,2022-01-11,0,None,1,D0,3,D2,False,0.054051228,0.32100716,0.25149396,0.25290075,0.115203224,0.0053436994
20005,2022-01-18,0,None,1,D0,4,D3,False,0.04375985,0.30923012,0.25093034,0.2521218,0.13733117,0.0066267056
20005,2022-01-25,0,None,1,D0,4,D3,False,0.03672972,0.3044396,0.259039,0.24170868,0.15128858,0.006794417
20005,2022-02-01,0,None,1,D0,4,D3,False,0.029016966,0.2906035,0.27522957,0.22574311,0.17283235,0.006574529
20005,2022-02-08,0,None,2,D1,4,D3,False,0.023486745,0.27400023,0.29080465,0.21263702,0.19267885,0.006392457
20005,2022-02-15,0,None,2,D1,4,D3,False,0.019891758,0.2558538,0.3031212,0.20276971,0.21043861,0.007924956
20005,2022-02-22,0,None,2,D1,4,D3,False,0.017641162,0.24399117,0.30719292,0.19994392,0.2216554,0.00957548
20005,2022-03-01,1,D0,2,D1,4,D3,False,0.017869283,0.22250997,0.29913676,0.19963633,0.23806539,0.022782242
20005,2022-03-08,1,D0,2,D1,4,D3,False,0.018517945,0.1995779,0.28769806,0.19901647,0.25168976,0.043499846
20005,2022-03-15,1,D0,2,D1,4,D3,False,0.018545747,0.18020412,0.28251892,0.20539667,0.2665869,0.04674763
20005,2022-03-22,1,D0,2,D1,4,D3,False,0.015536721,0.16154991,0.28032616,0.21446554,0.27487603,0.053245652
20005,2022-03-29,0,None,4,D3,4,D3,False,0.01379514,0.12675072,0.25364053,0.21618423,0.29040727,0.099222064
20005,2022-04-05,0,None,4,D3,4,D3,False,0.008341992,0.09178996,0.23459399,0.22887269,0.30457237,0.13182896
20005,2022-04-12,0,None,4,D3,4,D3,False,0.0058923215,0.0682578,0.20942841,0.22810829,0.30948877,0.17882441
20005,2022-04-19,0,None,4,D3,4,D3,False,0.0040678373,0.04871401,0.17490049,0.21893188,0.29896384,0.25442195
20005,2022-04-26,0,None,5,D4,4,D3,False,0.0036582784,0.037854075,0.14551185,0.20096613,0.28141788,0.33059174
20005,2022-05-03,0,None,5,D4,4,D3,False,0.0035181704,0.03551846,0.14279649,0.20046282,0.28005815,0.33764595
20005,2022-05-10,0,None,5,D4,4,D3,False,0.004739675,0.04347411,0.15625945,0.19796263,0.27669775,0.32086647
20005,2022-05-17,0,None,5,D4,4,D3,False,0.008167286,0.05540977,0.16748963,0.18892045,0.26826143,0.31175143
20005,2022-05-24,0,None,4,D3,4,D3,False,0.018947303,0.09069582,0.23042294,0.1958515,0.2962964,0.16778597
20005,2022-05-31,0,None,4,D3,4,D3,False,0.03285546,0.11557019,0.28721547,0.21236193,0.3004291,0.051567845
20005,2022-06-07,0,None,2,D1,4,D3,False,0.030705366,0.121174,0.32857147,0.2322871,0.26949897,0.017763043
20005,2022-06-14,0,None,2,D1,4,D3,False,0.03358504,0.12591586,0.32381997,0.23309216,0.23795965,0.045627303
20005,2022-06-21,0,None,2,D1,4,D3,False,0.030342788,0.11279062,0.35438544,0.25121188,0.2003126,0.05095669
20005,2022-06-28,0,None,2,D1,4,D3,False,0.034588914,0.10992844,0.34537446,0.2546436,0.17451224,0.080952294
20005,2022-07-05,0,None,2,D1,2,D1,False,0.036637336,0.115806274,0.3791731,0.2599218,0.13699943,0.071462065
20005,2022-07-12,0,None,2,D1,2,D1,False,0.03243281,0.11902598,0.39883772,0.25458968,0.10416189,0.090951905
20005,2022-07-19,0,None,2,D1,2,D1,False,0.025832668,0.10500236,0.42429253,0.2842637,0.088944465,0.07166433
20005,2022-07-26,0,None,2,D1,2,D1,False,0.025675984,0.10555572,0.45336348,0.2818718,0.07331038,0.060222585
20005,2022-08-02,0,None,2,D1,2,D1,False,0.030532056,0.12050312,0.4596501,0.2601347,0.067224346,0.06195565
20005,2022-08-09,0,None,2,D1,2,D1,False,0.033479907,0.1337543,0.44983068,0.24782252,0.064867795,0.07024485
20005,2022-08-16,0,None,2,D1,2,D1,False,0.03591085,0.13959284,0.43775764,0.24074654,0.06467716,0.081315026
20005,2022-08-23,0,None,2,D1,2,D1,False,0.038080208,0.13477178,0.42511392,0.23760399,0.06869928,0.095730804
20005,2022-08-30,0,None,2,D1,2,D1,False,0.044653606,0.14380817,0.39950737,0.22407708,0.07387555,0.11407817
20005,2022-09-06,1,D0,5,D4,4,D3,False,0.044466015,0.102849685,0.19968858,0.16504748,0.15342428,0.334524
20005,2022-09-13,1,D0,5,D4,4,D3,False,0.03291975,0.066734806,0.10864724,0.14583628,0.23774253,0.40811938
20005,2022-09-20,2,D1,5,D4,4,D3,False,0.020572823,0.052779842,0.11306298,0.17652363,0.20979008,0.42727065
20005,2022-09-27,2,D1,5,D4,4,D3,False,0.015265433,0.03570189,0.0707192,0.1681815,0.26524547,0.44488654
20005,2022-10-04,2,D1,5,D4,4,D3,False,0.009866336,0.025050463,0.05710942,0.17047371,0.2683296,0.46917045
20005,2022-10-11,2,D1,5,D4,4,D3,False,0.008077225,0.018130204,0.0412044,0.17078725,0.28967002,0.47213086
20005,2022-10-18,3,D2,5,D4,4,D3,False,0.0070694787,0.016029779,0.043692667,0.1748272,0.28941196,0.46896896
20005,2022-10-25,3,D2,5,D4,4,D3,False,0.0073570777,0.014107116,0.03733984,0.17304578,0.30071634,0.4674339
20005,2022-11-01,3,D2,5,D4,4,D3,False,0.0076762373,0.015068799,0.041426856,0.17574629,0.30159903,0.45848277
20005,2022-11-08,2,D1,5,D4,4,D3,False,0.0092512565,0.018644786,0.047700364,0.17535393,0.3034644,0.44558522
20005,2022-11-15,2,D1,5,D4,4,D3,False,0.010091794,0.021983484,0.057345994,0.17890234,0.29824886,0.43342754
20005,2022-11-22,2,D1,5,D4,4,D3,False,0.010851009,0.024441784,0.06181244,0.17933087,0.29697803,0.42658585
20005,2022-11-29,2,D1,5,D4,4,D3,False,0.010966407,0.027383214,0.06918119,0.18195519,0.29972345,0.41079056
20005,2022-12-06,2,D1,5,D4,4,D3,False,0.0113004,0.031935964,0.07980986,0.18331671,0.30186123,0.39177582
20005,2022-12-13,2,D1,5,D4,4,D3,False,0.011036959,0.033910353,0.08613585,0.18482757,0.30347034,0.38061896
20005,2022-12-20,2,D1,5,D4,4,D3,False,0.012964164,0.046576332,0.112666205,0.18480366,0.31824118,0.3247485
20005,2022-12-27,2,D1,4,D3,4,D3,False,0.018657336,0.07147796,0.16311197,0.18425068,0.36273143,0.19977066
20005,2023-01-03,2,D1,4,D3,4,D3,False,0.027028492,0.1152638,0.23161641,0.1765433,0.38920513,0.06034294
20005,2023-01-10,2,D1,4,D3,4,D3,False,0.028747326,0.14305922,0.26002488,0.16911983,0.3750755,0.023973344
20005,2023-01-17,2,D1,4,D3,4,D3,False,0.034049604,0.16204253,0.27777433,0.15309434,0.36205053,0.010988662
20005,2023-01-24,2,D1,4,D3,4,D3,False,0.04678871,0.18515636,0.291845,0.13388278,0.33848435,0.003842818
20005,2023-01-31,2,D1,4,D3,4,D3,False,0.06262547,0.20831156,0.2994818,0.121988125,0.30617476,0.0014183869
20005,2023-02-07,2,D1,4,D3,4,D3,False,0.05257178,0.21391109,0.30042568,0.12869664,0.30292,0.0014747683
20005,2023-02-14,1,D0,2,D1,4,D3,False,0.04802812,0.21936508,0.30691773,0.1318096,0.29264283,0.0012366938
20005,2023-02-21,0,None,2,D1,4,D3,False,0.049641725,0.22109742,0.3095241,0.13000545,0.28859386,0.001137513
20005,2023-02-28,0,None,2,D1,4,D3,False,0.0386827,0.21693721,0.31519523,0.1387412,0.28909087,0.0013527706
20005,2023-03-07,0,None,2,D1,4,D3,False,0.03293747,0.20840704,0.3190206,0.14212406,0.2958364,0.0016745296
20005,2023-03-14,0,None,2,D1,4,D3,False,0.032502547,0.21167545,0.32466358,0.14402024,0.28559935,0.0015388138
20005,2023-03-21,0,None,2,D1,4,D3,False,0.031209148,0.21036983,0.32695296,0.14697042,0.2828102,0.0016874044
20005,2023-03-28,0,None,2,D1,4,D3,False,0.019702988,0.19836245,0.33320192,0.16501497,0.2812961,0.002421579
20005,2023-04-04,0,None,2,D1,4,D3,False,0.015401805,0.18431124,0.33034307,0.18081234,0.2845726,0.00455889
20005,2023-04-11,0,None,2,D1,4,D3,False,0.012066101,0.16220096,0.3236271,0.20821251,0.284283,0.009610256
20005,2023-04-18,0,None,2,D1,4,D3,False,0.012419787,0.14968976,0.31085986,0.21831407,0.28947416,0.019242436
20005,2023-04-25,0,None,4,D3,4,D3,False,0.010439775,0.12183748,0.29030827,0.22663508,0.3056896,0.04508979
20005,2023-05-02,0,None,4,D3,4,D3,False,0.007870328,0.08975001,0.25531226,0.23141102,0.31844857,0.09720774
20005,2023-05-09,1,D0,4,D3,4,D3,False,0.0066785375,0.07426,0.2330779,0.23050539,0.32148632,0.13399188
20005,2023-05-16,0,None,4,D3,4,D3,False,0.008090212,0.07051825,0.21506093,0.21663663,0.30815935,0.18153456
20005,2023-05-23,0,None,4,D3,4,D3,False,0.015441882,0.090446375,0.2397147,0.20971051,0.30452666,0.14015985
20005,2023-05-30,1,D0,4,D3,4,D3,False,0.025010068,0.12022793,0.2830192,0.21092597,0.30205554,0.05876133
20005,2023-06-06,0,None,2,D1,4,D3,False,0.036405288,0.13613468,0.32684976,0.21661177,0.2731369,0.010861656
20005,2023-06-13,0,None,2,D1,4,D3,False,0.037160695,0.13905752,0.34251568,0.2187309,0.2549865,0.007548775
20005,2023-06-20,1,D0,2,D1,4,D3,False,0.040468547,0.14945439,0.36686715,0.2220549,0.21723366,0.0039213505
20005,2023-06-27,2,D1,2,D1,4,D3,False,0.033575315,0.14315546,0.39096764,0.2340914,0.19581561,0.0023946015
20005,2023-07-04,2,D1,2,D1,4,D3,False,0.033936206,0.13506967,0.39736533,0.24074829,0.18820557,0.0046749245
20005,2023-07-11,2,D1,2,D1,4,D3,False,0.035203896,0.13103083,0.3733056,0.22844717,0.20943324,0.02257925
20005,2023-07-18,2,D1,2,D1,4,D3,False,0.03947163,0.13579097,0.349944,0.2138572,0.20841782,0.05251843
20005,2023-07-25,2,D1,5,D4,4,D3,False,0.04176424,0.11255077,0.18872164,0.15247147,0.2516035,0.25288835
20005,2023-08-01,1,D0,5,D4,4,D3,False,0.0338515,0.0757168,0.10159161,0.10813276,0.26809698,0.41261035
20005,2023-08-08,1,D0,5,D4,4,D3,False,0.0314739,0.055648282,0.066429764,0.085149705,0.26501986,0.4962784
20005,2023-08-15,1,D0,5,D4,4,D3,False,0.030702747,0.04584828,0.05037161,0.07651269,0.2646987,0.53186595
20005,2023-08-22,1,D0,5,D4,4,D3,False,0.032962877,0.045620468,0.04486468,0.07150761,0.2583275,0.5467169
20005,2023-08-29,0,None,5,D4,4,D3,False,0.03491702,0.045592874,0.04359967,0.0710769,0.25877684,0.54603666
20005,2023-09-05,1,D0,5,D4,4,D3,False,0.042272333,0.054693673,0.04914713,0.07125662,0.24916093,0.5334693
20005,2023-09-12,1,D0,5,D4,4,D3,False,0.050967332,0.06662267,0.05883317,0.07683759,0.24683692,0.4999024
20005,2023-09-19,1,D0,5,D4,4,D3,False,0.049114257,0.06394284,0.054346126,0.07686277,0.26448953,0.4912445
20005,2023-09-26,1,D0,5,D4,4,D3,False,0.04924011,0.06811,0.059454557,0.09374875,0.29814267,0.43130395
20005,2023-10-03,2,D1,5,D4,4,D3,False,0.047572274,0.06951979,0.06373124,0.10952705,0.3222752,0.38737446
20005,2023-10-10,2,D1,5,D4,4,D3,False,0.050272238,0.07503947,0.07298782,0.12629838,0.3262197,0.3491823
20005,2023-10-17,2,D1,5,D4,4,D3,False,0.03493411,0.06637759,0.07509984,0.1562662,0.32318944,0.3441328
20005,2023-10-24,3,D2,5,D4,4,D3,False,0.027050434,0.068912484,0.08802908,0.17229983,0.3015971,0.34211114
20005,2023-10-31,2,D1,5,D4,4,D3,False,0.028184121,0.07896411,0.10713663,0.18907368,0.29167134,0.3049702
20005,2023-11-07,2,D1,4,D3,4,D3,False,0.032760818,0.10110872,0.13364454,0.2019874,0.2708623,0.2596362
20005,2023-11-14,3,D2,4,D3,4,D3,False,0.0353645,0.11492268,0.15089853,0.20628414,0.2620424,0.23048773
20005,2023-11-21,3,D2,4,D3,4,D3,False,0.0384696,0.14370042,0.17437759,0.21157049,0.26483727,0.16704457
20005,2023-11-28,3,D2,4,D3,4,D3,False,0.038634848,0.15946296,0.18994342,0.21138124,0.2725971,0.12798046
20005,2023-12-05,3,D2,4,D3,4,D3,False,0.035979267,0.16692132,0.19991878,0.21175654,0.2788683,0.10655574
20005,2023-12-12,3,D2,4,D3,4,D3,False,0.036877096,0.18148355,0.21969055,0.20271952,0.28984237,0.06938692
20005,2023-12-19,3,D2,4,D3,4,D3,False,0.045606516,0.1987048,0.24663305,0.18150543,0.3032539,0.024296269
20005,2023-12-26,2,D1,4,D3,4,D3,False,0.061068654,0.21725602,0.26727608,0.16513552,0.28267366,0.006590042
20005,2024-01-02,2,D1,2,D1,4,D3,False,0.07037276,0.22795364,0.27568588,0.15608902,0.26664698,0.0032516979
20005,2024-01-09,2,D1,2,D1,4,D3,False,0.11334586,0.2554585,0.27712715,0.13867794,0.21419999,0.0011906126
20005,2024-01-16,2,D1,2,D1,4,D3,False,0.13575575,0.2725045,0.27676427,0.13001764,0.18436435,0.0005935227
20005,2024-01-23,2,D1,2,D1,4,D3,False,0.12939769,0.2771965,0.28100118,0.12870792,0.18323568,0.0004610317
20005,2024-01-30,2,D1,1,D0,4,D3,False,0.15738003,0.2886542,0.27048534,0.12325053,0.15997471,0.00025513818
20005,2024-02-06,2,D1,1,D0,0,None,False,0.19975927,0.30053186,0.2517975,0.11445589,0.13330868,0.00014680433
20005,2024-02-13,2,D1,1,D0,0,None,False,0.20205902,0.30091503,0.25077382,0.115170054,0.13094397,0.00013814066
20005,2024-02-20,2,D1,1,D0,0,None,False,0.16571294,0.30589646,0.26381883,0.12399119,0.14045164,0.00012892735
20005,2024-02-27,2,D1,1,D0,0,None,False,0.1892027,0.30475655,0.26221275,0.12053373,0.12319011,0.00010420451
20005,2024-03-05,2,D1,1,D0,0,None,False,0.16667898,0.31203225,0.27789265,0.12833841,0.11495814,9.955669e-05
20005,2024-03-12,2,D1,1,D0,0,None,False,0.1648819,0.31975174,0.28590485,0.12913516,0.10023776,8.8623776e-05
20005,2024-03-19,2,D1,1,D0,0,None,False,0.1668893,0.32812503,0.29559758,0.12411316,0.08520616,6.878913e-05
20005,2024-03-26,2,D1,1,D0,0,None,False,0.15240358,0.3235751,0.31057367,0.12448838,0.08887229,8.6962275e-05
20005,2024-04-02,2,D1,2,D1,2,D1,True,0.10307061,0.3052541,0.3478985,0.14067158,0.102961145,0.00014402495
20005,2024-04-09,2,D1,2,D1,2,D1,True,0.04820237,0.25950933,0.37412006,0.17032167,0.14735216,0.000494366
20005,2024-04-16,2,D1,2,D1,2,D1,True,0.028101807,0.22923616,0.38080072,0.19214787,0.16843702,0.0012764194
20005,2024-04-23,1,D0,2,D1,4,D3,False,0.025747797,0.21081649,0.36316112,0.1983939,0.19866292,0.0032177845
20005,2024-04-30,1,D0,2,D1,4,D3,False,0.030505868,0.19939055,0.33777955,0.19990523,0.22529075,0.0071280086
20005,2024-05-07,1,D0,2,D1,4,D3,False,0.03702262,0.19708031,0.3290669,0.19734186,0.22927417,0.010214149
20005,2024-05-14,1,D0,2,D1,4,D3,False,0.048731446,0.19792566,0.31834278,0.19022214,0.22945562,0.015322338
20005,2024-05-21,0,None,2,D1,4,D3,False,0.07179947,0.20586774,0.3175373,0.18004058,0.21399902,0.010755907
20005,2024-05-28,0,None,2,D1,4,D3,False,0.08241322,0.19753088,0.3100256,0.18269995,0.2114886,0.015841683
20005,2024-06-04,0,None,2,D1,4,D3,False,0.06149049,0.18111843,0.32494423,0.19859347,0.22216585,0.01168759
20005,2024-06-11,0,None,2,D1,4,D3,False,0.054608688,0.17657523,0.33450997,0.20578995,0.22046918,0.00804701
20005,2024-06-18,0,None,2,D1,4,D3,False,0.055391617,0.164275,0.32197532,0.21383484,0.22652172,0.018001506
20005,2024-06-25,0,None,2,D1,4,D3,False,0.05652831,0.152265,0.31728035,0.21560697,0.22485125,0.03346811
20005,2024-07-02,0,None,2,D1,4,D3,False,0.048259225,0.14117439,0.3212854,0.21966971,0.21531756,0.054293714
20005,2024-07-09,0,None,2,D1,4,D3,False,0.041172944,0.13137506,0.3089724,0.21216272,0.21388271,0.09243408
20005,2024-07-16,0,None,2,D1,4,D3,False,0.035906665,0.123261005,0.2941797,0.19766714,0.19208205,0.15690343
20005,2024-07-23,0,None,2,D1,4,D3,False,0.02827463,0.104397856,0.27331132,0.19227663,0.17388631,0.22785322
20005,2024-07-30,0,None,5,D4,4,D3,False,0.023395242,0.09194236,0.24635667,0.18488905,0.1633046,0.29011217
20005,2024-08-06,0,None,5,D4,4,D3,False,0.030062452,0.08294421,0.14490207,0.13541369,0.19814277,0.40853485
20005,2024-08-13,0,None,5,D4,4,D3,False,0.027712695,0.05990889,0.08309963,0.10949733,0.25414124,0.46564025
20005,2024-08-20,1,D0,5,D4,4,D3,False,0.027676925,0.048635915,0.057825193,0.090914086,0.27750832,0.49743956
20005,2024-08-27,1,D0,5,D4,4,D3,False,0.027372377,0.041299272,0.045653317,0.08326876,0.2785405,0.5238658
20005,2024-09-03,1,D0,5,D4,4,D3,False,0.029441996,0.042725615,0.04448351,0.08536662,0.28032157,0.5176607
20005,2024-09-10,1,D0,5,D4,4,D3,False,0.026099645,0.03828961,0.04280114,0.09462834,0.29637662,0.5018047
20005,2024-09-17,1,D0,5,D4,4,D3,False,0.021970088,0.034229644,0.041188963,0.11047656,0.31876174,0.473373
20005,2024-09-24,1,D0,5,D4,4,D3,False,0.015132397,0.025094382,0.033893593,0.12253686,0.32771486,0.47562784
20005,2024-10-01,2,D1,5,D4,4,D3,False,0.011687155,0.019989492,0.028298901,0.1259525,0.32916126,0.4849107
20005,2024-10-08,2,D1,5,D4,4,D3,False,0.0058438433,0.014372665,0.026495496,0.14634073,0.30938303,0.4975642
20005,2024-10-15,3,D2,5,D4,4,D3,False,0.004982234,0.011778555,0.026050832,0.15512751,0.30613753,0.49592334
20005,2024-10-22,3,D2,5,D4,4,D3,False,0.0045230263,0.010496686,0.02745748,0.16550557,0.30156118,0.4904561
20005,2024-10-29,3,D2,5,D4,4,D3,False,0.0042493884,0.010143838,0.030070284,0.1730869,0.30016777,0.48228174
20005,2024-11-05,2,D1,5,D4,4,D3,False,0.0050960165,0.012702041,0.036667027,0.17743221,0.2994716,0.46863103
20005,2024-11-12,2,D1,5,D4,4,D3,False,0.013248908,0.028988594,0.06881761,0.1798551,0.2996027,0.40948707
20005,2024-11-19,2,D1,5,D4,4,D3,False,0.024143225,0.048620757,0.10072672,0.16392495,0.31472734,0.34785697
20005,2024-11-26,2,D1,4,D3,4,D3,False,0.039224118,0.08218371,0.15586862,0.16220282,0.35482302,0.20569767
20005,2024-12-03,2,D1,4,D3,4,D3,False,0.047939457,0.10744474,0.19707958,0.1470471,0.38021916,0.12026996
20005,2024-12-10,2,D1,4,D3,4,D3,False,0.053698067,0.123189405,0.22040011,0.13991624,0.38663095,0.076165274
20005,2024-12-17,2,D1,4,D3,4,D3,False,0.0465894,0.12916173,0.22974874,0.14490494,0.38894987,0.06064531
20005,2024-12-24,2,D1,4,D3,4,D3,False,0.060391203,0.14430046,0.24570769,0.13110855,0.3851516,0.033340484
20005,2024-12-31,2,D1,4,D3,4,D3,False,0.06933705,0.15980315,0.25945428,0.1240912,0.37179592,0.015518425
20005,2025-01-07,2,D1,4,D3,4,D3,False,0.07765002,0.16904804,0.26856664,0.12109563,0.35442388,0.009215864
20005,2025-01-14,2,D1,4,D3,4,D3,False,0.06684932,0.17983231,0.2735944,0.1251227,0.3476377,0.0069635576
20005,2025-01-21,2,D1,4,D3,4,D3,False,0.06293338,0.18609816,0.27678758,0.12643394,0.34115952,0.0065873447
20005,2025-01-28,2,D1,4,D3,4,D3,False,0.05786495,0.19117358,0.2835073,0.12558931,0.33621427,0.005650639
20005,2025-02-04,1,D0,4,D3,4,D3,False,0.05446325,0.20078671,0.29146725,0.124050036,0.32560328,0.0036294789
20005,2025-02-11,1,D0,4,D3,4,D3,False,0.039654307,0.20528622,0.3020534,0.13354404,0.31658316,0.0028789889
20005,2025-02-18,0,None,4,D3,4,D3,False,0.034054976,0.20267172,0.3065033,0.13770482,0.31627393,0.0027911859
20005,2025-02-25,0,None,2,D1,4,D3,False,0.03261794,0.20985508,0.31674632,0.1372756,0.30167046,0.0018345496
20005,2025-03-04,0,None,2,D1,4,D3,False,0.028631458,0.21065237,0.31874895,0.14468808,0.29510075,0.0021784208
20005,2025-03-11,0,None,2,D1,4,D3,False,0.023139924,0.20493329,0.31546757,0.16119981,0.29170722,0.0035522524
20005,2025-03-18,0,None,2,D1,4,D3,False,0.014947843,0.18596119,0.31884068,0.1800252,0.29460058,0.005624446
20005,2025-03-25,0,None,2,D1,4,D3,False,0.012927134,0.17566875,0.3214552,0.19229555,0.29045033,0.0072030206
20005,2025-04-01,1,D0,2,D1,4,D3,False,0.014326907,0.1819103,0.33062917,0.1959079,0.2707705,0.0064552706
20005,2025-04-08,0,None,2,D1,4,D3,False,0.016485756,0.18794623,0.33071035,0.20130342,0.25635982,0.007194421
20005,2025-04-15,0,None,2,D1,4,D3,False,0.01973281,0.18405414,0.3244973,0.2048184,0.254294,0.012603311
20005,2025-04-22,1,D0,2,D1,4,D3,False,0.022177208,0.1728626,0.31193838,0.2065889,0.26265177,0.02378123
20005,2025-04-29,1,D0,2,D1,4,D3,False,0.037343726,0.18850693,0.3104739,0.19724195,0.24547862,0.020954939
20005,2025-05-06,1,D0,2,D1,4,D3,False,0.04038159,0.18589643,0.30739218,0.19635618,0.24472198,0.025251733
20005,2025-05-13,2,D1,2,D1,4,D3,False,0.05226122,0.18859279,0.30015218,0.1892019,0.2386838,0.031108106
20005,2025-05-20,1,D0,2,D1,4,D3,False,0.096829854,0.21060953,0.29866937,0.17146128,0.20854373,0.013886258
20005,2025-05-27,1,D0,2,D1,4,D3,False,0.15185563,0.2284643,0.29965296,0.1519372,0.16164657,0.006443307
20005,2025-06-03,1,D0,2,D1,4,D3,False,0.15383187,0.22064365,0.2976553,0.15466958,0.16419487,0.009004714
20005,2025-06-10,1,D0,2,D1,4,D3,False,0.15377575,0.20927875,0.31316975,0.16044642,0.15555523,0.007774087
20005,2025-06-17,1,D0,2,D1,0,None,False,0.19317445,0.21828,0.31427574,0.14035866,0.12528388,0.008627175
20005,2025-06-24,1,D0,2,D1,0,None,False,0.20523949,0.2316862,0.323186,0.13006397,0.10405794,0.005766349
20005,2025-07-01,0,None,2,D1,0,None,True,0.23597355,0.2417568,0.31527326,0.11576442,0.08817939,0.003052529
20005,2025-07-08,0,None,2,D1,0,None,True,0.2087613,0.23900583,0.32208768,0.12706847,0.09854059,0.004536127
20005,2025-07-15,0,None,2,D1,0,None,True,0.23535493,0.24689287,0.29591265,0.11943117,0.09676913,0.005639233
20005,2025-07-22,0,None,0,None,0,None,True,0.27650023,0.25448108,0.27128127,0.11721309,0.07256035,0.007963973
20005,2025-07-29,0,None,0,None,0,None,True,0.33269212,0.25687492,0.23321334,0.094636895,0.060896076,0.021686621
20005,2025-08-05,0,None,0,None,0,None,True,0.2778002,0.25403336,0.21703878,0.08635727,0.07127234,0.09349807
20005,2025-08-12,0,None,5,D4,0,None,True,0.18302399,0.1526299,0.10999066,0.066064395,0.113553576,0.37473747
20005,2025-08-19,0,None,5,D4,5,D4,False,0.15807109,0.117793106,0.0707144,0.054113265,0.111455224,0.4878529
20005,2025-08-26,1,D0,5,D4,5,D4,False,0.16457742,0.12157707,0.06564549,0.054694884,0.11427386,0.4792312
20005,2025-09-02,1,D0,5,D4,0,None,False,0.22356679,0.15358305,0.074923135,0.058021978,0.09992772,0.38997728
20005,2025-09-09,1,D0,5,D4,0,None,False,0.2559208,0.1725786,0.08005582,0.059346803,0.09142923,0.3406688
20005,2025-09-16,1,D0,0,None,0,None,False,0.30831653,0.20065142,0.08608438,0.0603,0.07601391,0.26863378
20005,2025-09-23,1,D0,0,None,0,None,False,0.35189527,0.21906748,0.086790115,0.0631071,0.0648777,0.21426238
20005,2025-09-30,1,D0,0,None,0,None,False,0.3799496,0.23639047,0.08851061,0.06720326,0.057379406,0.17056654
20005,2025-10-07,1,D0,0,None,0,None,False,0.37034473,0.29418758,0.12067405,0.096109435,0.044775233,0.073909014
20005,2025-10-14,1,D0,0,None,0,None,False,0.36746845,0.34200314,0.13561624,0.11378083,0.024271414,0.016859967
20005,2025-10-21,1,D0,1,D0,0,None,False,0.3729328,0.3731789,0.15148605,0.08960134,0.0103750825,0.002425812
20005,2025-10-28,1,D0,1,D0,0,None,False,0.32800394,0.40006584,0.19071995,0.07515832,0.005676984,0.00037492902
20005,2025-11-04,1,D0,1,D0,0,None,False,0.29277754,0.40290236,0.20419012,0.0927368,0.0070735943,0.00031958256
20005,2025-11-11,1,D0,1,D0,0,None,False,0.2667701,0.39990026,0.19589774,0.12608108,0.010824891,0.0005259154
20005,2025-11-18,1,D0,1,D0,0,None,False,0.28766868,0.40332654,0.18236227,0.117654055,0.008742328,0.00024615525
20005,2025-11-25,1,D0,1,D0,0,None,False,0.28197846,0.39660826,0.17423254,0.1362214,0.0107671395,0.00019226069
20005,2025-12-02,1,D0,1,D0,0,None,False,0.29178548,0.39229313,0.17498277,0.13134114,0.0095321555,6.52483e-05
20005,2025-12-09,1,D0,1,D0,0,None,False,0.22569016,0.3947413,0.19508815,0.17159158,0.01283061,5.8165755e-05
20005,2025-12-16,1,D0,1,D0,0,None,False,0.27937388,0.38736272,0.18882625,0.13433501,0.010081491,2.0644175e-05
20005,2025-12-23,1,D0,1,D0,0,None,False,0.21219265,0.39756095,0.204501,0.17296949,0.01275467,2.1143356e-05
20005,2025-12-30,1,D0,1,D0,0,None,False,0.17215541,0.40083432,0.21362218,0.1966613,0.016700383,2.6416676e-05
20007,2022-01-04,2,D1,1,D0,2,D1,True,0.06171479,0.32528162,0.25632498,0.24909037,0.10289962,0.0046886243
20007,2022-01-11,2,D1,1,D0,3,D2,False,0.054051228,0.32100716,0.25149396,0.25290075,0.115203224,0.0053436994
20007,2022-01-18,2,D1,1,D0,4,D3,False,0.04375985,0.30923012,0.25093034,0.2521218,0.13733117,0.0066267056
20007,2022-01-25,2,D1,1,D0,4,D3,False,0.03672972,0.3044396,0.259039,0.24170868,0.15128858,0.006794417
20007,2022-02-01,2,D1,1,D0,4,D3,False,0.029016966,0.2906035,0.27522957,0.22574311,0.17283235,0.006574529
20007,2022-02-08,2,D1,2,D1,4,D3,False,0.023486745,0.27400023,0.29080465,0.21263702,0.19267885,0.006392457
20007,2022-02-15,2,D1,2,D1,4,D3,False,0.019891758,0.2558538,0.3031212,0.20276971,0.21043861,0.007924956
20007,2022-02-22,2,D1,2,D1,4,D3,False,0.017641162,0.24399117,0.30719292,0.19994392,0.2216554,0.00957548
20007,2022-03-01,2,D1,2,D1,4,D3,False,0.017869283,0.22250997,0.29913676,0.19963633,0.23806539,0.022782242
20007,2022-03-08,3,D2,2,D1,4,D3,False,0.018517945,0.1995779,0.28769806,0.19901647,0.25168976,0.043499846
20007,2022-03-15,3,D2,2,D1,4,D3,False,0.018545747,0.18020412,0.28251892,0.20539667,0.2665869,0.04674763
20007,2022-03-22,3,D2,2,D1,4,D3,False,0.015536721,0.16154994,0.28032616,0.21446554,0.274876,0.053245615
20007,2022-03-29,3,D2,4,D3,4,D3,False,0.0137951495,0.12675074,0.25364056,0.21618426,0.2904073,0.09922206
20007,2022-04-05,3,D2,4,D3,4,D3,False,0.008341992,0.09178996,0.23459399,0.22887269,0.30457237,0.13182896
20007,2022-04-12,3,D2,4,D3,4,D3,False,0.0058923215,0.0682578,0.20942841,0.22810829,0.30948877,0.17882441
20007,2022-04-19,3,D2,4,D3,4,D3,False,0.0040678373,0.04871401,0.17490049,0.21893188,0.29896384,0.25442195
20007,2022-04-26,3,D2,5,D4,4,D3,False,0.0036582784,0.037854075,0.14551185,0.20096613,0.28141788,0.33059174
20007,2022-05-03,3,D2,5,D4,4,D3,False,0.0035181704,0.03551846,0.14279649,0.20046282,0.28005815,0.33764595
20007,2022-05-10,3,D2,5,D4,4,D3,False,0.004739675,0.04347411,0.15625945,0.19796263,0.27669775,0.32086647
20007,2022-05-17,3,D2,5,D4,4,D3,False,0.008167286,0.05540977,0.16748963,0.18892045,0.26826143,0.31175143
20007,2022-05-24,2,D1,4,D3,4,D3,False,0.018947303,0.09069582,0.23042294,0.1958515,0.2962964,0.16778597
20007,2022-05-31,2,D1,4,D3,4,D3,False,0.03285546,0.11557019,0.28721547,0.21236193,0.3004291,0.051567845
20007,2022-06-07,1,D0,2,D1,4,D3,False,0.030705366,0.121174,0.32857147,0.2322871,0.26949897,0.017763043
20007,2022-06-14,1,D0,2,D1,4,D3,False,0.03358504,0.12591586,0.32381997,0.23309216,0.23795965,0.045627303
20007,2022-06-21,2,D1,2,D1,4,D3,False,0.030342788,0.11279062,0.35438544,0.25121188,0.2003126,0.05095669
20007,2022-06-28,1,D0,2,D1,4,D3,False,0.034588914,0.10992844,0.34537446,0.2546436,0.17451224,0.080952294
20007,2022-07-05,1,D0,2,D1,2,D1,False,0.036637336,0.115806274,0.3791731,0.2599218,0.13699943,0.071462065
20007,2022-07-12,1,D0,2,D1,2,D1,False,0.03243281,0.11902598,0.39883772,0.25458968,0.10416189,0.090951905
20007,2022-07-19,1,D0,2,D1,2,D1,False,0.025832666,0.10500236,0.4242925,0.28426367,0.08894447,0.07166433
20007,2022-07-26,2,D1,2,D1,2,D1,True,0.025675971,0.1055557,0.45336348,0.2818718,0.07331038,0.060222626
20007,2022-08-02,2,D1,2,D1,2,D1,True,0.030532056,0.12050312,0.4596501,0.2601347,0.067224346,0.06195565
20007,2022-08-09,3,D2,2,D1,2,D1,False,0.033479907,0.1337543,0.44983068,0.24782252,0.064867795,0.07024485
20007,2022-08-16,3,D2,2,D1,2,D1,False,0.03591085,0.13959284,0.43775764,0.24074654,0.06467716,0.081315026
20007,2022-08-23,3,D2,2,D1,2,D1,False,0.038080208,0.13477178,0.42511392,0.23760399,0.06869928,0.095730804
20007,2022-08-30,3,D2,2,D1,2,D1,False,0.044653606,0.14380817,0.39950737,0.22407708,0.07387555,0.11407817
20007,2022-09-06,4,D3,5,D4,4,D3,True,0.044466015,0.102849685,0.19968858,0.16504748,0.15342428,0.334524
20007,2022-09-13,4,D3,5,D4,4,D3,True,0.03291975,0.066734806,0.10864724,0.14583628,0.23774253,0.40811938
20007,2022-09-20,4,D3,5,D4,4,D3,True,0.020572823,0.052779842,0.11306298,0.17652363,0.20979008,0.42727065
20007,2022-09-27,4,D3,5,D4,4,D3,True,0.015265433,0.03570189,0.0707192,0.1681815,0.26524547,0.44488654
20007,2022-10-04,4,D3,5,D4,4,D3,True,0.009866336,0.025050463,0.05710942,0.17047371,0.2683296,0.46917045
20007,2022-10-11,4,D3,5,D4,4,D3,True,0.008077225,0.018130204,0.0412044,0.17078725,0.28967002,0.47213086
20007,2022-10-18,4,D3,5,D4,4,D3,True,0.0070694787,0.016029779,0.043692667,0.1748272,0.28941196,0.46896896
20007,2022-10-25,5,D4,5,D4,4,D3,False,0.0073570777,0.014107116,0.03733984,0.17304578,0.30071634,0.4674339
20007,2022-11-01,5,D4,5,D4,4,D3,False,0.0076762442,0.015068803,0.041426856,0.17574629,0.30159906,0.45848277
20007,2022-11-08,5,D4,5,D4,4,D3,False,0.009251255,0.018644784,0.04770036,0.17535393,0.3034644,0.44558528
20007,2022-11-15,5,D4,5,D4,4,D3,False,0.010091794,0.021983484,0.057345994,0.17890234,0.29824886,0.43342754
20007,2022-11-22,5,D4,5,D4,4,D3,False,0.010851009,0.024441784,0.06181244,0.17933087,0.29697803,0.42658585
20007,2022-11-29,5,D4,5,D4,4,D3,False,0.010966407,0.027383214,0.06918119,0.18195519,0.29972345,0.41079056
20007,2022-12-06,5,D4,5,D4,4,D3,False,0.0113004,0.031935964,0.07980986,0.18331671,0.30186123,0.39177582
20007,2022-12-13,5,D4,5,D4,4,D3,False,0.011036959,0.033910353,0.08613585,0.18482757,0.30347034,0.38061896
20007,2022-12-20,5,D4,5,D4,4,D3,False,0.012964164,0.046576332,0.112666205,0.18480366,0.31824118,0.3247485
20007,2022-12-27,5,D4,4,D3,4,D3,False,0.018657336,0.07147796,0.16311197,0.18425068,0.36273143,0.19977066
20007,2023-01-03,5,D4,4,D3,4,D3,False,0.027028492,0.1152638,0.23161641,0.1765433,0.38920513,0.06034294
20007,2023-01-10,5,D4,4,D3,4,D3,False,0.028747326,0.14305922,0.26002488,0.16911983,0.3750755,0.023973344
20007,2023-01-17,5,D4,4,D3,4,D3,False,0.034049604,0.16204253,0.27777433,0.15309434,0.36205053,0.010988662
20007,2023-01-24,5,D4,4,D3,4,D3,False,0.04678871,0.18515636,0.291845,0.13388278,0.33848435,0.003842818
20007,2023-01-31,5,D4,4,D3,4,D3,False,0.06262547,0.20831156,0.2994818,0.121988125,0.30617476,0.0014183869
20007,2023-02-07,5,D4,4,D3,4,D3,False,0.05257178,0.21391109,0.30042568,0.12869664,0.30292,0.0014747683
20007,2023-02-14,5,D4,2,D1,4,D3,False,0.04802812,0.21936508,0.30691773,0.1318096,0.29264283,0.0012366938
20007,2023-02-21,5,D4,2,D1,4,D3,False,0.049641725,0.22109742,0.3095241,0.13000545,0.28859386,0.001137513
20007,2023-02-28,5,D4,2,D1,4,D3,False,0.038682695,0.2169372,0.3151952,0.13874117,0.2890909,0.0013527691
20007,2023-03-07,5,D4,2,D1,4,D3,False,0.032937475,0.20840701,0.31902063,0.142124,0.29583642,0.0016745282
20007,2023-03-14,5,D4,2,D1,4,D3,False,0.032502547,0.21167545,0.32466358,0.14402024,0.28559935,0.0015388138
20007,2023-03-21,5,D4,2,D1,4,D3,False,0.031209148,0.21036983,0.32695296,0.14697042,0.2828102,0.0016874044
20007,2023-03-28,5,D4,2,D1,4,D3,False,0.019702988,0.19836245,0.33320192,0.16501497,0.2812961,0.002421579
20007,2023-04-04,5,D4,2,D1,4,D3,False,0.015401805,0.18431124,0.33034307,0.18081234,0.2845726,0.00455889
20007,2023-04-11,5,D4,2,D1,4,D3,False,0.012066101,0.16220096,0.3236271,0.20821251,0.284283,0.009610256
20007,2023-04-18,5,D4,2,D1,4,D3,False,0.012419787,0.14968976,0.31085986,0.21831407,0.28947416,0.019242436
20007,2023-04-25,5,D4,4,D3,4,D3,False,0.010439775,0.12183748,0.29030827,0.22663508,0.3056896,0.04508979
20007,2023-05-02,5,D4,4,D3,4,D3,False,0.007870328,0.08975001,0.25531226,0.23141102,0.31844857,0.09720774
20007,2023-05-09,5,D4,4,D3,4,D3,False,0.0066785375,0.07426,0.2330779,0.23050539,0.32148632,0.13399188
20007,2023-05-16,5,D4,4,D3,4,D3,False,0.008090212,0.07051825,0.21506093,0.21663663,0.30815935,0.18153456
20007,2023-05-23,5,D4,4,D3,4,D3,False,0.015441882,0.090446375,0.2397147,0.20971051,0.30452666,0.14015985
20007,2023-05-30,5,D4,4,D3,4,D3,False,0.025010068,0.12022793,0.2830192,0.21092597,0.30205554,0.05876133
20007,2023-06-06,4,D3,2,D1,4,D3,True,0.036405288,0.13613468,0.32684976,0.21661177,0.2731369,0.010861656
20007,2023-06-13,4,D3,2,D1,4,D3,True,0.037160706,0.13905749,0.3425157,0.2187309,0.25498644,0.007548772
20007,2023-06-20,4,D3,2,D1,4,D3,True,0.040468544,0.1494544,0.3668672,0.22205491,0.21723361,0.0039213514
20007,2023-06-27,4,D3,2,D1,4,D3,True,0.033575315,0.14315546,0.39096764,0.2340914,0.19581561,0.0023946015
20007,2023-07-04,4,D3,2,D1,4,D3,True,0.033936206,0.13506967,0.39736533,0.24074829,0.18820557,0.0046749245
20007,2023-07-11,2,D1,2,D1,4,D3,False,0.035203896,0.13103083,0.3733056,0.22844717,0.20943324,0.02257925
20007,2023-07-18,2,D1,2,D1,4,D3,False,0.03947163,0.13579097,0.349944,0.2138572,0.20841782,0.05251843
20007,2023-07-25,1,D0,5,D4,4,D3,False,0.04176424,0.11255077,0.18872164,0.15247147,0.2516035,0.25288835
20007,2023-08-01,1,D0,5,D4,4,D3,False,0.0338515,0.0757168,0.10159161,0.10813276,0.26809698,0.41261035
20007,2023-08-08,1,D0,5,D4,4,D3,False,0.0314739,0.055648282,0.066429764,0.085149705,0.26501986,0.4962784
20007,2023-08-15,1,D0,5,D4,4,D3,False,0.030702747,0.04584828,0.05037161,0.07651269,0.2646987,0.53186595
20007,2023-08-22,1,D0,5,D4,4,D3,False,0.032962877,0.045620468,0.04486468,0.07150761,0.2583275,0.5467169
20007,2023-08-29,1,D0,5,D4,4,D3,False,0.03491702,0.045592874,0.04359967,0.0710769,0.25877684,0.54603666
20007,2023-09-05,1,D0,5,D4,4,D3,False,0.042272333,0.054693673,0.04914713,0.07125662,0.24916093,0.5334693
20007,2023-09-12,1,D0,5,D4,4,D3,False,0.050967332,0.06662267,0.05883317,0.07683759,0.24683692,0.4999024
20007,2023-09-19,0,None,5,D4,4,D3,False,0.049114257,0.06394284,0.054346126,0.07686277,0.26448953,0.4912445
20007,2023-09-26,0,None,5,D4,4,D3,False,0.04924011,0.06811,0.059454557,0.09374875,0.29814267,0.43130395
20007,2023-10-03,0,None,5,D4,4,D3,False,0.047572274,0.06951979,0.06373124,0.10952705,0.3222752,0.38737446
20007,2023-10-10,0,None,5,D4,4,D3,False,0.050272238,0.075039454,0.07298781,0.12629838,0.3262197,0.3491823
20007,2023-10-17,0,None,5,D4,4,D3,False,0.03493411,0.0663776,0.075099856,0.15626618,0.3231894,0.34413278
20007,2023-10-24,0,None,5,D4,4,D3,False,0.027050434,0.068912484,0.08802908,0.17229983,0.3015971,0.34211114
20007,2023-10-31,0,None,5,D4,4,D3,False,0.028184121,0.07896411,0.10713663,0.18907368,0.29167134,0.3049702
20007,2023-11-07,0,None,4,D3,4,D3,False,0.032760818,0.10110872,0.13364454,0.2019874,0.2708623,0.2596362
20007,2023-11-14,0,None,4,D3,4,D3,False,0.0353645,0.11492268,0.15089853,0.20628414,0.2620424,0.23048773
20007,2023-11-21,0,None,4,D3,4,D3,False,0.0384696,0.14370042,0.17437759,0.21157049,0.26483727,0.16704457
20007,2023-11-28,0,None,4,D3,4,D3,False,0.038634848,0.15946296,0.18994342,0.21138124,0.2725971,0.12798046
20007,2023-12-05,0,None,4,D3,4,D3,False,0.035979267,0.16692132,0.19991878,0.21175654,0.2788683,0.10655574
20007,2023-12-12,0,None,4,D3,4,D3,False,0.036877096,0.18148355,0.21969055,0.20271952,0.28984237,0.06938692
20007,2023-12-19,0,None,4,D3,4,D3,False,0.045606516,0.1987048,0.24663305,0.18150543,0.3032539,0.024296269
20007,2023-12-26,0,None,4,D3,4,D3,False,0.061068654,0.21725602,0.26727608,0.16513552,0.28267366,0.006590042
20007,2024-01-02,0,None,2,D1,4,D3,False,0.07037276,0.22795364,0.27568588,0.15608902,0.26664698,0.0032516979
20007,2024-01-09,0,None,2,D1,4,D3,False,0.11334586,0.2554585,0.27712715,0.13867794,0.21419999,0.0011906126
20007,2024-01-16,0,None,2,D1,4,D3,False,0.13575575,0.2725045,0.27676427,0.13001764,0.18436435,0.0005935227
20007,2024-01-23,0,None,2,D1,4,D3,False,0.1293977,0.27719653,0.28100115,0.12870792,0.18323562,0.00046103165
20007,2024-01-30,0,None,1,D0,4,D3,False,0.15738001,0.28865418,0.2704854,0.12325052,0.15997468,0.00025513815
20007,2024-02-06,0,None,1,D0,0,None,True,0.19975927,0.30053186,0.2517975,0.11445589,0.13330868,0.00014680433
20007,2024-02-13,0,None,1,D0,0,None,True,0.20205902,0.30091503,0.25077382,0.115170054,0.13094397,0.00013814066
20007,2024-02-20,0,None,1,D0,0,None,True,0.16571294,0.30589646,0.26381883,0.12399119,0.14045164,0.00012892735
20007,2024-02-27,0,None,1,D0,0,None,True,0.1892027,0.30475655,0.26221275,0.12053373,0.12319011,0.00010420451
20007,2024-03-05,0,None,1,D0,0,None,True,0.16667898,0.31203225,0.27789265,0.12833841,0.11495814,9.955669e-05
20007,2024-03-12,1,D0,1,D0,0,None,False,0.1648819,0.31975174,0.28590485,0.12913516,0.10023776,8.8623776e-05
20007,2024-03-19,1,D0,1,D0,0,None,False,0.1668893,0.32812503,0.29559758,0.12411316,0.08520616,6.878913e-05
20007,2024-03-26,2,D1,1,D0,0,None,False,0.15240358,0.3235751,0.31057367,0.12448838,0.08887229,8.6962275e-05
20007,2024-04-02,2,D1,2,D1,2,D1,True,0.10307061,0.3052541,0.3478985,0.14067158,0.102961145,0.00014402495
20007,2024-04-09,2,D1,2,D1,2,D1,True,0.04820237,0.25950933,0.37412006,0.17032167,0.14735216,0.000494366
20007,2024-04-16,3,D2,2,D1,2,D1,False,0.028101807,0.22923616,0.38080072,0.19214787,0.16843702,0.0012764194
20007,2024-04-23,3,D2,2,D1,4,D3,False,0.025747797,0.21081649,0.36316112,0.1983939,0.19866292,0.0032177845
20007,2024-04-30,3,D2,2,D1,4,D3,False,0.030505868,0.19939055,0.33777955,0.19990523,0.22529075,0.0071280086
20007,2024-05-07,3,D2,2,D1,4,D3,False,0.03702262,0.19708031,0.3290669,0.19734186,0.22927417,0.010214149
20007,2024-05-14,3,D2,2,D1,4,D3,False,0.048731446,0.19792566,0.31834278,0.19022214,0.22945562,0.015322338
20007,2024-05-21,3,D2,2,D1,4,D3,False,0.071799465,0.20586774,0.31753737,0.1800406,0.21399899,0.010755891
20007,2024-05-28,3,D2,2,D1,4,D3,False,0.082413234,0.19753088,0.3100256,0.18269995,0.21148859,0.015841683
20007,2024-06-04,3,D2,2,D1,4,D3,False,0.06149049,0.18111843,0.32494423,0.19859347,0.22216585,0.01168759
20007,2024-06-11,3,D2,2,D1,4,D3,False,0.054608688,0.17657523,0.33450997,0.20578995,0.22046918,0.00804701
20007,2024-06-18,3,D2,2,D1,4,D3,False,0.055391617,0.164275,0.32197532,0.21383484,0.22652172,0.018001506
20007,2024-06-25,2,D1,2,D1,4,D3,False,0.05652831,0.152265,0.31728035,0.21560697,0.22485125,0.03346811
20007,2024-07-02,1,D0,2,D1,4,D3,False,0.048259225,0.14117439,0.3212854,0.21966971,0.21531756,0.054293714
20007,2024-07-09,1,D0,2,D1,4,D3,False,0.041172944,0.13137506,0.3089724,0.21216272,0.21388271,0.09243408
20007,2024-07-16,1,D0,2,D1,4,D3,False,0.035906665,0.123261005,0.2941797,0.19766714,0.19208205,0.15690343
20007,2024-07-23,1,D0,2,D1,4,D3,False,0.02827463,0.104397856,0.27331132,0.19227663,0.17388631,0.22785322
20007,2024-07-30,2,D1,5,D4,4,D3,False,0.023395242,0.09194236,0.24635667,0.18488905,0.1633046,0.29011217
20007,2024-08-06,2,D1,5,D4,4,D3,False,0.030062452,0.08294421,0.14490207,0.13541369,0.19814277,0.40853485
20007,2024-08-13,2,D1,5,D4,4,D3,False,0.027712695,0.05990889,0.08309963,0.10949733,0.25414124,0.46564025
20007,2024-08-20,3,D2,5,D4,4,D3,False,0.027676925,0.048635915,0.057825193,0.090914086,0.27750832,0.49743956
20007,2024-08-27,3,D2,5,D4,4,D3,False,0.027372377,0.041299272,0.045653317,0.08326876,0.2785405,0.5238658
20007,2024-09-03,3,D2,5,D4,4,D3,False,0.029442005,0.042725638,0.04448352,0.08536662,0.28032157,0.5176607
20007,2024-09-10,3,D2,5,D4,4,D3,False,0.026099633,0.038289595,0.042801127,0.09462833,0.2963767,0.50180465
20007,2024-09-17,3,D2,5,D4,4,D3,False,0.021970088,0.034229644,0.041188963,0.11047656,0.31876174,0.473373
20007,2024-09-24,2,D1,5,D4,4,D3,False,0.015132397,0.025094382,0.033893593,0.12253686,0.32771486,0.47562784
20007,2024-10-01,2,D1,5,D4,4,D3,False,0.011687155,0.019989492,0.028298901,0.1259525,0.32916126,0.4849107
20007,2024-10-08,2,D1,5,D4,4,D3,False,0.0058438433,0.014372665,0.026495496,0.14634073,0.30938303,0.4975642
20007,2024-10-15,2,D1,5,D4,4,D3,False,0.004982234,0.011778555,0.026050832,0.15512751,0.30613753,0.49592334
20007,2024-10-22,2,D1,5,D4,4,D3,False,0.0045230263,0.010496686,0.02745748,0.16550557,0.30156118,0.4904561
20007,2024-10-29,2,D1,5,D4,4,D3,False,0.0042493884,0.010143838,0.030070284,0.1730869,0.30016777,0.48228174
20007,2024-11-05,1,D0,5,D4,4,D3,False,0.0050960165,0.012702041,0.036667027,0.17743221,0.2994716,0.46863103
20007,2024-11-12,0,None,5,D4,4,D3,False,0.013248908,0.028988594,0.06881761,0.1798551,0.2996027,0.40948707
20007,2024-11-19,0,None,5,D4,4,D3,False,0.024143225,0.048620757,0.10072672,0.16392495,0.31472734,0.34785697
20007,2024-11-26,0,None,4,D3,4,D3,False,0.039224118,0.08218371,0.15586862,0.16220282,0.35482302,0.20569767
20007,2024-12-03,0,None,4,D3,4,D3,False,0.047939457,0.10744474,0.19707958,0.1470471,0.38021916,0.12026996
20007,2024-12-10,0,None,4,D3,4,D3,False,0.053698067,0.123189405,0.22040011,0.13991624,0.38663095,0.076165274
20007,2024-12-17,0,None,4,D3,4,D3,False,0.0465894,0.12916173,0.22974874,0.14490494,0.38894987,0.06064531
20007,2024-12-24,0,None,4,D3,4,D3,False,0.060391203,0.14430046,0.24570769,0.13110855,0.3851516,0.033340484
20007,2024-12-31,0,None,4,D3,4,D3,False,0.06933704,0.15980314,0.2594543,0.12409119,0.37179598,0.015518437
20007,2025-01-07,0,None,4,D3,4,D3,False,0.07765001,0.16904801,0.26856658,0.121095605,0.3544239,0.0092158625
20007,2025-01-14,0,None,4,D3,4,D3,False,0.06684932,0.17983231,0.2735944,0.1251227,0.3476377,0.0069635576
20007,2025-01-21,0,None,4,D3,4,D3,False,0.06293338,0.18609816,0.27678758,0.12643394,0.34115952,0.0065873447
20007,2025-01-28,0,None,4,D3,4,D3,False,0.05786495,0.19117358,0.2835073,0.12558931,0.33621427,0.005650639
20007,2025-02-04,0,None,4,D3,4,D3,False,0.05446325,0.20078671,0.29146725,0.124050036,0.32560328,0.0036294789
20007,2025-02-11,0,None,4,D3,4,D3,False,0.039654307,0.20528622,0.3020534,0.13354404,0.31658316,0.0028789889
20007,2025-02-18,0,None,4,D3,4,D3,False,0.034054976,0.20267172,0.3065033,0.13770482,0.31627393,0.0027911859
20007,2025-02-25,0,None,2,D1,4,D3,False,0.03261794,0.20985508,0.31674632,0.1372756,0.30167046,0.0018345496
20007,2025-03-04,1,D0,2,D1,4,D3,False,0.028631458,0.21065237,0.31874895,0.14468808,0.29510075,0.0021784208
20007,2025-03-11,2,D1,2,D1,4,D3,False,0.023139924,0.20493329,0.31546757,0.16119981,0.29170722,0.0035522524
20007,2025-03-18,3,D2,2,D1,4,D3,False,0.014947843,0.18596119,0.31884068,0.1800252,0.29460058,0.005624446
20007,2025-03-25,3,D2,2,D1,4,D3,False,0.012927134,0.17566875,0.3214552,0.19229555,0.29045033,0.0072030206
20007,2025-04-01,3,D2,2,D1,4,D3,False,0.014326907,0.1819103,0.33062917,0.1959079,0.2707705,0.0064552706
20007,2025-04-08,3,D2,2,D1,4,D3,False,0.016485756,0.18794623,0.33071035,0.20130342,0.25635982,0.007194421
20007,2025-04-15,3,D2,2,D1,4,D3,False,0.019732809,0.18405418,0.32449734,0.20481838,0.254294,0.012603309
20007,2025-04-22,2,D1,2,D1,4,D3,False,0.022177214,0.1728626,0.31193838,0.2065889,0.26265174,0.023781234
20007,2025-04-29,1,D0,2,D1,4,D3,False,0.037343726,0.18850693,0.3104739,0.19724195,0.24547862,0.020954939
20007,2025-05-06,1,D0,2,D1,4,D3,False,0.04038159,0.18589643,0.30739218,0.19635618,0.24472198,0.025251733
20007,2025-05-13,1,D0,2,D1,4,D3,False,0.05226122,0.18859279,0.30015218,0.1892019,0.2386838,0.031108106
20007,2025-05-20,1,D0,2,D1,4,D3,False,0.096829854,0.21060953,0.29866937,0.17146128,0.20854373,0.013886258
20007,2025-05-27,0,None,2,D1,4,D3,False,0.15185563,0.2284643,0.29965296,0.1519372,0.16164657,0.006443307
20007,2025-06-03,0,None,2,D1,4,D3,False,0.15383187,0.22064365,0.2976553,0.15466958,0.16419487,0.009004714
20007,2025-06-10,0,None,2,D1,4,D3,False,0.15377575,0.20927875,0.31316975,0.16044642,0.15555523,0.007774087
20007,2025-06-17,0,None,2,D1,0,None,True,0.19317445,0.21828,0.31427574,0.14035866,0.12528388,0.008627175
20007,2025-06-24,0,None,2,D1,0,None,True,0.20523949,0.2316862,0.323186,0.13006397,0.10405794,0.005766349
20007,2025-07-01,0,None,2,D1,0,None,True,0.23597355,0.2417568,0.31527326,0.11576442,0.08817939,0.003052529
20007,2025-07-08,0,None,2,D1,0,None,True,0.2087613,0.23900583,0.32208768,0.12706847,0.09854059,0.004536127
20007,2025-07-15,0,None,2,D1,0,None,True,0.23535493,0.24689287,0.29591265,0.11943117,0.09676913,0.005639233
20007,2025-07-22,0,None,0,None,0,None,True,0.27650023,0.25448108,0.27128127,0.11721309,0.07256035,0.007963973
20007,2025-07-29,0,None,0,None,0,None,True,0.33269212,0.25687492,0.23321334,0.094636895,0.060896076,0.021686621
20007,2025-08-05,0,None,0,None,0,None,True,0.2778002,0.25403336,0.21703878,0.08635727,0.07127234,0.09349807
20007,2025-08-12,0,None,5,D4,0,None,True,0.18302388,0.15262985,0.10999066,0.0660644,0.11355362,0.3747376
20007,2025-08-19,0,None,5,D4,5,D4,False,0.15807116,0.11779315,0.07071442,0.054113258,0.11145521,0.48785284
20007,2025-08-26,0,None,5,D4,5,D4,False,0.16457742,0.12157707,0.06564549,0.054694884,0.11427386,0.4792312
20007,2025-09-02,0,None,5,D4,0,None,True,0.22356679,0.15358305,0.074923135,0.058021978,0.09992772,0.38997728
20007,2025-09-09,0,None,5,D4,0,None,True,0.2559208,0.1725786,0.08005582,0.059346803,0.09142923,0.3406688
20007,2025-09-16,0,None,0,None,0,None,True,0.30831653,0.20065142,0.08608438,0.0603,0.07601391,0.26863378
20007,2025-09-23,0,None,0,None,0,None,True,0.35189527,0.21906748,0.086790115,0.0631071,0.0648777,0.21426238
20007,2025-09-30,0,None,0,None,0,None,True,0.3799496,0.23639047,0.08851061,0.06720326,0.057379406,0.17056654
20007,2025-10-07,0,None,0,None,0,None,True,0.37034473,0.29418758,0.12067405,0.096109435,0.044775233,0.073909014
20007,2025-10-14,0,None,0,None,0,None,True,0.36746845,0.34200314,0.13561624,0.11378083,0.024271414,0.016859967
20007,2025-10-21,0,None,1,D0,0,None,True,0.3729328,0.3731789,0.15148605,0.08960134,0.0103750825,0.002425812
20007,2025-10-28,0,None,1,D0,0,None,True,0.32800394,0.40006584,0.19071995,0.07515832,0.005676984,0.00037492902
20007,2025-11-04,0,None,1,D0,0,None,True,0.29277754,0.40290236,0.20419012,0.0927368,0.0070735943,0.00031958256
20007,2025-11-11,0,None,1,D0,0,None,True,0.2667701,0.39990026,0.19589774,0.12608108,0.010824891,0.0005259154
20007,2025-11-18,0,None,1,D0,0,None,True,0.28766868,0.40332654,0.18236227,0.117654055,0.008742328,0.00024615525
20007,2025-11-25,0,None,1,D0,0,None,True,0.28197834,0.3966083,0.17423256,0.1362214,0.01076714,0.0001922607
20007,2025-12-02,0,None,1,D0,0,None,True,0.29178557,0.3922932,0.17498276,0.13134114,0.009532152,6.524825e-05
20007,2025-12-09,0,None,1,D0,0,None,True,0.22569016,0.3947413,0.19508815,0.17159158,0.01283061,5.8165755e-05
20007,2025-12-16,0,None,1,D0,0,None,True,0.27937388,0.38736272,0.18882625,0.13433501,0.010081491,2.0644175e-05
20007,2025-12-23,0,None,1,D0,0,None,True,0.21219265,0.39756095,0.204501,0.17296949,0.01275467,2.1143356e-05
20007,2025-12-30,0,None,1,D0,0,None,True,0.17215541,0.40083432,0.21362218,0.1966613,0.016700383,2.6416676e-05
20009,2022-01-04,2,D1,1,D0,2,D1,True,0.06171479,0.32528162,0.25632498,0.24909037,0.10289962,0.0046886243
20009,2022-01-11,2,D1,1,D0,3,D2,False,0.054051228,0.32100716,0.25149396,0.25290075,0.115203224,0.0053436994
20009,2022-01-18,2,D1,1,D0,4,D3,False,0.04375985,0.30923012,0.25093034,0.2521218,0.13733117,0.0066267056
20009,2022-01-25,2,D1,1,D0,4,D3,False,0.03672972,0.3044396,0.259039,0.24170868,0.15128858,0.006794417
20009,2022-02-01,2,D1,1,D0,4,D3,False,0.029016966,0.2906035,0.27522957,0.22574311,0.17283235,0.006574529
20009,2022-02-08,2,D1,2,D1,4,D3,False,0.023486745,0.27400023,0.29080465,0.21263702,0.19267885,0.006392457
20009,2022-02-15,3,D2,2,D1,4,D3,False,0.019891758,0.2558538,0.3031212,0.20276971,0.21043861,0.007924956
20009,2022-02-22,3,D2,2,D1,4,D3,False,0.017641162,0.24399117,0.30719292,0.19994392,0.2216554,0.00957548
20009,2022-03-01,3,D2,2,D1,4,D3,False,0.017869283,0.22250997,0.29913676,0.19963633,0.23806539,0.022782242
20009,2022-03-08,3,D2,2,D1,4,D3,False,0.018517945,0.1995779,0.28769806,0.19901647,0.25168976,0.043499846
20009,2022-03-15,4,D3,2,D1,4,D3,True,0.018545747,0.18020412,0.28251892,0.20539667,0.2665869,0.04674763
20009,2022-03-22,4,D3,2,D1,4,D3,True,0.015536721,0.16154991,0.28032616,0.21446554,0.27487603,0.053245652
20009,2022-03-29,4,D3,4,D3,4,D3,True,0.01379514,0.12675072,0.25364053,0.21618423,0.29040727,0.099222064
20009,2022-04-05,4,D3,4,D3,4,D3,True,0.008341992,0.09178996,0.23459399,0.22887269,0.30457237,0.13182896
20009,2022-04-12,4,D3,4,D3,4,D3,True,0.0058923215,0.0682578,0.20942841,0.22810829,0.30948877,0.17882441
20009,2022-04-19,4,D3,4,D3,4,D3,True,0.0040678373,0.04871401,0.17490049,0.21893188,0.29896384,0.25442195
20009,2022-04-26,4,D3,5,D4,4,D3,True,0.0036582784,0.037854075,0.14551185,0.20096613,0.28141788,0.33059174
20009,2022-05-03,4,D3,5,D4,4,D3,True,0.0035181704,0.03551846,0.14279649,0.20046282,0.28005815,0.33764595
20009,2022-05-10,4,D3,5,D4,4,D3,True,0.004739675,0.04347411,0.15625945,0.19796263,0.27669775,0.32086647
20009,2022-05-17,4,D3,5,D4,4,D3,True,0.008167286,0.05540977,0.16748963,0.18892045,0.26826143,0.31175143
20009,2022-05-24,4,D3,4,D3,4,D3,True,0.018947303,0.09069582,0.23042294,0.1958515,0.2962964,0.16778597
20009,2022-05-31,3,D2,4,D3,4,D3,False,0.03285546,0.11557019,0.28721547,0.21236193,0.3004291,0.051567845
20009,2022-06-07,2,D1,2,D1,4,D3,False,0.030705366,0.121174,0.32857147,0.2322871,0.26949897,0.017763043
20009,2022-06-14,2,D1,2,D1,4,D3,False,0.03358504,0.12591586,0.32381997,0.23309216,0.23795965,0.045627303
20009,2022-06-21,2,D1,2,D1,4,D3,False,0.030342788,0.11279062,0.35438544,0.25121188,0.2003126,0.05095669
20009,2022-06-28,2,D1,2,D1,4,D3,False,0.034588914,0.10992844,0.34537446,0.2546436,0.17451224,0.080952294
20009,2022-07-05,2,D1,2,D1,2,D1,True,0.036637332,0.11580629,0.37917307,0.25992185,0.13699946,0.07146208
20009,2022-07-12,2,D1,2,D1,2,D1,True,0.032432813,0.11902596,0.39883777,0.25458965,0.1041619,0.09095194
20009,2022-07-19,2,D1,2,D1,2,D1,True,0.025832666,0.10500236,0.4242925,0.28426367,0.08894447,0.07166433
20009,2022-07-26,2,D1,2,D1,2,D1,True,0.025675971,0.1055557,0.45336348,0.2818718,0.07331038,0.060222626
20009,2022-08-02,2,D1,2,D1,2,D1,True,0.030532056,0.12050312,0.4596501,0.2601347,0.067224346,0.06195565
20009,2022-08-09,2,D1,2,D1,2,D1,True,0.033479907,0.1337543,0.44983068,0.24782252,0.064867795,0.07024485
20009,2022-08-16,2,D1,2,D1,2,D1,True,0.03591085,0.13959284,0.43775764,0.24074654,0.06467716,0.081315026
20009,2022-08-23,2,D1,2,D1,2,D1,True,0.038080208,0.13477178,0.42511392,0.23760399,0.06869928,0.095730804
20009,2022-08-30,2,D1,2,D1,2,D1,True,0.044653606,0.14380817,0.39950737,0.22407708,0.07387555,0.11407817
20009,2022-09-06,2,D1,5,D4,4,D3,False,0.044466015,0.102849685,0.19968858,0.16504748,0.15342428,0.334524
20009,2022-09-13,3,D2,5,D4,4,D3,False,0.03291975,0.066734806,0.10864724,0.14583628,0.23774253,0.40811938
20009,2022-09-20,4,D3,5,D4,4,D3,True,0.020572823,0.052779842,0.11306298,0.17652363,0.20979008,0.42727065
20009,2022-09-27,4,D3,5,D4,4,D3,True,0.015265433,0.03570189,0.0707192,0.1681815,0.26524547,0.44488654
20009,2022-10-04,4,D3,5,D4,4,D3,True,0.009866336,0.025050463,0.05710942,0.17047371,0.2683296,0.46917045
20009,2022-10-11,4,D3,5,D4,4,D3,True,0.008077225,0.018130204,0.0412044,0.17078725,0.28967002,0.47213086
20009,2022-10-18,4,D3,5,D4,4,D3,True,0.0070694787,0.016029779,0.043692667,0.1748272,0.28941196,0.46896896
20009,2022-10-25,4,D3,5,D4,4,D3,True,0.0073570777,0.014107116,0.03733984,0.17304578,0.30071634,0.4674339
20009,2022-11-01,4,D3,5,D4,4,D3,True,0.0076762373,0.015068799,0.041426856,0.17574629,0.30159903,0.45848277
20009,2022-11-08,4,D3,5,D4,4,D3,True,0.0092512565,0.018644786,0.047700364,0.17535393,0.3034644,0.44558522
20009,2022-11-15,4,D3,5,D4,4,D3,True,0.010091794,0.021983484,0.057345994,0.17890234,0.29824886,0.43342754
20009,2022-11-22,4,D3,5,D4,4,D3,True,0.010851009,0.024441784,0.06181244,0.17933087,0.29697803,0.42658585
20009,2022-11-29,4,D3,5,D4,4,D3,True,0.010966407,0.027383214,0.06918119,0.18195519,0.29972345,0.41079056
20009,2022-12-06,4,D3,5,D4,4,D3,True,0.0113004,0.031935964,0.07980986,0.18331671,0.30186123,0.39177582
20009,2022-12-13,4,D3,5,D4,4,D3,True,0.011036959,0.033910353,0.08613585,0.18482757,0.30347034,0.38061896
20009,2022-12-20,4,D3,5,D4,4,D3,True,0.012964164,0.046576332,0.112666205,0.18480366,0.31824118,0.3247485
20009,2022-12-27,4,D3,4,D3,4,D3,True,0.018657336,0.07147796,0.16311197,0.18425068,0.36273143,0.19977066
20009,2023-01-03,4,D3,4,D3,4,D3,True,0.027028492,0.1152638,0.23161641,0.1765433,0.38920513,0.06034294
20009,2023-01-10,4,D3,4,D3,4,D3,True,0.028747326,0.14305922,0.26002488,0.16911983,0.3750755,0.023973344
20009,2023-01-17,4,D3,4,D3,4,D3,True,0.034049604,0.16204253,0.27777433,0.15309434,0.36205053,0.010988662
20009,2023-01-24,4,D3,4,D3,4,D3,True,0.04678871,0.18515636,0.291845,0.13388278,0.33848435,0.003842818
20009,2023-01-31,4,D3,4,D3,4,D3,True,0.06262547,0.20831156,0.2994818,0.121988125,0.30617476,0.0014183869
20009,2023-02-07,4,D3,4,D3,4,D3,True,0.05257178,0.21391109,0.30042568,0.12869664,0.30292,0.0014747683
20009,2023-02-14,4,D3,2,D1,4,D3,True,0.04802812,0.2193651,0.3069177,0.1318096,0.29264283,0.0012366942
20009,2023-02-21,4,D3,2,D1,4,D3,True,0.049641714,0.22109737,0.3095241,0.1300054,0.28859386,0.001137513
20009,2023-02-28,4,D3,2,D1,4,D3,True,0.038682695,0.2169372,0.3151952,0.13874117,0.2890909,0.0013527691
20009,2023-03-07,4,D3,2,D1,4,D3,True,0.032937475,0.20840701,0.31902063,0.142124,0.29583642,0.0016745282
20009,2023-03-14,5,D4,2,D1,4,D3,False,0.032502547,0.21167545,0.32466358,0.14402024,0.28559935,0.0015388138
20009,2023-03-21,5,D4,2,D1,4,D3,False,0.031209148,0.21036983,0.32695296,0.14697042,0.2828102,0.0016874044
20009,2023-03-28,5,D4,2,D1,4,D3,False,0.019702988,0.19836245,0.33320192,0.16501497,0.2812961,0.002421579
20009,2023-04-04,5,D4,2,D1,4,D3,False,0.015401805,0.18431124,0.33034307,0.18081234,0.2845726,0.00455889
20009,2023-04-11,5,D4,2,D1,4,D3,False,0.012066101,0.16220096,0.3236271,0.20821251,0.284283,0.009610256
20009,2023-04-18,5,D4,2,D1,4,D3,False,0.012419787,0.14968976,0.31085986,0.21831407,0.28947416,0.019242436
20009,2023-04-25,5,D4,4,D3,4,D3,False,0.010439775,0.12183748,0.29030827,0.22663508,0.3056896,0.04508979
20009,2023-05-02,5,D4,4,D3,4,D3,False,0.007870328,0.08975001,0.25531226,0.23141102,0.31844857,0.09720774
20009,2023-05-09,5,D4,4,D3,4,D3,False,0.0066785375,0.07426,0.2330779,0.23050539,0.32148632,0.13399188
20009,2023-05-16,5,D4,4,D3,4,D3,False,0.008090212,0.07051825,0.21506093,0.21663663,0.30815935,0.18153456
20009,2023-05-23,5,D4,4,D3,4,D3,False,0.015441882,0.090446375,0.2397147,0.20971051,0.30452666,0.14015985
20009,2023-05-30,5,D4,4,D3,4,D3,False,0.025010068,0.12022793,0.2830192,0.21092597,0.30205554,0.05876133
20009,2023-06-06,4,D3,2,D1,4,D3,True,0.036405288,0.13613468,0.32684976,0.21661177,0.2731369,0.010861656
20009,2023-06-13,4,D3,2,D1,4,D3,True,0.037160695,0.13905752,0.34251568,0.2187309,0.2549865,0.007548775
20009,2023-06-20,4,D3,2,D1,4,D3,True,0.040468547,0.14945439,0.36686715,0.2220549,0.21723366,0.0039213505
20009,2023-06-27,4,D3,2,D1,4,D3,True,0.033575315,0.14315546,0.39096764,0.2340914,0.19581561,0.0023946015
20009,2023-07-04,4,D3,2,D1,4,D3,True,0.033936206,0.13506967,0.39736533,0.24074829,0.18820557,0.0046749245
20009,2023-07-11,4,D3,2,D1,4,D3,True,0.035203896,0.13103083,0.3733056,0.22844717,0.20943324,0.02257925
20009,2023-07-18,4,D3,2,D1,4,D3,True,0.03947163,0.13579097,0.349944,0.2138572,0.20841782,0.05251843
20009,2023-07-25,4,D3,5,D4,4,D3,True,0.04176424,0.11255077,0.18872164,0.15247147,0.2516035,0.25288835
20009,2023-08-01,4,D3,5,D4,4,D3,True,0.0338515,0.0757168,0.10159161,0.10813276,0.26809698,0.41261035
20009,2023-08-08,4,D3,5,D4,4,D3,True,0.0314739,0.055648282,0.066429764,0.085149705,0.26501986,0.4962784
20009,2023-08-15,3,D2,5,D4,4,D3,False,0.030702747,0.04584828,0.05037161,0.07651269,0.2646987,0.53186595
20009,2023-08-22,3,D2,5,D4,4,D3,False,0.032962877,0.045620468,0.04486468,0.07150761,0.2583275,0.5467169
20009,2023-08-29,3,D2,5,D4,4,D3,False,0.03491702,0.045592874,0.04359967,0.0710769,0.25877684,0.54603666
20009,2023-09-05,3,D2,5,D4,4,D3,False,0.042272333,0.054693673,0.04914713,0.07125662,0.24916093,0.5334693
20009,2023-09-12,3,D2,5,D4,4,D3,False,0.050967332,0.06662267,0.05883317,0.07683759,0.24683692,0.4999024
20009,2023-09-19,3,D2,5,D4,4,D3,False,0.049114257,0.06394284,0.054346126,0.07686277,0.26448953,0.4912445
20009,2023-09-26,3,D2,5,D4,4,D3,False,0.04924009,0.06810997,0.059454534,0.09374874,0.2981427,0.43130398
20009,2023-10-03,3,D2,5,D4,4,D3,False,0.047572255,0.06951974,0.063731216,0.109527074,0.32227522,0.3873745
20009,2023-10-10,3,D2,5,D4,4,D3,False,0.050272238,0.075039454,0.07298781,0.12629838,0.3262197,0.3491823
20009,2023-10-17,3,D2,5,D4,4,D3,False,0.03493411,0.0663776,0.075099856,0.15626618,0.3231894,0.34413278
20009,2023-10-24,3,D2,5,D4,4,D3,False,0.027050434,0.068912484,0.08802908,0.17229983,0.3015971,0.34211114
20009,2023-10-31,3,D2,5,D4,4,D3,False,0.028184121,0.07896411,0.10713663,0.18907368,0.29167134,0.3049702
20009,2023-11-07,3,D2,4,D3,4,D3,False,0.032760818,0.10110872,0.13364454,0.2019874,0.2708623,0.2596362
20009,2023-11-14,3,D2,4,D3,4,D3,False,0.0353645,0.11492268,0.15089853,0.20628414,0.2620424,0.23048773
20009,2023-11-21,3,D2,4,D3,4,D3,False,0.0384696,0.14370042,0.17437759,0.21157049,0.26483727,0.16704457
20009,2023-11-28,3,D2,4,D3,4,D3,False,0.038634848,0.15946296,0.18994342,0.21138124,0.2725971,0.12798046
20009,2023-12-05,3,D2,4,D3,4,D3,False,0.035979267,0.16692132,0.19991878,0.21175654,0.2788683,0.10655574
20009,2023-12-12,3,D2,4,D3,4,D3,False,0.036877096,0.18148355,0.21969055,0.20271952,0.28984237,0.06938692
20009,2023-12-19,2,D1,4,D3,4,D3,False,0.045606516,0.1987048,0.24663305,0.18150543,0.3032539,0.024296269
20009,2023-12-26,2,D1,4,D3,4,D3,False,0.061068654,0.21725602,0.26727608,0.16513552,0.28267366,0.006590042
20009,2024-01-02,2,D1,2,D1,4,D3,False,0.07037276,0.22795364,0.27568588,0.15608902,0.26664698,0.0032516979
20009,2024-01-09,2,D1,2,D1,4,D3,False,0.11334586,0.2554585,0.27712715,0.13867794,0.21419999,0.0011906126
20009,2024-01-16,2,D1,2,D1,4,D3,False,0.13575575,0.2725045,0.27676427,0.13001764,0.18436435,0.0005935227
20009,2024-01-23,1,D0,2,D1,4,D3,False,0.12939769,0.2771965,0.28100118,0.12870792,0.18323568,0.0004610317
20009,2024-01-30,1,D0,1,D0,4,D3,False,0.15738003,0.2886542,0.27048534,0.12325053,0.15997471,0.00025513818
20009,2024-02-06,1,D0,1,D0,0,None,False,0.19975927,0.30053186,0.2517975,0.11445589,0.13330868,0.00014680433
20009,2024-02-13,0,None,1,D0,0,None,True,0.20205902,0.30091503,0.25077382,0.115170054,0.13094397,0.00013814066
20009,2024-02-20,0,None,1,D0,0,None,True,0.16571294,0.30589646,0.26381883,0.12399119,0.14045164,0.00012892735
20009,2024-02-27,0,None,1,D0,0,None,True,0.1892027,0.30475655,0.26221275,0.12053373,0.12319011,0.00010420451
20009,2024-03-05,0,None,1,D0,0,None,True,0.16667898,0.31203225,0.27789265,0.12833841,0.11495814,9.955669e-05
20009,2024-03-12,0,None,1,D0,0,None,True,0.1648819,0.31975174,0.28590485,0.12913516,0.10023776,8.8623776e-05
20009,2024-03-19,1,D0,1,D0,0,None,False,0.1668893,0.32812503,0.29559758,0.12411316,0.08520616,6.878913e-05
20009,2024-03-26,1,D0,1,D0,0,None,False,0.15240358,0.3235751,0.31057367,0.12448838,0.08887229,8.6962275e-05
20009,2024-04-02,1,D0,2,D1,2,D1,False,0.10307061,0.3052541,0.3478985,0.14067158,0.102961145,0.00014402495
20009,2024-04-09,1,D0,2,D1,2,D1,False,0.04820237,0.25950933,0.37412006,0.17032167,0.14735216,0.000494366
20009,2024-04-16,2,D1,2,D1,2,D1,True,0.028101807,0.22923616,0.38080072,0.19214787,0.16843702,0.0012764194
20009,2024-04-23,2,D1,2,D1,4,D3,False,0.025747797,0.21081649,0.36316112,0.1983939,0.19866292,0.0032177845
20009,2024-04-30,3,D2,2,D1,4,D3,False,0.030505868,0.19939055,0.33777955,0.19990523,0.22529075,0.0071280086
20009,2024-05-07,3,D2,2,D1,4,D3,False,0.037022613,0.1970803,0.3290669,0.19734184,0.22927417,0.010214149
20009,2024-05-14,3,D2,2,D1,4,D3,False,0.048731446,0.19792566,0.31834278,0.19022217,0.2294556,0.0153223295
20009,2024-05-21,3,D2,2,D1,4,D3,False,0.071799465,0.20586774,0.31753737,0.1800406,0.21399899,0.010755891
20009,2024-05-28,3,D2,2,D1,4,D3,False,0.082413234,0.19753088,0.3100256,0.18269995,0.21148859,0.015841683
20009,2024-06-04,3,D2,2,D1,4,D3,False,0.06149049,0.18111843,0.32494423,0.19859347,0.22216585,0.01168759
20009,2024-06-11,2,D1,2,D1,4,D3,False,0.054608688,0.17657523,0.33450997,0.20578995,0.22046918,0.00804701
20009,2024-06-18,2,D1,2,D1,4,D3,False,0.055391617,0.164275,0.32197532,0.21383484,0.22652172,0.018001506
20009,2024-06-25,2,D1,2,D1,4,D3,False,0.05652831,0.152265,0.31728035,0.21560697,0.22485125,0.03346811
20009,2024-07-02,2,D1,2,D1,4,D3,False,0.048259225,0.14117439,0.3212854,0.21966971,0.21531756,0.054293714
20009,2024-07-09,2,D1,2,D1,4,D3,False,0.041172944,0.13137506,0.3089724,0.21216272,0.21388271,0.09243408
20009,2024-07-16,2,D1,2,D1,4,D3,False,0.035906665,0.123261005,0.2941797,0.19766714,0.19208205,0.15690343
20009,2024-07-23,2,D1,2,D1,4,D3,False,0.02827463,0.104397856,0.27331132,0.19227663,0.17388631,0.22785322
20009,2024-07-30,2,D1,5,D4,4,D3,False,0.023395242,0.09194236,0.24635667,0.18488905,0.1633046,0.29011217
20009,2024-08-06,2,D1,5,D4,4,D3,False,0.030062452,0.08294421,0.14490207,0.13541369,0.19814277,0.40853485
20009,2024-08-13,2,D1,5,D4,4,D3,False,0.027712695,0.05990889,0.08309963,0.10949733,0.25414124,0.46564025
20009,2024-08-20,2,D1,5,D4,4,D3,False,0.027676925,0.048635915,0.057825193,0.090914086,0.27750832,0.49743956
20009,2024-08-27,2,D1,5,D4,4,D3,False,0.027372377,0.041299272,0.045653317,0.08326876,0.2785405,0.5238658
20009,2024-09-03,2,D1,5,D4,4,D3,False,0.029441996,0.042725615,0.04448351,0.08536662,0.28032157,0.5176607
20009,2024-09-10,2,D1,5,D4,4,D3,False,0.026099645,0.03828961,0.04280114,0.09462834,0.29637662,0.5018047
20009,2024-09-17,2,D1,5,D4,4,D3,False,0.021970088,0.034229644,0.041188963,0.11047656,0.31876174,0.473373
20009,2024-09-24,2,D1,5,D4,4,D3,False,0.015132397,0.025094382,0.033893593,0.12253686,0.32771486,0.47562784
20009,2024-10-01,2,D1,5,D4,4,D3,False,0.011687155,0.019989492,0.028298901,0.1259525,0.32916126,0.4849107
20009,2024-10-08,2,D1,5,D4,4,D3,False,0.0058438433,0.014372665,0.026495496,0.14634073,0.30938303,0.4975642
20009,2024-10-15,2,D1,5,D4,4,D3,False,0.004982234,0.011778555,0.026050832,0.15512751,0.30613753,0.49592334
20009,2024-10-22,2,D1,5,D4,4,D3,False,0.0045230263,0.010496686,0.02745748,0.16550557,0.30156118,0.4904561
20009,2024-10-29,2,D1,5,D4,4,D3,False,0.0042493884,0.010143838,0.030070284,0.1730869,0.30016777,0.48228174
20009,2024-11-05,2,D1,5,D4,4,D3,False,0.0050960165,0.012702041,0.036667027,0.17743221,0.2994716,0.46863103
20009,2024-11-12,2,D1,5,D4,4,D3,False,0.013248908,0.028988594,0.06881761,0.1798551,0.2996027,0.40948707
20009,2024-11-19,2,D1,5,D4,4,D3,False,0.024143225,0.048620757,0.10072672,0.16392495,0.31472734,0.34785697
20009,2024-11-26,2,D1,4,D3,4,D3,False,0.039224118,0.08218371,0.15586862,0.16220282,0.35482302,0.20569767
20009,2024-12-03,2,D1,4,D3,4,D3,False,0.047939457,0.10744474,0.19707958,0.1470471,0.38021916,0.12026996
20009,2024-12-10,2,D1,4,D3,4,D3,False,0.053698067,0.123189405,0.22040011,0.13991624,0.38663095,0.076165274
20009,2024-12-17,2,D1,4,D3,4,D3,False,0.046589408,0.12916173,0.22974874,0.14490494,0.38894987,0.06064531
20009,2024-12-24,2,D1,4,D3,4,D3,False,0.060391203,0.14430048,0.24570772,0.13110855,0.3851516,0.033340503
20009,2024-12-31,2,D1,4,D3,4,D3,False,0.06933704,0.15980314,0.2594543,0.12409119,0.37179598,0.015518437
20009,2025-01-07,2,D1,4,D3,4,D3,False,0.07765001,0.16904801,0.26856658,0.121095605,0.3544239,0.0092158625
20009,2025-01-14,2,D1,4,D3,4,D3,False,0.06684932,0.17983231,0.2735944,0.1251227,0.3476377,0.0069635576
20009,2025-01-21,2,D1,4,D3,4,D3,False,0.06293338,0.18609816,0.27678758,0.12643394,0.34115952,0.0065873447
20009,2025-01-28,2,D1,4,D3,4,D3,False,0.05786495,0.19117358,0.2835073,0.12558931,0.33621427,0.005650639
20009,2025-02-04,2,D1,4,D3,4,D3,False,0.05446325,0.20078671,0.29146725,0.124050036,0.32560328,0.0036294789
20009,2025-02-11,2,D1,4,D3,4,D3,False,0.039654307,0.20528622,0.3020534,0.13354404,0.31658316,0.0028789889
20009,2025-02-18,2,D1,4,D3,4,D3,False,0.034054976,0.20267172,0.3065033,0.13770482,0.31627393,0.0027911859
20009,2025-02-25,2,D1,2,D1,4,D3,False,0.03261794,0.20985508,0.31674632,0.1372756,0.30167046,0.0018345496
20009,2025-03-04,2,D1,2,D1,4,D3,False,0.028631458,0.21065237,0.31874895,0.14468808,0.29510075,0.0021784208
20009,2025-03-11,2,D1,2,D1,4,D3,False,0.023139924,0.20493329,0.31546757,0.16119981,0.29170722,0.0035522524
20009,2025-03-18,2,D1,2,D1,4,D3,False,0.014947843,0.18596119,0.31884068,0.1800252,0.29460058,0.005624446
20009,2025-03-25,2,D1,2,D1,4,D3,False,0.012927134,0.17566875,0.3214552,0.19229555,0.29045033,0.0072030206
20009,2025-04-01,2,D1,2,D1,4,D3,False,0.014326907,0.1819103,0.33062917,0.1959079,0.2707705,0.0064552706
20009,2025-04-08,2,D1,2,D1,4,D3,False,0.016485756,0.18794623,0.33071035,0.20130342,0.25635982,0.007194421
20009,2025-04-15,2,D1,2,D1,4,D3,False,0.01973281,0.18405414,0.3244973,0.2048184,0.254294,0.012603311
20009,2025-04-22,2,D1,2,D1,4,D3,False,0.022177208,0.1728626,0.31193838,0.2065889,0.26265177,0.02378123
20009,2025-04-29,2,D1,2,D1,4,D3,False,0.037343726,0.18850693,0.3104739,0.19724195,0.24547862,0.020954939
20009,2025-05-06,2,D1,2,D1,4,D3,False,0.04038159,0.18589643,0.30739218,0.19635618,0.24472198,0.025251733
20009,2025-05-13,2,D1,2,D1,4,D3,False,0.05226122,0.18859279,0.30015218,0.1892019,0.2386838,0.031108106
20009,2025-05-20,2,D1,2,D1,4,D3,False,0.096829854,0.21060953,0.29866937,0.17146128,0.20854373,0.013886258
20009,2025-05-27,2,D1,2,D1,4,D3,False,0.15185563,0.2284643,0.29965296,0.1519372,0.16164657,0.006443307
20009,2025-06-03,2,D1,2,D1,4,D3,False,0.15383187,0.22064365,0.2976553,0.15466958,0.16419487,0.009004714
20009,2025-06-10,2,D1,2,D1,4,D3,False,0.15377575,0.20927875,0.31316975,0.16044642,0.15555523,0.007774087
20009,2025-06-17,1,D0,2,D1,0,None,False,0.19317445,0.21828,0.31427574,0.14035866,0.12528388,0.008627175
20009,2025-06-24,1,D0,2,D1,0,None,False,0.20523949,0.2316862,0.323186,0.13006397,0.10405794,0.005766349
20009,2025-07-01,1,D0,2,D1,0,None,False,0.23597355,0.2417568,0.31527326,0.11576442,0.08817939,0.003052529
20009,2025-07-08,1,D0,2,D1,0,None,False,0.2087613,0.23900583,0.32208768,0.12706847,0.09854059,0.004536127
20009,2025-07-15,1,D0,2,D1,0,None,False,0.23535493,0.24689287,0.29591265,0.11943117,0.09676913,0.005639233
20009,2025-07-22,1,D0,0,None,0,None,False,0.27650023,0.25448108,0.27128127,0.11721309,0.07256035,0.007963973
20009,2025-07-29,0,None,0,None,0,None,True,0.3326922,0.2568749,0.23321328,0.09463687,0.060896065,0.021686617
20009,2025-08-05,0,None,0,None,0,None,True,0.27780014,0.2540333,0.21703875,0.08635725,0.07127234,0.093498066
20009,2025-08-12,0,None,5,D4,0,None,True,0.18302388,0.15262985,0.10999066,0.0660644,0.11355362,0.3747376
20009,2025-08-19,0,None,5,D4,5,D4,False,0.15807116,0.11779315,0.07071442,0.054113258,0.11145521,0.48785284
20009,2025-08-26,0,None,5,D4,5,D4,False,0.16457742,0.12157707,0.06564549,0.054694884,0.11427386,0.4792312
20009,2025-09-02,0,None,5,D4,0,None,True,0.22356679,0.15358305,0.074923135,0.058021978,0.09992772,0.38997728
20009,2025-09-09,0,None,5,D4,0,None,True,0.2559208,0.1725786,0.08005582,0.059346803,0.09142923,0.3406688
20009,2025-09-16,0,None,0,None,0,None,True,0.30831653,0.20065142,0.08608438,0.0603,0.07601391,0.26863378
20009,2025-09-23,0,None,0,None,0,None,True,0.35189527,0.21906748,0.086790115,0.0631071,0.0648777,0.21426238
20009,2025-09-30,0,None,0,None,0,None,True,0.3799496,0.23639047,0.08851061,0.06720326,0.057379406,0.17056654
20009,2025-10-07,0,None,0,None,0,None,True,0.37034473,0.29418758,0.12067405,0.096109435,0.044775233,0.073909014
20009,2025-10-14,0,None,0,None,0,None,True,0.36746845,0.34200314,0.13561624,0.11378083,0.024271414,0.016859967
20009,2025-10-21,0,None,1,D0,0,None,True,0.3729328,0.3731789,0.15148605,0.08960134,0.0103750825,0.002425812
20009,2025-10-28,0,None,1,D0,0,None,True,0.32800394,0.40006584,0.19071995,0.07515832,0.005676984,0.00037492902
20009,2025-11-04,0,None,1,D0,0,None,True,0.29277754,0.40290236,0.20419012,0.0927368,0.0070735943,0.00031958256
20009,2025-11-11,0,None,1,D0,0,None,True,0.2667701,0.39990026,0.19589774,0.12608108,0.010824891,0.0005259154
20009,2025-11-18,0,None,1,D0,0,None,True,0.28766868,0.40332654,0.18236227,0.117654055,0.008742328,0.00024615525
20009,2025-11-25,0,None,1,D0,0,None,True,0.28197846,0.39660826,0.17423254,0.1362214,0.0107671395,0.00019226069
20009,2025-12-02,0,None,1,D0,0,None,True,0.29178548,0.39229313,0.17498277,0.13134114,0.0095321555,6.52483e-05
20009,2025-12-09,0,None,1,D0,0,None,True,0.22569016,0.3947413,0.19508815,0.17159158,0.01283061,5.8165755e-05
20009,2025-12-16,0,None,1,D0,0,None,True,0.27937388,0.38736272,0.18882625,0.13433501,0.010081491,2.0644175e-05
20009,2025-12-23,0,None,1,D0,0,None,True,0.21219265,0.39756095,0.204501,0.17296949,0.01275467,2.1143356e-05
20009,2025-12-30,0,None,1,D0,0,None,True,0.17215541,0.40083432,0.21362218,0.1966613,0.016700383,2.6416676e-05
20011,2022-01-04,0,None,1,D0,2,D1,False,0.06171479,0.32528162,0.25632498,0.24909037,0.10289962,0.0046886243
20011,2022-01-11,0,None,1,D0,3,D2,False,0.054051228,0.32100716,0.25149396,0.25290075,0.115203224,0.0053436994
20011,2022-01-18,0,None,1,D0,4,D3,False,0.04375985,0.30923012,0.25093034,0.2521218,0.13733117,0.0066267056
20011,2022-01-25,1,D0,1,D0,4,D3,False,0.03672972,0.3044396,0.259039,0.24170868,0.15128858,0.006794417
20011,2022-02-01,1,D0,1,D0,4,D3,False,0.029016966,0.2906035,0.27522957,0.22574311,0.17283235,0.006574529
20011,2022-02-08,1,D0,2,D1,4,D3,False,0.023486745,0.27400023,0.29080465,0.21263702,0.19267885,0.006392457
20011,2022-02-15,1,D0,2,D1,4,D3,False,0.019891758,0.2558538,0.3031212,0.20276971,0.21043861,0.007924956
20011,2022-02-22,1,D0,2,D1,4,D3,False,0.017641162,0.24399117,0.30719292,0.19994392,0.2216554,0.00957548
20011,2022-03-01,1,D0,2,D1,4,D3,False,0.017869283,0.22250997,0.29913676,0.19963633,0.23806539,0.022782242
20011,2022-03-08,1,D0,2,D1,4,D3,False,0.018517945,0.19957791,0.28769806,0.19901645,0.25168976,0.04349982
20011,2022-03-15,1,D0,2,D1,4,D3,False,0.018545747,0.18020411,0.28251892,0.20539667,0.2665869,0.04674766
20011,2022-03-22,0,None,2,D1,4,D3,False,0.015536721,0.16154991,0.28032616,0.21446554,0.27487603,0.053245652
20011,2022-03-29,0,None,4,D3,4,D3,False,0.01379514,0.12675072,0.25364053,0.21618423,0.29040727,0.099222064
20011,2022-04-05,0,None,4,D3,4,D3,False,0.008341992,0.09178996,0.23459399,0.22887269,0.30457237,0.13182896
20011,2022-04-12,0,None,4,D3,4,D3,False,0.0058923215,0.0682578,0.20942841,0.22810829,0.30948877,0.17882441
20011,2022-04-19,0,None,4,D3,4,D3,False,0.0040678373,0.04871401,0.17490049,0.21893188,0.29896384,0.25442195
20011,2022-04-26,0,None,5,D4,4,D3,False,0.0036582784,0.037854075,0.14551185,0.20096613,0.28141788,0.33059174
20011,2022-05-03,0,None,5,D4,4,D3,False,0.0035181704,0.03551846,0.14279649,0.20046282,0.28005815,0.33764595
20011,2022-05-10,0,None,5,D4,4,D3,False,0.004739675,0.04347411,0.15625945,0.19796263,0.27669775,0.32086647
20011,2022-05-17,0,None,5,D4,4,D3,False,0.008167286,0.05540977,0.16748963,0.18892045,0.26826143,0.31175143
20011,2022-05-24,0,None,4,D3,4,D3,False,0.018947303,0.09069582,0.23042294,0.1958515,0.2962964,0.16778597
20011,2022-05-31,0,None,4,D3,4,D3,False,0.03285546,0.11557019,0.28721547,0.21236193,0.3004291,0.051567845
20011,2022-06-07,0,None,2,D1,4,D3,False,0.030705366,0.121174,0.32857147,0.2322871,0.26949897,0.017763043
20011,2022-06-14,0,None,2,D1,4,D3,False,0.03358504,0.12591586,0.32381997,0.23309216,0.23795965,0.045627303
20011,2022-06-21,0,None,2,D1,4,D3,False,0.030342788,0.11279062,0.35438544,0.25121188,0.2003126,0.05095669
20011,2022-06-28,0,None,2,D1,4,D3,False,0.034588914,0.10992844,0.34537446,0.2546436,0.17451224,0.080952294
20011,2022-07-05,0,None,2,D1,2,D1,False,0.036637336,0.115806274,0.3791731,0.2599218,0.13699943,0.071462065
20011,2022-07-12,0,None,2,D1,2,D1,False,0.03243281,0.11902598,0.39883772,0.25458968,0.10416189,0.090951905
20011,2022-07-19,1,D0,2,D1,2,D1,False,0.025832666,0.10500236,0.4242925,0.28426367,0.08894447,0.07166433
20011,2022-07-26,1,D0,2,D1,2,D1,False,0.025675971,0.1055557,0.45336348,0.2818718,0.07331038,0.060222626
20011,2022-08-02,1,D0,2,D1,2,D1,False,0.030532056,0.12050312,0.4596501,0.2601347,0.067224346,0.06195565
20011,2022-08-09,2,D1,2,D1,2,D1,True,0.033479907,0.1337543,0.44983068,0.24782252,0.064867795,0.07024485
20011,2022-08-16,2,D1,2,D1,2,D1,True,0.03591085,0.13959284,0.43775764,0.24074654,0.06467716,0.081315026
20011,2022-08-23,2,D1,2,D1,2,D1,True,0.038080208,0.13477178,0.42511392,0.23760399,0.06869928,0.095730804
20011,2022-08-30,2,D1,2,D1,2,D1,True,0.044653606,0.14380817,0.39950737,0.22407708,0.07387555,0.11407817
20011,2022-09-06,2,D1,5,D4,4,D3,False,0.044466015,0.102849685,0.19968858,0.16504748,0.15342428,0.334524
20011,2022-09-13,2,D1,5,D4,4,D3,False,0.03291975,0.066734806,0.10864724,0.14583628,0.23774253,0.40811938
20011,2022-09-20,3,D2,5,D4,4,D3,False,0.020572823,0.052779842,0.11306298,0.17652363,0.20979008,0.42727065
20011,2022-09-27,3,D2,5,D4,4,D3,False,0.015265433,0.03570189,0.0707192,0.1681815,0.26524547,0.44488654
20011,2022-10-04,4,D3,5,D4,4,D3,True,0.009866336,0.025050463,0.05710942,0.17047371,0.2683296,0.46917045
20011,2022-10-11,4,D3,5,D4,4,D3,True,0.008077225,0.018130204,0.0412044,0.17078725,0.28967002,0.47213086
20011,2022-10-18,4,D3,5,D4,4,D3,True,0.0070694787,0.016029775,0.043692667,0.17482719,0.28941196,0.46896896
20011,2022-10-25,3,D2,5,D4,4,D3,False,0.0073570795,0.014107118,0.03733984,0.1730458,0.30071634,0.46743378
20011,2022-11-01,3,D2,5,D4,4,D3,False,0.0076762373,0.015068799,0.041426856,0.17574629,0.30159903,0.45848277
20011,2022-11-08,3,D2,5,D4,4,D3,False,0.0092512565,0.018644786,0.047700364,0.17535393,0.3034644,0.44558522
20011,2022-11-15,3,D2,5,D4,4,D3,False,0.010091794,0.021983484,0.057345994,0.17890234,0.29824886,0.43342754
20011,2022-11-22,3,D2,5,D4,4,D3,False,0.010851009,0.024441784,0.06181244,0.17933087,0.29697803,0.42658585
20011,2022-11-29,3,D2,5,D4,4,D3,False,0.010966407,0.027383214,0.06918119,0.18195519,0.29972345,0.41079056
20011,2022-12-06,3,D2,5,D4,4,D3,False,0.0113004,0.031935964,0.07980986,0.18331671,0.30186123,0.39177582
20011,2022-12-13,3,D2,5,D4,4,D3,False,0.011036959,0.033910353,0.08613585,0.18482757,0.30347034,0.38061896
20011,2022-12-20,3,D2,5,D4,4,D3,False,0.012964164,0.046576332,0.112666205,0.18480366,0.31824118,0.3247485
20011,2022-12-27,3,D2,4,D3,4,D3,False,0.018657336,0.07147796,0.16311197,0.18425068,0.36273143,0.19977066
20011,2023-01-03,3,D2,4,D3,4,D3,False,0.027028492,0.1152638,0.23161641,0.1765433,0.38920513,0.06034294
20011,2023-01-10,3,D2,4,D3,4,D3,False,0.028747326,0.14305922,0.26002488,0.16911983,0.3750755,0.023973344
20011,2023-01-17,3,D2,4,D3,4,D3,False,0.034049604,0.16204253,0.27777433,0.15309434,0.36205053,0.010988662
20011,2023-01-24,3,D2,4,D3,4,D3,False,0.04678871,0.18515636,0.291845,0.13388278,0.33848435,0.003842818
20011,2023-01-31,3,D2,4,D3,4,D3,False,0.06262547,0.20831156,0.2994818,0.121988125,0.30617476,0.0014183869
20011,2023-02-07,3,D2,4,D3,4,D3,False,0.05257178,0.21391109,0.30042568,0.12869664,0.30292,0.0014747683
20011,2023-02-14,2,D1,2,D1,4,D3,False,0.04802812,0.21936508,0.30691773,0.1318096,0.29264283,0.0012366938
20011,2023-02-21,2,D1,2,D1,4,D3,False,0.049641725,0.22109742,0.3095241,0.13000545,0.28859386,0.001137513
20011,2023-02-28,2,D1,2,D1,4,D3,False,0.038682695,0.2169372,0.3151952,0.13874117,0.2890909,0.0013527691
20011,2023-03-07,1,D0,2,D1,4,D3,False,0.032937475,0.20840701,0.31902063,0.142124,0.29583642,0.0016745282
20011,2023-03-14,1,D0,2,D1,4,D3,False,0.032502547,0.21167545,0.32466358,0.14402024,0.28559935,0.0015388138
20011,2023-03-21,2,D1,2,D1,4,D3,False,0.031209148,0.21036983,0.32695296,0.14697042,0.2828102,0.0016874044
20011,2023-03-28,2,D1,2,D1,4,D3,False,0.019702988,0.19836245,0.33320192,0.16501497,0.2812961,0.002421579
20011,2023-04-04,2,D1,2,D1,4,D3,False,0.015401805,0.18431124,0.33034307,0.18081234,0.2845726,0.00455889
20011,2023-04-11,2,D1,2,D1,4,D3,False,0.012066101,0.16220096,0.3236271,0.20821251,0.284283,0.009610256
20011,2023-04-18,2,D1,2,D1,4,D3,False,0.012419787,0.14968976,0.31085986,0.21831407,0.28947416,0.019242436
20011,2023-04-25,2,D1,4,D3,4,D3,False,0.010439775,0.12183748,0.29030827,0.22663508,0.3056896,0.04508979
20011,2023-05-02,3,D2,4,D3,4,D3,False,0.007870328,0.08975001,0.25531226,0.23141102,0.31844857,0.09720774
20011,2023-05-09,3,D2,4,D3,4,D3,False,0.0066785375,0.07426,0.2330779,0.23050539,0.32148632,0.13399188
20011,2023-05-16,3,D2,4,D3,4,D3,False,0.008090212,0.07051825,0.21506093,0.21663663,0.30815935,0.18153456
20011,2023-05-23,3,D2,4,D3,4,D3,False,0.015441882,0.090446375,0.2397147,0.20971051,0.30452666,0.14015985
20011,2023-05-30,3,D2,4,D3,4,D3,False,0.025010057,0.120227896,0.28301919,0.21092597,0.30205554,0.05876135
20011,2023-06-06,3,D2,2,D1,4,D3,False,0.03640529,0.13613467,0.3268497,0.21661174,0.2731369,0.010861654
20011,2023-06-13,3,D2,2,D1,4,D3,False,0.037160695,0.13905752,0.34251568,0.2187309,0.2549865,0.007548775
20011,2023-06-20,3,D2,2,D1,4,D3,False,0.040468547,0.14945439,0.36686715,0.2220549,0.21723366,0.0039213505
20011,2023-06-27,3,D2,2,D1,4,D3,False,0.033575315,0.14315546,0.39096764,0.2340914,0.19581561,0.0023946015
20011,2023-07-04,4,D3,2,D1,4,D3,True,0.033936206,0.13506967,0.39736533,0.24074829,0.18820557,0.0046749245
20011,2023-07-11,4,D3,2,D1,4,D3,True,0.035203896,0.13103083,0.3733056,0.22844717,0.20943324,0.02257925
20011,2023-07-18,4,D3,2,D1,4,D3,True,0.03947163,0.13579097,0.349944,0.2138572,0.20841782,0.05251843
20011,2023-07-25,4,D3,5,D4,4,D3,True,0.04176424,0.11255077,0.18872164,0.15247147,0.2516035,0.25288835
20011,2023-08-01,4,D3,5,D4,4,D3,True,0.0338515,0.0757168,0.10159161,0.10813276,0.26809698,0.41261035
20011,2023-08-08,4,D3,5,D4,4,D3,True,0.0314739,0.055648282,0.066429764,0.085149705,0.26501986,0.4962784
20011,2023-08-15,3,D2,5,D4,4,D3,False,0.030702747,0.04584828,0.05037161,0.07651269,0.2646987,0.53186595
20011,2023-08-22,3,D2,5,D4,4,D3,False,0.032962877,0.045620468,0.04486468,0.07150761,0.2583275,0.5467169
20011,2023-08-29,3,D2,5,D4,4,D3,False,0.03491702,0.045592874,0.04359967,0.0710769,0.25877684,0.54603666
20011,2023-09-05,3,D2,5,D4,4,D3,False,0.042272333,0.054693673,0.04914713,0.07125662,0.24916093,0.5334693
20011,2023-09-12,3,D2,5,D4,4,D3,False,0.050967332,0.06662267,0.05883317,0.07683759,0.24683692,0.4999024
20011,2023-09-19,3,D2,5,D4,4,D3,False,0.049114257,0.06394284,0.054346126,0.07686277,0.26448953,0.4912445
20011,2023-09-26,3,D2,5,D4,4,D3,False,0.04924011,0.06811,0.059454557,0.09374875,0.29814267,0.43130395
20011,2023-10-03,3,D2,5,D4,4,D3,False,0.047572274,0.06951979,0.06373124,0.10952705,0.3222752,0.38737446
20011,2023-10-10,3,D2,5,D4,4,D3,False,0.050272238,0.075039454,0.07298781,0.12629838,0.3262197,0.3491823
20011,2023-10-17,3,D2,5,D4,4,D3,False,0.03493411,0.0663776,0.075099856,0.15626618,0.3231894,0.34413278
20011,2023-10-24,3,D2,5,D4,4,D3,False,0.027050434,0.068912484,0.08802908,0.17229983,0.3015971,0.34211114
20011,2023-10-31,2,D1,5,D4,4,D3,False,0.028184121,0.07896411,0.10713663,0.18907368,0.29167134,0.3049702
20011,2023-11-07,2,D1,4,D3,4,D3,False,0.032760818,0.10110872,0.13364454,0.2019874,0.2708623,0.2596362
20011,2023-11-14,2,D1,4,D3,4,D3,False,0.0353645,0.11492268,0.15089853,0.20628414,0.2620424,0.23048773
20011,2023-11-21,2,D1,4,D3,4,D3,False,0.0384696,0.14370042,0.17437759,0.21157049,0.26483727,0.16704457
20011,2023-11-28,2,D1,4,D3,4,D3,False,0.038634848,0.15946296,0.18994342,0.21138124,0.2725971,0.12798046
20011,2023-12-05,2,D1,4,D3,4,D3,False,0.035979267,0.16692132,0.19991878,0.21175654,0.2788683,0.10655574
20011,2023-12-12,2,D1,4,D3,4,D3,False,0.036877096,0.18148355,0.21969055,0.20271952,0.28984237,0.06938692
20011,2023-12-19,2,D1,4,D3,4,D3,False,0.045606516,0.1987048,0.24663305,0.18150543,0.3032539,0.024296269
20011,2023-12-26,1,D0,4,D3,4,D3,False,0.061068654,0.21725602,0.26727608,0.16513552,0.28267366,0.006590042
20011,2024-01-02,1,D0,2,D1,4,D3,False,0.07037276,0.22795364,0.27568588,0.15608902,0.26664698,0.0032516979
20011,2024-01-09,1,D0,2,D1,4,D3,False,0.11334584,0.2554585,0.2771271,0.1386779,0.21420005,0.001190613
20011,2024-01-16,1,D0,2,D1,4,D3,False,0.13575576,0.27250454,0.27676424,0.13001764,0.18436429,0.00059352204
20011,2024-01-23,1,D0,2,D1,4,D3,False,0.12939769,0.2771965,0.28100118,0.12870792,0.18323568,0.0004610317
20011,2024-01-30,1,D0,1,D0,4,D3,False,0.15738003,0.2886542,0.27048534,0.12325053,0.15997471,0.00025513818
20011,2024-02-06,1,D0,1,D0,0,None,False,0.19975927,0.30053186,0.2517975,0.11445589,0.13330868,0.00014680433
20011,2024-02-13,1,D0,1,D0,0,None,False,0.20205902,0.30091503,0.25077382,0.115170054,0.13094397,0.00013814066
20011,2024-02-20,1,D0,1,D0,0,None,False,0.16571294,0.30589646,0.26381883,0.12399119,0.14045164,0.00012892735
20011,2024-02-27,1,D0,1,D0,0,None,False,0.1892027,0.30475655,0.26221275,0.12053373,0.12319011,0.00010420451
20011,2024-03-05,1,D0,1,D0,0,None,False,0.16667898,0.31203225,0.27789265,0.12833841,0.11495814,9.955669e-05
20011,2024-03-12,1,D0,1,D0,0,None,False,0.1648819,0.31975174,0.28590485,0.12913516,0.10023776,8.8623776e-05
20011,2024-03-19,1,D0,1,D0,0,None,False,0.1668893,0.32812503,0.29559758,0.12411316,0.08520616,6.878913e-05
20011,2024-03-26,1,D0,1,D0,0,None,False,0.15240358,0.3235751,0.31057367,0.12448838,0.08887229,8.6962275e-05
20011,2024-04-02,1,D0,2,D1,2,D1,False,0.10307061,0.3052541,0.3478985,0.14067158,0.102961145,0.00014402495
20011,2024-04-09,1,D0,2,D1,2,D1,False,0.04820237,0.25950933,0.37412006,0.17032167,0.14735216,0.000494366
20011,2024-04-16,1,D0,2,D1,2,D1,False,0.028101807,0.22923616,0.38080072,0.19214787,0.16843702,0.0012764194
20011,2024-04-23,1,D0,2,D1,4,D3,False,0.025747797,0.21081649,0.36316112,0.1983939,0.19866292,0.0032177845
20011,2024-04-30,0,None,2,D1,4,D3,False,0.030505868,0.19939055,0.33777955,0.19990523,0.22529075,0.0071280086
20011,2024-05-07,0,None,2,D1,4,D3,False,0.03702262,0.19708031,0.3290669,0.19734186,0.22927417,0.010214149
20011,2024-05-14,0,None,2,D1,4,D3,False,0.048731446,0.19792566,0.31834278,0.19022214,0.22945562,0.015322338
20011,2024-05-21,0,None,2,D1,4,D3,False,0.071799465,0.20586774,0.31753737,0.1800406,0.21399899,0.010755891
20011,2024-05-28,0,None,2,D1,4,D3,False,0.082413234,0.19753088,0.3100256,0.18269995,0.21148859,0.015841683
20011,2024-06-04,0,None,2,D1,4,D3,False,0.06149049,0.18111843,0.32494423,0.19859347,0.22216585,0.01168759
20011,2024-06-11,0,None,2,D1,4,D3,False,0.054608688,0.17657523,0.33450997,0.20578995,0.22046918,0.00804701
20011,2024-06-18,0,None,2,D1,4,D3,False,0.055391617,0.164275,0.32197532,0.21383484,0.22652172,0.018001506
20011,2024-06-25,0,None,2,D1,4,D3,False,0.05652831,0.152265,0.31728035,0.21560697,0.22485125,0.03346811
20011,2024-07-02,0,None,2,D1,4,D3,False,0.048259225,0.14117439,0.3212854,0.21966971,0.21531756,0.054293714
20011,2024-07-09,0,None,2,D1,4,D3,False,0.041172944,0.13137506,0.3089724,0.21216272,0.21388271,0.09243408
20011,2024-07-16,0,None,2,D1,4,D3,False,0.035906665,0.123261005,0.2941797,0.19766714,0.19208205,0.15690343
20011,2024-07-23,0,None,2,D1,4,D3,False,0.02827463,0.104397856,0.27331132,0.19227663,0.17388631,0.22785322
20011,2024-07-30,1,D0,5,D4,4,D3,False,0.023395242,0.09194236,0.24635667,0.18488905,0.1633046,0.29011217
20011,2024-08-06,1,D0,5,D4,4,D3,False,0.030062452,0.08294421,0.14490207,0.13541369,0.19814277,0.40853485
20011,2024-08-13,2,D1,5,D4,4,D3,False,0.027712695,0.05990889,0.08309963,0.10949733,0.25414124,0.46564025
20011,2024-08-20,1,D0,5,D4,4,D3,False,0.027676938,0.048635926,0.057825193,0.09091407,0.27750832,0.49743956
20011,2024-08-27,1,D0,5,D4,4,D3,False,0.027372373,0.04129927,0.045653313,0.083268754,0.2785405,0.52386576
20011,2024-09-03,1,D0,5,D4,4,D3,False,0.029441996,0.042725615,0.04448351,0.08536662,0.28032157,0.5176607
20011,2024-09-10,2,D1,5,D4,4,D3,False,0.026099645,0.03828961,0.04280114,0.09462834,0.29637662,0.5018047
20011,2024-09-17,2,D1,5,D4,4,D3,False,0.021970088,0.034229644,0.041188963,0.11047656,0.31876174,0.473373
20011,2024-09-24,1,D0,5,D4,4,D3,False,0.015132397,0.025094382,0.033893593,0.12253686,0.32771486,0.47562784
20011,2024-10-01,1,D0,5,D4,4,D3,False,0.011687155,0.019989492,0.028298901,0.1259525,0.32916126,0.4849107
20011,2024-10-08,2,D1,5,D4,4,D3,False,0.0058438433,0.014372665,0.026495496,0.14634073,0.30938303,0.4975642
20011,2024-10-15,2,D1,5,D4,4,D3,False,0.004982234,0.011778555,0.026050832,0.15512751,0.30613753,0.49592334
20011,2024-10-22,2,D1,5,D4,4,D3,False,0.0045230263,0.010496686,0.02745748,0.16550557,0.30156118,0.4904561
20011,2024-10-29,3,D2,5,D4,4,D3,False,0.0042493884,0.010143838,0.030070284,0.1730869,0.30016777,0.48228174
20011,2024-11-05,2,D1,5,D4,4,D3,False,0.0050960165,0.012702041,0.036667027,0.17743221,0.2994716,0.46863103
20011,2024-11-12,1,D0,5,D4,4,D3,False,0.013248908,0.028988594,0.06881761,0.1798551,0.2996027,0.40948707
20011,2024-11-19,1,D0,5,D4,4,D3,False,0.024143225,0.048620757,0.10072672,0.16392495,0.31472734,0.34785697
20011,2024-11-26,1,D0,4,D3,4,D3,False,0.039224118,0.08218371,0.15586862,0.16220282,0.35482302,0.20569767
20011,2024-12-03,1,D0,4,D3,4,D3,False,0.047939457,0.10744474,0.19707958,0.1470471,0.38021916,0.12026996
20011,2024-12-10,1,D0,4,D3,4,D3,False,0.053698067,0.123189405,0.22040011,0.13991624,0.38663095,0.076165274
20011,2024-12-17,1,D0,4,D3,4,D3,False,0.0465894,0.12916173,0.22974874,0.14490494,0.38894987,0.06064531
20011,2024-12-24,1,D0,4,D3,4,D3,False,0.060391203,0.14430046,0.24570769,0.13110855,0.3851516,0.033340484
20011,2024-12-31,2,D1,4,D3,4,D3,False,0.06933704,0.15980314,0.2594543,0.12409119,0.37179598,0.015518437
20011,2025-01-07,2,D1,4,D3,4,D3,False,0.07765001,0.16904801,0.26856658,0.121095605,0.3544239,0.0092158625
20011,2025-01-14,2,D1,4,D3,4,D3,False,0.06684932,0.17983231,0.2735944,0.1251227,0.3476377,0.0069635576
20011,2025-01-21,2,D1,4,D3,4,D3,False,0.06293338,0.18609816,0.27678758,0.12643394,0.34115952,0.0065873447
20011,2025-01-28,2,D1,4,D3,4,D3,False,0.05786495,0.19117358,0.2835073,0.12558931,0.33621427,0.005650639
20011,2025-02-04,2,D1,4,D3,4,D3,False,0.05446325,0.20078671,0.29146725,0.124050036,0.32560328,0.0036294789
20011,2025-02-11,2,D1,4,D3,4,D3,False,0.039654307,0.20528622,0.3020534,0.13354404,0.31658316,0.0028789889
20011,2025-02-18,2,D1,4,D3,4,D3,False,0.034054976,0.20267172,0.3065033,0.13770482,0.31627393,0.0027911859
20011,2025-02-25,2,D1,2,D1,4,D3,False,0.03261794,0.20985508,0.31674632,0.1372756,0.30167046,0.0018345496
20011,2025-03-04,2,D1,2,D1,4,D3,False,0.028631458,0.21065237,0.31874895,0.14468808,0.29510075,0.0021784208
20011,2025-03-11,1,D0,2,D1,4,D3,False,0.023139924,0.20493329,0.31546757,0.16119981,0.29170722,0.0035522524
20011,2025-03-18,1,D0,2,D1,4,D3,False,0.014947843,0.18596119,0.31884068,0.1800252,0.29460058,0.005624446
20011,2025-03-25,1,D0,2,D1,4,D3,False,0.012927134,0.17566875,0.3214552,0.19229555,0.29045033,0.0072030206
20011,2025-04-01,1,D0,2,D1,4,D3,False,0.014326904,0.18191032,0.3306291,0.1959079,0.27077052,0.006455274
20011,2025-04-08,0,None,2,D1,4,D3,False,0.016485749,0.1879462,0.33071044,0.20130338,0.2563598,0.0071944213
20011,2025-04-15,0,None,2,D1,4,D3,False,0.01973281,0.18405414,0.3244973,0.2048184,0.254294,0.012603311
20011,2025-04-22,0,None,2,D1,4,D3,False,0.022177208,0.1728626,0.31193838,0.2065889,0.26265177,0.02378123
20011,2025-04-29,0,None,2,D1,4,D3,False,0.037343726,0.18850693,0.3104739,0.19724195,0.24547862,0.020954939
20011,2025-05-06,0,None,2,D1,4,D3,False,0.04038159,0.18589643,0.30739218,0.19635618,0.24472198,0.025251733
20011,2025-05-13,0,None,2,D1,4,D3,False,0.05226122,0.18859279,0.30015218,0.1892019,0.2386838,0.031108106
20011,2025-05-20,0,None,2,D1,4,D3,False,0.096829854,0.21060953,0.29866937,0.17146128,0.20854373,0.013886258
20011,2025-05-27,0,None,2,D1,4,D3,False,0.15185563,0.2284643,0.29965296,0.1519372,0.16164657,0.006443307
20011,2025-06-03,0,None,2,D1,4,D3,False,0.15383187,0.22064365,0.2976553,0.15466958,0.16419487,0.009004714
20011,2025-06-10,0,None,2,D1,4,D3,False,0.15377575,0.20927875,0.31316975,0.16044642,0.15555523,0.007774087
20011,2025-06-17,0,None,2,D1,0,None,True,0.19317445,0.21828,0.31427574,0.14035866,0.12528388,0.008627175
20011,2025-06-24,0,None,2,D1,0,None,True,0.20523949,0.2316862,0.323186,0.13006397,0.10405794,0.005766349
20011,2025-07-01,0,None,2,D1,0,None,True,0.23597355,0.2417568,0.31527326,0.11576442,0.08817939,0.003052529
20011,2025-07-08,0,None,2,D1,0,None,True,0.2087613,0.23900583,0.32208768,0.12706847,0.09854059,0.004536127
20011,2025-07-15,0,None,2,D1,0,None,True,0.23535493,0.24689287,0.29591265,0.11943117,0.09676913,0.005639233
20011,2025-07-22,0,None,0,None,0,None,True,0.27650023,0.25448108,0.27128127,0.11721309,0.07256035,0.007963973
20011,2025-07-29,0,None,0,None,0,None,True,0.33269212,0.25687492,0.23321334,0.094636895,0.060896076,0.021686621
20011,2025-08-05,0,None,0,None,0,None,True,0.2778002,0.25403336,0.21703878,0.08635727,0.07127234,0.09349807
20011,2025-08-12,0,None,5,D4,0,None,True,0.18302388,0.15262985,0.10999066,0.0660644,0.11355362,0.3747376
20011,2025-08-19,0,None,5,D4,5,D4,False,0.15807116,0.11779315,0.07071442,0.054113258,0.11145521,0.48785284
20011,2025-08-26,0,None,5,D4,5,D4,False,0.16457742,0.12157707,0.06564549,0.054694884,0.11427386,0.4792312
20011,2025-09-02,0,None,5,D4,0,None,True,0.22356679,0.15358305,0.074923135,0.058021978,0.09992772,0.38997728
20011,2025-09-09,0,None,5,D4,0,None,True,0.2559208,0.1725786,0.08005582,0.059346803,0.09142923,0.3406688
20011,2025-09-16,1,D0,0,None,0,None,False,0.30831653,0.20065142,0.08608438,0.0603,0.07601391,0.26863378
20011,2025-09-23,1,D0,0,None,0,None,False,0.35189527,0.21906748,0.086790115,0.0631071,0.0648777,0.21426238
20011,2025-09-30,1,D0,0,None,0,None,False,0.3799496,0.23639047,0.08851061,0.06720326,0.057379406,0.17056654
20011,2025-10-07,1,D0,0,None,0,None,False,0.37034473,0.29418758,0.12067405,0.096109435,0.044775233,0.073909014
20011,2025-10-14,2,D1,0,None,0,None,False,0.36746845,0.34200314,0.13561624,0.11378083,0.024271414,0.016859967
20011,2025-10-21,2,D1,1,D0,0,None,False,0.3729328,0.3731789,0.15148605,0.08960134,0.0103750825,0.002425812
20011,2025-10-28,2,D1,1,D0,0,None,False,0.32800394,0.40006584,0.19071995,0.07515832,0.005676984,0.00037492902
20011,2025-11-04,2,D1,1,D0,0,None,False,0.29277754,0.40290236,0.20419012,0.0927368,0.0070735943,0.00031958256
20011,2025-11-11,2,D1,1,D0,0,None,False,0.26677012,0.39990023,0.19589773,0.12608108,0.01082489,0.0005259154
20011,2025-11-18,2,D1,1,D0,0,None,False,0.28766873,0.40332654,0.18236227,0.11765402,0.008742328,0.00024615513
20011,2025-11-25,2,D1,1,D0,0,None,False,0.28197846,0.39660826,0.17423254,0.1362214,0.0107671395,0.00019226069
20011,2025-12-02,2,D1,1,D0,0,None,False,0.29178548,0.39229313,0.17498277,0.13134114,0.0095321555,6.52483e-05
20011,2025-12-09,2,D1,1,D0,0,None,False,0.22569016,0.3947413,0.19508815,0.17159158,0.01283061,5.8165755e-05
20011,2025-12-16,2,D1,1,D0,0,None,False,0.27937388,0.38736272,0.18882625,0.13433501,0.010081491,2.0644175e-05
20011,2025-12-23,2,D1,1,D0,0,None,False,0.21219265,0.39756095,0.204501,0.17296949,0.01275467,2.1143356e-05
20011,2025-12-30,2,D1,1,D0,0,None,False,0.17215541,0.40083432,0.21362218,0.1966613,0.016700383,2.6416676e-05
20013,2022-01-04,0,None,1,D0,2,D1,False,0.06171479,0.32528162,0.25632498,0.24909037,0.10289962,0.0046886243
20013,2022-01-11,0,None,1,D0,3,D2,False,0.054051228,0.32100716,0.25149396,0.25290075,0.115203224,0.0053436994
20013,2022-01-18,0,None,1,D0,4,D3,False,0.04375985,0.30923012,0.25093034,0.2521218,0.13733117,0.0066267056
20013,2022-01-25,0,None,1,D0,4,D3,False,0.03672972,0.3044396,0.259039,0.24170868,0.15128858,0.006794417
20013,2022-02-01,0,None,1,D0,4,D3,False,0.029016966,0.2906035,0.27522957,0.22574311,0.17283235,0.006574529
20013,2022-02-08,0,None,2,D1,4,D3,False,0.023486745,0.27400023,0.29080465,0.21263702,0.19267885,0.006392457
20013,2022-02-15,0,None,2,D1,4,D3,False,0.019891758,0.2558538,0.3031212,0.20276971,0.21043861,0.007924956
20013,2022-02-22,0,None,2,D1,4,D3,False,0.017641162,0.24399117,0.30719292,0.19994392,0.2216554,0.00957548
20013,2022-03-01,1,D0,2,D1,4,D3,False,0.017869283,0.22250997,0.29913676,0.19963633,0.23806539,0.022782242
20013,2022-03-08,1,D0,2,D1,4,D3,False,0.018517945,0.1995779,0.28769806,0.19901647,0.25168976,0.043499846
20013,2022-03-15,2,D1,2,D1,4,D3,False,0.018545747,0.18020412,0.28251892,0.20539667,0.2665869,0.04674763
20013,2022-03-22,1,D0,2,D1,4,D3,False,0.015536721,0.16154991,0.28032616,0.21446554,0.27487603,0.053245652
20013,2022-03-29,0,None,4,D3,4,D3,False,0.01379514,0.12675072,0.25364053,0.21618423,0.29040727,0.099222064
20013,2022-04-05,0,None,4,D3,4,D3,False,0.008341992,0.09178996,0.23459399,0.22887269,0.30457237,0.13182896
20013,2022-04-12,0,None,4,D3,4,D3,False,0.0058923215,0.0682578,0.20942841,0.22810829,0.30948877,0.17882441
20013,2022-04-19,0,None,4,D3,4,D3,False,0.0040678373,0.04871401,0.17490049,0.21893188,0.29896384,0.25442195
20013,2022-04-26,0,None,5,D4,4,D3,False,0.0036582784,0.037854075,0.14551185,0.20096613,0.28141788,0.33059174
20013,2022-05-03,0,None,5,D4,4,D3,False,0.0035181704,0.03551846,0.14279649,0.20046282,0.28005815,0.33764595
20013,2022-05-10,0,None,5,D4,4,D3,False,0.004739675,0.04347411,0.15625945,0.19796263,0.27669775,0.32086647
20013,2022-05-17,0,None,5,D4,4,D3,False,0.008167286,0.05540977,0.16748963,0.18892045,0.26826143,0.31175143
20013,2022-05-24,0,None,4,D3,4,D3,False,0.018947303,0.09069582,0.23042294,0.1958515,0.2962964,0.16778597
20013,2022-05-31,0,None,4,D3,4,D3,False,0.03285546,0.11557019,0.28721547,0.21236193,0.3004291,0.051567845
20013,2022-06-07,0,None,2,D1,4,D3,False,0.030705366,0.121174,0.32857147,0.2322871,0.26949897,0.017763043
20013,2022-06-14,0,None,2,D1,4,D3,False,0.03358504,0.12591586,0.32381997,0.23309216,0.23795965,0.045627303
20013,2022-06-21,0,None,2,D1,4,D3,False,0.030342773,0.112790614,0.35438544,0.25121185,0.20031261,0.050956715
20013,2022-06-28,0,None,2,D1,4,D3,False,0.03458891,0.10992844,0.3453745,0.25464362,0.17451224,0.080952294
20013,2022-07-05,0,None,2,D1,2,D1,False,0.036637336,0.115806274,0.3791731,0.2599218,0.13699943,0.071462065
20013,2022-07-12,0,None,2,D1,2,D1,False,0.03243281,0.11902598,0.39883772,0.25458968,0.10416189,0.090951905
20013,2022-07-19,0,None,2,D1,2,D1,False,0.025832666,0.10500236,0.4242925,0.28426367,0.08894447,0.07166433
20013,2022-07-26,0,None,2,D1,2,D1,False,0.025675971,0.1055557,0.45336348,0.2818718,0.07331038,0.060222626
20013,2022-08-02,0,None,2,D1,2,D1,False,0.030532056,0.12050312,0.4596501,0.2601347,0.067224346,0.06195565
20013,2022-08-09,0,None,2,D1,2,D1,False,0.033479907,0.1337543,0.44983068,0.24782252,0.064867795,0.07024485
20013,2022-08-16,0,None,2,D1,2,D1,False,0.03591085,0.13959284,0.43775764,0.24074654,0.06467716,0.081315026
20013,2022-08-23,0,None,2,D1,2,D1,False,0.038080208,0.13477178,0.42511392,0.23760399,0.06869928,0.095730804
20013,2022-08-30,1,D0,2,D1,2,D1,False,0.044653606,0.14380817,0.39950737,0.22407708,0.07387555,0.11407817
20013,2022-09-06,1,D0,5,D4,4,D3,False,0.044466015,0.102849685,0.19968858,0.16504748,0.15342428,0.334524
20013,2022-09-13,1,D0,5,D4,4,D3,False,0.03291975,0.066734806,0.10864724,0.14583628,0.23774253,0.40811938
20013,2022-09-20,2,D1,5,D4,4,D3,False,0.020572823,0.052779842,0.11306298,0.17652363,0.20979008,0.42727065
20013,2022-09-27,2,D1,5,D4,4,D3,False,0.015265433,0.03570189,0.0707192,0.1681815,0.26524547,0.44488654
20013,2022-10-04,2,D1,5,D4,4,D3,False,0.009866336,0.025050463,0.05710942,0.17047371,0.2683296,0.46917045
20013,2022-10-11,2,D1,5,D4,4,D3,False,0.008077225,0.018130204,0.0412044,0.17078725,0.28967002,0.47213086
20013,2022-10-18,3,D2,5,D4,4,D3,False,0.0070694787,0.016029779,0.043692667,0.1748272,0.28941196,0.46896896
20013,2022-10-25,3,D2,5,D4,4,D3,False,0.0073570777,0.014107116,0.03733984,0.17304578,0.30071634,0.4674339
20013,2022-11-01,3,D2,5,D4,4,D3,False,0.0076762373,0.015068799,0.041426856,0.17574629,0.30159903,0.45848277
20013,2022-11-08,2,D1,5,D4,4,D3,False,0.0092512565,0.018644786,0.047700364,0.17535393,0.3034644,0.44558522
20013,2022-11-15,2,D1,5,D4,4,D3,False,0.010091794,0.021983484,0.057345994,0.17890234,0.29824886,0.43342754
20013,2022-11-22,2,D1,5,D4,4,D3,False,0.010851009,0.024441784,0.06181244,0.17933087,0.29697803,0.42658585
20013,2022-11-29,2,D1,5,D4,4,D3,False,0.010966407,0.027383214,0.06918119,0.18195519,0.29972345,0.41079056
20013,2022-12-06,2,D1,5,D4,4,D3,False,0.0113004,0.031935964,0.07980986,0.18331671,0.30186123,0.39177582
20013,2022-12-13,2,D1,5,D4,4,D3,False,0.011036959,0.033910353,0.08613585,0.18482757,0.30347034,0.38061896
20013,2022-12-20,2,D1,5,D4,4,D3,False,0.012964164,0.046576332,0.112666205,0.18480366,0.31824118,0.3247485
20013,2022-12-27,2,D1,4,D3,4,D3,False,0.018657336,0.07147796,0.16311197,0.18425068,0.36273143,0.19977066
20013,2023-01-03,2,D1,4,D3,4,D3,False,0.027028492,0.1152638,0.23161641,0.1765433,0.38920513,0.06034294
20013,2023-01-10,2,D1,4,D3,4,D3,False,0.028747326,0.14305922,0.26002488,0.16911983,0.3750755,0.023973344
20013,2023-01-17,2,D1,4,D3,4,D3,False,0.034049604,0.16204253,0.27777433,0.15309434,0.36205053,0.010988662
20013,2023-01-24,2,D1,4,D3,4,D3,False,0.04678871,0.18515636,0.291845,0.13388278,0.33848435,0.003842818
20013,2023-01-31,2,D1,4,D3,4,D3,False,0.062625445,0.20831157,0.2994818,0.12198812,0.30617467,0.0014183865
20013,2023-02-07,2,D1,4,D3,4,D3,False,0.052571777,0.21391116,0.30042574,0.12869667,0.30291995,0.0014747673
20013,2023-02-14,1,D0,2,D1,4,D3,False,0.04802812,0.21936508,0.30691773,0.1318096,0.29264283,0.0012366938
20013,2023-02-21,0,None,2,D1,4,D3,False,0.049641725,0.22109742,0.3095241,0.13000545,0.28859386,0.001137513
20013,2023-02-28,0,None,2,D1,4,D3,False,0.038682695,0.2169372,0.3151952,0.13874117,0.2890909,0.0013527691
20013,2023-03-07,0,None,2,D1,4,D3,False,0.032937475,0.20840701,0.31902063,0.142124,0.29583642,0.0016745282
20013,2023-03-14,0,None,2,D1,4,D3,False,0.032502547,0.21167545,0.32466358,0.14402024,0.28559935,0.0015388138
20013,2023-03-21,0,None,2,D1,4,D3,False,0.031209148,0.21036983,0.32695296,0.14697042,0.2828102,0.0016874044
20013,2023-03-28,0,None,2,D1,4,D3,False,0.019702988,0.19836245,0.33320192,0.16501497,0.2812961,0.002421579
20013,2023-04-04,0,None,2,D1,4,D3,False,0.015401805,0.18431124,0.33034307,0.18081234,0.2845726,0.00455889
20013,2023-04-11,0,None,2,D1,4,D3,False,0.012066101,0.16220096,0.3236271,0.20821251,0.284283,0.009610256
20013,2023-04-18,0,None,2,D1,4,D3,False,0.012419787,0.14968976,0.31085986,0.21831407,0.28947416,0.019242436
20013,2023-04-25,0,None,4,D3,4,D3,False,0.010439775,0.12183748,0.29030827,0.22663508,0.3056896,0.04508979
20013,2023-05-02,0,None,4,D3,4,D3,False,0.007870328,0.08975001,0.25531226,0.23141102,0.31844857,0.09720774
20013,2023-05-09,0,None,4,D3,4,D3,False,0.0066785375,0.07426,0.2330779,0.23050539,0.32148632,0.13399188
20013,2023-05-16,0,None,4,D3,4,D3,False,0.008090212,0.07051825,0.21506093,0.21663663,0.30815935,0.18153456
20013,2023-05-23,0,None,4,D3,4,D3,False,0.015441882,0.090446375,0.2397147,0.20971051,0.30452666,0.14015985
20013,2023-05-30,0,None,4,D3,4,D3,False,0.025010068,0.12022793,0.2830192,0.21092597,0.30205554,0.05876133
20013,2023-06-06,0,None,2,D1,4,D3,False,0.036405288,0.13613468,0.32684976,0.21661177,0.2731369,0.010861656
20013,2023-06-13,0,None,2,D1,4,D3,False,0.037160695,0.13905752,0.34251568,0.2187309,0.2549865,0.007548775
20013,2023-06-20,1,D0,2,D1,4,D3,False,0.040468547,0.14945439,0.36686715,0.2220549,0.21723366,0.0039213505
20013,2023-06-27,2,D1,2,D1,4,D3,False,0.033575315,0.14315546,0.39096764,0.2340914,0.19581561,0.0023946015
20013,2023-07-04,2,D1,2,D1,4,D3,False,0.033936206,0.13506967,0.39736533,0.24074829,0.18820557,0.0046749245
20013,2023-07-11,2,D1,2,D1,4,D3,False,0.035203896,0.13103083,0.3733056,0.22844717,0.20943324,0.02257925
20013,2023-07-18,2,D1,2,D1,4,D3,False,0.03947163,0.13579097,0.349944,0.2138572,0.20841782,0.05251843
20013,2023-07-25,2,D1,5,D4,4,D3,False,0.04176424,0.11255077,0.18872164,0.15247147,0.2516035,0.25288835
20013,2023-08-01,1,D0,5,D4,4,D3,False,0.0338515,0.0757168,0.10159161,0.10813276,0.26809698,0.41261035
20013,2023-08-08,1,D0,5,D4,4,D3,False,0.0314739,0.055648282,0.066429764,0.085149705,0.26501986,0.4962784
20013,2023-08-15,1,D0,5,D4,4,D3,False,0.030702747,0.04584828,0.05037161,0.07651269,0.2646987,0.53186595
20013,2023-08-22,1,D0,5,D4,4,D3,False,0.032962877,0.045620468,0.04486468,0.07150761,0.2583275,0.5467169
20013,2023-08-29,0,None,5,D4,4,D3,False,0.03491702,0.045592874,0.04359967,0.0710769,0.25877684,0.54603666
20013,2023-09-05,0,None,5,D4,4,D3,False,0.042272333,0.054693673,0.04914713,0.07125662,0.24916093,0.5334693
20013,2023-09-12,0,None,5,D4,4,D3,False,0.050967332,0.06662265,0.058833156,0.07683757,0.24683692,0.4999024
20013,2023-09-19,0,None,5,D4,4,D3,False,0.04911424,0.06394281,0.054346118,0.076862775,0.26448953,0.49124444
20013,2023-09-26,0,None,5,D4,4,D3,False,0.04924011,0.06811,0.059454557,0.09374875,0.29814267,0.43130395
20013,2023-10-03,1,D0,5,D4,4,D3,False,0.047572274,0.06951979,0.06373124,0.10952705,0.3222752,0.38737446
20013,2023-10-10,1,D0,5,D4,4,D3,False,0.050272238,0.075039454,0.07298781,0.12629838,0.3262197,0.3491823
20013,2023-10-17,1,D0,5,D4,4,D3,False,0.03493411,0.0663776,0.075099856,0.15626618,0.3231894,0.34413278
20013,2023-10-24,1,D0,5,D4,4,D3,False,0.027050434,0.068912484,0.08802908,0.17229983,0.3015971,0.34211114
20013,2023-10-31,1,D0,5,D4,4,D3,False,0.028184121,0.07896411,0.10713663,0.18907368,0.29167134,0.3049702
20013,2023-11-07,1,D0,4,D3,4,D3,False,0.032760818,0.10110872,0.13364454,0.2019874,0.2708623,0.2596362
20013,2023-11-14,2,D1,4,D3,4,D3,False,0.0353645,0.11492268,0.15089853,0.20628414,0.2620424,0.23048773
20013,2023-11-21,2,D1,4,D3,4,D3,False,0.0384696,0.14370042,0.17437759,0.21157049,0.26483727,0.16704457
20013,2023-11-28,2,D1,4,D3,4,D3,False,0.038634848,0.15946296,0.18994342,0.21138124,0.2725971,0.12798046
20013,2023-12-05,2,D1,4,D3,4,D3,False,0.035979267,0.16692132,0.19991878,0.21175654,0.2788683,0.10655574
20013,2023-12-12,2,D1,4,D3,4,D3,False,0.036877096,0.18148355,0.21969055,0.20271952,0.28984237,0.06938692
20013,2023-12-19,2,D1,4,D3,4,D3,False,0.045606516,0.1987048,0.24663305,0.18150543,0.3032539,0.024296269
20013,2023-12-26,2,D1,4,D3,4,D3,False,0.061068654,0.21725602,0.26727608,0.16513552,0.28267366,0.006590042
20013,2024-01-02,2,D1,2,D1,4,D3,False,0.07037276,0.22795364,0.27568588,0.15608902,0.26664698,0.0032516979
20013,2024-01-09,2,D1,2,D1,4,D3,False,0.11334586,0.2554585,0.27712715,0.13867794,0.21419999,0.0011906126
20013,2024-01-16,2,D1,2,D1,4,D3,False,0.13575575,0.2725045,0.27676427,0.13001764,0.18436435,0.0005935227
20013,2024-01-23,2,D1,2,D1,4,D3,False,0.12939769,0.2771965,0.28100118,0.12870792,0.18323568,0.0004610317
20013,2024-01-30,2,D1,1,D0,4,D3,False,0.15738003,0.2886542,0.27048534,0.12325053,0.15997471,0.00025513818
20013,2024-02-06,2,D1,1,D0,0,None,False,0.19975927,0.30053186,0.2517975,0.11445589,0.13330868,0.00014680433
20013,2024-02-13,2,D1,1,D0,0,None,False,0.20205902,0.30091503,0.25077382,0.115170054,0.13094397,0.00013814066
20013,2024-02-20,2,D1,1,D0,0,None,False,0.16571294,0.30589646,0.26381883,0.12399119,0.14045164,0.00012892735
20013,2024-02-27,2,D1,1,D0,0,None,False,0.1892027,0.30475655,0.26221275,0.12053373,0.12319011,0.00010420451
20013,2024-03-05,2,D1,1,D0,0,None,False,0.16667898,0.31203225,0.27789265,0.12833841,0.11495814,9.955669e-05
20013,2024-03-12,2,D1,1,D0,0,None,False,0.1648819,0.31975174,0.28590485,0.12913516,0.10023776,8.8623776e-05
20013,2024-03-19,2,D1,1,D0,0,None,False,0.1668893,0.32812503,0.29559758,0.12411316,0.08520616,6.878913e-05
20013,2024-03-26,2,D1,1,D0,0,None,False,0.15240358,0.3235751,0.31057367,0.12448838,0.08887229,8.6962275e-05
20013,2024-04-02,2,D1,2,D1,2,D1,True,0.10307061,0.3052541,0.3478985,0.14067158,0.102961145,0.00014402495
20013,2024-04-09,2,D1,2,D1,2,D1,True,0.04820237,0.25950933,0.37412006,0.17032167,0.14735216,0.000494366
20013,2024-04-16,2,D1,2,D1,2,D1,True,0.028101807,0.22923616,0.38080072,0.19214787,0.16843702,0.0012764194
20013,2024-04-23,2,D1,2,D1,4,D3,False,0.025747802,0.2108165,0.36316112,0.19839388,0.19866292,0.0032177845
20013,2024-04-30,2,D1,2,D1,4,D3,False,0.030505873,0.19939056,0.3377796,0.19990525,0.22529075,0.007128013
20013,2024-05-07,1,D0,2,D1,4,D3,False,0.03702262,0.19708031,0.3290669,0.19734186,0.22927417,0.010214149
20013,2024-05-14,0,None,2,D1,4,D3,False,0.048731446,0.19792566,0.31834278,0.19022214,0.22945562,0.015322338
20013,2024-05-21,0,None,2,D1,4,D3,False,0.071799465,0.20586774,0.31753737,0.1800406,0.21399899,0.010755891
20013,2024-05-28,0,None,2,D1,4,D3,False,0.082413234,0.19753088,0.3100256,0.18269995,0.21148859,0.015841683
20013,2024-06-04,0,None,2,D1,4,D3,False,0.06149049,0.18111843,0.32494423,0.19859347,0.22216585,0.01168759
20013,2024-06-11,0,None,2,D1,4,D3,False,0.054608688,0.17657523,0.33450997,0.20578995,0.22046918,0.00804701
20013,2024-06-18,0,None,2,D1,4,D3,False,0.055391617,0.164275,0.32197532,0.21383484,0.22652172,0.018001506
20013,2024-06-25,0,None,2,D1,4,D3,False,0.05652831,0.152265,0.31728035,0.21560697,0.22485125,0.03346811
20013,2024-07-02,0,None,2,D1,4,D3,False,0.048259225,0.14117439,0.3212854,0.21966971,0.21531756,0.054293714
20013,2024-07-09,0,None,2,D1,4,D3,False,0.041172944,0.13137506,0.3089724,0.21216272,0.21388271,0.09243408
20013,2024-07-16,0,None,2,D1,4,D3,False,0.035906665,0.123261005,0.2941797,0.19766714,0.19208205,0.15690343
20013,2024-07-23,0,None,2,D1,4,D3,False,0.02827463,0.104397856,0.27331132,0.19227663,0.17388631,0.22785322
20013,2024-07-30,0,None,5,D4,4,D3,False,0.023395242,0.09194236,0.24635667,0.18488905,0.1633046,0.29011217
20013,2024-08-06,1,D0,5,D4,4,D3,False,0.030062452,0.08294421,0.14490207,0.13541369,0.19814277,0.40853485
20013,2024-08-13,1,D0,5,D4,4,D3,False,0.027712695,0.05990889,0.08309963,0.10949733,0.25414124,0.46564025
20013,2024-08-20,2,D1,5,D4,4,D3,False,0.027676925,0.048635915,0.057825193,0.090914086,0.27750832,0.49743956
20013,2024-08-27,2,D1,5,D4,4,D3,False,0.027372377,0.041299272,0.045653317,0.08326876,0.2785405,0.5238658
20013,2024-09-03,2,D1,5,D4,4,D3,False,0.029441996,0.042725615,0.04448351,0.08536662,0.28032157,0.5176607
20013,2024-09-10,2,D1,5,D4,4,D3,False,0.026099645,0.03828961,0.04280114,0.09462834,0.29637662,0.5018047
20013,2024-09-17,2,D1,5,D4,4,D3,False,0.021970088,0.034229644,0.041188963,0.11047656,0.31876174,0.473373
20013,2024-09-24,2,D1,5,D4,4,D3,False,0.015132397,0.025094382,0.033893593,0.12253686,0.32771486,0.47562784
20013,2024-10-01,2,D1,5,D4,4,D3,False,0.011687155,0.019989492,0.028298901,0.1259525,0.32916126,0.4849107
20013,2024-10-08,2,D1,5,D4,4,D3,False,0.0058438433,0.014372665,0.026495496,0.14634073,0.30938303,0.4975642
20013,2024-10-15,3,D2,5,D4,4,D3,False,0.004982234,0.011778555,0.026050832,0.15512751,0.30613753,0.49592334
20013,2024-10-22,3,D2,5,D4,4,D3,False,0.0045230263,0.010496686,0.02745748,0.16550557,0.30156118,0.4904561
20013,2024-10-29,3,D2,5,D4,4,D3,False,0.0042493884,0.010143838,0.030070284,0.1730869,0.30016777,0.48228174
20013,2024-11-05,2,D1,5,D4,4,D3,False,0.0050960165,0.012702041,0.036667027,0.17743221,0.2994716,0.46863103
20013,2024-11-12,2,D1,5,D4,4,D3,False,0.013248908,0.028988594,0.06881761,0.1798551,0.2996027,0.40948707
20013,2024-11-19,2,D1,5,D4,4,D3,False,0.024143225,0.048620757,0.10072672,0.16392495,0.31472734,0.34785697
20013,2024-11-26,2,D1,4,D3,4,D3,False,0.039224118,0.08218371,0.15586862,0.16220282,0.35482302,0.20569767
20013,2024-12-03,2,D1,4,D3,4,D3,False,0.047939453,0.107444756,0.19707961,0.14704713,0.38021913,0.12026996
20013,2024-12-10,2,D1,4,D3,4,D3,False,0.053698067,0.123189375,0.22040011,0.13991623,0.38663095,0.07616527
20013,2024-12-17,2,D1,4,D3,4,D3,False,0.0465894,0.12916173,0.22974874,0.14490494,0.38894987,0.06064531
20013,2024-12-24,2,D1,4,D3,4,D3,False,0.060391203,0.14430046,0.24570769,0.13110855,0.3851516,0.033340484
20013,2024-12-31,2,D1,4,D3,4,D3,False,0.06933704,0.15980314,0.2594543,0.12409119,0.37179598,0.015518437
20013,2025-01-07,2,D1,4,D3,4,D3,False,0.07765001,0.16904801,0.26856658,0.121095605,0.3544239,0.0092158625
20013,2025-01-14,2,D1,4,D3,4,D3,False,0.06684932,0.17983231,0.2735944,0.1251227,0.3476377,0.0069635576
20013,2025-01-21,2,D1,4,D3,4,D3,False,0.06293338,0.18609816,0.27678758,0.12643394,0.34115952,0.0065873447
20013,2025-01-28,2,D1,4,D3,4,D3,False,0.05786495,0.19117358,0.2835073,0.12558931,0.33621427,0.005650639
20013,2025-02-04,1,D0,4,D3,4,D3,False,0.05446325,0.20078671,0.29146725,0.124050036,0.32560328,0.0036294789
20013,2025-02-11,1,D0,4,D3,4,D3,False,0.039654307,0.20528622,0.3020534,0.13354404,0.31658316,0.0028789889
20013,2025-02-18,0,None,4,D3,4,D3,False,0.034054976,0.20267172,0.3065033,0.13770482,0.31627393,0.0027911859
20013,2025-02-25,0,None,2,D1,4,D3,False,0.03261794,0.20985508,0.31674632,0.1372756,0.30167046,0.0018345496
20013,2025-03-04,0,None,2,D1,4,D3,False,0.028631458,0.21065237,0.31874895,0.14468808,0.29510075,0.0021784208
20013,2025-03-11,0,None,2,D1,4,D3,False,0.023139924,0.20493329,0.31546757,0.16119981,0.29170722,0.0035522524
20013,2025-03-18,0,None,2,D1,4,D3,False,0.014947843,0.18596119,0.31884068,0.1800252,0.29460058,0.005624446
20013,2025-03-25,0,None,2,D1,4,D3,False,0.012927134,0.17566875,0.3214552,0.19229555,0.29045033,0.0072030206
20013,2025-04-01,1,D0,2,D1,4,D3,False,0.014326907,0.1819103,0.33062917,0.1959079,0.2707705,0.0064552706
20013,2025-04-08,0,None,2,D1,4,D3,False,0.016485756,0.18794623,0.33071035,0.20130342,0.25635982,0.007194421
20013,2025-04-15,0,None,2,D1,4,D3,False,0.01973281,0.18405414,0.3244973,0.2048184,0.254294,0.012603311
20013,2025-04-22,0,None,2,D1,4,D3,False,0.022177208,0.1728626,0.31193838,0.2065889,0.26265177,0.02378123
20013,2025-04-29,0,None,2,D1,4,D3,False,0.037343726,0.18850693,0.3104739,0.19724195,0.24547862,0.020954939
20013,2025-05-06,1,D0,2,D1,4,D3,False,0.04038159,0.18589643,0.30739218,0.19635618,0.24472198,0.025251733
20013,2025-05-13,2,D1,2,D1,4,D3,False,0.05226122,0.18859279,0.30015218,0.1892019,0.2386838,0.031108106
20013,2025-05-20,2,D1,2,D1,4,D3,False,0.096829854,0.21060953,0.29866937,0.17146128,0.20854373,0.013886258
20013,2025-05-27,2,D1,2,D1,4,D3,False,0.15185563,0.2284643,0.29965296,0.1519372,0.16164657,0.006443307
20013,2025-06-03,2,D1,2,D1,4,D3,False,0.15383187,0.22064365,0.2976553,0.15466958,0.16419487,0.009004714
20013,2025-06-10,2,D1,2,D1,4,D3,False,0.15377575,0.20927875,0.31316975,0.16044642,0.15555523,0.007774087
20013,2025-06-17,2,D1,2,D1,0,None,False,0.19317445,0.21828,0.31427574,0.14035866,0.12528388,0.008627175
20013,2025-06-24,2,D1,2,D1,0,None,False,0.20523949,0.2316862,0.323186,0.13006397,0.10405794,0.005766349
20013,2025-07-01,1,D0,2,D1,0,None,False,0.23597355,0.2417568,0.31527326,0.11576442,0.08817939,0.003052529
20013,2025-07-08,1,D0,2,D1,0,None,False,0.2087613,0.23900583,0.32208768,0.12706847,0.09854059,0.004536127
20013,2025-07-15,1,D0,2,D1,0,None,False,0.23535495,0.2468929,0.29591262,0.119431145,0.096769124,0.0056392355
20013,2025-07-22,0,None,0,None,0,None,True,0.27650028,0.2544811,0.27128124,0.117213085,0.072560325,0.007963974
20013,2025-07-29,0,None,0,None,0,None,True,0.33269212,0.25687492,0.23321334,0.094636895,0.060896076,0.021686621
20013,2025-08-05,0,None,0,None,0,None,True,0.2778002,0.25403336,0.21703878,0.08635727,0.07127234,0.09349807
20013,2025-08-12,0,None,5,D4,0,None,True,0.18302388,0.15262985,0.10999066,0.0660644,0.11355362,0.3747376
20013,2025-08-19,0,None,5,D4,5,D4,False,0.15807116,0.11779315,0.07071442,0.054113258,0.11145521,0.48785284
20013,2025-08-26,0,None,5,D4,5,D4,False,0.16457742,0.12157707,0.06564549,0.054694884,0.11427386,0.4792312
20013,2025-09-02,0,None,5,D4,0,None,True,0.22356679,0.15358305,0.074923135,0.058021978,0.09992772,0.38997728
20013,2025-09-09,0,None,5,D4,0,None,True,0.2559208,0.1725786,0.08005582,0.059346803,0.09142923,0.3406688
20013,2025-09-16,1,D0,0,None,0,None,False,0.30831653,0.20065142,0.08608438,0.0603,0.07601391,0.26863378
20013,2025-09-23,0,None,0,None,0,None,True,0.35189527,0.21906748,0.086790115,0.0631071,0.0648777,0.21426238
20013,2025-09-30,0,None,0,None,0,None,True,0.3799496,0.23639047,0.08851061,0.06720326,0.057379406,0.17056654
20013,2025-10-07,0,None,0,None,0,None,True,0.37034473,0.29418758,0.12067405,0.096109435,0.044775233,0.073909014
20013,2025-10-14,0,None,0,None,0,None,True,0.36746845,0.34200314,0.13561624,0.11378083,0.024271414,0.016859967
20013,2025-10-21,0,None,1,D0,0,None,True,0.3729328,0.3731789,0.15148605,0.08960134,0.0103750825,0.002425812
20013,2025-10-28,0,None,1,D0,0,None,True,0.32800394,0.40006584,0.19071995,0.07515832,0.005676984,0.00037492902
20013,2025-11-04,0,None,1,D0,0,None,True,0.29277754,0.40290236,0.20419012,0.0927368,0.0070735943,0.00031958256
20013,2025-11-11,0,None,1,D0,0,None,True,0.2667701,0.39990026,0.19589774,0.12608108,0.010824891,0.0005259154
20013,2025-11-18,0,None,1,D0,0,None,True,0.28766868,0.40332654,0.18236227,0.117654055,0.008742328,0.00024615525
20013,2025-11-25,0,None,1,D0,0,None,True,0.28197846,0.39660826,0.17423254,0.1362214,0.0107671395,0.00019226069
20013,2025-12-02,0,None,1,D0,0,None,True,0.29178548,0.39229313,0.17498277,0.13134114,0.0095321555,6.52483e-05
20013,2025-12-09,0,None,1,D0,0,None,True,0.22569016,0.3947413,0.19508815,0.17159158,0.01283061,5.8165755e-05
20013,2025-12-16,0,None,1,D0,0,None,True,0.27937388,0.38736272,0.18882625,0.13433501,0.010081491,2.0644175e-05
20013,2025-12-23,0,None,1,D0,0,None,True,0.21219265,0.39756095,0.204501,0.17296949,0.01275467,2.1143356e-05
20013,2025-12-30,0,None,1,D0,0,None,True,0.17215541,0.40083432,0.21362218,0.1966613,0.016700383,2.6416676e-05
20015,2022-01-04,0,None,1,D0,2,D1,False,0.06171479,0.32528162,0.25632498,0.24909037,0.10289962,0.0046886243
20015,2022-01-11,1,D0,1,D0,3,D2,False,0.054051228,0.32100716,0.25149396,0.25290075,0.115203224,0.0053436994
20015,2022-01-18,1,D0,1,D0,4,D3,False,0.04375985,0.30923012,0.25093034,0.2521218,0.13733117,0.0066267056
20015,2022-01-25,1,D0,1,D0,4,D3,False,0.03672972,0.3044396,0.259039,0.24170868,0.15128858,0.006794417
20015,2022-02-01,1,D0,1,D0,4,D3,False,0.029016966,0.2906035,0.27522957,0.22574311,0.17283235,0.006574529
20015,2022-02-08,1,D0,2,D1,4,D3,False,0.023486745,0.27400023,0.29080465,0.21263702,0.19267885,0.006392457
20015,2022-02-15,1,D0,2,D1,4,D3,False,0.019891758,0.2558538,0.3031212,0.20276971,0.21043861,0.007924956
20015,2022-02-22,1,D0,2,D1,4,D3,False,0.01764116,0.24399114,0.30719292,0.19994389,0.22165541,0.009575482
20015,2022-03-01,1,D0,2,D1,4,D3,False,0.017869286,0.22250995,0.29913676,0.19963633,0.23806538,0.022782246
20015,2022-03-08,1,D0,2,D1,4,D3,False,0.018517945,0.1995779,0.28769806,0.19901647,0.25168976,0.043499846
20015,2022-03-15,1,D0,2,D1,4,D3,False,0.018545747,0.18020412,0.28251892,0.20539667,0.2665869,0.04674763
20015,2022-03-22,0,None,2,D1,4,D3,False,0.015536721,0.16154991,0.28032616,0.21446554,0.27487603,0.053245652
20015,2022-03-29,0,None,4,D3,4,D3,False,0.01379514,0.12675072,0.25364053,0.21618423,0.29040727,0.099222064
20015,2022-04-05,0,None,4,D3,4,D3,False,0.008341992,0.09178996,0.23459399,0.22887269,0.30457237,0.13182896
20015,2022-04-12,0,None,4,D3,4,D3,False,0.0058923215,0.0682578,0.20942841,0.22810829,0.30948877,0.17882441
20015,2022-04-19,0,None,4,D3,4,D3,False,0.0040678373,0.04871401,0.17490049,0.21893188,0.29896384,0.25442195
20015,2022-04-26,1,D0,5,D4,4,D3,False,0.0036582784,0.037854075,0.14551185,0.20096613,0.28141788,0.33059174
20015,2022-05-03,0,None,5,D4,4,D3,False,0.0035181704,0.03551846,0.14279649,0.20046282,0.28005815,0.33764595
20015,2022-05-10,0,None,5,D4,4,D3,False,0.004739675,0.04347411,0.15625945,0.19796263,0.27669775,0.32086647
20015,2022-05-17,0,None,5,D4,4,D3,False,0.008167286,0.05540977,0.16748963,0.18892045,0.26826143,0.31175143
20015,2022-05-24,0,None,4,D3,4,D3,False,0.018947303,0.09069582,0.23042294,0.1958515,0.2962964,0.16778597
20015,2022-05-31,0,None,4,D3,4,D3,False,0.03285546,0.11557019,0.28721547,0.21236193,0.3004291,0.051567845
20015,2022-06-07,0,None,2,D1,4,D3,False,0.030705366,0.121174,0.32857147,0.2322871,0.26949897,0.017763043
20015,2022-06-14,0,None,2,D1,4,D3,False,0.03358504,0.12591586,0.32381997,0.23309216,0.23795965,0.045627303
20015,2022-06-21,0,None,2,D1,4,D3,False,0.030342788,0.11279062,0.35438544,0.25121188,0.2003126,0.05095669
20015,2022-06-28,0,None,2,D1,4,D3,False,0.034588914,0.10992844,0.34537446,0.2546436,0.17451224,0.080952294
20015,2022-07-05,0,None,2,D1,2,D1,False,0.036637336,0.115806274,0.3791731,0.2599218,0.13699943,0.071462065
20015,2022-07-12,0,None,2,D1,2,D1,False,0.03243281,0.11902598,0.39883772,0.25458968,0.10416189,0.090951905
20015,2022-07-19,1,D0,2,D1,2,D1,False,0.025832666,0.10500236,0.4242925,0.28426367,0.08894447,0.07166433
20015,2022-07-26,2,D1,2,D1,2,D1,True,0.025675971,0.1055557,0.45336348,0.2818718,0.07331038,0.060222626
20015,2022-08-02,2,D1,2,D1,2,D1,True,0.030532056,0.12050312,0.4596501,0.2601347,0.067224346,0.06195565
20015,2022-08-09,2,D1,2,D1,2,D1,True,0.033479907,0.1337543,0.44983068,0.24782252,0.064867795,0.07024485
20015,2022-08-16,2,D1,2,D1,2,D1,True,0.03591085,0.13959284,0.43775764,0.24074654,0.06467716,0.081315026
20015,2022-08-23,2,D1,2,D1,2,D1,True,0.038080208,0.13477178,0.42511392,0.23760399,0.06869928,0.095730804
20015,2022-08-30,3,D2,2,D1,2,D1,False,0.044653606,0.14380817,0.39950737,0.22407708,0.07387555,0.11407817
20015,2022-09-06,3,D2,5,D4,4,D3,False,0.044466015,0.102849685,0.19968858,0.16504748,0.15342428,0.334524
20015,2022-09-13,3,D2,5,D4,4,D3,False,0.03291975,0.066734806,0.10864724,0.14583628,0.23774253,0.40811938
20015,2022-09-20,4,D3,5,D4,4,D3,True,0.020572823,0.052779842,0.11306298,0.17652363,0.20979008,0.42727065
20015,2022-09-27,4,D3,5,D4,4,D3,True,0.015265433,0.03570189,0.0707192,0.1681815,0.26524547,0.44488654
20015,2022-10-04,5,D4,5,D4,4,D3,False,0.009866335,0.025050452,0.05710941,0.17047368,0.2683296,0.46917048
20015,2022-10-11,5,D4,5,D4,4,D3,False,0.008077229,0.018130211,0.04120442,0.17078725,0.28967002,0.47213086
20015,2022-10-18,5,D4,5,D4,4,D3,False,0.0070694787,0.016029779,0.043692667,0.1748272,0.28941196,0.46896896
20015,2022-10-25,5,D4,5,D4,4,D3,False,0.0073570777,0.014107116,0.03733984,0.17304578,0.30071634,0.4674339
20015,2022-11-01,4,D3,5,D4,4,D3,True,0.0076762373,0.015068799,0.041426856,0.17574629,0.30159903,0.45848277
20015,2022-11-08,3,D2,5,D4,4,D3,False,0.0092512565,0.018644786,0.047700364,0.17535393,0.3034644,0.44558522
20015,2022-11-15,3,D2,5,D4,4,D3,False,0.010091794,0.021983484,0.057345994,0.17890234,0.29824886,0.43342754
20015,2022-11-22,3,D2,5,D4,4,D3,False,0.010851009,0.024441784,0.06181244,0.17933087,0.29697803,0.42658585
20015,2022-11-29,3,D2,5,D4,4,D3,False,0.010966407,0.027383214,0.06918119,0.18195519,0.29972345,0.41079056
20015,2022-12-06,3,D2,5,D4,4,D3,False,0.0113004,0.031935964,0.07980986,0.18331671,0.30186123,0.39177582
20015,2022-12-13,3,D2,5,D4,4,D3,False,0.011036959,0.033910353,0.08613585,0.18482757,0.30347034,0.38061896
20015,2022-12-20,3,D2,5,D4,4,D3,False,0.012964164,0.046576332,0.112666205,0.18480366,0.31824118,0.3247485
20015,2022-12-27,3,D2,4,D3,4,D3,False,0.018657336,0.07147796,0.16311197,0.18425068,0.36273143,0.19977066
20015,2023-01-03,3,D2,4,D3,4,D3,False,0.027028492,0.1152638,0.23161641,0.1765433,0.38920513,0.06034294
20015,2023-01-10,3,D2,4,D3,4,D3,False,0.028747326,0.14305922,0.26002488,0.16911983,0.3750755,0.023973344
20015,2023-01-17,3,D2,4,D3,4,D3,False,0.034049604,0.16204253,0.27777433,0.15309434,0.36205053,0.010988662
20015,2023-01-24,3,D2,4,D3,4,D3,False,0.04678871,0.18515636,0.291845,0.13388278,0.33848435,0.003842818
20015,2023-01-31,3,D2,4,D3,4,D3,False,0.06262547,0.20831156,0.2994818,0.121988125,0.30617476,0.0014183869
20015,2023-02-07,3,D2,4,D3,4,D3,False,0.05257178,0.21391109,0.30042568,0.12869664,0.30292,0.0014747683
20015,2023-02-14,3,D2,2,D1,4,D3,False,0.04802812,0.21936508,0.30691773,0.1318096,0.29264283,0.0012366938
20015,2023-02-21,3,D2,2,D1,4,D3,False,0.049641725,0.22109742,0.3095241,0.13000545,0.28859386,0.001137513
20015,2023-02-28,2,D1,2,D1,4,D3,False,0.038682695,0.2169372,0.3151952,0.13874117,0.2890909,0.0013527691
20015,2023-03-07,2,D1,2,D1,4,D3,False,0.032937475,0.20840701,0.31902063,0.142124,0.29583642,0.0016745282
20015,2023-03-14,2,D1,2,D1,4,D3,False,0.032502547,0.21167545,0.32466358,0.14402024,0.28559935,0.0015388138
20015,2023-03-21,2,D1,2,D1,4,D3,False,0.031209148,0.21036983,0.32695296,0.14697042,0.2828102,0.0016874044
20015,2023-03-28,2,D1,2,D1,4,D3,False,0.019702988,0.19836245,0.33320192,0.16501497,0.2812961,0.002421579
20015,2023-04-04,2,D1,2,D1,4,D3,False,0.015401805,0.18431124,0.33034307,0.18081234,0.2845726,0.00455889
20015,2023-04-11,3,D2,2,D1,4,D3,False,0.012066101,0.16220096,0.3236271,0.20821251,0.284283,0.009610256
20015,2023-04-18,3,D2,2,D1,4,D3,False,0.012419787,0.14968976,0.31085986,0.21831407,0.28947416,0.019242436
20015,2023-04-25,4,D3,4,D3,4,D3,True,0.010439775,0.12183748,0.29030827,0.22663508,0.3056896,0.04508979
20015,2023-05-02,5,D4,4,D3,4,D3,False,0.007870328,0.08975001,0.25531226,0.23141102,0.31844857,0.09720774
20015,2023-05-09,5,D4,4,D3,4,D3,False,0.0066785375,0.07426,0.2330779,0.23050539,0.32148632,0.13399188
20015,2023-05-16,5,D4,4,D3,4,D3,False,0.008090208,0.07051824,0.21506092,0.21663663,0.30815935,0.18153465
20015,2023-05-23,5,D4,4,D3,4,D3,False,0.015441882,0.09044638,0.23971471,0.2097105,0.30452666,0.1401598
20015,2023-05-30,5,D4,4,D3,4,D3,False,0.025010068,0.12022793,0.2830192,0.21092597,0.30205554,0.05876133
20015,2023-06-06,5,D4,2,D1,4,D3,False,0.036405288,0.13613468,0.32684976,0.21661177,0.2731369,0.010861656
20015,2023-06-13,5,D4,2,D1,4,D3,False,0.037160695,0.13905752,0.34251568,0.2187309,0.2549865,0.007548775
20015,2023-06-20,5,D4,2,D1,4,D3,False,0.040468547,0.14945439,0.36686715,0.2220549,0.21723366,0.0039213505
20015,2023-06-27,5,D4,2,D1,4,D3,False,0.033575315,0.14315546,0.39096764,0.2340914,0.19581561,0.0023946015
20015,2023-07-04,5,D4,2,D1,4,D3,False,0.033936206,0.13506967,0.39736533,0.24074829,0.18820557,0.0046749245
20015,2023-07-11,4,D3,2,D1,4,D3,True,0.035203896,0.13103083,0.3733056,0.22844717,0.20943324,0.02257925
20015,2023-07-18,4,D3,2,D1,4,D3,True,0.03947163,0.13579097,0.349944,0.2138572,0.20841782,0.05251843
20015,2023-07-25,4,D3,5,D4,4,D3,True,0.04176424,0.11255077,0.18872164,0.15247147,0.2516035,0.25288835
20015,2023-08-01,4,D3,5,D4,4,D3,True,0.0338515,0.0757168,0.10159161,0.10813276,0.26809698,0.41261035
20015,2023-08-08,4,D3,5,D4,4,D3,True,0.0314739,0.055648282,0.066429764,0.085149705,0.26501986,0.4962784
20015,2023-08-15,4,D3,5,D4,4,D3,True,0.030702747,0.04584828,0.05037161,0.07651269,0.2646987,0.53186595
20015,2023-08-22,4,D3,5,D4,4,D3,True,0.032962877,0.045620468,0.04486468,0.07150761,0.2583275,0.5467169
20015,2023-08-29,4,D3,5,D4,4,D3,True,0.03491702,0.045592874,0.04359967,0.0710769,0.25877684,0.54603666
20015,2023-09-05,4,D3,5,D4,4,D3,True,0.042272333,0.054693673,0.04914713,0.07125662,0.24916093,0.5334693
20015,2023-09-12,4,D3,5,D4,4,D3,True,0.050967332,0.06662267,0.05883317,0.07683759,0.24683692,0.4999024
20015,2023-09-19,4,D3,5,D4,4,D3,True,0.049114257,0.06394284,0.054346126,0.07686277,0.26448953,0.4912445
20015,2023-09-26,4,D3,5,D4,4,D3,True,0.04924011,0.06811,0.059454557,0.09374875,0.29814267,0.43130395
20015,2023-10-03,4,D3,5,D4,4,D3,True,0.047572274,0.06951979,0.06373124,0.10952705,0.3222752,0.38737446
20015,2023-10-10,4,D3,5,D4,4,D3,True,0.050272238,0.075039454,0.07298781,0.12629838,0.3262197,0.3491823
20015,2023-10-17,4,D3,5,D4,4,D3,True,0.03493411,0.0663776,0.075099856,0.15626618,0.3231894,0.34413278
20015,2023-10-24,4,D3,5,D4,4,D3,True,0.027050434,0.068912484,0.08802908,0.17229983,0.3015971,0.34211114
20015,2023-10-31,3,D2,5,D4,4,D3,False,0.028184121,0.07896411,0.10713663,0.18907368,0.29167134,0.3049702
20015,2023-11-07,3,D2,4,D3,4,D3,False,0.032760818,0.10110872,0.13364454,0.2019874,0.2708623,0.2596362
20015,2023-11-14,3,D2,4,D3,4,D3,False,0.0353645,0.11492268,0.15089853,0.20628414,0.2620424,0.23048773
20015,2023-11-21,3,D2,4,D3,4,D3,False,0.0384696,0.14370042,0.17437759,0.21157049,0.26483727,0.16704457
20015,2023-11-28,3,D2,4,D3,4,D3,False,0.038634848,0.15946296,0.18994342,0.21138124,0.2725971,0.12798046
20015,2023-12-05,2,D1,4,D3,4,D3,False,0.035979267,0.16692132,0.19991878,0.21175654,0.2788683,0.10655574
20015,2023-12-12,2,D1,4,D3,4,D3,False,0.036877096,0.18148355,0.21969055,0.20271952,0.28984237,0.06938692
20015,2023-12-19,2,D1,4,D3,4,D3,False,0.045606516,0.1987048,0.24663305,0.18150543,0.3032539,0.024296269
20015,2023-12-26,1,D0,4,D3,4,D3,False,0.06106866,0.21725602,0.2672761,0.16513558,0.28267366,0.00659004
20015,2024-01-02,1,D0,2,D1,4,D3,False,0.07037276,0.22795364,0.27568588,0.15608902,0.266647,0.0032516962
20015,2024-01-09,1,D0,2,D1,4,D3,False,0.11334586,0.2554585,0.27712715,0.13867794,0.21419999,0.0011906126
20015,2024-01-16,1,D0,2,D1,4,D3,False,0.13575575,0.2725045,0.27676427,0.13001764,0.18436435,0.0005935227
20015,2024-01-23,1,D0,2,D1,4,D3,False,0.12939769,0.2771965,0.28100118,0.12870792,0.18323568,0.0004610317
20015,2024-01-30,1,D0,1,D0,4,D3,False,0.15738003,0.2886542,0.27048534,0.12325053,0.15997471,0.00025513818
20015,2024-02-06,1,D0,1,D0,0,None,False,0.19975927,0.30053186,0.2517975,0.11445589,0.13330868,0.00014680433
20015,2024-02-13,0,None,1,D0,0,None,True,0.20205902,0.30091503,0.25077382,0.115170054,0.13094397,0.00013814066
20015,2024-02-20,0,None,1,D0,0,None,True,0.16571294,0.30589646,0.26381883,0.12399119,0.14045164,0.00012892735
20015,2024-02-27,0,None,1,D0,0,None,True,0.1892027,0.30475655,0.26221275,0.12053373,0.12319011,0.00010420451
20015,2024-03-05,0,None,1,D0,0,None,True,0.16667898,0.31203225,0.27789265,0.12833841,0.11495814,9.955669e-05
20015,2024-03-12,0,None,1,D0,0,None,True,0.1648819,0.31975174,0.28590485,0.12913516,0.10023776,8.8623776e-05
20015,2024-03-19,0,None,1,D0,0,None,True,0.1668893,0.32812503,0.29559758,0.12411316,0.08520616,6.878913e-05
20015,2024-03-26,0,None,1,D0,0,None,True,0.15240358,0.3235751,0.31057367,0.12448838,0.08887229,8.6962275e-05
20015,2024-04-02,0,None,2,D1,2,D1,False,0.10307061,0.3052541,0.3478985,0.14067158,0.102961145,0.00014402495
20015,2024-04-09,0,None,2,D1,2,D1,False,0.04820237,0.25950933,0.37412006,0.17032167,0.14735216,0.000494366
20015,2024-04-16,1,D0,2,D1,2,D1,False,0.028101807,0.22923616,0.38080072,0.19214787,0.16843702,0.0012764194
20015,2024-04-23,1,D0,2,D1,4,D3,False,0.025747797,0.21081649,0.36316112,0.1983939,0.19866292,0.0032177845
20015,2024-04-30,1,D0,2,D1,4,D3,False,0.030505868,0.19939055,0.33777955,0.19990523,0.22529075,0.0071280086
20015,2024-05-07,1,D0,2,D1,4,D3,False,0.03702262,0.19708031,0.3290669,0.19734186,0.22927417,0.010214149
20015,2024-05-14,1,D0,2,D1,4,D3,False,0.048731446,0.19792566,0.31834278,0.19022214,0.22945562,0.015322338
20015,2024-05-21,0,None,2,D1,4,D3,False,0.071799465,0.20586774,0.31753737,0.1800406,0.21399899,0.010755891
20015,2024-05-28,0,None,2,D1,4,D3,False,0.082413234,0.19753088,0.3100256,0.18269995,0.21148859,0.015841683
20015,2024-06-04,0,None,2,D1,4,D3,False,0.06149049,0.18111843,0.32494423,0.19859347,0.22216585,0.01168759
20015,2024-06-11,0,None,2,D1,4,D3,False,0.054608688,0.17657523,0.33450997,0.20578995,0.22046918,0.00804701
20015,2024-06-18,0,None,2,D1,4,D3,False,0.055391617,0.164275,0.32197532,0.21383484,0.22652172,0.018001506
20015,2024-06-25,1,D0,2,D1,4,D3,False,0.05652831,0.152265,0.31728035,0.21560697,0.22485125,0.03346811
20015,2024-07-02,1,D0,2,D1,4,D3,False,0.048259225,0.14117439,0.3212854,0.21966971,0.21531756,0.054293714
20015,2024-07-09,1,D0,2,D1,4,D3,False,0.041172944,0.13137506,0.3089724,0.21216272,0.21388271,0.09243408
20015,2024-07-16,1,D0,2,D1,4,D3,False,0.035906665,0.123261005,0.2941797,0.19766714,0.19208205,0.15690343
20015,2024-07-23,1,D0,2,D1,4,D3,False,0.02827463,0.104397856,0.27331132,0.19227663,0.17388631,0.22785322
20015,2024-07-30,2,D1,5,D4,4,D3,False,0.023395242,0.09194236,0.24635667,0.18488905,0.1633046,0.29011217
20015,2024-08-06,2,D1,5,D4,4,D3,False,0.030062469,0.08294421,0.14490205,0.13541368,0.19814277,0.40853485
20015,2024-08-13,2,D1,5,D4,4,D3,False,0.027712688,0.059908874,0.083099626,0.10949731,0.25414124,0.46564025
20015,2024-08-20,1,D0,5,D4,4,D3,False,0.027676925,0.048635915,0.057825193,0.090914086,0.27750832,0.49743956
20015,2024-08-27,1,D0,5,D4,4,D3,False,0.027372377,0.041299272,0.045653317,0.08326876,0.2785405,0.5238658
20015,2024-09-03,1,D0,5,D4,4,D3,False,0.029441996,0.042725615,0.04448351,0.08536662,0.28032157,0.5176607
20015,2024-09-10,1,D0,5,D4,4,D3,False,0.026099645,0.03828961,0.04280114,0.09462834,0.29637662,0.5018047
20015,2024-09-17,1,D0,5,D4,4,D3,False,0.021970088,0.034229644,0.041188963,0.11047656,0.31876174,0.473373
20015,2024-09-24,1,D0,5,D4,4,D3,False,0.015132397,0.025094382,0.033893593,0.12253686,0.32771486,0.47562784
20015,2024-10-01,1,D0,5,D4,4,D3,False,0.011687155,0.019989492,0.028298901,0.1259525,0.32916126,0.4849107
20015,2024-10-08,1,D0,5,D4,4,D3,False,0.0058438433,0.014372665,0.026495496,0.14634073,0.30938303,0.4975642
20015,2024-10-15,1,D0,5,D4,4,D3,False,0.004982234,0.011778555,0.026050832,0.15512751,0.30613753,0.49592334
20015,2024-10-22,2,D1,5,D4,4,D3,False,0.0045230263,0.010496686,0.02745748,0.16550557,0.30156118,0.4904561
20015,2024-10-29,2,D1,5,D4,4,D3,False,0.0042493884,0.010143838,0.030070284,0.1730869,0.30016777,0.48228174
20015,2024-11-05,1,D0,5,D4,4,D3,False,0.0050960165,0.012702041,0.036667027,0.17743221,0.2994716,0.46863103
20015,2024-11-12,1,D0,5,D4,4,D3,False,0.013248908,0.028988594,0.06881761,0.1798551,0.2996027,0.40948707
20015,2024-11-19,1,D0,5,D4,4,D3,False,0.024143225,0.048620757,0.10072672,0.16392495,0.31472734,0.34785697
20015,2024-11-26,1,D0,4,D3,4,D3,False,0.039224118,0.08218371,0.15586862,0.16220282,0.35482302,0.20569767
20015,2024-12-03,1,D0,4,D3,4,D3,False,0.047939457,0.10744474,0.19707958,0.1470471,0.38021916,0.12026996
20015,2024-12-10,1,D0,4,D3,4,D3,False,0.053698067,0.123189405,0.22040011,0.13991624,0.38663095,0.076165274
20015,2024-12-17,1,D0,4,D3,4,D3,False,0.0465894,0.12916173,0.22974874,0.14490494,0.38894987,0.06064531
20015,2024-12-24,1,D0,4,D3,4,D3,False,0.060391203,0.14430046,0.24570769,0.13110855,0.3851516,0.033340484
20015,2024-12-31,1,D0,4,D3,4,D3,False,0.06933704,0.15980314,0.2594543,0.12409119,0.37179598,0.015518437
20015,2025-01-07,1,D0,4,D3,4,D3,False,0.07765001,0.16904801,0.26856658,0.121095605,0.3544239,0.0092158625
20015,2025-01-14,1,D0,4,D3,4,D3,False,0.06684932,0.17983231,0.2735944,0.1251227,0.3476377,0.0069635576
20015,2025-01-21,1,D0,4,D3,4,D3,False,0.06293338,0.18609816,0.27678758,0.12643394,0.34115952,0.0065873447
20015,2025-01-28,1,D0,4,D3,4,D3,False,0.05786495,0.19117358,0.2835073,0.12558931,0.33621427,0.005650639
20015,2025-02-04,1,D0,4,D3,4,D3,False,0.05446325,0.20078671,0.29146725,0.124050036,0.32560328,0.0036294789
20015,2025-02-11,1,D0,4,D3,4,D3,False,0.039654307,0.20528622,0.3020534,0.13354404,0.31658316,0.0028789889
20015,2025-02-18,1,D0,4,D3,4,D3,False,0.034054976,0.20267172,0.3065033,0.13770482,0.31627393,0.0027911859
20015,2025-02-25,1,D0,2,D1,4,D3,False,0.03261794,0.20985508,0.31674632,0.1372756,0.30167046,0.0018345496
20015,2025-03-04,1,D0,2,D1,4,D3,False,0.028631458,0.21065237,0.31874895,0.14468808,0.29510075,0.0021784208
20015,2025-03-11,1,D0,2,D1,4,D3,False,0.023139924,0.20493329,0.31546757,0.16119981,0.29170722,0.0035522524
20015,2025-03-18,1,D0,2,D1,4,D3,False,0.014947848,0.18596122,0.3188408,0.18002519,0.29460058,0.005624445
20015,2025-03-25,2,D1,2,D1,4,D3,False,0.012927134,0.17566873,0.3214552,0.19229554,0.2904503,0.0072030206
20015,2025-04-01,2,D1,2,D1,4,D3,False,0.014326907,0.1819103,0.33062917,0.1959079,0.2707705,0.0064552706
20015,2025-04-08,2,D1,2,D1,4,D3,False,0.016485756,0.18794623,0.33071035,0.20130342,0.25635982,0.007194421
20015,2025-04-15,2,D1,2,D1,4,D3,False,0.01973281,0.18405414,0.3244973,0.2048184,0.254294,0.012603311
20015,2025-04-22,1,D0,2,D1,4,D3,False,0.022177208,0.1728626,0.31193838,0.2065889,0.26265177,0.02378123
20015,2025-04-29,1,D0,2,D1,4,D3,False,0.037343726,0.18850693,0.3104739,0.19724195,0.24547862,0.020954939
20015,2025-05-06,1,D0,2,D1,4,D3,False,0.04038159,0.18589643,0.30739218,0.19635618,0.24472198,0.025251733
20015,2025-05-13,2,D1,2,D1,4,D3,False,0.05226122,0.18859279,0.30015218,0.1892019,0.2386838,0.031108106
20015,2025-05-20,2,D1,2,D1,4,D3,False,0.096829854,0.21060953,0.29866937,0.17146128,0.20854373,0.013886258
20015,2025-05-27,1,D0,2,D1,4,D3,False,0.15185563,0.2284643,0.29965296,0.1519372,0.16164657,0.006443307
20015,2025-06-03,0,None,2,D1,4,D3,False,0.15383187,0.22064365,0.2976553,0.15466958,0.16419487,0.009004714
20015,2025-06-10,0,None,2,D1,4,D3,False,0.15377575,0.20927875,0.31316975,0.16044642,0.15555523,0.007774087
20015,2025-06-17,0,None,2,D1,0,None,True,0.19317445,0.21828,0.31427574,0.14035866,0.12528388,0.008627175
20015,2025-06-24,0,None,2,D1,0,None,True,0.20523949,0.2316862,0.323186,0.13006397,0.10405794,0.005766349
20015,2025-07-01,0,None,2,D1,0,None,True,0.23597355,0.2417568,0.31527326,0.11576442,0.08817939,0.003052529
20015,2025-07-08,0,None,2,D1,0,None,True,0.2087613,0.23900583,0.32208768,0.12706847,0.09854059,0.004536127
20015,2025-07-15,0,None,2,D1,0,None,True,0.23535493,0.24689287,0.29591265,0.11943117,0.09676913,0.005639233
20015,2025-07-22,0,None,0,None,0,None,True,0.27650023,0.25448108,0.27128127,0.11721309,0.07256035,0.007963973
20015,2025-07-29,0,None,0,None,0,None,True,0.33269212,0.25687492,0.23321334,0.094636895,0.060896076,0.021686621
20015,2025-08-05,0,None,0,None,0,None,True,0.2778002,0.25403336,0.21703878,0.08635727,0.07127234,0.09349807
20015,2025-08-12,0,None,5,D4,0,None,True,0.18302388,0.15262985,0.10999066,0.0660644,0.11355362,0.3747376
20015,2025-08-19,0,None,5,D4,5,D4,False,0.15807116,0.11779315,0.07071442,0.054113258,0.11145521,0.48785284
20015,2025-08-26,0,None,5,D4,5,D4,False,0.16457742,0.12157707,0.06564549,0.054694884,0.11427386,0.4792312
20015,2025-09-02,0,None,5,D4,0,None,True,0.22356679,0.15358305,0.074923135,0.058021978,0.09992772,0.38997728
20015,2025-09-09,0,None,5,D4,0,None,True,0.2559208,0.1725786,0.08005582,0.059346803,0.09142923,0.3406688
20015,2025-09-16,0,None,0,None,0,None,True,0.30831653,0.20065142,0.08608438,0.0603,0.07601391,0.26863378
20015,2025-09-23,0,None,0,None,0,None,True,0.35189527,0.21906748,0.086790115,0.0631071,0.0648777,0.21426238
20015,2025-09-30,0,None,0,None,0,None,True,0.3799496,0.23639047,0.08851061,0.06720326,0.057379406,0.17056654
20015,2025-10-07,0,None,0,None,0,None,True,0.37034473,0.29418758,0.12067405,0.096109435,0.044775233,0.073909014
20015,2025-10-14,0,None,0,None,0,None,True,0.36746845,0.34200314,0.13561624,0.11378083,0.024271414,0.016859967
20015,2025-10-21,0,None,1,D0,0,None,True,0.3729328,0.3731789,0.15148605,0.08960134,0.0103750825,0.002425812
20015,2025-10-28,0,None,1,D0,0,None,True,0.32800397,0.40006593,0.1907199,0.07515832,0.0056769825,0.00037492948
20015,2025-11-04,0,None,1,D0,0,None,True,0.29277742,0.40290236,0.20419018,0.09273682,0.007073597,0.00031958317
20015,2025-11-11,0,None,1,D0,0,None,True,0.2667701,0.39990026,0.19589774,0.12608108,0.010824891,0.0005259154
20015,2025-11-18,0,None,1,D0,0,None,True,0.28766868,0.40332654,0.18236227,0.117654055,0.008742328,0.00024615525
20015,2025-11-25,0,None,1,D0,0,None,True,0.28197846,0.39660826,0.17423254,0.1362214,0.0107671395,0.00019226069
20015,2025-12-02,0,None,1,D0,0,None,True,0.29178548,0.39229313,0.17498277,0.13134114,0.0095321555,6.52483e-05
20015,2025-12-09,0,None,1,D0,0,None,True,0.22569016,0.3947413,0.19508815,0.17159158,0.01283061,5.8165755e-05
20015,2025-12-16,0,None,1,D0,0,None,True,0.27937388,0.38736272,0.18882625,0.13433501,0.010081491,2.0644175e-05
20015,2025-12-23,0,None,1,D0,0,None,True,0.21219265,0.39756095,0.204501,0.17296949,0.01275467,2.1143356e-05
20015,2025-12-30,0,None,1,D0,0,None,True,0.17215541,0.40083432,0.21362218,0.1966613,0.016700383,2.6416676e-05
20017,2022-01-04,0,None,1,D0,2,D1,False,0.06171479,0.32528162,0.25632498,0.24909037,0.10289962,0.0046886243
20017,2022-01-11,0,None,1,D0,3,D2,False,0.054051228,0.32100716,0.25149396,0.25290075,0.115203224,0.0053436994
20017,2022-01-18,0,None,1,D0,4,D3,False,0.04375985,0.30923012,0.25093034,0.2521218,0.13733117,0.0066267056
20017,2022-01-25,1,D0,1,D0,4,D3,False,0.03672972,0.3044396,0.259039,0.24170868,0.15128858,0.006794417
20017,2022-02-01,1,D0,1,D0,4,D3,False,0.029016966,0.2906035,0.27522957,0.22574311,0.17283235,0.006574529
20017,2022-02-08,1,D0,2,D1,4,D3,False,0.023486745,0.27400023,0.29080465,0.21263702,0.19267885,0.006392457
20017,2022-02-15,1,D0,2,D1,4,D3,False,0.019891758,0.2558538,0.3031212,0.20276971,0.21043861,0.007924956
20017,2022-02-22,1,D0,2,D1,4,D3,False,0.017641162,0.24399117,0.30719292,0.19994392,0.2216554,0.00957548
20017,2022-03-01,1,D0,2,D1,4,D3,False,0.017869283,0.22250997,0.29913676,0.19963633,0.23806539,0.022782242
20017,2022-03-08,1,D0,2,D1,4,D3,False,0.018517945,0.1995779,0.28769806,0.19901647,0.25168976,0.043499846
20017,2022-03-15,1,D0,2,D1,4,D3,False,0.018545747,0.18020412,0.28251892,0.20539667,0.2665869,0.04674763
20017,2022-03-22,0,None,2,D1,4,D3,False,0.015536721,0.16154991,0.28032616,0.21446554,0.27487603,0.053245652
20017,2022-03-29,0,None,4,D3,4,D3,False,0.01379514,0.12675072,0.25364053,0.21618423,0.29040727,0.099222064
20017,2022-04-05,0,None,4,D3,4,D3,False,0.008341992,0.09178996,0.23459399,0.22887269,0.30457237,0.13182896
20017,2022-04-12,0,None,4,D3,4,D3,False,0.0058923215,0.0682578,0.20942841,0.22810829,0.30948877,0.17882441
20017,2022-04-19,0,None,4,D3,4,D3,False,0.0040678373,0.04871401,0.17490049,0.21893188,0.29896384,0.25442195
20017,2022-04-26,0,None,5,D4,4,D3,False,0.0036582784,0.037854075,0.14551185,0.20096613,0.28141788,0.33059174
20017,2022-05-03,0,None,5,D4,4,D3,False,0.0035181704,0.03551846,0.14279649,0.20046282,0.28005815,0.33764595
20017,2022-05-10,0,None,5,D4,4,D3,False,0.004739675,0.04347411,0.15625945,0.19796263,0.27669775,0.32086647
20017,2022-05-17,0,None,5,D4,4,D3,False,0.008167286,0.05540977,0.16748963,0.18892045,0.26826143,0.31175143
20017,2022-05-24,0,None,4,D3,4,D3,False,0.018947303,0.09069582,0.23042294,0.1958515,0.2962964,0.16778597
20017,2022-05-31,0,None,4,D3,4,D3,False,0.03285546,0.11557019,0.28721547,0.21236193,0.3004291,0.051567845
20017,2022-06-07,0,None,2,D1,4,D3,False,0.030705374,0.12117401,0.32857147,0.23228711,0.26949903,0.017763047
20017,2022-06-14,0,None,2,D1,4,D3,False,0.033585053,0.12591588,0.32382,0.23309217,0.23795965,0.04562729
20017,2022-06-21,0,None,2,D1,4,D3,False,0.030342788,0.11279062,0.35438544,0.25121188,0.2003126,0.05095669
20017,2022-06-28,0,None,2,D1,4,D3,False,0.034588914,0.10992844,0.34537446,0.2546436,0.17451224,0.080952294
20017,2022-07-05,0,None,2,D1,2,D1,False,0.036637336,0.115806274,0.3791731,0.2599218,0.13699943,0.071462065
20017,2022-07-12,0,None,2,D1,2,D1,False,0.03243281,0.11902598,0.39883772,0.25458968,0.10416189,0.090951905
20017,2022-07-19,1,D0,2,D1,2,D1,False,0.025832666,0.10500236,0.4242925,0.28426367,0.08894447,0.07166433
20017,2022-07-26,2,D1,2,D1,2,D1,True,0.025675971,0.1055557,0.45336348,0.2818718,0.07331038,0.060222626
20017,2022-08-02,2,D1,2,D1,2,D1,True,0.030532056,0.12050312,0.4596501,0.2601347,0.067224346,0.06195565
20017,2022-08-09,2,D1,2,D1,2,D1,True,0.033479907,0.1337543,0.44983068,0.24782252,0.064867795,0.07024485
20017,2022-08-16,2,D1,2,D1,2,D1,True,0.03591085,0.13959284,0.43775764,0.24074654,0.06467716,0.081315026
20017,2022-08-23,2,D1,2,D1,2,D1,True,0.038080208,0.13477178,0.42511392,0.23760399,0.06869928,0.095730804
20017,2022-08-30,2,D1,2,D1,2,D1,True,0.044653606,0.14380817,0.39950737,0.22407708,0.07387555,0.11407817
20017,2022-09-06,2,D1,5,D4,4,D3,False,0.044466015,0.102849685,0.19968858,0.16504748,0.15342428,0.334524
20017,2022-09-13,2,D1,5,D4,4,D3,False,0.03291975,0.066734806,0.10864724,0.14583628,0.23774253,0.40811938
20017,2022-09-20,2,D1,5,D4,4,D3,False,0.020572823,0.052779842,0.11306298,0.17652363,0.20979008,0.42727065
20017,2022-09-27,2,D1,5,D4,4,D3,False,0.015265433,0.03570189,0.0707192,0.1681815,0.26524547,0.44488654
20017,2022-10-04,2,D1,5,D4,4,D3,False,0.009866336,0.025050463,0.05710942,0.17047371,0.2683296,0.46917045
20017,2022-10-11,2,D1,5,D4,4,D3,False,0.008077225,0.018130204,0.0412044,0.17078725,0.28967002,0.47213086
20017,2022-10-18,3,D2,5,D4,4,D3,False,0.0070694787,0.016029779,0.043692667,0.1748272,0.28941196,0.46896896
20017,2022-10-25,3,D2,5,D4,4,D3,False,0.0073570777,0.014107116,0.03733984,0.17304578,0.30071634,0.4674339
20017,2022-11-01,3,D2,5,D4,4,D3,False,0.0076762373,0.015068799,0.041426856,0.17574629,0.30159903,0.45848277
20017,2022-11-08,2,D1,5,D4,4,D3,False,0.0092512565,0.018644786,0.047700364,0.17535393,0.3034644,0.44558522
20017,2022-11-15,2,D1,5,D4,4,D3,False,0.010091794,0.021983484,0.057345994,0.17890234,0.29824886,0.43342754
20017,2022-11-22,2,D1,5,D4,4,D3,False,0.010851009,0.024441784,0.06181244,0.17933087,0.29697803,0.42658585
20017,2022-11-29,2,D1,5,D4,4,D3,False,0.010966407,0.027383214,0.06918119,0.18195519,0.29972345,0.41079056
20017,2022-12-06,2,D1,5,D4,4,D3,False,0.0113004,0.031935964,0.07980986,0.18331671,0.30186123,0.39177582
20017,2022-12-13,2,D1,5,D4,4,D3,False,0.011036959,0.033910353,0.08613585,0.18482757,0.30347034,0.38061896
20017,2022-12-20,2,D1,5,D4,4,D3,False,0.012964164,0.046576332,0.112666205,0.18480366,0.31824118,0.3247485
20017,2022-12-27,2,D1,4,D3,4,D3,False,0.018657336,0.07147796,0.16311197,0.18425068,0.36273143,0.19977066
20017,2023-01-03,2,D1,4,D3,4,D3,False,0.027028492,0.1152638,0.23161641,0.1765433,0.38920513,0.06034294
20017,2023-01-10,2,D1,4,D3,4,D3,False,0.028747326,0.14305922,0.26002488,0.16911983,0.3750755,0.023973344
20017,2023-01-17,2,D1,4,D3,4,D3,False,0.034049585,0.16204253,0.27777433,0.15309434,0.36205053,0.010988657
20017,2023-01-24,2,D1,4,D3,4,D3,False,0.04678871,0.18515635,0.291845,0.13388278,0.33848435,0.00384282
20017,2023-01-31,2,D1,4,D3,4,D3,False,0.06262547,0.20831156,0.2994818,0.121988125,0.30617476,0.0014183869
20017,2023-02-07,2,D1,4,D3,4,D3,False,0.05257178,0.21391109,0.30042568,0.12869664,0.30292,0.0014747683
20017,2023-02-14,2,D1,2,D1,4,D3,False,0.04802812,0.21936508,0.30691773,0.1318096,0.29264283,0.0012366938
20017,2023-02-21,2,D1,2,D1,4,D3,False,0.049641725,0.22109742,0.3095241,0.13000545,0.28859386,0.001137513
20017,2023-02-28,1,D0,2,D1,4,D3,False,0.038682695,0.2169372,0.3151952,0.13874117,0.2890909,0.0013527691
20017,2023-03-07,1,D0,2,D1,4,D3,False,0.032937475,0.20840701,0.31902063,0.142124,0.29583642,0.0016745282
20017,2023-03-14,1,D0,2,D1,4,D3,False,0.032502547,0.21167545,0.32466358,0.14402024,0.28559935,0.0015388138
20017,2023-03-21,1,D0,2,D1,4,D3,False,0.031209148,0.21036983,0.32695296,0.14697042,0.2828102,0.0016874044
20017,2023-03-28,1,D0,2,D1,4,D3,False,0.019702988,0.19836245,0.33320192,0.16501497,0.2812961,0.002421579
20017,2023-04-04,1,D0,2,D1,4,D3,False,0.015401805,0.18431124,0.33034307,0.18081234,0.2845726,0.00455889
20017,2023-04-11,2,D1,2,D1,4,D3,False,0.012066101,0.16220096,0.3236271,0.20821251,0.284283,0.009610256
20017,2023-04-18,2,D1,2,D1,4,D3,False,0.012419787,0.14968976,0.31085986,0.21831407,0.28947416,0.019242436
20017,2023-04-25,3,D2,4,D3,4,D3,False,0.010439775,0.12183748,0.29030827,0.22663508,0.3056896,0.04508979
20017,2023-05-02,3,D2,4,D3,4,D3,False,0.007870328,0.08975001,0.25531226,0.23141102,0.31844857,0.09720774
20017,2023-05-09,3,D2,4,D3,4,D3,False,0.0066785375,0.07426,0.2330779,0.23050539,0.32148632,0.13399188
20017,2023-05-16,2,D1,4,D3,4,D3,False,0.008090212,0.07051825,0.21506093,0.21663663,0.30815935,0.18153456
20017,2023-05-23,2,D1,4,D3,4,D3,False,0.015441882,0.090446375,0.2397147,0.20971051,0.30452666,0.14015985
20017,2023-05-30,3,D2,4,D3,4,D3,False,0.025010068,0.12022793,0.2830192,0.21092597,0.30205554,0.05876133
20017,2023-06-06,3,D2,2,D1,4,D3,False,0.036405288,0.13613468,0.32684976,0.21661177,0.2731369,0.010861656
20017,2023-06-13,3,D2,2,D1,4,D3,False,0.037160695,0.13905752,0.34251568,0.2187309,0.2549865,0.007548775
20017,2023-06-20,3,D2,2,D1,4,D3,False,0.040468547,0.14945439,0.36686715,0.2220549,0.21723366,0.0039213505
20017,2023-06-27,3,D2,2,D1,4,D3,False,0.033575315,0.14315546,0.39096764,0.2340914,0.19581561,0.0023946015
20017,2023-07-04,3,D2,2,D1,4,D3,False,0.033936206,0.13506967,0.39736533,0.24074829,0.18820557,0.0046749245
20017,2023-07-11,3,D2,2,D1,4,D3,False,0.035203896,0.13103083,0.3733056,0.22844717,0.20943324,0.02257925
20017,2023-07-18,3,D2,2,D1,4,D3,False,0.03947163,0.13579097,0.349944,0.2138572,0.20841782,0.05251843
20017,2023-07-25,3,D2,5,D4,4,D3,False,0.04176424,0.11255077,0.18872164,0.15247147,0.2516035,0.25288835
20017,2023-08-01,3,D2,5,D4,4,D3,False,0.0338515,0.0757168,0.10159161,0.10813276,0.26809698,0.41261035
20017,2023-08-08,4,D3,5,D4,4,D3,True,0.0314739,0.055648282,0.066429764,0.085149705,0.26501986,0.4962784
20017,2023-08-15,4,D3,5,D4,4,D3,True,0.030702747,0.04584828,0.05037161,0.07651269,0.2646987,0.53186595
20017,2023-08-22,4,D3,5,D4,4,D3,True,0.032962877,0.045620468,0.04486468,0.07150761,0.2583275,0.5467169
20017,2023-08-29,4,D3,5,D4,4,D3,True,0.03491702,0.045592878,0.043599673,0.0710769,0.25877693,0.54603654
20017,2023-09-05,4,D3,5,D4,4,D3,True,0.042272348,0.05469368,0.04914712,0.07125664,0.24916093,0.53346926
20017,2023-09-12,4,D3,5,D4,4,D3,True,0.050967332,0.06662267,0.05883317,0.07683759,0.24683692,0.4999024
20017,2023-09-19,4,D3,5,D4,4,D3,True,0.049114257,0.06394284,0.054346126,0.07686277,0.26448953,0.4912445
20017,2023-09-26,4,D3,5,D4,4,D3,True,0.04924011,0.06811,0.059454557,0.09374875,0.29814267,0.43130395
20017,2023-10-03,4,D3,5,D4,4,D3,True,0.047572274,0.06951979,0.06373124,0.10952705,0.3222752,0.38737446
20017,2023-10-10,4,D3,5,D4,4,D3,True,0.050272238,0.075039454,0.07298781,0.12629838,0.3262197,0.3491823
20017,2023-10-17,4,D3,5,D4,4,D3,True,0.03493411,0.0663776,0.075099856,0.15626618,0.3231894,0.34413278
20017,2023-10-24,4,D3,5,D4,4,D3,True,0.027050434,0.068912484,0.08802908,0.17229983,0.3015971,0.34211114
20017,2023-10-31,3,D2,5,D4,4,D3,False,0.028184121,0.07896411,0.10713663,0.18907368,0.29167134,0.3049702
20017,2023-11-07,3,D2,4,D3,4,D3,False,0.032760818,0.10110872,0.13364454,0.2019874,0.2708623,0.2596362
20017,2023-11-14,3,D2,4,D3,4,D3,False,0.0353645,0.11492268,0.15089853,0.20628414,0.2620424,0.23048773
20017,2023-11-21,3,D2,4,D3,4,D3,False,0.0384696,0.14370042,0.17437759,0.21157049,0.26483727,0.16704457
20017,2023-11-28,3,D2,4,D3,4,D3,False,0.038634848,0.15946296,0.18994342,0.21138124,0.2725971,0.12798046
20017,2023-12-05,2,D1,4,D3,4,D3,False,0.035979267,0.16692132,0.19991878,0.21175654,0.2788683,0.10655574
20017,2023-12-12,2,D1,4,D3,4,D3,False,0.036877096,0.18148355,0.21969055,0.20271952,0.28984237,0.06938692
20017,2023-12-19,2,D1,4,D3,4,D3,False,0.045606516,0.1987048,0.24663305,0.18150543,0.3032539,0.024296269
20017,2023-12-26,2,D1,4,D3,4,D3,False,0.061068654,0.21725602,0.26727608,0.16513552,0.28267366,0.006590042
20017,2024-01-02,2,D1,2,D1,4,D3,False,0.07037276,0.22795364,0.27568588,0.15608902,0.26664698,0.0032516979
20017,2024-01-09,1,D0,2,D1,4,D3,False,0.11334586,0.2554585,0.27712715,0.13867794,0.21419999,0.0011906126
20017,2024-01-16,1,D0,2,D1,4,D3,False,0.13575575,0.2725045,0.27676427,0.13001764,0.18436435,0.0005935227
20017,2024-01-23,1,D0,2,D1,4,D3,False,0.12939769,0.2771965,0.28100118,0.12870792,0.18323568,0.0004610317
20017,2024-01-30,1,D0,1,D0,4,D3,False,0.15738003,0.2886542,0.27048534,0.12325053,0.15997471,0.00025513818
20017,2024-02-06,1,D0,1,D0,0,None,False,0.19975927,0.30053186,0.2517975,0.11445589,0.13330868,0.00014680433
20017,2024-02-13,1,D0,1,D0,0,None,False,0.20205902,0.30091503,0.25077382,0.115170054,0.13094397,0.00013814066
20017,2024-02-20,1,D0,1,D0,0,None,False,0.16571294,0.30589646,0.26381883,0.12399119,0.14045164,0.00012892735
20017,2024-02-27,1,D0,1,D0,0,None,False,0.1892027,0.30475655,0.26221275,0.12053373,0.12319011,0.00010420451
20017,2024-03-05,1,D0,1,D0,0,None,False,0.16667898,0.31203225,0.27789265,0.12833841,0.11495814,9.955669e-05
20017,2024-03-12,1,D0,1,D0,0,None,False,0.1648819,0.31975174,0.28590485,0.12913516,0.10023776,8.8623776e-05
20017,2024-03-19,1,D0,1,D0,0,None,False,0.1668893,0.32812503,0.29559758,0.12411316,0.08520616,6.878913e-05
20017,2024-03-26,0,None,1,D0,0,None,True,0.15240358,0.3235751,0.31057367,0.12448838,0.08887229,8.6962275e-05
20017,2024-04-02,0,None,2,D1,2,D1,False,0.10307061,0.3052541,0.3478985,0.14067158,0.102961145,0.00014402495
20017,2024-04-09,0,None,2,D1,2,D1,False,0.048202366,0.2595093,0.37412012,0.17032169,0.14735217,0.00049436657
20017,2024-04-16,1,D0,2,D1,2,D1,False,0.028101804,0.22923613,0.38080075,0.1921478,0.16843705,0.00127642
20017,2024-04-23,1,D0,2,D1,4,D3,False,0.025747797,0.21081649,0.36316112,0.1983939,0.19866292,0.0032177845
20017,2024-04-30,1,D0,2,D1,4,D3,False,0.030505868,0.19939055,0.33777955,0.19990523,0.22529075,0.0071280086
20017,2024-05-07,1,D0,2,D1,4,D3,False,0.03702262,0.19708031,0.3290669,0.19734186,0.22927417,0.010214149
20017,2024-05-14,1,D0,2,D1,4,D3,False,0.048731446,0.19792566,0.31834278,0.19022214,0.22945562,0.015322338
20017,2024-05-21,0,None,2,D1,4,D3,False,0.071799465,0.20586774,0.31753737,0.1800406,0.21399899,0.010755891
20017,2024-05-28,0,None,2,D1,4,D3,False,0.082413234,0.19753088,0.3100256,0.18269995,0.21148859,0.015841683
20017,2024-06-04,0,None,2,D1,4,D3,False,0.06149049,0.18111843,0.32494423,0.19859347,0.22216585,0.01168759
20017,2024-06-11,0,None,2,D1,4,D3,False,0.054608688,0.17657523,0.33450997,0.20578995,0.22046918,0.00804701
20017,2024-06-18,0,None,2,D1,4,D3,False,0.055391617,0.164275,0.32197532,0.21383484,0.22652172,0.018001506
20017,2024-06-25,0,None,2,D1,4,D3,False,0.05652831,0.152265,0.31728035,0.21560697,0.22485125,0.03346811
20017,2024-07-02,0,None,2,D1,4,D3,False,0.048259225,0.14117439,0.3212854,0.21966971,0.21531756,0.054293714
20017,2024-07-09,0,None,2,D1,4,D3,False,0.041172944,0.13137506,0.3089724,0.21216272,0.21388271,0.09243408
20017,2024-07-16,0,None,2,D1,4,D3,False,0.035906665,0.123261005,0.2941797,0.19766714,0.19208205,0.15690343
20017,2024-07-23,0,None,2,D1,4,D3,False,0.02827463,0.104397856,0.27331132,0.19227663,0.17388631,0.22785322
20017,2024-07-30,1,D0,5,D4,4,D3,False,0.023395242,0.09194236,0.24635667,0.18488905,0.1633046,0.29011217
20017,2024-08-06,1,D0,5,D4,4,D3,False,0.030062452,0.08294421,0.14490207,0.13541369,0.19814277,0.40853485
20017,2024-08-13,1,D0,5,D4,4,D3,False,0.027712695,0.05990889,0.08309963,0.10949733,0.25414124,0.46564025
20017,2024-08-20,1,D0,5,D4,4,D3,False,0.027676925,0.048635915,0.057825193,0.090914086,0.27750832,0.49743956
20017,2024-08-27,1,D0,5,D4,4,D3,False,0.027372377,0.041299272,0.045653317,0.08326876,0.2785405,0.5238658
20017,2024-09-03,1,D0,5,D4,4,D3,False,0.029441996,0.042725615,0.04448351,0.08536662,0.28032157,0.5176607
20017,2024-09-10,1,D0,5,D4,4,D3,False,0.026099645,0.03828961,0.04280114,0.09462834,0.29637662,0.5018047
20017,2024-09-17,1,D0,5,D4,4,D3,False,0.021970088,0.034229644,0.041188963,0.11047656,0.31876174,0.473373
20017,2024-09-24,1,D0,5,D4,4,D3,False,0.015132397,0.025094382,0.033893593,0.12253686,0.32771486,0.47562784
20017,2024-10-01,1,D0,5,D4,4,D3,False,0.011687155,0.019989492,0.028298901,0.1259525,0.32916126,0.4849107
20017,2024-10-08,1,D0,5,D4,4,D3,False,0.0058438433,0.014372665,0.026495496,0.14634073,0.30938303,0.4975642
20017,2024-10-15,1,D0,5,D4,4,D3,False,0.004982234,0.011778555,0.026050832,0.15512751,0.30613753,0.49592334
20017,2024-10-22,2,D1,5,D4,4,D3,False,0.0045230263,0.010496686,0.02745748,0.16550557,0.30156118,0.4904561
20017,2024-10-29,2,D1,5,D4,4,D3,False,0.0042493884,0.010143838,0.030070284,0.1730869,0.30016777,0.48228174
20017,2024-11-05,1,D0,5,D4,4,D3,False,0.0050960165,0.012702041,0.036667027,0.17743221,0.2994716,0.46863103
20017,2024-11-12,1,D0,5,D4,4,D3,False,0.013248908,0.028988594,0.06881761,0.1798551,0.2996027,0.40948707
20017,2024-11-19,0,None,5,D4,4,D3,False,0.024143226,0.04862076,0.10072672,0.16392496,0.31472728,0.347857
20017,2024-11-26,0,None,4,D3,4,D3,False,0.039224103,0.08218371,0.15586862,0.16220284,0.35482305,0.20569769
20017,2024-12-03,0,None,4,D3,4,D3,False,0.047939457,0.10744474,0.19707958,0.1470471,0.38021916,0.12026996
20017,2024-12-10,0,None,4,D3,4,D3,False,0.053698067,0.123189405,0.22040011,0.13991624,0.38663095,0.076165274
20017,2024-12-17,0,None,4,D3,4,D3,False,0.0465894,0.12916173,0.22974874,0.14490494,0.38894987,0.06064531
20017,2024-12-24,0,None,4,D3,4,D3,False,0.060391203,0.14430046,0.24570769,0.13110855,0.3851516,0.033340484
20017,2024-12-31,0,None,4,D3,4,D3,False,0.06933704,0.15980314,0.2594543,0.12409119,0.37179598,0.015518437
20017,2025-01-07,0,None,4,D3,4,D3,False,0.07765001,0.16904801,0.26856658,0.121095605,0.3544239,0.0092158625
20017,2025-01-14,0,None,4,D3,4,D3,False,0.06684932,0.17983231,0.2735944,0.1251227,0.3476377,0.0069635576
20017,2025-01-21,0,None,4,D3,4,D3,False,0.06293338,0.18609816,0.27678758,0.12643394,0.34115952,0.0065873447
20017,2025-01-28,0,None,4,D3,4,D3,False,0.05786495,0.19117358,0.2835073,0.12558931,0.33621427,0.005650639
20017,2025-02-04,0,None,4,D3,4,D3,False,0.05446325,0.20078671,0.29146725,0.124050036,0.32560328,0.0036294789
20017,2025-02-11,0,None,4,D3,4,D3,False,0.039654307,0.20528622,0.3020534,0.13354404,0.31658316,0.0028789889
20017,2025-02-18,0,None,4,D3,4,D3,False,0.034054976,0.20267172,0.3065033,0.13770482,0.31627393,0.0027911859
20017,2025-02-25,0,None,2,D1,4,D3,False,0.03261794,0.20985508,0.31674632,0.1372756,0.30167046,0.0018345496
20017,2025-03-04,0,None,2,D1,4,D3,False,0.028631458,0.21065237,0.31874895,0.14468808,0.29510075,0.0021784208
20017,2025-03-11,0,None,2,D1,4,D3,False,0.023139924,0.20493329,0.31546757,0.16119981,0.29170722,0.0035522524
20017,2025-03-18,1,D0,2,D1,4,D3,False,0.014947843,0.18596119,0.31884068,0.1800252,0.29460058,0.005624446
20017,2025-03-25,2,D1,2,D1,4,D3,False,0.012927134,0.17566875,0.3214552,0.19229555,0.29045033,0.0072030206
20017,2025-04-01,2,D1,2,D1,4,D3,False,0.014326907,0.1819103,0.33062917,0.1959079,0.2707705,0.0064552706
20017,2025-04-08,2,D1,2,D1,4,D3,False,0.016485756,0.18794623,0.33071035,0.20130342,0.25635982,0.007194421
20017,2025-04-15,2,D1,2,D1,4,D3,False,0.01973281,0.18405414,0.3244973,0.2048184,0.254294,0.012603311
20017,2025-04-22,2,D1,2,D1,4,D3,False,0.022177208,0.1728626,0.31193838,0.2065889,0.26265177,0.02378123
20017,2025-04-29,2,D1,2,D1,4,D3,False,0.037343726,0.18850693,0.3104739,0.19724195,0.24547862,0.020954939
20017,2025-05-06,3,D2,2,D1,4,D3,False,0.04038159,0.18589643,0.30739218,0.19635618,0.24472198,0.025251733
20017,2025-05-13,3,D2,2,D1,4,D3,False,0.05226122,0.18859279,0.30015218,0.1892019,0.2386838,0.031108106
20017,2025-05-20,2,D1,2,D1,4,D3,False,0.096829854,0.21060953,0.29866937,0.17146128,0.20854373,0.013886258
20017,2025-05-27,1,D0,2,D1,4,D3,False,0.15185563,0.2284643,0.29965296,0.1519372,0.16164657,0.006443307
20017,2025-06-03,0,None,2,D1,4,D3,False,0.15383187,0.22064365,0.2976553,0.15466958,0.16419487,0.009004714
20017,2025-06-10,0,None,2,D1,4,D3,False,0.15377575,0.20927875,0.31316975,0.16044642,0.15555523,0.007774087
20017,2025-06-17,0,None,2,D1,0,None,True,0.19317445,0.21828,0.31427574,0.14035866,0.12528388,0.008627175
20017,2025-06-24,0,None,2,D1,0,None,True,0.20523949,0.2316862,0.323186,0.13006397,0.10405794,0.005766349
20017,2025-07-01,0,None,2,D1,0,None,True,0.23597357,0.24175681,0.31527326,0.11576444,0.08817939,0.0030525306
20017,2025-07-08,0,None,2,D1,0,None,True,0.2087613,0.23900582,0.3220877,0.12706847,0.0985406,0.0045361295
20017,2025-07-15,0,None,2,D1,0,None,True,0.23535493,0.24689287,0.29591265,0.11943117,0.09676913,0.005639233
20017,2025-07-22,0,None,0,None,0,None,True,0.27650023,0.25448108,0.27128127,0.11721309,0.07256035,0.007963973
20017,2025-07-29,0,None,0,None,0,None,True,0.33269212,0.25687492,0.23321334,0.094636895,0.060896076,0.021686621
20017,2025-08-05,0,None,0,None,0,None,True,0.2778002,0.25403336,0.21703878,0.08635727,0.07127234,0.09349807
20017,2025-08-12,0,None,5,D4,0,None,True,0.18302388,0.15262985,0.10999066,0.0660644,0.11355362,0.3747376
20017,2025-08-19,0,None,5,D4,5,D4,False,0.15807116,0.11779315,0.07071442,0.054113258,0.11145521,0.48785284
20017,2025-08-26,0,None,5,D4,5,D4,False,0.16457742,0.12157707,0.06564549,0.054694884,0.11427386,0.4792312
20017,2025-09-02,0,None,5,D4,0,None,True,0.22356679,0.15358305,0.074923135,0.058021978,0.09992772,0.38997728
20017,2025-09-09,0,None,5,D4,0,None,True,0.2559208,0.1725786,0.08005582,0.059346803,0.09142923,0.3406688
20017,2025-09-16,0,None,0,None,0,None,True,0.30831653,0.20065142,0.08608438,0.0603,0.07601391,0.26863378
20017,2025-09-23,0,None,0,None,0,None,True,0.35189527,0.21906748,0.086790115,0.0631071,0.0648777,0.21426238
20017,2025-09-30,0,None,0,None,0,None,True,0.3799496,0.23639047,0.08851061,0.06720326,0.057379406,0.17056654
20017,2025-10-07,0,None,0,None,0,None,True,0.37034473,0.29418758,0.12067405,0.096109435,0.044775233,0.073909014
20017,2025-10-14,0,None,0,None,0,None,True,0.36746845,0.34200314,0.13561624,0.11378083,0.024271414,0.016859967
20017,2025-10-21,0,None,1,D0,0,None,True,0.3729328,0.3731789,0.15148605,0.08960134,0.0103750825,0.002425812
20017,2025-10-28,0,None,1,D0,0,None,True,0.32800394,0.40006584,0.19071995,0.07515832,0.005676984,0.00037492902
20017,2025-11-04,0,None,1,D0,0,None,True,0.29277754,0.40290236,0.20419012,0.0927368,0.0070735943,0.00031958256
20017,2025-11-11,0,None,1,D0,0,None,True,0.2667701,0.39990026,0.19589774,0.12608108,0.010824891,0.0005259154
20017,2025-11-18,0,None,1,D0,0,None,True,0.28766868,0.40332654,0.18236227,0.117654055,0.008742328,0.00024615525
20017,2025-11-25,0,None,1,D0,0,None,True,0.28197846,0.39660826,0.17423254,0.1362214,0.0107671395,0.00019226069
20017,2025-12-02,0,None,1,D0,0,None,True,0.29178548,0.39229313,0.17498277,0.13134114,0.0095321555,6.52483e-05
20017,2025-12-09,0,None,1,D0,0,None,True,0.22569016,0.3947413,0.19508815,0.17159158,0.01283061,5.8165755e-05
20017,2025-12-16,0,None,1,D0,0,None,True,0.27937388,0.38736272,0.18882625,0.13433501,0.010081491,2.0644175e-05
20017,2025-12-23,0,None,1,D0,0,None,True,0.21219265,0.39756095,0.204501,0.17296949,0.01275467,2.1143356e-05
20017,2025-12-30,0,None,1,D0,0,None,True,0.17215541,0.40083432,0.21362218,0.1966613,0.016700383,2.6416676e-05
20019,2022-01-04,2,D1,1,D0,2,D1,True,0.06171479,0.32528162,0.25632498,0.24909037,0.10289962,0.0046886243
20019,2022-01-11,2,D1,1,D0,3,D2,False,0.054051228,0.32100716,0.25149396,0.25290075,0.115203224,0.0053436994
20019,2022-01-18,2,D1,1,D0,4,D3,False,0.04375985,0.30923012,0.25093034,0.2521218,0.13733117,0.0066267056
20019,2022-01-25,2,D1,1,D0,4,D3,False,0.03672972,0.3044396,0.259039,0.24170868,0.15128858,0.006794417
20019,2022-02-01,2,D1,1,D0,4,D3,False,0.029016966,0.2906035,0.27522957,0.22574311,0.17283235,0.006574529
20019,2022-02-08,2,D1,2,D1,4,D3,False,0.023486748,0.27400026,0.29080462,0.21263705,0.19267888,0.006392458
20019,2022-02-15,3,D2,2,D1,4,D3,False,0.019891746,0.2558538,0.3031212,0.20276965,0.2104386,0.007924953
20019,2022-02-22,3,D2,2,D1,4,D3,False,0.017641162,0.24399117,0.30719292,0.19994392,0.2216554,0.00957548
20019,2022-03-01,3,D2,2,D1,4,D3,False,0.017869283,0.22250997,0.29913676,0.19963633,0.23806539,0.022782242
20019,2022-03-08,4,D3,2,D1,4,D3,True,0.018517945,0.1995779,0.28769806,0.19901647,0.25168976,0.043499846
20019,2022-03-15,4,D3,2,D1,4,D3,True,0.018545747,0.18020412,0.28251892,0.20539667,0.2665869,0.04674763
20019,2022-03-22,3,D2,2,D1,4,D3,False,0.015536721,0.16154991,0.28032616,0.21446554,0.27487603,0.053245652
20019,2022-03-29,3,D2,4,D3,4,D3,False,0.01379514,0.12675072,0.25364053,0.21618423,0.29040727,0.099222064
20019,2022-04-05,3,D2,4,D3,4,D3,False,0.008341992,0.09178996,0.23459399,0.22887269,0.30457237,0.13182896
20019,2022-04-12,3,D2,4,D3,4,D3,False,0.0058923215,0.0682578,0.20942841,0.22810829,0.30948877,0.17882441
20019,2022-04-19,3,D2,4,D3,4,D3,False,0.0040678373,0.04871401,0.17490049,0.21893188,0.29896384,0.25442195
20019,2022-04-26,3,D2,5,D4,4,D3,False,0.0036582784,0.037854075,0.14551185,0.20096613,0.28141788,0.33059174
20019,2022-05-03,3,D2,5,D4,4,D3,False,0.0035181704,0.03551846,0.14279649,0.20046282,0.28005815,0.33764595
20019,2022-05-10,2,D1,5,D4,4,D3,False,0.004739675,0.04347411,0.15625945,0.19796263,0.27669775,0.32086647
20019,2022-05-17,2,D1,5,D4,4,D3,False,0.008167286,0.05540977,0.16748963,0.18892045,0.26826143,0.31175143
20019,2022-05-24,1,D0,4,D3,4,D3,False,0.018947303,0.09069582,0.23042294,0.1958515,0.2962964,0.16778597
20019,2022-05-31,1,D0,4,D3,4,D3,False,0.03285546,0.11557019,0.28721547,0.21236193,0.3004291,0.051567845
20019,2022-06-07,0,None,2,D1,4,D3,False,0.030705366,0.121174,0.32857147,0.2322871,0.26949897,0.017763043
20019,2022-06-14,0,None,2,D1,4,D3,False,0.03358504,0.12591586,0.32381997,0.23309216,0.23795965,0.045627303
20019,2022-06-21,0,None,2,D1,4,D3,False,0.030342788,0.11279062,0.35438544,0.25121188,0.2003126,0.05095669
20019,2022-06-28,0,None,2,D1,4,D3,False,0.034588914,0.10992844,0.34537446,0.2546436,0.17451224,0.080952294
20019,2022-07-05,0,None,2,D1,2,D1,False,0.036637336,0.115806274,0.3791731,0.2599218,0.13699943,0.071462065
20019,2022-07-12,1,D0,2,D1,2,D1,False,0.03243281,0.11902598,0.39883772,0.25458968,0.10416189,0.090951905
20019,2022-07-19,2,D1,2,D1,2,D1,True,0.025832666,0.10500236,0.4242925,0.28426367,0.08894447,0.07166433
20019,2022-07-26,3,D2,2,D1,2,D1,False,0.025675971,0.1055557,0.45336348,0.2818718,0.07331038,0.060222626
20019,2022-08-02,3,D2,2,D1,2,D1,False,0.030532056,0.12050312,0.4596501,0.2601347,0.067224346,0.06195565
20019,2022-08-09,3,D2,2,D1,2,D1,False,0.033479907,0.1337543,0.44983068,0.24782252,0.064867795,0.07024485
20019,2022-08-16,4,D3,2,D1,2,D1,False,0.03591085,0.13959284,0.43775764,0.24074654,0.06467716,0.081315026
20019,2022-08-23,4,D3,2,D1,2,D1,False,0.038080208,0.13477178,0.42511392,0.23760399,0.06869928,0.095730804
20019,2022-08-30,4,D3,2,D1,2,D1,False,0.044653606,0.14380817,0.39950737,0.22407708,0.07387555,0.11407817
20019,2022-09-06,4,D3,5,D4,4,D3,True,0.044466015,0.102849685,0.19968858,0.16504748,0.15342428,0.334524
20019,2022-09-13,4,D3,5,D4,4,D3,True,0.03291975,0.066734806,0.10864724,0.14583628,0.23774253,0.40811938
20019,2022-09-20,5,D4,5,D4,4,D3,False,0.020572823,0.052779857,0.11306298,0.17652363,0.2097901,0.42727065
20019,2022-09-27,5,D4,5,D4,4,D3,False,0.01526543,0.035701882,0.07071917,0.16818148,0.2652455,0.44488654
20019,2022-10-04,5,D4,5,D4,4,D3,False,0.009866336,0.025050463,0.05710942,0.17047371,0.2683296,0.46917045
20019,2022-10-11,5,D4,5,D4,4,D3,False,0.008077225,0.018130204,0.0412044,0.17078725,0.28967002,0.47213086
20019,2022-10-18,5,D4,5,D4,4,D3,False,0.0070694787,0.016029779,0.043692667,0.1748272,0.28941196,0.46896896
20019,2022-10-25,5,D4,5,D4,4,D3,False,0.0073570777,0.014107116,0.03733984,0.17304578,0.30071634,0.4674339
20019,2022-11-01,5,D4,5,D4,4,D3,False,0.0076762373,0.015068799,0.041426856,0.17574629,0.30159903,0.45848277
20019,2022-11-08,5,D4,5,D4,4,D3,False,0.0092512565,0.018644786,0.047700364,0.17535393,0.3034644,0.44558522
20019,2022-11-15,5,D4,5,D4,4,D3,False,0.010091794,0.021983484,0.057345994,0.17890234,0.29824886,0.43342754
20019,2022-11-22,5,D4,5,D4,4,D3,False,0.010851009,0.024441784,0.06181244,0.17933087,0.29697803,0.42658585
20019,2022-11-29,5,D4,5,D4,4,D3,False,0.010966407,0.027383214,0.06918119,0.18195519,0.29972345,0.41079056
20019,2022-12-06,5,D4,5,D4,4,D3,False,0.0113004,0.031935964,0.07980986,0.18331671,0.30186123,0.39177582
20019,2022-12-13,5,D4,5,D4,4,D3,False,0.011036959,0.033910353,0.08613585,0.18482757,0.30347034,0.38061896
20019,2022-12-20,5,D4,5,D4,4,D3,False,0.012964164,0.046576332,0.112666205,0.18480366,0.31824118,0.3247485
20019,2022-12-27,5,D4,4,D3,4,D3,False,0.018657336,0.07147796,0.16311197,0.18425068,0.36273143,0.19977066
20019,2023-01-03,5,D4,4,D3,4,D3,False,0.027028492,0.1152638,0.23161641,0.1765433,0.38920513,0.06034294
20019,2023-01-10,5,D4,4,D3,4,D3,False,0.028747326,0.14305922,0.26002488,0.16911983,0.3750755,0.023973344
20019,2023-01-17,5,D4,4,D3,4,D3,False,0.034049604,0.16204253,0.27777433,0.15309434,0.36205053,0.010988662
20019,2023-01-24,5,D4,4,D3,4,D3,False,0.04678871,0.18515636,0.291845,0.13388278,0.33848435,0.003842818
20019,2023-01-31,5,D4,4,D3,4,D3,False,0.06262547,0.20831156,0.2994818,0.121988125,0.30617476,0.0014183869
20019,2023-02-07,5,D4,4,D3,4,D3,False,0.05257178,0.21391109,0.30042568,0.12869664,0.30292,0.0014747683
20019,2023-02-14,5,D4,2,D1,4,D3,False,0.04802812,0.21936508,0.30691773,0.1318096,0.29264283,0.0012366938
20019,2023-02-21,5,D4,2,D1,4,D3,False,0.049641725,0.22109742,0.3095241,0.13000545,0.28859386,0.001137513
20019,2023-02-28,5,D4,2,D1,4,D3,False,0.038682695,0.2169372,0.3151952,0.13874117,0.2890909,0.0013527691
20019,2023-03-07,5,D4,2,D1,4,D3,False,0.032937475,0.20840701,0.31902063,0.142124,0.29583642,0.0016745282
20019,2023-03-14,5,D4,2,D1,4,D3,False,0.032502547,0.21167545,0.32466358,0.14402024,0.28559935,0.0015388138
20019,2023-03-21,5,D4,2,D1,4,D3,False,0.031209148,0.21036983,0.32695296,0.14697042,0.2828102,0.0016874044
20019,2023-03-28,5,D4,2,D1,4,D3,False,0.019702988,0.19836245,0.33320192,0.16501497,0.2812961,0.002421579
20019,2023-04-04,5,D4,2,D1,4,D3,False,0.015401805,0.18431124,0.33034307,0.18081234,0.2845726,0.00455889
20019,2023-04-11,5,D4,2,D1,4,D3,False,0.012066101,0.16220096,0.3236271,0.20821251,0.284283,0.009610256
20019,2023-04-18,5,D4,2,D1,4,D3,False,0.012419787,0.14968976,0.31085986,0.21831407,0.28947416,0.019242436
20019,2023-04-25,5,D4,4,D3,4,D3,False,0.010439775,0.12183748,0.29030827,0.22663508,0.3056896,0.04508979
20019,2023-05-02,5,D4,4,D3,4,D3,False,0.007870326,0.08975004,0.25531232,0.23141104,0.31844857,0.097207755
20019,2023-05-09,5,D4,4,D3,4,D3,False,0.0066785407,0.07426,0.23307788,0.23050538,0.32148632,0.13399188
20019,2023-05-16,5,D4,4,D3,4,D3,False,0.008090212,0.07051825,0.21506093,0.21663663,0.30815935,0.18153456
20019,2023-05-23,5,D4,4,D3,4,D3,False,0.015441882,0.090446375,0.2397147,0.20971051,0.30452666,0.14015985
20019,2023-05-30,5,D4,4,D3,4,D3,False,0.025010068,0.12022793,0.2830192,0.21092597,0.30205554,0.05876133
20019,2023-06-06,5,D4,2,D1,4,D3,False,0.036405288,0.13613468,0.32684976,0.21661177,0.2731369,0.010861656
20019,2023-06-13,5,D4,2,D1,4,D3,False,0.037160695,0.13905752,0.34251568,0.2187309,0.2549865,0.007548775
20019,2023-06-20,5,D4,2,D1,4,D3,False,0.040468547,0.14945439,0.36686715,0.2220549,0.21723366,0.0039213505
20019,2023-06-27,5,D4,2,D1,4,D3,False,0.033575315,0.14315546,0.39096764,0.2340914,0.19581561,0.0023946015
20019,2023-07-04,5,D4,2,D1,4,D3,False,0.033936206,0.13506967,0.39736533,0.24074829,0.18820557,0.0046749245
20019,2023-07-11,5,D4,2,D1,4,D3,False,0.035203896,0.13103083,0.3733056,0.22844717,0.20943324,0.02257925
20019,2023-07-18,5,D4,2,D1,4,D3,False,0.03947163,0.13579097,0.349944,0.2138572,0.20841782,0.05251843
20019,2023-07-25,5,D4,5,D4,4,D3,False,0.04176424,0.11255077,0.18872164,0.15247147,0.2516035,0.25288835
20019,2023-08-01,5,D4,5,D4,4,D3,False,0.0338515,0.0757168,0.10159161,0.10813276,0.26809698,0.41261035
20019,2023-08-08,5,D4,5,D4,4,D3,False,0.0314739,0.055648282,0.066429764,0.085149705,0.26501986,0.4962784
20019,2023-08-15,5,D4,5,D4,4,D3,False,0.030702747,0.04584828,0.05037161,0.07651269,0.2646987,0.53186595
20019,2023-08-22,5,D4,5,D4,4,D3,False,0.032962877,0.045620468,0.04486468,0.07150761,0.2583275,0.5467169
20019,2023-08-29,5,D4,5,D4,4,D3,False,0.03491702,0.045592874,0.04359967,0.0710769,0.25877684,0.54603666
20019,2023-09-05,5,D4,5,D4,4,D3,False,0.042272333,0.054693673,0.04914713,0.07125662,0.24916093,0.5334693
20019,2023-09-12,5,D4,5,D4,4,D3,False,0.050967332,0.06662267,0.05883317,0.07683759,0.24683692,0.4999024
20019,2023-09-19,5,D4,5,D4,4,D3,False,0.049114257,0.06394284,0.054346126,0.07686277,0.26448953,0.4912445
20019,2023-09-26,5,D4,5,D4,4,D3,False,0.04924011,0.06811,0.059454557,0.09374875,0.29814267,0.43130395
20019,2023-10-03,5,D4,5,D4,4,D3,False,0.047572274,0.06951979,0.06373124,0.10952705,0.3222752,0.38737446
20019,2023-10-10,5,D4,5,D4,4,D3,False,0.050272238,0.075039454,0.07298781,0.12629838,0.3262197,0.3491823
20019,2023-10-17,5,D4,5,D4,4,D3,False,0.03493411,0.0663776,0.075099856,0.15626618,0.3231894,0.34413278
20019,2023-10-24,5,D4,5,D4,4,D3,False,0.027050434,0.068912484,0.08802908,0.17229983,0.3015971,0.34211114
20019,2023-10-31,4,D3,5,D4,4,D3,True,0.028184121,0.07896411,0.10713663,0.18907368,0.29167134,0.3049702
20019,2023-11-07,4,D3,4,D3,4,D3,True,0.032760818,0.10110872,0.13364454,0.2019874,0.2708623,0.2596362
20019,2023-11-14,4,D3,4,D3,4,D3,True,0.0353645,0.11492268,0.15089853,0.20628414,0.2620424,0.23048773
20019,2023-11-21,4,D3,4,D3,4,D3,True,0.0384696,0.14370042,0.17437759,0.21157049,0.26483727,0.16704457
20019,2023-11-28,4,D3,4,D3,4,D3,True,0.038634848,0.15946296,0.18994342,0.21138124,0.2725971,0.12798046
20019,2023-12-05,4,D3,4,D3,4,D3,True,0.035979267,0.16692132,0.19991878,0.21175654,0.2788683,0.10655574
20019,2023-12-12,4,D3,4,D3,4,D3,True,0.03687709,0.18148354,0.21969056,0.20271954,0.2898424,0.06938693
20019,2023-12-19,4,D3,4,D3,4,D3,True,0.045606527,0.19870484,0.24663304,0.18150544,0.30325386,0.02429626
20019,2023-12-26,3,D2,4,D3,4,D3,False,0.061068654,0.21725602,0.26727608,0.16513552,0.28267366,0.006590042
20019,2024-01-02,3,D2,2,D1,4,D3,False,0.07037276,0.22795364,0.27568588,0.15608902,0.26664698,0.0032516979
20019,2024-01-09,3,D2,2,D1,4,D3,False,0.11334586,0.2554585,0.27712715,0.13867794,0.21419999,0.0011906126
20019,2024-01-16,3,D2,2,D1,4,D3,False,0.13575575,0.2725045,0.27676427,0.13001764,0.18436435,0.0005935227
20019,2024-01-23,3,D2,2,D1,4,D3,False,0.12939769,0.2771965,0.28100118,0.12870792,0.18323568,0.0004610317
20019,2024-01-30,3,D2,1,D0,4,D3,False,0.15738003,0.2886542,0.27048534,0.12325053,0.15997471,0.00025513818
20019,2024-02-06,3,D2,1,D0,0,None,False,0.19975927,0.30053186,0.2517975,0.11445589,0.13330868,0.00014680433
20019,2024-02-13,3,D2,1,D0,0,None,False,0.20205902,0.30091503,0.25077382,0.115170054,0.13094397,0.00013814066
20019,2024-02-20,3,D2,1,D0,0,None,False,0.16571294,0.30589646,0.26381883,0.12399119,0.14045164,0.00012892735
20019,2024-02-27,3,D2,1,D0,0,None,False,0.1892027,0.30475655,0.26221275,0.12053373,0.12319011,0.00010420451
20019,2024-03-05,3,D2,1,D0,0,None,False,0.16667898,0.31203225,0.27789265,0.12833841,0.11495814,9.955669e-05
20019,2024-03-12,3,D2,1,D0,0,None,False,0.1648819,0.31975174,0.28590485,0.12913516,0.10023776,8.8623776e-05
20019,2024-03-19,3,D2,1,D0,0,None,False,0.1668893,0.32812503,0.29559758,0.12411316,0.08520616,6.878913e-05
20019,2024-03-26,3,D2,1,D0,0,None,False,0.15240358,0.3235751,0.31057367,0.12448838,0.08887229,8.6962275e-05
20019,2024-04-02,2,D1,2,D1,2,D1,True,0.10307061,0.3052541,0.3478985,0.14067158,0.102961145,0.00014402495
20019,2024-04-09,2,D1,2,D1,2,D1,True,0.04820237,0.25950933,0.37412006,0.17032167,0.14735216,0.000494366
20019,2024-04-16,2,D1,2,D1,2,D1,True,0.028101807,0.22923616,0.38080072,0.19214787,0.16843702,0.0012764194
20019,2024-04-23,2,D1,2,D1,4,D3,False,0.025747797,0.21081649,0.36316112,0.1983939,0.19866292,0.0032177845
20019,2024-04-30,2,D1,2,D1,4,D3,False,0.030505868,0.19939055,0.33777955,0.19990523,0.22529075,0.0071280086
20019,2024-05-07,1,D0,2,D1,4,D3,False,0.03702262,0.19708031,0.3290669,0.19734186,0.22927417,0.010214149
20019,2024-05-14,0,None,2,D1,4,D3,False,0.048731446,0.19792566,0.31834278,0.19022214,0.22945562,0.015322338
20019,2024-05-21,0,None,2,D1,4,D3,False,0.071799465,0.20586774,0.31753737,0.1800406,0.21399899,0.010755891
20019,2024-05-28,0,None,2,D1,4,D3,False,0.082413234,0.19753088,0.3100256,0.18269995,0.21148859,0.015841683
20019,2024-06-04,0,None,2,D1,4,D3,False,0.06149049,0.18111843,0.32494423,0.19859347,0.22216585,0.01168759
20019,2024-06-11,0,None,2,D1,4,D3,False,0.054608688,0.17657523,0.33450997,0.20578995,0.22046918,0.00804701
20019,2024-06-18,0,None,2,D1,4,D3,False,0.055391617,0.164275,0.32197532,0.21383484,0.22652172,0.018001506
20019,2024-06-25,0,None,2,D1,4,D3,False,0.05652831,0.152265,0.31728035,0.21560697,0.22485125,0.03346811
20019,2024-07-02,0,None,2,D1,4,D3,False,0.048259225,0.14117439,0.3212854,0.21966971,0.21531756,0.054293714
20019,2024-07-09,0,None,2,D1,4,D3,False,0.041172944,0.13137506,0.3089724,0.21216272,0.21388271,0.09243408
20019,2024-07-16,1,D0,2,D1,4,D3,False,0.035906665,0.123261005,0.2941797,0.19766714,0.19208205,0.15690343
20019,2024-07-23,1,D0,2,D1,4,D3,False,0.028274639,0.10439786,0.27331135,0.19227661,0.17388633,0.22785316
20019,2024-07-30,1,D0,5,D4,4,D3,False,0.023395248,0.09194234,0.24635665,0.18488903,0.1633046,0.2901121
20019,2024-08-06,2,D1,5,D4,4,D3,False,0.030062452,0.08294421,0.14490207,0.13541369,0.19814277,0.40853485
20019,2024-08-13,2,D1,5,D4,4,D3,False,0.027712695,0.05990889,0.08309963,0.10949733,0.25414124,0.46564025
20019,2024-08-20,2,D1,5,D4,4,D3,False,0.027676925,0.048635915,0.057825193,0.090914086,0.27750832,0.49743956
20019,2024-08-27,2,D1,5,D4,4,D3,False,0.027372377,0.041299272,0.045653317,0.08326876,0.2785405,0.5238658
20019,2024-09-03,2,D1,5,D4,4,D3,False,0.029441996,0.042725615,0.04448351,0.08536662,0.28032157,0.5176607
20019,2024-09-10,2,D1,5,D4,4,D3,False,0.026099645,0.03828961,0.04280114,0.09462834,0.29637662,0.5018047
20019,2024-09-17,2,D1,5,D4,4,D3,False,0.021970088,0.034229644,0.041188963,0.11047656,0.31876174,0.473373
20019,2024-09-24,2,D1,5,D4,4,D3,False,0.015132397,0.025094382,0.033893593,0.12253686,0.32771486,0.47562784
20019,2024-10-01,2,D1,5,D4,4,D3,False,0.011687155,0.019989492,0.028298901,0.1259525,0.32916126,0.4849107
20019,2024-10-08,3,D2,5,D4,4,D3,False,0.0058438433,0.014372665,0.026495496,0.14634073,0.30938303,0.4975642
20019,2024-10-15,3,D2,5,D4,4,D3,False,0.004982234,0.011778555,0.026050832,0.15512751,0.30613753,0.49592334
20019,2024-10-22,3,D2,5,D4,4,D3,False,0.0045230263,0.010496686,0.02745748,0.16550557,0.30156118,0.4904561
20019,2024-10-29,4,D3,5,D4,4,D3,True,0.0042493884,0.010143838,0.030070284,0.1730869,0.30016777,0.48228174
20019,2024-11-05,3,D2,5,D4,4,D3,False,0.0050960165,0.012702041,0.036667027,0.17743221,0.2994716,0.46863103
20019,2024-11-12,1,D0,5,D4,4,D3,False,0.013248908,0.028988594,0.06881761,0.1798551,0.2996027,0.40948707
20019,2024-11-19,1,D0,5,D4,4,D3,False,0.024143225,0.048620757,0.10072672,0.16392495,0.31472734,0.34785697
20019,2024-11-26,1,D0,4,D3,4,D3,False,0.039224118,0.08218371,0.15586862,0.16220282,0.35482302,0.20569767
20019,2024-12-03,1,D0,4,D3,4,D3,False,0.047939457,0.10744474,0.19707958,0.1470471,0.38021916,0.12026996
20019,2024-12-10,1,D0,4,D3,4,D3,False,0.053698067,0.123189405,0.22040011,0.13991624,0.38663095,0.076165274
20019,2024-12-17,1,D0,4,D3,4,D3,False,0.0465894,0.12916173,0.22974874,0.14490494,0.38894987,0.06064531
20019,2024-12-24,1,D0,4,D3,4,D3,False,0.060391203,0.14430046,0.24570769,0.13110855,0.3851516,0.033340484
20019,2024-12-31,1,D0,4,D3,4,D3,False,0.06933704,0.15980314,0.2594543,0.12409119,0.37179598,0.015518437
20019,2025-01-07,1,D0,4,D3,4,D3,False,0.07765001,0.16904801,0.26856658,0.121095605,0.3544239,0.0092158625
20019,2025-01-14,1,D0,4,D3,4,D3,False,0.06684932,0.17983231,0.2735944,0.1251227,0.3476377,0.0069635576
20019,2025-01-21,1,D0,4,D3,4,D3,False,0.06293338,0.18609816,0.27678758,0.12643394,0.34115952,0.0065873447
20019,2025-01-28,1,D0,4,D3,4,D3,False,0.05786495,0.19117358,0.2835073,0.12558931,0.33621427,0.005650639
20019,2025-02-04,1,D0,4,D3,4,D3,False,0.05446325,0.20078671,0.29146725,0.124050036,0.32560328,0.0036294789
20019,2025-02-11,1,D0,4,D3,4,D3,False,0.039654307,0.20528622,0.3020534,0.13354404,0.31658316,0.0028789889
20019,2025-02-18,1,D0,4,D3,4,D3,False,0.034054976,0.20267172,0.3065033,0.13770482,0.31627393,0.0027911859
20019,2025-02-25,2,D1,2,D1,4,D3,False,0.03261794,0.20985508,0.31674632,0.1372756,0.30167046,0.0018345496
20019,2025-03-04,2,D1,2,D1,4,D3,False,0.028631466,0.2106524,0.3187489,0.14468807,0.2951008,0.0021784203
20019,2025-03-11,1,D0,2,D1,4,D3,False,0.023139918,0.2049333,0.31546757,0.16119981,0.29170722,0.0035522524
20019,2025-03-18,1,D0,2,D1,4,D3,False,0.014947843,0.18596119,0.31884068,0.1800252,0.29460058,0.005624446
20019,2025-03-25,1,D0,2,D1,4,D3,False,0.012927134,0.17566875,0.3214552,0.19229555,0.29045033,0.0072030206
20019,2025-04-01,1,D0,2,D1,4,D3,False,0.014326907,0.1819103,0.33062917,0.1959079,0.2707705,0.0064552706
20019,2025-04-08,1,D0,2,D1,4,D3,False,0.016485756,0.18794623,0.33071035,0.20130342,0.25635982,0.007194421
20019,2025-04-15,1,D0,2,D1,4,D3,False,0.01973281,0.18405414,0.3244973,0.2048184,0.254294,0.012603311
20019,2025-04-22,0,None,2,D1,4,D3,False,0.022177208,0.1728626,0.31193838,0.2065889,0.26265177,0.02378123
20019,2025-04-29,0,None,2,D1,4,D3,False,0.037343726,0.18850693,0.3104739,0.19724195,0.24547862,0.020954939
20019,2025-05-06,0,None,2,D1,4,D3,False,0.04038159,0.18589643,0.30739218,0.19635618,0.24472198,0.025251733
20019,2025-05-13,0,None,2,D1,4,D3,False,0.05226122,0.18859279,0.30015218,0.1892019,0.2386838,0.031108106
20019,2025-05-20,0,None,2,D1,4,D3,False,0.096829854,0.21060953,0.29866937,0.17146128,0.20854373,0.013886258
20019,2025-05-27,0,None,2,D1,4,D3,False,0.15185563,0.2284643,0.29965296,0.1519372,0.16164657,0.006443307
20019,2025-06-03,0,None,2,D1,4,D3,False,0.15383187,0.22064365,0.2976553,0.15466958,0.16419487,0.009004714
20019,2025-06-10,0,None,2,D1,4,D3,False,0.15377575,0.20927875,0.31316975,0.16044642,0.15555523,0.007774087
20019,2025-06-17,0,None,2,D1,0,None,True,0.19317445,0.21828,0.31427574,0.14035866,0.12528388,0.008627175
20019,2025-06-24,0,None,2,D1,0,None,True,0.20523949,0.2316862,0.323186,0.13006397,0.10405794,0.005766349
20019,2025-07-01,0,None,2,D1,0,None,True,0.23597355,0.2417568,0.31527326,0.11576442,0.08817939,0.003052529
20019,2025-07-08,0,None,2,D1,0,None,True,0.2087613,0.23900583,0.32208768,0.12706847,0.09854059,0.004536127
20019,2025-07-15,0,None,2,D1,0,None,True,0.23535493,0.24689287,0.29591265,0.11943117,0.09676913,0.005639233
20019,2025-07-22,0,None,0,None,0,None,True,0.27650023,0.25448108,0.27128127,0.11721309,0.07256035,0.007963973
20019,2025-07-29,0,None,0,None,0,None,True,0.33269212,0.25687492,0.23321334,0.094636895,0.060896076,0.021686621
20019,2025-08-05,0,None,0,None,0,None,True,0.2778002,0.25403336,0.21703878,0.08635727,0.07127234,0.09349807
20019,2025-08-12,0,None,5,D4,0,None,True,0.18302388,0.15262985,0.10999066,0.0660644,0.11355362,0.3747376
20019,2025-08-19,0,None,5,D4,5,D4,False,0.15807116,0.11779315,0.07071442,0.054113258,0.11145521,0.48785284
20019,2025-08-26,0,None,5,D4,5,D4,False,0.16457742,0.12157707,0.06564549,0.054694884,0.11427386,0.4792312
20019,2025-09-02,0,None,5,D4,0,None,True,0.22356679,0.15358305,0.074923135,0.058021978,0.09992772,0.38997728
20019,2025-09-09,0,None,5,D4,0,None,True,0.2559208,0.1725786,0.08005582,0.059346803,0.09142923,0.3406688
20019,2025-09-16,0,None,0,None,0,None,True,0.30831653,0.20065142,0.08608438,0.0603,0.07601391,0.26863378
20019,2025-09-23,0,None,0,None,0,None,True,0.35189527,0.21906748,0.086790115,0.0631071,0.0648777,0.21426238
20019,2025-09-30,0,None,0,None,0,None,True,0.3799496,0.23639047,0.08851061,0.06720326,0.057379406,0.17056654
20019,2025-10-07,0,None,0,None,0,None,True,0.37034473,0.29418758,0.12067405,0.096109435,0.044775233,0.073909014
20019,2025-10-14,1,D0,0,None,0,None,False,0.3674685,0.3420031,0.13561623,0.11378081,0.024271417,0.016859971
20019,2025-10-21,1,D0,1,D0,0,None,False,0.37293276,0.37317896,0.15148602,0.089601316,0.010375076,0.0024258113
20019,2025-10-28,0,None,1,D0,0,None,True,0.32800394,0.40006584,0.19071995,0.07515832,0.005676984,0.00037492902
20019,2025-11-04,0,None,1,D0,0,None,True,0.29277754,0.40290236,0.20419012,0.0927368,0.0070735943,0.00031958256
20019,2025-11-11,0,None,1,D0,0,None,True,0.2667701,0.39990026,0.19589774,0.12608108,0.010824891,0.0005259154
20019,2025-11-18,0,None,1,D0,0,None,True,0.28766868,0.40332654,0.18236227,0.117654055,0.008742328,0.00024615525
20019,2025-11-25,0,None,1,D0,0,None,True,0.28197846,0.39660826,0.17423254,0.1362214,0.0107671395,0.00019226069
20019,2025-12-02,0,None,1,D0,0,None,True,0.29178548,0.39229313,0.17498277,0.13134114,0.0095321555,6.52483e-05
20019,2025-12-09,1,D0,1,D0,0,None,False,0.22569016,0.3947413,0.19508815,0.17159158,0.01283061,5.8165755e-05
20019,2025-12-16,1,D0,1,D0,0,None,False,0.27937388,0.38736272,0.18882625,0.13433501,0.010081491,2.0644175e-05
20019,2025-12-23,1,D0,1,D0,0,None,False,0.21219265,0.39756095,0.204501,0.17296949,0.01275467,2.1143356e-05
20019,2025-12-30,1,D0,1,D0,0,None,False,0.17215541,0.40083432,0.21362218,0.1966613,0.016700383,2.6416676e-05
20021,2022-01-04,0,None,1,D0,2,D1,False,0.06171479,0.32528162,0.25632498,0.24909037,0.10289962,0.0046886243
20021,2022-01-11,0,None,1,D0,3,D2,False,0.054051228,0.32100716,0.25149396,0.25290075,0.115203224,0.0053436994
20021,2022-01-18,1,D0,1,D0,4,D3,False,0.04375985,0.30923012,0.25093034,0.2521218,0.13733117,0.0066267056
20021,2022-01-25,1,D0,1,D0,4,D3,False,0.03672972,0.3044396,0.259039,0.24170868,0.15128858,0.006794417
20021,2022-02-01,2,D1,1,D0,4,D3,False,0.029016966,0.2906035,0.27522957,0.22574311,0.17283235,0.006574529
20021,2022-02-08,1,D0,2,D1,4,D3,False,0.023486745,0.27400023,0.29080465,0.21263702,0.19267885,0.006392457
20021,2022-02-15,1,D0,2,D1,4,D3,False,0.019891758,0.2558538,0.3031212,0.20276971,0.21043861,0.007924956
20021,2022-02-22,1,D0,2,D1,4,D3,False,0.017641162,0.24399117,0.30719292,0.19994392,0.2216554,0.00957548
20021,2022-03-01,1,D0,2,D1,4,D3,False,0.017869283,0.22250997,0.29913676,0.19963633,0.23806539,0.022782242
20021,2022-03-08,0,None,2,D1,4,D3,False,0.018517945,0.1995779,0.28769806,0.19901647,0.25168976,0.043499846
20021,2022-03-15,0,None,2,D1,4,D3,False,0.018545747,0.18020412,0.28251892,0.20539667,0.2665869,0.04674763
20021,2022-03-22,0,None,2,D1,4,D3,False,0.015536721,0.16154991,0.28032616,0.21446554,0.27487603,0.053245652
20021,2022-03-29,0,None,4,D3,4,D3,False,0.01379514,0.12675072,0.25364053,0.21618423,0.29040727,0.099222064
20021,2022-04-05,0,None,4,D3,4,D3,False,0.008341992,0.09178996,0.23459399,0.22887269,0.30457237,0.13182896
20021,2022-04-12,0,None,4,D3,4,D3,False,0.0058923215,0.0682578,0.20942841,0.22810829,0.30948877,0.17882441
20021,2022-04-19,0,None,4,D3,4,D3,False,0.0040678373,0.04871401,0.17490049,0.21893188,0.29896384,0.25442195
20021,2022-04-26,0,None,5,D4,4,D3,False,0.0036582784,0.037854075,0.14551185,0.20096613,0.28141788,0.33059174
20021,2022-05-03,0,None,5,D4,4,D3,False,0.0035181704,0.03551846,0.14279649,0.20046282,0.28005815,0.33764595
20021,2022-05-10,0,None,5,D4,4,D3,False,0.004739675,0.04347411,0.15625945,0.19796263,0.27669775,0.32086647
20021,2022-05-17,0,None,5,D4,4,D3,False,0.008167286,0.05540977,0.16748963,0.18892045,0.26826143,0.31175143
20021,2022-05-24,0,None,4,D3,4,D3,False,0.018947303,0.09069582,0.23042294,0.1958515,0.2962964,0.16778597
20021,2022-05-31,0,None,4,D3,4,D3,False,0.032855462,0.11557019,0.2872155,0.21236192,0.30042914,0.05156785
20021,2022-06-07,0,None,2,D1,4,D3,False,0.030705366,0.121174,0.32857147,0.2322871,0.26949897,0.017763043
20021,2022-06-14,0,None,2,D1,4,D3,False,0.03358504,0.12591586,0.32381997,0.23309216,0.23795965,0.045627303
20021,2022-06-21,0,None,2,D1,4,D3,False,0.030342788,0.11279062,0.35438544,0.25121188,0.2003126,0.05095669
20021,2022-06-28,1,D0,2,D1,4,D3,False,0.034588914,0.10992844,0.34537446,0.2546436,0.17451224,0.080952294
20021,2022-07-05,1,D0,2,D1,2,D1,False,0.036637336,0.115806274,0.3791731,0.2599218,0.13699943,0.071462065
20021,2022-07-12,2,D1,2,D1,2,D1,True,0.03243281,0.11902598,0.39883772,0.25458968,0.10416189,0.090951905
20021,2022-07-19,3,D2,2,D1,2,D1,False,0.025832666,0.10500236,0.4242925,0.28426367,0.08894447,0.07166433
20021,2022-07-26,4,D3,2,D1,2,D1,False,0.025675971,0.1055557,0.45336348,0.2818718,0.07331038,0.060222626
20021,2022-08-02,4,D3,2,D1,2,D1,False,0.030532056,0.12050312,0.4596501,0.2601347,0.067224346,0.06195565
20021,2022-08-09,4,D3,2,D1,2,D1,False,0.033479907,0.1337543,0.44983068,0.24782252,0.064867795,0.07024485
20021,2022-08-16,4,D3,2,D1,2,D1,False,0.03591085,0.13959284,0.43775764,0.24074654,0.06467716,0.081315026
20021,2022-08-23,4,D3,2,D1,2,D1,False,0.038080208,0.13477178,0.42511392,0.23760399,0.06869928,0.095730804
20021,2022-08-30,4,D3,2,D1,2,D1,False,0.044653606,0.14380817,0.39950737,0.22407708,0.07387555,0.11407817
20021,2022-09-06,4,D3,5,D4,4,D3,True,0.044466015,0.102849685,0.19968858,0.16504748,0.15342428,0.334524
20021,2022-09-13,4,D3,5,D4,4,D3,True,0.03291975,0.066734806,0.10864724,0.14583628,0.23774253,0.40811938
20021,2022-09-20,5,D4,5,D4,4,D3,False,0.020572823,0.052779842,0.11306298,0.17652363,0.20979008,0.42727065
20021,2022-09-27,5,D4,5,D4,4,D3,False,0.015265433,0.03570189,0.0707192,0.1681815,0.26524547,0.44488654
20021,2022-10-04,5,D4,5,D4,4,D3,False,0.009866336,0.025050463,0.05710942,0.17047371,0.2683296,0.46917045
20021,2022-10-11,5,D4,5,D4,4,D3,False,0.008077225,0.018130204,0.0412044,0.17078725,0.28967002,0.47213086
20021,2022-10-18,5,D4,5,D4,4,D3,False,0.0070694787,0.016029779,0.043692667,0.1748272,0.28941196,0.46896896
20021,2022-10-25,4,D3,5,D4,4,D3,True,0.0073570777,0.014107116,0.03733984,0.17304578,0.30071634,0.4674339
20021,2022-11-01,4,D3,5,D4,4,D3,True,0.0076762373,0.015068799,0.041426856,0.17574629,0.30159903,0.45848277
20021,2022-11-08,4,D3,5,D4,4,D3,True,0.0092512565,0.018644786,0.047700364,0.17535393,0.3034644,0.44558522
20021,2022-11-15,4,D3,5,D4,4,D3,True,0.010091794,0.021983484,0.057345994,0.17890234,0.29824886,0.43342754
20021,2022-11-22,4,D3,5,D4,4,D3,True,0.010851009,0.024441784,0.06181244,0.17933087,0.29697803,0.42658585
20021,2022-11-29,4,D3,5,D4,4,D3,True,0.010966407,0.027383214,0.06918119,0.18195519,0.29972345,0.41079056
20021,2022-12-06,4,D3,5,D4,4,D3,True,0.0113004,0.031935964,0.07980986,0.18331671,0.30186123,0.39177582
20021,2022-12-13,3,D2,5,D4,4,D3,False,0.011036959,0.033910353,0.08613585,0.18482757,0.30347034,0.38061896
20021,2022-12-20,3,D2,5,D4,4,D3,False,0.012964164,0.046576332,0.112666205,0.18480366,0.31824118,0.3247485
20021,2022-12-27,3,D2,4,D3,4,D3,False,0.018657336,0.07147796,0.16311197,0.18425068,0.36273143,0.19977066
20021,2023-01-03,3,D2,4,D3,4,D3,False,0.027028492,0.115263805,0.23161641,0.17654328,0.38920513,0.060342934
20021,2023-01-10,3,D2,4,D3,4,D3,False,0.02874732,0.14305922,0.26002485,0.16911983,0.3750754,0.023973355
20021,2023-01-17,3,D2,4,D3,4,D3,False,0.034049604,0.16204253,0.27777433,0.15309434,0.36205053,0.010988662
20021,2023-01-24,3,D2,4,D3,4,D3,False,0.04678871,0.18515636,0.291845,0.13388278,0.33848435,0.003842818
20021,2023-01-31,3,D2,4,D3,4,D3,False,0.06262547,0.20831156,0.2994818,0.121988125,0.30617476,0.0014183869
20021,2023-02-07,3,D2,4,D3,4,D3,False,0.05257178,0.21391109,0.30042568,0.12869664,0.30292,0.0014747683
20021,2023-02-14,2,D1,2,D1,4,D3,False,0.04802812,0.21936508,0.30691773,0.1318096,0.29264283,0.0012366938
20021,2023-02-21,2,D1,2,D1,4,D3,False,0.049641725,0.22109742,0.3095241,0.13000545,0.28859386,0.001137513
20021,2023-02-28,2,D1,2,D1,4,D3,False,0.038682695,0.2169372,0.3151952,0.13874117,0.2890909,0.0013527691
20021,2023-03-07,2,D1,2,D1,4,D3,False,0.032937475,0.20840701,0.31902063,0.142124,0.29583642,0.0016745282
20021,2023-03-14,2,D1,2,D1,4,D3,False,0.032502547,0.21167545,0.32466358,0.14402024,0.28559935,0.0015388138
20021,2023-03-21,2,D1,2,D1,4,D3,False,0.031209148,0.21036983,0.32695296,0.14697042,0.2828102,0.0016874044
20021,2023-03-28,2,D1,2,D1,4,D3,False,0.019702988,0.19836245,0.33320192,0.16501497,0.2812961,0.002421579
20021,2023-04-04,2,D1,2,D1,4,D3,False,0.015401805,0.18431124,0.33034307,0.18081234,0.2845726,0.00455889
20021,2023-04-11,2,D1,2,D1,4,D3,False,0.012066101,0.16220096,0.3236271,0.20821251,0.284283,0.009610256
20021,2023-04-18,2,D1,2,D1,4,D3,False,0.012419787,0.14968976,0.31085986,0.21831407,0.28947416,0.019242436
20021,2023-04-25,2,D1,4,D3,4,D3,False,0.010439775,0.12183748,0.29030827,0.22663508,0.3056896,0.04508979
20021,2023-05-02,3,D2,4,D3,4,D3,False,0.007870328,0.08975001,0.25531226,0.23141102,0.31844857,0.09720774
20021,2023-05-09,2,D1,4,D3,4,D3,False,0.0066785375,0.07426,0.2330779,0.23050539,0.32148632,0.13399188
20021,2023-05-16,2,D1,4,D3,4,D3,False,0.008090212,0.07051825,0.21506093,0.21663663,0.30815935,0.18153456
20021,2023-05-23,2,D1,4,D3,4,D3,False,0.015441882,0.090446375,0.2397147,0.20971051,0.30452666,0.14015985
20021,2023-05-30,2,D1,4,D3,4,D3,False,0.025010068,0.12022793,0.2830192,0.21092597,0.30205554,0.05876133
20021,2023-06-06,2,D1,2,D1,4,D3,False,0.036405288,0.13613468,0.32684976,0.21661177,0.2731369,0.010861656
20021,2023-06-13,2,D1,2,D1,4,D3,False,0.037160695,0.13905752,0.34251568,0.2187309,0.2549865,0.007548775
20021,2023-06-20,2,D1,2,D1,4,D3,False,0.040468547,0.14945439,0.36686715,0.2220549,0.21723366,0.0039213505
20021,2023-06-27,2,D1,2,D1,4,D3,False,0.033575315,0.14315546,0.39096764,0.2340914,0.19581561,0.0023946015
20021,2023-07-04,2,D1,2,D1,4,D3,False,0.033936206,0.13506967,0.39736533,0.24074829,0.18820557,0.0046749245
20021,2023-07-11,3,D2,2,D1,4,D3,False,0.035203896,0.13103083,0.3733056,0.22844717,0.20943324,0.02257925
20021,2023-07-18,3,D2,2,D1,4,D3,False,0.03947163,0.13579097,0.349944,0.2138572,0.20841782,0.05251843
20021,2023-07-25,3,D2,5,D4,4,D3,False,0.04176424,0.11255077,0.18872164,0.15247147,0.2516035,0.25288835
20021,2023-08-01,3,D2,5,D4,4,D3,False,0.0338515,0.0757168,0.10159161,0.10813276,0.26809698,0.41261035
20021,2023-08-08,2,D1,5,D4,4,D3,False,0.0314739,0.055648282,0.066429764,0.085149705,0.26501986,0.4962784
20021,2023-08-15,1,D0,5,D4,4,D3,False,0.030702759,0.045848288,0.050371606,0.07651269,0.2646987,0.5318659
20021,2023-08-22,1,D0,5,D4,4,D3,False,0.032962874,0.04562047,0.0448647,0.071507625,0.2583275,0.54671687
20021,2023-08-29,1,D0,5,D4,4,D3,False,0.03491702,0.045592874,0.04359967,0.0710769,0.25877684,0.54603666
20021,2023-09-05,1,D0,5,D4,4,D3,False,0.042272333,0.054693673,0.04914713,0.07125662,0.24916093,0.5334693
20021,2023-09-12,1,D0,5,D4,4,D3,False,0.050967332,0.06662267,0.05883317,0.07683759,0.24683692,0.4999024
20021,2023-09-19,1,D0,5,D4,4,D3,False,0.049114257,0.06394284,0.054346126,0.07686277,0.26448953,0.4912445
20021,2023-09-26,0,None,5,D4,4,D3,False,0.04924011,0.06811,0.059454557,0.09374875,0.29814267,0.43130395
20021,2023-10-03,0,None,5,D4,4,D3,False,0.047572274,0.06951979,0.06373124,0.10952705,0.3222752,0.38737446
20021,2023-10-10,0,None,5,D4,4,D3,False,0.050272238,0.075039454,0.07298781,0.12629838,0.3262197,0.3491823
20021,2023-10-17,0,None,5,D4,4,D3,False,0.03493411,0.0663776,0.075099856,0.15626618,0.3231894,0.34413278
20021,2023-10-24,0,None,5,D4,4,D3,False,0.027050434,0.068912484,0.08802908,0.17229983,0.3015971,0.34211114
20021,2023-10-31,0,None,5,D4,4,D3,False,0.028184121,0.07896411,0.10713663,0.18907368,0.29167134,0.3049702
20021,2023-11-07,0,None,4,D3,4,D3,False,0.032760818,0.10110872,0.13364454,0.2019874,0.2708623,0.2596362
20021,2023-11-14,0,None,4,D3,4,D3,False,0.0353645,0.11492268,0.15089853,0.20628414,0.2620424,0.23048773
20021,2023-11-21,0,None,4,D3,4,D3,False,0.0384696,0.14370042,0.17437759,0.21157049,0.26483727,0.16704457
20021,2023-11-28,0,None,4,D3,4,D3,False,0.038634848,0.15946296,0.18994342,0.21138124,0.2725971,0.12798046
20021,2023-12-05,1,D0,4,D3,4,D3,False,0.035979267,0.16692132,0.19991878,0.21175654,0.2788683,0.10655574
20021,2023-12-12,1,D0,4,D3,4,D3,False,0.036877096,0.18148355,0.21969055,0.20271952,0.28984237,0.06938692
20021,2023-12-19,1,D0,4,D3,4,D3,False,0.045606516,0.1987048,0.24663305,0.18150543,0.3032539,0.024296269
20021,2023-12-26,0,None,4,D3,4,D3,False,0.061068654,0.21725602,0.26727608,0.16513552,0.28267366,0.006590042
20021,2024-01-02,0,None,2,D1,4,D3,False,0.07037276,0.22795364,0.27568588,0.15608902,0.26664698,0.0032516979
20021,2024-01-09,0,None,2,D1,4,D3,False,0.11334586,0.2554585,0.27712715,0.13867794,0.21419999,0.0011906126
20021,2024-01-16,0,None,2,D1,4,D3,False,0.13575575,0.2725045,0.27676427,0.13001764,0.18436435,0.0005935227
20021,2024-01-23,0,None,2,D1,4,D3,False,0.12939769,0.2771965,0.28100118,0.12870792,0.18323568,0.0004610317
20021,2024-01-30,0,None,1,D0,4,D3,False,0.15738003,0.2886542,0.27048534,0.12325053,0.15997471,0.00025513818
20021,2024-02-06,0,None,1,D0,0,None,True,0.19975927,0.30053186,0.2517975,0.11445589,0.13330868,0.00014680433
20021,2024-02-13,0,None,1,D0,0,None,True,0.20205902,0.30091503,0.25077382,0.115170054,0.13094397,0.00013814066
20021,2024-02-20,0,None,1,D0,0,None,True,0.16571294,0.30589646,0.26381883,0.12399119,0.14045164,0.00012892735
20021,2024-02-27,1,D0,1,D0,0,None,False,0.1892027,0.30475655,0.26221275,0.12053373,0.12319011,0.00010420451
20021,2024-03-05,1,D0,1,D0,0,None,False,0.16667898,0.31203225,0.27789265,0.12833841,0.11495814,9.955669e-05
20021,2024-03-12,1,D0,1,D0,0,None,False,0.1648819,0.31975174,0.28590485,0.12913516,0.10023776,8.8623776e-05
20021,2024-03-19,1,D0,1,D0,0,None,False,0.1668893,0.32812503,0.29559758,0.12411316,0.08520616,6.878913e-05
20021,2024-03-26,1,D0,1,D0,0,None,False,0.1524036,0.32357514,0.3105736,0.12448838,0.088872276,8.696228e-05
20021,2024-04-02,0,None,2,D1,2,D1,False,0.10307058,0.30525407,0.34789857,0.14067158,0.10296118,0.0001440251
20021,2024-04-09,0,None,2,D1,2,D1,False,0.04820237,0.25950933,0.37412006,0.17032167,0.14735216,0.000494366
20021,2024-04-16,0,None,2,D1,2,D1,False,0.028101807,0.22923616,0.38080072,0.19214787,0.16843702,0.0012764194
20021,2024-04-23,1,D0,2,D1,4,D3,False,0.025747797,0.21081649,0.36316112,0.1983939,0.19866292,0.0032177845
20021,2024-04-30,0,None,2,D1,4,D3,False,0.030505868,0.19939055,0.33777955,0.19990523,0.22529075,0.0071280086
20021,2024-05-07,0,None,2,D1,4,D3,False,0.03702262,0.19708031,0.3290669,0.19734186,0.22927417,0.010214149
20021,2024-05-14,0,None,2,D1,4,D3,False,0.048731446,0.19792566,0.31834278,0.19022214,0.22945562,0.015322338
20021,2024-05-21,0,None,2,D1,4,D3,False,0.071799465,0.20586774,0.31753737,0.1800406,0.21399899,0.010755891
20021,2024-05-28,0,None,2,D1,4,D3,False,0.082413234,0.19753088,0.3100256,0.18269995,0.21148859,0.015841683
20021,2024-06-04,0,None,2,D1,4,D3,False,0.06149049,0.18111843,0.32494423,0.19859347,0.22216585,0.01168759
20021,2024-06-11,0,None,2,D1,4,D3,False,0.054608688,0.17657523,0.33450997,0.20578995,0.22046918,0.00804701
20021,2024-06-18,0,None,2,D1,4,D3,False,0.055391617,0.164275,0.32197532,0.21383484,0.22652172,0.018001506
20021,2024-06-25,1,D0,2,D1,4,D3,False,0.05652831,0.152265,0.31728035,0.21560697,0.22485125,0.03346811
20021,2024-07-02,1,D0,2,D1,4,D3,False,0.048259225,0.14117439,0.3212854,0.21966971,0.21531756,0.054293714
20021,2024-07-09,0,None,2,D1,4,D3,False,0.041172944,0.13137506,0.3089724,0.21216272,0.21388271,0.09243408
20021,2024-07-16,0,None,2,D1,4,D3,False,0.035906665,0.123261005,0.2941797,0.19766714,0.19208205,0.15690343
20021,2024-07-23,0,None,2,D1,4,D3,False,0.02827463,0.104397856,0.27331132,0.19227663,0.17388631,0.22785322
20021,2024-07-30,1,D0,5,D4,4,D3,False,0.023395242,0.09194236,0.24635667,0.18488905,0.1633046,0.29011217
20021,2024-08-06,1,D0,5,D4,4,D3,False,0.030062452,0.08294421,0.14490207,0.13541369,0.19814277,0.40853485
20021,2024-08-13,2,D1,5,D4,4,D3,False,0.027712695,0.05990889,0.08309963,0.10949733,0.25414124,0.46564025
20021,2024-08-20,2,D1,5,D4,4,D3,False,0.027676925,0.048635915,0.057825193,0.090914086,0.27750832,0.49743956
20021,2024-08-27,2,D1,5,D4,4,D3,False,0.027372377,0.041299272,0.045653317,0.08326876,0.2785405,0.5238658
20021,2024-09-03,2,D1,5,D4,4,D3,False,0.029441996,0.042725615,0.04448351,0.08536662,0.28032157,0.5176607
20021,2024-09-10,2,D1,5,D4,4,D3,False,0.026099645,0.03828961,0.04280114,0.09462834,0.29637662,0.5018047
20021,2024-09-17,2,D1,5,D4,4,D3,False,0.021970088,0.034229644,0.041188963,0.11047656,0.31876174,0.473373
20021,2024-09-24,3,D2,5,D4,4,D3,False,0.015132397,0.025094382,0.033893593,0.12253686,0.32771486,0.47562784
20021,2024-10-01,3,D2,5,D4,4,D3,False,0.011687155,0.019989492,0.028298901,0.1259525,0.32916126,0.4849107
20021,2024-10-08,3,D2,5,D4,4,D3,False,0.0058438433,0.014372665,0.026495496,0.14634073,0.30938303,0.4975642
20021,2024-10-15,3,D2,5,D4,4,D3,False,0.004982234,0.011778555,0.026050832,0.15512751,0.30613753,0.49592334
20021,2024-10-22,4,D3,5,D4,4,D3,True,0.0045230263,0.010496686,0.02745748,0.16550557,0.30156118,0.4904561
20021,2024-10-29,4,D3,5,D4,4,D3,True,0.0042493884,0.010143838,0.030070284,0.1730869,0.30016777,0.48228174
20021,2024-11-05,3,D2,5,D4,4,D3,False,0.005096019,0.012702046,0.036667038,0.17743224,0.29947162,0.46863097
20021,2024-11-12,3,D2,5,D4,4,D3,False,0.013248902,0.028988587,0.06881761,0.1798551,0.29960266,0.4094871
20021,2024-11-19,2,D1,5,D4,4,D3,False,0.024143225,0.048620757,0.10072672,0.16392495,0.31472734,0.34785697
20021,2024-11-26,2,D1,4,D3,4,D3,False,0.039224118,0.08218371,0.15586862,0.16220282,0.35482302,0.20569767
20021,2024-12-03,2,D1,4,D3,4,D3,False,0.047939457,0.10744474,0.19707958,0.1470471,0.38021916,0.12026996
20021,2024-12-10,2,D1,4,D3,4,D3,False,0.053698067,0.123189405,0.22040011,0.13991624,0.38663095,0.076165274
20021,2024-12-17,1,D0,4,D3,4,D3,False,0.0465894,0.12916173,0.22974874,0.14490494,0.38894987,0.06064531
20021,2024-12-24,1,D0,4,D3,4,D3,False,0.060391203,0.14430046,0.24570769,0.13110855,0.3851516,0.033340484
20021,2024-12-31,1,D0,4,D3,4,D3,False,0.06933704,0.15980314,0.2594543,0.12409119,0.37179598,0.015518437
20021,2025-01-07,1,D0,4,D3,4,D3,False,0.07765001,0.16904801,0.26856658,0.121095605,0.3544239,0.0092158625
20021,2025-01-14,1,D0,4,D3,4,D3,False,0.06684932,0.17983231,0.2735944,0.1251227,0.3476377,0.0069635576
20021,2025-01-21,1,D0,4,D3,4,D3,False,0.06293338,0.18609816,0.27678758,0.12643394,0.34115952,0.0065873447
20021,2025-01-28,1,D0,4,D3,4,D3,False,0.05786495,0.19117358,0.2835073,0.12558931,0.33621427,0.005650639
20021,2025-02-04,1,D0,4,D3,4,D3,False,0.05446325,0.20078671,0.29146725,0.124050036,0.32560328,0.0036294789
20021,2025-02-11,1,D0,4,D3,4,D3,False,0.039654307,0.20528622,0.3020534,0.13354404,0.31658316,0.0028789889
20021,2025-02-18,1,D0,4,D3,4,D3,False,0.034054976,0.20267172,0.3065033,0.13770482,0.31627393,0.0027911859
20021,2025-02-25,1,D0,2,D1,4,D3,False,0.03261794,0.20985508,0.31674632,0.1372756,0.30167046,0.0018345496
20021,2025-03-04,1,D0,2,D1,4,D3,False,0.028631458,0.21065237,0.31874895,0.14468808,0.29510075,0.0021784208
20021,2025-03-11,0,None,2,D1,4,D3,False,0.023139924,0.20493329,0.31546757,0.16119981,0.29170722,0.0035522524
20021,2025-03-18,0,None,2,D1,4,D3,False,0.014947843,0.18596119,0.31884068,0.1800252,0.29460058,0.005624446
20021,2025-03-25,1,D0,2,D1,4,D3,False,0.012927134,0.17566875,0.3214552,0.19229555,0.29045033,0.0072030206
20021,2025-04-01,1,D0,2,D1,4,D3,False,0.014326907,0.1819103,0.33062917,0.1959079,0.2707705,0.0064552706
20021,2025-04-08,0,None,2,D1,4,D3,False,0.016485756,0.18794623,0.33071035,0.20130342,0.25635982,0.007194421
20021,2025-04-15,0,None,2,D1,4,D3,False,0.01973281,0.18405414,0.3244973,0.2048184,0.254294,0.012603311
20021,2025-04-22,0,None,2,D1,4,D3,False,0.022177208,0.1728626,0.31193838,0.2065889,0.26265177,0.02378123
20021,2025-04-29,0,None,2,D1,4,D3,False,0.037343726,0.18850693,0.3104739,0.19724195,0.24547862,0.020954939
20021,2025-05-06,0,None,2,D1,4,D3,False,0.04038159,0.18589643,0.30739218,0.19635618,0.24472198,0.025251733
20021,2025-05-13,0,None,2,D1,4,D3,False,0.05226122,0.18859279,0.30015218,0.1892019,0.2386838,0.031108106
20021,2025-05-20,0,None,2,D1,4,D3,False,0.096829854,0.21060953,0.29866937,0.17146128,0.20854373,0.013886258
20021,2025-05-27,0,None,2,D1,4,D3,False,0.15185563,0.2284643,0.29965296,0.1519372,0.16164657,0.006443307
20021,2025-06-03,0,None,2,D1,4,D3,False,0.15383187,0.22064365,0.2976553,0.15466958,0.16419487,0.009004714
20021,2025-06-10,0,None,2,D1,4,D3,False,0.15377575,0.20927875,0.31316975,0.16044642,0.15555523,0.007774087
20021,2025-06-17,0,None,2,D1,0,None,True,0.19317448,0.21828005,0.31427574,0.14035863,0.12528387,0.008627173
20021,2025-06-24,0,None,2,D1,0,None,True,0.20523947,0.23168623,0.323186,0.13006398,0.104057945,0.005766349
20021,2025-07-01,0,None,2,D1,0,None,True,0.23597355,0.2417568,0.31527326,0.11576442,0.08817939,0.003052529
20021,2025-07-08,0,None,2,D1,0,None,True,0.2087613,0.23900583,0.32208768,0.12706847,0.09854059,0.004536127
20021,2025-07-15,0,None,2,D1,0,None,True,0.23535493,0.24689287,0.29591265,0.11943117,0.09676913,0.005639233
20021,2025-07-22,0,None,0,None,0,None,True,0.27650023,0.25448108,0.27128127,0.11721309,0.07256035,0.007963973
20021,2025-07-29,0,None,0,None,0,None,True,0.33269212,0.25687492,0.23321334,0.094636895,0.060896076,0.021686621
20021,2025-08-05,1,D0,0,None,0,None,False,0.2778002,0.25403336,0.21703878,0.08635727,0.07127234,0.09349807
20021,2025-08-12,0,None,5,D4,0,None,True,0.18302388,0.15262985,0.10999066,0.0660644,0.11355362,0.3747376
20021,2025-08-19,0,None,5,D4,5,D4,False,0.15807116,0.11779315,0.07071442,0.054113258,0.11145521,0.48785284
20021,2025-08-26,1,D0,5,D4,5,D4,False,0.16457742,0.12157707,0.06564549,0.054694884,0.11427386,0.4792312
20021,2025-09-02,1,D0,5,D4,0,None,False,0.22356679,0.15358305,0.074923135,0.058021978,0.09992772,0.38997728
20021,2025-09-09,1,D0,5,D4,0,None,False,0.2559208,0.1725786,0.08005582,0.059346803,0.09142923,0.3406688
20021,2025-09-16,2,D1,0,None,0,None,False,0.30831653,0.20065142,0.08608438,0.0603,0.07601391,0.26863378
20021,2025-09-23,2,D1,0,None,0,None,False,0.35189527,0.21906748,0.086790115,0.0631071,0.0648777,0.21426238
20021,2025-09-30,2,D1,0,None,0,None,False,0.3799496,0.23639047,0.08851061,0.06720326,0.057379406,0.17056654
20021,2025-10-07,2,D1,0,None,0,None,False,0.37034473,0.29418758,0.12067405,0.096109435,0.044775233,0.073909014
20021,2025-10-14,2,D1,0,None,0,None,False,0.36746845,0.34200314,0.13561624,0.11378083,0.024271414,0.016859967
20021,2025-10-21,2,D1,1,D0,0,None,False,0.3729328,0.3731789,0.15148605,0.08960134,0.0103750825,0.002425812
20021,2025-10-28,2,D1,1,D0,0,None,False,0.32800394,0.40006584,0.19071995,0.07515832,0.005676984,0.00037492902
20021,2025-11-04,2,D1,1,D0,0,None,False,0.29277754,0.40290236,0.20419012,0.0927368,0.0070735943,0.00031958256
20021,2025-11-11,2,D1,1,D0,0,None,False,0.2667701,0.39990026,0.19589774,0.12608108,0.010824891,0.0005259154
20021,2025-11-18,2,D1,1,D0,0,None,False,0.28766868,0.40332654,0.18236227,0.117654055,0.008742328,0.00024615525
20021,2025-11-25,1,D0,1,D0,0,None,False,0.28197846,0.39660826,0.17423254,0.1362214,0.0107671395,0.00019226069
20021,2025-12-02,1,D0,1,D0,0,None,False,0.29178548,0.39229313,0.17498277,0.13134114,0.0095321555,6.52483e-05
20021,2025-12-09,1,D0,1,D0,0,None,False,0.22569016,0.3947413,0.19508815,0.17159158,0.01283061,5.8165755e-05
20021,2025-12-16,1,D0,1,D0,0,None,False,0.27937388,0.38736272,0.18882625,0.13433501,0.010081491,2.0644175e-05
20021,2025-12-23,2,D1,1,D0,0,None,False,0.21219265,0.39756095,0.204501,0.17296949,0.01275467,2.1143356e-05
20021,2025-12-30,2,D1,1,D0,0,None,False,0.17215541,0.40083432,0.21362218,0.1966613,0.016700383,2.6416676e-05
20023,2022-01-04,3,D2,1,D0,2,D1,False,0.06171479,0.32528162,0.25632498,0.24909037,0.10289962,0.0046886243
20023,2022-01-11,3,D2,1,D0,3,D2,True,0.054051228,0.32100716,0.25149396,0.25290075,0.115203224,0.0053436994
20023,2022-01-18,3,D2,1,D0,4,D3,False,0.04375985,0.30923012,0.25093034,0.2521218,0.13733117,0.0066267056
20023,2022-01-25,3,D2,1,D0,4,D3,False,0.036729716,0.30443963,0.259039,0.24170868,0.15128858,0.0067944094
20023,2022-02-01,3,D2,1,D0,4,D3,False,0.029016962,0.29060346,0.27522957,0.22574313,0.17283234,0.0065745283
20023,2022-02-08,3,D2,2,D1,4,D3,False,0.023486745,0.27400023,0.29080465,0.21263702,0.19267885,0.006392457
20023,2022-02-15,3,D2,2,D1,4,D3,False,0.019891758,0.2558538,0.3031212,0.20276971,0.21043861,0.007924956
20023,2022-02-22,3,D2,2,D1,4,D3,False,0.017641162,0.24399117,0.30719292,0.19994392,0.2216554,0.00957548
20023,2022-03-01,3,D2,2,D1,4,D3,False,0.017869283,0.22250997,0.29913676,0.19963633,0.23806539,0.022782242
20023,2022-03-08,3,D2,2,D1,4,D3,False,0.018517945,0.1995779,0.28769806,0.19901647,0.25168976,0.043499846
20023,2022-03-15,3,D2,2,D1,4,D3,False,0.018545747,0.18020412,0.28251892,0.20539667,0.2665869,0.04674763
20023,2022-03-22,2,D1,2,D1,4,D3,False,0.015536721,0.16154991,0.28032616,0.21446554,0.27487603,0.053245652
20023,2022-03-29,2,D1,4,D3,4,D3,False,0.01379514,0.12675072,0.25364053,0.21618423,0.29040727,0.099222064
20023,2022-04-05,2,D1,4,D3,4,D3,False,0.008341992,0.09178996,0.23459399,0.22887269,0.30457237,0.13182896
20023,2022-04-12,2,D1,4,D3,4,D3,False,0.0058923215,0.0682578,0.20942841,0.22810829,0.30948877,0.17882441
20023,2022-04-19,2,D1,4,D3,4,D3,False,0.0040678373,0.04871401,0.17490049,0.21893188,0.29896384,0.25442195
20023,2022-04-26,2,D1,5,D4,4,D3,False,0.0036582784,0.037854075,0.14551185,0.20096613,0.28141788,0.33059174
20023,2022-05-03,2,D1,5,D4,4,D3,False,0.0035181704,0.03551846,0.14279649,0.20046282,0.28005815,0.33764595
20023,2022-05-10,2,D1,5,D4,4,D3,False,0.004739675,0.04347411,0.15625945,0.19796263,0.27669775,0.32086647
20023,2022-05-17,2,D1,5,D4,4,D3,False,0.008167286,0.05540977,0.16748963,0.18892045,0.26826143,0.31175143
20023,2022-05-24,2,D1,4,D3,4,D3,False,0.018947303,0.09069582,0.23042294,0.1958515,0.2962964,0.16778597
20023,2022-05-31,2,D1,4,D3,4,D3,False,0.03285546,0.11557019,0.28721547,0.21236193,0.3004291,0.051567845
20023,2022-06-07,2,D1,2,D1,4,D3,False,0.030705366,0.121174,0.32857147,0.2322871,0.26949897,0.017763043
20023,2022-06-14,2,D1,2,D1,4,D3,False,0.03358504,0.12591586,0.32381997,0.23309216,0.23795965,0.045627303
20023,2022-06-21,2,D1,2,D1,4,D3,False,0.030342788,0.11279062,0.35438544,0.25121188,0.2003126,0.05095669
20023,2022-06-28,2,D1,2,D1,4,D3,False,0.034588914,0.10992844,0.34537446,0.2546436,0.17451224,0.080952294
20023,2022-07-05,3,D2,2,D1,2,D1,False,0.036637336,0.115806274,0.3791731,0.2599218,0.13699943,0.071462065
20023,2022-07-12,3,D2,2,D1,2,D1,False,0.03243281,0.11902598,0.39883772,0.25458968,0.10416189,0.090951905
20023,2022-07-19,3,D2,2,D1,2,D1,False,0.025832666,0.10500236,0.4242925,0.28426367,0.08894447,0.07166433
20023,2022-07-26,3,D2,2,D1,2,D1,False,0.025675971,0.1055557,0.45336348,0.2818718,0.07331038,0.060222626
20023,2022-08-02,4,D3,2,D1,2,D1,False,0.030532056,0.12050312,0.4596501,0.2601347,0.067224346,0.06195565
20023,2022-08-09,4,D3,2,D1,2,D1,False,0.033479907,0.1337543,0.44983068,0.24782252,0.064867795,0.07024485
20023,2022-08-16,4,D3,2,D1,2,D1,False,0.03591085,0.13959284,0.43775764,0.24074654,0.06467716,0.081315026
20023,2022-08-23,4,D3,2,D1,2,D1,False,0.038080208,0.13477178,0.42511392,0.23760399,0.06869928,0.095730804
20023,2022-08-30,4,D3,2,D1,2,D1,False,0.044653606,0.14380817,0.39950737,0.22407708,0.07387555,0.11407817
20023,2022-09-06,4,D3,5,D4,4,D3,True,0.04446601,0.10284968,0.19968863,0.1650475,0.15342425,0.33452398
20023,2022-09-13,4,D3,5,D4,4,D3,True,0.032919765,0.066734806,0.10864724,0.14583628,0.23774257,0.40811938
20023,2022-09-20,4,D3,5,D4,4,D3,True,0.020572823,0.052779842,0.11306298,0.17652363,0.20979008,0.42727065
20023,2022-09-27,4,D3,5,D4,4,D3,True,0.015265433,0.03570189,0.0707192,0.1681815,0.26524547,0.44488654
20023,2022-10-04,4,D3,5,D4,4,D3,True,0.009866336,0.025050463,0.05710942,0.17047371,0.2683296,0.46917045
20023,2022-10-11,4,D3,5,D4,4,D3,True,0.008077225,0.018130204,0.0412044,0.17078725,0.28967002,0.47213086
20023,2022-10-18,4,D3,5,D4,4,D3,True,0.0070694787,0.016029779,0.043692667,0.1748272,0.28941196,0.46896896
20023,2022-10-25,3,D2,5,D4,4,D3,False,0.0073570777,0.014107116,0.03733984,0.17304578,0.30071634,0.4674339
20023,2022-11-01,3,D2,5,D4,4,D3,False,0.0076762373,0.015068799,0.041426856,0.17574629,0.30159903,0.45848277
20023,2022-11-08,3,D2,5,D4,4,D3,False,0.0092512565,0.018644786,0.047700364,0.17535393,0.3034644,0.44558522
20023,2022-11-15,3,D2,5,D4,4,D3,False,0.010091794,0.021983484,0.057345994,0.17890234,0.29824886,0.43342754
20023,2022-11-22,3,D2,5,D4,4,D3,False,0.010851009,0.024441784,0.06181244,0.17933087,0.29697803,0.42658585
20023,2022-11-29,3,D2,5,D4,4,D3,False,0.010966407,0.027383214,0.06918119,0.18195519,0.29972345,0.41079056
20023,2022-12-06,3,D2,5,D4,4,D3,False,0.0113004,0.031935964,0.07980986,0.18331671,0.30186123,0.39177582
20023,2022-12-13,3,D2,5,D4,4,D3,False,0.011036959,0.033910353,0.08613585,0.18482757,0.30347034,0.38061896
20023,2022-12-20,3,D2,5,D4,4,D3,False,0.012964164,0.046576332,0.112666205,0.18480366,0.31824118,0.3247485
20023,2022-12-27,3,D2,4,D3,4,D3,False,0.018657336,0.07147796,0.16311197,0.18425068,0.36273143,0.19977066
20023,2023-01-03,3,D2,4,D3,4,D3,False,0.027028492,0.1152638,0.23161641,0.1765433,0.38920513,0.06034294
20023,2023-01-10,3,D2,4,D3,4,D3,False,0.028747326,0.14305922,0.26002488,0.16911983,0.3750755,0.023973344
20023,2023-01-17,3,D2,4,D3,4,D3,False,0.034049604,0.16204253,0.27777433,0.15309434,0.36205053,0.010988662
20023,2023-01-24,3,D2,4,D3,4,D3,False,0.04678871,0.18515636,0.291845,0.13388278,0.33848435,0.003842818
20023,2023-01-31,3,D2,4,D3,4,D3,False,0.06262547,0.20831156,0.2994818,0.121988125,0.30617476,0.0014183869
20023,2023-02-07,3,D2,4,D3,4,D3,False,0.05257178,0.21391109,0.30042568,0.12869664,0.30292,0.0014747683
20023,2023-02-14,3,D2,2,D1,4,D3,False,0.04802812,0.21936508,0.30691773,0.1318096,0.29264283,0.0012366938
20023,2023-02-21,3,D2,2,D1,4,D3,False,0.049641725,0.22109742,0.3095241,0.13000545,0.28859386,0.001137513
20023,2023-02-28,3,D2,2,D1,4,D3,False,0.038682695,0.2169372,0.3151952,0.13874117,0.2890909,0.0013527691
20023,2023-03-07,3,D2,2,D1,4,D3,False,0.032937475,0.20840701,0.31902063,0.142124,0.29583642,0.0016745282
20023,2023-03-14,3,D2,2,D1,4,D3,False,0.032502547,0.21167545,0.32466358,0.14402024,0.28559935,0.0015388138
20023,2023-03-21,3,D2,2,D1,4,D3,False,0.031209148,0.21036983,0.32695296,0.14697042,0.2828102,0.0016874044
20023,2023-03-28,3,D2,2,D1,4,D3,False,0.019702988,0.19836245,0.33320192,0.16501497,0.2812961,0.002421579
20023,2023-04-04,3,D2,2,D1,4,D3,False,0.015401805,0.18431124,0.33034307,0.18081234,0.2845726,0.00455889
20023,2023-04-11,3,D2,2,D1,4,D3,False,0.012066101,0.16220096,0.3236271,0.20821251,0.284283,0.009610256
20023,2023-04-18,3,D2,2,D1,4,D3,False,0.012419787,0.14968973,0.31085986,0.21831405,0.28947413,0.019242436
20023,2023-04-25,3,D2,4,D3,4,D3,False,0.010439771,0.121837474,0.29030824,0.2266351,0.3056896,0.045089792
20023,2023-05-02,3,D2,4,D3,4,D3,False,0.007870328,0.08975001,0.25531226,0.23141102,0.31844857,0.09720774
20023,2023-05-09,3,D2,4,D3,4,D3,False,0.0066785375,0.07426,0.2330779,0.23050539,0.32148632,0.13399188
20023,2023-05-16,2,D1,4,D3,4,D3,False,0.008090212,0.07051825,0.21506093,0.21663663,0.30815935,0.18153456
20023,2023-05-23,2,D1,4,D3,4,D3,False,0.015441882,0.090446375,0.2397147,0.20971051,0.30452666,0.14015985
20023,2023-05-30,2,D1,4,D3,4,D3,False,0.025010068,0.12022793,0.2830192,0.21092597,0.30205554,0.05876133
20023,2023-06-06,2,D1,2,D1,4,D3,False,0.036405288,0.13613468,0.32684976,0.21661177,0.2731369,0.010861656
20023,2023-06-13,1,D0,2,D1,4,D3,False,0.037160695,0.13905752,0.34251568,0.2187309,0.2549865,0.007548775
20023,2023-06-20,1,D0,2,D1,4,D3,False,0.040468547,0.14945439,0.36686715,0.2220549,0.21723366,0.0039213505
20023,2023-06-27,1,D0,2,D1,4,D3,False,0.033575315,0.14315546,0.39096764,0.2340914,0.19581561,0.0023946015
20023,2023-07-04,1,D0,2,D1,4,D3,False,0.033936206,0.13506967,0.39736533,0.24074829,0.18820557,0.0046749245
20023,2023-07-11,1,D0,2,D1,4,D3,False,0.035203896,0.13103083,0.3733056,0.22844717,0.20943324,0.02257925
20023,2023-07-18,1,D0,2,D1,4,D3,False,0.03947163,0.13579097,0.349944,0.2138572,0.20841782,0.05251843
20023,2023-07-25,1,D0,5,D4,4,D3,False,0.04176424,0.11255077,0.18872164,0.15247147,0.2516035,0.25288835
20023,2023-08-01,1,D0,5,D4,4,D3,False,0.0338515,0.0757168,0.10159161,0.10813276,0.26809698,0.41261035
20023,2023-08-08,0,None,5,D4,4,D3,False,0.0314739,0.055648282,0.066429764,0.085149705,0.26501986,0.4962784
20023,2023-08-15,0,None,5,D4,4,D3,False,0.030702747,0.04584828,0.05037161,0.07651269,0.2646987,0.53186595
20023,2023-08-22,0,None,5,D4,4,D3,False,0.032962877,0.045620468,0.04486468,0.07150761,0.2583275,0.5467169
20023,2023-08-29,0,None,5,D4,4,D3,False,0.03491702,0.045592874,0.04359967,0.0710769,0.25877684,0.54603666
20023,2023-09-05,1,D0,5,D4,4,D3,False,0.042272333,0.054693673,0.04914713,0.07125662,0.24916093,0.5334693
20023,2023-09-12,0,None,5,D4,4,D3,False,0.050967332,0.06662267,0.05883317,0.07683759,0.24683692,0.4999024
20023,2023-09-19,0,None,5,D4,4,D3,False,0.049114257,0.06394284,0.054346126,0.07686277,0.26448953,0.4912445
20023,2023-09-26,1,D0,5,D4,4,D3,False,0.04924011,0.06811,0.059454557,0.09374875,0.29814267,0.43130395
20023,2023-10-03,1,D0,5,D4,4,D3,False,0.047572274,0.06951979,0.06373124,0.10952705,0.3222752,0.38737446
20023,2023-10-10,1,D0,5,D4,4,D3,False,0.050272238,0.075039454,0.07298781,0.12629838,0.3262197,0.3491823
20023,2023-10-17,1,D0,5,D4,4,D3,False,0.03493411,0.0663776,0.075099856,0.15626618,0.3231894,0.34413278
20023,2023-10-24,1,D0,5,D4,4,D3,False,0.027050434,0.068912484,0.08802908,0.17229983,0.3015971,0.34211114
20023,2023-10-31,1,D0,5,D4,4,D3,False,0.028184121,0.07896411,0.10713663,0.18907368,0.29167134,0.3049702
20023,2023-11-07,1,D0,4,D3,4,D3,False,0.032760818,0.10110872,0.13364454,0.2019874,0.2708623,0.2596362
20023,2023-11-14,2,D1,4,D3,4,D3,False,0.0353645,0.11492268,0.15089853,0.20628414,0.2620424,0.23048773
20023,2023-11-21,2,D1,4,D3,4,D3,False,0.0384696,0.14370042,0.17437759,0.21157049,0.26483727,0.16704457
20023,2023-11-28,2,D1,4,D3,4,D3,False,0.03863486,0.15946296,0.1899434,0.21138126,0.27259707,0.12798046
20023,2023-12-05,1,D0,4,D3,4,D3,False,0.035979267,0.16692136,0.19991879,0.21175654,0.2788683,0.10655569
20023,2023-12-12,1,D0,4,D3,4,D3,False,0.036877096,0.18148355,0.21969055,0.20271952,0.28984237,0.06938692
20023,2023-12-19,1,D0,4,D3,4,D3,False,0.045606516,0.1987048,0.24663305,0.18150543,0.3032539,0.024296269
20023,2023-12-26,1,D0,4,D3,4,D3,False,0.061068654,0.21725602,0.26727608,0.16513552,0.28267366,0.006590042
20023,2024-01-02,1,D0,2,D1,4,D3,False,0.07037276,0.22795364,0.27568588,0.15608902,0.26664698,0.0032516979
20023,2024-01-09,1,D0,2,D1,4,D3,False,0.11334586,0.2554585,0.27712715,0.13867794,0.21419999,0.0011906126
20023,2024-01-16,1,D0,2,D1,4,D3,False,0.13575575,0.2725045,0.27676427,0.13001764,0.18436435,0.0005935227
20023,2024-01-23,1,D0,2,D1,4,D3,False,0.12939769,0.2771965,0.28100118,0.12870792,0.18323568,0.0004610317
20023,2024-01-30,1,D0,1,D0,4,D3,False,0.15738003,0.2886542,0.27048534,0.12325053,0.15997471,0.00025513818
20023,2024-02-06,1,D0,1,D0,0,None,False,0.19975927,0.30053186,0.2517975,0.11445589,0.13330868,0.00014680433
20023,2024-02-13,0,None,1,D0,0,None,True,0.20205902,0.30091503,0.25077382,0.115170054,0.13094397,0.00013814066
20023,2024-02-20,0,None,1,D0,0,None,True,0.16571294,0.30589646,0.26381883,0.12399119,0.14045164,0.00012892735
20023,2024-02-27,0,None,1,D0,0,None,True,0.1892027,0.30475655,0.26221275,0.12053373,0.12319011,0.00010420451
20023,2024-03-05,0,None,1,D0,0,None,True,0.16667898,0.31203225,0.27789265,0.12833841,0.11495814,9.955669e-05
20023,2024-03-12,0,None,1,D0,0,None,True,0.1648819,0.31975174,0.28590485,0.12913516,0.10023776,8.8623776e-05
20023,2024-03-19,0,None,1,D0,0,None,True,0.1668893,0.32812503,0.29559758,0.12411316,0.08520616,6.878913e-05
20023,2024-03-26,0,None,1,D0,0,None,True,0.15240358,0.3235751,0.31057367,0.12448838,0.08887229,8.6962275e-05
20023,2024-04-02,0,None,2,D1,2,D1,False,0.10307061,0.3052541,0.3478985,0.14067158,0.102961145,0.00014402495
20023,2024-04-09,0,None,2,D1,2,D1,False,0.04820237,0.25950933,0.37412006,0.17032167,0.14735216,0.000494366
20023,2024-04-16,1,D0,2,D1,2,D1,False,0.028101807,0.22923616,0.38080072,0.19214787,0.16843702,0.0012764194
20023,2024-04-23,1,D0,2,D1,4,D3,False,0.025747797,0.21081649,0.36316112,0.1983939,0.19866292,0.0032177845
20023,2024-04-30,1,D0,2,D1,4,D3,False,0.030505868,0.19939055,0.33777955,0.19990523,0.22529075,0.0071280086
20023,2024-05-07,1,D0,2,D1,4,D3,False,0.03702262,0.19708031,0.3290669,0.19734186,0.22927417,0.010214149
20023,2024-05-14,1,D0,2,D1,4,D3,False,0.048731446,0.19792566,0.31834278,0.19022214,0.22945562,0.015322338
20023,2024-05-21,1,D0,2,D1,4,D3,False,0.071799465,0.20586774,0.31753737,0.1800406,0.21399899,0.010755891
20023,2024-05-28,1,D0,2,D1,4,D3,False,0.082413234,0.19753088,0.3100256,0.18269995,0.21148859,0.015841683
20023,2024-06-04,0,None,2,D1,4,D3,False,0.06149049,0.18111843,0.32494423,0.19859347,0.22216585,0.01168759
20023,2024-06-11,0,None,2,D1,4,D3,False,0.054608688,0.17657523,0.33450997,0.20578995,0.22046918,0.00804701
20023,2024-06-18,0,None,2,D1,4,D3,False,0.055391617,0.164275,0.32197532,0.21383484,0.22652172,0.018001506
20023,2024-06-25,0,None,2,D1,4,D3,False,0.05652831,0.152265,0.31728035,0.21560697,0.22485125,0.03346811
20023,2024-07-02,0,None,2,D1,4,D3,False,0.048259225,0.14117439,0.3212854,0.21966971,0.21531756,0.054293714
20023,2024-07-09,0,None,2,D1,4,D3,False,0.041172944,0.13137506,0.3089724,0.21216273,0.21388271,0.09243411
20023,2024-07-16,1,D0,2,D1,4,D3,False,0.035906665,0.12326102,0.2941797,0.19766714,0.19208202,0.15690345
20023,2024-07-23,1,D0,2,D1,4,D3,False,0.02827463,0.104397856,0.27331132,0.19227663,0.17388631,0.22785322
20023,2024-07-30,1,D0,5,D4,4,D3,False,0.023395242,0.09194236,0.24635667,0.18488905,0.1633046,0.29011217
20023,2024-08-06,1,D0,5,D4,4,D3,False,0.030062452,0.08294421,0.14490207,0.13541369,0.19814277,0.40853485
20023,2024-08-13,1,D0,5,D4,4,D3,False,0.027712695,0.05990889,0.08309963,0.10949733,0.25414124,0.46564025
20023,2024-08-20,1,D0,5,D4,4,D3,False,0.027676925,0.048635915,0.057825193,0.090914086,0.27750832,0.49743956
20023,2024-08-27,1,D0,5,D4,4,D3,False,0.027372377,0.041299272,0.045653317,0.08326876,0.2785405,0.5238658
20023,2024-09-03,1,D0,5,D4,4,D3,False,0.029441996,0.042725615,0.04448351,0.08536662,0.28032157,0.5176607
20023,2024-09-10,1,D0,5,D4,4,D3,False,0.026099645,0.03828961,0.04280114,0.09462834,0.29637662,0.5018047
20023,2024-09-17,1,D0,5,D4,4,D3,False,0.021970088,0.034229644,0.041188963,0.11047656,0.31876174,0.473373
20023,2024-09-24,1,D0,5,D4,4,D3,False,0.015132397,0.025094382,0.033893593,0.12253686,0.32771486,0.47562784
20023,2024-10-01,1,D0,5,D4,4,D3,False,0.011687155,0.019989492,0.028298901,0.1259525,0.32916126,0.4849107
20023,2024-10-08,1,D0,5,D4,4,D3,False,0.0058438433,0.014372665,0.026495496,0.14634073,0.30938303,0.4975642
20023,2024-10-15,2,D1,5,D4,4,D3,False,0.004982234,0.011778555,0.026050832,0.15512751,0.30613753,0.49592334
20023,2024-10-22,2,D1,5,D4,4,D3,False,0.0045230263,0.010496686,0.02745748,0.16550557,0.30156118,0.4904561
20023,2024-10-29,2,D1,5,D4,4,D3,False,0.0042493884,0.010143838,0.030070284,0.1730869,0.30016777,0.48228174
20023,2024-11-05,2,D1,5,D4,4,D3,False,0.0050960165,0.012702041,0.036667027,0.17743221,0.2994716,0.46863103
20023,2024-11-12,1,D0,5,D4,4,D3,False,0.013248908,0.028988594,0.06881761,0.1798551,0.2996027,0.40948707
20023,2024-11-19,1,D0,5,D4,4,D3,False,0.024143225,0.048620757,0.10072672,0.16392495,0.31472734,0.34785697
20023,2024-11-26,1,D0,4,D3,4,D3,False,0.039224118,0.08218371,0.15586862,0.16220282,0.35482302,0.20569767
20023,2024-12-03,1,D0,4,D3,4,D3,False,0.047939457,0.10744474,0.19707958,0.1470471,0.38021916,0.12026996
20023,2024-12-10,1,D0,4,D3,4,D3,False,0.053698067,0.123189405,0.22040011,0.13991624,0.38663095,0.076165274
20023,2024-12-17,1,D0,4,D3,4,D3,False,0.0465894,0.12916173,0.22974874,0.14490494,0.38894987,0.06064531
20023,2024-12-24,1,D0,4,D3,4,D3,False,0.060391203,0.14430046,0.24570769,0.13110855,0.3851516,0.033340484
20023,2024-12-31,1,D0,4,D3,4,D3,False,0.06933704,0.15980314,0.2594543,0.12409119,0.37179598,0.015518437
20023,2025-01-07,1,D0,4,D3,4,D3,False,0.07765001,0.16904801,0.26856658,0.121095605,0.3544239,0.0092158625
20023,2025-01-14,1,D0,4,D3,4,D3,False,0.06684932,0.17983231,0.2735944,0.1251227,0.3476377,0.0069635576
20023,2025-01-21,1,D0,4,D3,4,D3,False,0.06293338,0.18609816,0.27678758,0.12643394,0.34115952,0.0065873447
20023,2025-01-28,1,D0,4,D3,4,D3,False,0.05786495,0.19117358,0.2835073,0.12558931,0.33621427,0.005650639
20023,2025-02-04,1,D0,4,D3,4,D3,False,0.05446325,0.20078671,0.29146725,0.124050036,0.32560328,0.0036294789
20023,2025-02-11,1,D0,4,D3,4,D3,False,0.039654307,0.20528622,0.3020534,0.13354404,0.31658316,0.0028789889
20023,2025-02-18,1,D0,4,D3,4,D3,False,0.034054983,0.20267177,0.30650336,0.13770482,0.31627393,0.0027911859
20023,2025-02-25,1,D0,2,D1,4,D3,False,0.03261794,0.2098551,0.31674632,0.13727564,0.30167052,0.0018345496
20023,2025-03-04,1,D0,2,D1,4,D3,False,0.028631458,0.21065237,0.31874895,0.14468808,0.29510075,0.0021784208
20023,2025-03-11,0,None,2,D1,4,D3,False,0.023139924,0.20493329,0.31546757,0.16119981,0.29170722,0.0035522524
20023,2025-03-18,0,None,2,D1,4,D3,False,0.014947843,0.18596119,0.31884068,0.1800252,0.29460058,0.005624446
20023,2025-03-25,0,None,2,D1,4,D3,False,0.012927134,0.17566875,0.3214552,0.19229555,0.29045033,0.0072030206
20023,2025-04-01,0,None,2,D1,4,D3,False,0.014326907,0.1819103,0.33062917,0.1959079,0.2707705,0.0064552706
20023,2025-04-08,0,None,2,D1,4,D3,False,0.016485756,0.18794623,0.33071035,0.20130342,0.25635982,0.007194421
20023,2025-04-15,0,None,2,D1,4,D3,False,0.01973281,0.18405414,0.3244973,0.2048184,0.254294,0.012603311
20023,2025-04-22,0,None,2,D1,4,D3,False,0.022177208,0.1728626,0.31193838,0.2065889,0.26265177,0.02378123
20023,2025-04-29,0,None,2,D1,4,D3,False,0.037343726,0.18850693,0.3104739,0.19724195,0.24547862,0.020954939
20023,2025-05-06,1,D0,2,D1,4,D3,False,0.04038159,0.18589643,0.30739218,0.19635618,0.24472198,0.025251733
20023,2025-05-13,1,D0,2,D1,4,D3,False,0.05226122,0.18859279,0.30015218,0.1892019,0.2386838,0.031108106
20023,2025-05-20,1,D0,2,D1,4,D3,False,0.096829854,0.21060953,0.29866937,0.17146128,0.20854373,0.013886258
20023,2025-05-27,1,D0,2,D1,4,D3,False,0.15185563,0.2284643,0.29965296,0.1519372,0.16164657,0.006443307
20023,2025-06-03,1,D0,2,D1,4,D3,False,0.15383187,0.22064365,0.2976553,0.15466958,0.16419487,0.009004714
20023,2025-06-10,1,D0,2,D1,4,D3,False,0.15377575,0.20927875,0.31316975,0.16044642,0.15555523,0.007774087
20023,2025-06-17,1,D0,2,D1,0,None,False,0.19317445,0.21828,0.31427574,0.14035866,0.12528388,0.008627175
20023,2025-06-24,1,D0,2,D1,0,None,False,0.20523949,0.2316862,0.323186,0.13006397,0.10405794,0.005766349
20023,2025-07-01,1,D0,2,D1,0,None,False,0.23597355,0.2417568,0.31527326,0.11576442,0.08817939,0.003052529
20023,2025-07-08,1,D0,2,D1,0,None,False,0.2087613,0.23900583,0.32208768,0.12706847,0.09854059,0.004536127
20023,2025-07-15,1,D0,2,D1,0,None,False,0.23535493,0.24689287,0.29591265,0.11943117,0.09676913,0.005639233
20023,2025-07-22,1,D0,0,None,0,None,False,0.27650023,0.25448108,0.27128127,0.11721309,0.07256035,0.007963973
20023,2025-07-29,1,D0,0,None,0,None,False,0.33269212,0.25687492,0.23321334,0.094636895,0.060896076,0.021686621
20023,2025-08-05,1,D0,0,None,0,None,False,0.2778002,0.25403336,0.21703878,0.08635727,0.07127234,0.09349807
20023,2025-08-12,0,None,5,D4,0,None,True,0.18302388,0.15262985,0.10999066,0.0660644,0.11355362,0.3747376
20023,2025-08-19,0,None,5,D4,5,D4,False,0.15807116,0.11779315,0.07071442,0.054113258,0.11145521,0.48785284
20023,2025-08-26,0,None,5,D4,5,D4,False,0.16457742,0.12157707,0.06564549,0.054694884,0.11427386,0.4792312
20023,2025-09-02,0,None,5,D4,0,None,True,0.22356679,0.15358305,0.074923135,0.058021978,0.09992772,0.38997728
20023,2025-09-09,0,None,5,D4,0,None,True,0.2559208,0.1725786,0.08005582,0.059346803,0.09142923,0.3406688
20023,2025-09-16,0,None,0,None,0,None,True,0.30831653,0.20065142,0.08608438,0.0603,0.07601391,0.26863378
20023,2025-09-23,0,None,0,None,0,None,True,0.35189527,0.21906748,0.086790115,0.0631071,0.0648777,0.21426238
20023,2025-09-30,0,None,0,None,0,None,True,0.3799496,0.23639047,0.088510595,0.06720326,0.057379413,0.17056657
20023,2025-10-07,0,None,0,None,0,None,True,0.37034464,0.29418764,0.120674044,0.09610944,0.044775244,0.07390907
20023,2025-10-14,0,None,0,None,0,None,True,0.36746845,0.34200314,0.13561624,0.11378083,0.024271414,0.016859967
20023,2025-10-21,0,None,1,D0,0,None,True,0.3729328,0.3731789,0.15148605,0.08960134,0.0103750825,0.002425812
20023,2025-10-28,0,None,1,D0,0,None,True,0.32800394,0.40006584,0.19071995,0.07515832,0.005676984,0.00037492902
20023,2025-11-04,0,None,1,D0,0,None,True,0.29277754,0.40290236,0.20419012,0.0927368,0.0070735943,0.00031958256
20023,2025-11-11,0,None,1,D0,0,None,True,0.2667701,0.39990026,0.19589774,0.12608108,0.010824891,0.0005259154
20023,2025-11-18,0,None,1,D0,0,None,True,0.28766868,0.40332654,0.18236227,0.117654055,0.008742328,0.00024615525
20023,2025-11-25,0,None,1,D0,0,None,True,0.28197846,0.39660826,0.17423254,0.1362214,0.0107671395,0.00019226069
20023,2025-12-02,0,None,1,D0,0,None,True,0.29178548,0.39229313,0.17498277,0.13134114,0.0095321555,6.52483e-05
20023,2025-12-09,0,None,1,D0,0,None,True,0.22569016,0.3947413,0.19508815,0.17159158,0.01283061,5.8165755e-05
20023,2025-12-16,0,None,1,D0,0,None,True,0.27937388,0.38736272,0.18882625,0.13433501,0.010081491,2.0644175e-05
20023,2025-12-23,0,None,1,D0,0,None,True,0.21219265,0.39756095,0.204501,0.17296949,0.01275467,2.1143356e-05
20023,2025-12-30,0,None,1,D0,0,None,True,0.17215541,0.40083432,0.21362218,0.1966613,0.016700383,2.6416676e-05
20025,2022-01-04,2,D1,1,D0,2,D1,True,0.06171479,0.32528162,0.25632498,0.24909037,0.10289962,0.0046886243
20025,2022-01-11,2,D1,1,D0,3,D2,False,0.054051228,0.32100716,0.25149396,0.25290075,0.115203224,0.0053436994
20025,2022-01-18,2,D1,1,D0,4,D3,False,0.04375985,0.30923012,0.25093034,0.2521218,0.13733117,0.0066267056
20025,2022-01-25,2,D1,1,D0,4,D3,False,0.03672972,0.3044396,0.259039,0.24170868,0.15128858,0.006794417
20025,2022-02-01,4,D3,1,D0,4,D3,True,0.029016966,0.2906035,0.27522957,0.22574311,0.17283235,0.006574529
20025,2022-02-08,4,D3,2,D1,4,D3,True,0.023486745,0.27400023,0.29080465,0.21263702,0.19267885,0.006392457
20025,2022-02-15,3,D2,2,D1,4,D3,False,0.019891758,0.2558538,0.3031212,0.20276971,0.21043861,0.007924956
20025,2022-02-22,3,D2,2,D1,4,D3,False,0.017641162,0.24399117,0.30719292,0.19994392,0.2216554,0.00957548
20025,2022-03-01,3,D2,2,D1,4,D3,False,0.017869283,0.22250997,0.29913676,0.19963633,0.23806539,0.022782242
20025,2022-03-08,3,D2,2,D1,4,D3,False,0.018517945,0.1995779,0.28769806,0.19901647,0.25168976,0.043499846
20025,2022-03-15,3,D2,2,D1,4,D3,False,0.018545747,0.18020412,0.28251892,0.20539667,0.2665869,0.04674763
20025,2022-03-22,3,D2,2,D1,4,D3,False,0.015536721,0.16154991,0.28032616,0.21446554,0.27487603,0.053245652
20025,2022-03-29,3,D2,4,D3,4,D3,False,0.01379514,0.12675072,0.25364053,0.21618423,0.29040727,0.099222064
20025,2022-04-05,3,D2,4,D3,4,D3,False,0.008341992,0.09178996,0.23459399,0.22887269,0.30457237,0.13182896
20025,2022-04-12,3,D2,4,D3,4,D3,False,0.0058923215,0.0682578,0.20942841,0.22810829,0.30948877,0.17882441
20025,2022-04-19,3,D2,4,D3,4,D3,False,0.0040678373,0.04871401,0.17490049,0.21893188,0.29896384,0.25442195
20025,2022-04-26,4,D3,5,D4,4,D3,True,0.0036582784,0.037854075,0.14551185,0.20096613,0.28141788,0.33059174
20025,2022-05-03,4,D3,5,D4,4,D3,True,0.0035181704,0.03551846,0.14279649,0.20046282,0.28005815,0.33764595
20025,2022-05-10,4,D3,5,D4,4,D3,True,0.004739673,0.043474108,0.15625942,0.1979626,0.27669773,0.32086647
20025,2022-05-17,4,D3,5,D4,4,D3,True,0.008167291,0.05540978,0.16748963,0.18892045,0.26826143,0.3117514
20025,2022-05-24,4,D3,4,D3,4,D3,True,0.018947303,0.09069582,0.23042294,0.1958515,0.2962964,0.16778597
20025,2022-05-31,4,D3,4,D3,4,D3,True,0.03285546,0.11557019,0.28721547,0.21236193,0.3004291,0.051567845
20025,2022-06-07,4,D3,2,D1,4,D3,True,0.030705366,0.121174,0.32857147,0.2322871,0.26949897,0.017763043
20025,2022-06-14,4,D3,2,D1,4,D3,True,0.03358504,0.12591586,0.32381997,0.23309216,0.23795965,0.045627303
20025,2022-06-21,4,D3,2,D1,4,D3,True,0.030342788,0.11279062,0.35438544,0.25121188,0.2003126,0.05095669
20025,2022-06-28,4,D3,2,D1,4,D3,True,0.034588914,0.10992844,0.34537446,0.2546436,0.17451224,0.080952294
20025,2022-07-05,4,D3,2,D1,2,D1,False,0.036637336,0.115806274,0.3791731,0.2599218,0.13699943,0.071462065
20025,2022-07-12,4,D3,2,D1,2,D1,False,0.03243281,0.11902598,0.39883772,0.25458968,0.10416189,0.090951905
20025,2022-07-19,4,D3,2,D1,2,D1,False,0.025832666,0.10500236,0.4242925,0.28426367,0.08894447,0.07166433
20025,2022-07-26,4,D3,2,D1,2,D1,False,0.025675971,0.1055557,0.45336348,0.2818718,0.07331038,0.060222626
20025,2022-08-02,4,D3,2,D1,2,D1,False,0.030532056,0.12050312,0.4596501,0.2601347,0.067224346,0.06195565
20025,2022-08-09,4,D3,2,D1,2,D1,False,0.033479907,0.1337543,0.44983068,0.24782252,0.064867795,0.07024485
20025,2022-08-16,4,D3,2,D1,2,D1,False,0.03591085,0.13959284,0.43775764,0.24074654,0.06467716,0.081315026
20025,2022-08-23,4,D3,2,D1,2,D1,False,0.038080208,0.13477178,0.42511392,0.23760399,0.06869928,0.095730804
20025,2022-08-30,4,D3,2,D1,2,D1,False,0.044653606,0.14380817,0.39950737,0.22407708,0.07387555,0.11407817
20025,2022-09-06,4,D3,5,D4,4,D3,True,0.044466015,0.102849685,0.19968858,0.16504748,0.15342428,0.334524
20025,2022-09-13,5,D4,5,D4,4,D3,False,0.03291975,0.066734806,0.10864724,0.14583628,0.23774253,0.40811938
20025,2022-09-20,5,D4,5,D4,4,D3,False,0.020572823,0.052779842,0.11306298,0.17652363,0.20979008,0.42727065
20025,2022-09-27,5,D4,5,D4,4,D3,False,0.015265433,0.03570189,0.0707192,0.1681815,0.26524547,0.44488654
20025,2022-10-04,5,D4,5,D4,4,D3,False,0.009866336,0.025050463,0.05710942,0.17047371,0.2683296,0.46917045
20025,2022-10-11,5,D4,5,D4,4,D3,False,0.008077225,0.018130204,0.0412044,0.17078725,0.28967002,0.47213086
20025,2022-10-18,5,D4,5,D4,4,D3,False,0.0070694787,0.016029779,0.043692667,0.1748272,0.28941196,0.46896896
20025,2022-10-25,5,D4,5,D4,4,D3,False,0.0073570777,0.014107116,0.03733984,0.17304578,0.30071634,0.4674339
20025,2022-11-01,5,D4,5,D4,4,D3,False,0.0076762373,0.015068799,0.041426856,0.17574629,0.30159903,0.45848277
20025,2022-11-08,5,D4,5,D4,4,D3,False,0.0092512565,0.018644786,0.047700364,0.17535393,0.3034644,0.44558522
20025,2022-11-15,5,D4,5,D4,4,D3,False,0.010091794,0.021983484,0.057345994,0.17890234,0.29824886,0.43342754
20025,2022-11-22,5,D4,5,D4,4,D3,False,0.010851009,0.024441784,0.06181244,0.17933087,0.29697803,0.42658585
20025,2022-11-29,5,D4,5,D4,4,D3,False,0.010966407,0.027383214,0.06918119,0.18195519,0.29972345,0.41079056
20025,2022-12-06,5,D4,5,D4,4,D3,False,0.0113004,0.031935964,0.07980986,0.18331671,0.30186123,0.39177582
20025,2022-12-13,5,D4,5,D4,4,D3,False,0.011036959,0.033910353,0.08613585,0.18482757,0.30347034,0.38061896
20025,2022-12-20,5,D4,5,D4,4,D3,False,0.012964168,0.046576343,0.11266622,0.18480365,0.31824115,0.32474843
20025,2022-12-27,5,D4,4,D3,4,D3,False,0.01865734,0.071477994,0.16311203,0.18425071,0.36273143,0.1997706
20025,2023-01-03,5,D4,4,D3,4,D3,False,0.027028492,0.1152638,0.23161641,0.1765433,0.38920513,0.06034294
20025,2023-01-10,5,D4,4,D3,4,D3,False,0.028747326,0.14305922,0.26002488,0.16911983,0.3750755,0.023973344
20025,2023-01-17,5,D4,4,D3,4,D3,False,0.034049604,0.16204253,0.27777433,0.15309434,0.36205053,0.010988662
20025,2023-01-24,5,D4,4,D3,4,D3,False,0.04678871,0.18515636,0.291845,0.13388278,0.33848435,0.003842818
20025,2023-01-31,5,D4,4,D3,4,D3,False,0.06262547,0.20831156,0.2994818,0.121988125,0.30617476,0.0014183869
20025,2023-02-07,5,D4,4,D3,4,D3,False,0.05257178,0.21391109,0.30042568,0.12869664,0.30292,0.0014747683
20025,2023-02-14,5,D4,2,D1,4,D3,False,0.04802812,0.21936508,0.30691773,0.1318096,0.29264283,0.0012366938
20025,2023-02-21,5,D4,2,D1,4,D3,False,0.049641725,0.22109742,0.3095241,0.13000545,0.28859386,0.001137513
20025,2023-02-28,5,D4,2,D1,4,D3,False,0.038682695,0.2169372,0.3151952,0.13874117,0.2890909,0.0013527691
20025,2023-03-07,5,D4,2,D1,4,D3,False,0.032937475,0.20840701,0.31902063,0.142124,0.29583642,0.0016745282
20025,2023-03-14,5,D4,2,D1,4,D3,False,0.032502547,0.21167545,0.32466358,0.14402024,0.28559935,0.0015388138
20025,2023-03-21,5,D4,2,D1,4,D3,False,0.031209148,0.21036983,0.32695296,0.14697042,0.2828102,0.0016874044
20025,2023-03-28,5,D4,2,D1,4,D3,False,0.019702988,0.19836245,0.33320192,0.16501497,0.2812961,0.002421579
20025,2023-04-04,5,D4,2,D1,4,D3,False,0.015401805,0.18431124,0.33034307,0.18081234,0.2845726,0.00455889
20025,2023-04-11,5,D4,2,D1,4,D3,False,0.012066101,0.16220096,0.3236271,0.20821251,0.284283,0.009610256
20025,2023-04-18,5,D4,2,D1,4,D3,False,0.012419787,0.14968976,0.31085986,0.21831407,0.28947416,0.019242436
20025,2023-04-25,5,D4,4,D3,4,D3,False,0.010439775,0.12183748,0.29030827,0.22663508,0.3056896,0.04508979
20025,2023-05-02,5,D4,4,D3,4,D3,False,0.007870328,0.08975001,0.25531226,0.23141102,0.31844857,0.09720774
20025,2023-05-09,5,D4,4,D3,4,D3,False,0.0066785375,0.07426,0.2330779,0.23050539,0.32148632,0.13399188
20025,2023-05-16,5,D4,4,D3,4,D3,False,0.008090212,0.07051825,0.21506093,0.21663663,0.30815935,0.18153456
20025,2023-05-23,4,D3,4,D3,4,D3,True,0.015441882,0.090446375,0.2397147,0.20971051,0.30452666,0.14015985
20025,2023-05-30,4,D3,4,D3,4,D3,True,0.025010068,0.12022793,0.2830192,0.21092597,0.30205554,0.05876133
20025,2023-06-06,3,D2,2,D1,4,D3,False,0.036405288,0.13613468,0.32684976,0.21661177,0.2731369,0.010861656
20025,2023-06-13,3,D2,2,D1,4,D3,False,0.037160695,0.13905752,0.34251568,0.2187309,0.2549865,0.007548775
20025,2023-06-20,3,D2,2,D1,4,D3,False,0.040468547,0.14945439,0.36686715,0.2220549,0.21723366,0.0039213505
20025,2023-06-27,3,D2,2,D1,4,D3,False,0.033575315,0.14315546,0.39096764,0.2340914,0.19581561,0.0023946015
20025,2023-07-04,3,D2,2,D1,4,D3,False,0.033936206,0.13506967,0.39736533,0.24074829,0.18820557,0.0046749245
20025,2023-07-11,3,D2,2,D1,4,D3,False,0.035203896,0.13103083,0.3733056,0.22844717,0.20943324,0.02257925
20025,2023-07-18,3,D2,2,D1,4,D3,False,0.03947163,0.13579097,0.349944,0.2138572,0.20841782,0.05251843
20025,2023-07-25,2,D1,5,D4,4,D3,False,0.04176424,0.11255077,0.18872164,0.15247147,0.2516035,0.25288835
20025,2023-08-01,2,D1,5,D4,4,D3,False,0.033851493,0.07571678,0.101591595,0.10813276,0.26809698,0.41261035
20025,2023-08-08,1,D0,5,D4,4,D3,False,0.031473894,0.055648297,0.066429764,0.0851497,0.2650199,0.4962784
20025,2023-08-15,1,D0,5,D4,4,D3,False,0.030702747,0.04584828,0.05037161,0.07651269,0.2646987,0.53186595
20025,2023-08-22,1,D0,5,D4,4,D3,False,0.032962877,0.045620468,0.04486468,0.07150761,0.2583275,0.5467169
20025,2023-08-29,1,D0,5,D4,4,D3,False,0.03491702,0.045592874,0.04359967,0.0710769,0.25877684,0.54603666
20025,2023-09-05,2,D1,5,D4,4,D3,False,0.042272333,0.054693673,0.04914713,0.07125662,0.24916093,0.5334693
20025,2023-09-12,2,D1,5,D4,4,D3,False,0.050967332,0.06662267,0.05883317,0.07683759,0.24683692,0.4999024
20025,2023-09-19,1,D0,5,D4,4,D3,False,0.049114257,0.06394284,0.054346126,0.07686277,0.26448953,0.4912445
20025,2023-09-26,1,D0,5,D4,4,D3,False,0.04924011,0.06811,0.059454557,0.09374875,0.29814267,0.43130395
20025,2023-10-03,1,D0,5,D4,4,D3,False,0.047572274,0.06951979,0.06373124,0.10952705,0.3222752,0.38737446
20025,2023-10-10,1,D0,5,D4,4,D3,False,0.050272238,0.075039454,0.07298781,0.12629838,0.3262197,0.3491823
20025,2023-10-17,1,D0,5,D4,4,D3,False,0.03493411,0.0663776,0.075099856,0.15626618,0.3231894,0.34413278
20025,2023-10-24,1,D0,5,D4,4,D3,False,0.027050434,0.068912484,0.08802908,0.17229983,0.3015971,0.34211114
20025,2023-10-31,1,D0,5,D4,4,D3,False,0.028184121,0.07896411,0.10713663,0.18907368,0.29167134,0.3049702
20025,2023-11-07,1,D0,4,D3,4,D3,False,0.032760818,0.10110872,0.13364454,0.2019874,0.2708623,0.2596362
20025,2023-11-14,2,D1,4,D3,4,D3,False,0.0353645,0.11492268,0.15089853,0.20628414,0.2620424,0.23048773
20025,2023-11-21,2,D1,4,D3,4,D3,False,0.0384696,0.14370042,0.17437759,0.21157049,0.26483727,0.16704457
20025,2023-11-28,2,D1,4,D3,4,D3,False,0.038634848,0.15946296,0.18994342,0.21138124,0.2725971,0.12798046
20025,2023-12-05,2,D1,4,D3,4,D3,False,0.035979267,0.16692132,0.19991878,0.21175654,0.2788683,0.10655574
20025,2023-12-12,2,D1,4,D3,4,D3,False,0.036877096,0.18148355,0.21969055,0.20271952,0.28984237,0.06938692
20025,2023-12-19,1,D0,4,D3,4,D3,False,0.045606516,0.1987048,0.24663305,0.18150543,0.3032539,0.024296269
20025,2023-12-26,1,D0,4,D3,4,D3,False,0.061068654,0.21725602,0.26727608,0.16513552,0.28267366,0.006590042
20025,2024-01-02,1,D0,2,D1,4,D3,False,0.07037276,0.22795364,0.27568588,0.15608902,0.26664698,0.0032516979
20025,2024-01-09,0,None,2,D1,4,D3,False,0.11334586,0.2554585,0.27712715,0.13867794,0.21419999,0.0011906126
20025,2024-01-16,0,None,2,D1,4,D3,False,0.13575575,0.2725045,0.27676427,0.13001764,0.18436435,0.0005935227
20025,2024-01-23,0,None,2,D1,4,D3,False,0.12939769,0.2771965,0.28100118,0.12870792,0.18323568,0.0004610317
20025,2024-01-30,0,None,1,D0,4,D3,False,0.15738003,0.2886542,0.27048534,0.12325053,0.15997471,0.00025513818
20025,2024-02-06,0,None,1,D0,0,None,True,0.19975927,0.30053186,0.2517975,0.11445589,0.13330868,0.00014680433
20025,2024-02-13,0,None,1,D0,0,None,True,0.20205902,0.30091503,0.25077382,0.115170054,0.13094397,0.00013814066
20025,2024-02-20,0,None,1,D0,0,None,True,0.16571294,0.30589646,0.26381883,0.12399119,0.14045164,0.00012892735
20025,2024-02-27,0,None,1,D0,0,None,True,0.1892027,0.30475655,0.26221275,0.12053373,0.12319011,0.00010420451
20025,2024-03-05,0,None,1,D0,0,None,True,0.16667898,0.31203225,0.27789265,0.12833841,0.11495814,9.955669e-05
20025,2024-03-12,0,None,1,D0,0,None,True,0.16488186,0.3197516,0.28590497,0.12913518,0.1002378,8.862382e-05
20025,2024-03-19,1,D0,1,D0,0,None,False,0.16688934,0.32812503,0.29559758,0.124113135,0.08520615,6.878913e-05
20025,2024-03-26,1,D0,1,D0,0,None,False,0.15240358,0.3235751,0.31057367,0.12448838,0.08887229,8.6962275e-05
20025,2024-04-02,1,D0,2,D1,2,D1,False,0.10307061,0.3052541,0.3478985,0.14067158,0.102961145,0.00014402495
20025,2024-04-09,1,D0,2,D1,2,D1,False,0.04820237,0.25950933,0.37412006,0.17032167,0.14735216,0.000494366
20025,2024-04-16,2,D1,2,D1,2,D1,True,0.028101807,0.22923616,0.38080072,0.19214787,0.16843702,0.0012764194
20025,2024-04-23,2,D1,2,D1,4,D3,False,0.025747797,0.21081649,0.36316112,0.1983939,0.19866292,0.0032177845
20025,2024-04-30,3,D2,2,D1,4,D3,False,0.030505868,0.19939055,0.33777955,0.19990523,0.22529075,0.0071280086
20025,2024-05-07,3,D2,2,D1,4,D3,False,0.03702262,0.19708031,0.3290669,0.19734186,0.22927417,0.010214149
20025,2024-05-14,3,D2,2,D1,4,D3,False,0.048731446,0.19792566,0.31834278,0.19022214,0.22945562,0.015322338
20025,2024-05-21,3,D2,2,D1,4,D3,False,0.071799465,0.20586774,0.31753737,0.1800406,0.21399899,0.010755891
20025,2024-05-28,3,D2,2,D1,4,D3,False,0.082413234,0.19753088,0.3100256,0.18269995,0.21148859,0.015841683
20025,2024-06-04,2,D1,2,D1,4,D3,False,0.06149049,0.18111843,0.32494423,0.19859347,0.22216585,0.01168759
20025,2024-06-11,2,D1,2,D1,4,D3,False,0.054608688,0.17657523,0.33450997,0.20578995,0.22046918,0.00804701
20025,2024-06-18,2,D1,2,D1,4,D3,False,0.055391617,0.164275,0.32197532,0.21383484,0.22652172,0.018001506
20025,2024-06-25,2,D1,2,D1,4,D3,False,0.05652831,0.152265,0.31728035,0.21560697,0.22485125,0.03346811
20025,2024-07-02,1,D0,2,D1,4,D3,False,0.048259225,0.14117439,0.3212854,0.21966971,0.21531756,0.054293714
20025,2024-07-09,0,None,2,D1,4,D3,False,0.041172944,0.13137506,0.3089724,0.21216272,0.21388271,0.09243408
20025,2024-07-16,0,None,2,D1,4,D3,False,0.035906665,0.123261005,0.2941797,0.19766714,0.19208205,0.15690343
20025,2024-07-23,0,None,2,D1,4,D3,False,0.02827463,0.104397856,0.27331132,0.19227663,0.17388631,0.22785322
20025,2024-07-30,1,D0,5,D4,4,D3,False,0.023395242,0.09194236,0.24635667,0.18488905,0.1633046,0.29011217
20025,2024-08-06,1,D0,5,D4,4,D3,False,0.030062452,0.08294421,0.14490207,0.13541369,0.19814277,0.40853485
20025,2024-08-13,1,D0,5,D4,4,D3,False,0.027712695,0.05990889,0.08309963,0.10949733,0.25414124,0.46564025
20025,2024-08-20,1,D0,5,D4,4,D3,False,0.027676925,0.048635915,0.057825193,0.090914086,0.27750832,0.49743956
20025,2024-08-27,1,D0,5,D4,4,D3,False,0.027372377,0.041299272,0.045653317,0.08326876,0.2785405,0.5238658
20025,2024-09-03,1,D0,5,D4,4,D3,False,0.029441996,0.042725615,0.04448351,0.08536662,0.28032157,0.5176607
20025,2024-09-10,1,D0,5,D4,4,D3,False,0.026099645,0.03828961,0.04280114,0.09462834,0.29637662,0.5018047
20025,2024-09-17,1,D0,5,D4,4,D3,False,0.021970088,0.034229644,0.041188963,0.11047656,0.31876174,0.473373
20025,2024-09-24,0,None,5,D4,4,D3,False,0.015132397,0.025094382,0.033893593,0.12253686,0.32771486,0.47562784
20025,2024-10-01,0,None,5,D4,4,D3,False,0.011687155,0.019989492,0.028298901,0.1259525,0.32916126,0.4849107
20025,2024-10-08,0,None,5,D4,4,D3,False,0.0058438433,0.014372665,0.026495496,0.14634073,0.30938303,0.4975642
20025,2024-10-15,0,None,5,D4,4,D3,False,0.004982234,0.011778555,0.026050832,0.15512751,0.30613753,0.49592334
20025,2024-10-22,0,None,5,D4,4,D3,False,0.0045230268,0.010496688,0.027457483,0.16550557,0.30156112,0.49045616
20025,2024-10-29,0,None,5,D4,4,D3,False,0.004249389,0.010143837,0.03007028,0.17308688,0.30016783,0.4822818
20025,2024-11-05,0,None,5,D4,4,D3,False,0.0050960165,0.012702041,0.036667027,0.17743221,0.2994716,0.46863103
20025,2024-11-12,0,None,5,D4,4,D3,False,0.013248908,0.028988594,0.06881761,0.1798551,0.2996027,0.40948707
20025,2024-11-19,0,None,5,D4,4,D3,False,0.024143225,0.048620757,0.10072672,0.16392495,0.31472734,0.34785697
20025,2024-11-26,0,None,4,D3,4,D3,False,0.039224118,0.08218371,0.15586862,0.16220282,0.35482302,0.20569767
20025,2024-12-03,0,None,4,D3,4,D3,False,0.047939457,0.10744474,0.19707958,0.1470471,0.38021916,0.12026996
20025,2024-12-10,0,None,4,D3,4,D3,False,0.053698067,0.123189405,0.22040011,0.13991624,0.38663095,0.076165274
20025,2024-12-17,0,None,4,D3,4,D3,False,0.0465894,0.12916173,0.22974874,0.14490494,0.38894987,0.06064531
20025,2024-12-24,0,None,4,D3,4,D3,False,0.060391203,0.14430046,0.24570769,0.13110855,0.3851516,0.033340484
20025,2024-12-31,0,None,4,D3,4,D3,False,0.06933704,0.15980314,0.2594543,0.12409119,0.37179598,0.015518437
20025,2025-01-07,0,None,4,D3,4,D3,False,0.07765001,0.16904801,0.26856658,0.121095605,0.3544239,0.0092158625
20025,2025-01-14,0,None,4,D3,4,D3,False,0.06684932,0.17983231,0.2735944,0.1251227,0.3476377,0.0069635576
20025,2025-01-21,0,None,4,D3,4,D3,False,0.06293338,0.18609816,0.27678758,0.12643394,0.34115952,0.0065873447
20025,2025-01-28,0,None,4,D3,4,D3,False,0.05786495,0.19117358,0.2835073,0.12558931,0.33621427,0.005650639
20025,2025-02-04,0,None,4,D3,4,D3,False,0.05446325,0.20078671,0.29146725,0.124050036,0.32560328,0.0036294789
20025,2025-02-11,0,None,4,D3,4,D3,False,0.039654307,0.20528622,0.3020534,0.13354404,0.31658316,0.0028789889
20025,2025-02-18,0,None,4,D3,4,D3,False,0.034054976,0.20267172,0.3065033,0.13770482,0.31627393,0.0027911859
20025,2025-02-25,0,None,2,D1,4,D3,False,0.03261794,0.20985508,0.31674632,0.1372756,0.30167046,0.0018345496
20025,2025-03-04,0,None,2,D1,4,D3,False,0.028631458,0.21065237,0.31874895,0.14468808,0.29510075,0.0021784208
20025,2025-03-11,1,D0,2,D1,4,D3,False,0.023139924,0.20493329,0.31546757,0.16119981,0.29170722,0.0035522524
20025,2025-03-18,2,D1,2,D1,4,D3,False,0.014947843,0.18596119,0.31884068,0.1800252,0.29460058,0.005624446
20025,2025-03-25,2,D1,2,D1,4,D3,False,0.012927134,0.17566875,0.3214552,0.19229555,0.29045033,0.0072030206
20025,2025-04-01,2,D1,2,D1,4,D3,False,0.014326907,0.1819103,0.33062917,0.1959079,0.2707705,0.0064552706
20025,2025-04-08,2,D1,2,D1,4,D3,False,0.016485756,0.18794623,0.33071035,0.20130342,0.25635982,0.007194421
20025,2025-04-15,2,D1,2,D1,4,D3,False,0.01973281,0.18405414,0.3244973,0.2048184,0.254294,0.012603311
20025,2025-04-22,2,D1,2,D1,4,D3,False,0.022177208,0.1728626,0.31193838,0.2065889,0.26265177,0.02378123
20025,2025-04-29,2,D1,2,D1,4,D3,False,0.037343726,0.18850693,0.3104739,0.19724195,0.24547862,0.020954939
20025,2025-05-06,2,D1,2,D1,4,D3,False,0.04038159,0.18589643,0.30739218,0.19635618,0.24472198,0.025251733
20025,2025-05-13,2,D1,2,D1,4,D3,False,0.05226122,0.18859279,0.30015218,0.1892019,0.2386838,0.031108106
20025,2025-05-20,2,D1,2,D1,4,D3,False,0.096829854,0.21060953,0.29866937,0.17146128,0.20854373,0.013886258
20025,2025-05-27,1,D0,2,D1,4,D3,False,0.15185563,0.2284643,0.29965296,0.1519372,0.16164657,0.006443307
20025,2025-06-03,1,D0,2,D1,4,D3,False,0.15383184,0.22064365,0.2976553,0.15466958,0.16419487,0.0090047065
20025,2025-06-10,0,None,2,D1,4,D3,False,0.15377563,0.20927864,0.31316978,0.16044651,0.1555553,0.0077740895
20025,2025-06-17,0,None,2,D1,0,None,True,0.19317445,0.21828,0.31427574,0.14035866,0.12528388,0.008627175
20025,2025-06-24,0,None,2,D1,0,None,True,0.20523949,0.2316862,0.323186,0.13006397,0.10405794,0.005766349
20025,2025-07-01,0,None,2,D1,0,None,True,0.23597355,0.2417568,0.31527326,0.11576442,0.08817939,0.003052529
20025,2025-07-08,0,None,2,D1,0,None,True,0.2087613,0.23900583,0.32208768,0.12706847,0.09854059,0.004536127
20025,2025-07-15,0,None,2,D1,0,None,True,0.23535493,0.24689287,0.29591265,0.11943117,0.09676913,0.005639233
20025,2025-07-22,0,None,0,None,0,None,True,0.27650023,0.25448108,0.27128127,0.11721309,0.07256035,0.007963973
20025,2025-07-29,0,None,0,None,0,None,True,0.33269212,0.25687492,0.23321334,0.094636895,0.060896076,0.021686621
20025,2025-08-05,0,None,0,None,0,None,True,0.2778002,0.25403336,0.21703878,0.08635727,0.07127234,0.09349807
20025,2025-08-12,0,None,5,D4,0,None,True,0.18302388,0.15262985,0.10999066,0.0660644,0.11355362,0.3747376
20025,2025-08-19,0,None,5,D4,5,D4,False,0.15807116,0.11779315,0.07071442,0.054113258,0.11145521,0.48785284
20025,2025-08-26,0,None,5,D4,5,D4,False,0.16457742,0.12157707,0.06564549,0.054694884,0.11427386,0.4792312
20025,2025-09-02,0,None,5,D4,0,None,True,0.22356679,0.15358305,0.074923135,0.058021978,0.09992772,0.38997728
20025,2025-09-09,0,None,5,D4,0,None,True,0.2559208,0.1725786,0.08005582,0.059346803,0.09142923,0.3406688
20025,2025-09-16,0,None,0,None,0,None,True,0.30831653,0.20065142,0.08608438,0.0603,0.07601391,0.26863378
20025,2025-09-23,0,None,0,None,0,None,True,0.35189527,0.21906748,0.086790115,0.0631071,0.0648777,0.21426238
20025,2025-09-30,0,None,0,None,0,None,True,0.3799496,0.23639047,0.08851061,0.06720326,0.057379406,0.17056654
20025,2025-10-07,0,None,0,None,0,None,True,0.37034473,0.29418758,0.12067405,0.096109435,0.044775233,0.073909014
20025,2025-10-14,0,None,0,None,0,None,True,0.36746845,0.34200314,0.13561624,0.11378083,0.024271414,0.016859967
20025,2025-10-21,0,None,1,D0,0,None,True,0.3729328,0.3731789,0.15148605,0.08960134,0.0103750825,0.002425812
20025,2025-10-28,0,None,1,D0,0,None,True,0.32800394,0.40006584,0.19071995,0.07515832,0.005676984,0.00037492902
20025,2025-11-04,0,None,1,D0,0,None,True,0.29277754,0.40290236,0.20419012,0.0927368,0.0070735943,0.00031958256
20025,2025-11-11,0,None,1,D0,0,None,True,0.2667701,0.39990026,0.19589774,0.12608108,0.010824891,0.0005259154
20025,2025-11-18,0,None,1,D0,0,None,True,0.28766868,0.40332654,0.18236227,0.117654055,0.008742328,0.00024615525
20025,2025-11-25,0,None,1,D0,0,None,True,0.28197846,0.39660826,0.17423254,0.1362214,0.0107671395,0.00019226069
20025,2025-12-02,0,None,1,D0,0,None,True,0.29178548,0.39229313,0.17498277,0.13134114,0.0095321555,6.52483e-05
20025,2025-12-09,0,None,1,D0,0,None,True,0.22569016,0.3947413,0.19508815,0.17159158,0.01283061,5.8165755e-05
20025,2025-12-16,0,None,1,D0,0,None,True,0.27937388,0.38736272,0.18882625,0.13433501,0.010081491,2.0644175e-05
20025,2025-12-23,0,None,1,D0,0,None,True,0.21219265,0.39756095,0.204501,0.17296949,0.01275467,2.1143356e-05
20025,2025-12-30,0,None,1,D0,0,None,True,0.17215541,0.40083432,0.21362218,0.1966613,0.016700383,2.6416676e-05
20027,2022-01-04,2,D1,1,D0,2,D1,True,0.06171479,0.32528162,0.25632498,0.24909037,0.10289962,0.0046886243
20027,2022-01-11,2,D1,1,D0,3,D2,False,0.054051217,0.32100716,0.25149393,0.2529007,0.115203224,0.005343696
20027,2022-01-18,2,D1,1,D0,4,D3,False,0.043759838,0.30923012,0.25093034,0.2521218,0.13733117,0.006626709
20027,2022-01-25,2,D1,1,D0,4,D3,False,0.03672972,0.3044396,0.259039,0.24170868,0.15128858,0.006794417
20027,2022-02-01,2,D1,1,D0,4,D3,False,0.029016966,0.2906035,0.27522957,0.22574311,0.17283235,0.006574529
20027,2022-02-08,2,D1,2,D1,4,D3,False,0.023486745,0.27400023,0.29080465,0.21263702,0.19267885,0.006392457
20027,2022-02-15,2,D1,2,D1,4,D3,False,0.019891758,0.2558538,0.3031212,0.20276971,0.21043861,0.007924956
20027,2022-02-22,3,D2,2,D1,4,D3,False,0.017641162,0.24399117,0.30719292,0.19994392,0.2216554,0.00957548
20027,2022-03-01,3,D2,2,D1,4,D3,False,0.017869283,0.22250997,0.29913676,0.19963633,0.23806539,0.022782242
20027,2022-03-08,3,D2,2,D1,4,D3,False,0.018517945,0.1995779,0.28769806,0.19901647,0.25168976,0.043499846
20027,2022-03-15,3,D2,2,D1,4,D3,False,0.018545747,0.18020412,0.28251892,0.20539667,0.2665869,0.04674763
20027,2022-03-22,3,D2,2,D1,4,D3,False,0.015536721,0.16154991,0.28032616,0.21446554,0.27487603,0.053245652
20027,2022-03-29,3,D2,4,D3,4,D3,False,0.01379514,0.12675072,0.25364053,0.21618423,0.29040727,0.099222064
20027,2022-04-05,3,D2,4,D3,4,D3,False,0.008341992,0.09178996,0.23459399,0.22887269,0.30457237,0.13182896
20027,2022-04-12,3,D2,4,D3,4,D3,False,0.0058923215,0.0682578,0.20942841,0.22810829,0.30948877,0.17882441
20027,2022-04-19,3,D2,4,D3,4,D3,False,0.0040678373,0.04871401,0.17490049,0.21893188,0.29896384,0.25442195
20027,2022-04-26,3,D2,5,D4,4,D3,False,0.0036582784,0.037854075,0.14551185,0.20096613,0.28141788,0.33059174
20027,2022-05-03,3,D2,5,D4,4,D3,False,0.0035181704,0.03551846,0.14279649,0.20046282,0.28005815,0.33764595
20027,2022-05-10,3,D2,5,D4,4,D3,False,0.004739675,0.04347411,0.15625945,0.19796263,0.27669775,0.32086647
20027,2022-05-17,3,D2,5,D4,4,D3,False,0.008167286,0.05540977,0.16748963,0.18892045,0.26826143,0.31175143
20027,2022-05-24,3,D2,4,D3,4,D3,False,0.018947303,0.09069582,0.23042294,0.1958515,0.2962964,0.16778597
20027,2022-05-31,1,D0,4,D3,4,D3,False,0.03285546,0.11557019,0.28721547,0.21236193,0.3004291,0.051567845
20027,2022-06-07,1,D0,2,D1,4,D3,False,0.030705366,0.121174,0.32857147,0.2322871,0.26949897,0.017763043
20027,2022-06-14,1,D0,2,D1,4,D3,False,0.03358504,0.12591586,0.32381997,0.23309216,0.23795965,0.045627303
20027,2022-06-21,1,D0,2,D1,4,D3,False,0.030342788,0.11279062,0.35438544,0.25121188,0.2003126,0.05095669
20027,2022-06-28,0,None,2,D1,4,D3,False,0.034588914,0.10992844,0.34537446,0.2546436,0.17451224,0.080952294
20027,2022-07-05,0,None,2,D1,2,D1,False,0.036637336,0.115806274,0.3791731,0.2599218,0.13699943,0.071462065
20027,2022-07-12,0,None,2,D1,2,D1,False,0.03243281,0.11902598,0.39883772,0.25458968,0.10416189,0.090951905
20027,2022-07-19,0,None,2,D1,2,D1,False,0.025832666,0.10500236,0.4242925,0.28426367,0.08894447,0.07166433
20027,2022-07-26,0,None,2,D1,2,D1,False,0.025675971,0.1055557,0.45336348,0.2818718,0.07331038,0.060222626
20027,2022-08-02,0,None,2,D1,2,D1,False,0.030532056,0.12050312,0.4596501,0.2601347,0.067224346,0.06195565
20027,2022-08-09,0,None,2,D1,2,D1,False,0.033479907,0.1337543,0.44983068,0.24782252,0.064867795,0.07024485
20027,2022-08-16,0,None,2,D1,2,D1,False,0.03591085,0.13959284,0.43775764,0.24074654,0.06467716,0.081315026
20027,2022-08-23,0,None,2,D1,2,D1,False,0.038080215,0.13477181,0.42511392,0.23760402,0.06869928,0.09573079
20027,2022-08-30,0,None,2,D1,2,D1,False,0.044653613,0.14380819,0.39950743,0.2240771,0.07387554,0.11407816
20027,2022-09-06,1,D0,5,D4,4,D3,False,0.044466015,0.102849685,0.19968858,0.16504748,0.15342428,0.334524
20027,2022-09-13,1,D0,5,D4,4,D3,False,0.03291975,0.066734806,0.10864724,0.14583628,0.23774253,0.40811938
20027,2022-09-20,1,D0,5,D4,4,D3,False,0.020572823,0.052779842,0.11306298,0.17652363,0.20979008,0.42727065
20027,2022-09-27,1,D0,5,D4,4,D3,False,0.015265433,0.03570189,0.0707192,0.1681815,0.26524547,0.44488654
20027,2022-10-04,1,D0,5,D4,4,D3,False,0.009866336,0.025050463,0.05710942,0.17047371,0.2683296,0.46917045
20027,2022-10-11,1,D0,5,D4,4,D3,False,0.008077225,0.018130204,0.0412044,0.17078725,0.28967002,0.47213086
20027,2022-10-18,1,D0,5,D4,4,D3,False,0.0070694787,0.016029779,0.043692667,0.1748272,0.28941196,0.46896896
20027,2022-10-25,1,D0,5,D4,4,D3,False,0.0073570777,0.014107116,0.03733984,0.17304578,0.30071634,0.4674339
20027,2022-11-01,1,D0,5,D4,4,D3,False,0.0076762373,0.015068799,0.041426856,0.17574629,0.30159903,0.45848277
20027,2022-11-08,1,D0,5,D4,4,D3,False,0.0092512565,0.018644786,0.047700364,0.17535393,0.3034644,0.44558522
20027,2022-11-15,1,D0,5,D4,4,D3,False,0.010091794,0.021983484,0.057345994,0.17890234,0.29824886,0.43342754
20027,2022-11-22,1,D0,5,D4,4,D3,False,0.010851009,0.024441784,0.06181244,0.17933087,0.29697803,0.42658585
20027,2022-11-29,1,D0,5,D4,4,D3,False,0.010966407,0.027383214,0.06918119,0.18195519,0.29972345,0.41079056
20027,2022-12-06,1,D0,5,D4,4,D3,False,0.0113004,0.031935964,0.07980986,0.18331671,0.30186123,0.39177582
20027,2022-12-13,1,D0,5,D4,4,D3,False,0.011036959,0.033910353,0.08613585,0.18482757,0.30347034,0.38061896
20027,2022-12-20,1,D0,5,D4,4,D3,False,0.012964164,0.046576332,0.112666205,0.18480366,0.31824118,0.3247485
20027,2022-12-27,1,D0,4,D3,4,D3,False,0.018657336,0.07147796,0.16311197,0.18425068,0.36273143,0.19977066
20027,2023-01-03,1,D0,4,D3,4,D3,False,0.027028492,0.1152638,0.23161641,0.1765433,0.38920513,0.06034294
20027,2023-01-10,1,D0,4,D3,4,D3,False,0.028747326,0.14305922,0.26002488,0.16911983,0.3750755,0.023973344
20027,2023-01-17,1,D0,4,D3,4,D3,False,0.034049604,0.16204253,0.27777433,0.15309434,0.36205053,0.010988662
20027,2023-01-24,1,D0,4,D3,4,D3,False,0.04678871,0.18515636,0.291845,0.13388278,0.33848435,0.003842818
20027,2023-01-31,1,D0,4,D3,4,D3,False,0.06262547,0.20831156,0.2994818,0.121988125,0.30617476,0.0014183869
20027,2023-02-07,1,D0,4,D3,4,D3,False,0.05257178,0.21391109,0.30042568,0.12869664,0.30292,0.0014747683
20027,2023-02-14,1,D0,2,D1,4,D3,False,0.04802812,0.21936508,0.30691773,0.1318096,0.29264283,0.0012366938
20027,2023-02-21,1,D0,2,D1,4,D3,False,0.049641725,0.22109742,0.3095241,0.13000545,0.28859386,0.001137513
20027,2023-02-28,1,D0,2,D1,4,D3,False,0.038682695,0.2169372,0.3151952,0.13874117,0.2890909,0.0013527691
20027,2023-03-07,1,D0,2,D1,4,D3,False,0.032937475,0.20840701,0.31902063,0.142124,0.29583642,0.0016745282
20027,2023-03-14,1,D0,2,D1,4,D3,False,0.032502547,0.21167545,0.32466358,0.14402024,0.28559935,0.0015388138
20027,2023-03-21,1,D0,2,D1,4,D3,False,0.031209148,0.21036983,0.32695296,0.14697042,0.2828102,0.0016874044
20027,2023-03-28,1,D0,2,D1,4,D3,False,0.019702988,0.19836245,0.33320192,0.16501497,0.2812961,0.002421579
20027,2023-04-04,1,D0,2,D1,4,D3,False,0.015401808,0.18431126,0.33034313,0.18081234,0.28457257,0.004558887
20027,2023-04-11,1,D0,2,D1,4,D3,False,0.012066102,0.16220094,0.32362714,0.20821251,0.284283,0.009610265
20027,2023-04-18,1,D0,2,D1,4,D3,False,0.012419787,0.14968976,0.31085986,0.21831407,0.28947416,0.019242436
20027,2023-04-25,1,D0,4,D3,4,D3,False,0.010439775,0.12183748,0.29030827,0.22663508,0.3056896,0.04508979
20027,2023-05-02,2,D1,4,D3,4,D3,False,0.007870328,0.08975001,0.25531226,0.23141102,0.31844857,0.09720774
20027,2023-05-09,2,D1,4,D3,4,D3,False,0.0066785375,0.07426,0.2330779,0.23050539,0.32148632,0.13399188
20027,2023-05-16,1,D0,4,D3,4,D3,False,0.008090212,0.07051825,0.21506093,0.21663663,0.30815935,0.18153456
20027,2023-05-23,1,D0,4,D3,4,D3,False,0.015441882,0.090446375,0.2397147,0.20971051,0.30452666,0.14015985
20027,2023-05-30,1,D0,4,D3,4,D3,False,0.025010068,0.12022793,0.2830192,0.21092597,0.30205554,0.05876133
20027,2023-06-06,1,D0,2,D1,4,D3,False,0.036405288,0.13613468,0.32684976,0.21661177,0.2731369,0.010861656
20027,2023-06-13,1,D0,2,D1,4,D3,False,0.037160695,0.13905752,0.34251568,0.2187309,0.2549865,0.007548775
20027,2023-06-20,2,D1,2,D1,4,D3,False,0.040468547,0.14945439,0.36686715,0.2220549,0.21723366,0.0039213505
20027,2023-06-27,2,D1,2,D1,4,D3,False,0.033575315,0.14315546,0.39096764,0.2340914,0.19581561,0.0023946015
20027,2023-07-04,2,D1,2,D1,4,D3,False,0.033936206,0.13506967,0.39736533,0.24074829,0.18820557,0.0046749245
20027,2023-07-11,2,D1,2,D1,4,D3,False,0.035203896,0.13103083,0.3733056,0.22844717,0.20943324,0.02257925
20027,2023-07-18,2,D1,2,D1,4,D3,False,0.03947163,0.13579097,0.349944,0.2138572,0.20841782,0.05251843
20027,2023-07-25,2,D1,5,D4,4,D3,False,0.04176424,0.11255077,0.18872164,0.15247147,0.2516035,0.25288835
20027,2023-08-01,2,D1,5,D4,4,D3,False,0.0338515,0.0757168,0.10159161,0.10813276,0.26809698,0.41261035
20027,2023-08-08,2,D1,5,D4,4,D3,False,0.0314739,0.055648282,0.066429764,0.085149705,0.26501986,0.4962784
20027,2023-08-15,2,D1,5,D4,4,D3,False,0.030702747,0.04584828,0.05037161,0.07651269,0.2646987,0.53186595
20027,2023-08-22,2,D1,5,D4,4,D3,False,0.032962877,0.045620468,0.04486468,0.07150761,0.2583275,0.5467169
20027,2023-08-29,2,D1,5,D4,4,D3,False,0.03491702,0.045592874,0.04359967,0.0710769,0.25877684,0.54603666
20027,2023-09-05,3,D2,5,D4,4,D3,False,0.042272333,0.054693673,0.04914713,0.07125662,0.24916093,0.5334693
20027,2023-09-12,3,D2,5,D4,4,D3,False,0.050967332,0.06662267,0.05883317,0.07683759,0.24683692,0.4999024
20027,2023-09-19,3,D2,5,D4,4,D3,False,0.049114257,0.06394284,0.054346126,0.07686277,0.26448953,0.4912445
20027,2023-09-26,3,D2,5,D4,4,D3,False,0.04924011,0.06811,0.059454557,0.09374875,0.29814267,0.43130395
20027,2023-10-03,3,D2,5,D4,4,D3,False,0.047572274,0.06951979,0.06373124,0.10952705,0.3222752,0.38737446
20027,2023-10-10,3,D2,5,D4,4,D3,False,0.050272238,0.075039454,0.07298781,0.12629838,0.3262197,0.3491823
20027,2023-10-17,3,D2,5,D4,4,D3,False,0.03493411,0.0663776,0.075099856,0.15626618,0.3231894,0.34413278
20027,2023-10-24,3,D2,5,D4,4,D3,False,0.027050434,0.068912484,0.08802908,0.17229983,0.3015971,0.34211114
20027,2023-10-31,3,D2,5,D4,4,D3,False,0.028184121,0.07896411,0.10713663,0.18907368,0.29167134,0.3049702
20027,2023-11-07,3,D2,4,D3,4,D3,False,0.032760818,0.10110872,0.13364454,0.2019874,0.2708623,0.2596362
20027,2023-11-14,3,D2,4,D3,4,D3,False,0.035364494,0.11492269,0.15089855,0.20628417,0.26204243,0.23048776
20027,2023-11-21,3,D2,4,D3,4,D3,False,0.03846959,0.1437004,0.17437758,0.21157052,0.26483727,0.16704458
20027,2023-11-28,3,D2,4,D3,4,D3,False,0.038634848,0.15946296,0.18994342,0.21138124,0.2725971,0.12798046
20027,2023-12-05,3,D2,4,D3,4,D3,False,0.035979267,0.16692132,0.19991878,0.21175654,0.2788683,0.10655574
20027,2023-12-12,3,D2,4,D3,4,D3,False,0.036877096,0.18148355,0.21969055,0.20271952,0.28984237,0.06938692
20027,2023-12-19,3,D2,4,D3,4,D3,False,0.045606516,0.1987048,0.24663305,0.18150543,0.3032539,0.024296269
20027,2023-12-26,3,D2,4,D3,4,D3,False,0.061068654,0.21725602,0.26727608,0.16513552,0.28267366,0.006590042
20027,2024-01-02,3,D2,2,D1,4,D3,False,0.07037276,0.22795364,0.27568588,0.15608902,0.26664698,0.0032516979
20027,2024-01-09,3,D2,2,D1,4,D3,False,0.11334586,0.2554585,0.27712715,0.13867794,0.21419999,0.0011906126
20027,2024-01-16,3,D2,2,D1,4,D3,False,0.13575575,0.2725045,0.27676427,0.13001764,0.18436435,0.0005935227
20027,2024-01-23,2,D1,2,D1,4,D3,False,0.12939769,0.2771965,0.28100118,0.12870792,0.18323568,0.0004610317
20027,2024-01-30,2,D1,1,D0,4,D3,False,0.15738003,0.2886542,0.27048534,0.12325053,0.15997471,0.00025513818
20027,2024-02-06,2,D1,1,D0,0,None,False,0.19975927,0.30053186,0.2517975,0.11445589,0.13330868,0.00014680433
20027,2024-02-13,2,D1,1,D0,0,None,False,0.20205902,0.30091503,0.25077382,0.115170054,0.13094397,0.00013814066
20027,2024-02-20,2,D1,1,D0,0,None,False,0.16571294,0.30589646,0.26381883,0.12399119,0.14045164,0.00012892735
20027,2024-02-27,2,D1,1,D0,0,None,False,0.1892027,0.30475655,0.26221275,0.12053373,0.12319011,0.00010420451
20027,2024-03-05,2,D1,1,D0,0,None,False,0.16667898,0.31203225,0.27789265,0.12833841,0.11495814,9.955669e-05
20027,2024-03-12,2,D1,1,D0,0,None,False,0.1648819,0.31975174,0.28590485,0.12913516,0.10023776,8.8623776e-05
20027,2024-03-19,2,D1,1,D0,0,None,False,0.1668893,0.32812503,0.29559758,0.12411316,0.08520616,6.878913e-05
20027,2024-03-26,2,D1,1,D0,0,None,False,0.15240358,0.3235751,0.31057367,0.12448838,0.08887229,8.6962275e-05
20027,2024-04-02,2,D1,2,D1,2,D1,True,0.10307061,0.3052541,0.3478985,0.14067158,0.102961145,0.00014402495
20027,2024-04-09,2,D1,2,D1,2,D1,True,0.04820237,0.25950933,0.37412006,0.17032167,0.14735216,0.000494366
20027,2024-04-16,2,D1,2,D1,2,D1,True,0.028101807,0.22923616,0.38080072,0.19214787,0.16843702,0.0012764194
20027,2024-04-23,3,D2,2,D1,4,D3,False,0.025747797,0.21081649,0.36316112,0.1983939,0.19866292,0.0032177845
20027,2024-04-30,2,D1,2,D1,4,D3,False,0.030505868,0.19939055,0.33777955,0.19990523,0.22529075,0.0071280086
20027,2024-05-07,2,D1,2,D1,4,D3,False,0.03702262,0.19708031,0.3290669,0.19734186,0.22927417,0.010214149
20027,2024-05-14,2,D1,2,D1,4,D3,False,0.048731446,0.19792566,0.31834278,0.19022214,0.22945562,0.015322338
20027,2024-05-21,1,D0,2,D1,4,D3,False,0.071799465,0.20586774,0.31753737,0.1800406,0.21399899,0.010755891
20027,2024-05-28,1,D0,2,D1,4,D3,False,0.082413234,0.19753088,0.3100256,0.18269995,0.21148859,0.015841683
20027,2024-06-04,1,D0,2,D1,4,D3,False,0.06149049,0.18111843,0.32494423,0.19859347,0.22216585,0.01168759
20027,2024-06-11,1,D0,2,D1,4,D3,False,0.054608688,0.17657523,0.33450997,0.20578995,0.22046918,0.00804701
20027,2024-06-18,0,None,2,D1,4,D3,False,0.055391617,0.164275,0.32197532,0.21383484,0.22652172,0.018001506
20027,2024-06-25,0,None,2,D1,4,D3,False,0.0565283,0.15226497,0.31728038,0.21560702,0.22485124,0.033468116
20027,2024-07-02,0,None,2,D1,4,D3,False,0.048259247,0.1411744,0.32128543,0.21966971,0.21531755,0.05429368
20027,2024-07-09,0,None,2,D1,4,D3,False,0.041172944,0.13137506,0.3089724,0.21216272,0.21388271,0.09243408
20027,2024-07-16,0,None,2,D1,4,D3,False,0.035906665,0.123261005,0.2941797,0.19766714,0.19208205,0.15690343
20027,2024-07-23,1,D0,2,D1,4,D3,False,0.02827463,0.104397856,0.27331132,0.19227663,0.17388631,0.22785322
20027,2024-07-30,2,D1,5,D4,4,D3,False,0.023395242,0.09194236,0.24635667,0.18488905,0.1633046,0.29011217
20027,2024-08-06,2,D1,5,D4,4,D3,False,0.030062452,0.08294421,0.14490207,0.13541369,0.19814277,0.40853485
20027,2024-08-13,2,D1,5,D4,4,D3,False,0.027712695,0.05990889,0.08309963,0.10949733,0.25414124,0.46564025
20027,2024-08-20,1,D0,5,D4,4,D3,False,0.027676925,0.048635915,0.057825193,0.090914086,0.27750832,0.49743956
20027,2024-08-27,1,D0,5,D4,4,D3,False,0.027372377,0.041299272,0.045653317,0.08326876,0.2785405,0.5238658
20027,2024-09-03,2,D1,5,D4,4,D3,False,0.029441996,0.042725615,0.04448351,0.08536662,0.28032157,0.5176607
20027,2024-09-10,2,D1,5,D4,4,D3,False,0.026099645,0.03828961,0.04280114,0.09462834,0.29637662,0.5018047
20027,2024-09-17,2,D1,5,D4,4,D3,False,0.021970088,0.034229644,0.041188963,0.11047656,0.31876174,0.473373
20027,2024-09-24,2,D1,5,D4,4,D3,False,0.015132397,0.025094382,0.033893593,0.12253686,0.32771486,0.47562784
20027,2024-10-01,2,D1,5,D4,4,D3,False,0.011687155,0.019989492,0.028298901,0.1259525,0.32916126,0.4849107
20027,2024-10-08,2,D1,5,D4,4,D3,False,0.0058438433,0.014372665,0.026495496,0.14634073,0.30938303,0.4975642
20027,2024-10-15,2,D1,5,D4,4,D3,False,0.004982234,0.011778555,0.026050832,0.15512751,0.30613753,0.49592334
20027,2024-10-22,2,D1,5,D4,4,D3,False,0.0045230263,0.010496686,0.02745748,0.16550557,0.30156118,0.4904561
20027,2024-10-29,3,D2,5,D4,4,D3,False,0.0042493884,0.010143838,0.030070284,0.1730869,0.30016777,0.48228174
20027,2024-11-05,2,D1,5,D4,4,D3,False,0.0050960165,0.012702041,0.036667027,0.17743221,0.2994716,0.46863103
20027,2024-11-12,2,D1,5,D4,4,D3,False,0.013248908,0.028988594,0.06881761,0.1798551,0.2996027,0.40948707
20027,2024-11-19,2,D1,5,D4,4,D3,False,0.024143225,0.048620757,0.10072672,0.16392495,0.31472734,0.34785697
20027,2024-11-26,2,D1,4,D3,4,D3,False,0.039224118,0.08218371,0.15586862,0.16220282,0.35482302,0.20569767
20027,2024-12-03,2,D1,4,D3,4,D3,False,0.047939457,0.10744474,0.19707958,0.1470471,0.38021916,0.12026996
20027,2024-12-10,2,D1,4,D3,4,D3,False,0.053698067,0.123189405,0.22040011,0.13991624,0.38663095,0.076165274
20027,2024-12-17,2,D1,4,D3,4,D3,False,0.0465894,0.12916173,0.22974874,0.14490494,0.38894987,0.06064531
20027,2024-12-24,2,D1,4,D3,4,D3,False,0.060391203,0.14430046,0.24570769,0.13110855,0.3851516,0.033340484
20027,2024-12-31,2,D1,4,D3,4,D3,False,0.06933704,0.15980314,0.2594543,0.12409119,0.37179598,0.015518437
20027,2025-01-07,2,D1,4,D3,4,D3,False,0.07765001,0.16904801,0.26856658,0.121095605,0.3544239,0.0092158625
20027,2025-01-14,2,D1,4,D3,4,D3,False,0.06684932,0.17983231,0.2735944,0.1251227,0.3476377,0.0069635576
20027,2025-01-21,2,D1,4,D3,4,D3,False,0.06293338,0.18609816,0.27678758,0.12643394,0.34115952,0.0065873447
20027,2025-01-28,2,D1,4,D3,4,D3,False,0.05786495,0.19117358,0.2835073,0.12558931,0.33621427,0.005650639
20027,2025-02-04,2,D1,4,D3,4,D3,False,0.05446325,0.20078671,0.29146728,0.12405002,0.32560328,0.0036294789
20027,2025-02-11,2,D1,4,D3,4,D3,False,0.039654303,0.20528622,0.30205327,0.13354403,0.31658313,0.0028789886
20027,2025-02-18,2,D1,4,D3,4,D3,False,0.034054976,0.20267172,0.3065033,0.13770482,0.31627393,0.0027911859
20027,2025-02-25,2,D1,2,D1,4,D3,False,0.03261794,0.20985508,0.31674632,0.1372756,0.30167046,0.0018345496
20027,2025-03-04,2,D1,2,D1,4,D3,False,0.028631458,0.21065237,0.31874895,0.14468808,0.29510075,0.0021784208
20027,2025-03-11,2,D1,2,D1,4,D3,False,0.023139924,0.20493329,0.31546757,0.16119981,0.29170722,0.0035522524
20027,2025-03-18,2,D1,2,D1,4,D3,False,0.014947843,0.18596119,0.31884068,0.1800252,0.29460058,0.005624446
20027,2025-03-25,2,D1,2,D1,4,D3,False,0.012927134,0.17566875,0.3214552,0.19229555,0.29045033,0.0072030206
20027,2025-04-01,2,D1,2,D1,4,D3,False,0.014326907,0.1819103,0.33062917,0.1959079,0.2707705,0.0064552706
20027,2025-04-08,1,D0,2,D1,4,D3,False,0.016485756,0.18794623,0.33071035,0.20130342,0.25635982,0.007194421
20027,2025-04-15,1,D0,2,D1,4,D3,False,0.01973281,0.18405414,0.3244973,0.2048184,0.254294,0.012603311
20027,2025-04-22,1,D0,2,D1,4,D3,False,0.022177208,0.1728626,0.31193838,0.2065889,0.26265177,0.02378123
20027,2025-04-29,1,D0,2,D1,4,D3,False,0.037343726,0.18850693,0.3104739,0.19724195,0.24547862,0.020954939
20027,2025-05-06,1,D0,2,D1,4,D3,False,0.04038159,0.18589643,0.30739218,0.19635618,0.24472198,0.025251733
20027,2025-05-13,1,D0,2,D1,4,D3,False,0.05226122,0.18859279,0.30015218,0.1892019,0.2386838,0.031108106
20027,2025-05-20,1,D0,2,D1,4,D3,False,0.096829854,0.21060953,0.29866937,0.17146128,0.20854373,0.013886258
20027,2025-05-27,1,D0,2,D1,4,D3,False,0.15185563,0.2284643,0.29965296,0.1519372,0.16164657,0.006443307
20027,2025-06-03,1,D0,2,D1,4,D3,False,0.15383187,0.22064365,0.2976553,0.15466958,0.16419487,0.009004714
20027,2025-06-10,1,D0,2,D1,4,D3,False,0.15377575,0.20927875,0.31316975,0.16044642,0.15555523,0.007774087
20027,2025-06-17,1,D0,2,D1,0,None,False,0.19317445,0.21828,0.31427574,0.14035866,0.12528388,0.008627175
20027,2025-06-24,2,D1,2,D1,0,None,False,0.20523949,0.2316862,0.323186,0.13006397,0.10405794,0.005766349
20027,2025-07-01,2,D1,2,D1,0,None,False,0.23597355,0.2417568,0.31527326,0.11576442,0.08817939,0.003052529
20027,2025-07-08,2,D1,2,D1,0,None,False,0.2087613,0.23900583,0.32208768,0.12706847,0.09854059,0.004536127
20027,2025-07-15,1,D0,2,D1,0,None,False,0.23535493,0.24689287,0.29591265,0.11943117,0.09676913,0.005639233
20027,2025-07-22,1,D0,0,None,0,None,False,0.27650023,0.25448108,0.27128127,0.11721309,0.07256035,0.007963973
20027,2025-07-29,2,D1,0,None,0,None,False,0.33269212,0.25687492,0.23321334,0.094636895,0.060896076,0.021686621
20027,2025-08-05,2,D1,0,None,0,None,False,0.2778002,0.25403336,0.21703878,0.08635727,0.07127234,0.09349807
20027,2025-08-12,2,D1,5,D4,0,None,False,0.18302388,0.15262985,0.10999066,0.0660644,0.11355362,0.3747376
20027,2025-08-19,2,D1,5,D4,5,D4,False,0.15807116,0.11779315,0.07071442,0.054113258,0.11145521,0.48785284
20027,2025-08-26,2,D1,5,D4,5,D4,False,0.16457742,0.12157707,0.06564549,0.054694884,0.11427386,0.4792312
20027,2025-09-02,2,D1,5,D4,0,None,False,0.22356679,0.15358305,0.074923135,0.058021978,0.09992772,0.38997728
20027,2025-09-09,2,D1,5,D4,0,None,False,0.2559208,0.1725786,0.08005582,0.059346803,0.09142923,0.3406688
20027,2025-09-16,2,D1,0,None,0,None,False,0.30831653,0.20065142,0.08608438,0.0603,0.07601387,0.26863375
20027,2025-09-23,2,D1,0,None,0,None,False,0.35189524,0.21906745,0.086790144,0.063107096,0.06487771,0.21426241
20027,2025-09-30,2,D1,0,None,0,None,False,0.3799496,0.23639047,0.08851061,0.06720326,0.057379406,0.17056654
20027,2025-10-07,2,D1,0,None,0,None,False,0.37034473,0.29418758,0.12067405,0.096109435,0.044775233,0.073909014
20027,2025-10-14,2,D1,0,None,0,None,False,0.36746845,0.34200314,0.13561624,0.11378083,0.024271414,0.016859967
20027,2025-10-21,2,D1,1,D0,0,None,False,0.3729328,0.3731789,0.15148605,0.08960134,0.0103750825,0.002425812
20027,2025-10-28,2,D1,1,D0,0,None,False,0.32800394,0.40006584,0.19071995,0.07515832,0.005676984,0.00037492902
20027,2025-11-04,2,D1,1,D0,0,None,False,0.29277754,0.40290236,0.20419012,0.0927368,0.0070735943,0.00031958256
20027,2025-11-11,2,D1,1,D0,0,None,False,0.2667701,0.39990026,0.19589774,0.12608108,0.010824891,0.0005259154
20027,2025-11-18,2,D1,1,D0,0,None,False,0.28766868,0.40332654,0.18236227,0.117654055,0.008742328,0.00024615525
20027,2025-11-25,2,D1,1,D0,0,None,False,0.28197846,0.39660826,0.17423254,0.1362214,0.0107671395,0.00019226069
20027,2025-12-02,1,D0,1,D0,0,None,False,0.29178548,0.39229313,0.17498277,0.13134114,0.0095321555,6.52483e-05
20027,2025-12-09,1,D0,1,D0,0,None,False,0.22569016,0.3947413,0.19508815,0.17159158,0.01283061,5.8165755e-05
20027,2025-12-16,1,D0,1,D0,0,None,False,0.27937388,0.38736272,0.18882625,0.13433501,0.010081491,2.0644175e-05
20027,2025-12-23,1,D0,1,D0,0,None,False,0.21219265,0.39756095,0.204501,0.17296949,0.01275467,2.1143356e-05
20027,2025-12-30,1,D0,1,D0,0,None,False,0.17215541,0.40083432,0.21362218,0.1966613,0.016700383,2.6416676e-05
20029,2022-01-04,1,D0,1,D0,2,D1,False,0.06171479,0.32528162,0.25632498,0.24909037,0.10289962,0.0046886243
20029,2022-01-11,1,D0,1,D0,3,D2,False,0.054051228,0.32100716,0.25149396,0.25290075,0.115203224,0.0053436994
20029,2022-01-18,1,D0,1,D0,4,D3,False,0.04375985,0.30923012,0.25093034,0.2521218,0.13733117,0.0066267056
20029,2022-01-25,1,D0,1,D0,4,D3,False,0.03672972,0.3044396,0.259039,0.24170868,0.15128858,0.006794417
20029,2022-02-01,1,D0,1,D0,4,D3,False,0.029016966,0.2906035,0.27522957,0.22574311,0.17283235,0.006574529
20029,2022-02-08,2,D1,2,D1,4,D3,False,0.023486745,0.27400023,0.29080465,0.21263702,0.19267885,0.006392457
20029,2022-02-15,2,D1,2,D1,4,D3,False,0.019891758,0.2558538,0.3031212,0.20276971,0.21043861,0.007924956
20029,2022-02-22,3,D2,2,D1,4,D3,False,0.017641162,0.24399117,0.30719292,0.19994392,0.2216554,0.00957548
20029,2022-03-01,3,D2,2,D1,4,D3,False,0.017869283,0.22250997,0.29913676,0.19963633,0.23806539,0.022782242
20029,2022-03-08,3,D2,2,D1,4,D3,False,0.018517945,0.1995779,0.28769806,0.19901647,0.25168976,0.043499846
20029,2022-03-15,3,D2,2,D1,4,D3,False,0.018545747,0.18020412,0.28251892,0.20539667,0.2665869,0.04674763
20029,2022-03-22,3,D2,2,D1,4,D3,False,0.015536721,0.16154991,0.28032616,0.21446554,0.27487603,0.053245652
20029,2022-03-29,3,D2,4,D3,4,D3,False,0.01379514,0.12675072,0.25364053,0.21618423,0.29040727,0.099222064
20029,2022-04-05,3,D2,4,D3,4,D3,False,0.008341992,0.09178996,0.23459399,0.22887269,0.30457237,0.13182896
20029,2022-04-12,3,D2,4,D3,4,D3,False,0.0058923215,0.0682578,0.20942841,0.22810829,0.30948877,0.17882441
20029,2022-04-19,3,D2,4,D3,4,D3,False,0.0040678373,0.04871401,0.17490049,0.21893188,0.29896384,0.25442195
20029,2022-04-26,3,D2,5,D4,4,D3,False,0.0036582784,0.037854083,0.14551187,0.20096615,0.28141788,0.33059174
20029,2022-05-03,3,D2,5,D4,4,D3,False,0.0035181704,0.035518467,0.1427965,0.20046283,0.28005815,0.33764595
20029,2022-05-10,3,D2,5,D4,4,D3,False,0.004739675,0.04347411,0.15625945,0.19796263,0.27669775,0.32086647
20029,2022-05-17,3,D2,5,D4,4,D3,False,0.008167286,0.05540977,0.16748963,0.18892045,0.26826143,0.31175143
20029,2022-05-24,3,D2,4,D3,4,D3,False,0.018947303,0.09069582,0.23042294,0.1958515,0.2962964,0.16778597
20029,2022-05-31,1,D0,4,D3,4,D3,False,0.03285546,0.11557019,0.28721547,0.21236193,0.3004291,0.051567845
20029,2022-06-07,0,None,2,D1,4,D3,False,0.030705366,0.121174,0.32857147,0.2322871,0.26949897,0.017763043
20029,2022-06-14,0,None,2,D1,4,D3,False,0.03358504,0.12591586,0.32381997,0.23309216,0.23795965,0.045627303
20029,2022-06-21,0,None,2,D1,4,D3,False,0.030342788,0.11279062,0.35438544,0.25121188,0.2003126,0.05095669
20029,2022-06-28,0,None,2,D1,4,D3,False,0.034588914,0.10992844,0.34537446,0.2546436,0.17451224,0.080952294
20029,2022-07-05,0,None,2,D1,2,D1,False,0.036637336,0.115806274,0.3791731,0.2599218,0.13699943,0.071462065
20029,2022-07-12,0,None,2,D1,2,D1,False,0.03243281,0.11902598,0.39883772,0.25458968,0.10416189,0.090951905
20029,2022-07-19,0,None,2,D1,2,D1,False,0.025832666,0.10500236,0.4242925,0.28426367,0.08894447,0.07166433
20029,2022-07-26,0,None,2,D1,2,D1,False,0.025675971,0.1055557,0.45336348,0.2818718,0.07331038,0.060222626
20029,2022-08-02,0,None,2,D1,2,D1,False,0.030532056,0.12050312,0.4596501,0.2601347,0.067224346,0.06195565
20029,2022-08-09,0,None,2,D1,2,D1,False,0.033479907,0.1337543,0.44983068,0.24782252,0.064867795,0.07024485
20029,2022-08-16,0,None,2,D1,2,D1,False,0.03591085,0.13959284,0.43775764,0.24074654,0.06467716,0.081315026
20029,2022-08-23,0,None,2,D1,2,D1,False,0.038080208,0.13477178,0.42511392,0.23760399,0.06869928,0.095730804
20029,2022-08-30,1,D0,2,D1,2,D1,False,0.044653606,0.14380817,0.39950737,0.22407708,0.07387555,0.11407817
20029,2022-09-06,1,D0,5,D4,4,D3,False,0.044466015,0.102849685,0.19968858,0.16504748,0.15342428,0.334524
20029,2022-09-13,1,D0,5,D4,4,D3,False,0.03291975,0.066734806,0.10864724,0.14583628,0.23774253,0.40811938
20029,2022-09-20,1,D0,5,D4,4,D3,False,0.020572823,0.052779842,0.11306298,0.17652363,0.20979008,0.42727065
20029,2022-09-27,1,D0,5,D4,4,D3,False,0.015265433,0.03570189,0.0707192,0.1681815,0.26524547,0.44488654
20029,2022-10-04,1,D0,5,D4,4,D3,False,0.009866336,0.025050463,0.05710942,0.17047371,0.2683296,0.46917045
20029,2022-10-11,1,D0,5,D4,4,D3,False,0.008077225,0.018130204,0.0412044,0.17078725,0.28967002,0.47213086
20029,2022-10-18,1,D0,5,D4,4,D3,False,0.0070694787,0.016029779,0.043692667,0.1748272,0.28941196,0.46896896
20029,2022-10-25,1,D0,5,D4,4,D3,False,0.0073570777,0.014107116,0.03733984,0.17304578,0.30071634,0.4674339
20029,2022-11-01,1,D0,5,D4,4,D3,False,0.0076762373,0.015068799,0.041426856,0.17574629,0.30159903,0.45848277
20029,2022-11-08,1,D0,5,D4,4,D3,False,0.0092512565,0.018644786,0.047700364,0.17535393,0.3034644,0.44558522
20029,2022-11-15,1,D0,5,D4,4,D3,False,0.010091794,0.021983484,0.057345994,0.17890234,0.29824886,0.43342754
20029,2022-11-22,1,D0,5,D4,4,D3,False,0.010851009,0.024441784,0.06181244,0.17933087,0.29697803,0.42658585
20029,2022-11-29,1,D0,5,D4,4,D3,False,0.010966407,0.027383214,0.06918119,0.18195519,0.29972345,0.41079056
20029,2022-12-06,1,D0,5,D4,4,D3,False,0.0113004,0.031935964,0.079809874,0.18331672,0.30186126,0.39177582
20029,2022-12-13,1,D0,5,D4,4,D3,False,0.011036958,0.03391035,0.08613586,0.18482755,0.30347037,0.38061893
20029,2022-12-20,1,D0,5,D4,4,D3,False,0.012964164,0.046576332,0.112666205,0.18480366,0.31824118,0.3247485
20029,2022-12-27,1,D0,4,D3,4,D3,False,0.018657336,0.07147796,0.16311197,0.18425068,0.36273143,0.19977066
20029,2023-01-03,1,D0,4,D3,4,D3,False,0.027028492,0.1152638,0.23161641,0.1765433,0.38920513,0.06034294
20029,2023-01-10,1,D0,4,D3,4,D3,False,0.028747326,0.14305922,0.26002488,0.16911983,0.3750755,0.023973344
20029,2023-01-17,1,D0,4,D3,4,D3,False,0.034049604,0.16204253,0.27777433,0.15309434,0.36205053,0.010988662
20029,2023-01-24,1,D0,4,D3,4,D3,False,0.04678871,0.18515636,0.291845,0.13388278,0.33848435,0.003842818
20029,2023-01-31,1,D0,4,D3,4,D3,False,0.06262547,0.20831156,0.2994818,0.121988125,0.30617476,0.0014183869
20029,2023-02-07,1,D0,4,D3,4,D3,False,0.05257178,0.21391109,0.30042568,0.12869664,0.30292,0.0014747683
20029,2023-02-14,1,D0,2,D1,4,D3,False,0.04802812,0.21936508,0.30691773,0.1318096,0.29264283,0.0012366938
20029,2023-02-21,1,D0,2,D1,4,D3,False,0.049641725,0.22109742,0.3095241,0.13000545,0.28859386,0.001137513
20029,2023-02-28,1,D0,2,D1,4,D3,False,0.038682695,0.2169372,0.3151952,0.13874117,0.2890909,0.0013527691
20029,2023-03-07,1,D0,2,D1,4,D3,False,0.032937475,0.20840701,0.31902063,0.142124,0.29583642,0.0016745282
20029,2023-03-14,1,D0,2,D1,4,D3,False,0.032502547,0.21167545,0.32466358,0.14402024,0.28559935,0.0015388138
20029,2023-03-21,1,D0,2,D1,4,D3,False,0.031209148,0.21036983,0.32695296,0.14697042,0.2828102,0.0016874044
20029,2023-03-28,1,D0,2,D1,4,D3,False,0.019702988,0.19836245,0.33320192,0.16501497,0.2812961,0.002421579
20029,2023-04-04,1,D0,2,D1,4,D3,False,0.015401805,0.18431124,0.33034307,0.18081234,0.2845726,0.00455889
20029,2023-04-11,2,D1,2,D1,4,D3,False,0.012066101,0.16220096,0.3236271,0.20821251,0.284283,0.009610256
20029,2023-04-18,2,D1,2,D1,4,D3,False,0.012419787,0.14968976,0.31085986,0.21831407,0.28947416,0.019242436
20029,2023-04-25,2,D1,4,D3,4,D3,False,0.010439775,0.12183748,0.29030827,0.22663508,0.3056896,0.04508979
20029,2023-05-02,2,D1,4,D3,4,D3,False,0.007870328,0.08975001,0.25531226,0.23141102,0.31844857,0.09720774
20029,2023-05-09,2,D1,4,D3,4,D3,False,0.0066785375,0.07426,0.2330779,0.23050539,0.32148632,0.13399188
20029,2023-05-16,1,D0,4,D3,4,D3,False,0.008090212,0.07051825,0.21506093,0.21663663,0.30815935,0.18153456
20029,2023-05-23,1,D0,4,D3,4,D3,False,0.015441882,0.090446375,0.2397147,0.20971051,0.30452666,0.14015985
20029,2023-05-30,1,D0,4,D3,4,D3,False,0.025010068,0.12022793,0.2830192,0.21092597,0.30205554,0.05876133
20029,2023-06-06,1,D0,2,D1,4,D3,False,0.036405288,0.13613468,0.32684976,0.21661177,0.2731369,0.010861656
20029,2023-06-13,1,D0,2,D1,4,D3,False,0.037160695,0.13905752,0.34251568,0.2187309,0.2549865,0.007548775
20029,2023-06-20,2,D1,2,D1,4,D3,False,0.040468547,0.14945439,0.36686715,0.2220549,0.21723366,0.0039213505
20029,2023-06-27,2,D1,2,D1,4,D3,False,0.033575315,0.14315546,0.39096764,0.2340914,0.19581561,0.0023946015
20029,2023-07-04,2,D1,2,D1,4,D3,False,0.033936206,0.13506967,0.39736533,0.24074829,0.18820557,0.0046749245
20029,2023-07-11,2,D1,2,D1,4,D3,False,0.035203896,0.13103083,0.3733056,0.22844717,0.20943324,0.02257925
20029,2023-07-18,2,D1,2,D1,4,D3,False,0.03947162,0.13579096,0.34994397,0.2138572,0.20841783,0.05251843
20029,2023-07-25,2,D1,5,D4,4,D3,False,0.04176423,0.11255076,0.18872158,0.15247147,0.25160354,0.25288844
20029,2023-08-01,2,D1,5,D4,4,D3,False,0.0338515,0.0757168,0.10159161,0.10813276,0.26809698,0.41261035
20029,2023-08-08,2,D1,5,D4,4,D3,False,0.0314739,0.055648282,0.066429764,0.085149705,0.26501986,0.4962784
20029,2023-08-15,2,D1,5,D4,4,D3,False,0.030702747,0.04584828,0.05037161,0.07651269,0.2646987,0.53186595
20029,2023-08-22,2,D1,5,D4,4,D3,False,0.032962877,0.045620468,0.04486468,0.07150761,0.2583275,0.5467169
20029,2023-08-29,2,D1,5,D4,4,D3,False,0.03491702,0.045592874,0.04359967,0.0710769,0.25877684,0.54603666
20029,2023-09-05,2,D1,5,D4,4,D3,False,0.042272333,0.054693673,0.04914713,0.07125662,0.24916093,0.5334693
20029,2023-09-12,2,D1,5,D4,4,D3,False,0.050967332,0.06662267,0.05883317,0.07683759,0.24683692,0.4999024
20029,2023-09-19,2,D1,5,D4,4,D3,False,0.049114257,0.06394284,0.054346126,0.07686277,0.26448953,0.4912445
20029,2023-09-26,2,D1,5,D4,4,D3,False,0.04924011,0.06811,0.059454557,0.09374875,0.29814267,0.43130395
20029,2023-10-03,2,D1,5,D4,4,D3,False,0.047572274,0.06951979,0.06373124,0.10952705,0.3222752,0.38737446
20029,2023-10-10,2,D1,5,D4,4,D3,False,0.050272238,0.075039454,0.07298781,0.12629838,0.3262197,0.3491823
20029,2023-10-17,2,D1,5,D4,4,D3,False,0.03493411,0.0663776,0.075099856,0.15626618,0.3231894,0.34413278
20029,2023-10-24,2,D1,5,D4,4,D3,False,0.027050434,0.068912484,0.08802908,0.17229983,0.3015971,0.34211114
20029,2023-10-31,2,D1,5,D4,4,D3,False,0.028184121,0.07896411,0.10713663,0.18907368,0.29167134,0.3049702
20029,2023-11-07,2,D1,4,D3,4,D3,False,0.032760818,0.10110872,0.13364454,0.2019874,0.2708623,0.2596362
20029,2023-11-14,3,D2,4,D3,4,D3,False,0.0353645,0.11492268,0.15089853,0.20628414,0.2620424,0.23048773
20029,2023-11-21,3,D2,4,D3,4,D3,False,0.0384696,0.14370042,0.17437759,0.21157049,0.26483727,0.16704457
20029,2023-11-28,3,D2,4,D3,4,D3,False,0.038634848,0.15946296,0.18994342,0.21138124,0.2725971,0.12798046
20029,2023-12-05,3,D2,4,D3,4,D3,False,0.035979267,0.16692132,0.19991878,0.21175654,0.2788683,0.10655574
20029,2023-12-12,3,D2,4,D3,4,D3,False,0.036877096,0.18148355,0.21969055,0.20271952,0.28984237,0.06938692
20029,2023-12-19,3,D2,4,D3,4,D3,False,0.045606516,0.1987048,0.24663305,0.18150543,0.3032539,0.024296269
20029,2023-12-26,3,D2,4,D3,4,D3,False,0.061068654,0.21725602,0.26727608,0.16513552,0.28267366,0.006590042
20029,2024-01-02,3,D2,2,D1,4,D3,False,0.07037276,0.22795364,0.27568588,0.15608902,0.26664698,0.0032516979
20029,2024-01-09,3,D2,2,D1,4,D3,False,0.11334586,0.2554585,0.27712715,0.13867794,0.21419999,0.0011906126
20029,2024-01-16,3,D2,2,D1,4,D3,False,0.13575575,0.2725045,0.27676427,0.13001764,0.18436435,0.0005935227
20029,2024-01-23,2,D1,2,D1,4,D3,False,0.12939769,0.2771965,0.28100118,0.12870792,0.18323568,0.0004610317
20029,2024-01-30,2,D1,1,D0,4,D3,False,0.15738003,0.2886542,0.27048534,0.12325053,0.15997471,0.00025513818
20029,2024-02-06,2,D1,1,D0,0,None,False,0.19975927,0.30053186,0.2517975,0.11445589,0.13330868,0.00014680433
20029,2024-02-13,2,D1,1,D0,0,None,False,0.20205902,0.30091503,0.25077382,0.115170054,0.13094397,0.00013814066
20029,2024-02-20,2,D1,1,D0,0,None,False,0.16571294,0.30589646,0.26381883,0.12399119,0.14045164,0.00012892735
20029,2024-02-27,2,D1,1,D0,0,None,False,0.1892026,0.3047565,0.26221275,0.12053371,0.12319017,0.000104204584
20029,2024-03-05,2,D1,1,D0,0,None,False,0.16667897,0.31203222,0.27789268,0.12833844,0.11495815,9.955668e-05
20029,2024-03-12,2,D1,1,D0,0,None,False,0.1648819,0.31975174,0.28590485,0.12913516,0.10023776,8.8623776e-05
20029,2024-03-19,2,D1,1,D0,0,None,False,0.1668893,0.32812503,0.29559758,0.12411316,0.08520616,6.878913e-05
20029,2024-03-26,2,D1,1,D0,0,None,False,0.15240358,0.3235751,0.31057367,0.12448838,0.08887229,8.6962275e-05
20029,2024-04-02,2,D1,2,D1,2,D1,True,0.10307061,0.3052541,0.3478985,0.14067158,0.102961145,0.00014402495
20029,2024-04-09,2,D1,2,D1,2,D1,True,0.04820237,0.25950933,0.37412006,0.17032167,0.14735216,0.000494366
20029,2024-04-16,2,D1,2,D1,2,D1,True,0.028101807,0.22923616,0.38080072,0.19214787,0.16843702,0.0012764194
20029,2024-04-23,3,D2,2,D1,4,D3,False,0.025747797,0.21081649,0.36316112,0.1983939,0.19866292,0.0032177845
20029,2024-04-30,2,D1,2,D1,4,D3,False,0.030505868,0.19939055,0.33777955,0.19990523,0.22529075,0.0071280086
20029,2024-05-07,1,D0,2,D1,4,D3,False,0.03702262,0.19708031,0.3290669,0.19734186,0.22927417,0.010214149
20029,2024-05-14,1,D0,2,D1,4,D3,False,0.048731446,0.19792566,0.31834278,0.19022214,0.22945562,0.015322338
20029,2024-05-21,1,D0,2,D1,4,D3,False,0.071799465,0.20586774,0.31753737,0.1800406,0.21399899,0.010755891
20029,2024-05-28,1,D0,2,D1,4,D3,False,0.082413234,0.19753088,0.3100256,0.18269995,0.21148859,0.015841683
20029,2024-06-04,1,D0,2,D1,4,D3,False,0.06149049,0.18111843,0.32494423,0.19859347,0.22216585,0.01168759
20029,2024-06-11,0,None,2,D1,4,D3,False,0.054608688,0.17657523,0.33450997,0.20578995,0.22046918,0.00804701
20029,2024-06-18,0,None,2,D1,4,D3,False,0.055391617,0.164275,0.32197532,0.21383484,0.22652172,0.018001506
20029,2024-06-25,0,None,2,D1,4,D3,False,0.05652831,0.152265,0.31728035,0.21560697,0.22485125,0.03346811
20029,2024-07-02,0,None,2,D1,4,D3,False,0.048259225,0.14117439,0.3212854,0.21966971,0.21531756,0.054293714
20029,2024-07-09,0,None,2,D1,4,D3,False,0.041172944,0.13137506,0.3089724,0.21216272,0.21388271,0.09243408
20029,2024-07-16,0,None,2,D1,4,D3,False,0.035906665,0.123261005,0.2941797,0.19766714,0.19208205,0.15690343
20029,2024-07-23,1,D0,2,D1,4,D3,False,0.02827463,0.104397856,0.27331132,0.19227663,0.17388631,0.22785322
20029,2024-07-30,2,D1,5,D4,4,D3,False,0.023395242,0.09194236,0.24635667,0.18488905,0.1633046,0.29011217
20029,2024-08-06,2,D1,5,D4,4,D3,False,0.030062452,0.08294421,0.14490207,0.13541369,0.19814277,0.40853485
20029,2024-08-13,2,D1,5,D4,4,D3,False,0.027712695,0.05990889,0.08309963,0.10949733,0.25414124,0.46564025
20029,2024-08-20,2,D1,5,D4,4,D3,False,0.027676925,0.048635915,0.057825193,0.090914086,0.27750832,0.49743956
20029,2024-08-27,2,D1,5,D4,4,D3,False,0.027372377,0.041299272,0.045653317,0.08326876,0.2785405,0.5238658
20029,2024-09-03,2,D1,5,D4,4,D3,False,0.029441996,0.042725615,0.04448351,0.08536662,0.28032157,0.5176607
20029,2024-09-10,2,D1,5,D4,4,D3,False,0.026099645,0.03828961,0.04280114,0.09462834,0.29637662,0.5018047
20029,2024-09-17,2,D1,5,D4,4,D3,False,0.021970088,0.034229644,0.041188963,0.11047656,0.31876174,0.473373
20029,2024-09-24,2,D1,5,D4,4,D3,False,0.015132397,0.025094382,0.033893593,0.12253686,0.32771486,0.47562784
20029,2024-10-01,2,D1,5,D4,4,D3,False,0.011687155,0.019989492,0.028298901,0.1259525,0.32916126,0.4849107
20029,2024-10-08,2,D1,5,D4,4,D3,False,0.0058438447,0.014372665,0.026495501,0.14634074,0.30938312,0.49756408
20029,2024-10-15,3,D2,5,D4,4,D3,False,0.004982238,0.01177856,0.026050836,0.15512748,0.3061375,0.49592328
20029,2024-10-22,3,D2,5,D4,4,D3,False,0.0045230263,0.010496686,0.02745748,0.16550557,0.30156118,0.4904561
20029,2024-10-29,3,D2,5,D4,4,D3,False,0.0042493884,0.010143838,0.030070284,0.1730869,0.30016777,0.48228174
20029,2024-11-05,2,D1,5,D4,4,D3,False,0.0050960165,0.012702041,0.036667027,0.17743221,0.2994716,0.46863103
20029,2024-11-12,2,D1,5,D4,4,D3,False,0.013248908,0.028988594,0.06881761,0.1798551,0.2996027,0.40948707
20029,2024-11-19,2,D1,5,D4,4,D3,False,0.024143225,0.048620757,0.10072672,0.16392495,0.31472734,0.34785697
20029,2024-11-26,2,D1,4,D3,4,D3,False,0.039224118,0.08218371,0.15586862,0.16220282,0.35482302,0.20569767
20029,2024-12-03,2,D1,4,D3,4,D3,False,0.047939457,0.10744474,0.19707958,0.1470471,0.38021916,0.12026996
20029,2024-12-10,2,D1,4,D3,4,D3,False,0.053698067,0.123189405,0.22040011,0.13991624,0.38663095,0.076165274
20029,2024-12-17,2,D1,4,D3,4,D3,False,0.0465894,0.12916173,0.22974874,0.14490494,0.38894987,0.06064531
20029,2024-12-24,2,D1,4,D3,4,D3,False,0.060391203,0.14430046,0.24570769,0.13110855,0.3851516,0.033340484
20029,2024-12-31,2,D1,4,D3,4,D3,False,0.06933704,0.15980314,0.2594543,0.12409119,0.37179598,0.015518437
20029,2025-01-07,2,D1,4,D3,4,D3,False,0.07765001,0.16904801,0.26856658,0.121095605,0.3544239,0.0092158625
20029,2025-01-14,2,D1,4,D3,4,D3,False,0.06684932,0.17983231,0.2735944,0.1251227,0.3476377,0.0069635576
20029,2025-01-21,2,D1,4,D3,4,D3,False,0.06293338,0.18609816,0.27678758,0.12643394,0.34115952,0.0065873447
20029,2025-01-28,2,D1,4,D3,4,D3,False,0.05786495,0.19117358,0.2835073,0.12558931,0.33621427,0.005650639
20029,2025-02-04,2,D1,4,D3,4,D3,False,0.05446325,0.20078671,0.29146725,0.124050036,0.32560328,0.0036294789
20029,2025-02-11,2,D1,4,D3,4,D3,False,0.039654307,0.20528622,0.3020534,0.13354404,0.31658316,0.0028789889
20029,2025-02-18,2,D1,4,D3,4,D3,False,0.034054976,0.20267172,0.3065033,0.13770482,0.31627393,0.0027911859
20029,2025-02-25,2,D1,2,D1,4,D3,False,0.03261794,0.20985508,0.31674632,0.1372756,0.30167046,0.0018345496
20029,2025-03-04,2,D1,2,D1,4,D3,False,0.028631458,0.21065237,0.31874895,0.14468808,0.29510075,0.0021784208
20029,2025-03-11,2,D1,2,D1,4,D3,False,0.023139924,0.20493329,0.31546757,0.16119981,0.29170722,0.0035522524
20029,2025-03-18,2,D1,2,D1,4,D3,False,0.014947843,0.18596119,0.31884068,0.1800252,0.29460058,0.005624446
20029,2025-03-25,2,D1,2,D1,4,D3,False,0.012927134,0.17566875,0.3214552,0.19229555,0.29045033,0.0072030206
20029,2025-04-01,2,D1,2,D1,4,D3,False,0.014326907,0.1819103,0.33062917,0.1959079,0.2707705,0.0064552706
20029,2025-04-08,2,D1,2,D1,4,D3,False,0.016485756,0.18794623,0.33071035,0.20130342,0.25635982,0.007194421
20029,2025-04-15,2,D1,2,D1,4,D3,False,0.01973281,0.18405414,0.3244973,0.2048184,0.254294,0.012603311
20029,2025-04-22,2,D1,2,D1,4,D3,False,0.022177208,0.1728626,0.31193838,0.2065889,0.26265177,0.02378123
20029,2025-04-29,2,D1,2,D1,4,D3,False,0.037343726,0.18850693,0.3104739,0.19724195,0.24547862,0.020954939
20029,2025-05-06,2,D1,2,D1,4,D3,False,0.04038159,0.18589643,0.30739218,0.19635618,0.24472198,0.025251733
20029,2025-05-13,2,D1,2,D1,4,D3,False,0.05226122,0.18859279,0.30015218,0.1892019,0.2386838,0.031108106
20029,2025-05-20,2,D1,2,D1,4,D3,False,0.0968298,0.21060951,0.2986694,0.17146131,0.20854375,0.013886263
20029,2025-05-27,2,D1,2,D1,4,D3,False,0.15185563,0.22846434,0.299653,0.15193725,0.16164659,0.006443305
20029,2025-06-03,2,D1,2,D1,4,D3,False,0.15383187,0.22064365,0.2976553,0.15466958,0.16419487,0.009004714
20029,2025-06-10,2,D1,2,D1,4,D3,False,0.15377575,0.20927875,0.31316975,0.16044642,0.15555523,0.007774087
20029,2025-06-17,2,D1,2,D1,0,None,False,0.19317445,0.21828,0.31427574,0.14035866,0.12528388,0.008627175
20029,2025-06-24,2,D1,2,D1,0,None,False,0.20523949,0.2316862,0.323186,0.13006397,0.10405794,0.005766349
20029,2025-07-01,2,D1,2,D1,0,None,False,0.23597355,0.2417568,0.31527326,0.11576442,0.08817939,0.003052529
20029,2025-07-08,2,D1,2,D1,0,None,False,0.2087613,0.23900583,0.32208768,0.12706847,0.09854059,0.004536127
20029,2025-07-15,2,D1,2,D1,0,None,False,0.23535493,0.24689287,0.29591265,0.11943117,0.09676913,0.005639233
20029,2025-07-22,2,D1,0,None,0,None,False,0.27650023,0.25448108,0.27128127,0.11721309,0.07256035,0.007963973
20029,2025-07-29,1,D0,0,None,0,None,False,0.33269212,0.25687492,0.23321334,0.094636895,0.060896076,0.021686621
20029,2025-08-05,1,D0,0,None,0,None,False,0.2778002,0.25403336,0.21703878,0.08635727,0.07127234,0.09349807
20029,2025-08-12,1,D0,5,D4,0,None,False,0.18302388,0.15262985,0.10999066,0.0660644,0.11355362,0.3747376
20029,2025-08-19,1,D0,5,D4,5,D4,False,0.15807116,0.11779315,0.07071442,0.054113258,0.11145521,0.48785284
20029,2025-08-26,1,D0,5,D4,5,D4,False,0.16457742,0.12157707,0.06564549,0.054694884,0.11427386,0.4792312
20029,2025-09-02,1,D0,5,D4,0,None,False,0.22356679,0.15358305,0.074923135,0.058021978,0.09992772,0.38997728
20029,2025-09-09,1,D0,5,D4,0,None,False,0.2559208,0.1725786,0.08005582,0.059346803,0.09142923,0.3406688
20029,2025-09-16,2,D1,0,None,0,None,False,0.30831653,0.20065142,0.08608438,0.0603,0.07601391,0.26863378
20029,2025-09-23,2,D1,0,None,0,None,False,0.35189527,0.21906748,0.086790115,0.0631071,0.0648777,0.21426238
20029,2025-09-30,2,D1,0,None,0,None,False,0.3799496,0.23639047,0.08851061,0.06720326,0.057379406,0.17056654
20029,2025-10-07,1,D0,0,None,0,None,False,0.37034473,0.29418758,0.12067405,0.096109435,0.044775233,0.073909014
20029,2025-10-14,1,D0,0,None,0,None,False,0.36746845,0.34200314,0.13561624,0.11378083,0.024271414,0.016859967
20029,2025-10-21,1,D0,1,D0,0,None,False,0.3729328,0.3731789,0.15148605,0.08960134,0.0103750825,0.002425812
20029,2025-10-28,1,D0,1,D0,0,None,False,0.32800394,0.40006584,0.19071995,0.07515832,0.005676984,0.00037492902
20029,2025-11-04,1,D0,1,D0,0,None,False,0.29277754,0.40290236,0.20419012,0.0927368,0.0070735943,0.00031958256
20029,2025-11-11,1,D0,1,D0,0,None,False,0.2667701,0.39990026,0.19589774,0.12608108,0.010824891,0.0005259154
20029,2025-11-18,1,D0,1,D0,0,None,False,0.28766868,0.40332654,0.18236227,0.117654055,0.008742328,0.00024615525
20029,2025-11-25,0,None,1,D0,0,None,True,0.28197846,0.39660826,0.17423254,0.1362214,0.0107671395,0.00019226069
20029,2025-12-02,0,None,1,D0,0,None,True,0.29178548,0.39229313,0.17498277,0.13134114,0.0095321555,6.52483e-05
20029,2025-12-09,0,None,1,D0,0,None,True,0.22569016,0.3947413,0.19508815,0.17159158,0.01283061,5.8165755e-05
20029,2025-12-16,0,None,1,D0,0,None,True,0.27937388,0.38736272,0.18882625,0.13433501,0.010081491,2.0644175e-05
20029,2025-12-23,0,None,1,D0,0,None,True,0.21219265,0.39756095,0.204501,0.17296949,0.01275467,2.1143356e-05
20029,2025-12-30,0,None,1,D0,0,None,True,0.17215542,0.40083426,0.21362224,0.19666131,0.016700389,2.6416672e-05
20031,2022-01-04,0,None,1,D0,2,D1,False,0.061714787,0.32528168,0.25632492,0.24909037,0.10289959,0.004688621
20031,2022-01-11,0,None,1,D0,3,D2,False,0.054051228,0.32100716,0.25149396,0.25290075,0.115203224,0.0053436994
20031,2022-01-18,0,None,1,D0,4,D3,False,0.04375985,0.30923012,0.25093034,0.2521218,0.13733117,0.0066267056
20031,2022-01-25,0,None,1,D0,4,D3,False,0.03672972,0.3044396,0.259039,0.24170868,0.15128858,0.006794417
20031,2022-02-01,0,None,1,D0,4,D3,False,0.029016966,0.2906035,0.27522957,0.22574311,0.17283235,0.006574529
20031,2022-02-08,0,None,2,D1,4,D3,False,0.023486745,0.27400023,0.29080465,0.21263702,0.19267885,0.006392457
20031,2022-02-15,0,None,2,D1,4,D3,False,0.019891758,0.2558538,0.3031212,0.20276971,0.21043861,0.007924956
20031,2022-02-22,0,None,2,D1,4,D3,False,0.017641162,0.24399117,0.30719292,0.19994392,0.2216554,0.00957548
20031,2022-03-01,1,D0,2,D1,4,D3,False,0.017869283,0.22250997,0.29913676,0.19963633,0.23806539,0.022782242
20031,2022-03-08,1,D0,2,D1,4,D3,False,0.018517945,0.1995779,0.28769806,0.19901647,0.25168976,0.043499846
20031,2022-03-15,1,D0,2,D1,4,D3,False,0.018545747,0.18020412,0.28251892,0.20539667,0.2665869,0.04674763
20031,2022-03-22,0,None,2,D1,4,D3,False,0.015536721,0.16154991,0.28032616,0.21446554,0.27487603,0.053245652
20031,2022-03-29,0,None,4,D3,4,D3,False,0.01379514,0.12675072,0.25364053,0.21618423,0.29040727,0.099222064
20031,2022-04-05,0,None,4,D3,4,D3,False,0.008341992,0.09178996,0.23459399,0.22887269,0.30457237,0.13182896
20031,2022-04-12,0,None,4,D3,4,D3,False,0.0058923215,0.0682578,0.20942841,0.22810829,0.30948877,0.17882441
20031,2022-04-19,0,None,4,D3,4,D3,False,0.0040678373,0.04871401,0.17490049,0.21893188,0.29896384,0.25442195
20031,2022-04-26,0,None,5,D4,4,D3,False,0.0036582784,0.037854075,0.14551185,0.20096613,0.28141788,0.33059174
20031,2022-05-03,0,None,5,D4,4,D3,False,0.0035181704,0.03551846,0.14279649,0.20046282,0.28005815,0.33764595
20031,2022-05-10,0,None,5,D4,4,D3,False,0.004739675,0.04347411,0.15625945,0.19796263,0.27669775,0.32086647
20031,2022-05-17,0,None,5,D4,4,D3,False,0.008167286,0.05540977,0.16748963,0.18892045,0.26826143,0.31175143
20031,2022-05-24,0,None,4,D3,4,D3,False,0.018947303,0.09069582,0.23042294,0.1958515,0.2962964,0.16778597
20031,2022-05-31,0,None,4,D3,4,D3,False,0.03285546,0.11557019,0.28721547,0.21236193,0.3004291,0.051567845
20031,2022-06-07,0,None,2,D1,4,D3,False,0.030705366,0.121174,0.32857147,0.2322871,0.26949897,0.017763043
20031,2022-06-14,0,None,2,D1,4,D3,False,0.03358504,0.12591586,0.32381997,0.23309216,0.23795965,0.045627303
20031,2022-06-21,0,None,2,D1,4,D3,False,0.030342788,0.11279062,0.35438544,0.25121188,0.2003126,0.05095669
20031,2022-06-28,0,None,2,D1,4,D3,False,0.034588914,0.10992844,0.34537446,0.2546436,0.17451224,0.080952294
20031,2022-07-05,0,None,2,D1,2,D1,False,0.036637336,0.115806274,0.3791731,0.2599218,0.13699943,0.071462065
20031,2022-07-12,0,None,2,D1,2,D1,False,0.03243281,0.11902598,0.39883772,0.25458968,0.10416189,0.090951905
20031,2022-07-19,1,D0,2,D1,2,D1,False,0.025832666,0.10500236,0.4242925,0.28426367,0.08894447,0.07166433
20031,2022-07-26,2,D1,2,D1,2,D1,True,0.025675971,0.1055557,0.45336348,0.2818718,0.07331038,0.060222626
20031,2022-08-02,2,D1,2,D1,2,D1,True,0.030532056,0.12050312,0.4596501,0.2601347,0.067224346,0.06195565
20031,2022-08-09,2,D1,2,D1,2,D1,True,0.033479903,0.13375427,0.4498307,0.24782245,0.06486779,0.070244804
20031,2022-08-16,2,D1,2,D1,2,D1,True,0.03591085,0.13959283,0.43775764,0.24074654,0.06467715,0.08131504
20031,2022-08-23,2,D1,2,D1,2,D1,True,0.038080208,0.13477178,0.42511392,0.23760399,0.06869928,0.095730804
20031,2022-08-30,1,D0,2,D1,2,D1,False,0.044653606,0.14380817,0.39950737,0.22407708,0.07387555,0.11407817
20031,2022-09-06,1,D0,5,D4,4,D3,False,0.044466015,0.102849685,0.19968858,0.16504748,0.15342428,0.334524
20031,2022-09-13,1,D0,5,D4,4,D3,False,0.03291975,0.066734806,0.10864724,0.14583628,0.23774253,0.40811938
20031,2022-09-20,2,D1,5,D4,4,D3,False,0.020572823,0.052779842,0.11306298,0.17652363,0.20979008,0.42727065
20031,2022-09-27,2,D1,5,D4,4,D3,False,0.015265433,0.03570189,0.0707192,0.1681815,0.26524547,0.44488654
20031,2022-10-04,3,D2,5,D4,4,D3,False,0.009866336,0.025050463,0.05710942,0.17047371,0.2683296,0.46917045
20031,2022-10-11,3,D2,5,D4,4,D3,False,0.008077225,0.018130204,0.0412044,0.17078725,0.28967002,0.47213086
20031,2022-10-18,3,D2,5,D4,4,D3,False,0.0070694787,0.016029779,0.043692667,0.1748272,0.28941196,0.46896896
20031,2022-10-25,3,D2,5,D4,4,D3,False,0.0073570777,0.014107116,0.03733984,0.17304578,0.30071634,0.4674339
20031,2022-11-01,3,D2,5,D4,4,D3,False,0.0076762373,0.015068799,0.041426856,0.17574629,0.30159903,0.45848277
20031,2022-11-08,3,D2,5,D4,4,D3,False,0.0092512565,0.018644786,0.047700364,0.17535393,0.3034644,0.44558522
20031,2022-11-15,3,D2,5,D4,4,D3,False,0.010091794,0.021983484,0.057345994,0.17890234,0.29824886,0.43342754
20031,2022-11-22,3,D2,5,D4,4,D3,False,0.010851009,0.024441784,0.06181244,0.17933087,0.29697803,0.42658585
20031,2022-11-29,3,D2,5,D4,4,D3,False,0.010966407,0.027383214,0.06918119,0.18195519,0.29972345,0.41079056
20031,2022-12-06,3,D2,5,D4,4,D3,False,0.0113004,0.031935964,0.07980986,0.18331671,0.30186123,0.39177582
20031,2022-12-13,3,D2,5,D4,4,D3,False,0.011036959,0.033910353,0.08613585,0.18482757,0.30347034,0.38061896
20031,2022-12-20,3,D2,5,D4,4,D3,False,0.012964164,0.046576332,0.112666205,0.18480366,0.31824118,0.3247485
20031,2022-12-27,3,D2,4,D3,4,D3,False,0.018657336,0.07147796,0.16311197,0.18425068,0.36273143,0.19977066
20031,2023-01-03,3,D2,4,D3,4,D3,False,0.027028492,0.1152638,0.23161641,0.1765433,0.38920513,0.06034294
20031,2023-01-10,3,D2,4,D3,4,D3,False,0.028747326,0.14305922,0.26002488,0.16911983,0.3750755,0.023973344
20031,2023-01-17,3,D2,4,D3,4,D3,False,0.034049604,0.16204253,0.27777433,0.15309434,0.36205053,0.010988662
20031,2023-01-24,3,D2,4,D3,4,D3,False,0.04678871,0.18515636,0.291845,0.13388278,0.33848435,0.003842818
20031,2023-01-31,3,D2,4,D3,4,D3,False,0.06262547,0.20831156,0.2994818,0.121988125,0.30617476,0.0014183869
20031,2023-02-07,3,D2,4,D3,4,D3,False,0.05257178,0.21391109,0.30042568,0.12869664,0.30292,0.0014747683
20031,2023-02-14,2,D1,2,D1,4,D3,False,0.04802812,0.21936508,0.30691773,0.1318096,0.29264283,0.0012366938
20031,2023-02-21,2,D1,2,D1,4,D3,False,0.049641725,0.22109742,0.3095241,0.13000545,0.28859386,0.001137513
20031,2023-02-28,2,D1,2,D1,4,D3,False,0.038682695,0.2169372,0.3151952,0.13874117,0.2890909,0.0013527691
20031,2023-03-07,2,D1,2,D1,4,D3,False,0.032937475,0.20840701,0.31902063,0.142124,0.29583642,0.0016745282
20031,2023-03-14,1,D0,2,D1,4,D3,False,0.032502547,0.21167545,0.32466358,0.14402024,0.28559935,0.0015388138
20031,2023-03-21,1,D0,2,D1,4,D3,False,0.03120915,0.21036981,0.32695305,0.14697042,0.2828102,0.0016874056
20031,2023-03-28,1,D0,2,D1,4,D3,False,0.019702999,0.1983625,0.33320194,0.16501494,0.28129604,0.002421577
20031,2023-04-04,1,D0,2,D1,4,D3,False,0.015401805,0.18431124,0.33034307,0.18081234,0.2845726,0.00455889
20031,2023-04-11,1,D0,2,D1,4,D3,False,0.012066101,0.16220096,0.3236271,0.20821251,0.284283,0.009610256
20031,2023-04-18,1,D0,2,D1,4,D3,False,0.012419787,0.14968976,0.31085986,0.21831407,0.28947416,0.019242436
20031,2023-04-25,1,D0,4,D3,4,D3,False,0.010439775,0.12183748,0.29030827,0.22663508,0.3056896,0.04508979
20031,2023-05-02,1,D0,4,D3,4,D3,False,0.007870328,0.08975001,0.25531226,0.23141102,0.31844857,0.09720774
20031,2023-05-09,1,D0,4,D3,4,D3,False,0.0066785375,0.07426,0.2330779,0.23050539,0.32148632,0.13399188
20031,2023-05-16,2,D1,4,D3,4,D3,False,0.008090212,0.07051825,0.21506093,0.21663663,0.30815935,0.18153456
20031,2023-05-23,2,D1,4,D3,4,D3,False,0.015441882,0.090446375,0.2397147,0.20971051,0.30452666,0.14015985
20031,2023-05-30,2,D1,4,D3,4,D3,False,0.025010068,0.12022793,0.2830192,0.21092597,0.30205554,0.05876133
20031,2023-06-06,2,D1,2,D1,4,D3,False,0.036405288,0.13613468,0.32684976,0.21661177,0.2731369,0.010861656
20031,2023-06-13,3,D2,2,D1,4,D3,False,0.037160695,0.13905752,0.34251568,0.2187309,0.2549865,0.007548775
20031,2023-06-20,3,D2,2,D1,4,D3,False,0.040468547,0.14945439,0.36686715,0.2220549,0.21723366,0.0039213505
20031,2023-06-27,3,D2,2,D1,4,D3,False,0.033575315,0.14315546,0.39096764,0.2340914,0.19581561,0.0023946015
20031,2023-07-04,4,D3,2,D1,4,D3,True,0.033936206,0.13506967,0.39736533,0.24074829,0.18820557,0.0046749245
20031,2023-07-11,4,D3,2,D1,4,D3,True,0.035203896,0.13103083,0.3733056,0.22844717,0.20943324,0.02257925
20031,2023-07-18,4,D3,2,D1,4,D3,True,0.03947163,0.13579097,0.349944,0.2138572,0.20841782,0.05251843
20031,2023-07-25,4,D3,5,D4,4,D3,True,0.04176424,0.11255077,0.18872164,0.15247147,0.2516035,0.25288835
20031,2023-08-01,4,D3,5,D4,4,D3,True,0.0338515,0.0757168,0.10159161,0.10813276,0.26809698,0.41261035
20031,2023-08-08,4,D3,5,D4,4,D3,True,0.0314739,0.055648282,0.066429764,0.085149705,0.26501986,0.4962784
20031,2023-08-15,4,D3,5,D4,4,D3,True,0.030702747,0.04584828,0.05037161,0.07651269,0.2646987,0.53186595
20031,2023-08-22,4,D3,5,D4,4,D3,True,0.032962877,0.045620468,0.04486468,0.07150761,0.2583275,0.5467169
20031,2023-08-29,4,D3,5,D4,4,D3,True,0.03491702,0.045592874,0.04359967,0.0710769,0.25877684,0.54603666
20031,2023-09-05,4,D3,5,D4,4,D3,True,0.042272333,0.054693673,0.04914713,0.07125662,0.24916093,0.5334693
20031,2023-09-12,4,D3,5,D4,4,D3,True,0.050967332,0.06662267,0.05883317,0.07683759,0.24683692,0.4999024
20031,2023-09-19,4,D3,5,D4,4,D3,True,0.049114257,0.06394284,0.054346126,0.07686277,0.26448953,0.4912445
20031,2023-09-26,4,D3,5,D4,4,D3,True,0.04924011,0.06811,0.059454557,0.09374875,0.29814267,0.43130395
20031,2023-10-03,4,D3,5,D4,4,D3,True,0.047572274,0.06951979,0.06373124,0.10952705,0.3222752,0.38737446
20031,2023-10-10,4,D3,5,D4,4,D3,True,0.050272238,0.075039454,0.07298781,0.12629838,0.3262197,0.3491823
20031,2023-10-17,4,D3,5,D4,4,D3,True,0.03493411,0.0663776,0.075099856,0.15626618,0.3231894,0.34413278
20031,2023-10-24,4,D3,5,D4,4,D3,True,0.027050434,0.068912484,0.08802908,0.17229983,0.3015971,0.34211114
20031,2023-10-31,3,D2,5,D4,4,D3,False,0.028184133,0.07896413,0.10713664,0.18907365,0.2916713,0.30497012
20031,2023-11-07,3,D2,4,D3,4,D3,False,0.032760814,0.10110871,0.13364452,0.20198742,0.27086234,0.25963628
20031,2023-11-14,3,D2,4,D3,4,D3,False,0.0353645,0.11492268,0.15089853,0.20628414,0.2620424,0.23048773
20031,2023-11-21,3,D2,4,D3,4,D3,False,0.0384696,0.14370042,0.17437759,0.21157049,0.26483727,0.16704457
20031,2023-11-28,3,D2,4,D3,4,D3,False,0.038634848,0.15946296,0.18994342,0.21138124,0.2725971,0.12798046
20031,2023-12-05,2,D1,4,D3,4,D3,False,0.035979267,0.16692132,0.19991878,0.21175654,0.2788683,0.10655574
20031,2023-12-12,2,D1,4,D3,4,D3,False,0.036877096,0.18148355,0.21969055,0.20271952,0.28984237,0.06938692
20031,2023-12-19,2,D1,4,D3,4,D3,False,0.045606516,0.1987048,0.24663305,0.18150543,0.3032539,0.024296269
20031,2023-12-26,1,D0,4,D3,4,D3,False,0.061068654,0.21725602,0.26727608,0.16513552,0.28267366,0.006590042
20031,2024-01-02,1,D0,2,D1,4,D3,False,0.07037276,0.22795364,0.27568588,0.15608902,0.26664698,0.0032516979
20031,2024-01-09,1,D0,2,D1,4,D3,False,0.11334586,0.2554585,0.27712715,0.13867794,0.21419999,0.0011906126
20031,2024-01-16,1,D0,2,D1,4,D3,False,0.13575575,0.2725045,0.27676427,0.13001764,0.18436435,0.0005935227
20031,2024-01-23,1,D0,2,D1,4,D3,False,0.12939769,0.2771965,0.28100118,0.12870792,0.18323568,0.0004610317
20031,2024-01-30,1,D0,1,D0,4,D3,False,0.15738003,0.2886542,0.27048534,0.12325053,0.15997471,0.00025513818
20031,2024-02-06,1,D0,1,D0,0,None,False,0.19975927,0.30053186,0.2517975,0.11445589,0.13330868,0.00014680433
20031,2024-02-13,1,D0,1,D0,0,None,False,0.20205902,0.30091503,0.25077382,0.115170054,0.13094397,0.00013814066
20031,2024-02-20,1,D0,1,D0,0,None,False,0.16571294,0.30589646,0.26381883,0.12399119,0.14045164,0.00012892735
20031,2024-02-27,1,D0,1,D0,0,None,False,0.1892027,0.30475655,0.26221275,0.12053373,0.12319011,0.00010420451
20031,2024-03-05,1,D0,1,D0,0,None,False,0.16667898,0.31203225,0.27789265,0.12833841,0.11495814,9.955669e-05
20031,2024-03-12,1,D0,1,D0,0,None,False,0.1648819,0.31975174,0.28590485,0.12913516,0.10023776,8.8623776e-05
20031,2024-03-19,1,D0,1,D0,0,None,False,0.1668893,0.32812503,0.29559758,0.12411316,0.08520616,6.878913e-05
20031,2024-03-26,1,D0,1,D0,0,None,False,0.15240358,0.3235751,0.31057367,0.12448838,0.08887229,8.6962275e-05
20031,2024-04-02,1,D0,2,D1,2,D1,False,0.10307061,0.3052541,0.3478985,0.14067158,0.102961145,0.00014402495
20031,2024-04-09,1,D0,2,D1,2,D1,False,0.04820237,0.25950933,0.37412006,0.17032167,0.14735216,0.000494366
20031,2024-04-16,2,D1,2,D1,2,D1,True,0.028101807,0.22923616,0.38080072,0.19214787,0.16843702,0.0012764194
20031,2024-04-23,2,D1,2,D1,4,D3,False,0.025747797,0.21081649,0.36316112,0.1983939,0.19866292,0.0032177845
20031,2024-04-30,0,None,2,D1,4,D3,False,0.030505868,0.19939055,0.33777955,0.19990523,0.22529075,0.0071280086
20031,2024-05-07,0,None,2,D1,4,D3,False,0.03702262,0.19708031,0.3290669,0.19734186,0.22927417,0.010214149
20031,2024-05-14,0,None,2,D1,4,D3,False,0.048731446,0.19792566,0.31834278,0.19022214,0.22945562,0.015322338
20031,2024-05-21,0,None,2,D1,4,D3,False,0.071799465,0.20586774,0.31753737,0.1800406,0.21399899,0.010755891
20031,2024-05-28,0,None,2,D1,4,D3,False,0.082413234,0.19753088,0.3100256,0.18269995,0.21148859,0.015841683
20031,2024-06-04,0,None,2,D1,4,D3,False,0.06149049,0.18111843,0.32494423,0.19859347,0.22216585,0.01168759
20031,2024-06-11,0,None,2,D1,4,D3,False,0.054608706,0.17657523,0.33450997,0.20578991,0.22046916,0.008047008
20031,2024-06-18,0,None,2,D1,4,D3,False,0.05539162,0.164275,0.3219753,0.21383482,0.2265217,0.01800151
20031,2024-06-25,0,None,2,D1,4,D3,False,0.05652831,0.152265,0.31728035,0.21560697,0.22485125,0.03346811
20031,2024-07-02,0,None,2,D1,4,D3,False,0.048259225,0.14117439,0.3212854,0.21966971,0.21531756,0.054293714
20031,2024-07-09,0,None,2,D1,4,D3,False,0.041172944,0.13137506,0.3089724,0.21216272,0.21388271,0.09243408
20031,2024-07-16,0,None,2,D1,4,D3,False,0.035906665,0.123261005,0.2941797,0.19766714,0.19208205,0.15690343
20031,2024-07-23,0,None,2,D1,4,D3,False,0.02827463,0.104397856,0.27331132,0.19227663,0.17388631,0.22785322
20031,2024-07-30,1,D0,5,D4,4,D3,False,0.023395242,0.09194236,0.24635667,0.18488905,0.1633046,0.29011217
20031,2024-08-06,1,D0,5,D4,4,D3,False,0.030062452,0.08294421,0.14490207,0.13541369,0.19814277,0.40853485
20031,2024-08-13,1,D0,5,D4,4,D3,False,0.027712695,0.05990889,0.08309963,0.10949733,0.25414124,0.46564025
20031,2024-08-20,1,D0,5,D4,4,D3,False,0.027676925,0.048635915,0.057825193,0.090914086,0.27750832,0.49743956
20031,2024-08-27,1,D0,5,D4,4,D3,False,0.027372377,0.041299272,0.045653317,0.08326876,0.2785405,0.5238658
20031,2024-09-03,1,D0,5,D4,4,D3,False,0.029441996,0.042725615,0.04448351,0.08536662,0.28032157,0.5176607
20031,2024-09-10,1,D0,5,D4,4,D3,False,0.026099645,0.03828961,0.04280114,0.09462834,0.29637662,0.5018047
20031,2024-09-17,0,None,5,D4,4,D3,False,0.021970088,0.034229644,0.041188963,0.11047656,0.31876174,0.473373
20031,2024-09-24,1,D0,5,D4,4,D3,False,0.015132397,0.025094382,0.033893593,0.12253686,0.32771486,0.47562784
20031,2024-10-01,1,D0,5,D4,4,D3,False,0.011687155,0.019989492,0.028298901,0.1259525,0.32916126,0.4849107
20031,2024-10-08,1,D0,5,D4,4,D3,False,0.0058438433,0.014372665,0.026495496,0.14634073,0.30938303,0.4975642
20031,2024-10-15,1,D0,5,D4,4,D3,False,0.004982234,0.011778555,0.026050832,0.15512751,0.30613753,0.49592334
20031,2024-10-22,2,D1,5,D4,4,D3,False,0.0045230263,0.010496686,0.02745748,0.16550557,0.30156118,0.4904561
20031,2024-10-29,2,D1,5,D4,4,D3,False,0.0042493884,0.010143838,0.030070284,0.1730869,0.30016777,0.48228174
20031,2024-11-05,1,D0,5,D4,4,D3,False,0.0050960165,0.012702041,0.036667027,0.17743221,0.2994716,0.46863103
20031,2024-11-12,1,D0,5,D4,4,D3,False,0.013248908,0.028988594,0.06881761,0.1798551,0.2996027,0.40948707
20031,2024-11-19,1,D0,5,D4,4,D3,False,0.024143225,0.048620757,0.10072672,0.16392495,0.31472734,0.34785697
20031,2024-11-26,1,D0,4,D3,4,D3,False,0.039224118,0.08218371,0.15586862,0.16220282,0.35482302,0.20569767
20031,2024-12-03,1,D0,4,D3,4,D3,False,0.047939457,0.10744474,0.19707958,0.1470471,0.38021916,0.12026996
20031,2024-12-10,1,D0,4,D3,4,D3,False,0.053698067,0.123189405,0.22040011,0.13991624,0.38663095,0.076165274
20031,2024-12-17,1,D0,4,D3,4,D3,False,0.0465894,0.12916173,0.22974874,0.14490494,0.38894987,0.06064531
20031,2024-12-24,1,D0,4,D3,4,D3,False,0.060391203,0.14430046,0.24570769,0.13110855,0.3851516,0.033340484
20031,2024-12-31,1,D0,4,D3,4,D3,False,0.06933704,0.15980314,0.2594543,0.12409119,0.37179598,0.015518437
20031,2025-01-07,1,D0,4,D3,4,D3,False,0.07765001,0.16904801,0.26856658,0.121095605,0.3544239,0.0092158625
20031,2025-01-14,1,D0,4,D3,4,D3,False,0.06684932,0.17983231,0.2735944,0.1251227,0.3476377,0.0069635576
20031,2025-01-21,1,D0,4,D3,4,D3,False,0.06293339,0.18609816,0.2767876,0.12643395,0.34115952,0.006587348
20031,2025-01-28,1,D0,4,D3,4,D3,False,0.057864938,0.19117361,0.28350735,0.12558933,0.3362142,0.005650638
20031,2025-02-04,1,D0,4,D3,4,D3,False,0.05446325,0.20078671,0.29146725,0.124050036,0.32560328,0.0036294789
20031,2025-02-11,1,D0,4,D3,4,D3,False,0.039654307,0.20528622,0.3020534,0.13354404,0.31658316,0.0028789889
20031,2025-02-18,1,D0,4,D3,4,D3,False,0.034054976,0.20267172,0.3065033,0.13770482,0.31627393,0.0027911859
20031,2025-02-25,1,D0,2,D1,4,D3,False,0.03261794,0.20985508,0.31674632,0.1372756,0.30167046,0.0018345496
20031,2025-03-04,1,D0,2,D1,4,D3,False,0.028631458,0.21065237,0.31874895,0.14468808,0.29510075,0.0021784208
20031,2025-03-11,1,D0,2,D1,4,D3,False,0.023139924,0.20493329,0.31546757,0.16119981,0.29170722,0.0035522524
20031,2025-03-18,1,D0,2,D1,4,D3,False,0.014947843,0.18596119,0.31884068,0.1800252,0.29460058,0.005624446
20031,2025-03-25,1,D0,2,D1,4,D3,False,0.012927134,0.17566875,0.3214552,0.19229555,0.29045033,0.0072030206
20031,2025-04-01,1,D0,2,D1,4,D3,False,0.014326907,0.1819103,0.33062917,0.1959079,0.2707705,0.0064552706
20031,2025-04-08,1,D0,2,D1,4,D3,False,0.016485756,0.18794623,0.33071035,0.20130342,0.25635982,0.007194421
20031,2025-04-15,1,D0,2,D1,4,D3,False,0.01973281,0.18405414,0.3244973,0.2048184,0.254294,0.012603311
20031,2025-04-22,0,None,2,D1,4,D3,False,0.022177208,0.1728626,0.31193838,0.2065889,0.26265177,0.02378123
20031,2025-04-29,0,None,2,D1,4,D3,False,0.037343726,0.18850693,0.3104739,0.19724195,0.24547862,0.020954939
20031,2025-05-06,1,D0,2,D1,4,D3,False,0.04038159,0.18589643,0.30739218,0.19635618,0.24472198,0.025251733
20031,2025-05-13,1,D0,2,D1,4,D3,False,0.05226122,0.18859279,0.30015218,0.1892019,0.2386838,0.031108106
20031,2025-05-20,1,D0,2,D1,4,D3,False,0.096829854,0.21060953,0.29866937,0.17146128,0.20854373,0.013886258
20031,2025-05-27,0,None,2,D1,4,D3,False,0.15185563,0.2284643,0.29965296,0.1519372,0.16164657,0.006443307
20031,2025-06-03,0,None,2,D1,4,D3,False,0.15383187,0.22064365,0.2976553,0.15466958,0.16419487,0.009004714
20031,2025-06-10,0,None,2,D1,4,D3,False,0.15377575,0.20927875,0.31316975,0.16044642,0.15555523,0.007774087
20031,2025-06-17,0,None,2,D1,0,None,True,0.19317445,0.21828,0.31427574,0.14035866,0.12528388,0.008627175
20031,2025-06-24,0,None,2,D1,0,None,True,0.20523949,0.2316862,0.323186,0.13006397,0.10405794,0.005766349
20031,2025-07-01,0,None,2,D1,0,None,True,0.23597355,0.2417568,0.31527326,0.11576442,0.08817939,0.003052529
20031,2025-07-08,0,None,2,D1,0,None,True,0.2087613,0.23900583,0.32208768,0.12706847,0.09854059,0.004536127
20031,2025-07-15,0,None,2,D1,0,None,True,0.23535493,0.24689287,0.29591265,0.11943117,0.09676913,0.005639233
20031,2025-07-22,0,None,0,None,0,None,True,0.27650023,0.25448108,0.27128127,0.11721309,0.07256035,0.007963973
20031,2025-07-29,0,None,0,None,0,None,True,0.33269212,0.25687492,0.23321334,0.094636895,0.060896076,0.021686621
20031,2025-08-05,0,None,0,None,0,None,True,0.2778002,0.25403336,0.21703878,0.08635727,0.07127234,0.09349807
20031,2025-08-12,0,None,5,D4,0,None,True,0.18302388,0.15262985,0.10999066,0.0660644,0.11355362,0.3747376
20031,2025-08-19,0,None,5,D4,5,D4,False,0.15807116,0.11779315,0.07071442,0.054113258,0.11145521,0.48785284
20031,2025-08-26,0,None,5,D4,5,D4,False,0.16457742,0.12157707,0.06564549,0.054694884,0.11427386,0.4792312
20031,2025-09-02,0,None,5,D4,0,None,True,0.22356685,0.1535831,0.07492314,0.058021966,0.099927716,0.38997722
20031,2025-09-09,0,None,5,D4,0,None,True,0.25592074,0.17257856,0.080055796,0.0593468,0.09142924,0.3406689
20031,2025-09-16,0,None,0,None,0,None,True,0.30831653,0.20065142,0.08608438,0.0603,0.07601391,0.26863378
20031,2025-09-23,0,None,0,None,0,None,True,0.35189527,0.21906748,0.086790115,0.0631071,0.0648777,0.21426238
20031,2025-09-30,0,None,0,None,0,None,True,0.3799496,0.23639047,0.08851061,0.06720326,0.057379406,0.17056654
20031,2025-10-07,0,None,0,None,0,None,True,0.37034473,0.29418758,0.12067405,0.096109435,0.044775233,0.073909014
20031,2025-10-14,1,D0,0,None,0,None,False,0.36746845,0.34200314,0.13561624,0.11378083,0.024271414,0.016859967
20031,2025-10-21,1,D0,1,D0,0,None,False,0.3729328,0.3731789,0.15148605,0.08960134,0.0103750825,0.002425812
20031,2025-10-28,1,D0,1,D0,0,None,False,0.32800394,0.40006584,0.19071995,0.07515832,0.005676984,0.00037492902
20031,2025-11-04,1,D0,1,D0,0,None,False,0.29277754,0.40290236,0.20419012,0.0927368,0.0070735943,0.00031958256
20031,2025-11-11,1,D0,1,D0,0,None,False,0.2667701,0.39990026,0.19589774,0.12608108,0.010824891,0.0005259154
20031,2025-11-18,1,D0,1,D0,0,None,False,0.28766868,0.40332654,0.18236227,0.117654055,0.008742328,0.00024615525
20031,2025-11-25,1,D0,1,D0,0,None,False,0.28197846,0.39660826,0.17423254,0.1362214,0.0107671395,0.00019226069
20031,2025-12-02,1,D0,1,D0,0,None,False,0.29178548,0.39229313,0.17498277,0.13134114,0.0095321555,6.52483e-05
20031,2025-12-09,1,D0,1,D0,0,None,False,0.22569016,0.3947413,0.19508815,0.17159158,0.01283061,5.8165755e-05
20031,2025-12-16,1,D0,1,D0,0,None,False,0.27937388,0.38736272,0.18882625,0.13433501,0.010081491,2.0644175e-05
20031,2025-12-23,1,D0,1,D0,0,None,False,0.21219265,0.39756095,0.204501,0.17296949,0.01275467,2.1143356e-05
20031,2025-12-30,1,D0,1,D0,0,None,False,0.17215541,0.40083432,0.21362218,0.1966613,0.016700383,2.6416676e-05
20033,2022-01-04,2,D1,1,D0,2,D1,True,0.06171479,0.32528162,0.25632498,0.24909037,0.10289962,0.0046886243
20033,2022-01-11,2,D1,1,D0,3,D2,False,0.054051228,0.32100716,0.25149396,0.25290075,0.115203224,0.0053436994
20033,2022-01-18,2,D1,1,D0,4,D3,False,0.04375985,0.30923012,0.25093034,0.2521218,0.13733117,0.0066267056
20033,2022-01-25,2,D1,1,D0,4,D3,False,0.03672972,0.3044396,0.259039,0.24170868,0.15128858,0.006794417
20033,2022-02-01,3,D2,1,D0,4,D3,False,0.029016966,0.2906035,0.27522957,0.22574311,0.17283235,0.006574529
20033,2022-02-08,3,D2,2,D1,4,D3,False,0.023486745,0.27400023,0.29080465,0.21263702,0.19267885,0.006392457
20033,2022-02-15,3,D2,2,D1,4,D3,False,0.019891758,0.2558538,0.3031212,0.20276971,0.21043861,0.007924956
20033,2022-02-22,3,D2,2,D1,4,D3,False,0.017641162,0.24399117,0.30719292,0.19994392,0.2216554,0.00957548
20033,2022-03-01,3,D2,2,D1,4,D3,False,0.017869283,0.22250997,0.29913676,0.19963633,0.23806539,0.022782242
20033,2022-03-08,3,D2,2,D1,4,D3,False,0.018517945,0.1995779,0.28769806,0.19901647,0.25168976,0.043499846
20033,2022-03-15,3,D2,2,D1,4,D3,False,0.018545747,0.18020412,0.28251892,0.20539667,0.2665869,0.04674763
20033,2022-03-22,3,D2,2,D1,4,D3,False,0.015536721,0.16154991,0.28032616,0.21446554,0.27487603,0.053245652
20033,2022-03-29,3,D2,4,D3,4,D3,False,0.01379514,0.12675072,0.25364053,0.21618423,0.29040727,0.099222064
20033,2022-04-05,3,D2,4,D3,4,D3,False,0.008341992,0.09178996,0.23459399,0.22887269,0.30457237,0.13182896
20033,2022-04-12,3,D2,4,D3,4,D3,False,0.0058923215,0.06825781,0.20942843,0.22810829,0.30948877,0.17882432
20033,2022-04-19,3,D2,4,D3,4,D3,False,0.0040678345,0.048714004,0.17490047,0.21893185,0.29896381,0.25442198
20033,2022-04-26,3,D2,5,D4,4,D3,False,0.0036582784,0.037854075,0.14551185,0.20096613,0.28141788,0.33059174
20033,2022-05-03,3,D2,5,D4,4,D3,False,0.0035181704,0.03551846,0.14279649,0.20046282,0.28005815,0.33764595
20033,2022-05-10,3,D2,5,D4,4,D3,False,0.004739675,0.04347411,0.15625945,0.19796263,0.27669775,0.32086647
20033,2022-05-17,3,D2,5,D4,4,D3,False,0.008167286,0.05540977,0.16748963,0.18892045,0.26826143,0.31175143
20033,2022-05-24,3,D2,4,D3,4,D3,False,0.018947303,0.09069582,0.23042294,0.1958515,0.2962964,0.16778597
20033,2022-05-31,3,D2,4,D3,4,D3,False,0.03285546,0.11557019,0.28721547,0.21236193,0.3004291,0.051567845
20033,2022-06-07,2,D1,2,D1,4,D3,False,0.030705366,0.121174,0.32857147,0.2322871,0.26949897,0.017763043
20033,2022-06-14,2,D1,2,D1,4,D3,False,0.03358504,0.12591586,0.32381997,0.23309216,0.23795965,0.045627303
20033,2022-06-21,2,D1,2,D1,4,D3,False,0.030342788,0.11279062,0.35438544,0.25121188,0.2003126,0.05095669
20033,2022-06-28,1,D0,2,D1,4,D3,False,0.034588914,0.10992844,0.34537446,0.2546436,0.17451224,0.080952294
20033,2022-07-05,1,D0,2,D1,2,D1,False,0.036637336,0.115806274,0.3791731,0.2599218,0.13699943,0.071462065
20033,2022-07-12,2,D1,2,D1,2,D1,True,0.03243281,0.11902598,0.39883772,0.25458968,0.10416189,0.090951905
20033,2022-07-19,2,D1,2,D1,2,D1,True,0.025832666,0.10500236,0.4242925,0.28426367,0.08894447,0.07166433
20033,2022-07-26,3,D2,2,D1,2,D1,False,0.025675971,0.1055557,0.45336348,0.2818718,0.07331038,0.060222626
20033,2022-08-02,3,D2,2,D1,2,D1,False,0.030532056,0.12050312,0.4596501,0.2601347,0.067224346,0.06195565
20033,2022-08-09,3,D2,2,D1,2,D1,False,0.033479907,0.1337543,0.44983068,0.24782252,0.064867795,0.07024485
20033,2022-08-16,3,D2,2,D1,2,D1,False,0.03591085,0.13959284,0.43775764,0.24074654,0.06467716,0.081315026
20033,2022-08-23,3,D2,2,D1,2,D1,False,0.038080208,0.13477178,0.42511392,0.23760399,0.06869928,0.095730804
20033,2022-08-30,3,D2,2,D1,2,D1,False,0.044653606,0.14380817,0.39950737,0.22407708,0.07387555,0.11407817
20033,2022-09-06,3,D2,5,D4,4,D3,False,0.044466015,0.102849685,0.19968858,0.16504748,0.15342428,0.334524
20033,2022-09-13,4,D3,5,D4,4,D3,True,0.03291975,0.066734806,0.10864724,0.14583628,0.23774253,0.40811938
20033,2022-09-20,4,D3,5,D4,4,D3,True,0.020572823,0.052779842,0.11306298,0.17652363,0.20979008,0.42727065
20033,2022-09-27,4,D3,5,D4,4,D3,True,0.015265433,0.03570189,0.0707192,0.1681815,0.26524547,0.44488654
20033,2022-10-04,4,D3,5,D4,4,D3,True,0.009866336,0.025050463,0.05710942,0.17047371,0.2683296,0.46917045
20033,2022-10-11,4,D3,5,D4,4,D3,True,0.008077225,0.018130204,0.0412044,0.17078725,0.28967002,0.47213086
20033,2022-10-18,4,D3,5,D4,4,D3,True,0.0070694787,0.016029779,0.043692667,0.1748272,0.28941196,0.46896896
20033,2022-10-25,5,D4,5,D4,4,D3,False,0.0073570777,0.014107116,0.03733984,0.17304578,0.30071634,0.4674339
20033,2022-11-01,5,D4,5,D4,4,D3,False,0.0076762373,0.015068799,0.041426856,0.17574629,0.30159903,0.45848277
20033,2022-11-08,5,D4,5,D4,4,D3,False,0.0092512565,0.018644786,0.047700364,0.17535393,0.3034644,0.44558522
20033,2022-11-15,5,D4,5,D4,4,D3,False,0.010091794,0.021983484,0.057345994,0.17890234,0.29824886,0.43342754
20033,2022-11-22,5,D4,5,D4,4,D3,False,0.010851009,0.024441782,0.06181244,0.17933089,0.29697803,0.42658582
20033,2022-11-29,5,D4,5,D4,4,D3,False,0.010966406,0.027383216,0.0691812,0.18195517,0.29972345,0.4107905
20033,2022-12-06,5,D4,5,D4,4,D3,False,0.0113004,0.031935964,0.07980986,0.18331671,0.30186123,0.39177582
20033,2022-12-13,5,D4,5,D4,4,D3,False,0.011036959,0.033910353,0.08613585,0.18482757,0.30347034,0.38061896
20033,2022-12-20,5,D4,5,D4,4,D3,False,0.012964164,0.046576332,0.112666205,0.18480366,0.31824118,0.3247485
20033,2022-12-27,5,D4,4,D3,4,D3,False,0.018657336,0.07147796,0.16311197,0.18425068,0.36273143,0.19977066
20033,2023-01-03,5,D4,4,D3,4,D3,False,0.027028492,0.1152638,0.23161641,0.1765433,0.38920513,0.06034294
20033,2023-01-10,5,D4,4,D3,4,D3,False,0.028747326,0.14305922,0.26002488,0.16911983,0.3750755,0.023973344
20033,2023-01-17,5,D4,4,D3,4,D3,False,0.034049604,0.16204253,0.27777433,0.15309434,0.36205053,0.010988662
20033,2023-01-24,5,D4,4,D3,4,D3,False,0.04678871,0.18515636,0.291845,0.13388278,0.33848435,0.003842818
20033,2023-01-31,5,D4,4,D3,4,D3,False,0.06262547,0.20831156,0.2994818,0.121988125,0.30617476,0.0014183869
20033,2023-02-07,5,D4,4,D3,4,D3,False,0.05257178,0.21391109,0.30042568,0.12869664,0.30292,0.0014747683
20033,2023-02-14,5,D4,2,D1,4,D3,False,0.04802812,0.21936508,0.30691773,0.1318096,0.29264283,0.0012366938
20033,2023-02-21,5,D4,2,D1,4,D3,False,0.049641725,0.22109742,0.3095241,0.13000545,0.28859386,0.001137513
20033,2023-02-28,5,D4,2,D1,4,D3,False,0.038682695,0.2169372,0.3151952,0.13874117,0.2890909,0.0013527691
20033,2023-03-07,5,D4,2,D1,4,D3,False,0.032937475,0.20840701,0.31902063,0.142124,0.29583642,0.0016745282
20033,2023-03-14,5,D4,2,D1,4,D3,False,0.032502547,0.21167545,0.32466358,0.14402024,0.28559935,0.0015388138
20033,2023-03-21,5,D4,2,D1,4,D3,False,0.031209148,0.21036983,0.32695296,0.14697042,0.2828102,0.0016874044
20033,2023-03-28,5,D4,2,D1,4,D3,False,0.019702988,0.19836245,0.33320192,0.16501497,0.2812961,0.002421579
20033,2023-04-04,5,D4,2,D1,4,D3,False,0.015401805,0.18431124,0.33034307,0.18081234,0.2845726,0.00455889
20033,2023-04-11,5,D4,2,D1,4,D3,False,0.012066101,0.16220096,0.3236271,0.20821251,0.284283,0.009610256
20033,2023-04-18,5,D4,2,D1,4,D3,False,0.012419787,0.14968976,0.31085986,0.21831407,0.28947416,0.019242436
20033,2023-04-25,5,D4,4,D3,4,D3,False,0.010439775,0.12183748,0.29030827,0.22663508,0.3056896,0.04508979
20033,2023-05-02,5,D4,4,D3,4,D3,False,0.007870328,0.08975001,0.25531226,0.23141102,0.31844857,0.09720774
20033,2023-05-09,5,D4,4,D3,4,D3,False,0.0066785375,0.07426,0.2330779,0.23050539,0.32148632,0.13399188
20033,2023-05-16,5,D4,4,D3,4,D3,False,0.008090212,0.07051825,0.21506093,0.21663663,0.30815935,0.18153456
20033,2023-05-23,5,D4,4,D3,4,D3,False,0.015441882,0.090446375,0.2397147,0.20971051,0.30452666,0.14015985
20033,2023-05-30,5,D4,4,D3,4,D3,False,0.025010068,0.12022793,0.2830192,0.21092597,0.30205554,0.05876133
20033,2023-06-06,4,D3,2,D1,4,D3,True,0.036405288,0.13613468,0.32684976,0.21661177,0.2731369,0.010861656
20033,2023-06-13,4,D3,2,D1,4,D3,True,0.037160695,0.13905752,0.34251568,0.2187309,0.2549865,0.007548775
20033,2023-06-20,3,D2,2,D1,4,D3,False,0.040468547,0.14945439,0.36686715,0.2220549,0.21723366,0.0039213505
20033,2023-06-27,3,D2,2,D1,4,D3,False,0.033575315,0.14315546,0.39096764,0.2340914,0.19581561,0.0023946015
20033,2023-07-04,3,D2,2,D1,4,D3,False,0.033936214,0.13506965,0.3973653,0.24074829,0.18820558,0.0046749287
20033,2023-07-11,3,D2,2,D1,4,D3,False,0.0352039,0.13103081,0.37330562,0.2284472,0.20943324,0.02257923
20033,2023-07-18,3,D2,2,D1,4,D3,False,0.03947163,0.13579097,0.349944,0.2138572,0.20841782,0.05251843
20033,2023-07-25,2,D1,5,D4,4,D3,False,0.04176424,0.11255077,0.18872164,0.15247147,0.2516035,0.25288835
20033,2023-08-01,2,D1,5,D4,4,D3,False,0.0338515,0.0757168,0.10159161,0.10813276,0.26809698,0.41261035
20033,2023-08-08,1,D0,5,D4,4,D3,False,0.0314739,0.055648282,0.066429764,0.085149705,0.26501986,0.4962784
20033,2023-08-15,1,D0,5,D4,4,D3,False,0.030702747,0.04584828,0.05037161,0.07651269,0.2646987,0.53186595
20033,2023-08-22,1,D0,5,D4,4,D3,False,0.032962877,0.045620468,0.04486468,0.07150761,0.2583275,0.5467169
20033,2023-08-29,1,D0,5,D4,4,D3,False,0.03491702,0.045592874,0.04359967,0.0710769,0.25877684,0.54603666
20033,2023-09-05,2,D1,5,D4,4,D3,False,0.042272333,0.054693673,0.04914713,0.07125662,0.24916093,0.5334693
20033,2023-09-12,2,D1,5,D4,4,D3,False,0.050967332,0.06662267,0.05883317,0.07683759,0.24683692,0.4999024
20033,2023-09-19,1,D0,5,D4,4,D3,False,0.049114257,0.06394284,0.054346126,0.07686277,0.26448953,0.4912445
20033,2023-09-26,1,D0,5,D4,4,D3,False,0.04924011,0.06811,0.059454557,0.09374875,0.29814267,0.43130395
20033,2023-10-03,1,D0,5,D4,4,D3,False,0.047572274,0.06951979,0.06373124,0.10952705,0.3222752,0.38737446
20033,2023-10-10,1,D0,5,D4,4,D3,False,0.050272238,0.075039454,0.07298781,0.12629838,0.3262197,0.3491823
20033,2023-10-17,1,D0,5,D4,4,D3,False,0.03493411,0.0663776,0.075099856,0.15626618,0.3231894,0.34413278
20033,2023-10-24,1,D0,5,D4,4,D3,False,0.027050434,0.068912484,0.08802908,0.17229983,0.3015971,0.34211114
20033,2023-10-31,1,D0,5,D4,4,D3,False,0.028184121,0.07896411,0.10713663,0.18907368,0.29167134,0.3049702
20033,2023-11-07,1,D0,4,D3,4,D3,False,0.032760818,0.10110872,0.13364454,0.2019874,0.2708623,0.2596362
20033,2023-11-14,1,D0,4,D3,4,D3,False,0.0353645,0.11492268,0.15089853,0.20628414,0.2620424,0.23048773
20033,2023-11-21,1,D0,4,D3,4,D3,False,0.0384696,0.14370042,0.17437759,0.21157049,0.26483727,0.16704457
20033,2023-11-28,1,D0,4,D3,4,D3,False,0.038634848,0.15946296,0.18994342,0.21138124,0.2725971,0.12798046
20033,2023-12-05,1,D0,4,D3,4,D3,False,0.035979267,0.16692132,0.19991878,0.21175654,0.2788683,0.10655574
20033,2023-12-12,1,D0,4,D3,4,D3,False,0.036877096,0.18148355,0.21969055,0.20271952,0.28984237,0.06938692
20033,2023-12-19,1,D0,4,D3,4,D3,False,0.045606516,0.1987048,0.24663305,0.18150543,0.3032539,0.024296269
20033,2023-12-26,1,D0,4,D3,4,D3,False,0.061068654,0.21725602,0.26727608,0.16513552,0.28267366,0.006590042
20033,2024-01-02,1,D0,2,D1,4,D3,False,0.07037276,0.22795364,0.27568588,0.15608902,0.26664698,0.0032516979
20033,2024-01-09,0,None,2,D1,4,D3,False,0.11334586,0.2554585,0.27712715,0.13867794,0.21419999,0.0011906126
20033,2024-01-16,0,None,2,D1,4,D3,False,0.13575575,0.2725045,0.27676427,0.13001764,0.18436435,0.0005935227
20033,2024-01-23,0,None,2,D1,4,D3,False,0.12939769,0.2771965,0.28100118,0.12870792,0.18323568,0.0004610317
20033,2024-01-30,0,None,1,D0,4,D3,False,0.15738003,0.2886542,0.27048534,0.12325053,0.15997471,0.00025513818
20033,2024-02-06,0,None,1,D0,0,None,True,0.19975927,0.30053186,0.2517975,0.11445589,0.13330868,0.00014680433
20033,2024-02-13,0,None,1,D0,0,None,True,0.20205902,0.30091503,0.25077382,0.115170054,0.130944,0.00013814066
20033,2024-02-20,0,None,1,D0,0,None,True,0.16571291,0.30589634,0.2638189,0.123991154,0.14045171,0.00012892748
20033,2024-02-27,0,None,1,D0,0,None,True,0.1892027,0.30475655,0.26221275,0.12053373,0.12319011,0.00010420451
20033,2024-03-05,0,None,1,D0,0,None,True,0.16667898,0.31203225,0.27789265,0.12833841,0.11495814,9.955669e-05
20033,2024-03-12,1,D0,1,D0,0,None,False,0.1648819,0.31975174,0.28590485,0.12913516,0.10023776,8.8623776e-05
20033,2024-03-19,1,D0,1,D0,0,None,False,0.1668893,0.32812503,0.29559758,0.12411316,0.08520616,6.878913e-05
20033,2024-03-26,1,D0,1,D0,0,None,False,0.15240358,0.3235751,0.31057367,0.12448838,0.08887229,8.6962275e-05
20033,2024-04-02,1,D0,2,D1,2,D1,False,0.10307061,0.3052541,0.3478985,0.14067158,0.102961145,0.00014402495
20033,2024-04-09,1,D0,2,D1,2,D1,False,0.04820237,0.25950933,0.37412006,0.17032167,0.14735216,0.000494366
20033,2024-04-16,2,D1,2,D1,2,D1,True,0.028101807,0.22923616,0.38080072,0.19214787,0.16843702,0.0012764194
20033,2024-04-23,2,D1,2,D1,4,D3,False,0.025747797,0.21081649,0.36316112,0.1983939,0.19866292,0.0032177845
20033,2024-04-30,3,D2,2,D1,4,D3,False,0.030505868,0.19939055,0.33777955,0.19990523,0.22529075,0.0071280086
20033,2024-05-07,3,D2,2,D1,4,D3,False,0.03702262,0.19708031,0.3290669,0.19734186,0.22927417,0.010214149
20033,2024-05-14,3,D2,2,D1,4,D3,False,0.048731446,0.19792566,0.31834278,0.19022214,0.22945562,0.015322338
20033,2024-05-21,3,D2,2,D1,4,D3,False,0.071799465,0.20586774,0.31753737,0.1800406,0.21399899,0.010755891
20033,2024-05-28,3,D2,2,D1,4,D3,False,0.082413234,0.19753088,0.3100256,0.18269995,0.21148859,0.015841683
20033,2024-06-04,2,D1,2,D1,4,D3,False,0.06149049,0.18111843,0.32494423,0.19859347,0.22216585,0.01168759
20033,2024-06-11,2,D1,2,D1,4,D3,False,0.054608688,0.17657523,0.33450997,0.20578995,0.22046918,0.00804701
20033,2024-06-18,2,D1,2,D1,4,D3,False,0.055391617,0.164275,0.32197532,0.21383484,0.22652172,0.018001506
20033,2024-06-25,2,D1,2,D1,4,D3,False,0.05652831,0.152265,0.31728035,0.21560697,0.22485125,0.03346811
20033,2024-07-02,1,D0,2,D1,4,D3,False,0.048259225,0.14117439,0.3212854,0.21966971,0.21531756,0.054293714
20033,2024-07-09,1,D0,2,D1,4,D3,False,0.041172944,0.13137506,0.3089724,0.21216272,0.21388271,0.09243408
20033,2024-07-16,1,D0,2,D1,4,D3,False,0.035906665,0.123261005,0.2941797,0.19766714,0.19208205,0.15690343
20033,2024-07-23,1,D0,2,D1,4,D3,False,0.02827463,0.104397856,0.27331132,0.19227663,0.17388631,0.22785322
20033,2024-07-30,1,D0,5,D4,4,D3,False,0.023395242,0.09194236,0.24635667,0.18488905,0.1633046,0.29011217
20033,2024-08-06,1,D0,5,D4,4,D3,False,0.030062452,0.08294421,0.14490207,0.13541369,0.19814277,0.40853485
20033,2024-08-13,1,D0,5,D4,4,D3,False,0.027712695,0.05990889,0.08309963,0.10949733,0.25414124,0.46564025
20033,2024-08-20,1,D0,5,D4,4,D3,False,0.027676925,0.048635915,0.057825193,0.090914086,0.27750832,0.49743956
20033,2024-08-27,1,D0,5,D4,4,D3,False,0.027372377,0.041299272,0.045653317,0.08326876,0.2785405,0.5238658
20033,2024-09-03,1,D0,5,D4,4,D3,False,0.029441996,0.042725615,0.04448351,0.08536662,0.28032157,0.5176607
20033,2024-09-10,1,D0,5,D4,4,D3,False,0.026099645,0.03828961,0.04280114,0.09462834,0.29637662,0.5018047
20033,2024-09-17,1,D0,5,D4,4,D3,False,0.021970088,0.034229644,0.041188963,0.11047656,0.31876174,0.473373
20033,2024-09-24,0,None,5,D4,4,D3,False,0.015132397,0.025094377,0.03389358,0.12253686,0.32771495,0.47562784
20033,2024-10-01,0,None,5,D4,4,D3,False,0.011687155,0.019989492,0.028298909,0.1259525,0.32916126,0.4849107
20033,2024-10-08,0,None,5,D4,4,D3,False,0.0058438433,0.014372665,0.026495496,0.14634073,0.30938303,0.4975642
20033,2024-10-15,0,None,5,D4,4,D3,False,0.004982234,0.011778555,0.026050832,0.15512751,0.30613753,0.49592334
20033,2024-10-22,0,None,5,D4,4,D3,False,0.0045230263,0.010496686,0.02745748,0.16550557,0.30156118,0.4904561
20033,2024-10-29,1,D0,5,D4,4,D3,False,0.0042493884,0.010143838,0.030070284,0.1730869,0.30016777,0.48228174
20033,2024-11-05,1,D0,5,D4,4,D3,False,0.0050960165,0.012702041,0.036667027,0.17743221,0.2994716,0.46863103
20033,2024-11-12,0,None,5,D4,4,D3,False,0.013248908,0.028988594,0.06881761,0.1798551,0.2996027,0.40948707
20033,2024-11-19,0,None,5,D4,4,D3,False,0.024143225,0.048620757,0.10072672,0.16392495,0.31472734,0.34785697
20033,2024-11-26,0,None,4,D3,4,D3,False,0.039224118,0.08218371,0.15586862,0.16220282,0.35482302,0.20569767
20033,2024-12-03,0,None,4,D3,4,D3,False,0.047939457,0.10744474,0.19707958,0.1470471,0.38021916,0.12026996
20033,2024-12-10,0,None,4,D3,4,D3,False,0.053698067,0.123189405,0.22040011,0.13991624,0.38663095,0.076165274
20033,2024-12-17,0,None,4,D3,4,D3,False,0.0465894,0.12916173,0.22974874,0.14490494,0.38894987,0.06064531
20033,2024-12-24,0,None,4,D3,4,D3,False,0.060391203,0.14430046,0.24570769,0.13110855,0.3851516,0.033340484
20033,2024-12-31,0,None,4,D3,4,D3,False,0.06933704,0.15980314,0.2594543,0.12409119,0.37179598,0.015518437
20033,2025-01-07,0,None,4,D3,4,D3,False,0.07765001,0.16904801,0.26856658,0.121095605,0.3544239,0.0092158625
20033,2025-01-14,0,None,4,D3,4,D3,False,0.06684932,0.17983231,0.2735944,0.1251227,0.3476377,0.0069635576
20033,2025-01-21,0,None,4,D3,4,D3,False,0.06293338,0.18609816,0.27678758,0.12643394,0.34115952,0.0065873447
20033,2025-01-28,0,None,4,D3,4,D3,False,0.05786495,0.19117358,0.2835073,0.12558931,0.33621427,0.005650639
20033,2025-02-04,0,None,4,D3,4,D3,False,0.05446325,0.20078671,0.29146725,0.124050036,0.32560328,0.0036294789
20033,2025-02-11,0,None,4,D3,4,D3,False,0.039654307,0.20528622,0.3020534,0.13354404,0.31658316,0.0028789889
20033,2025-02-18,0,None,4,D3,4,D3,False,0.034054976,0.20267172,0.3065033,0.13770482,0.31627393,0.0027911859
20033,2025-02-25,0,None,2,D1,4,D3,False,0.03261794,0.20985508,0.31674632,0.1372756,0.30167046,0.0018345496
20033,2025-03-04,1,D0,2,D1,4,D3,False,0.028631458,0.21065237,0.31874895,0.14468808,0.29510075,0.0021784208
20033,2025-03-11,2,D1,2,D1,4,D3,False,0.023139924,0.20493329,0.31546757,0.16119981,0.29170722,0.0035522524
20033,2025-03-18,3,D2,2,D1,4,D3,False,0.014947843,0.18596119,0.31884068,0.1800252,0.29460058,0.005624446
20033,2025-03-25,3,D2,2,D1,4,D3,False,0.012927134,0.17566875,0.3214552,0.19229555,0.29045033,0.0072030206
20033,2025-04-01,3,D2,2,D1,4,D3,False,0.014326907,0.1819103,0.33062917,0.1959079,0.2707705,0.0064552706
20033,2025-04-08,3,D2,2,D1,4,D3,False,0.016485756,0.18794623,0.33071035,0.20130342,0.25635982,0.007194421
20033,2025-04-15,3,D2,2,D1,4,D3,False,0.01973281,0.18405414,0.3244973,0.2048184,0.254294,0.012603311
20033,2025-04-22,2,D1,2,D1,4,D3,False,0.022177208,0.1728626,0.31193838,0.2065889,0.26265177,0.02378123
20033,2025-04-29,2,D1,2,D1,4,D3,False,0.037343726,0.18850693,0.3104739,0.19724195,0.24547862,0.020954939
20033,2025-05-06,2,D1,2,D1,4,D3,False,0.0403816,0.18589643,0.30739218,0.19635616,0.24472198,0.02525173
20033,2025-05-13,2,D1,2,D1,4,D3,False,0.052261207,0.18859279,0.3001522,0.18920194,0.23868383,0.031108115
20033,2025-05-20,2,D1,2,D1,4,D3,False,0.096829854,0.21060953,0.29866937,0.17146128,0.20854373,0.013886258
20033,2025-05-27,1,D0,2,D1,4,D3,False,0.15185563,0.2284643,0.29965296,0.1519372,0.16164657,0.006443307
20033,2025-06-03,1,D0,2,D1,4,D3,False,0.15383187,0.22064365,0.2976553,0.15466958,0.16419487,0.009004714
20033,2025-06-10,0,None,2,D1,4,D3,False,0.15377575,0.20927875,0.31316975,0.16044642,0.15555523,0.007774087
20033,2025-06-17,0,None,2,D1,0,None,True,0.19317445,0.21828,0.31427574,0.14035866,0.12528388,0.008627175
20033,2025-06-24,0,None,2,D1,0,None,True,0.20523949,0.2316862,0.323186,0.13006397,0.10405794,0.005766349
20033,2025-07-01,0,None,2,D1,0,None,True,0.23597355,0.2417568,0.31527326,0.11576442,0.08817939,0.003052529
20033,2025-07-08,0,None,2,D1,0,None,True,0.2087613,0.23900583,0.32208768,0.12706847,0.09854059,0.004536127
20033,2025-07-15,0,None,2,D1,0,None,True,0.23535493,0.24689287,0.29591265,0.11943117,0.09676913,0.005639233
20033,2025-07-22,0,None,0,None,0,None,True,0.27650023,0.25448108,0.27128127,0.11721309,0.07256035,0.007963973
20033,2025-07-29,0,None,0,None,0,None,True,0.33269212,0.25687492,0.23321334,0.094636895,0.060896076,0.021686621
20033,2025-08-05,0,None,0,None,0,None,True,0.2778002,0.25403336,0.21703878,0.08635727,0.07127234,0.09349807
20033,2025-08-12,0,None,5,D4,0,None,True,0.18302388,0.15262985,0.10999066,0.0660644,0.11355362,0.3747376
20033,2025-08-19,0,None,5,D4,5,D4,False,0.15807116,0.11779315,0.07071442,0.054113258,0.11145521,0.48785284
20033,2025-08-26,0,None,5,D4,5,D4,False,0.16457742,0.12157707,0.06564549,0.054694884,0.11427386,0.4792312
20033,2025-09-02,0,None,5,D4,0,None,True,0.22356679,0.15358305,0.074923135,0.058021978,0.09992772,0.38997728
20033,2025-09-09,0,None,5,D4,0,None,True,0.2559208,0.1725786,0.08005582,0.059346803,0.09142923,0.3406688
20033,2025-09-16,0,None,0,None,0,None,True,0.30831653,0.20065142,0.08608438,0.0603,0.07601391,0.26863378
20033,2025-09-23,0,None,0,None,0,None,True,0.35189527,0.21906748,0.086790115,0.0631071,0.0648777,0.21426238
20033,2025-09-30,0,None,0,None,0,None,True,0.3799496,0.23639047,0.08851061,0.06720326,0.057379406,0.17056654
20033,2025-10-07,0,None,0,None,0,None,True,0.37034473,0.29418758,0.12067405,0.096109435,0.044775233,0.073909014
20033,2025-10-14,0,None,0,None,0,None,True,0.36746845,0.34200314,0.13561624,0.11378083,0.024271414,0.016859967
20033,2025-10-21,0,None,1,D0,0,None,True,0.3729328,0.3731789,0.15148605,0.08960134,0.0103750825,0.002425812
20033,2025-10-28,0,None,1,D0,0,None,True,0.32800394,0.40006584,0.19071995,0.07515832,0.005676984,0.00037492902
20033,2025-11-04,0,None,1,D0,0,None,True,0.29277754,0.40290236,0.20419012,0.0927368,0.0070735943,0.00031958256
20033,2025-11-11,0,None,1,D0,0,None,True,0.2667701,0.39990026,0.19589774,0.12608108,0.010824891,0.0005259154
20033,2025-11-18,0,None,1,D0,0,None,True,0.28766868,0.40332654,0.18236227,0.117654055,0.008742328,0.00024615525
20033,2025-11-25,0,None,1,D0,0,None,True,0.28197846,0.39660826,0.17423254,0.1362214,0.0107671395,0.00019226069
20033,2025-12-02,0,None,1,D0,0,None,True,0.29178548,0.39229313,0.17498277,0.13134114,0.0095321555,6.52483e-05
20033,2025-12-09,0,None,1,D0,0,None,True,0.22569016,0.3947413,0.19508815,0.17159158,0.01283061,5.8165755e-05
20033,2025-12-16,0,None,1,D0,0,None,True,0.27937385,0.38736266,0.18882631,0.134335,0.010081495,2.0644191e-05
20033,2025-12-23,0,None,1,D0,0,None,True,0.21219265,0.39756095,0.20450105,0.17296949,0.01275467,2.1143356e-05
20033,2025-12-30,0,None,1,D0,0,None,True,0.17215541,0.40083432,0.21362218,0.1966613,0.016700383,2.6416676e-05
20035,2022-01-04,1,D0,1,D0,2,D1,False,0.06171479,0.32528162,0.25632498,0.24909037,0.10289962,0.0046886243
20035,2022-01-11,2,D1,1,D0,3,D2,False,0.054051228,0.32100716,0.25149396,0.25290075,0.115203224,0.0053436994
20035,2022-01-18,2,D1,1,D0,4,D3,False,0.04375985,0.30923012,0.25093034,0.2521218,0.13733117,0.0066267056
20035,2022-01-25,2,D1,1,D0,4,D3,False,0.03672972,0.3044396,0.259039,0.24170868,0.15128858,0.006794417
20035,2022-02-01,2,D1,1,D0,4,D3,False,0.029016966,0.2906035,0.27522957,0.22574311,0.17283235,0.006574529
20035,2022-02-08,2,D1,2,D1,4,D3,False,0.023486745,0.27400023,0.29080465,0.21263702,0.19267885,0.006392457
20035,2022-02-15,2,D1,2,D1,4,D3,False,0.019891758,0.2558538,0.3031212,0.20276971,0.21043861,0.007924956
20035,2022-02-22,2,D1,2,D1,4,D3,False,0.017641162,0.24399117,0.30719292,0.19994392,0.2216554,0.00957548
20035,2022-03-01,2,D1,2,D1,4,D3,False,0.017869283,0.22250997,0.29913676,0.19963633,0.23806539,0.022782242
20035,2022-03-08,2,D1,2,D1,4,D3,False,0.018517945,0.1995779,0.28769806,0.19901647,0.25168976,0.043499846
20035,2022-03-15,2,D1,2,D1,4,D3,False,0.018545747,0.18020412,0.28251892,0.20539667,0.2665869,0.04674763
20035,2022-03-22,1,D0,2,D1,4,D3,False,0.015536721,0.16154991,0.28032616,0.21446554,0.27487603,0.053245652
20035,2022-03-29,0,None,4,D3,4,D3,False,0.01379514,0.12675072,0.25364053,0.21618423,0.29040727,0.099222064
20035,2022-04-05,0,None,4,D3,4,D3,False,0.008341992,0.09178996,0.23459399,0.22887269,0.30457237,0.13182896
20035,2022-04-12,0,None,4,D3,4,D3,False,0.0058923215,0.0682578,0.20942841,0.22810829,0.30948877,0.17882441
20035,2022-04-19,0,None,4,D3,4,D3,False,0.0040678373,0.04871401,0.17490049,0.21893188,0.29896384,0.25442195
20035,2022-04-26,1,D0,5,D4,4,D3,False,0.0036582784,0.037854075,0.14551185,0.20096613,0.28141788,0.33059174
20035,2022-05-03,0,None,5,D4,4,D3,False,0.0035181704,0.03551846,0.14279649,0.20046282,0.28005815,0.33764595
20035,2022-05-10,0,None,5,D4,4,D3,False,0.004739675,0.04347411,0.15625945,0.19796263,0.27669775,0.32086647
20035,2022-05-17,0,None,5,D4,4,D3,False,0.008167286,0.05540977,0.16748963,0.18892045,0.26826143,0.31175143
20035,2022-05-24,0,None,4,D3,4,D3,False,0.018947303,0.09069582,0.23042294,0.1958515,0.2962964,0.16778597
20035,2022-05-31,0,None,4,D3,4,D3,False,0.03285546,0.11557019,0.28721547,0.21236193,0.3004291,0.051567845
20035,2022-06-07,0,None,2,D1,4,D3,False,0.030705366,0.121174,0.32857147,0.2322871,0.26949897,0.017763043
20035,2022-06-14,0,None,2,D1,4,D3,False,0.03358504,0.12591586,0.32381997,0.23309216,0.23795965,0.045627303
20035,2022-06-21,0,None,2,D1,4,D3,False,0.030342788,0.11279062,0.35438544,0.25121188,0.2003126,0.05095669
20035,2022-06-28,0,None,2,D1,4,D3,False,0.034588914,0.10992844,0.34537446,0.2546436,0.17451224,0.080952294
20035,2022-07-05,0,None,2,D1,2,D1,False,0.036637336,0.115806274,0.3791731,0.2599218,0.13699943,0.071462065
20035,2022-07-12,0,None,2,D1,2,D1,False,0.03243281,0.11902598,0.39883772,0.25458968,0.10416189,0.090951905
20035,2022-07-19,1,D0,2,D1,2,D1,False,0.025832666,0.10500236,0.4242925,0.28426367,0.08894447,0.07166433
20035,2022-07-26,2,D1,2,D1,2,D1,True,0.025675984,0.10555572,0.45336348,0.2818718,0.07331038,0.060222585
20035,2022-08-02,3,D2,2,D1,2,D1,False,0.030532068,0.120503135,0.4596501,0.26013476,0.067224346,0.061955635
20035,2022-08-09,3,D2,2,D1,2,D1,False,0.033479907,0.1337543,0.44983068,0.24782252,0.064867795,0.07024485
20035,2022-08-16,3,D2,2,D1,2,D1,False,0.03591085,0.13959284,0.43775764,0.24074654,0.06467716,0.081315026
20035,2022-08-23,3,D2,2,D1,2,D1,False,0.038080208,0.13477178,0.42511392,0.23760399,0.06869928,0.095730804
20035,2022-08-30,4,D3,2,D1,2,D1,False,0.044653606,0.14380817,0.39950737,0.22407708,0.07387555,0.11407817
20035,2022-09-06,4,D3,5,D4,4,D3,True,0.044466015,0.102849685,0.19968858,0.16504748,0.15342428,0.334524
20035,2022-09-13,4,D3,5,D4,4,D3,True,0.03291975,0.066734806,0.10864724,0.14583628,0.23774253,0.40811938
20035,2022-09-20,4,D3,5,D4,4,D3,True,0.020572823,0.052779842,0.11306298,0.17652363,0.20979008,0.42727065
20035,2022-09-27,5,D4,5,D4,4,D3,False,0.015265433,0.03570189,0.0707192,0.1681815,0.26524547,0.44488654
20035,2022-10-04,5,D4,5,D4,4,D3,False,0.009866336,0.025050463,0.05710942,0.17047371,0.2683296,0.46917045
20035,2022-10-11,5,D4,5,D4,4,D3,False,0.008077225,0.018130204,0.0412044,0.17078725,0.28967002,0.47213086
20035,2022-10-18,5,D4,5,D4,4,D3,False,0.0070694787,0.016029779,0.043692667,0.1748272,0.28941196,0.46896896
20035,2022-10-25,5,D4,5,D4,4,D3,False,0.0073570777,0.014107116,0.03733984,0.17304578,0.30071634,0.4674339
20035,2022-11-01,5,D4,5,D4,4,D3,False,0.0076762373,0.015068799,0.041426856,0.17574629,0.30159903,0.45848277
20035,2022-11-08,5,D4,5,D4,4,D3,False,0.0092512565,0.018644786,0.047700364,0.17535393,0.3034644,0.44558522
20035,2022-11-15,5,D4,5,D4,4,D3,False,0.010091794,0.021983484,0.057345994,0.17890234,0.29824886,0.43342754
20035,2022-11-22,5,D4,5,D4,4,D3,False,0.010851009,0.024441784,0.06181244,0.17933087,0.29697803,0.42658585
20035,2022-11-29,5,D4,5,D4,4,D3,False,0.010966407,0.027383214,0.06918119,0.18195519,0.29972345,0.41079056
20035,2022-12-06,5,D4,5,D4,4,D3,False,0.0113004,0.031935964,0.07980986,0.18331671,0.30186123,0.39177582
20035,2022-12-13,5,D4,5,D4,4,D3,False,0.011036959,0.033910353,0.08613585,0.18482757,0.30347034,0.38061896
20035,2022-12-20,5,D4,5,D4,4,D3,False,0.012964164,0.046576332,0.112666205,0.18480366,0.31824118,0.3247485
20035,2022-12-27,5,D4,4,D3,4,D3,False,0.018657336,0.07147796,0.16311197,0.18425068,0.36273143,0.19977066
20035,2023-01-03,5,D4,4,D3,4,D3,False,0.027028492,0.1152638,0.23161641,0.1765433,0.38920513,0.06034294
20035,2023-01-10,5,D4,4,D3,4,D3,False,0.028747326,0.14305922,0.26002488,0.16911983,0.3750755,0.023973344
20035,2023-01-17,5,D4,4,D3,4,D3,False,0.034049604,0.16204253,0.27777433,0.15309434,0.36205053,0.010988662
20035,2023-01-24,5,D4,4,D3,4,D3,False,0.04678871,0.18515636,0.291845,0.13388278,0.33848435,0.003842818
20035,2023-01-31,5,D4,4,D3,4,D3,False,0.06262547,0.20831156,0.2994818,0.121988125,0.30617476,0.0014183869
20035,2023-02-07,5,D4,4,D3,4,D3,False,0.05257178,0.21391109,0.30042568,0.12869664,0.30292,0.0014747683
20035,2023-02-14,5,D4,2,D1,4,D3,False,0.04802812,0.21936508,0.30691773,0.1318096,0.29264283,0.0012366938
20035,2023-02-21,5,D4,2,D1,4,D3,False,0.049641725,0.22109742,0.3095241,0.13000545,0.28859386,0.001137513
20035,2023-02-28,5,D4,2,D1,4,D3,False,0.038682695,0.2169372,0.3151952,0.13874117,0.2890909,0.0013527691
20035,2023-03-07,5,D4,2,D1,4,D3,False,0.03293747,0.20840704,0.3190206,0.14212406,0.2958364,0.0016745296
20035,2023-03-14,5,D4,2,D1,4,D3,False,0.032502532,0.21167545,0.32466358,0.14402024,0.28559935,0.0015388131
20035,2023-03-21,5,D4,2,D1,4,D3,False,0.031209148,0.21036983,0.32695296,0.14697042,0.2828102,0.0016874044
20035,2023-03-28,5,D4,2,D1,4,D3,False,0.019702988,0.19836245,0.33320192,0.16501497,0.2812961,0.002421579
20035,2023-04-04,5,D4,2,D1,4,D3,False,0.015401805,0.18431124,0.33034307,0.18081234,0.2845726,0.00455889
20035,2023-04-11,5,D4,2,D1,4,D3,False,0.012066101,0.16220096,0.3236271,0.20821251,0.284283,0.009610256
20035,2023-04-18,5,D4,2,D1,4,D3,False,0.012419787,0.14968976,0.31085986,0.21831407,0.28947416,0.019242436
20035,2023-04-25,5,D4,4,D3,4,D3,False,0.010439775,0.12183748,0.29030827,0.22663508,0.3056896,0.04508979
20035,2023-05-02,5,D4,4,D3,4,D3,False,0.007870328,0.08975001,0.25531226,0.23141102,0.31844857,0.09720774
20035,2023-05-09,5,D4,4,D3,4,D3,False,0.0066785375,0.07426,0.2330779,0.23050539,0.32148632,0.13399188
20035,2023-05-16,5,D4,4,D3,4,D3,False,0.008090212,0.07051825,0.21506093,0.21663663,0.30815935,0.18153456
20035,2023-05-23,5,D4,4,D3,4,D3,False,0.015441882,0.090446375,0.2397147,0.20971051,0.30452666,0.14015985
20035,2023-05-30,5,D4,4,D3,4,D3,False,0.025010068,0.12022793,0.2830192,0.21092597,0.30205554,0.05876133
20035,2023-06-06,5,D4,2,D1,4,D3,False,0.036405288,0.13613468,0.32684976,0.21661177,0.2731369,0.010861656
20035,2023-06-13,5,D4,2,D1,4,D3,False,0.037160695,0.13905752,0.34251568,0.2187309,0.2549865,0.007548775
20035,2023-06-20,5,D4,2,D1,4,D3,False,0.040468547,0.14945439,0.36686715,0.2220549,0.21723366,0.0039213505
20035,2023-06-27,5,D4,2,D1,4,D3,False,0.033575315,0.14315546,0.39096764,0.2340914,0.19581561,0.0023946015
20035,2023-07-04,5,D4,2,D1,4,D3,False,0.033936206,0.13506967,0.39736533,0.24074829,0.18820557,0.0046749245
20035,2023-07-11,4,D3,2,D1,4,D3,True,0.035203896,0.13103083,0.3733056,0.22844717,0.20943324,0.02257925
20035,2023-07-18,4,D3,2,D1,4,D3,True,0.03947163,0.13579097,0.349944,0.2138572,0.20841782,0.05251843
20035,2023-07-25,4,D3,5,D4,4,D3,True,0.04176424,0.11255077,0.18872164,0.15247147,0.2516035,0.25288835
20035,2023-08-01,4,D3,5,D4,4,D3,True,0.0338515,0.0757168,0.10159161,0.10813276,0.26809698,0.41261035
20035,2023-08-08,4,D3,5,D4,4,D3,True,0.0314739,0.055648282,0.066429764,0.085149705,0.26501986,0.4962784
20035,2023-08-15,4,D3,5,D4,4,D3,True,0.030702747,0.04584828,0.05037161,0.07651269,0.2646987,0.53186595
20035,2023-08-22,4,D3,5,D4,4,D3,True,0.032962877,0.045620468,0.04486468,0.07150761,0.2583275,0.5467169
20035,2023-08-29,4,D3,5,D4,4,D3,True,0.03491702,0.045592874,0.04359967,0.0710769,0.25877684,0.54603666
20035,2023-09-05,4,D3,5,D4,4,D3,True,0.042272333,0.054693673,0.04914713,0.07125662,0.24916093,0.5334693
20035,2023-09-12,4,D3,5,D4,4,D3,True,0.050967332,0.06662267,0.05883317,0.07683759,0.24683692,0.4999024
20035,2023-09-19,4,D3,5,D4,4,D3,True,0.049114257,0.06394284,0.054346126,0.07686277,0.26448953,0.4912445
20035,2023-09-26,4,D3,5,D4,4,D3,True,0.04924011,0.06811,0.059454557,0.09374875,0.29814267,0.43130395
20035,2023-10-03,4,D3,5,D4,4,D3,True,0.047572274,0.06951979,0.06373124,0.10952705,0.3222752,0.38737446
20035,2023-10-10,4,D3,5,D4,4,D3,True,0.050272238,0.075039454,0.07298781,0.12629838,0.3262197,0.3491823
20035,2023-10-17,4,D3,5,D4,4,D3,True,0.03493411,0.06637759,0.07509984,0.1562662,0.32318944,0.3441328
20035,2023-10-24,4,D3,5,D4,4,D3,True,0.027050437,0.068912484,0.08802908,0.17229983,0.30159712,0.3421111
20035,2023-10-31,3,D2,5,D4,4,D3,False,0.028184121,0.07896411,0.10713663,0.18907368,0.29167134,0.3049702
20035,2023-11-07,3,D2,4,D3,4,D3,False,0.032760818,0.10110872,0.13364454,0.2019874,0.2708623,0.2596362
20035,2023-11-14,3,D2,4,D3,4,D3,False,0.0353645,0.11492268,0.15089853,0.20628414,0.2620424,0.23048773
20035,2023-11-21,3,D2,4,D3,4,D3,False,0.0384696,0.14370042,0.17437759,0.21157049,0.26483727,0.16704457
20035,2023-11-28,3,D2,4,D3,4,D3,False,0.038634848,0.15946296,0.18994342,0.21138124,0.2725971,0.12798046
20035,2023-12-05,2,D1,4,D3,4,D3,False,0.035979267,0.16692132,0.19991878,0.21175654,0.2788683,0.10655574
20035,2023-12-12,2,D1,4,D3,4,D3,False,0.036877096,0.18148355,0.21969055,0.20271952,0.28984237,0.06938692
20035,2023-12-19,2,D1,4,D3,4,D3,False,0.045606516,0.1987048,0.24663305,0.18150543,0.3032539,0.024296269
20035,2023-12-26,1,D0,4,D3,4,D3,False,0.061068654,0.21725602,0.26727608,0.16513552,0.28267366,0.006590042
20035,2024-01-02,1,D0,2,D1,4,D3,False,0.07037276,0.22795364,0.27568588,0.15608902,0.26664698,0.0032516979
20035,2024-01-09,1,D0,2,D1,4,D3,False,0.11334586,0.2554585,0.27712715,0.13867794,0.21419999,0.0011906126
20035,2024-01-16,1,D0,2,D1,4,D3,False,0.13575575,0.2725045,0.27676427,0.13001764,0.18436435,0.0005935227
20035,2024-01-23,1,D0,2,D1,4,D3,False,0.12939769,0.2771965,0.28100118,0.12870792,0.18323568,0.0004610317
20035,2024-01-30,1,D0,1,D0,4,D3,False,0.15738003,0.2886542,0.27048534,0.12325053,0.15997471,0.00025513818
20035,2024-02-06,1,D0,1,D0,0,None,False,0.19975927,0.30053186,0.2517975,0.11445589,0.13330868,0.00014680433
20035,2024-02-13,0,None,1,D0,0,None,True,0.20205902,0.30091503,0.25077382,0.115170054,0.13094397,0.00013814066
20035,2024-02-20,0,None,1,D0,0,None,True,0.16571294,0.30589646,0.26381883,0.12399119,0.14045164,0.00012892735
20035,2024-02-27,0,None,1,D0,0,None,True,0.1892027,0.30475655,0.26221275,0.12053373,0.12319011,0.00010420451
20035,2024-03-05,1,D0,1,D0,0,None,False,0.16667898,0.31203225,0.27789265,0.12833841,0.11495814,9.955669e-05
20035,2024-03-12,1,D0,1,D0,0,None,False,0.1648819,0.31975174,0.28590485,0.12913516,0.10023776,8.8623776e-05
20035,2024-03-19,1,D0,1,D0,0,None,False,0.1668893,0.32812503,0.29559758,0.12411316,0.08520616,6.878913e-05
20035,2024-03-26,0,None,1,D0,0,None,True,0.15240358,0.3235751,0.31057367,0.12448838,0.08887229,8.6962275e-05
20035,2024-04-02,0,None,2,D1,2,D1,False,0.10307061,0.3052541,0.3478985,0.14067158,0.102961145,0.00014402495
20035,2024-04-09,0,None,2,D1,2,D1,False,0.04820237,0.25950933,0.37412006,0.17032167,0.14735216,0.000494366
20035,2024-04-16,1,D0,2,D1,2,D1,False,0.028101807,0.22923616,0.38080072,0.19214787,0.16843702,0.0012764194
20035,2024-04-23,1,D0,2,D1,4,D3,False,0.025747797,0.21081649,0.36316112,0.1983939,0.19866292,0.0032177845
20035,2024-04-30,1,D0,2,D1,4,D3,False,0.030505868,0.19939055,0.33777955,0.19990523,0.22529075,0.0071280086
20035,2024-05-07,1,D0,2,D1,4,D3,False,0.03702262,0.19708031,0.3290669,0.19734186,0.22927417,0.010214149
20035,2024-05-14,1,D0,2,D1,4,D3,False,0.048731446,0.19792566,0.31834278,0.19022214,0.22945562,0.015322338
20035,2024-05-21,0,None,2,D1,4,D3,False,0.071799465,0.20586774,0.31753737,0.1800406,0.21399899,0.010755891
20035,2024-05-28,0,None,2,D1,4,D3,False,0.08241322,0.19753088,0.3100256,0.18269995,0.2114886,0.015841683
20035,2024-06-04,0,None,2,D1,4,D3,False,0.061490487,0.18111841,0.3249442,0.19859347,0.22216585,0.011687597
20035,2024-06-11,0,None,2,D1,4,D3,False,0.054608688,0.17657523,0.33450997,0.20578995,0.22046918,0.00804701
20035,2024-06-18,0,None,2,D1,4,D3,False,0.055391617,0.164275,0.32197532,0.21383484,0.22652172,0.018001506
20035,2024-06-25,1,D0,2,D1,4,D3,False,0.05652831,0.152265,0.31728035,0.21560697,0.22485125,0.03346811
20035,2024-07-02,0,None,2,D1,4,D3,False,0.048259225,0.14117439,0.3212854,0.21966971,0.21531756,0.054293714
20035,2024-07-09,0,None,2,D1,4,D3,False,0.041172944,0.13137506,0.3089724,0.21216272,0.21388271,0.09243408
20035,2024-07-16,1,D0,2,D1,4,D3,False,0.035906665,0.123261005,0.2941797,0.19766714,0.19208205,0.15690343
20035,2024-07-23,1,D0,2,D1,4,D3,False,0.02827463,0.104397856,0.27331132,0.19227663,0.17388631,0.22785322
20035,2024-07-30,2,D1,5,D4,4,D3,False,0.023395242,0.09194236,0.24635667,0.18488905,0.1633046,0.29011217
20035,2024-08-06,2,D1,5,D4,4,D3,False,0.030062452,0.08294421,0.14490207,0.13541369,0.19814277,0.40853485
20035,2024-08-13,2,D1,5,D4,4,D3,False,0.027712695,0.05990889,0.08309963,0.10949733,0.25414124,0.46564025
20035,2024-08-20,2,D1,5,D4,4,D3,False,0.027676925,0.048635915,0.057825193,0.090914086,0.27750832,0.49743956
20035,2024-08-27,2,D1,5,D4,4,D3,False,0.027372377,0.041299272,0.045653317,0.08326876,0.2785405,0.5238658
20035,2024-09-03,2,D1,5,D4,4,D3,False,0.029441996,0.042725615,0.04448351,0.08536662,0.28032157,0.5176607
20035,2024-09-10,2,D1,5,D4,4,D3,False,0.026099645,0.03828961,0.04280114,0.09462834,0.29637662,0.5018047
20035,2024-09-17,2,D1,5,D4,4,D3,False,0.021970088,0.034229644,0.041188963,0.11047656,0.31876174,0.473373
20035,2024-09-24,2,D1,5,D4,4,D3,False,0.015132397,0.025094382,0.033893593,0.12253686,0.32771486,0.47562784
20035,2024-10-01,2,D1,5,D4,4,D3,False,0.011687155,0.019989492,0.028298901,0.1259525,0.32916126,0.4849107
20035,2024-10-08,3,D2,5,D4,4,D3,False,0.0058438433,0.014372665,0.026495496,0.14634073,0.30938303,0.4975642
20035,2024-10-15,3,D2,5,D4,4,D3,False,0.004982234,0.011778555,0.026050832,0.15512751,0.30613753,0.49592334
20035,2024-10-22,3,D2,5,D4,4,D3,False,0.0045230263,0.010496686,0.02745748,0.16550557,0.30156118,0.4904561
20035,2024-10-29,3,D2,5,D4,4,D3,False,0.0042493884,0.010143838,0.030070284,0.1730869,0.30016777,0.48228174
20035,2024-11-05,2,D1,5,D4,4,D3,False,0.0050960165,0.012702041,0.036667027,0.17743221,0.2994716,0.46863103
20035,2024-11-12,1,D0,5,D4,4,D3,False,0.013248908,0.028988594,0.06881761,0.1798551,0.2996027,0.40948707
20035,2024-11-19,1,D0,5,D4,4,D3,False,0.024143225,0.048620757,0.10072672,0.16392495,0.31472734,0.34785697
20035,2024-11-26,1,D0,4,D3,4,D3,False,0.039224118,0.08218371,0.15586862,0.16220282,0.35482302,0.20569767
20035,2024-12-03,1,D0,4,D3,4,D3,False,0.047939457,0.10744474,0.19707958,0.1470471,0.38021916,0.12026996
20035,2024-12-10,1,D0,4,D3,4,D3,False,0.053698067,0.123189405,0.22040011,0.13991624,0.38663095,0.076165274
20035,2024-12-17,1,D0,4,D3,4,D3,False,0.0465894,0.12916173,0.22974874,0.14490494,0.38894987,0.06064531
20035,2024-12-24,1,D0,4,D3,4,D3,False,0.060391203,0.14430046,0.24570769,0.13110855,0.3851516,0.033340484
20035,2024-12-31,1,D0,4,D3,4,D3,False,0.06933704,0.15980314,0.2594543,0.12409119,0.37179598,0.015518437
20035,2025-01-07,1,D0,4,D3,4,D3,False,0.07765002,0.16904804,0.26856664,0.12109563,0.35442388,0.009215864
20035,2025-01-14,1,D0,4,D3,4,D3,False,0.06684932,0.17983231,0.2735944,0.12512268,0.3476377,0.0069635524
20035,2025-01-21,1,D0,4,D3,4,D3,False,0.06293338,0.18609816,0.27678758,0.12643394,0.34115952,0.0065873447
20035,2025-01-28,1,D0,4,D3,4,D3,False,0.05786495,0.19117358,0.2835073,0.12558931,0.33621427,0.005650639
20035,2025-02-04,1,D0,4,D3,4,D3,False,0.05446325,0.20078671,0.29146725,0.124050036,0.32560328,0.0036294789
20035,2025-02-11,1,D0,4,D3,4,D3,False,0.039654307,0.20528622,0.3020534,0.13354404,0.31658316,0.0028789889
20035,2025-02-18,1,D0,4,D3,4,D3,False,0.034054976,0.20267172,0.3065033,0.13770482,0.31627393,0.0027911859
20035,2025-02-25,1,D0,2,D1,4,D3,False,0.03261794,0.20985508,0.31674632,0.1372756,0.30167046,0.0018345496
20035,2025-03-04,1,D0,2,D1,4,D3,False,0.028631458,0.21065237,0.31874895,0.14468808,0.29510075,0.0021784208
20035,2025-03-11,1,D0,2,D1,4,D3,False,0.023139924,0.20493329,0.31546757,0.16119981,0.29170722,0.0035522524
20035,2025-03-18,2,D1,2,D1,4,D3,False,0.014947843,0.18596119,0.31884068,0.1800252,0.29460058,0.005624446
20035,2025-03-25,2,D1,2,D1,4,D3,False,0.012927134,0.17566875,0.3214552,0.19229555,0.29045033,0.0072030206
20035,2025-04-01,2,D1,2,D1,4,D3,False,0.014326907,0.1819103,0.33062917,0.1959079,0.2707705,0.0064552706
20035,2025-04-08,2,D1,2,D1,4,D3,False,0.016485756,0.18794623,0.33071035,0.20130342,0.25635982,0.007194421
20035,2025-04-15,2,D1,2,D1,4,D3,False,0.01973281,0.18405414,0.3244973,0.2048184,0.254294,0.012603311
20035,2025-04-22,1,D0,2,D1,4,D3,False,0.022177208,0.1728626,0.31193838,0.2065889,0.26265177,0.02378123
20035,2025-04-29,1,D0,2,D1,4,D3,False,0.037343726,0.18850693,0.3104739,0.19724195,0.24547862,0.020954939
20035,2025-05-06,1,D0,2,D1,4,D3,False,0.04038159,0.18589643,0.30739218,0.19635618,0.24472198,0.025251733
20035,2025-05-13,0,None,2,D1,4,D3,False,0.05226122,0.18859279,0.30015218,0.1892019,0.2386838,0.031108106
20035,2025-05-20,0,None,2,D1,4,D3,False,0.096829854,0.21060953,0.29866937,0.17146128,0.20854373,0.013886258
20035,2025-05-27,0,None,2,D1,4,D3,False,0.15185563,0.2284643,0.29965296,0.1519372,0.16164657,0.006443307
20035,2025-06-03,0,None,2,D1,4,D3,False,0.15383187,0.22064365,0.2976553,0.15466958,0.16419487,0.009004714
20035,2025-06-10,0,None,2,D1,4,D3,False,0.15377575,0.20927875,0.31316975,0.16044642,0.15555523,0.007774087
20035,2025-06-17,0,None,2,D1,0,None,True,0.19317445,0.21828,0.31427574,0.14035866,0.12528388,0.008627175
20035,2025-06-24,0,None,2,D1,0,None,True,0.20523949,0.2316862,0.323186,0.13006397,0.10405794,0.005766349
20035,2025-07-01,0,None,2,D1,0,None,True,0.23597355,0.2417568,0.31527326,0.11576442,0.08817939,0.003052529
20035,2025-07-08,0,None,2,D1,0,None,True,0.2087613,0.23900583,0.32208768,0.12706847,0.09854059,0.004536127
20035,2025-07-15,0,None,2,D1,0,None,True,0.23535493,0.24689287,0.29591265,0.11943117,0.09676913,0.005639233
20035,2025-07-22,0,None,0,None,0,None,True,0.27650023,0.25448108,0.27128127,0.11721309,0.07256035,0.007963973
20035,2025-07-29,0,None,0,None,0,None,True,0.33269212,0.25687492,0.23321334,0.094636895,0.060896076,0.021686621
20035,2025-08-05,0,None,0,None,0,None,True,0.2778002,0.25403336,0.21703878,0.08635727,0.07127234,0.09349807
20035,2025-08-12,0,None,5,D4,0,None,True,0.18302388,0.15262985,0.10999066,0.0660644,0.11355362,0.3747376
20035,2025-08-19,0,None,5,D4,5,D4,False,0.15807109,0.117793106,0.0707144,0.054113265,0.111455224,0.4878529
20035,2025-08-26,0,None,5,D4,5,D4,False,0.16457732,0.121577,0.06564547,0.054694876,0.114273906,0.4792315
20035,2025-09-02,0,None,5,D4,0,None,True,0.22356679,0.15358305,0.074923135,0.058021978,0.09992772,0.38997728
20035,2025-09-09,0,None,5,D4,0,None,True,0.2559208,0.1725786,0.08005582,0.059346803,0.09142923,0.3406688
20035,2025-09-16,0,None,0,None,0,None,True,0.30831653,0.20065142,0.08608438,0.0603,0.07601391,0.26863378
20035,2025-09-23,0,None,0,None,0,None,True,0.35189527,0.21906748,0.086790115,0.0631071,0.0648777,0.21426238
20035,2025-09-30,0,None,0,None,0,None,True,0.3799496,0.23639047,0.08851061,0.06720326,0.057379406,0.17056654
20035,2025-10-07,0,None,0,None,0,None,True,0.37034473,0.29418758,0.12067405,0.096109435,0.044775233,0.073909014
20035,2025-10-14,0,None,0,None,0,None,True,0.36746845,0.34200314,0.13561624,0.11378083,0.024271414,0.016859967
20035,2025-10-21,0,None,1,D0,0,None,True,0.3729328,0.3731789,0.15148605,0.08960134,0.0103750825,0.002425812
20035,2025-10-28,0,None,1,D0,0,None,True,0.32800394,0.40006584,0.19071995,0.07515832,0.005676984,0.00037492902
20035,2025-11-04,0,None,1,D0,0,None,True,0.29277754,0.40290236,0.20419012,0.0927368,0.0070735943,0.00031958256
20035,2025-11-11,0,None,1,D0,0,None,True,0.2667701,0.39990026,0.19589774,0.12608108,0.010824891,0.0005259154
20035,2025-11-18,0,None,1,D0,0,None,True,0.28766868,0.40332654,0.18236227,0.117654055,0.008742328,0.00024615525
20035,2025-11-25,0,None,1,D0,0,None,True,0.28197846,0.39660826,0.17423254,0.1362214,0.0107671395,0.00019226069
20035,2025-12-02,0,None,1,D0,0,None,True,0.29178548,0.39229313,0.17498277,0.13134114,0.0095321555,6.52483e-05
20035,2025-12-09,0,None,1,D0,0,None,True,0.22569016,0.3947413,0.19508815,0.17159158,0.01283061,5.8165755e-05
20035,2025-12-16,0,None,1,D0,0,None,True,0.27937388,0.38736272,0.18882625,0.13433501,0.010081491,2.0644175e-05
20035,2025-12-23,0,None,1,D0,0,None,True,0.21219265,0.39756095,0.204501,0.17296949,0.01275467,2.1143356e-05
20035,2025-12-30,1,D0,1,D0,0,None,False,0.17215541,0.40083432,0.21362218,0.1966613,0.016700383,2.6416676e-05
20037,2022-01-04,0,None,1,D0,2,D1,False,0.06171479,0.32528162,0.25632498,0.24909037,0.10289962,0.0046886243
20037,2022-01-11,0,None,1,D0,3,D2,False,0.054051228,0.32100716,0.25149396,0.25290075,0.115203224,0.0053436994
20037,2022-01-18,0,None,1,D0,4,D3,False,0.04375985,0.30923012,0.25093034,0.2521218,0.13733117,0.0066267056
20037,2022-01-25,1,D0,1,D0,4,D3,False,0.03672972,0.3044396,0.259039,0.24170868,0.15128858,0.006794417
20037,2022-02-01,2,D1,1,D0,4,D3,False,0.029016966,0.2906035,0.27522957,0.22574311,0.17283235,0.006574529
20037,2022-02-08,1,D0,2,D1,4,D3,False,0.023486745,0.27400023,0.29080465,0.21263702,0.19267885,0.006392457
20037,2022-02-15,1,D0,2,D1,4,D3,False,0.019891758,0.2558538,0.3031212,0.20276971,0.21043861,0.007924956
20037,2022-02-22,1,D0,2,D1,4,D3,False,0.017641162,0.24399117,0.30719292,0.19994392,0.2216554,0.00957548
20037,2022-03-01,1,D0,2,D1,4,D3,False,0.017869283,0.22250997,0.29913676,0.19963633,0.23806539,0.022782242
20037,2022-03-08,1,D0,2,D1,4,D3,False,0.018517945,0.1995779,0.28769806,0.19901647,0.25168976,0.043499846
20037,2022-03-15,1,D0,2,D1,4,D3,False,0.018545747,0.18020412,0.28251892,0.20539667,0.2665869,0.04674763
20037,2022-03-22,0,None,2,D1,4,D3,False,0.015536721,0.16154991,0.28032616,0.21446554,0.27487603,0.053245652
20037,2022-03-29,0,None,4,D3,4,D3,False,0.0137951495,0.12675074,0.25364056,0.21618426,0.2904073,0.09922206
20037,2022-04-05,0,None,4,D3,4,D3,False,0.008341994,0.09178996,0.23459399,0.22887273,0.30457237,0.131829
20037,2022-04-12,0,None,4,D3,4,D3,False,0.0058923215,0.0682578,0.20942841,0.22810829,0.30948877,0.17882441
20037,2022-04-19,1,D0,4,D3,4,D3,False,0.0040678373,0.04871401,0.17490049,0.21893188,0.29896384,0.25442195
20037,2022-04-26,1,D0,5,D4,4,D3,False,0.0036582784,0.037854075,0.14551185,0.20096613,0.28141788,0.33059174
20037,2022-05-03,1,D0,5,D4,4,D3,False,0.0035181704,0.03551846,0.14279649,0.20046282,0.28005815,0.33764595
20037,2022-05-10,0,None,5,D4,4,D3,False,0.004739675,0.04347411,0.15625945,0.19796263,0.27669775,0.32086647
20037,2022-05-17,0,None,5,D4,4,D3,False,0.008167286,0.05540977,0.16748963,0.18892045,0.26826143,0.31175143
20037,2022-05-24,0,None,4,D3,4,D3,False,0.018947303,0.09069582,0.23042294,0.1958515,0.2962964,0.16778597
20037,2022-05-31,0,None,4,D3,4,D3,False,0.03285546,0.11557019,0.28721547,0.21236193,0.3004291,0.051567845
20037,2022-06-07,0,None,2,D1,4,D3,False,0.030705366,0.121174,0.32857147,0.2322871,0.26949897,0.017763043
20037,2022-06-14,0,None,2,D1,4,D3,False,0.03358504,0.12591586,0.32381997,0.23309216,0.23795965,0.045627303
20037,2022-06-21,0,None,2,D1,4,D3,False,0.030342788,0.11279062,0.35438544,0.25121188,0.2003126,0.05095669
20037,2022-06-28,0,None,2,D1,4,D3,False,0.034588914,0.10992844,0.34537446,0.2546436,0.17451224,0.080952294
20037,2022-07-05,0,None,2,D1,2,D1,False,0.036637336,0.115806274,0.3791731,0.2599218,0.13699943,0.071462065
20037,2022-07-12,1,D0,2,D1,2,D1,False,0.03243281,0.11902598,0.39883772,0.25458968,0.10416189,0.090951905
20037,2022-07-19,2,D1,2,D1,2,D1,True,0.025832666,0.10500236,0.4242925,0.28426367,0.08894447,0.07166433
20037,2022-07-26,3,D2,2,D1,2,D1,False,0.025675971,0.1055557,0.45336348,0.2818718,0.07331038,0.060222626
20037,2022-08-02,3,D2,2,D1,2,D1,False,0.030532056,0.12050312,0.4596501,0.2601347,0.067224346,0.06195565
20037,2022-08-09,3,D2,2,D1,2,D1,False,0.033479907,0.1337543,0.44983068,0.24782252,0.064867795,0.07024485
20037,2022-08-16,3,D2,2,D1,2,D1,False,0.03591085,0.13959284,0.43775764,0.24074654,0.06467716,0.081315026
20037,2022-08-23,3,D2,2,D1,2,D1,False,0.038080208,0.13477178,0.42511392,0.23760399,0.06869928,0.095730804
20037,2022-08-30,4,D3,2,D1,2,D1,False,0.044653606,0.14380817,0.39950737,0.22407708,0.07387555,0.11407817
20037,2022-09-06,4,D3,5,D4,4,D3,True,0.044466015,0.102849685,0.19968858,0.16504748,0.15342428,0.334524
20037,2022-09-13,4,D3,5,D4,4,D3,True,0.03291975,0.066734806,0.10864724,0.14583628,0.23774253,0.40811938
20037,2022-09-20,4,D3,5,D4,4,D3,True,0.020572823,0.052779842,0.11306298,0.17652363,0.20979008,0.42727065
20037,2022-09-27,5,D4,5,D4,4,D3,False,0.015265433,0.03570189,0.0707192,0.1681815,0.26524547,0.44488654
20037,2022-10-04,5,D4,5,D4,4,D3,False,0.009866336,0.025050463,0.05710942,0.17047371,0.2683296,0.46917045
20037,2022-10-11,5,D4,5,D4,4,D3,False,0.008077225,0.018130204,0.0412044,0.17078725,0.28967002,0.47213086
20037,2022-10-18,5,D4,5,D4,4,D3,False,0.0070694787,0.016029779,0.043692667,0.1748272,0.28941196,0.46896896
20037,2022-10-25,4,D3,5,D4,4,D3,True,0.0073570777,0.014107116,0.03733984,0.17304578,0.30071634,0.4674339
20037,2022-11-01,4,D3,5,D4,4,D3,True,0.0076762373,0.015068799,0.041426856,0.17574629,0.30159903,0.45848277
20037,2022-11-08,4,D3,5,D4,4,D3,True,0.009251255,0.018644784,0.04770036,0.17535393,0.3034644,0.44558528
20037,2022-11-15,4,D3,5,D4,4,D3,True,0.010091794,0.02198349,0.057346005,0.17890234,0.29824883,0.43342754
20037,2022-11-22,4,D3,5,D4,4,D3,True,0.010851009,0.024441784,0.06181244,0.17933087,0.29697803,0.42658585
20037,2022-11-29,4,D3,5,D4,4,D3,True,0.010966407,0.027383214,0.06918119,0.18195519,0.29972345,0.41079056
20037,2022-12-06,4,D3,5,D4,4,D3,True,0.0113004,0.031935964,0.07980986,0.18331671,0.30186123,0.39177582
20037,2022-12-13,3,D2,5,D4,4,D3,False,0.011036959,0.033910353,0.08613585,0.18482757,0.30347034,0.38061896
20037,2022-12-20,3,D2,5,D4,4,D3,False,0.012964164,0.046576332,0.112666205,0.18480366,0.31824118,0.3247485
20037,2022-12-27,3,D2,4,D3,4,D3,False,0.018657336,0.07147796,0.16311197,0.18425068,0.36273143,0.19977066
20037,2023-01-03,3,D2,4,D3,4,D3,False,0.027028492,0.1152638,0.23161641,0.1765433,0.38920513,0.06034294
20037,2023-01-10,3,D2,4,D3,4,D3,False,0.028747326,0.14305922,0.26002488,0.16911983,0.3750755,0.023973344
20037,2023-01-17,3,D2,4,D3,4,D3,False,0.034049604,0.16204253,0.27777433,0.15309434,0.36205053,0.010988662
20037,2023-01-24,3,D2,4,D3,4,D3,False,0.04678871,0.18515636,0.291845,0.13388278,0.33848435,0.003842818
20037,2023-01-31,3,D2,4,D3,4,D3,False,0.06262547,0.20831156,0.2994818,0.121988125,0.30617476,0.0014183869
20037,2023-02-07,3,D2,4,D3,4,D3,False,0.05257178,0.21391109,0.30042568,0.12869664,0.30292,0.0014747683
20037,2023-02-14,3,D2,2,D1,4,D3,False,0.04802812,0.21936508,0.30691773,0.1318096,0.29264283,0.0012366938
20037,2023-02-21,3,D2,2,D1,4,D3,False,0.049641725,0.22109742,0.3095241,0.13000545,0.28859386,0.001137513
20037,2023-02-28,3,D2,2,D1,4,D3,False,0.038682695,0.2169372,0.3151952,0.13874117,0.2890909,0.0013527691
20037,2023-03-07,3,D2,2,D1,4,D3,False,0.032937475,0.20840701,0.31902063,0.142124,0.29583642,0.0016745282
20037,2023-03-14,3,D2,2,D1,4,D3,False,0.032502547,0.21167545,0.32466358,0.14402024,0.28559935,0.0015388138
20037,2023-03-21,3,D2,2,D1,4,D3,False,0.031209148,0.21036983,0.32695296,0.14697042,0.2828102,0.0016874044
20037,2023-03-28,3,D2,2,D1,4,D3,False,0.019702988,0.19836245,0.33320192,0.16501497,0.2812961,0.002421579
20037,2023-04-04,3,D2,2,D1,4,D3,False,0.015401805,0.18431124,0.33034307,0.18081234,0.2845726,0.00455889
20037,2023-04-11,3,D2,2,D1,4,D3,False,0.012066101,0.16220096,0.3236271,0.20821251,0.284283,0.009610256
20037,2023-04-18,3,D2,2,D1,4,D3,False,0.012419787,0.14968976,0.31085986,0.21831407,0.28947416,0.019242436
20037,2023-04-25,3,D2,4,D3,4,D3,False,0.010439775,0.12183748,0.29030827,0.22663508,0.3056896,0.04508979
20037,2023-05-02,4,D3,4,D3,4,D3,True,0.007870328,0.08975001,0.25531226,0.23141102,0.31844857,0.09720774
20037,2023-05-09,3,D2,4,D3,4,D3,False,0.0066785375,0.07426,0.2330779,0.23050539,0.32148632,0.13399188
20037,2023-05-16,3,D2,4,D3,4,D3,False,0.008090212,0.07051825,0.21506093,0.21663663,0.30815935,0.18153456
20037,2023-05-23,3,D2,4,D3,4,D3,False,0.015441882,0.090446375,0.2397147,0.20971051,0.30452666,0.14015985
20037,2023-05-30,3,D2,4,D3,4,D3,False,0.025010068,0.12022793,0.2830192,0.21092597,0.30205554,0.05876133
20037,2023-06-06,3,D2,2,D1,4,D3,False,0.036405288,0.13613468,0.32684976,0.21661177,0.2731369,0.010861656
20037,2023-06-13,3,D2,2,D1,4,D3,False,0.037160695,0.13905752,0.34251568,0.2187309,0.2549865,0.007548775
20037,2023-06-20,3,D2,2,D1,4,D3,False,0.040468544,0.1494544,0.3668672,0.22205491,0.21723361,0.0039213514
20037,2023-06-27,3,D2,2,D1,4,D3,False,0.033575308,0.14315546,0.39096764,0.2340914,0.1958156,0.0023946005
20037,2023-07-04,3,D2,2,D1,4,D3,False,0.033936206,0.13506967,0.39736533,0.24074829,0.18820557,0.0046749245
20037,2023-07-11,3,D2,2,D1,4,D3,False,0.035203896,0.13103083,0.3733056,0.22844717,0.20943324,0.02257925
20037,2023-07-18,3,D2,2,D1,4,D3,False,0.03947163,0.13579097,0.349944,0.2138572,0.20841782,0.05251843
20037,2023-07-25,3,D2,5,D4,4,D3,False,0.04176424,0.11255077,0.18872164,0.15247147,0.2516035,0.25288835
20037,2023-08-01,3,D2,5,D4,4,D3,False,0.0338515,0.0757168,0.10159161,0.10813276,0.26809698,0.41261035
20037,2023-08-08,3,D2,5,D4,4,D3,False,0.0314739,0.055648282,0.066429764,0.085149705,0.26501986,0.4962784
20037,2023-08-15,2,D1,5,D4,4,D3,False,0.030702747,0.04584828,0.05037161,0.07651269,0.2646987,0.53186595
20037,2023-08-22,2,D1,5,D4,4,D3,False,0.032962877,0.045620468,0.04486468,0.07150761,0.2583275,0.5467169
20037,2023-08-29,2,D1,5,D4,4,D3,False,0.03491702,0.045592874,0.04359967,0.0710769,0.25877684,0.54603666
20037,2023-09-05,2,D1,5,D4,4,D3,False,0.042272333,0.054693673,0.04914713,0.07125662,0.24916093,0.5334693
20037,2023-09-12,2,D1,5,D4,4,D3,False,0.050967332,0.06662267,0.05883317,0.07683759,0.24683692,0.4999024
20037,2023-09-19,2,D1,5,D4,4,D3,False,0.049114257,0.06394284,0.054346126,0.07686277,0.26448953,0.4912445
20037,2023-09-26,1,D0,5,D4,4,D3,False,0.04924011,0.06811,0.059454557,0.09374875,0.29814267,0.43130395
20037,2023-10-03,1,D0,5,D4,4,D3,False,0.047572274,0.06951979,0.06373124,0.10952705,0.3222752,0.38737446
20037,2023-10-10,1,D0,5,D4,4,D3,False,0.050272238,0.075039454,0.07298781,0.12629838,0.3262197,0.3491823
20037,2023-10-17,1,D0,5,D4,4,D3,False,0.03493411,0.0663776,0.075099856,0.15626618,0.3231894,0.34413278
20037,2023-10-24,1,D0,5,D4,4,D3,False,0.027050434,0.068912484,0.08802908,0.17229983,0.3015971,0.34211114
20037,2023-10-31,1,D0,5,D4,4,D3,False,0.028184121,0.07896411,0.10713663,0.18907368,0.29167134,0.3049702
20037,2023-11-07,1,D0,4,D3,4,D3,False,0.032760818,0.10110872,0.13364454,0.2019874,0.2708623,0.2596362
20037,2023-11-14,1,D0,4,D3,4,D3,False,0.0353645,0.11492268,0.15089853,0.20628414,0.2620424,0.23048773
20037,2023-11-21,1,D0,4,D3,4,D3,False,0.0384696,0.14370042,0.17437759,0.21157049,0.26483727,0.16704457
20037,2023-11-28,1,D0,4,D3,4,D3,False,0.038634848,0.15946296,0.18994342,0.21138124,0.2725971,0.12798046
20037,2023-12-05,1,D0,4,D3,4,D3,False,0.035979267,0.16692132,0.19991878,0.21175654,0.2788683,0.10655574
20037,2023-12-12,1,D0,4,D3,4,D3,False,0.036877096,0.18148355,0.21969055,0.20271952,0.28984237,0.06938692
20037,2023-12-19,1,D0,4,D3,4,D3,False,0.045606516,0.1987048,0.24663305,0.18150543,0.3032539,0.024296269
20037,2023-12-26,0,None,4,D3,4,D3,False,0.061068654,0.21725602,0.26727608,0.16513552,0.28267366,0.006590042
20037,2024-01-02,0,None,2,D1,4,D3,False,0.07037276,0.22795364,0.27568588,0.15608902,0.26664698,0.0032516979
20037,2024-01-09,0,None,2,D1,4,D3,False,0.11334586,0.2554585,0.27712715,0.13867794,0.21419999,0.0011906126
20037,2024-01-16,0,None,2,D1,4,D3,False,0.13575575,0.2725045,0.27676427,0.13001764,0.18436435,0.0005935227
20037,2024-01-23,0,None,2,D1,4,D3,False,0.12939769,0.2771965,0.28100118,0.12870792,0.18323568,0.0004610317
20037,2024-01-30,0,None,1,D0,4,D3,False,0.15738001,0.28865418,0.2704854,0.12325052,0.15997468,0.00025513815
20037,2024-02-06,0,None,1,D0,0,None,True,0.19975922,0.30053177,0.25179753,0.114455864,0.13330871,0.00014680429
20037,2024-02-13,0,None,1,D0,0,None,True,0.20205902,0.30091503,0.25077382,0.115170054,0.13094397,0.00013814066
20037,2024-02-20,0,None,1,D0,0,None,True,0.16571294,0.30589646,0.26381883,0.12399119,0.14045164,0.00012892735
20037,2024-02-27,1,D0,1,D0,0,None,False,0.1892027,0.30475655,0.26221275,0.12053373,0.12319011,0.00010420451
20037,2024-03-05,1,D0,1,D0,0,None,False,0.16667898,0.31203225,0.27789265,0.12833841,0.11495814,9.955669e-05
20037,2024-03-12,1,D0,1,D0,0,None,False,0.1648819,0.31975174,0.28590485,0.12913516,0.10023776,8.8623776e-05
20037,2024-03-19,1,D0,1,D0,0,None,False,0.1668893,0.32812503,0.29559758,0.12411316,0.08520616,6.878913e-05
20037,2024-03-26,1,D0,1,D0,0,None,False,0.15240358,0.3235751,0.31057367,0.12448838,0.08887229,8.6962275e-05
20037,2024-04-02,0,None,2,D1,2,D1,False,0.10307061,0.3052541,0.3478985,0.14067158,0.102961145,0.00014402495
20037,2024-04-09,0,None,2,D1,2,D1,False,0.04820237,0.25950933,0.37412006,0.17032167,0.14735216,0.000494366
20037,2024-04-16,0,None,2,D1,2,D1,False,0.028101807,0.22923616,0.38080072,0.19214787,0.16843702,0.0012764194
20037,2024-04-23,1,D0,2,D1,4,D3,False,0.025747797,0.21081649,0.36316112,0.1983939,0.19866292,0.0032177845
20037,2024-04-30,0,None,2,D1,4,D3,False,0.030505868,0.19939055,0.33777955,0.19990523,0.22529075,0.0071280086
20037,2024-05-07,0,None,2,D1,4,D3,False,0.03702262,0.19708031,0.3290669,0.19734186,0.22927417,0.010214149
20037,2024-05-14,0,None,2,D1,4,D3,False,0.048731446,0.19792566,0.31834278,0.19022214,0.22945562,0.015322338
20037,2024-05-21,0,None,2,D1,4,D3,False,0.071799465,0.20586774,0.31753737,0.1800406,0.21399899,0.010755891
20037,2024-05-28,0,None,2,D1,4,D3,False,0.082413234,0.19753088,0.3100256,0.18269995,0.21148859,0.015841683
20037,2024-06-04,0,None,2,D1,4,D3,False,0.06149049,0.18111843,0.32494423,0.19859347,0.22216585,0.01168759
20037,2024-06-11,0,None,2,D1,4,D3,False,0.054608688,0.17657523,0.33450997,0.20578995,0.22046918,0.00804701
20037,2024-06-18,0,None,2,D1,4,D3,False,0.055391617,0.164275,0.32197532,0.21383484,0.22652172,0.018001506
20037,2024-06-25,0,None,2,D1,4,D3,False,0.05652831,0.152265,0.31728035,0.21560697,0.22485125,0.03346811
20037,2024-07-02,0,None,2,D1,4,D3,False,0.048259225,0.14117439,0.3212854,0.21966971,0.21531756,0.054293714
20037,2024-07-09,0,None,2,D1,4,D3,False,0.041172944,0.13137506,0.3089724,0.21216272,0.21388271,0.09243408
20037,2024-07-16,0,None,2,D1,4,D3,False,0.035906665,0.123261005,0.2941797,0.19766714,0.19208205,0.15690343
20037,2024-07-23,0,None,2,D1,4,D3,False,0.02827463,0.104397856,0.27331132,0.19227663,0.17388631,0.22785322
20037,2024-07-30,1,D0,5,D4,4,D3,False,0.023395242,0.09194236,0.24635667,0.18488905,0.1633046,0.29011217
20037,2024-08-06,1,D0,5,D4,4,D3,False,0.030062452,0.08294421,0.14490207,0.13541369,0.19814277,0.40853485
20037,2024-08-13,2,D1,5,D4,4,D3,False,0.027712695,0.05990889,0.08309963,0.10949733,0.25414124,0.46564025
20037,2024-08-20,2,D1,5,D4,4,D3,False,0.027676925,0.048635915,0.057825193,0.090914086,0.27750832,0.49743956
20037,2024-08-27,2,D1,5,D4,4,D3,False,0.027372377,0.041299272,0.045653317,0.08326876,0.2785405,0.5238658
20037,2024-09-03,2,D1,5,D4,4,D3,False,0.029441996,0.042725615,0.04448351,0.08536662,0.28032157,0.5176607
20037,2024-09-10,2,D1,5,D4,4,D3,False,0.026099633,0.038289595,0.042801127,0.09462833,0.2963767,0.50180465
20037,2024-09-17,2,D1,5,D4,4,D3,False,0.021970097,0.034229647,0.041188966,0.110476516,0.31876165,0.47337306
20037,2024-09-24,2,D1,5,D4,4,D3,False,0.015132397,0.025094382,0.033893593,0.12253686,0.32771486,0.47562784
20037,2024-10-01,2,D1,5,D4,4,D3,False,0.011687155,0.019989492,0.028298901,0.1259525,0.32916126,0.4849107
20037,2024-10-08,3,D2,5,D4,4,D3,False,0.0058438433,0.014372665,0.026495496,0.14634073,0.30938303,0.4975642
20037,2024-10-15,3,D2,5,D4,4,D3,False,0.004982234,0.011778555,0.026050832,0.15512751,0.30613753,0.49592334
20037,2024-10-22,3,D2,5,D4,4,D3,False,0.0045230263,0.010496686,0.02745748,0.16550557,0.30156118,0.4904561
20037,2024-10-29,3,D2,5,D4,4,D3,False,0.0042493884,0.010143838,0.030070284,0.1730869,0.30016777,0.48228174
20037,2024-11-05,2,D1,5,D4,4,D3,False,0.0050960165,0.012702041,0.036667027,0.17743221,0.2994716,0.46863103
20037,2024-11-12,2,D1,5,D4,4,D3,False,0.013248908,0.028988594,0.06881761,0.1798551,0.2996027,0.40948707
20037,2024-11-19,1,D0,5,D4,4,D3,False,0.024143225,0.048620757,0.10072672,0.16392495,0.31472734,0.34785697
20037,2024-11-26,1,D0,4,D3,4,D3,False,0.039224118,0.08218371,0.15586862,0.16220282,0.35482302,0.20569767
20037,2024-12-03,1,D0,4,D3,4,D3,False,0.047939457,0.10744474,0.19707958,0.1470471,0.38021916,0.12026996
20037,2024-12-10,1,D0,4,D3,4,D3,False,0.053698067,0.123189405,0.22040011,0.13991624,0.38663095,0.076165274
20037,2024-12-17,1,D0,4,D3,4,D3,False,0.0465894,0.12916173,0.22974874,0.14490494,0.38894987,0.06064531
20037,2024-12-24,1,D0,4,D3,4,D3,False,0.060391203,0.14430046,0.24570769,0.13110855,0.3851516,0.033340484
20037,2024-12-31,1,D0,4,D3,4,D3,False,0.06933704,0.15980314,0.2594543,0.12409119,0.37179598,0.015518437
20037,2025-01-07,1,D0,4,D3,4,D3,False,0.07765001,0.16904801,0.26856658,0.121095605,0.3544239,0.0092158625
20037,2025-01-14,1,D0,4,D3,4,D3,False,0.06684932,0.17983231,0.2735944,0.1251227,0.3476377,0.0069635576
20037,2025-01-21,1,D0,4,D3,4,D3,False,0.06293338,0.18609816,0.27678758,0.12643394,0.34115952,0.0065873447
20037,2025-01-28,2,D1,4,D3,4,D3,False,0.05786495,0.19117358,0.2835073,0.12558931,0.33621427,0.005650639
20037,2025-02-04,2,D1,4,D3,4,D3,False,0.05446325,0.20078671,0.29146725,0.124050036,0.32560328,0.0036294789
20037,2025-02-11,2,D1,4,D3,4,D3,False,0.039654307,0.20528622,0.3020534,0.13354404,0.31658316,0.0028789889
20037,2025-02-18,2,D1,4,D3,4,D3,False,0.034054976,0.20267172,0.3065033,0.13770482,0.31627393,0.0027911859
20037,2025-02-25,2,D1,2,D1,4,D3,False,0.03261794,0.20985508,0.31674632,0.1372756,0.30167046,0.0018345496
20037,2025-03-04,2,D1,2,D1,4,D3,False,0.028631458,0.21065237,0.31874895,0.14468808,0.29510075,0.0021784208
20037,2025-03-11,1,D0,2,D1,4,D3,False,0.023139924,0.20493329,0.31546757,0.16119981,0.29170722,0.0035522524
20037,2025-03-18,1,D0,2,D1,4,D3,False,0.014947843,0.18596119,0.31884068,0.1800252,0.29460058,0.005624446
20037,2025-03-25,1,D0,2,D1,4,D3,False,0.012927134,0.17566875,0.3214552,0.19229555,0.29045033,0.0072030206
20037,2025-04-01,1,D0,2,D1,4,D3,False,0.014326907,0.1819103,0.33062917,0.1959079,0.2707705,0.0064552706
20037,2025-04-08,0,None,2,D1,4,D3,False,0.016485756,0.18794623,0.33071035,0.20130342,0.25635982,0.007194421
20037,2025-04-15,0,None,2,D1,4,D3,False,0.01973281,0.18405414,0.3244973,0.2048184,0.254294,0.012603311
20037,2025-04-22,0,None,2,D1,4,D3,False,0.022177214,0.1728626,0.31193838,0.2065889,0.26265174,0.023781234
20037,2025-04-29,0,None,2,D1,4,D3,False,0.037343714,0.18850693,0.3104739,0.19724196,0.24547864,0.020954948
20037,2025-05-06,0,None,2,D1,4,D3,False,0.04038159,0.18589643,0.30739218,0.19635618,0.24472198,0.025251733
20037,2025-05-13,0,None,2,D1,4,D3,False,0.05226122,0.18859279,0.30015218,0.1892019,0.2386838,0.031108106
20037,2025-05-20,0,None,2,D1,4,D3,False,0.096829854,0.21060953,0.29866937,0.17146128,0.20854373,0.013886258
20037,2025-05-27,0,None,2,D1,4,D3,False,0.15185563,0.2284643,0.29965296,0.1519372,0.16164657,0.006443307
20037,2025-06-03,0,None,2,D1,4,D3,False,0.15383187,0.22064365,0.2976553,0.15466958,0.16419487,0.009004714
20037,2025-06-10,0,None,2,D1,4,D3,False,0.15377575,0.20927875,0.31316975,0.16044642,0.15555523,0.007774087
20037,2025-06-17,0,None,2,D1,0,None,True,0.19317445,0.21828,0.31427574,0.14035866,0.12528388,0.008627175
20037,2025-06-24,0,None,2,D1,0,None,True,0.20523949,0.2316862,0.323186,0.13006397,0.10405794,0.005766349
20037,2025-07-01,0,None,2,D1,0,None,True,0.23597355,0.2417568,0.31527326,0.11576442,0.08817939,0.003052529
20037,2025-07-08,0,None,2,D1,0,None,True,0.2087613,0.23900583,0.32208768,0.12706847,0.09854059,0.004536127
20037,2025-07-15,0,None,2,D1,0,None,True,0.23535493,0.24689287,0.29591265,0.11943117,0.09676913,0.005639233
20037,2025-07-22,0,None,0,None,0,None,True,0.27650023,0.25448108,0.27128127,0.11721309,0.07256035,0.007963973
20037,2025-07-29,0,None,0,None,0,None,True,0.33269212,0.25687492,0.23321334,0.094636895,0.060896076,0.021686621
20037,2025-08-05,0,None,0,None,0,None,True,0.2778002,0.25403336,0.21703878,0.08635727,0.07127234,0.09349807
20037,2025-08-12,0,None,5,D4,0,None,True,0.18302388,0.15262985,0.10999066,0.0660644,0.11355362,0.3747376
20037,2025-08-19,0,None,5,D4,5,D4,False,0.15807116,0.11779315,0.07071442,0.054113258,0.11145521,0.48785284
20037,2025-08-26,0,None,5,D4,5,D4,False,0.16457742,0.12157707,0.06564549,0.054694884,0.11427386,0.4792312
20037,2025-09-02,0,None,5,D4,0,None,True,0.22356679,0.15358305,0.074923135,0.058021978,0.09992772,0.38997728
20037,2025-09-09,0,None,5,D4,0,None,True,0.2559208,0.1725786,0.08005582,0.059346803,0.09142923,0.3406688
20037,2025-09-16,1,D0,0,None,0,None,False,0.30831653,0.20065142,0.08608438,0.0603,0.07601391,0.26863378
20037,2025-09-23,1,D0,0,None,0,None,False,0.35189527,0.21906748,0.086790115,0.0631071,0.0648777,0.21426238
20037,2025-09-30,1,D0,0,None,0,None,False,0.3799496,0.23639047,0.08851061,0.06720326,0.057379406,0.17056654
20037,2025-10-07,2,D1,0,None,0,None,False,0.37034473,0.29418758,0.12067405,0.096109435,0.044775233,0.073909014
20037,2025-10-14,2,D1,0,None,0,None,False,0.36746845,0.34200314,0.13561624,0.11378083,0.024271414,0.016859967
20037,2025-10-21,2,D1,1,D0,0,None,False,0.3729328,0.3731789,0.15148605,0.08960134,0.0103750825,0.002425812
20037,2025-10-28,2,D1,1,D0,0,None,False,0.32800394,0.40006584,0.19071995,0.07515832,0.005676984,0.00037492902
20037,2025-11-04,2,D1,1,D0,0,None,False,0.29277754,0.40290236,0.20419012,0.0927368,0.0070735943,0.00031958256
20037,2025-11-11,2,D1,1,D0,0,None,False,0.2667701,0.39990026,0.19589774,0.12608108,0.010824891,0.0005259154
20037,2025-11-18,2,D1,1,D0,0,None,False,0.28766868,0.40332654,0.18236227,0.117654055,0.008742328,0.00024615525
20037,2025-11-25,1,D0,1,D0,0,None,False,0.28197846,0.39660826,0.17423254,0.1362214,0.0107671395,0.00019226069
20037,2025-12-02,1,D0,1,D0,0,None,False,0.29178557,0.3922932,0.17498276,0.13134114,0.009532152,6.524825e-05
20037,2025-12-09,1,D0,1,D0,0,None,False,0.22569022,0.39474124,0.19508816,0.17159158,0.0128306085,5.8165748e-05
20037,2025-12-16,2,D1,1,D0,0,None,False,0.27937388,0.38736272,0.18882625,0.13433501,0.010081491,2.0644175e-05
20037,2025-12-23,2,D1,1,D0,0,None,False,0.21219265,0.39756095,0.204501,0.17296949,0.01275467,2.1143356e-05
20037,2025-12-30,2,D1,1,D0,0,None,False,0.17215541,0.40083432,0.21362218,0.1966613,0.016700383,2.6416676e-05
20039,2022-01-04,2,D1,1,D0,2,D1,True,0.06171479,0.32528162,0.25632498,0.24909037,0.10289962,0.0046886243
20039,2022-01-11,2,D1,1,D0,3,D2,False,0.054051228,0.32100716,0.25149396,0.25290075,0.115203224,0.0053436994
20039,2022-01-18,2,D1,1,D0,4,D3,False,0.04375985,0.30923012,0.25093034,0.2521218,0.13733117,0.0066267056
20039,2022-01-25,2,D1,1,D0,4,D3,False,0.03672972,0.3044396,0.259039,0.24170868,0.15128858,0.006794417
20039,2022-02-01,2,D1,1,D0,4,D3,False,0.029016966,0.2906035,0.27522957,0.22574311,0.17283235,0.006574529
20039,2022-02-08,3,D2,2,D1,4,D3,False,0.023486745,0.27400023,0.29080465,0.21263702,0.19267885,0.006392457
20039,2022-02-15,3,D2,2,D1,4,D3,False,0.019891758,0.2558538,0.3031212,0.20276971,0.21043861,0.007924956
20039,2022-02-22,3,D2,2,D1,4,D3,False,0.017641162,0.24399117,0.30719292,0.19994392,0.2216554,0.00957548
20039,2022-03-01,3,D2,2,D1,4,D3,False,0.017869283,0.22250997,0.29913676,0.19963633,0.23806539,0.022782242
20039,2022-03-08,3,D2,2,D1,4,D3,False,0.018517945,0.1995779,0.28769806,0.19901647,0.25168976,0.043499846
20039,2022-03-15,3,D2,2,D1,4,D3,False,0.018545747,0.18020412,0.28251892,0.20539667,0.2665869,0.04674763
20039,2022-03-22,3,D2,2,D1,4,D3,False,0.015536721,0.16154991,0.28032616,0.21446554,0.27487603,0.053245652
20039,2022-03-29,3,D2,4,D3,4,D3,False,0.01379514,0.12675072,0.25364053,0.21618423,0.29040727,0.099222064
20039,2022-04-05,3,D2,4,D3,4,D3,False,0.008341992,0.09178996,0.23459399,0.22887269,0.30457237,0.13182896
20039,2022-04-12,4,D3,4,D3,4,D3,True,0.0058923215,0.0682578,0.20942841,0.22810829,0.30948877,0.17882441
20039,2022-04-19,4,D3,4,D3,4,D3,True,0.0040678373,0.04871401,0.17490049,0.21893188,0.29896384,0.25442195
20039,2022-04-26,4,D3,5,D4,4,D3,True,0.0036582784,0.037854075,0.14551185,0.20096613,0.28141788,0.33059174
20039,2022-05-03,4,D3,5,D4,4,D3,True,0.0035181704,0.03551846,0.14279649,0.20046282,0.28005815,0.33764595
20039,2022-05-10,4,D3,5,D4,4,D3,True,0.004739675,0.04347411,0.15625945,0.19796263,0.27669775,0.32086647
20039,2022-05-17,4,D3,5,D4,4,D3,True,0.008167286,0.05540977,0.16748963,0.18892045,0.26826143,0.31175143
20039,2022-05-24,4,D3,4,D3,4,D3,True,0.018947303,0.09069582,0.23042294,0.1958515,0.2962964,0.16778597
20039,2022-05-31,4,D3,4,D3,4,D3,True,0.03285546,0.11557019,0.28721547,0.21236193,0.3004291,0.051567845
20039,2022-06-07,4,D3,2,D1,4,D3,True,0.030705366,0.121174,0.32857147,0.2322871,0.26949897,0.017763043
20039,2022-06-14,3,D2,2,D1,4,D3,False,0.03358504,0.12591586,0.32381997,0.23309216,0.23795965,0.045627303
20039,2022-06-21,3,D2,2,D1,4,D3,False,0.030342788,0.11279062,0.35438544,0.25121188,0.2003126,0.05095669
20039,2022-06-28,3,D2,2,D1,4,D3,False,0.034588914,0.10992844,0.34537446,0.2546436,0.17451224,0.080952294
20039,2022-07-05,3,D2,2,D1,2,D1,False,0.036637336,0.115806274,0.3791731,0.2599218,0.13699943,0.071462065
20039,2022-07-12,3,D2,2,D1,2,D1,False,0.032432813,0.11902596,0.39883777,0.25458965,0.1041619,0.09095194
20039,2022-07-19,4,D3,2,D1,2,D1,False,0.025832668,0.10500236,0.42429253,0.2842637,0.088944465,0.07166433
20039,2022-07-26,4,D3,2,D1,2,D1,False,0.025675971,0.1055557,0.45336348,0.2818718,0.07331038,0.060222626
20039,2022-08-02,4,D3,2,D1,2,D1,False,0.030532056,0.12050312,0.4596501,0.2601347,0.067224346,0.06195565
20039,2022-08-09,4,D3,2,D1,2,D1,False,0.033479907,0.1337543,0.44983068,0.24782252,0.064867795,0.07024485
20039,2022-08-16,4,D3,2,D1,2,D1,False,0.03591085,0.13959284,0.43775764,0.24074654,0.06467716,0.081315026
20039,2022-08-23,4,D3,2,D1,2,D1,False,0.038080208,0.13477178,0.42511392,0.23760399,0.06869928,0.095730804
20039,2022-08-30,4,D3,2,D1,2,D1,False,0.044653606,0.14380817,0.39950737,0.22407708,0.07387555,0.11407817
20039,2022-09-06,4,D3,5,D4,4,D3,True,0.044466015,0.102849685,0.19968858,0.16504748,0.15342428,0.334524
20039,2022-09-13,5,D4,5,D4,4,D3,False,0.03291975,0.066734806,0.10864724,0.14583628,0.23774253,0.40811938
20039,2022-09-20,5,D4,5,D4,4,D3,False,0.020572823,0.052779842,0.11306298,0.17652363,0.20979008,0.42727065
20039,2022-09-27,5,D4,5,D4,4,D3,False,0.015265433,0.03570189,0.0707192,0.1681815,0.26524547,0.44488654
20039,2022-10-04,5,D4,5,D4,4,D3,False,0.009866336,0.025050463,0.05710942,0.17047371,0.2683296,0.46917045
20039,2022-10-11,5,D4,5,D4,4,D3,False,0.008077225,0.018130204,0.0412044,0.17078725,0.28967002,0.47213086
20039,2022-10-18,5,D4,5,D4,4,D3,False,0.0070694787,0.016029779,0.043692667,0.1748272,0.28941196,0.46896896
20039,2022-10-25,5,D4,5,D4,4,D3,False,0.0073570777,0.014107116,0.03733984,0.17304578,0.30071634,0.4674339
20039,2022-11-01,5,D4,5,D4,4,D3,False,0.0076762373,0.015068799,0.041426856,0.17574629,0.30159903,0.45848277
20039,2022-11-08,5,D4,5,D4,4,D3,False,0.0092512565,0.018644786,0.047700364,0.17535393,0.3034644,0.44558522
20039,2022-11-15,5,D4,5,D4,4,D3,False,0.010091794,0.021983484,0.057345994,0.17890234,0.29824886,0.43342754
20039,2022-11-22,5,D4,5,D4,4,D3,False,0.010851009,0.024441784,0.06181244,0.17933087,0.29697803,0.42658585
20039,2022-11-29,5,D4,5,D4,4,D3,False,0.010966407,0.027383214,0.06918119,0.18195519,0.29972345,0.41079056
20039,2022-12-06,5,D4,5,D4,4,D3,False,0.0113004,0.031935964,0.07980986,0.18331671,0.30186123,0.39177582
20039,2022-12-13,5,D4,5,D4,4,D3,False,0.011036959,0.033910353,0.08613585,0.18482757,0.30347034,0.38061896
20039,2022-12-20,5,D4,5,D4,4,D3,False,0.012964164,0.046576332,0.112666205,0.18480366,0.31824118,0.3247485
20039,2022-12-27,5,D4,4,D3,4,D3,False,0.018657336,0.07147796,0.16311197,0.18425068,0.36273143,0.19977066
20039,2023-01-03,5,D4,4,D3,4,D3,False,0.027028492,0.1152638,0.23161641,0.1765433,0.38920513,0.06034294
20039,2023-01-10,5,D4,4,D3,4,D3,False,0.028747326,0.14305922,0.26002488,0.16911983,0.3750755,0.023973344
20039,2023-01-17,5,D4,4,D3,4,D3,False,0.034049604,0.16204253,0.27777433,0.15309434,0.36205053,0.010988662
20039,2023-01-24,5,D4,4,D3,4,D3,False,0.04678871,0.18515636,0.291845,0.13388278,0.33848435,0.003842818
20039,2023-01-31,5,D4,4,D3,4,D3,False,0.06262547,0.20831156,0.2994818,0.121988125,0.30617476,0.0014183869
20039,2023-02-07,5,D4,4,D3,4,D3,False,0.05257178,0.21391109,0.30042568,0.12869664,0.30292,0.0014747683
20039,2023-02-14,5,D4,2,D1,4,D3,False,0.04802812,0.21936508,0.30691773,0.1318096,0.29264283,0.0012366938
20039,2023-02-21,4,D3,2,D1,4,D3,True,0.049641714,0.22109737,0.3095241,0.1300054,0.28859386,0.001137513
20039,2023-02-28,4,D3,2,D1,4,D3,True,0.0386827,0.21693721,0.31519523,0.1387412,0.28909087,0.0013527706
20039,2023-03-07,4,D3,2,D1,4,D3,True,0.032937475,0.20840701,0.31902063,0.142124,0.29583642,0.0016745282
20039,2023-03-14,4,D3,2,D1,4,D3,True,0.032502547,0.21167545,0.32466358,0.14402024,0.28559935,0.0015388138
20039,2023-03-21,4,D3,2,D1,4,D3,True,0.031209148,0.21036983,0.32695296,0.14697042,0.2828102,0.0016874044
20039,2023-03-28,4,D3,2,D1,4,D3,True,0.019702988,0.19836245,0.33320192,0.16501497,0.2812961,0.002421579
20039,2023-04-04,4,D3,2,D1,4,D3,True,0.015401805,0.18431124,0.33034307,0.18081234,0.2845726,0.00455889
20039,2023-04-11,4,D3,2,D1,4,D3,True,0.012066101,0.16220096,0.3236271,0.20821251,0.284283,0.009610256
20039,2023-04-18,4,D3,2,D1,4,D3,True,0.012419787,0.14968976,0.31085986,0.21831407,0.28947416,0.019242436
20039,2023-04-25,4,D3,4,D3,4,D3,True,0.010439775,0.12183748,0.29030827,0.22663508,0.3056896,0.04508979
20039,2023-05-02,5,D4,4,D3,4,D3,False,0.007870328,0.08975001,0.25531226,0.23141102,0.31844857,0.09720774
20039,2023-05-09,5,D4,4,D3,4,D3,False,0.0066785375,0.07426,0.2330779,0.23050539,0.32148632,0.13399188
20039,2023-05-16,4,D3,4,D3,4,D3,True,0.008090212,0.07051825,0.21506093,0.21663663,0.30815935,0.18153456
20039,2023-05-23,4,D3,4,D3,4,D3,True,0.015441882,0.090446375,0.2397147,0.20971051,0.30452666,0.14015985
20039,2023-05-30,4,D3,4,D3,4,D3,True,0.025010068,0.12022793,0.2830192,0.21092597,0.30205554,0.05876133
20039,2023-06-06,4,D3,2,D1,4,D3,True,0.036405288,0.13613468,0.32684976,0.21661177,0.2731369,0.010861656
20039,2023-06-13,4,D3,2,D1,4,D3,True,0.037160695,0.13905752,0.34251568,0.2187309,0.2549865,0.007548775
20039,2023-06-20,4,D3,2,D1,4,D3,True,0.040468547,0.14945439,0.36686715,0.2220549,0.21723366,0.0039213505
20039,2023-06-27,4,D3,2,D1,4,D3,True,0.033575315,0.14315546,0.39096764,0.2340914,0.19581561,0.0023946015
20039,2023-07-04,4,D3,2,D1,4,D3,True,0.033936206,0.13506967,0.39736533,0.24074829,0.18820557,0.0046749245
20039,2023-07-11,4,D3,2,D1,4,D3,True,0.035203896,0.13103083,0.3733056,0.22844717,0.20943324,0.02257925
20039,2023-07-18,4,D3,2,D1,4,D3,True,0.03947163,0.13579097,0.349944,0.2138572,0.20841782,0.05251843
20039,2023-07-25,3,D2,5,D4,4,D3,False,0.04176424,0.11255077,0.18872164,0.15247147,0.2516035,0.25288835
20039,2023-08-01,3,D2,5,D4,4,D3,False,0.0338515,0.0757168,0.10159161,0.10813276,0.26809698,0.41261035
20039,2023-08-08,2,D1,5,D4,4,D3,False,0.0314739,0.055648282,0.066429764,0.085149705,0.26501986,0.4962784
20039,2023-08-15,2,D1,5,D4,4,D3,False,0.030702747,0.04584828,0.05037161,0.07651269,0.2646987,0.53186595
20039,2023-08-22,2,D1,5,D4,4,D3,False,0.032962877,0.045620468,0.04486468,0.07150761,0.2583275,0.5467169
20039,2023-08-29,2,D1,5,D4,4,D3,False,0.03491702,0.045592874,0.04359967,0.0710769,0.25877684,0.54603666
20039,2023-09-05,2,D1,5,D4,4,D3,False,0.042272333,0.054693673,0.04914713,0.07125662,0.24916093,0.5334693
20039,2023-09-12,2,D1,5,D4,4,D3,False,0.050967332,0.06662267,0.05883317,0.07683759,0.24683692,0.4999024
20039,2023-09-19,2,D1,5,D4,4,D3,False,0.049114257,0.06394284,0.054346126,0.07686277,0.26448953,0.4912445
20039,2023-09-26,2,D1,5,D4,4,D3,False,0.04924011,0.06811,0.059454557,0.09374875,0.29814267,0.43130395
20039,2023-10-03,2,D1,5,D4,4,D3,False,0.047572255,0.06951974,0.063731216,0.109527074,0.32227522,0.3873745
20039,2023-10-10,2,D1,5,D4,4,D3,False,0.050272238,0.07503947,0.07298782,0.12629838,0.3262197,0.3491823
20039,2023-10-17,2,D1,5,D4,4,D3,False,0.03493411,0.0663776,0.075099856,0.15626618,0.3231894,0.34413278
20039,2023-10-24,2,D1,5,D4,4,D3,False,0.027050434,0.068912484,0.08802908,0.17229983,0.3015971,0.34211114
20039,2023-10-31,2,D1,5,D4,4,D3,False,0.028184121,0.07896411,0.10713663,0.18907368,0.29167134,0.3049702
20039,2023-11-07,2,D1,4,D3,4,D3,False,0.032760818,0.10110872,0.13364454,0.2019874,0.2708623,0.2596362
20039,2023-11-14,2,D1,4,D3,4,D3,False,0.0353645,0.11492268,0.15089853,0.20628414,0.2620424,0.23048773
20039,2023-11-21,2,D1,4,D3,4,D3,False,0.0384696,0.14370042,0.17437759,0.21157049,0.26483727,0.16704457
20039,2023-11-28,2,D1,4,D3,4,D3,False,0.038634848,0.15946296,0.18994342,0.21138124,0.2725971,0.12798046
20039,2023-12-05,2,D1,4,D3,4,D3,False,0.035979267,0.16692132,0.19991878,0.21175654,0.2788683,0.10655574
20039,2023-12-12,2,D1,4,D3,4,D3,False,0.036877096,0.18148355,0.21969055,0.20271952,0.28984237,0.06938692
20039,2023-12-19,2,D1,4,D3,4,D3,False,0.045606516,0.1987048,0.24663305,0.18150543,0.3032539,0.024296269
20039,2023-12-26,2,D1,4,D3,4,D3,False,0.061068654,0.21725602,0.26727608,0.16513552,0.28267366,0.006590042
20039,2024-01-02,2,D1,2,D1,4,D3,False,0.07037276,0.22795364,0.27568588,0.15608902,0.26664698,0.0032516979
20039,2024-01-09,2,D1,2,D1,4,D3,False,0.11334586,0.2554585,0.27712715,0.13867794,0.21419999,0.0011906126
20039,2024-01-16,2,D1,2,D1,4,D3,False,0.13575575,0.2725045,0.27676427,0.13001764,0.18436435,0.0005935227
20039,2024-01-23,2,D1,2,D1,4,D3,False,0.12939769,0.2771965,0.28100118,0.12870792,0.18323568,0.0004610317
20039,2024-01-30,2,D1,1,D0,4,D3,False,0.15738003,0.2886542,0.27048534,0.12325053,0.15997471,0.00025513818
20039,2024-02-06,2,D1,1,D0,0,None,False,0.19975927,0.30053186,0.2517975,0.11445589,0.13330868,0.00014680433
20039,2024-02-13,2,D1,1,D0,0,None,False,0.20205902,0.30091503,0.25077382,0.115170054,0.13094397,0.00013814066
20039,2024-02-20,2,D1,1,D0,0,None,False,0.16571294,0.30589646,0.26381883,0.12399119,0.14045164,0.00012892735
20039,2024-02-27,2,D1,1,D0,0,None,False,0.1892027,0.30475655,0.26221275,0.12053373,0.12319011,0.00010420451
20039,2024-03-05,2,D1,1,D0,0,None,False,0.16667898,0.31203225,0.27789265,0.12833841,0.11495814,9.955669e-05
20039,2024-03-12,2,D1,1,D0,0,None,False,0.1648819,0.31975174,0.28590485,0.12913516,0.10023776,8.8623776e-05
20039,2024-03-19,2,D1,1,D0,0,None,False,0.1668893,0.32812503,0.29559758,0.12411316,0.08520616,6.878913e-05
20039,2024-03-26,1,D0,1,D0,0,None,False,0.15240358,0.3235751,0.31057367,0.12448838,0.08887229,8.6962275e-05
20039,2024-04-02,1,D0,2,D1,2,D1,False,0.10307061,0.3052541,0.3478985,0.14067158,0.102961145,0.00014402495
20039,2024-04-09,1,D0,2,D1,2,D1,False,0.04820237,0.25950933,0.37412006,0.17032167,0.14735216,0.000494366
20039,2024-04-16,1,D0,2,D1,2,D1,False,0.028101807,0.22923616,0.38080072,0.19214787,0.16843702,0.0012764194
20039,2024-04-23,1,D0,2,D1,4,D3,False,0.025747797,0.21081649,0.36316112,0.1983939,0.19866292,0.0032177845
20039,2024-04-30,1,D0,2,D1,4,D3,False,0.030505868,0.19939055,0.33777955,0.19990523,0.22529075,0.0071280086
20039,2024-05-07,1,D0,2,D1,4,D3,False,0.03702262,0.19708031,0.3290669,0.19734186,0.22927417,0.010214149
20039,2024-05-14,1,D0,2,D1,4,D3,False,0.048731446,0.19792566,0.31834278,0.19022217,0.2294556,0.0153223295
20039,2024-05-21,0,None,2,D1,4,D3,False,0.07179947,0.20586774,0.3175373,0.18004058,0.21399902,0.010755907
20039,2024-05-28,0,None,2,D1,4,D3,False,0.082413234,0.19753088,0.3100256,0.18269995,0.21148859,0.015841683
20039,2024-06-04,0,None,2,D1,4,D3,False,0.06149049,0.18111843,0.32494423,0.19859347,0.22216585,0.01168759
20039,2024-06-11,0,None,2,D1,4,D3,False,0.054608688,0.17657523,0.33450997,0.20578995,0.22046918,0.00804701
20039,2024-06-18,0,None,2,D1,4,D3,False,0.055391617,0.164275,0.32197532,0.21383484,0.22652172,0.018001506
20039,2024-06-25,0,None,2,D1,4,D3,False,0.05652831,0.152265,0.31728035,0.21560697,0.22485125,0.03346811
20039,2024-07-02,0,None,2,D1,4,D3,False,0.048259225,0.14117439,0.3212854,0.21966971,0.21531756,0.054293714
20039,2024-07-09,0,None,2,D1,4,D3,False,0.041172944,0.13137506,0.3089724,0.21216272,0.21388271,0.09243408
20039,2024-07-16,0,None,2,D1,4,D3,False,0.035906665,0.123261005,0.2941797,0.19766714,0.19208205,0.15690343
20039,2024-07-23,0,None,2,D1,4,D3,False,0.02827463,0.104397856,0.27331132,0.19227663,0.17388631,0.22785322
20039,2024-07-30,1,D0,5,D4,4,D3,False,0.023395242,0.09194236,0.24635667,0.18488905,0.1633046,0.29011217
20039,2024-08-06,2,D1,5,D4,4,D3,False,0.030062452,0.08294421,0.14490207,0.13541369,0.19814277,0.40853485
20039,2024-08-13,2,D1,5,D4,4,D3,False,0.027712695,0.05990889,0.08309963,0.10949733,0.25414124,0.46564025
20039,2024-08-20,2,D1,5,D4,4,D3,False,0.027676925,0.048635915,0.057825193,0.090914086,0.27750832,0.49743956
20039,2024-08-27,2,D1,5,D4,4,D3,False,0.027372377,0.041299272,0.045653317,0.08326876,0.2785405,0.5238658
20039,2024-09-03,2,D1,5,D4,4,D3,False,0.029441996,0.042725615,0.04448351,0.08536662,0.28032157,0.5176607
20039,2024-09-10,2,D1,5,D4,4,D3,False,0.026099645,0.03828961,0.04280114,0.09462834,0.29637662,0.5018047
20039,2024-09-17,2,D1,5,D4,4,D3,False,0.021970088,0.034229644,0.041188963,0.11047656,0.31876174,0.473373
20039,2024-09-24,2,D1,5,D4,4,D3,False,0.015132397,0.025094382,0.033893593,0.12253686,0.32771486,0.47562784
20039,2024-10-01,2,D1,5,D4,4,D3,False,0.011687155,0.019989492,0.028298901,0.1259525,0.32916126,0.4849107
20039,2024-10-08,2,D1,5,D4,4,D3,False,0.0058438433,0.014372665,0.026495496,0.14634073,0.30938303,0.4975642
20039,2024-10-15,2,D1,5,D4,4,D3,False,0.004982234,0.011778555,0.026050832,0.15512751,0.30613753,0.49592334
20039,2024-10-22,2,D1,5,D4,4,D3,False,0.0045230263,0.010496686,0.02745748,0.16550557,0.30156118,0.4904561
20039,2024-10-29,2,D1,5,D4,4,D3,False,0.0042493884,0.010143838,0.030070284,0.1730869,0.30016777,0.48228174
20039,2024-11-05,2,D1,5,D4,4,D3,False,0.0050960165,0.012702041,0.036667027,0.17743221,0.2994716,0.46863103
20039,2024-11-12,1,D0,5,D4,4,D3,False,0.013248908,0.028988594,0.06881761,0.1798551,0.2996027,0.40948707
20039,2024-11-19,1,D0,5,D4,4,D3,False,0.024143225,0.048620757,0.10072672,0.16392495,0.31472734,0.34785697
20039,2024-11-26,1,D0,4,D3,4,D3,False,0.039224118,0.08218371,0.15586862,0.16220282,0.35482302,0.20569767
20039,2024-12-03,1,D0,4,D3,4,D3,False,0.047939457,0.10744474,0.19707958,0.1470471,0.38021916,0.12026996
20039,2024-12-10,1,D0,4,D3,4,D3,False,0.053698067,0.123189405,0.22040011,0.13991624,0.38663095,0.076165274
20039,2024-12-17,1,D0,4,D3,4,D3,False,0.0465894,0.12916173,0.22974874,0.14490494,0.38894987,0.06064531
20039,2024-12-24,1,D0,4,D3,4,D3,False,0.060391203,0.14430048,0.24570772,0.13110855,0.3851516,0.033340503
20039,2024-12-31,1,D0,4,D3,4,D3,False,0.06933705,0.15980315,0.25945428,0.1240912,0.37179592,0.015518425
20039,2025-01-07,1,D0,4,D3,4,D3,False,0.07765001,0.16904801,0.26856658,0.121095605,0.3544239,0.0092158625
20039,2025-01-14,1,D0,4,D3,4,D3,False,0.06684932,0.17983231,0.2735944,0.1251227,0.3476377,0.0069635576
20039,2025-01-21,1,D0,4,D3,4,D3,False,0.06293338,0.18609816,0.27678758,0.12643394,0.34115952,0.0065873447
20039,2025-01-28,1,D0,4,D3,4,D3,False,0.05786495,0.19117358,0.2835073,0.12558931,0.33621427,0.005650639
20039,2025-02-04,1,D0,4,D3,4,D3,False,0.05446325,0.20078671,0.29146725,0.124050036,0.32560328,0.0036294789
20039,2025-02-11,2,D1,4,D3,4,D3,False,0.039654307,0.20528622,0.3020534,0.13354404,0.31658316,0.0028789889
20039,2025-02-18,2,D1,4,D3,4,D3,False,0.034054976,0.20267172,0.3065033,0.13770482,0.31627393,0.0027911859
20039,2025-02-25,2,D1,2,D1,4,D3,False,0.03261794,0.20985508,0.31674632,0.1372756,0.30167046,0.0018345496
20039,2025-03-04,2,D1,2,D1,4,D3,False,0.028631458,0.21065237,0.31874895,0.14468808,0.29510075,0.0021784208
20039,2025-03-11,2,D1,2,D1,4,D3,False,0.023139924,0.20493329,0.31546757,0.16119981,0.29170722,0.0035522524
20039,2025-03-18,2,D1,2,D1,4,D3,False,0.014947843,0.18596119,0.31884068,0.1800252,0.29460058,0.005624446
20039,2025-03-25,2,D1,2,D1,4,D3,False,0.012927134,0.17566875,0.3214552,0.19229555,0.29045033,0.0072030206
20039,2025-04-01,2,D1,2,D1,4,D3,False,0.014326907,0.1819103,0.33062917,0.1959079,0.2707705,0.0064552706
20039,2025-04-08,2,D1,2,D1,4,D3,False,0.016485756,0.18794623,0.33071035,0.20130342,0.25635982,0.007194421
20039,2025-04-15,2,D1,2,D1,4,D3,False,0.01973281,0.18405414,0.3244973,0.2048184,0.254294,0.012603311
20039,2025-04-22,2,D1,2,D1,4,D3,False,0.022177208,0.1728626,0.31193838,0.2065889,0.26265177,0.02378123
20039,2025-04-29,2,D1,2,D1,4,D3,False,0.037343726,0.18850693,0.3104739,0.19724195,0.24547862,0.020954939
20039,2025-05-06,2,D1,2,D1,4,D3,False,0.04038159,0.18589643,0.30739218,0.19635618,0.24472198,0.025251733
20039,2025-05-13,2,D1,2,D1,4,D3,False,0.05226122,0.18859279,0.30015218,0.1892019,0.2386838,0.031108106
20039,2025-05-20,2,D1,2,D1,4,D3,False,0.096829854,0.21060953,0.29866937,0.17146128,0.20854373,0.013886258
20039,2025-05-27,3,D2,2,D1,4,D3,False,0.15185563,0.2284643,0.29965296,0.1519372,0.16164657,0.006443307
20039,2025-06-03,3,D2,2,D1,4,D3,False,0.15383187,0.22064365,0.2976553,0.15466958,0.16419487,0.009004714
20039,2025-06-10,3,D2,2,D1,4,D3,False,0.15377575,0.20927875,0.31316975,0.16044642,0.15555523,0.007774087
20039,2025-06-17,3,D2,2,D1,0,None,False,0.19317445,0.21828,0.31427574,0.14035866,0.12528388,0.008627175
20039,2025-06-24,3,D2,2,D1,0,None,False,0.20523949,0.2316862,0.323186,0.13006397,0.10405794,0.005766349
20039,2025-07-01,3,D2,2,D1,0,None,False,0.23597355,0.2417568,0.31527326,0.11576442,0.08817939,0.003052529
20039,2025-07-08,3,D2,2,D1,0,None,False,0.2087613,0.23900583,0.32208768,0.12706847,0.09854059,0.004536127
20039,2025-07-15,3,D2,2,D1,0,None,False,0.23535493,0.24689287,0.29591265,0.11943117,0.09676913,0.005639233
20039,2025-07-22,3,D2,0,None,0,None,False,0.27650023,0.25448108,0.27128127,0.11721309,0.07256035,0.007963973
20039,2025-07-29,3,D2,0,None,0,None,False,0.33269212,0.25687492,0.23321334,0.094636895,0.060896076,0.021686621
20039,2025-08-05,2,D1,0,None,0,None,False,0.27780014,0.2540333,0.21703875,0.08635725,0.07127234,0.093498066
20039,2025-08-12,2,D1,5,D4,0,None,False,0.18302399,0.1526299,0.10999066,0.066064395,0.113553576,0.37473747
20039,2025-08-19,2,D1,5,D4,5,D4,False,0.15807109,0.11779312,0.070714414,0.054113265,0.11145524,0.4878529
20039,2025-08-26,2,D1,5,D4,5,D4,False,0.16457745,0.1215771,0.06564551,0.05469488,0.11427388,0.47923118
20039,2025-09-02,1,D0,5,D4,0,None,False,0.22356676,0.15358303,0.07492313,0.058021978,0.09992772,0.38997737
20039,2025-09-09,1,D0,5,D4,0,None,False,0.25592077,0.17257859,0.0800558,0.05934679,0.091429226,0.34066874
20039,2025-09-16,1,D0,0,None,0,None,False,0.30831647,0.20065139,0.08608438,0.060300004,0.076013915,0.2686339
20039,2025-09-23,0,None,0,None,0,None,True,0.35189527,0.21906745,0.08679013,0.0631071,0.06487771,0.21426237
20039,2025-09-30,0,None,0,None,0,None,True,0.3799497,0.2363905,0.0885106,0.06720325,0.0573794,0.17056656
20039,2025-10-07,0,None,0,None,0,None,True,0.3703447,0.2941876,0.120674044,0.096109435,0.04477524,0.07390904
20039,2025-10-14,0,None,0,None,0,None,True,0.3674685,0.3420031,0.13561623,0.11378082,0.024271408,0.016859962
20039,2025-10-21,0,None,1,D0,0,None,True,0.3729328,0.3731789,0.15148605,0.08960135,0.010375089,0.0024258145
20039,2025-10-28,0,None,1,D0,0,None,True,0.3280039,0.40006578,0.19071996,0.07515835,0.005676989,0.0003749295
20039,2025-11-04,0,None,1,D0,0,None,True,0.29277742,0.40290236,0.20419012,0.0927368,0.007073597,0.0003195827
20039,2025-11-11,0,None,1,D0,0,None,True,0.26677006,0.39990023,0.19589779,0.12608103,0.010824895,0.0005259154
20039,2025-11-18,0,None,1,D0,0,None,True,0.28766865,0.40332657,0.18236224,0.117654055,0.008742328,0.00024615528
20039,2025-11-25,0,None,1,D0,0,None,True,0.28197843,0.3966082,0.17423254,0.13622141,0.01076714,0.00019226066
20039,2025-12-02,0,None,1,D0,0,None,True,0.29178554,0.3922931,0.1749828,0.13134117,0.009532155,6.524823e-05
20039,2025-12-09,0,None,1,D0,0,None,True,0.2256902,0.3947414,0.19508815,0.17159154,0.01283061,5.816577e-05
20039,2025-12-16,0,None,1,D0,0,None,True,0.27937385,0.3873627,0.18882628,0.134335,0.010081489,2.0644153e-05
20039,2025-12-23,0,None,1,D0,0,None,True,0.21219264,0.39756104,0.20450099,0.17296953,0.012754673,2.114336e-05
20039,2025-12-30,0,None,1,D0,0,None,True,0.17215535,0.40083426,0.21362224,0.19666126,0.016700389,2.6416672e-05
