FIPS,target_week,actual_label,actual_class,pred_label_raw,pred_class_raw,pred_label,pred_class,is_correct,prob_None,prob_D0,prob_D1,prob_D2,prob_D3,prob_D4
31001,2022-01-04,1,D0,1,D0,1,D0,True,0.017295292,0.61716163,0.36550638,2.6203114e-05,1.0151551e-05,3.2042445e-07
31001,2022-01-11,1,D0,1,D0,1,D0,True,0.013875424,0.6032111,0.38286725,3.146193e-05,1.4495978e-05,3.1443693e-07
31001,2022-01-18,1,D0,1,D0,1,D0,True,0.013311991,0.5930269,0.39361116,3.381247e-05,1.5855461e-05,3.1169535e-07
31001,2022-01-25,1,D0,1,D0,1,D0,True,0.011554523,0.5892034,0.39919376,3.2173644e-05,1.5919395e-05,2.831818e-07
31001,2022-02-01,2,D1,1,D0,1,D0,False,0.011460053,0.5824648,0.4060263,3.1938507e-05,1.6655524e-05,3.0057492e-07
31001,2022-02-08,2,D1,1,D0,1,D0,False,0.01120621,0.5813129,0.40744063,2.7195483e-05,1.2890528e-05,2.6033842e-07
31001,2022-02-15,2,D1,1,D0,1,D0,False,0.011734685,0.5806101,0.40762156,2.3030081e-05,1.0375956e-05,2.9623902e-07
31001,2022-02-22,2,D1,1,D0,1,D0,False,0.011917176,0.5771732,0.41088283,1.8473722e-05,8.049187e-06,4.1992158e-07
31001,2022-03-01,2,D1,1,D0,1,D0,False,0.010904736,0.56620026,0.42287248,1.5972253e-05,6.1916353e-06,4.310995e-07
31001,2022-03-08,2,D1,1,D0,1,D0,False,0.013216365,0.57270116,0.41406772,1.1523487e-05,2.9899954e-06,2.7524578e-07
31001,2022-03-15,2,D1,1,D0,1,D0,False,0.015929159,0.5880432,0.39599684,2.6630145e-05,3.9046104e-06,2.3016263e-07
31001,2022-03-22,2,D1,1,D0,1,D0,False,0.017612087,0.57677996,0.4055604,4.3156077e-05,4.2023084e-06,1.8670434e-07
31001,2022-03-29,2,D1,1,D0,1,D0,False,0.01606477,0.569711,0.41414884,7.146881e-05,3.7831046e-06,1.03927846e-07
31001,2022-04-05,2,D1,1,D0,1,D0,False,0.015053648,0.54726344,0.43751,0.00016693941,5.7868256e-06,1.5410971e-07
31001,2022-04-12,2,D1,1,D0,1,D0,False,0.01111646,0.5396011,0.44908103,0.00019600133,5.37615e-06,9.522508e-08
31001,2022-04-19,3,D2,1,D0,1,D0,False,0.0065864776,0.5083369,0.48438054,0.0006836648,1.22922065e-05,1.1695337e-07
31001,2022-04-26,3,D2,1,D0,1,D0,False,0.006580713,0.5072337,0.48505053,0.001120881,1.4210484e-05,7.233253e-08
31001,2022-05-03,3,D2,1,D0,1,D0,False,0.070704974,0.49773082,0.43114054,0.0004206189,2.8210177e-06,1.9279936e-07
31001,2022-05-10,3,D2,1,D0,1,D0,False,0.09536934,0.5174039,0.38708714,0.00013868342,9.228401e-07,7.373633e-08
31001,2022-05-17,3,D2,1,D0,1,D0,False,0.04766108,0.54462284,0.4074424,0.00027149238,2.0321113e-06,3.268659e-08
31001,2022-05-24,3,D2,1,D0,1,D0,False,0.053541064,0.53919727,0.40694305,0.0003151572,3.3540794e-06,7.067745e-08
31001,2022-05-31,3,D2,1,D0,1,D0,False,0.036021497,0.5230754,0.43690664,0.003901078,9.4373914e-05,9.813042e-07
31001,2022-06-07,3,D2,2,D1,2,D1,False,0.014016057,0.40111434,0.45115063,0.12064692,0.013048967,2.3056298e-05
31001,2022-06-14,2,D1,2,D1,2,D1,True,0.008731954,0.3405034,0.41340217,0.20822716,0.02910818,2.7202632e-05
31001,2022-06-21,2,D1,2,D1,2,D1,True,0.017428404,0.43136826,0.4496699,0.09629764,0.0052226437,1.3198904e-05
31001,2022-06-28,2,D1,2,D1,2,D1,True,0.01214729,0.4291268,0.45786205,0.09822253,0.002635519,5.706442e-06
31001,2022-07-05,2,D1,1,D0,1,D0,False,0.01794026,0.47658515,0.4474751,0.057157528,0.00083827076,3.6689048e-06
31001,2022-07-12,2,D1,1,D0,1,D0,False,0.027444718,0.5192215,0.42822987,0.024949407,0.00015299878,1.5261916e-06
31001,2022-07-19,2,D1,1,D0,1,D0,False,0.032583017,0.5311925,0.42111176,0.015020795,9.019005e-05,1.6893384e-06
31001,2022-07-26,2,D1,1,D0,1,D0,False,0.02980377,0.5140273,0.41656753,0.03923001,0.0003651598,6.178586e-06
31001,2022-08-02,2,D1,1,D0,1,D0,False,0.04153829,0.5151559,0.4043123,0.038528815,0.0004514901,1.3152574e-05
31001,2022-08-09,2,D1,1,D0,1,D0,False,0.024101073,0.4640494,0.39105693,0.118049085,0.0027036392,3.984421e-05
31001,2022-08-16,2,D1,1,D0,1,D0,False,0.018867463,0.40254864,0.35294193,0.2077015,0.017646754,0.00029368448
31001,2022-08-23,2,D1,1,D0,3,D2,False,0.023274591,0.37994954,0.31095374,0.24156529,0.043163832,0.0010929713
31001,2022-08-30,3,D2,4,D3,3,D2,True,0.012394412,0.2358764,0.18821461,0.23359461,0.3166459,0.013274072
31001,2022-09-06,3,D2,4,D3,4,D3,False,0.00055576983,0.0056291497,0.0038688986,0.0122716585,0.77271086,0.20496374
31001,2022-09-13,3,D2,5,D4,4,D3,False,1.7139737e-05,7.2880466e-05,6.227261e-05,0.0006358724,0.46765497,0.5315569
31001,2022-09-20,3,D2,5,D4,4,D3,False,1.9589084e-05,6.471076e-05,4.9064925e-05,0.00045879232,0.42772207,0.57168573
31001,2022-09-27,3,D2,5,D4,4,D3,False,6.4891665e-06,2.311566e-05,2.0460986e-05,0.00026847093,0.4333918,0.5662897
31001,2022-10-04,3,D2,5,D4,4,D3,False,4.7920753e-07,2.028184e-06,2.2427228e-06,4.5740093e-05,0.42242122,0.57752836
31001,2022-10-11,3,D2,5,D4,4,D3,False,4.3231483e-07,1.6034683e-06,1.4883667e-06,3.0897176e-05,0.4303109,0.56965464
31001,2022-10-18,3,D2,5,D4,4,D3,False,7.200403e-08,3.7094895e-07,4.1686673e-07,9.491245e-06,0.42522132,0.5747683
31001,2022-10-25,3,D2,5,D4,4,D3,False,2.4272357e-08,1.6168265e-07,2.1917093e-07,4.789752e-06,0.4204715,0.5795234
31001,2022-11-01,3,D2,5,D4,4,D3,False,3.8796713e-08,2.3936462e-07,2.8274178e-07,6.9809257e-06,0.41683248,0.58316004
31001,2022-11-08,3,D2,5,D4,4,D3,False,1.27208e-07,5.948525e-07,6.6404914e-07,1.6768861e-05,0.43509975,0.56488204
31001,2022-11-15,3,D2,5,D4,4,D3,False,2.1811977e-07,8.865821e-07,9.5213943e-07,2.2232409e-05,0.4415421,0.5584336
31001,2022-11-22,3,D2,5,D4,4,D3,False,2.973152e-07,1.2769461e-06,1.6511677e-06,3.746575e-05,0.46313053,0.5368288
31001,2022-11-29,3,D2,5,D4,4,D3,False,3.9728113e-07,1.6633136e-06,2.0036166e-06,4.1124502e-05,0.4647439,0.5352109
31001,2022-12-06,3,D2,5,D4,4,D3,False,3.198821e-07,1.6217368e-06,1.8806343e-06,3.111713e-05,0.4657943,0.5341708
31001,2022-12-13,3,D2,5,D4,4,D3,False,8.876618e-07,3.2772264e-06,3.6143813e-06,6.459208e-05,0.47130042,0.52862716
31001,2022-12-20,3,D2,5,D4,4,D3,False,2.762354e-06,7.4775635e-06,7.456983e-06,0.000121401376,0.47439018,0.5254708
31001,2022-12-27,3,D2,5,D4,4,D3,False,3.3408078e-06,9.871582e-06,9.957416e-06,0.00013811384,0.4672456,0.5325932
31001,2023-01-03,3,D2,5,D4,4,D3,False,9.395116e-06,2.1316537e-05,1.9073099e-05,0.00021640329,0.46214122,0.53759253
31001,2023-01-10,3,D2,5,D4,4,D3,False,4.0478353e-05,7.015048e-05,6.321246e-05,0.00062911183,0.4531519,0.546045
31001,2023-01-17,3,D2,5,D4,4,D3,False,1.5082342e-05,3.6970123e-05,3.137841e-05,0.00027890713,0.44856206,0.5510756
31001,2023-01-24,3,D2,5,D4,4,D3,False,0.00011274536,0.00016532557,0.00014118919,0.0011430155,0.44366038,0.5547773
31001,2023-01-31,3,D2,5,D4,4,D3,False,8.533277e-05,0.00015638143,0.00015406008,0.0012246113,0.4395541,0.55882555
31001,2023-02-07,3,D2,5,D4,4,D3,False,7.85748e-06,3.266693e-05,3.7898313e-05,0.00033554566,0.43797103,0.56161505
31001,2023-02-14,3,D2,5,D4,4,D3,False,4.6984064e-06,2.169331e-05,2.8047936e-05,0.0002643308,0.4370173,0.562664
31001,2023-02-21,3,D2,5,D4,4,D3,False,1.400865e-06,7.9576075e-06,1.093198e-05,0.000118352276,0.4351547,0.5647067
31001,2023-02-28,3,D2,5,D4,4,D3,False,1.0782264e-06,6.0529446e-06,8.861779e-06,0.00010921636,0.4336231,0.56625164
31001,2023-03-07,3,D2,5,D4,4,D3,False,6.5593173e-07,3.860227e-06,6.0098214e-06,8.532523e-05,0.4299549,0.5699492
31001,2023-03-14,3,D2,5,D4,4,D3,False,1.6355052e-06,7.5835283e-06,1.2363648e-05,0.00018608502,0.42442134,0.57537097
31001,2023-03-21,3,D2,5,D4,4,D3,False,3.569579e-07,2.3735463e-06,4.2142287e-06,6.278287e-05,0.41415823,0.58577204
31001,2023-03-28,3,D2,5,D4,4,D3,False,2.1900452e-07,1.413431e-06,2.8763984e-06,5.048249e-05,0.40314865,0.5967963
31001,2023-04-04,3,D2,5,D4,4,D3,False,1.11431504e-07,8.12534e-07,2.0168527e-06,3.5430017e-05,0.3882988,0.6116629
31001,2023-04-11,3,D2,5,D4,4,D3,False,3.1546495e-08,2.5816306e-07,1.1625701e-06,3.05948e-05,0.3820443,0.6179236
31001,2023-04-18,3,D2,5,D4,4,D3,False,1.500623e-08,1.3885517e-07,1.228255e-06,3.6658905e-05,0.3687954,0.6311666
31001,2023-04-25,3,D2,5,D4,4,D3,False,3.9946046e-09,3.82784e-08,9.566132e-07,5.3755808e-05,0.35893467,0.6410106
31001,2023-05-02,3,D2,5,D4,4,D3,False,2.2315245e-09,2.1658657e-08,1.1487513e-06,0.00014288563,0.39802185,0.6018341
31001,2023-05-09,3,D2,5,D4,4,D3,False,1.8034044e-08,1.0969525e-07,6.67828e-06,0.0010104434,0.42238536,0.57659745
31001,2023-05-16,3,D2,4,D3,4,D3,False,0.00016887943,0.00014731912,0.0072072404,0.29580593,0.49857652,0.19809408
31001,2023-05-23,4,D3,4,D3,3,D2,False,0.00024694367,0.00028615168,0.0154048,0.35117453,0.4713327,0.16155484
31001,2023-05-30,4,D3,4,D3,3,D2,False,0.00021096898,0.00048536193,0.024230246,0.3844755,0.47575957,0.1148383
31001,2023-06-06,4,D3,4,D3,3,D2,False,0.0010423079,0.0032816571,0.07720991,0.42981195,0.43264806,0.056006186
31001,2023-06-13,4,D3,3,D2,3,D2,False,0.00022192394,0.003966611,0.10018682,0.46561152,0.41853532,0.011477776
31001,2023-06-20,4,D3,3,D2,3,D2,False,0.00012298138,0.006394975,0.16316351,0.47273633,0.35569936,0.0018827218
31001,2023-06-27,4,D3,3,D2,3,D2,False,0.00011265625,0.008350567,0.19993578,0.47200942,0.31889528,0.00069631485
31001,2023-07-04,4,D3,3,D2,3,D2,False,0.00026424797,0.012533172,0.22124365,0.46905416,0.2963106,0.00059419754
31001,2023-07-11,4,D3,3,D2,3,D2,False,0.00024866316,0.014988443,0.23822844,0.47319934,0.2731503,0.00018486878
31001,2023-07-18,4,D3,3,D2,3,D2,False,0.00023178442,0.016180737,0.2449211,0.4757802,0.26278758,9.869135e-05
31001,2023-07-25,4,D3,3,D2,3,D2,False,0.00019198189,0.016741173,0.2521897,0.48183468,0.24899995,4.2469397e-05
31001,2023-08-01,4,D3,3,D2,3,D2,False,0.0001745221,0.018681187,0.2528597,0.48270229,0.24555492,2.7374537e-05
31001,2023-08-08,4,D3,3,D2,3,D2,False,0.00021810386,0.021746298,0.25893128,0.47902477,0.24005516,2.4398638e-05
31001,2023-08-15,4,D3,3,D2,3,D2,False,0.00018149725,0.022289716,0.26033407,0.4810082,0.2361689,1.7587961e-05
31001,2023-08-22,4,D3,3,D2,3,D2,False,0.00018330014,0.024280569,0.26218262,0.4806455,0.23269351,1.4496951e-05
31001,2023-08-29,4,D3,3,D2,3,D2,False,0.00023505314,0.029524338,0.26391494,0.47524744,0.23106103,1.722649e-05
31001,2023-09-05,4,D3,3,D2,3,D2,False,0.00025755307,0.03849173,0.26883176,0.4750962,0.21730873,1.4085449e-05
31001,2023-09-12,4,D3,3,D2,3,D2,False,0.00038813835,0.05382212,0.27775908,0.47086623,0.19714813,1.630128e-05
31001,2023-09-19,4,D3,3,D2,3,D2,False,0.0007929245,0.08062127,0.28599674,0.45899555,0.17357671,1.6853533e-05
31001,2023-09-26,4,D3,3,D2,3,D2,False,0.0021548835,0.12791419,0.2883024,0.42716122,0.15443966,2.7729e-05
31001,2023-10-03,4,D3,3,D2,3,D2,False,0.0034687833,0.16181445,0.28810367,0.39857265,0.14800155,3.8873564e-05
31001,2023-10-10,4,D3,3,D2,3,D2,False,0.003202251,0.18453708,0.2902878,0.37492526,0.14701076,3.6724527e-05
31001,2023-10-17,4,D3,3,D2,3,D2,False,0.008546859,0.21773851,0.27998492,0.34979883,0.14380814,0.0001227849
31001,2023-10-24,4,D3,3,D2,3,D2,False,0.0069936905,0.23197755,0.2821966,0.33308867,0.14564592,9.7580196e-05
31001,2023-10-31,4,D3,3,D2,3,D2,False,0.007042394,0.24091001,0.28187108,0.3221798,0.14788401,0.00011272521
31001,2023-11-07,4,D3,3,D2,3,D2,False,0.006790339,0.24466679,0.2821294,0.31326756,0.15302342,0.00012247993
31001,2023-11-14,4,D3,3,D2,3,D2,False,0.0037953567,0.2479524,0.29023707,0.30220568,0.1557447,6.483412e-05
31001,2023-11-21,4,D3,3,D2,3,D2,False,0.0040867706,0.25219572,0.28906918,0.29333818,0.16122708,8.308714e-05
31001,2023-11-28,4,D3,3,D2,3,D2,False,0.003756334,0.2527944,0.2904901,0.29284412,0.16004305,7.194136e-05
31001,2023-12-05,4,D3,3,D2,3,D2,False,0.0038416658,0.25344682,0.29112548,0.292196,0.15931818,7.187448e-05
31001,2023-12-12,4,D3,2,D1,3,D2,False,0.0034902703,0.25556788,0.29257265,0.28298247,0.16531213,7.45575e-05
31001,2023-12-19,4,D3,2,D1,3,D2,False,0.0034439038,0.25572672,0.29283553,0.28004515,0.16787279,7.5863376e-05
31001,2023-12-26,3,D2,2,D1,3,D2,True,0.004706512,0.25147274,0.29202855,0.2870107,0.16467705,0.00010441561
31001,2024-01-02,3,D2,2,D1,3,D2,True,0.0051221442,0.24983883,0.29253626,0.29075468,0.16164544,0.000102702565
31001,2024-01-09,3,D2,2,D1,3,D2,True,0.005349462,0.25037193,0.29302406,0.28881285,0.16233379,0.00010787512
31001,2024-01-16,3,D2,2,D1,3,D2,True,0.005654932,0.2498397,0.29464757,0.28832626,0.16141787,0.0001137169
31001,2024-01-23,3,D2,2,D1,3,D2,True,0.0047420734,0.25584725,0.29846624,0.2717477,0.1690827,0.00011404123
31001,2024-01-30,3,D2,2,D1,3,D2,True,0.004721194,0.25879702,0.29961866,0.26533812,0.17141011,0.00011492414
31001,2024-02-06,3,D2,2,D1,3,D2,True,0.004811848,0.25849432,0.29927582,0.26752448,0.16977976,0.00011377181
31001,2024-02-13,3,D2,2,D1,3,D2,True,0.0045185196,0.26012513,0.29895157,0.26626584,0.17003237,0.00010654228
31001,2024-02-20,3,D2,2,D1,3,D2,True,0.003569345,0.26390025,0.30057156,0.2564398,0.17542374,9.5292424e-05
31001,2024-02-27,3,D2,2,D1,3,D2,True,0.0034280044,0.26176414,0.29795775,0.2638578,0.17290455,8.773196e-05
31001,2024-03-05,3,D2,2,D1,3,D2,True,0.0024750913,0.26088527,0.30393812,0.25028604,0.1823342,8.120636e-05
31001,2024-03-12,3,D2,2,D1,3,D2,True,0.0022702944,0.25484663,0.30435547,0.25684094,0.18160903,7.7630175e-05
31001,2024-03-19,3,D2,2,D1,3,D2,True,0.0023116255,0.24953344,0.3021272,0.2717038,0.17425665,6.731921e-05
31001,2024-03-26,2,D1,2,D1,3,D2,False,0.0028199872,0.24319185,0.3009239,0.2890432,0.16396125,5.9830505e-05
31001,2024-04-02,2,D1,2,D1,3,D2,False,0.003267458,0.23679909,0.30099857,0.30018565,0.15869036,5.885559e-05
31001,2024-04-09,2,D1,2,D1,3,D2,False,0.00210339,0.21836811,0.30859035,0.30729875,0.16358241,5.695273e-05
31001,2024-04-16,2,D1,2,D1,3,D2,False,0.001709636,0.20573363,0.31374297,0.3123536,0.16640174,5.8367674e-05
31001,2024-04-23,2,D1,2,D1,3,D2,False,0.0014862869,0.19269595,0.31976047,0.3176059,0.1683979,5.339554e-05
31001,2024-04-30,2,D1,2,D1,3,D2,False,0.005081904,0.18305784,0.3207049,0.31271923,0.1782753,0.00016078242
31001,2024-05-07,2,D1,2,D1,3,D2,False,0.004920599,0.16776584,0.32941136,0.31759933,0.18019661,0.00010620658
31001,2024-05-14,2,D1,2,D1,3,D2,False,0.004425949,0.17500408,0.3329111,0.31499752,0.17256783,9.3503186e-05
31001,2024-05-21,2,D1,2,D1,3,D2,False,0.0063435994,0.19204997,0.3336881,0.30366078,0.16409259,0.00016499776
31001,2024-05-28,2,D1,2,D1,3,D2,False,0.0046122167,0.19676232,0.34211996,0.31706342,0.13932894,0.00011309653
31001,2024-06-04,1,D0,2,D1,3,D2,False,0.0046788077,0.20742078,0.3260437,0.31566924,0.1460387,0.0001487766
31001,2024-06-11,1,D0,2,D1,3,D2,False,0.005781286,0.2248053,0.33927444,0.31111333,0.1188844,0.00014131365
31001,2024-06-18,1,D0,2,D1,3,D2,False,0.009862834,0.2753682,0.3802304,0.2672783,0.06713597,0.0001243442
31001,2024-06-25,1,D0,2,D1,2,D1,False,0.02568296,0.35323164,0.4381503,0.16074313,0.022083431,0.00010851223
31001,2024-07-02,0,None,2,D1,2,D1,False,0.030924095,0.3857084,0.4430709,0.12758884,0.012626061,8.168555e-05
31001,2024-07-09,0,None,0,None,0,None,True,0.6688079,0.33019927,0.0009447106,4.002144e-05,5.3413646e-06,2.7110234e-06
31001,2024-07-16,0,None,0,None,0,None,True,0.7908106,0.2091277,5.916512e-05,1.9141e-06,4.942286e-07,1.364474e-07
31001,2024-07-23,0,None,0,None,0,None,True,0.7255309,0.27441078,5.5830926e-05,1.6989197e-06,5.110149e-07,1.8803381e-07
31001,2024-07-30,0,None,0,None,0,None,True,0.6355561,0.3643124,0.00012514381,4.386428e-06,1.1969855e-06,6.6692706e-07
31001,2024-08-06,0,None,0,None,0,None,True,0.55515146,0.44426283,0.0005584838,2.0604148e-05,3.5217286e-06,3.151311e-06
31001,2024-08-13,0,None,0,None,0,None,True,0.5689653,0.43073726,0.0002807874,1.0562405e-05,3.1827776e-06,2.996011e-06
31001,2024-08-20,1,D0,1,D0,1,D0,True,0.41770217,0.58025616,0.002034065,6.8521044e-06,4.1711735e-07,3.4337387e-07
31001,2024-08-27,1,D0,1,D0,1,D0,True,0.22881846,0.75171936,0.019458286,3.8566527e-06,5.3755564e-08,2.3366782e-08
31001,2024-09-03,0,None,1,D0,1,D0,False,0.15454732,0.78632337,0.059121985,7.224187e-06,5.6633954e-08,1.4743447e-08
31001,2024-09-10,1,D0,1,D0,1,D0,True,0.15322694,0.76434314,0.082416855,1.2983903e-05,1.1024297e-07,3.114633e-08
31001,2024-09-17,1,D0,1,D0,1,D0,True,0.043479457,0.70354587,0.25276822,0.00020506211,1.3338276e-06,5.117845e-08
31001,2024-09-24,1,D0,1,D0,1,D0,True,0.02731427,0.60625917,0.36356473,0.002839304,2.2189393e-05,3.0398368e-07
31001,2024-10-01,1,D0,1,D0,1,D0,True,0.02603007,0.47825986,0.41898423,0.06941395,0.007201505,0.000110355584
31001,2024-10-08,2,D1,4,D3,4,D3,False,0.005533188,0.05007436,0.0923401,0.14093736,0.59590787,0.115207165
31001,2024-10-15,2,D1,4,D3,4,D3,False,0.00092578155,0.004345785,0.008946955,0.03955272,0.5465739,0.3996549
31001,2024-10-22,2,D1,5,D4,4,D3,False,0.00017606225,0.0006289936,0.001110082,0.0062513677,0.41753504,0.5742985
31001,2024-10-29,3,D2,5,D4,4,D3,False,0.000115928146,0.00043800377,0.0006144037,0.0023084688,0.3740688,0.6224544
31001,2024-11-05,3,D2,5,D4,4,D3,False,0.0005372278,0.0014999894,0.0015758639,0.0034200135,0.35589713,0.6370698
31001,2024-11-12,3,D2,5,D4,4,D3,False,0.060709145,0.08036222,0.07158293,0.036308676,0.2959303,0.45510677
31001,2024-11-19,2,D1,5,D4,2,D1,True,0.15033054,0.20083328,0.21037881,0.042295974,0.16581334,0.23034818
31001,2024-11-26,2,D1,2,D1,2,D1,True,0.18660566,0.25497928,0.30605322,0.035231236,0.10431561,0.112815015
31001,2024-12-03,2,D1,2,D1,2,D1,True,0.14944331,0.24764094,0.33018482,0.030365106,0.11475071,0.12761505
31001,2024-12-10,2,D1,2,D1,2,D1,True,0.071603715,0.1913317,0.29102466,0.023358066,0.18274511,0.23993677
31001,2024-12-17,2,D1,5,D4,4,D3,False,0.0029273895,0.01973633,0.027312934,0.0024712645,0.34560627,0.6019459
31001,2024-12-24,2,D1,5,D4,4,D3,False,0.004240707,0.02706812,0.032658327,0.0023904727,0.34634006,0.5873022
31001,2024-12-31,2,D1,5,D4,4,D3,False,0.0060825013,0.033868175,0.03888577,0.0026256822,0.34134397,0.577194
31001,2025-01-07,2,D1,5,D4,4,D3,False,0.012508918,0.058772963,0.06948997,0.004324376,0.32678837,0.52811545
31001,2025-01-14,2,D1,5,D4,4,D3,False,0.0065892944,0.038883526,0.045101847,0.0027777054,0.3465814,0.5600662
31001,2025-01-21,2,D1,5,D4,4,D3,False,0.004287274,0.030953854,0.033151273,0.001654277,0.3557819,0.5741714
31001,2025-01-28,2,D1,5,D4,4,D3,False,0.0022542274,0.018905202,0.019861156,0.00091566826,0.35132092,0.60674286
31001,2025-02-04,2,D1,5,D4,4,D3,False,0.00158993,0.013756647,0.013445455,0.0005672964,0.34401965,0.6266211
31001,2025-02-11,2,D1,5,D4,4,D3,False,0.0011912251,0.010341403,0.009603322,0.00043175396,0.3473908,0.6310415
31001,2025-02-18,2,D1,5,D4,4,D3,False,0.0026165643,0.017485935,0.0150281675,0.00068739185,0.33996272,0.6242192
31001,2025-02-25,2,D1,5,D4,4,D3,False,0.004764667,0.025452316,0.025226971,0.0014658042,0.33218867,0.61090153
31001,2025-03-04,2,D1,5,D4,4,D3,False,0.002415487,0.016428342,0.018869154,0.0012357336,0.34576932,0.615282
31001,2025-03-11,2,D1,5,D4,4,D3,False,0.0042097927,0.026682356,0.037789978,0.0027278936,0.3530182,0.57557184
31001,2025-03-18,2,D1,5,D4,4,D3,False,0.0019902328,0.015018418,0.027244283,0.002600173,0.35759792,0.595549
31001,2025-03-25,1,D0,5,D4,4,D3,False,0.0009145123,0.0077301655,0.018490255,0.002405596,0.35888946,0.61157006
31001,2025-04-01,1,D0,5,D4,4,D3,False,0.0015778549,0.011502276,0.034650445,0.005768444,0.35809237,0.58840877
31001,2025-04-08,1,D0,5,D4,4,D3,False,0.0036806485,0.021539584,0.08794859,0.018909585,0.3528474,0.5150743
31001,2025-04-15,2,D1,5,D4,4,D3,False,0.0020756181,0.015644811,0.07773224,0.020233372,0.36856166,0.51575226
31001,2025-04-22,2,D1,5,D4,4,D3,False,0.0057761935,0.043683507,0.19405219,0.03132686,0.36116228,0.36399904
31001,2025-04-29,2,D1,2,D1,2,D1,True,0.023424286,0.15005837,0.5051582,0.058114134,0.19337542,0.06986961
31001,2025-05-06,3,D2,2,D1,2,D1,False,0.009457495,0.12127248,0.46355218,0.084882736,0.2746731,0.04616201
31001,2025-05-13,3,D2,2,D1,2,D1,False,0.007387297,0.142088,0.5154876,0.13100985,0.19689624,0.0071310485
31001,2025-05-20,3,D2,2,D1,2,D1,False,0.014410008,0.20275548,0.6217336,0.114258,0.046606723,0.00023623755
31001,2025-05-27,3,D2,2,D1,2,D1,False,0.017604196,0.23984657,0.6612209,0.070607685,0.01070392,1.6737184e-05
31001,2025-06-03,3,D2,2,D1,2,D1,False,0.0047741462,0.20098153,0.66182345,0.120833956,0.011584928,2.0879274e-06
31001,2025-06-10,3,D2,2,D1,2,D1,False,0.0017470715,0.1331432,0.6576668,0.19763179,0.00981067,4.4122714e-07
31001,2025-06-17,3,D2,2,D1,2,D1,False,0.00056311983,0.07276717,0.6037567,0.30823293,0.014679766,2.422256e-07
31001,2025-06-24,3,D2,2,D1,3,D2,True,0.00018784417,0.037081446,0.48160946,0.44437325,0.036747567,5.1865976e-07
31001,2025-07-01,2,D1,3,D2,3,D2,False,0.00020907087,0.029123988,0.40121576,0.49568605,0.0737645,6.400904e-07
31001,2025-07-08,2,D1,3,D2,3,D2,False,0.00014707567,0.023358248,0.37228593,0.50379336,0.10041489,5.057641e-07
31001,2025-07-15,2,D1,3,D2,3,D2,False,0.00018855314,0.026215602,0.38165691,0.46482185,0.12711616,9.1433e-07
31001,2025-07-22,2,D1,2,D1,3,D2,False,0.004457208,0.088720076,0.508886,0.30097947,0.09694282,1.4479753e-05
31001,2025-07-29,2,D1,2,D1,2,D1,True,0.009123707,0.13987325,0.5830114,0.20981032,0.05814921,3.2200413e-05
31001,2025-08-05,1,D0,2,D1,2,D1,False,0.022433281,0.2501192,0.55324215,0.13879728,0.035354987,5.3136064e-05
31001,2025-08-12,0,None,1,D0,1,D0,False,0.27414113,0.49308115,0.17821388,0.04104827,0.012794024,0.0007216428
31001,2025-08-19,0,None,0,None,0,None,True,0.72716683,0.271567,0.0007202124,0.00025460325,0.00026928534,2.2238033e-05
31001,2025-08-26,0,None,0,None,0,None,True,0.75566596,0.24364215,0.0003865002,0.00013254055,0.00016018513,1.2599043e-05
31001,2025-09-02,0,None,0,None,0,None,True,0.7483468,0.25114253,0.00033118925,8.2841536e-05,8.80044e-05,8.667486e-06
31001,2025-09-09,0,None,0,None,0,None,True,0.7654096,0.23447043,0.00010238501,8.61011e-06,7.688814e-06,1.3778553e-06
31001,2025-09-16,0,None,0,None,0,None,True,0.7336022,0.26631784,7.1714974e-05,3.854714e-06,3.4215648e-06,1.0117744e-06
31001,2025-09-23,0,None,0,None,0,None,True,0.8136386,0.18634242,1.828634e-05,2.995785e-07,2.1365013e-07,7.137926e-08
31001,2025-09-30,0,None,0,None,0,None,True,0.81446046,0.18552843,1.1031187e-05,4.919766e-08,3.656325e-08,2.124753e-08
31001,2025-10-07,0,None,0,None,0,None,True,0.79239225,0.20759052,1.7146964e-05,3.064376e-08,2.3830358e-08,2.02699e-08
31001,2025-10-14,0,None,0,None,0,None,True,0.8179682,0.18201762,1.4095282e-05,1.7627027e-08,1.7327714e-08,1.38311265e-08
31001,2025-10-21,0,None,0,None,0,None,True,0.72987103,0.27003765,9.103206e-05,8.32743e-08,5.2471876e-08,6.1809644e-08
31001,2025-10-28,0,None,0,None,0,None,True,0.6977333,0.30213073,0.00013558017,1.7494723e-07,1.18833434e-07,1.3873334e-07
31001,2025-11-04,0,None,0,None,0,None,True,0.6428667,0.356824,0.00030836402,4.328929e-07,2.4863002e-07,2.924927e-07
31001,2025-11-11,0,None,0,None,0,None,True,0.62603635,0.37353894,0.0004233585,6.4174765e-07,3.3259155e-07,3.899367e-07
31001,2025-11-18,0,None,0,None,0,None,True,0.62814003,0.37144756,0.00041035216,9.422962e-07,5.279454e-07,5.503047e-07
31001,2025-11-25,0,None,0,None,0,None,True,0.6642247,0.33553708,0.00023631204,8.4403496e-07,5.8673936e-07,5.740873e-07
31001,2025-12-02,0,None,0,None,0,None,True,0.7160089,0.28383833,0.00015084591,8.4412244e-07,6.0352545e-07,4.8205845e-07
31001,2025-12-09,0,None,0,None,0,None,True,0.75757885,0.24231532,0.00010393488,8.0290295e-07,5.9644714e-07,3.983868e-07
31001,2025-12-16,0,None,0,None,0,None,True,0.7811687,0.21873936,8.9973284e-05,9.750538e-07,6.188103e-07,3.308622e-07
31001,2025-12-23,0,None,0,None,0,None,True,0.7452271,0.25462398,0.00014551426,1.9163808e-06,9.788588e-07,5.0562056e-07
31001,2025-12-30,1,D0,0,None,0,None,False,0.7281773,0.27165845,0.00016033968,2.311555e-06,1.044295e-06,5.2988145e-07
31003,2022-01-04,1,D0,1,D0,1,D0,True,0.0080200555,0.5271359,0.46405458,0.0004351339,0.00035055165,3.681463e-06
31003,2022-01-11,1,D0,1,D0,1,D0,True,0.007756292,0.52896094,0.46256778,0.00036995296,0.0003414447,3.621164e-06
31003,2022-01-18,1,D0,1,D0,1,D0,True,0.0078080073,0.53086245,0.4607559,0.00029091103,0.00027947803,3.292792e-06
31003,2022-01-25,1,D0,1,D0,1,D0,True,0.0068223723,0.5341889,0.45854354,0.00021541046,0.00022704995,2.7335775e-06
31003,2022-02-01,1,D0,1,D0,1,D0,True,0.006662733,0.53473985,0.45819575,0.00018731174,0.00021173696,2.66145e-06
31003,2022-02-08,2,D1,1,D0,1,D0,False,0.0063378136,0.5338748,0.45945305,0.00016387967,0.00016829751,2.1787646e-06
31003,2022-02-15,2,D1,1,D0,1,D0,False,0.0063927844,0.53056127,0.46275643,0.00014719705,0.00014022808,2.1150274e-06
31003,2022-02-22,2,D1,1,D0,1,D0,False,0.006415474,0.5237209,0.4696012,0.00013530809,0.00012433158,2.7205012e-06
31003,2022-03-01,3,D2,1,D0,1,D0,False,0.0061189416,0.5144191,0.4792202,0.0001319452,0.00010675123,3.1518684e-06
31003,2022-03-08,3,D2,1,D0,1,D0,False,0.0072823046,0.510658,0.48193225,7.7395256e-05,4.802223e-05,2.0208377e-06
31003,2022-03-15,3,D2,1,D0,1,D0,False,0.0075524976,0.5148102,0.47755018,6.191299e-05,2.42869e-05,9.204874e-07
31003,2022-03-22,3,D2,1,D0,1,D0,False,0.01101552,0.5212385,0.46771353,2.4649731e-05,7.0954807e-06,7.5148796e-07
31003,2022-03-29,3,D2,1,D0,1,D0,False,0.012255353,0.5200107,0.4676982,2.9915973e-05,5.1452985e-06,6.327482e-07
31003,2022-04-05,3,D2,1,D0,1,D0,False,0.013301102,0.51711524,0.46950883,6.450103e-05,9.260353e-06,1.0454005e-06
31003,2022-04-12,4,D3,1,D0,1,D0,False,0.01092323,0.5173116,0.47147682,0.0002553066,3.1644613e-05,1.3942696e-06
31003,2022-04-19,4,D3,2,D1,2,D1,False,0.008956122,0.4437915,0.48942184,0.049661636,0.008129542,3.9350198e-05
31003,2022-04-26,4,D3,2,D1,2,D1,False,0.004787564,0.3348919,0.41443202,0.18932514,0.05652277,4.059954e-05
31003,2022-05-03,4,D3,2,D1,3,D2,False,0.011622012,0.22156027,0.30667678,0.29334056,0.16650409,0.00029631538
31003,2022-05-10,4,D3,2,D1,3,D2,False,0.016633421,0.20897956,0.3254446,0.28750196,0.16115291,0.00028752733
31003,2022-05-17,4,D3,2,D1,3,D2,False,0.005006474,0.18591292,0.322149,0.31310248,0.17374843,8.071005e-05
31003,2022-05-24,4,D3,2,D1,3,D2,False,0.009809088,0.23517656,0.37014705,0.2823918,0.10233817,0.00013730535
31003,2022-05-31,3,D2,2,D1,3,D2,True,0.0065185134,0.22734563,0.34337243,0.32070506,0.10194586,0.00011251342
31003,2022-06-07,3,D2,2,D1,3,D2,True,0.007989278,0.25462702,0.35135606,0.30597734,0.079948485,0.000101757854
31003,2022-06-14,3,D2,2,D1,3,D2,True,0.0077012912,0.25760385,0.35434082,0.3132074,0.06705814,8.848299e-05
31003,2022-06-21,3,D2,2,D1,3,D2,True,0.011609319,0.3117563,0.38864362,0.25378844,0.034142695,5.9626207e-05
31003,2022-06-28,3,D2,2,D1,3,D2,True,0.0053577325,0.26324475,0.3702712,0.3212471,0.039839175,4.0062096e-05
31003,2022-07-05,3,D2,2,D1,3,D2,True,0.006783589,0.28335258,0.3660797,0.30933037,0.034406204,4.7519923e-05
31003,2022-07-12,3,D2,2,D1,3,D2,True,0.009049641,0.31925932,0.38084444,0.27375564,0.01706483,2.6052647e-05
31003,2022-07-19,3,D2,2,D1,2,D1,False,0.016003523,0.38411596,0.38762715,0.20126708,0.010952221,3.4068045e-05
31003,2022-07-26,3,D2,2,D1,3,D2,True,0.012902794,0.35241878,0.37450734,0.24284393,0.017267538,5.9628022e-05
31003,2022-08-02,3,D2,2,D1,3,D2,True,0.017315418,0.3522999,0.35987505,0.24820396,0.022188636,0.00011702775
31003,2022-08-09,3,D2,2,D1,3,D2,True,0.008801883,0.29381922,0.34450895,0.31169382,0.04104839,0.00012777625
31003,2022-08-16,4,D3,3,D2,3,D2,False,0.007292276,0.25748682,0.30619466,0.3487547,0.07992373,0.00034779895
31003,2022-08-23,4,D3,3,D2,3,D2,False,0.009382335,0.23994443,0.28021365,0.36499575,0.104692094,0.0007718169
31003,2022-08-30,4,D3,3,D2,3,D2,False,0.006673746,0.16809331,0.18958732,0.31722352,0.31343552,0.004986632
31003,2022-09-06,5,D4,4,D3,4,D3,False,0.0008838032,0.011290692,0.010116386,0.03981419,0.84671277,0.09118215
31003,2022-09-13,5,D4,4,D3,4,D3,False,3.464199e-05,0.00017427403,0.00016999299,0.00211669,0.5808318,0.4166726
31003,2022-09-20,5,D4,4,D3,4,D3,False,3.5147223e-05,0.00013155841,0.00011362013,0.0013233678,0.51088417,0.48751208
31003,2022-09-27,5,D4,5,D4,4,D3,False,1.0307434e-05,3.7216003e-05,3.66977e-05,0.0005590741,0.46513578,0.534221
31003,2022-10-04,5,D4,5,D4,4,D3,False,7.3402146e-07,3.0456124e-06,3.62035e-06,8.0755366e-05,0.43501717,0.5648947
31003,2022-10-11,5,D4,5,D4,4,D3,False,6.352278e-07,2.3766506e-06,2.3030896e-06,5.0592025e-05,0.43981534,0.56012875
31003,2022-10-18,5,D4,5,D4,4,D3,False,1.04960804e-07,5.356823e-07,6.313241e-07,1.623694e-05,0.43800712,0.5619753
31003,2022-10-25,5,D4,5,D4,4,D3,False,4.4820865e-08,2.6127861e-07,3.6703628e-07,9.598621e-06,0.44244918,0.55754066
31003,2022-11-01,5,D4,5,D4,4,D3,False,9.0496634e-08,4.5395873e-07,5.3016197e-07,1.4035801e-05,0.45114958,0.5488352
31003,2022-11-08,5,D4,5,D4,4,D3,False,2.6043236e-07,1.0570199e-06,1.1210327e-06,2.898456e-05,0.46247104,0.5374975
31003,2022-11-15,5,D4,5,D4,4,D3,False,3.4753728e-07,1.3330155e-06,1.3471847e-06,3.321839e-05,0.46498775,0.53497595
31003,2022-11-22,5,D4,5,D4,4,D3,False,3.7915993e-07,1.5810251e-06,1.7915412e-06,3.934631e-05,0.47183684,0.5281201
31003,2022-11-29,5,D4,5,D4,4,D3,False,4.9134013e-07,1.997177e-06,2.1432363e-06,4.2714644e-05,0.47210264,0.52785
31003,2022-12-06,5,D4,5,D4,4,D3,False,3.8100924e-07,1.8706006e-06,1.9447125e-06,3.1013755e-05,0.4705568,0.529408
31003,2022-12-13,5,D4,5,D4,4,D3,False,1.0217432e-06,3.658961e-06,3.6796e-06,6.26662e-05,0.4725606,0.5273683
31003,2022-12-20,5,D4,5,D4,4,D3,False,2.762354e-06,7.4775635e-06,7.456983e-06,0.000121401376,0.47439018,0.5254708
31003,2022-12-27,5,D4,5,D4,4,D3,False,3.3408078e-06,9.871582e-06,9.957416e-06,0.00013811384,0.4672456,0.5325932
31003,2023-01-03,5,D4,5,D4,4,D3,False,9.395116e-06,2.1316537e-05,1.9073099e-05,0.00021640329,0.46214122,0.53759253
31003,2023-01-10,5,D4,5,D4,4,D3,False,4.0478353e-05,7.015048e-05,6.321246e-05,0.00062911183,0.4531519,0.546045
31003,2023-01-17,5,D4,5,D4,4,D3,False,1.5082342e-05,3.6970123e-05,3.137841e-05,0.00027890713,0.44856206,0.5510756
31003,2023-01-24,5,D4,5,D4,4,D3,False,0.00011274536,0.00016532557,0.00014118919,0.0011430155,0.44366038,0.5547773
31003,2023-01-31,5,D4,5,D4,4,D3,False,8.533277e-05,0.00015638143,0.00015406008,0.0012246113,0.4395541,0.55882555
31003,2023-02-07,5,D4,5,D4,4,D3,False,7.85748e-06,3.266693e-05,3.7898313e-05,0.00033554566,0.43797103,0.56161505
31003,2023-02-14,5,D4,5,D4,4,D3,False,4.6984064e-06,2.169331e-05,2.8047936e-05,0.0002643308,0.4370173,0.562664
31003,2023-02-21,5,D4,5,D4,4,D3,False,1.400865e-06,7.9576075e-06,1.093198e-05,0.000118352276,0.4351547,0.5647067
31003,2023-02-28,4,D3,5,D4,4,D3,True,1.0782264e-06,6.0529446e-06,8.861779e-06,0.00010921636,0.4336231,0.56625164
31003,2023-03-07,3,D2,5,D4,4,D3,False,6.5593173e-07,3.860227e-06,6.0098214e-06,8.532523e-05,0.4299549,0.5699492
31003,2023-03-14,3,D2,5,D4,4,D3,False,1.6355069e-06,7.5835446e-06,1.2363675e-05,0.00018608524,0.42442122,0.5753711
31003,2023-03-21,3,D2,5,D4,4,D3,False,3.569585e-07,2.3735504e-06,4.2142324e-06,6.278292e-05,0.4141583,0.5857719
31003,2023-03-28,3,D2,5,D4,4,D3,False,2.1900452e-07,1.413431e-06,2.8763984e-06,5.048249e-05,0.40314865,0.5967963
31003,2023-04-04,3,D2,5,D4,4,D3,False,1.11431504e-07,8.12534e-07,2.0168527e-06,3.5430017e-05,0.3882988,0.6116629
31003,2023-04-11,3,D2,5,D4,4,D3,False,3.1546495e-08,2.5816306e-07,1.1625701e-06,3.05948e-05,0.3820443,0.6179236
31003,2023-04-18,3,D2,5,D4,4,D3,False,1.500623e-08,1.3885517e-07,1.228255e-06,3.6658905e-05,0.3687954,0.6311666
31003,2023-04-25,4,D3,5,D4,4,D3,True,3.9946046e-09,3.82784e-08,9.566132e-07,5.3755808e-05,0.35893467,0.6410106
31003,2023-05-02,4,D3,5,D4,4,D3,True,2.2315245e-09,2.1658657e-08,1.1487513e-06,0.00014288563,0.39802185,0.6018341
31003,2023-05-09,4,D3,5,D4,4,D3,True,1.8034044e-08,1.0969525e-07,6.67828e-06,0.0010104434,0.42238536,0.57659745
31003,2023-05-16,3,D2,4,D3,4,D3,False,0.00016887943,0.00014731912,0.0072072404,0.29580593,0.49857652,0.19809408
31003,2023-05-23,3,D2,4,D3,3,D2,True,0.00024694367,0.00028615168,0.0154048,0.35117453,0.4713327,0.16155484
31003,2023-05-30,3,D2,4,D3,3,D2,True,0.00021096898,0.00048536193,0.024230246,0.3844755,0.47575957,0.1148383
31003,2023-06-06,3,D2,4,D3,3,D2,True,0.0010423079,0.0032816571,0.07720991,0.42981195,0.43264806,0.056006186
31003,2023-06-13,3,D2,3,D2,3,D2,True,0.00022192394,0.003966611,0.10018682,0.46561152,0.41853532,0.011477776
31003,2023-06-20,3,D2,3,D2,3,D2,True,0.00012298138,0.006394975,0.16316351,0.47273633,0.35569936,0.0018827218
31003,2023-06-27,3,D2,3,D2,3,D2,True,0.000112656235,0.008350561,0.19993582,0.47200936,0.31889528,0.0006963151
31003,2023-07-04,3,D2,3,D2,3,D2,True,0.0002642477,0.012533166,0.2212436,0.46905416,0.29631054,0.00059419696
31003,2023-07-11,3,D2,3,D2,3,D2,True,0.00024866316,0.014988443,0.23822844,0.47319934,0.2731503,0.00018486878
31003,2023-07-18,3,D2,3,D2,3,D2,True,0.00023178442,0.016180737,0.2449211,0.4757802,0.26278758,9.869135e-05
31003,2023-07-25,3,D2,3,D2,3,D2,True,0.00019198189,0.016741173,0.2521897,0.48183468,0.24899995,4.2469397e-05
31003,2023-08-01,2,D1,3,D2,3,D2,False,0.0001745221,0.018681187,0.2528597,0.48270229,0.24555492,2.7374537e-05
31003,2023-08-08,2,D1,3,D2,3,D2,False,0.00021810386,0.021746298,0.25893128,0.47902477,0.24005516,2.4398638e-05
31003,2023-08-15,2,D1,3,D2,3,D2,False,0.00018149725,0.022289716,0.26033407,0.4810082,0.2361689,1.7587961e-05
31003,2023-08-22,2,D1,3,D2,3,D2,False,0.00018330014,0.024280569,0.26218262,0.4806455,0.23269351,1.4496951e-05
31003,2023-08-29,2,D1,3,D2,3,D2,False,0.00023505314,0.029524338,0.26391494,0.47524744,0.23106103,1.722649e-05
31003,2023-09-05,2,D1,3,D2,3,D2,False,0.00025755307,0.03849173,0.26883176,0.4750962,0.21730873,1.4085449e-05
31003,2023-09-12,2,D1,3,D2,3,D2,False,0.00038813835,0.05382212,0.27775908,0.47086623,0.19714813,1.630128e-05
31003,2023-09-19,2,D1,3,D2,3,D2,False,0.0007929245,0.08062127,0.28599674,0.45899555,0.17357671,1.6853533e-05
31003,2023-09-26,2,D1,3,D2,3,D2,False,0.0021548835,0.12791419,0.2883024,0.42716122,0.15443966,2.7729e-05
31003,2023-10-03,2,D1,3,D2,3,D2,False,0.0034687833,0.16181445,0.28810367,0.39857265,0.14800155,3.8873564e-05
31003,2023-10-10,2,D1,3,D2,3,D2,False,0.003202251,0.18453708,0.2902878,0.37492526,0.14701076,3.6724527e-05
31003,2023-10-17,1,D0,3,D2,3,D2,False,0.008546859,0.21773851,0.27998492,0.34979883,0.14380814,0.0001227849
31003,2023-10-24,1,D0,3,D2,3,D2,False,0.047434434,0.25609675,0.23360397,0.31417245,0.14646348,0.0022289148
31003,2023-10-31,0,None,1,D0,1,D0,False,0.1987443,0.46792293,0.12542017,0.13718443,0.066563174,0.0041650063
31003,2023-11-07,0,None,0,None,0,None,True,0.689091,0.31020483,0.00053216284,7.7247125e-05,6.763958e-05,2.7162596e-05
31003,2023-11-14,0,None,0,None,0,None,True,0.72437704,0.27545497,0.00014755235,8.7997905e-06,8.239839e-06,3.3829776e-06
31003,2023-11-21,0,None,0,None,0,None,True,0.74467766,0.25521028,0.00010179768,4.1388244e-06,4.0789305e-06,1.956607e-06
31003,2023-11-28,0,None,0,None,0,None,True,0.755831,0.24405378,0.00010907843,2.3012408e-06,2.4285e-06,1.3776779e-06
31003,2023-12-05,0,None,0,None,0,None,True,0.76212,0.23776218,0.000113802496,1.3457906e-06,1.5154236e-06,1.04464e-06
31003,2023-12-12,0,None,0,None,0,None,True,0.768808,0.23107985,0.00010907056,1.0443828e-06,1.164801e-06,8.2456114e-07
31003,2023-12-19,0,None,0,None,0,None,True,0.79799664,0.20192453,7.670709e-05,7.079647e-07,8.5018e-07,5.6700793e-07
31003,2023-12-26,0,None,0,None,0,None,True,0.88111717,0.11885472,2.7365717e-05,2.327944e-07,3.575584e-07,1.6473156e-07
31003,2024-01-02,0,None,0,None,0,None,True,0.9068567,0.09312533,1.7557364e-05,1.5026706e-07,2.4581016e-07,9.442959e-08
31003,2024-01-09,0,None,0,None,0,None,True,0.9123086,0.08767635,1.45950835e-05,1.6015093e-07,2.624916e-07,8.9407806e-08
31003,2024-01-16,0,None,0,None,0,None,True,0.91691846,0.08306819,1.2867103e-05,1.6574366e-07,2.3646888e-07,7.417904e-08
31003,2024-01-23,0,None,0,None,0,None,True,0.90479815,0.0951872,1.4173304e-05,2.7414603e-07,2.645216e-07,7.893584e-08
31003,2024-01-30,0,None,0,None,0,None,True,0.905788,0.09419858,1.2702693e-05,2.839615e-07,2.9924885e-07,8.9143235e-08
31003,2024-02-06,0,None,0,None,0,None,True,0.904251,0.09573513,1.3168704e-05,3.013208e-07,3.2620594e-07,9.875289e-08
31003,2024-02-13,0,None,0,None,0,None,True,0.89364535,0.10633712,1.6555101e-05,4.1372581e-07,3.9876284e-07,1.2503872e-07
31003,2024-02-20,0,None,0,None,0,None,True,0.8571397,0.14282992,2.8629018e-05,8.664554e-07,6.6238965e-07,2.4215566e-07
31003,2024-02-27,0,None,0,None,0,None,True,0.8203769,0.17956765,5.222311e-05,1.51447e-06,1.1524295e-06,5.202998e-07
31003,2024-03-05,0,None,0,None,0,None,True,0.65962857,0.34009635,0.00026091337,7.545651e-06,4.0818895e-06,2.5157242e-06
31003,2024-03-12,0,None,0,None,0,None,True,0.6203441,0.37923405,0.00039748452,1.2894978e-05,6.993682e-06,4.427093e-06
31003,2024-03-19,1,D0,0,None,0,None,False,0.58815336,0.4110139,0.00080078986,1.8485509e-05,8.2930765e-06,5.2381592e-06
31003,2024-03-26,0,None,1,D0,1,D0,False,0.1178089,0.83825606,0.043908298,2.370614e-05,2.7567175e-06,3.399814e-07
31003,2024-04-02,0,None,0,None,0,None,True,0.6281732,0.37131628,0.0005019974,5.0146823e-06,2.0481903e-06,1.5270715e-06
31003,2024-04-09,0,None,0,None,0,None,True,0.70575166,0.2938382,0.00039473883,8.83296e-06,4.1543335e-06,2.399405e-06
31003,2024-04-16,0,None,0,None,0,None,True,0.7020814,0.29731566,0.0005798336,1.3830339e-05,6.0194416e-06,3.263417e-06
31003,2024-04-23,0,None,0,None,0,None,True,0.70901275,0.2903509,0.00060862105,1.6493428e-05,7.1570535e-06,3.9476295e-06
31003,2024-04-30,0,None,0,None,0,None,True,0.8834283,0.116480656,8.579604e-05,2.8808909e-06,1.8473007e-06,5.1268785e-07
31003,2024-05-07,0,None,0,None,0,None,True,0.9052179,0.09469413,8.47539e-05,2.1797894e-06,8.447356e-07,2.1666814e-07
31003,2024-05-14,0,None,0,None,0,None,True,0.90356994,0.09633217,9.544682e-05,1.7800041e-06,5.769489e-07,1.6795613e-07
31003,2024-05-21,0,None,0,None,0,None,True,0.9034412,0.096484296,7.247415e-05,1.3084843e-06,5.2128775e-07,1.6488148e-07
31003,2024-05-28,0,None,0,None,0,None,True,0.89002514,0.109863766,0.00010879604,1.5982391e-06,5.21807e-07,1.9941261e-07
31003,2024-06-04,0,None,0,None,0,None,True,0.8770843,0.12280196,0.00011000105,2.2583517e-06,1.0639341e-06,3.855122e-07
31003,2024-06-11,0,None,0,None,0,None,True,0.86289144,0.13695034,0.0001526407,3.5495336e-06,1.4438463e-06,5.386274e-07
31003,2024-06-18,0,None,0,None,0,None,True,0.8448331,0.15497643,0.0001820827,5.489812e-06,2.0667806e-06,8.0513104e-07
31003,2024-06-25,0,None,0,None,0,None,True,0.854977,0.14488621,0.0001278727,6.195405e-06,2.0791706e-06,6.0493704e-07
31003,2024-07-02,0,None,0,None,0,None,True,0.8453901,0.15448897,0.00011028193,7.1059585e-06,2.7648405e-06,8.1456585e-07
31003,2024-07-09,0,None,0,None,0,None,True,0.8160654,0.18382171,0.00010034167,8.558186e-06,3.0744513e-06,9.086379e-07
31003,2024-07-16,0,None,0,None,0,None,True,0.82847166,0.1714623,5.7744866e-05,5.3118156e-06,2.3177874e-06,6.803359e-07
31003,2024-07-23,0,None,0,None,0,None,True,0.75977063,0.24015789,6.211366e-05,5.274632e-06,2.8644824e-06,1.1887105e-06
31003,2024-07-30,0,None,0,None,0,None,True,0.68146586,0.31843737,8.349032e-05,6.2340782e-06,4.330121e-06,2.6662658e-06
31003,2024-08-06,1,D0,1,D0,1,D0,True,0.3487213,0.64184797,0.009314666,9.260096e-05,1.1761299e-05,1.1790363e-05
31003,2024-08-13,1,D0,1,D0,1,D0,True,0.103750445,0.80047524,0.0956639,0.000107962114,2.015919e-06,4.5627053e-07
31003,2024-08-20,1,D0,1,D0,1,D0,True,0.051325075,0.72588867,0.22180195,0.0009723951,1.1106359e-05,8.354447e-07
31003,2024-08-27,1,D0,1,D0,1,D0,True,0.04628894,0.6433605,0.30218953,0.008090696,6.631856e-05,3.967355e-06
31003,2024-09-03,1,D0,1,D0,1,D0,True,0.032878894,0.55099136,0.35215077,0.06335932,0.00060325844,1.6291404e-05
31003,2024-09-10,1,D0,1,D0,1,D0,True,0.02862694,0.48782718,0.37125424,0.11105175,0.0012141485,2.577667e-05
31003,2024-09-17,2,D1,2,D1,2,D1,True,0.012135994,0.37751198,0.4106392,0.19564235,0.0040407893,2.9733143e-05
31003,2024-09-24,2,D1,2,D1,3,D2,False,0.007813434,0.27339053,0.42391714,0.27882314,0.01591564,0.00014011464
31003,2024-10-01,2,D1,4,D3,4,D3,False,0.0047658375,0.065132044,0.15904629,0.24935085,0.45468652,0.067018494
31003,2024-10-08,3,D2,5,D4,5,D4,False,2.6696414e-05,0.00010357713,0.00028881995,0.0011280976,0.26316503,0.7352877
31003,2024-10-15,3,D2,5,D4,5,D4,False,3.2104078e-06,1.4643033e-05,5.3828782e-05,0.00020443274,0.20526098,0.79446286
31003,2024-10-22,3,D2,5,D4,5,D4,False,5.4404575e-07,3.3456604e-06,1.2563619e-05,3.1075302e-05,0.14396092,0.8559915
31003,2024-10-29,3,D2,5,D4,5,D4,False,4.864149e-07,3.344543e-06,9.453744e-06,7.584474e-06,0.06769671,0.9322825
31003,2024-11-05,3,D2,5,D4,5,D4,False,2.388141e-06,9.496565e-06,2.3387058e-05,2.2252461e-05,0.067219004,0.9327236
31003,2024-11-12,3,D2,5,D4,5,D4,False,0.0010752348,0.0015422576,0.002079486,0.000640328,0.059910737,0.93475205
31003,2024-11-19,3,D2,5,D4,5,D4,False,0.009666254,0.012862827,0.018291282,0.0028606676,0.063791625,0.8925273
31003,2024-11-26,3,D2,5,D4,5,D4,False,0.03178774,0.04221299,0.07737641,0.0074825706,0.06128931,0.7798509
31003,2024-12-03,3,D2,5,D4,5,D4,False,0.0118071325,0.022606522,0.049953464,0.005577254,0.0645176,0.845538
31003,2024-12-10,3,D2,5,D4,5,D4,False,0.0016320379,0.0056683635,0.011731918,0.0010321414,0.054449666,0.9254859
31003,2024-12-17,3,D2,5,D4,5,D4,False,1.961689e-05,0.00020810308,0.0003078728,1.9465713e-05,0.056118395,0.9433265
31003,2024-12-24,3,D2,5,D4,5,D4,False,2.9911784e-05,0.0003184192,0.0004107902,1.8790146e-05,0.053374898,0.94584715
31003,2024-12-31,3,D2,5,D4,5,D4,False,4.883143e-05,0.00047059942,0.00059723697,2.2331302e-05,0.051334765,0.9475262
31003,2025-01-07,3,D2,5,D4,5,D4,False,0.0001160244,0.0009097924,0.0012271486,4.2469055e-05,0.050649595,0.9470549
31003,2025-01-14,3,D2,5,D4,5,D4,False,6.281445e-05,0.00062316714,0.0007673976,2.260919e-05,0.050997023,0.947527
31003,2025-01-21,3,D2,5,D4,5,D4,False,6.0692124e-05,0.00067944935,0.0006186961,9.025949e-06,0.049271483,0.9493606
31003,2025-01-28,3,D2,5,D4,5,D4,False,5.110657e-05,0.0006056048,0.0004240243,3.443897e-06,0.0491015,0.9498143
31003,2025-02-04,3,D2,5,D4,5,D4,False,5.1676194e-05,0.0005978165,0.00030485602,1.510984e-06,0.05131048,0.9477337
31003,2025-02-11,3,D2,5,D4,5,D4,False,4.3474138e-05,0.0004918535,0.00022355307,1.0019759e-06,0.06107592,0.9381642
31003,2025-02-18,3,D2,5,D4,5,D4,False,0.0001280892,0.0010984875,0.00045096737,1.9309966e-06,0.07052621,0.92779434
31003,2025-02-25,3,D2,5,D4,5,D4,False,0.0003188823,0.0021759667,0.001131389,7.5714706e-06,0.0947618,0.9016045
31003,2025-03-04,3,D2,5,D4,5,D4,False,0.00036474643,0.0029643525,0.0018391792,1.142888e-05,0.12578575,0.8690345
31003,2025-03-11,3,D2,5,D4,5,D4,False,0.0014701808,0.010357903,0.007556714,3.8575185e-05,0.15102038,0.8295562
31003,2025-03-18,3,D2,5,D4,5,D4,False,0.0008768293,0.0071224635,0.006437071,4.1847066e-05,0.17030951,0.81521225
31003,2025-03-25,3,D2,5,D4,5,D4,False,0.000599261,0.0050726384,0.0056230496,4.3349366e-05,0.19753818,0.7911235
31003,2025-04-01,3,D2,5,D4,5,D4,False,0.0013850945,0.009779712,0.010639077,7.654761e-05,0.18768531,0.7904343
31003,2025-04-08,3,D2,5,D4,5,D4,False,0.00301835,0.016727485,0.02337819,0.00023651346,0.19241168,0.7642277
31003,2025-04-15,3,D2,5,D4,5,D4,False,0.0013392215,0.009179203,0.017053585,0.00022328361,0.21561775,0.75658697
31003,2025-04-22,3,D2,5,D4,5,D4,False,0.004368005,0.028554413,0.05668931,0.00047253157,0.22819543,0.68172026
31003,2025-04-29,3,D2,5,D4,2,D1,False,0.04260003,0.1623849,0.30019742,0.0017677733,0.122124396,0.37092537
31003,2025-05-06,4,D3,2,D1,2,D1,False,0.03260924,0.18397936,0.40257066,0.0017065619,0.09522531,0.2839088
31003,2025-05-13,4,D3,2,D1,2,D1,False,0.042340454,0.23150545,0.5790999,0.0025976938,0.04434958,0.100106925
31003,2025-05-20,4,D3,2,D1,2,D1,False,0.114906885,0.3453464,0.5357255,0.0015318011,0.001734831,0.00075462705
31003,2025-05-27,4,D3,2,D1,2,D1,False,0.081482254,0.34010023,0.5739576,0.003592646,0.0008215524,4.5714743e-05
31003,2025-06-03,4,D3,2,D1,2,D1,False,0.0075275376,0.15942919,0.67260736,0.15057623,0.00985067,9.036021e-06
31003,2025-06-10,3,D2,2,D1,3,D2,True,0.00047555403,0.054420352,0.4956195,0.42564994,0.023833841,7.598218e-07
31003,2025-06-17,3,D2,3,D2,3,D2,True,0.00018274531,0.035954524,0.42875686,0.4829469,0.052158535,4.536169e-07
31003,2025-06-24,3,D2,3,D2,3,D2,True,7.481646e-05,0.020336712,0.3329166,0.5267286,0.1199425,8.214724e-07
31003,2025-07-01,2,D1,3,D2,3,D2,False,0.00021493951,0.023717392,0.33327094,0.5150227,0.12777248,1.6150877e-06
31003,2025-07-08,1,D0,3,D2,3,D2,False,0.0002575456,0.025720857,0.3475544,0.49397475,0.13249077,1.7069965e-06
31003,2025-07-15,0,None,3,D2,3,D2,False,0.00046205564,0.034312826,0.37899423,0.43532744,0.15089895,4.574249e-06
31003,2025-07-22,0,None,0,None,0,None,True,0.720155,0.2608213,0.009401162,0.006134392,0.003387171,0.000100950056
31003,2025-07-29,0,None,0,None,0,None,True,0.76351064,0.23441571,0.001361963,0.00040860797,0.00027779953,2.527047e-05
31003,2025-08-05,0,None,0,None,0,None,True,0.77289796,0.22654337,0.0003727454,9.55992e-05,8.239091e-05,7.918453e-06
31003,2025-08-12,0,None,0,None,0,None,True,0.7564763,0.24290273,0.00042803335,0.000100263744,8.458133e-05,8.172701e-06
31003,2025-08-19,0,None,0,None,0,None,True,0.6919283,0.3071116,0.00067965745,0.00014805121,0.00011827753,1.4072023e-05
31003,2025-08-26,0,None,0,None,0,None,True,0.6802403,0.31888178,0.0006783424,0.00010170891,8.458817e-05,1.3358979e-05
31003,2025-09-02,0,None,0,None,0,None,True,0.72441554,0.2753161,0.00022417912,2.1830821e-05,1.884772e-05,3.526466e-06
31003,2025-09-09,0,None,0,None,0,None,True,0.75965774,0.24024566,9.099051e-05,2.774412e-06,2.2094432e-06,6.4291464e-07
31003,2025-09-16,0,None,0,None,0,None,True,0.7417947,0.2581327,7.01178e-05,1.1239553e-06,8.9216684e-07,4.2444677e-07
31003,2025-09-23,0,None,0,None,0,None,True,0.82243836,0.17754683,1.4701331e-05,5.313264e-08,3.479549e-08,1.8672598e-08
31003,2025-09-30,0,None,0,None,0,None,True,0.7869365,0.21303864,2.475818e-05,3.251834e-08,1.4444906e-08,1.3304224e-08
31003,2025-10-07,0,None,0,None,0,None,True,0.7472078,0.2527445,4.7694633e-05,2.9635729e-08,1.1607244e-08,1.38201655e-08
31003,2025-10-14,0,None,0,None,0,None,True,0.7010462,0.29877317,0.00018054777,4.670706e-08,9.177259e-09,1.2570723e-08
31003,2025-10-21,0,None,0,None,0,None,True,0.57478875,0.42389706,0.0013140647,1.7040651e-07,1.8643728e-08,2.4952065e-08
31003,2025-10-28,0,None,0,None,0,None,True,0.5677975,0.43058017,0.001622084,2.4045906e-07,3.1932984e-08,4.0081435e-08
31003,2025-11-04,1,D0,0,None,0,None,False,0.50951123,0.4873033,0.0031848627,4.5542149e-07,5.415502e-08,5.2171742e-08
31003,2025-11-11,1,D0,1,D0,1,D0,True,0.14670111,0.787716,0.065582305,5.836788e-07,1.8309633e-08,4.0407007e-09
31003,2025-11-18,1,D0,1,D0,1,D0,True,0.07189213,0.81586254,0.11224455,7.875865e-07,2.1618128e-08,2.888953e-09
31003,2025-11-25,1,D0,1,D0,1,D0,True,0.045576975,0.7709915,0.18343024,1.2686393e-06,5.5870508e-08,5.7386425e-09
31003,2025-12-02,1,D0,1,D0,1,D0,True,0.030553544,0.7210598,0.24838409,2.2962129e-06,2.3878238e-07,1.7583627e-08
31003,2025-12-09,1,D0,1,D0,1,D0,True,0.02909866,0.6895828,0.28131503,3.0711888e-06,4.7557506e-07,3.2163108e-08
31003,2025-12-16,1,D0,1,D0,1,D0,True,0.027058724,0.6817796,0.29115778,3.201624e-06,6.575502e-07,4.375241e-08
31003,2025-12-23,2,D1,1,D0,1,D0,False,0.02249575,0.6893623,0.28813744,3.6980857e-06,8.041027e-07,3.7098552e-08
31003,2025-12-30,2,D1,1,D0,1,D0,False,0.022003418,0.6981541,0.27983773,3.9106517e-06,8.1913095e-07,3.1581383e-08
31005,2022-01-04,1,D0,1,D0,1,D0,True,0.013852757,0.6002938,0.38584477,6.815431e-06,1.7881766e-06,4.0960312e-08
31005,2022-01-11,1,D0,1,D0,1,D0,True,0.012602556,0.5942725,0.3931149,7.7438835e-06,2.2644933e-06,4.410569e-08
31005,2022-01-18,1,D0,1,D0,1,D0,True,0.01298105,0.5909942,0.39601433,8.068888e-06,2.3005193e-06,4.4931934e-08
31005,2022-01-25,1,D0,1,D0,1,D0,True,0.011448899,0.59072447,0.39781627,7.889894e-06,2.3183243e-06,4.11018e-08
31005,2022-02-01,1,D0,1,D0,1,D0,True,0.011386996,0.5882559,0.4003466,7.930819e-06,2.5183656e-06,4.694542e-08
31005,2022-02-08,1,D0,1,D0,1,D0,True,0.011198095,0.5881531,0.40063947,7.149178e-06,2.076165e-06,4.3078007e-08
31005,2022-02-15,2,D1,1,D0,1,D0,False,0.011527121,0.5853285,0.40313533,6.938347e-06,1.952165e-06,4.8141032e-08
31005,2022-02-22,2,D1,1,D0,1,D0,False,0.011336401,0.58137476,0.40727985,6.854081e-06,2.026136e-06,5.9230235e-08
31005,2022-03-01,2,D1,1,D0,1,D0,False,0.01035452,0.5756526,0.41398337,7.2894973e-06,2.0713344e-06,5.984346e-08
31005,2022-03-08,2,D1,1,D0,1,D0,False,0.012363282,0.58647,0.401161,4.544047e-06,1.0808983e-06,3.6599143e-08
31005,2022-03-15,2,D1,1,D0,1,D0,False,0.0122399,0.5853295,0.40242594,3.9784404e-06,7.703562e-07,2.3718211e-08
31005,2022-03-22,2,D1,1,D0,1,D0,False,0.0130485045,0.57571614,0.41122884,5.674403e-06,7.685638e-07,2.2364977e-08
31005,2022-03-29,2,D1,1,D0,1,D0,False,0.012656492,0.5702058,0.41713092,6.1667492e-06,6.051682e-07,1.4049503e-08
31005,2022-04-05,2,D1,1,D0,1,D0,False,0.011951335,0.5513804,0.4366537,1.3574708e-05,9.3825327e-07,2.0660332e-08
31005,2022-04-12,2,D1,1,D0,1,D0,False,0.008421681,0.54467547,0.44687966,2.2004506e-05,1.1885259e-06,1.5960483e-08
31005,2022-04-19,2,D1,1,D0,1,D0,False,0.0056944075,0.5297506,0.4644979,5.4685803e-05,2.4814121e-06,1.9416015e-08
31005,2022-04-26,2,D1,1,D0,1,D0,False,0.0056430376,0.5263595,0.4678976,9.642524e-05,3.4320487e-06,1.9213623e-08
31005,2022-05-03,2,D1,1,D0,1,D0,False,0.07528485,0.5030328,0.42163065,5.064769e-05,9.551849e-07,1.06909276e-07
31005,2022-05-10,2,D1,1,D0,1,D0,False,0.10805528,0.52191836,0.37001115,1.4917416e-05,2.4360153e-07,5.2018724e-08
31005,2022-05-17,2,D1,1,D0,1,D0,False,0.06638689,0.56264746,0.37091836,4.6793302e-05,4.817698e-07,2.0294777e-08
31005,2022-05-24,2,D1,1,D0,1,D0,False,0.075648956,0.55998445,0.36432284,4.3330052e-05,4.6782907e-07,2.8724822e-08
31005,2022-05-31,2,D1,1,D0,1,D0,False,0.053533364,0.56430423,0.382088,7.360153e-05,7.322926e-07,2.8202937e-08
31005,2022-06-07,2,D1,1,D0,1,D0,False,0.03596364,0.5510691,0.41256034,0.00040492034,2.0712748e-06,3.039627e-08
31005,2022-06-14,2,D1,1,D0,1,D0,False,0.016744265,0.5120838,0.46888715,0.0022781482,6.6253233e-06,1.8339087e-08
31005,2022-06-21,2,D1,2,D1,2,D1,True,0.011995264,0.47399485,0.50898486,0.0050137746,1.1176585e-05,7.824215e-09
31005,2022-06-28,2,D1,2,D1,2,D1,True,0.0053005046,0.41434592,0.556451,0.02383538,6.710979e-05,7.2379263e-09
31005,2022-07-05,2,D1,2,D1,2,D1,True,0.004482112,0.34517017,0.54780304,0.102159224,0.0003853252,3.4659543e-08
31005,2022-07-12,2,D1,2,D1,2,D1,True,0.005305774,0.3270806,0.5025643,0.16449082,0.00055847556,4.0686185e-08
31005,2022-07-19,1,D0,1,D0,1,D0,True,0.018258128,0.48848596,0.4431719,0.049920328,0.0001634633,2.0468394e-07
31005,2022-07-26,1,D0,2,D1,3,D2,False,0.008517473,0.33244425,0.38764855,0.26501068,0.0063711856,7.799573e-06
31005,2022-08-02,1,D0,1,D0,1,D0,True,0.026783409,0.42324477,0.39463893,0.1525775,0.0027329926,2.2454551e-05
31005,2022-08-09,2,D1,1,D0,1,D0,False,0.024384512,0.48305336,0.4041105,0.08689108,0.0015366027,2.391399e-05
31005,2022-08-16,2,D1,1,D0,1,D0,False,0.01892707,0.42466077,0.37611353,0.16794612,0.012155693,0.0001967651
31005,2022-08-23,2,D1,1,D0,1,D0,False,0.02489726,0.41413698,0.33379924,0.19618772,0.030215584,0.00076321705
31005,2022-08-30,2,D1,1,D0,3,D2,False,0.014049159,0.2719644,0.21189229,0.22206391,0.2694038,0.010626402
31005,2022-09-06,2,D1,4,D3,4,D3,False,0.00069815875,0.0071190554,0.004746882,0.012766486,0.777646,0.1970235
31005,2022-09-13,3,D2,5,D4,4,D3,False,1.9666346e-05,8.4898165e-05,7.026104e-05,0.0006356344,0.4716164,0.52757317
31005,2022-09-20,3,D2,5,D4,4,D3,False,2.1624493e-05,7.328061e-05,5.5065677e-05,0.0004930203,0.43521363,0.56414336
31005,2022-09-27,3,D2,5,D4,4,D3,False,7.073387e-06,2.5329497e-05,2.2418808e-05,0.00028591597,0.4350843,0.56457496
31005,2022-10-04,3,D2,5,D4,4,D3,False,5.220387e-07,2.215251e-06,2.4619426e-06,4.959277e-05,0.42410725,0.57583797
31005,2022-10-11,3,D2,5,D4,4,D3,False,4.6698872e-07,1.7380232e-06,1.6112521e-06,3.2869648e-05,0.43081817,0.5691452
31005,2022-10-18,3,D2,5,D4,4,D3,False,7.715617e-08,3.966976e-07,4.4410183e-07,9.897653e-06,0.425306,0.5746832
31005,2022-10-25,3,D2,5,D4,4,D3,False,2.5736774e-08,1.7062528e-07,2.3051962e-07,4.9435835e-06,0.420157,0.5798376
31005,2022-11-01,3,D2,5,D4,4,D3,False,4.0954163e-08,2.4931245e-07,2.9377503e-07,7.2125717e-06,0.4167672,0.583225
31005,2022-11-08,4,D3,5,D4,4,D3,True,1.4814462e-07,6.5167166e-07,7.199103e-07,1.816831e-05,0.43732366,0.56265664
31005,2022-11-15,4,D3,5,D4,4,D3,True,2.4517266e-07,9.581028e-07,1.0274571e-06,2.4592673e-05,0.44483402,0.5551392
31005,2022-11-22,4,D3,5,D4,4,D3,True,3.0878354e-07,1.323869e-06,1.6999007e-06,3.91032e-05,0.4644796,0.53547794
31005,2022-11-29,4,D3,5,D4,4,D3,True,4.1434066e-07,1.7356261e-06,2.0639218e-06,4.2909734e-05,0.46664816,0.5333047
31005,2022-12-06,4,D3,5,D4,4,D3,True,3.3555588e-07,1.693346e-06,1.9163801e-06,3.1876592e-05,0.46823305,0.531731
31005,2022-12-13,4,D3,5,D4,4,D3,True,1.0217432e-06,3.658961e-06,3.6796e-06,6.26662e-05,0.4725606,0.5273683
31005,2022-12-20,4,D3,5,D4,4,D3,True,2.762354e-06,7.4775635e-06,7.456983e-06,0.000121401376,0.47439018,0.5254708
31005,2022-12-27,4,D3,5,D4,4,D3,True,3.3408078e-06,9.871582e-06,9.957416e-06,0.00013811384,0.4672456,0.5325932
31005,2023-01-03,4,D3,5,D4,4,D3,True,9.395116e-06,2.1316537e-05,1.9073099e-05,0.00021640329,0.46214122,0.53759253
31005,2023-01-10,4,D3,5,D4,4,D3,True,4.0478353e-05,7.015048e-05,6.321246e-05,0.00062911183,0.4531519,0.546045
31005,2023-01-17,4,D3,5,D4,4,D3,True,1.5082342e-05,3.6970123e-05,3.137841e-05,0.00027890713,0.44856206,0.5510756
31005,2023-01-24,4,D3,5,D4,4,D3,True,0.00011274536,0.00016532557,0.00014118919,0.0011430155,0.44366038,0.5547773
31005,2023-01-31,4,D3,5,D4,4,D3,True,8.533277e-05,0.00015638143,0.00015406008,0.0012246113,0.4395541,0.55882555
31005,2023-02-07,4,D3,5,D4,4,D3,True,7.85748e-06,3.266693e-05,3.7898313e-05,0.00033554566,0.43797103,0.56161505
31005,2023-02-14,3,D2,5,D4,4,D3,False,4.6984064e-06,2.169331e-05,2.8047936e-05,0.0002643308,0.4370173,0.562664
31005,2023-02-21,3,D2,5,D4,4,D3,False,1.400865e-06,7.9576075e-06,1.093198e-05,0.000118352276,0.4351547,0.5647067
31005,2023-02-28,3,D2,5,D4,4,D3,False,1.0782239e-06,6.0529305e-06,8.861767e-06,0.00010921611,0.43362334,0.5662514
31005,2023-03-07,3,D2,5,D4,4,D3,False,6.559329e-07,3.8602343e-06,6.0098214e-06,8.5325395e-05,0.4299549,0.5699492
31005,2023-03-14,3,D2,5,D4,4,D3,False,1.6355069e-06,7.5835446e-06,1.2363675e-05,0.00018608524,0.42442122,0.5753711
31005,2023-03-21,3,D2,5,D4,4,D3,False,3.569585e-07,2.3735504e-06,4.2142324e-06,6.278292e-05,0.4141583,0.5857719
31005,2023-03-28,3,D2,5,D4,4,D3,False,2.1900452e-07,1.413431e-06,2.8763984e-06,5.048249e-05,0.40314865,0.5967963
31005,2023-04-04,3,D2,5,D4,4,D3,False,1.11431504e-07,8.12534e-07,2.0168527e-06,3.5430017e-05,0.3882988,0.6116629
31005,2023-04-11,3,D2,5,D4,4,D3,False,3.1546495e-08,2.5816306e-07,1.1625701e-06,3.05948e-05,0.3820443,0.6179236
31005,2023-04-18,3,D2,5,D4,4,D3,False,1.500623e-08,1.3885517e-07,1.228255e-06,3.6658905e-05,0.3687954,0.6311666
31005,2023-04-25,3,D2,5,D4,4,D3,False,3.9946046e-09,3.82784e-08,9.566132e-07,5.3755808e-05,0.35893467,0.6410106
31005,2023-05-02,4,D3,5,D4,4,D3,True,2.2315245e-09,2.1658657e-08,1.1487513e-06,0.00014288563,0.39802185,0.6018341
31005,2023-05-09,4,D3,5,D4,4,D3,True,1.8034044e-08,1.0969525e-07,6.67828e-06,0.0010104434,0.42238536,0.57659745
31005,2023-05-16,3,D2,4,D3,4,D3,False,0.00016887943,0.00014731912,0.0072072404,0.29580593,0.49857652,0.19809408
31005,2023-05-23,3,D2,4,D3,3,D2,True,0.00024694367,0.00028615168,0.0154048,0.35117453,0.4713327,0.16155484
31005,2023-05-30,3,D2,4,D3,3,D2,True,0.00021096898,0.00048536193,0.024230246,0.3844755,0.47575957,0.1148383
31005,2023-06-06,2,D1,4,D3,3,D2,False,0.0010423079,0.0032816571,0.07720991,0.42981195,0.43264806,0.056006186
31005,2023-06-13,2,D1,3,D2,3,D2,False,0.00022192394,0.003966611,0.10018682,0.46561152,0.41853532,0.011477776
31005,2023-06-20,2,D1,3,D2,3,D2,False,0.00012298138,0.006394975,0.16316351,0.47273633,0.35569936,0.0018827218
31005,2023-06-27,2,D1,3,D2,3,D2,False,0.00011265625,0.008350567,0.19993578,0.47200942,0.31889528,0.00069631485
31005,2023-07-04,2,D1,3,D2,3,D2,False,0.00026424797,0.012533172,0.22124365,0.46905416,0.2963106,0.00059419754
31005,2023-07-11,2,D1,3,D2,3,D2,False,0.00024866316,0.014988443,0.23822844,0.47319934,0.2731503,0.00018486878
31005,2023-07-18,2,D1,3,D2,3,D2,False,0.00023178442,0.016180737,0.2449211,0.4757802,0.26278758,9.869135e-05
31005,2023-07-25,2,D1,3,D2,3,D2,False,0.00019198189,0.016741173,0.2521897,0.48183468,0.24899995,4.2469397e-05
31005,2023-08-01,2,D1,3,D2,3,D2,False,0.0001745221,0.018681187,0.2528597,0.48270229,0.24555492,2.7374537e-05
31005,2023-08-08,1,D0,3,D2,3,D2,False,0.00021810386,0.021746298,0.25893128,0.47902477,0.24005516,2.4398638e-05
31005,2023-08-15,1,D0,3,D2,3,D2,False,0.0002376527,0.024331486,0.2618871,0.47678864,0.2367319,2.3225077e-05
31005,2023-08-22,1,D0,3,D2,3,D2,False,0.00027109458,0.028251724,0.2651687,0.47394657,0.23234156,2.0397136e-05
31005,2023-08-29,1,D0,3,D2,3,D2,False,0.00038687448,0.036426537,0.26858512,0.46886593,0.22571063,2.4919142e-05
31005,2023-09-05,1,D0,3,D2,3,D2,False,0.00038469245,0.045753572,0.27154407,0.46855733,0.21374093,1.93935e-05
31005,2023-09-12,1,D0,3,D2,3,D2,False,0.00052259146,0.061245605,0.2789566,0.4642645,0.19498898,2.1662861e-05
31005,2023-09-19,1,D0,3,D2,3,D2,False,0.0015549203,0.10107795,0.2846363,0.44391263,0.16878402,3.4164055e-05
31005,2023-09-26,1,D0,3,D2,3,D2,False,0.005869043,0.16114905,0.2798501,0.4044331,0.14859694,0.00010182583
31005,2023-10-03,1,D0,3,D2,3,D2,False,0.0075451373,0.19047071,0.2812187,0.3779717,0.14268401,0.00010972116
31005,2023-10-10,1,D0,3,D2,3,D2,False,0.006726141,0.21639088,0.28169572,0.35392085,0.14117596,9.0407615e-05
31005,2023-10-17,1,D0,3,D2,3,D2,False,0.018000096,0.2360877,0.27074623,0.33596075,0.13880864,0.00039652418
31005,2023-10-24,1,D0,3,D2,3,D2,False,0.0115216235,0.24426593,0.27561188,0.3242281,0.14418462,0.00018781092
31005,2023-10-31,0,None,3,D2,3,D2,False,0.0123668155,0.2516654,0.27404583,0.31504762,0.14665307,0.00022120362
31005,2023-11-07,0,None,0,None,0,None,True,0.72351336,0.2750111,0.00042884122,0.0002738497,0.00056571123,0.00020707691
31005,2023-11-14,0,None,0,None,0,None,True,0.7125288,0.28710514,0.00018747924,4.911876e-05,9.410628e-05,3.5336296e-05
31005,2023-11-21,0,None,0,None,0,None,True,0.730299,0.2694942,0.00011818704,2.4256127e-05,4.6148278e-05,1.8171331e-05
31005,2023-11-28,0,None,0,None,0,None,True,0.73888624,0.26092964,0.00012363329,1.8788849e-05,3.0025447e-05,1.1635462e-05
31005,2023-12-05,0,None,0,None,0,None,True,0.7429714,0.2568685,0.00012473093,1.2018609e-05,1.6340742e-05,7.005226e-06
31005,2023-12-12,0,None,0,None,0,None,True,0.75151503,0.24834743,0.00011829001,6.842069e-06,8.491868e-06,3.89561e-06
31005,2023-12-19,0,None,0,None,0,None,True,0.7830864,0.21681929,8.3192164e-05,3.852858e-06,5.04694e-06,2.2946513e-06
31005,2023-12-26,0,None,0,None,0,None,True,0.8651728,0.13479178,3.157864e-05,1.301882e-06,2.0094699e-06,6.6293217e-07
31005,2024-01-02,0,None,0,None,0,None,True,0.8926369,0.107339606,2.088871e-05,8.5716823e-07,1.3799622e-06,3.9132578e-07
31005,2024-01-09,0,None,0,None,0,None,True,0.8982414,0.101738125,1.7643753e-05,9.3991076e-07,1.4827682e-06,3.7736862e-07
31005,2024-01-16,0,None,0,None,0,None,True,0.9033619,0.09661974,1.580435e-05,9.3686225e-07,1.2572079e-06,3.0037245e-07
31005,2024-01-23,0,None,0,None,0,None,True,0.8905289,0.10945072,1.7367742e-05,1.3363118e-06,1.3004022e-06,3.0016002e-07
31005,2024-01-30,0,None,0,None,0,None,True,0.89172566,0.1082559,1.5651605e-05,1.2494214e-06,1.3254994e-06,3.1076246e-07
31005,2024-02-06,0,None,0,None,0,None,True,0.8901395,0.10984121,1.626827e-05,1.2801772e-06,1.3789088e-06,3.3056025e-07
31005,2024-02-13,0,None,0,None,0,None,True,0.8789369,0.12103889,2.0407586e-05,1.646613e-06,1.677505e-06,4.1690427e-07
31005,2024-02-20,0,None,0,None,0,None,True,0.8441329,0.15582646,3.393222e-05,3.0447043e-06,2.824231e-06,8.093557e-07
31005,2024-02-27,0,None,0,None,0,None,True,0.8048047,0.19512211,6.085671e-05,5.5945816e-06,5.0143667e-06,1.7566362e-06
31005,2024-03-05,0,None,0,None,0,None,True,0.63901645,0.3606334,0.00029870684,2.5354402e-05,1.7885519e-05,8.19665e-06
31005,2024-03-12,0,None,0,None,0,None,True,0.6013436,0.39813438,0.00043668895,4.2166997e-05,2.8823679e-05,1.4356866e-05
31005,2024-03-19,0,None,0,None,0,None,True,0.6156281,0.38388574,0.00039390018,4.44396e-05,3.088415e-05,1.6907763e-05
31005,2024-03-26,0,None,0,None,0,None,True,0.696727,0.30301476,0.00020250777,2.4196115e-05,2.02132e-05,1.1402741e-05
31005,2024-04-02,0,None,0,None,0,None,True,0.7715959,0.22822581,0.00014267571,1.536085e-05,1.3770032e-05,6.4085775e-06
31005,2024-04-09,0,None,0,None,0,None,True,0.71156156,0.28798077,0.00038612876,3.524464e-05,2.523598e-05,1.1020853e-05
31005,2024-04-16,0,None,0,None,0,None,True,0.66402733,0.33507752,0.0007778316,6.204224e-05,3.8397062e-05,1.6932894e-05
31005,2024-04-23,0,None,0,None,0,None,True,0.66764,0.33138835,0.0008384109,7.021002e-05,4.3027583e-05,1.993599e-05
31005,2024-04-30,0,None,0,None,0,None,True,0.8656461,0.13422427,0.00010713928,1.0722099e-05,9.495812e-06,2.2623167e-06
31005,2024-05-07,0,None,0,None,0,None,True,0.8950752,0.10481283,9.8567994e-05,8.003359e-06,4.5100896e-06,9.210084e-07
31005,2024-05-14,0,None,0,None,0,None,True,0.8932073,0.10666675,0.00011420535,7.571104e-06,3.3616861e-06,7.201028e-07
31005,2024-05-21,0,None,0,None,0,None,True,0.8943359,0.10556908,8.679342e-05,5.0170543e-06,2.533276e-06,5.933888e-07
31005,2024-05-28,0,None,0,None,0,None,True,0.8806455,0.1192173,0.00012793204,6.0380266e-06,2.4885617e-06,7.039588e-07
31005,2024-06-04,0,None,0,None,0,None,True,0.86617035,0.13368934,0.00012809738,6.885781e-06,4.078994e-06,1.1357495e-06
31005,2024-06-11,0,None,0,None,0,None,True,0.8522849,0.14751935,0.00017939255,9.912333e-06,4.986269e-06,1.4170047e-06
31005,2024-06-18,0,None,0,None,0,None,True,0.8366026,0.16316141,0.00021609118,1.2721403e-05,5.470854e-06,1.6336965e-06
31005,2024-06-25,0,None,0,None,0,None,True,0.85054207,0.14928225,0.00015749547,1.2624612e-05,4.530765e-06,1.0519261e-06
31005,2024-07-02,0,None,0,None,0,None,True,0.8429471,0.15689369,0.00013944834,1.3089273e-05,5.348884e-06,1.3117833e-06
31005,2024-07-09,0,None,0,None,0,None,True,0.812345,0.18750194,0.00013104203,1.5137652e-05,5.4873954e-06,1.3705059e-06
31005,2024-07-16,0,None,0,None,0,None,True,0.82241964,0.17748708,7.834511e-05,9.853531e-06,4.0790196e-06,1.010259e-06
31005,2024-07-23,0,None,0,None,0,None,True,0.75216854,0.24772587,8.7946035e-05,1.0620682e-05,5.093327e-06,1.8150898e-06
31005,2024-07-30,0,None,0,None,0,None,True,0.6740571,0.325779,0.00013803107,1.43361e-05,7.433436e-06,3.974967e-06
31005,2024-08-06,0,None,0,None,0,None,True,0.55708915,0.44219756,0.00059033826,6.6380446e-05,3.1437165e-05,2.5219122e-05
31005,2024-08-13,0,None,0,None,0,None,True,0.5836188,0.41610032,0.00021151136,2.6555703e-05,2.2807179e-05,2.0031861e-05
31005,2024-08-20,1,D0,0,None,0,None,False,0.6204113,0.37948638,6.874914e-05,8.142045e-06,1.391788e-05,1.1490099e-05
31005,2024-08-27,1,D0,1,D0,1,D0,True,0.18723013,0.7856408,0.027077701,4.9289018e-05,1.6407498e-06,4.964628e-07
31005,2024-09-03,1,D0,1,D0,1,D0,True,0.06791886,0.7461698,0.1855065,0.00040237443,2.2729182e-06,1.7030085e-07
31005,2024-09-10,1,D0,1,D0,1,D0,True,0.038367484,0.5848226,0.35913426,0.017595373,7.8567784e-05,1.7740952e-06
31005,2024-09-17,1,D0,2,D1,2,D1,False,0.009800722,0.38567215,0.40531045,0.19760191,0.0016105929,4.210093e-06
31005,2024-09-24,1,D0,2,D1,3,D2,False,0.004068367,0.22622642,0.3858062,0.370524,0.013358359,1.6700684e-05
31005,2024-10-01,1,D0,3,D2,3,D2,False,0.0022916852,0.07806886,0.25812408,0.4778139,0.18269582,0.0010056678
31005,2024-10-08,2,D1,4,D3,4,D3,False,0.00016557706,0.0014808963,0.009038381,0.12901956,0.66859835,0.19169721
31005,2024-10-15,2,D1,4,D3,4,D3,False,3.166628e-05,0.00019064786,0.0014148689,0.031851873,0.54374033,0.42277065
31005,2024-10-22,2,D1,5,D4,4,D3,False,6.562094e-06,3.730415e-05,0.0002773998,0.0075860443,0.46810266,0.52399
31005,2024-10-29,3,D2,5,D4,4,D3,False,5.0612766e-06,3.112103e-05,0.00023605043,0.0050583794,0.47628784,0.51838154
31005,2024-11-05,3,D2,4,D3,4,D3,False,2.3322851e-05,0.00010601498,0.00067639264,0.0143574225,0.53611135,0.44872552
31005,2024-11-12,3,D2,4,D3,4,D3,False,0.0009918606,0.0022976885,0.010972622,0.14064033,0.52090704,0.3241905
31005,2024-11-19,3,D2,4,D3,4,D3,False,0.002546309,0.005353517,0.030071199,0.26323202,0.45346788,0.24532904
31005,2024-11-26,3,D2,3,D2,3,D2,True,0.004180795,0.009101718,0.06988026,0.41041875,0.35432434,0.1520941
31005,2024-12-03,3,D2,4,D3,3,D2,True,0.0027734293,0.00825581,0.0672503,0.35019496,0.3820608,0.18946472
31005,2024-12-10,3,D2,4,D3,4,D3,False,0.0011760789,0.005307263,0.036551572,0.12932122,0.46560428,0.3620395
31005,2024-12-17,3,D2,5,D4,4,D3,False,3.2673997e-05,0.0003187803,0.0011535855,0.0024789006,0.4288264,0.56718963
31005,2024-12-24,3,D2,5,D4,4,D3,False,5.022911e-05,0.00048686948,0.0013978655,0.002026408,0.39589107,0.6001476
31005,2024-12-31,3,D2,5,D4,4,D3,False,7.828147e-05,0.00070213125,0.0019189647,0.002131888,0.37880412,0.61636454
31005,2025-01-07,3,D2,5,D4,4,D3,False,0.00017000629,0.0012996884,0.004196157,0.0041296408,0.3869401,0.60326445
31005,2025-01-14,3,D2,5,D4,4,D3,False,7.870173e-05,0.0007781187,0.002212507,0.0016231793,0.36124617,0.6340614
31005,2025-01-21,3,D2,5,D4,5,D4,False,5.2778272e-05,0.0006070974,0.0012480256,0.00045112256,0.31072524,0.68691576
31005,2025-01-28,3,D2,5,D4,5,D4,False,2.8888508e-05,0.00036759378,0.0006263249,0.00013466939,0.29587328,0.7029692
31005,2025-02-04,3,D2,5,D4,5,D4,False,2.3204353e-05,0.00028925377,0.00039617336,5.768521e-05,0.29110014,0.70813346
31005,2025-02-11,3,D2,5,D4,5,D4,False,1.7724682e-05,0.00021028006,0.00023079799,2.5039753e-05,0.28642687,0.71308917
31005,2025-02-18,3,D2,5,D4,5,D4,False,4.450422e-05,0.0003780258,0.00035741614,3.095172e-05,0.28529677,0.7138922
31005,2025-02-25,3,D2,5,D4,5,D4,False,0.00010419363,0.0006854907,0.0007228759,7.227462e-05,0.29638854,0.70202655
31005,2025-03-04,3,D2,5,D4,5,D4,False,0.000112649905,0.00084687804,0.0009535146,7.016189e-05,0.29731917,0.70069766
31005,2025-03-11,2,D1,5,D4,5,D4,False,0.000532467,0.0034198507,0.0043061604,0.00016934091,0.27678522,0.714787
31005,2025-03-18,2,D1,5,D4,5,D4,False,0.0008706594,0.00647375,0.008428728,0.00013494038,0.24019258,0.74389935
31005,2025-03-25,2,D1,5,D4,5,D4,False,0.0009931492,0.008183065,0.010623593,8.1310944e-05,0.20436554,0.77575326
31005,2025-04-01,2,D1,5,D4,5,D4,False,0.002221461,0.015190864,0.019495727,0.00014734952,0.19556749,0.7673771
31005,2025-04-08,2,D1,5,D4,5,D4,False,0.0047227866,0.025270844,0.043300457,0.00048136956,0.200457,0.7257675
31005,2025-04-15,2,D1,5,D4,5,D4,False,0.0023129352,0.015389711,0.034897972,0.00047824258,0.22500125,0.7219199
31005,2025-04-22,2,D1,5,D4,5,D4,False,0.00824561,0.052976917,0.12130276,0.00094471895,0.21613191,0.60039806
31005,2025-04-29,2,D1,2,D1,2,D1,True,0.054822735,0.2049888,0.4008759,0.0021098421,0.09282465,0.24437806
31005,2025-05-06,2,D1,2,D1,2,D1,True,0.034998797,0.19475605,0.47326127,0.002146478,0.082458355,0.21237911
31005,2025-05-13,3,D2,2,D1,2,D1,False,0.04575737,0.25835192,0.62294555,0.0019837809,0.024009647,0.04695175
31005,2025-05-20,3,D2,2,D1,2,D1,False,0.13354164,0.37152153,0.49231687,0.0008799766,0.0011730884,0.00056689535
31005,2025-05-27,2,D1,2,D1,2,D1,True,0.14797074,0.4119236,0.43917087,0.00066126994,0.00023713899,3.6411424e-05
31005,2025-06-03,2,D1,2,D1,2,D1,True,0.047971148,0.35534745,0.5911005,0.0048914887,0.00067994604,9.403887e-06
31005,2025-06-10,2,D1,2,D1,2,D1,True,0.0064091096,0.16725388,0.6760341,0.14530304,0.0049975333,2.3330992e-06
31005,2025-06-17,1,D0,2,D1,3,D2,False,0.0006491222,0.066901505,0.55714035,0.3575976,0.017710898,5.5552204e-07
31005,2025-06-24,1,D0,3,D2,3,D2,False,0.00013580747,0.033741254,0.42987207,0.48546833,0.05078209,5.296183e-07
31005,2025-07-01,1,D0,3,D2,3,D2,False,0.0001960295,0.028748775,0.392163,0.50119394,0.07769762,6.2698314e-07
31005,2025-07-08,1,D0,3,D2,3,D2,False,0.00014139892,0.023246974,0.37239546,0.50412685,0.100088924,4.36406e-07
31005,2025-07-15,1,D0,3,D2,3,D2,False,0.00016275207,0.023857536,0.3643706,0.4783148,0.13329348,8.128938e-07
31005,2025-07-22,1,D0,3,D2,3,D2,False,0.0002956909,0.031875905,0.41488343,0.42232928,0.13061439,1.3495974e-06
31005,2025-07-29,1,D0,3,D2,3,D2,False,0.00024562335,0.027906798,0.35441574,0.4403579,0.17707084,3.092502e-06
31005,2025-08-05,1,D0,3,D2,3,D2,False,0.00017400667,0.026144886,0.33126625,0.44596696,0.19644499,2.999892e-06
31005,2025-08-12,1,D0,3,D2,3,D2,False,0.00021247368,0.024348522,0.2872094,0.46425346,0.22396502,1.1112167e-05
31005,2025-08-19,1,D0,3,D2,3,D2,False,0.00047015867,0.032104336,0.26306108,0.4640393,0.24025978,6.542005e-05
31005,2025-08-26,1,D0,3,D2,3,D2,False,0.00039643398,0.032554835,0.2643828,0.46517456,0.23744415,4.7273563e-05
31005,2025-09-02,1,D0,3,D2,3,D2,False,0.00065836177,0.040321194,0.2691693,0.45652905,0.2332637,5.8479e-05
31005,2025-09-09,1,D0,3,D2,3,D2,False,0.0017769973,0.070384234,0.2785456,0.4397851,0.20944527,6.2769366e-05
31005,2025-09-16,1,D0,3,D2,3,D2,False,0.004446094,0.13256937,0.28597984,0.40168878,0.17522344,9.251559e-05
31005,2025-09-23,1,D0,3,D2,3,D2,False,0.014881103,0.2054339,0.27761358,0.34798148,0.15380737,0.00028257482
31005,2025-09-30,1,D0,3,D2,3,D2,False,0.012244141,0.23920847,0.27860743,0.3245068,0.1452275,0.00020566948
31005,2025-10-07,1,D0,3,D2,3,D2,False,0.013257393,0.25882056,0.27354124,0.30991518,0.14417697,0.00028867013
31005,2025-10-14,1,D0,3,D2,3,D2,False,0.013920361,0.25931925,0.2726413,0.30940685,0.14440492,0.0003073463
31005,2025-10-21,1,D0,3,D2,3,D2,False,0.008420674,0.26046795,0.28039205,0.3045913,0.14594433,0.0001836099
31005,2025-10-28,1,D0,3,D2,3,D2,False,0.006740382,0.26086184,0.2829831,0.2968176,0.15240777,0.00018929856
31005,2025-11-04,1,D0,2,D1,3,D2,False,0.0047253063,0.26218277,0.28558066,0.28548196,0.1618699,0.00015941507
31005,2025-11-11,1,D0,2,D1,3,D2,False,0.0044282842,0.26021215,0.28749627,0.2868323,0.16089897,0.00013206243
31005,2025-11-18,2,D1,2,D1,3,D2,False,0.0037451868,0.25858217,0.28805518,0.27863646,0.17085738,0.00012360484
31005,2025-11-25,2,D1,2,D1,3,D2,False,0.0041159694,0.25564444,0.28865248,0.2825789,0.16889332,0.00011495008
31005,2025-12-02,2,D1,2,D1,3,D2,False,0.0038584,0.25561076,0.2889256,0.2822864,0.16921988,9.8930344e-05
31005,2025-12-09,2,D1,2,D1,3,D2,False,0.0040373383,0.25464213,0.28927496,0.28613982,0.16581573,8.9999245e-05
31005,2025-12-16,2,D1,2,D1,3,D2,False,0.0036371588,0.2562139,0.2891142,0.28060004,0.17034195,9.271792e-05
31005,2025-12-23,2,D1,2,D1,3,D2,False,0.003088272,0.2577125,0.29015806,0.27534196,0.17361432,8.489771e-05
31005,2025-12-30,2,D1,2,D1,3,D2,False,0.002960795,0.25831905,0.29195046,0.27096337,0.17571808,8.817358e-05
31007,2022-01-04,4,D3,2,D1,3,D2,False,0.0025132108,0.25090963,0.2990626,0.28773883,0.15973839,3.730561e-05
31007,2022-01-11,4,D3,2,D1,3,D2,False,0.0024619086,0.25097185,0.29914418,0.28698584,0.16040051,3.563058e-05
31007,2022-01-18,3,D2,2,D1,3,D2,True,0.0024446296,0.2500672,0.3000236,0.28766707,0.15976357,3.388687e-05
31007,2022-01-25,3,D2,2,D1,3,D2,True,0.002158792,0.24785915,0.30261227,0.2860535,0.16128469,3.1570966e-05
31007,2022-02-01,3,D2,2,D1,3,D2,True,0.002118589,0.24367827,0.3040031,0.29101598,0.15915272,3.1397783e-05
31007,2022-02-08,3,D2,2,D1,3,D2,True,0.0018392564,0.23335277,0.30755752,0.29768324,0.15953496,3.224998e-05
31007,2022-02-15,3,D2,2,D1,3,D2,True,0.0016774206,0.22511421,0.31065685,0.3005039,0.16201064,3.7003563e-05
31007,2022-02-22,3,D2,2,D1,3,D2,True,0.0015917125,0.2210302,0.31206954,0.3019349,0.1633339,3.9736056e-05
31007,2022-03-01,3,D2,2,D1,3,D2,True,0.0014648193,0.21759246,0.31390357,0.30421,0.16279499,3.4101864e-05
31007,2022-03-08,3,D2,2,D1,3,D2,True,0.0015505163,0.20603284,0.3177972,0.3101062,0.16448314,3.01033e-05
31007,2022-03-15,3,D2,2,D1,3,D2,True,0.0010673555,0.19179803,0.32972196,0.31475052,0.1626455,1.6626294e-05
31007,2022-03-22,3,D2,2,D1,3,D2,True,0.0008516347,0.17997964,0.33247778,0.32261127,0.16406551,1.4105126e-05
31007,2022-03-29,3,D2,2,D1,3,D2,True,0.0007032538,0.17048489,0.3346479,0.32952744,0.1646257,1.0780608e-05
31007,2022-04-05,3,D2,2,D1,3,D2,True,0.0010315847,0.18297748,0.32766443,0.32422844,0.16408099,1.6990463e-05
31007,2022-04-12,3,D2,3,D2,3,D2,True,0.00076470285,0.17046931,0.33093545,0.33265212,0.16516483,1.36619665e-05
31007,2022-04-19,3,D2,3,D2,3,D2,True,0.00064978877,0.16544859,0.3318049,0.33725744,0.16482772,1.1559727e-05
31007,2022-04-26,3,D2,3,D2,3,D2,True,0.000528997,0.14896165,0.3349485,0.34801343,0.16753763,9.820785e-06
31007,2022-05-03,3,D2,2,D1,3,D2,True,0.005628741,0.16923049,0.3254624,0.3200652,0.179462,0.00015118333
31007,2022-05-10,2,D1,2,D1,3,D2,False,0.013050952,0.1822333,0.3271584,0.30091095,0.17634635,0.00030001244
31007,2022-05-17,2,D1,2,D1,3,D2,False,0.005618085,0.18943419,0.32305133,0.31149527,0.17026646,0.00013463873
31007,2022-05-24,2,D1,2,D1,3,D2,False,0.008077063,0.21613708,0.3520118,0.3004448,0.12318448,0.00014477268
31007,2022-05-31,2,D1,2,D1,3,D2,False,0.005648462,0.21734586,0.33732855,0.32264864,0.11690877,0.00011968873
31007,2022-06-07,2,D1,2,D1,3,D2,False,0.0069688596,0.24203338,0.3425593,0.31563008,0.092700586,0.00010780273
31007,2022-06-14,2,D1,2,D1,3,D2,False,0.007072231,0.2510326,0.34994358,0.31729212,0.074565575,9.3923074e-05
31007,2022-06-21,2,D1,2,D1,3,D2,False,0.010800604,0.30292568,0.3825155,0.2641823,0.039511018,6.4918015e-05
31007,2022-06-28,3,D2,2,D1,3,D2,True,0.0051394575,0.2620943,0.36910927,0.32070586,0.042908836,4.2175394e-05
31007,2022-07-05,3,D2,2,D1,3,D2,True,0.0059140553,0.27469876,0.36290938,0.31531456,0.04111583,4.7387628e-05
31007,2022-07-12,3,D2,2,D1,3,D2,True,0.007930041,0.30955726,0.37991428,0.28259644,0.019975742,2.6252821e-05
31007,2022-07-19,3,D2,2,D1,2,D1,False,0.016005749,0.38413244,0.38764048,0.20123796,0.010949342,3.4070355e-05
31007,2022-07-26,3,D2,2,D1,3,D2,True,0.012902794,0.35241878,0.37450734,0.24284393,0.017267538,5.9628022e-05
31007,2022-08-02,3,D2,2,D1,3,D2,True,0.017315418,0.3522999,0.35987505,0.24820396,0.022188636,0.00011702775
31007,2022-08-09,3,D2,2,D1,3,D2,True,0.008801883,0.29381922,0.34450895,0.31169382,0.04104839,0.00012777625
31007,2022-08-16,3,D2,3,D2,3,D2,True,0.007292276,0.25748682,0.30619466,0.3487547,0.07992373,0.00034779895
31007,2022-08-23,3,D2,3,D2,3,D2,True,0.009382335,0.23994443,0.28021365,0.36499575,0.104692094,0.0007718169
31007,2022-08-30,3,D2,3,D2,3,D2,True,0.006673746,0.16809331,0.18958732,0.31722352,0.31343552,0.004986632
31007,2022-09-06,3,D2,4,D3,4,D3,False,0.0008838032,0.011290692,0.010116386,0.03981419,0.84671277,0.09118215
31007,2022-09-13,3,D2,4,D3,4,D3,False,3.464199e-05,0.00017427403,0.00016999299,0.00211669,0.5808318,0.4166726
31007,2022-09-20,3,D2,4,D3,4,D3,False,3.5147223e-05,0.00013155841,0.00011362013,0.0013233678,0.51088417,0.48751208
31007,2022-09-27,3,D2,5,D4,4,D3,False,1.0307434e-05,3.7216003e-05,3.66977e-05,0.0005590741,0.46513578,0.534221
31007,2022-10-04,3,D2,5,D4,4,D3,False,7.3402146e-07,3.0456124e-06,3.62035e-06,8.0755366e-05,0.43501717,0.5648947
31007,2022-10-11,3,D2,5,D4,4,D3,False,6.352278e-07,2.3766506e-06,2.3030896e-06,5.0592025e-05,0.43981534,0.56012875
31007,2022-10-18,3,D2,5,D4,4,D3,False,1.04960804e-07,5.356823e-07,6.313241e-07,1.623694e-05,0.43800712,0.5619753
31007,2022-10-25,4,D3,5,D4,4,D3,True,4.4820865e-08,2.6127861e-07,3.6703628e-07,9.598621e-06,0.44244918,0.55754066
31007,2022-11-01,4,D3,5,D4,4,D3,True,9.0496684e-08,4.5395896e-07,5.3016174e-07,1.4035809e-05,0.45114985,0.548835
31007,2022-11-08,4,D3,5,D4,4,D3,True,2.6043253e-07,1.0570226e-06,1.1210344e-06,2.8984578e-05,0.46247134,0.53749734
31007,2022-11-15,4,D3,5,D4,4,D3,True,3.4753802e-07,1.333017e-06,1.347185e-06,3.321846e-05,0.46498764,0.53497607
31007,2022-11-22,4,D3,5,D4,4,D3,True,3.7915993e-07,1.5810251e-06,1.7915429e-06,3.934631e-05,0.47183684,0.5281201
31007,2022-11-29,4,D3,5,D4,4,D3,True,4.9134013e-07,1.997177e-06,2.1432363e-06,4.2714644e-05,0.47210264,0.52785
31007,2022-12-06,4,D3,5,D4,4,D3,True,3.8100924e-07,1.8706006e-06,1.9447125e-06,3.1013755e-05,0.4705568,0.529408
31007,2022-12-13,4,D3,5,D4,4,D3,True,1.0217432e-06,3.658961e-06,3.6796e-06,6.26662e-05,0.4725606,0.5273683
31007,2022-12-20,4,D3,5,D4,4,D3,True,2.762354e-06,7.4775635e-06,7.456983e-06,0.000121401376,0.47439018,0.5254708
31007,2022-12-27,4,D3,5,D4,4,D3,True,3.3408078e-06,9.871582e-06,9.957416e-06,0.00013811384,0.4672456,0.5325932
31007,2023-01-03,4,D3,5,D4,4,D3,True,9.395116e-06,2.1316537e-05,1.9073099e-05,0.00021640329,0.46214122,0.53759253
31007,2023-01-10,4,D3,5,D4,4,D3,True,4.0478353e-05,7.015048e-05,6.321246e-05,0.00062911183,0.4531519,0.546045
31007,2023-01-17,4,D3,5,D4,4,D3,True,1.5082342e-05,3.6970123e-05,3.137841e-05,0.00027890713,0.44856206,0.5510756
31007,2023-01-24,4,D3,5,D4,4,D3,True,0.00011274536,0.00016532557,0.00014118919,0.0011430155,0.44366038,0.5547773
31007,2023-01-31,4,D3,5,D4,4,D3,True,8.533277e-05,0.00015638143,0.00015406008,0.0012246113,0.4395541,0.55882555
31007,2023-02-07,4,D3,5,D4,4,D3,True,7.85748e-06,3.266693e-05,3.7898313e-05,0.00033554566,0.43797103,0.56161505
31007,2023-02-14,4,D3,5,D4,4,D3,True,4.6984064e-06,2.169331e-05,2.8047936e-05,0.0002643308,0.4370173,0.562664
31007,2023-02-21,4,D3,5,D4,4,D3,True,1.400865e-06,7.9576075e-06,1.093198e-05,0.000118352276,0.4351547,0.5647067
31007,2023-02-28,4,D3,5,D4,4,D3,True,1.0782264e-06,6.0529446e-06,8.861779e-06,0.00010921636,0.4336231,0.56625164
31007,2023-03-07,4,D3,5,D4,4,D3,True,6.5593173e-07,3.860227e-06,6.0098214e-06,8.532523e-05,0.4299549,0.5699492
31007,2023-03-14,4,D3,5,D4,4,D3,True,1.6355069e-06,7.5835446e-06,1.2363675e-05,0.00018608524,0.42442122,0.5753711
31007,2023-03-21,4,D3,5,D4,4,D3,True,3.569585e-07,2.3735504e-06,4.2142324e-06,6.278292e-05,0.4141583,0.5857719
31007,2023-03-28,4,D3,5,D4,4,D3,True,2.1900452e-07,1.413431e-06,2.8763984e-06,5.048249e-05,0.40314865,0.5967963
31007,2023-04-04,4,D3,5,D4,4,D3,True,1.11431504e-07,8.12534e-07,2.0168527e-06,3.5430017e-05,0.3882988,0.6116629
31007,2023-04-11,4,D3,5,D4,4,D3,True,3.1546495e-08,2.5816306e-07,1.1625701e-06,3.05948e-05,0.3820443,0.6179236
31007,2023-04-18,4,D3,5,D4,4,D3,True,1.500623e-08,1.3885517e-07,1.228255e-06,3.6658905e-05,0.3687954,0.6311666
31007,2023-04-25,4,D3,5,D4,4,D3,True,3.9946046e-09,3.82784e-08,9.566132e-07,5.3755808e-05,0.35893467,0.6410106
31007,2023-05-02,4,D3,5,D4,4,D3,True,2.2315245e-09,2.1658657e-08,1.1487513e-06,0.00014288563,0.39802185,0.6018341
31007,2023-05-09,4,D3,5,D4,4,D3,True,1.8034044e-08,1.0969525e-07,6.67828e-06,0.0010104434,0.42238536,0.57659745
31007,2023-05-16,3,D2,4,D3,4,D3,False,0.00016887943,0.00014731912,0.0072072404,0.29580593,0.49857652,0.19809408
31007,2023-05-23,3,D2,4,D3,3,D2,True,0.00024694367,0.00028615168,0.0154048,0.35117453,0.4713327,0.16155484
31007,2023-05-30,3,D2,4,D3,3,D2,True,0.00021096898,0.00048536193,0.024230246,0.3844755,0.47575957,0.1148383
31007,2023-06-06,2,D1,4,D3,3,D2,False,0.0010423079,0.0032816571,0.07720991,0.42981195,0.43264806,0.056006186
31007,2023-06-13,1,D0,3,D2,3,D2,False,0.00022192394,0.0039666127,0.100186795,0.46561152,0.41853532,0.0114777805
31007,2023-06-20,1,D0,3,D2,3,D2,False,0.0001229813,0.0063949735,0.16316354,0.47273645,0.3556994,0.0018827214
31007,2023-06-27,1,D0,3,D2,3,D2,False,0.00011265625,0.008350567,0.19993578,0.47200942,0.31889528,0.00069631485
31007,2023-07-04,0,None,3,D2,3,D2,False,0.00026424797,0.012533172,0.22124365,0.46905416,0.2963106,0.00059419754
31007,2023-07-11,0,None,0,None,0,None,True,0.7690609,0.22320874,0.0026470777,0.002766724,0.0021191782,0.00019741597
31007,2023-07-18,0,None,0,None,0,None,True,0.8192397,0.17993389,0.00038820156,0.00020243104,0.00022284112,1.298638e-05
31007,2023-07-25,0,None,0,None,0,None,True,0.81213236,0.18727675,0.00028328891,0.00013553422,0.00016446611,7.5823355e-06
31007,2023-08-01,0,None,0,None,0,None,True,0.79884857,0.20048834,0.00032068923,0.00014541406,0.00018785057,9.117617e-06
31007,2023-08-08,0,None,0,None,0,None,True,0.8057714,0.19359697,0.00030762271,0.0001364316,0.00017897424,8.5780575e-06
31007,2023-08-15,0,None,0,None,0,None,True,0.76970965,0.22933953,0.0005085799,0.00019532286,0.00023338328,1.3522169e-05
31007,2023-08-22,0,None,0,None,0,None,True,0.6858355,0.31233886,0.0011517577,0.00033338516,0.00031038054,3.0187999e-05
31007,2023-08-29,0,None,0,None,0,None,True,0.6024791,0.39493126,0.0018872673,0.00036516038,0.0002675728,6.961187e-05
31007,2023-09-05,0,None,0,None,0,None,True,0.52740604,0.46865043,0.0033907942,0.0003464361,0.00015024742,5.6060104e-05
31007,2023-09-12,0,None,1,D0,0,None,True,0.4910873,0.50408596,0.004338593,0.00034314947,0.0001027352,4.230095e-05
31007,2023-09-19,0,None,0,None,0,None,True,0.5479052,0.45026854,0.0017026162,7.380748e-05,2.9951801e-05,1.9838395e-05
31007,2023-09-26,0,None,0,None,0,None,True,0.604999,0.3944397,0.000529533,1.576692e-05,8.655137e-06,7.332194e-06
31007,2023-10-03,0,None,0,None,0,None,True,0.6695084,0.3302817,0.0002047744,2.3892906e-06,1.518537e-06,1.2196996e-06
31007,2023-10-10,0,None,0,None,0,None,True,0.668959,0.3308582,0.00017928443,1.5585966e-06,1.005009e-06,8.4914666e-07
31007,2023-10-17,0,None,0,None,0,None,True,0.798717,0.20125477,2.7877279e-05,1.1376435e-07,9.437019e-08,6.150327e-08
31007,2023-10-24,0,None,0,None,0,None,True,0.8222351,0.17774095,2.3715736e-05,5.7943573e-08,5.100888e-08,3.259367e-08
31007,2023-10-31,0,None,0,None,0,None,True,0.81638944,0.18358245,2.7885015e-05,5.8538912e-08,5.1356835e-08,3.368083e-08
31007,2023-11-07,0,None,0,None,0,None,True,0.8263773,0.17359148,3.1056483e-05,6.873658e-08,6.063032e-08,3.7089734e-08
31007,2023-11-14,0,None,0,None,0,None,True,0.6879608,0.31181946,0.00021891744,4.4493976e-07,2.3029844e-07,1.741477e-07
31007,2023-11-21,0,None,0,None,0,None,True,0.6984201,0.3014037,0.00017514343,4.3643658e-07,2.9476328e-07,2.4569022e-07
31007,2023-11-28,0,None,0,None,0,None,True,0.72008485,0.27974734,0.00016691854,4.1282308e-07,2.9427542e-07,2.4885964e-07
31007,2023-12-05,0,None,0,None,0,None,True,0.74505603,0.2548106,0.00013256105,3.0178688e-07,2.2573006e-07,1.9564168e-07
31007,2023-12-12,0,None,0,None,0,None,True,0.75978935,0.2400896,0.00012016782,3.6513194e-07,2.7531524e-07,2.206632e-07
31007,2023-12-19,0,None,0,None,0,None,True,0.7999332,0.19998902,7.706591e-05,2.912074e-07,2.5166068e-07,1.7727609e-07
31007,2023-12-26,0,None,0,None,0,None,True,0.8870358,0.11293592,2.7978627e-05,1.2512147e-07,1.3495033e-07,6.02612e-08
31007,2024-01-02,0,None,0,None,0,None,True,0.9128603,0.08712032,1.9174064e-05,9.650946e-08,1.07006926e-07,3.7787956e-08
31007,2024-01-09,0,None,0,None,0,None,True,0.91976994,0.08021324,1.6552785e-05,1.022019e-07,1.1320263e-07,3.4951317e-08
31007,2024-01-16,0,None,0,None,0,None,True,0.92413986,0.0758445,1.5372716e-05,1.0729644e-07,1.01144245e-07,2.8233535e-08
31007,2024-01-23,0,None,0,None,0,None,True,0.9138879,0.086094886,1.6917917e-05,1.5348024e-07,9.622637e-08,2.5969468e-08
31007,2024-01-30,0,None,0,None,0,None,True,0.9157909,0.084193856,1.4958701e-05,1.3317937e-07,9.285075e-08,2.585597e-08
31007,2024-02-06,0,None,0,None,0,None,True,0.91424495,0.08573933,1.5479478e-05,1.2437268e-07,8.9740205e-08,2.5951632e-08
31007,2024-02-13,0,None,0,None,0,None,True,0.90326816,0.09671195,1.9608846e-05,1.560556e-07,1.0014168e-07,3.0679214e-08
31007,2024-02-20,0,None,0,None,0,None,True,0.86758643,0.13238041,3.269629e-05,2.9208007e-07,1.423721e-07,5.034786e-08
31007,2024-02-27,0,None,0,None,0,None,True,0.8323996,0.16754322,5.638821e-05,4.6767934e-07,2.208137e-07,9.383178e-08
31007,2024-03-05,0,None,0,None,0,None,True,0.68175215,0.31798622,0.00025857842,2.000056e-06,6.663068e-07,3.5299715e-07
31007,2024-03-12,0,None,0,None,0,None,True,0.6287302,0.37093115,0.00033440135,2.6894168e-06,9.53267e-07,5.6996106e-07
31007,2024-03-19,0,None,0,None,0,None,True,0.6439941,0.355707,0.00029458213,2.6146733e-06,1.0725461e-06,6.9343486e-07
31007,2024-03-26,0,None,0,None,0,None,True,0.7304416,0.26940277,0.00015314996,1.377349e-06,7.0654835e-07,4.3136424e-07
31007,2024-04-02,0,None,0,None,0,None,True,0.79492885,0.2049602,0.00010882997,1.1812558e-06,6.477817e-07,3.221505e-07
31007,2024-04-09,0,None,0,None,0,None,True,0.7309251,0.26876158,0.0003076078,3.83376e-06,1.3255755e-06,6.212568e-07
31007,2024-04-16,0,None,0,None,0,None,True,0.68753403,0.311754,0.0006987504,9.456401e-06,2.6491593e-06,1.1896107e-06
31007,2024-04-23,0,None,0,None,0,None,True,0.69062436,0.30848745,0.00086765445,1.4966138e-05,3.97682e-06,1.6536765e-06
31007,2024-04-30,0,None,0,None,0,None,True,0.8617725,0.13808881,0.00013375949,3.59303e-06,1.1437727e-06,2.1188744e-07
31007,2024-05-07,1,D0,0,None,0,None,False,0.88942194,0.11044276,0.00013133562,3.1172594e-06,7.0243e-07,8.630216e-08
31007,2024-05-14,1,D0,0,None,0,None,False,0.54543716,0.38466725,0.069736846,0.00015321514,4.394368e-06,1.1021841e-06
31007,2024-05-21,0,None,1,D0,1,D0,False,0.12904143,0.4861006,0.38416407,0.00068602414,7.671888e-06,1.8260315e-07
31007,2024-05-28,0,None,0,None,0,None,True,0.7990272,0.19747636,0.0033401942,0.00013673413,1.7258993e-05,2.2848574e-06
31007,2024-06-04,0,None,0,None,0,None,True,0.80362374,0.19460031,0.0016871901,7.3884534e-05,1.301149e-05,1.7697963e-06
31007,2024-06-11,0,None,0,None,0,None,True,0.7963514,0.20157598,0.0019796041,8.145072e-05,1.0252933e-05,1.3052904e-06
31007,2024-06-18,0,None,0,None,0,None,True,0.6625047,0.32306904,0.014104923,0.00030944514,1.0662944e-05,1.2907227e-06
31007,2024-06-25,0,None,0,None,0,None,True,0.6630165,0.31791788,0.018571401,0.0004860424,7.358206e-06,7.8060305e-07
31007,2024-07-02,0,None,0,None,0,None,True,0.63759726,0.35301068,0.008989058,0.00039617546,4.5111e-06,2.431394e-06
31007,2024-07-09,0,None,0,None,0,None,True,0.6119734,0.37563157,0.011592256,0.0007909599,7.845025e-06,3.9444403e-06
31007,2024-07-16,1,D0,0,None,0,None,False,0.6391972,0.3527377,0.00733321,0.0007203373,7.80331e-06,3.7344514e-06
31007,2024-07-23,1,D0,1,D0,1,D0,True,0.12863742,0.69308174,0.17449561,0.0037781098,6.7200735e-06,3.0450298e-07
31007,2024-07-30,2,D1,1,D0,1,D0,False,0.073592305,0.62505203,0.28550956,0.015823968,2.1575399e-05,5.288295e-07
31007,2024-08-06,2,D1,1,D0,1,D0,False,0.03557497,0.53413856,0.33035377,0.09968137,0.00024862276,2.6760083e-06
31007,2024-08-13,2,D1,1,D0,1,D0,False,0.039584305,0.528215,0.31576827,0.11602866,0.00039681842,6.854582e-06
31007,2024-08-20,2,D1,1,D0,1,D0,False,0.04716599,0.53185415,0.31287903,0.107729465,0.00036046453,1.0834795e-05
31007,2024-08-27,1,D0,1,D0,1,D0,True,0.053515416,0.5542029,0.32045892,0.07164261,0.00017011947,1.0057817e-05
31007,2024-09-03,1,D0,1,D0,1,D0,True,0.049875468,0.54555494,0.33897388,0.065389186,0.00019259362,1.3875892e-05
31007,2024-09-10,1,D0,1,D0,1,D0,True,0.05757942,0.5499588,0.3376068,0.054659802,0.00017868151,1.643557e-05
31007,2024-09-17,1,D0,1,D0,1,D0,True,0.039966065,0.52565116,0.36419058,0.0697489,0.0004190474,2.4228944e-05
31007,2024-09-24,1,D0,1,D0,1,D0,True,0.043536913,0.5062294,0.37590164,0.072542824,0.0016298101,0.00015939084
31007,2024-10-01,1,D0,5,D4,4,D3,False,0.020570902,0.13644226,0.20016527,0.14930697,0.23561294,0.25790164
31007,2024-10-08,1,D0,5,D4,5,D4,False,1.32975665e-05,5.2184707e-05,0.00016725915,0.0012098937,0.32248178,0.6760756
31007,2024-10-15,2,D1,5,D4,5,D4,False,1.2838913e-06,6.0909038e-06,3.0073086e-05,0.000412907,0.30132484,0.6982248
31007,2024-10-22,2,D1,5,D4,5,D4,False,2.881042e-07,1.7317504e-06,9.540337e-06,0.00018292796,0.29754192,0.7022636
31007,2024-10-29,2,D1,5,D4,5,D4,False,2.4679736e-07,1.6287164e-06,8.3502455e-06,0.00013544204,0.2943835,0.7054708
31007,2024-11-05,2,D1,5,D4,5,D4,False,1.2225108e-06,4.899734e-06,2.7053835e-05,0.00057643495,0.33346838,0.66592205
31007,2024-11-12,2,D1,5,D4,5,D4,False,0.00035654716,0.0005371913,0.0018632769,0.010247701,0.28030875,0.70668656
31007,2024-11-19,2,D1,5,D4,5,D4,False,0.002728294,0.003970819,0.01509501,0.036951605,0.2646386,0.67661566
31007,2024-11-26,2,D1,5,D4,5,D4,False,0.009164212,0.0140891215,0.064365715,0.089946814,0.24587435,0.57655984
31007,2024-12-03,2,D1,5,D4,5,D4,False,0.0048325667,0.010632944,0.05149087,0.06298027,0.24162942,0.62843394
31007,2024-12-10,2,D1,5,D4,5,D4,False,0.0009444233,0.0034937495,0.0136192795,0.012128272,0.21215968,0.7576546
31007,2024-12-17,2,D1,5,D4,5,D4,False,1.2705972e-05,0.00013251613,0.00030626974,0.0001989441,0.19183607,0.80751336
31007,2024-12-24,3,D2,5,D4,5,D4,False,1.7704802e-05,0.00018264889,0.00034733067,0.00017485999,0.18211398,0.81716347
31007,2024-12-31,3,D2,5,D4,5,D4,False,2.3403049e-05,0.00021895564,0.0003654469,0.00016185861,0.17257363,0.82665676
31007,2025-01-07,3,D2,5,D4,5,D4,False,4.5464283e-05,0.00035096862,0.0005979298,0.0002432712,0.16470122,0.8340611
31007,2025-01-14,3,D2,5,D4,5,D4,False,1.977854e-05,0.00020071956,0.000310802,0.00010357778,0.15872541,0.84063965
31007,2025-01-21,3,D2,5,D4,5,D4,False,1.3748908e-05,0.00016731286,0.00020465223,3.7709517e-05,0.14877383,0.85080266
31007,2025-01-28,3,D2,5,D4,5,D4,False,9.086143e-06,0.0001246803,0.0001314218,1.4808939e-05,0.14240664,0.85731333
31007,2025-02-04,3,D2,5,D4,5,D4,False,1.0708663e-05,0.00014113501,0.00012442286,8.2165e-06,0.14268535,0.8570303
31007,2025-02-11,3,D2,5,D4,5,D4,False,1.0882885e-05,0.00013445232,9.825199e-05,4.261861e-06,0.15008183,0.8496704
31007,2025-02-18,3,D2,5,D4,5,D4,False,2.6000676e-05,0.00023065692,0.00014496702,5.1136153e-06,0.15161182,0.84798133
31007,2025-02-25,3,D2,5,D4,5,D4,False,4.4492874e-05,0.00031556495,0.00022777992,1.1492288e-05,0.16715673,0.83224386
31007,2025-03-04,3,D2,5,D4,5,D4,False,3.3962555e-05,0.0002896679,0.0002086849,9.2117125e-06,0.18445785,0.81500065
31007,2025-03-11,3,D2,5,D4,5,D4,False,0.00011201768,0.0008338113,0.0006101409,1.8062952e-05,0.19062649,0.80779946
31007,2025-03-18,3,D2,5,D4,5,D4,False,0.00018580402,0.0015533912,0.0012217733,1.6601758e-05,0.1810763,0.8159461
31007,2025-03-25,3,D2,5,D4,5,D4,False,0.00032535594,0.0029449523,0.0024107571,1.3475473e-05,0.15826868,0.83603686
31007,2025-04-01,3,D2,5,D4,5,D4,False,0.0010201038,0.0075086467,0.0061537502,2.8959303e-05,0.15176745,0.8335212
31007,2025-04-08,3,D2,5,D4,5,D4,False,0.0028207167,0.015430104,0.015707463,9.307464e-05,0.15241648,0.8135321
31007,2025-04-15,3,D2,5,D4,5,D4,False,0.0013728231,0.009027749,0.011436507,9.218602e-05,0.1638006,0.8142701
31007,2025-04-22,3,D2,5,D4,5,D4,False,0.0044008526,0.026053607,0.031437967,0.00017656285,0.1580082,0.7799229
31007,2025-04-29,3,D2,5,D4,5,D4,False,0.050967935,0.1673356,0.2200579,0.0012316734,0.098786235,0.46162057
31007,2025-05-06,3,D2,5,D4,2,D1,False,0.020538138,0.110872224,0.2943267,0.004357285,0.15390573,0.4159999
31007,2025-05-13,3,D2,2,D1,2,D1,False,0.023156216,0.11133962,0.41114134,0.024494477,0.18016747,0.24970087
31007,2025-05-20,3,D2,2,D1,2,D1,False,0.11700187,0.32585475,0.4905648,0.030864928,0.02711874,0.008594904
31007,2025-05-27,3,D2,2,D1,2,D1,False,0.035783924,0.230808,0.5569457,0.13734138,0.038519215,0.00060180365
31007,2025-06-03,3,D2,2,D1,3,D2,True,0.0016211238,0.083293095,0.45079514,0.39412358,0.07013818,2.8846536e-05
31007,2025-06-10,3,D2,2,D1,3,D2,True,0.0007405296,0.063574106,0.44562316,0.43263513,0.05742053,6.519539e-06
31007,2025-06-17,3,D2,3,D2,3,D2,True,0.00047798836,0.043887854,0.3800309,0.47438425,0.101209894,9.093049e-06
31007,2025-06-24,3,D2,3,D2,3,D2,True,0.00044901462,0.034791734,0.3142755,0.48127353,0.16915074,5.9543254e-05
31007,2025-07-01,3,D2,3,D2,3,D2,True,0.0025518406,0.058537375,0.36180067,0.43542188,0.1413425,0.00034576992
31007,2025-07-08,3,D2,3,D2,3,D2,True,0.0032814424,0.055763572,0.36988708,0.4176996,0.15266018,0.0007080163
31007,2025-07-15,3,D2,3,D2,3,D2,True,0.0037039465,0.05208354,0.30193952,0.41720483,0.2234069,0.0016612948
31007,2025-07-22,3,D2,3,D2,3,D2,True,0.0027625847,0.040514085,0.26791582,0.4278698,0.2594093,0.0015284331
31007,2025-07-29,3,D2,3,D2,3,D2,True,0.0015788764,0.042963635,0.26292914,0.43951073,0.25251195,0.00050570344
31007,2025-08-05,2,D1,3,D2,3,D2,False,0.0008847382,0.038910467,0.26241285,0.44984332,0.24770112,0.00024754892
31007,2025-08-12,2,D1,3,D2,3,D2,False,0.00066642277,0.034769863,0.2604225,0.45804206,0.24595506,0.00014407662
31007,2025-08-19,2,D1,3,D2,3,D2,False,0.0005194945,0.03376616,0.2632674,0.46287215,0.23950355,7.126955e-05
31007,2025-08-26,2,D1,3,D2,3,D2,False,0.0004770638,0.035375893,0.2658188,0.46216702,0.23610586,5.53627e-05
31007,2025-09-02,1,D0,3,D2,3,D2,False,0.0008312426,0.045045253,0.27025095,0.45222723,0.23157473,7.058608e-05
31007,2025-09-09,1,D0,3,D2,3,D2,False,0.0018862875,0.07183927,0.2782071,0.43928412,0.2087109,7.231666e-05
31007,2025-09-16,1,D0,3,D2,3,D2,False,0.004524888,0.13185045,0.28532958,0.4019816,0.17621128,0.000102177844
31007,2025-09-23,1,D0,3,D2,3,D2,False,0.015502527,0.20664693,0.27695712,0.3470636,0.15352263,0.00030711596
31007,2025-09-30,1,D0,3,D2,3,D2,False,0.012390635,0.24001709,0.2787798,0.32396045,0.1446432,0.0002088169
31007,2025-10-07,1,D0,3,D2,3,D2,False,0.013193779,0.25916743,0.27362907,0.31006148,0.14366454,0.00028371793
31007,2025-10-14,1,D0,3,D2,3,D2,False,0.013920361,0.25931925,0.2726413,0.30940685,0.14440492,0.0003073463
31007,2025-10-21,1,D0,3,D2,3,D2,False,0.008420674,0.26046795,0.28039205,0.3045913,0.14594433,0.0001836099
31007,2025-10-28,1,D0,3,D2,3,D2,False,0.006740382,0.26086184,0.2829831,0.2968176,0.15240777,0.00018929856
31007,2025-11-04,1,D0,2,D1,3,D2,False,0.0047253063,0.26218277,0.28558066,0.28548196,0.1618699,0.00015941507
31007,2025-11-11,2,D1,2,D1,3,D2,False,0.0044282842,0.26021215,0.28749627,0.2868323,0.16089897,0.00013206243
31007,2025-11-18,2,D1,2,D1,3,D2,False,0.0037451868,0.25858217,0.28805518,0.27863646,0.17085738,0.00012360484
31007,2025-11-25,2,D1,2,D1,3,D2,False,0.0041159713,0.25564444,0.28865248,0.2825789,0.16889335,0.00011495008
31007,2025-12-02,2,D1,2,D1,3,D2,False,0.003858402,0.25561082,0.2889256,0.28228635,0.16921985,9.8930344e-05
31007,2025-12-09,2,D1,2,D1,3,D2,False,0.0040373383,0.25464213,0.28927496,0.28613982,0.16581573,8.9999245e-05
31007,2025-12-16,2,D1,2,D1,3,D2,False,0.0036371588,0.2562139,0.2891142,0.28060004,0.17034195,9.271792e-05
31007,2025-12-23,2,D1,2,D1,3,D2,False,0.003088272,0.2577125,0.29015806,0.27534196,0.17361432,8.489771e-05
31007,2025-12-30,2,D1,2,D1,3,D2,False,0.002960795,0.25831905,0.29195046,0.27096337,0.17571808,8.817358e-05
31009,2022-01-04,0,None,1,D0,0,None,True,0.48387688,0.50618976,0.009918659,1.0636047e-05,2.3600214e-06,1.693725e-06
31009,2022-01-11,0,None,1,D0,0,None,True,0.4921753,0.49772528,0.010080245,1.3773381e-05,3.196364e-06,2.2021252e-06
31009,2022-01-18,0,None,0,None,0,None,True,0.54309905,0.45148277,0.0054016714,1.1355976e-05,2.9998084e-06,2.2074353e-06
31009,2022-01-25,1,D0,0,None,0,None,False,0.5341202,0.45946524,0.0063930633,1.5417143e-05,3.657139e-06,2.4786018e-06
31009,2022-02-01,1,D0,1,D0,1,D0,True,0.06172194,0.8465904,0.091669545,1.4924976e-05,2.9465045e-06,1.681565e-07
31009,2022-02-08,1,D0,1,D0,1,D0,True,0.035784326,0.8079032,0.15629496,1.402251e-05,3.2671308e-06,1.6837092e-07
31009,2022-02-15,2,D1,1,D0,1,D0,False,0.027474523,0.7631319,0.2093686,1.9859886e-05,4.8437873e-06,2.2760874e-07
31009,2022-02-22,2,D1,1,D0,1,D0,False,0.024594462,0.7472481,0.22812533,2.5511024e-05,6.3682623e-06,2.6996997e-07
31009,2022-03-01,2,D1,1,D0,1,D0,False,0.02261536,0.725879,0.25146896,2.9673422e-05,6.7487126e-06,2.6236646e-07
31009,2022-03-08,2,D1,1,D0,1,D0,False,0.026881794,0.7198003,0.2532955,1.908871e-05,3.1951158e-06,1.4962923e-07
31009,2022-03-15,2,D1,1,D0,1,D0,False,0.02958975,0.70569813,0.26469654,1.3444986e-05,2.028527e-06,1.2009257e-07
31009,2022-03-22,2,D1,1,D0,1,D0,False,0.03339361,0.6769943,0.28959104,1.8907114e-05,2.023822e-06,1.2206513e-07
31009,2022-03-29,3,D2,1,D0,1,D0,False,0.034898564,0.6506055,0.31448254,1.2429011e-05,9.334044e-07,5.2230597e-08
31009,2022-04-05,3,D2,1,D0,1,D0,False,0.02732022,0.60563266,0.3670002,4.4361877e-05,2.4950236e-06,9.116962e-08
31009,2022-04-12,3,D2,1,D0,1,D0,False,0.014166526,0.5593843,0.42637083,7.571565e-05,2.654461e-06,3.7553e-08
31009,2022-04-19,3,D2,1,D0,1,D0,False,0.0072346777,0.5203626,0.4721989,0.00019797891,5.6616223e-06,3.4119974e-08
31009,2022-04-26,3,D2,2,D1,2,D1,False,0.0053046453,0.4918315,0.5024596,0.00039683847,7.33349e-06,2.5783384e-08
31009,2022-05-03,3,D2,2,D1,2,D1,False,0.047868703,0.4547493,0.49703485,0.00034130237,5.6664426e-06,2.661633e-07
31009,2022-05-10,3,D2,2,D1,2,D1,False,0.06790731,0.45970434,0.47220773,0.00017806696,2.439392e-06,1.4351819e-07
31009,2022-05-17,3,D2,1,D0,1,D0,False,0.034024414,0.50051016,0.4653013,0.00016196097,2.2117072e-06,5.637304e-08
31009,2022-05-24,3,D2,1,D0,1,D0,False,0.04607434,0.4991706,0.4545843,0.00016836054,2.2416566e-06,9.76834e-08
31009,2022-05-31,3,D2,1,D0,1,D0,False,0.035435215,0.5120584,0.4521949,0.00030722664,4.215635e-06,1.4411263e-07
31009,2022-06-07,3,D2,1,D0,1,D0,False,0.037564866,0.5171966,0.4448829,0.00035119324,4.21852e-06,1.8764301e-07
31009,2022-06-14,3,D2,1,D0,1,D0,False,0.035885412,0.5197437,0.4438139,0.00055147207,5.2920655e-06,2.2803742e-07
31009,2022-06-21,3,D2,1,D0,1,D0,False,0.03967198,0.5281529,0.4315608,0.00061032595,3.8380517e-06,1.8097533e-07
31009,2022-06-28,3,D2,1,D0,1,D0,False,0.027426705,0.53846705,0.43263182,0.0014659052,8.2725555e-06,2.1421084e-07
31009,2022-07-05,3,D2,1,D0,1,D0,False,0.028625667,0.5431825,0.42501566,0.0031568971,1.8773117e-05,5.0124754e-07
31009,2022-07-12,3,D2,1,D0,1,D0,False,0.035517827,0.5477721,0.41291758,0.0037800216,1.2140686e-05,3.6587085e-07
31009,2022-07-19,3,D2,1,D0,1,D0,False,0.038606364,0.55434805,0.40478414,0.002252677,8.386837e-06,4.1085042e-07
31009,2022-07-26,3,D2,1,D0,1,D0,False,0.034586754,0.5483808,0.4095347,0.0074583185,3.780618e-05,1.6724355e-06
31009,2022-08-02,3,D2,1,D0,1,D0,False,0.046468448,0.5467052,0.40005192,0.0067274007,4.3837008e-05,3.1672882e-06
31009,2022-08-09,3,D2,1,D0,1,D0,False,0.027853932,0.52040917,0.420483,0.030916514,0.00032625793,1.1122211e-05
31009,2022-08-16,3,D2,1,D0,1,D0,False,0.024629941,0.49660394,0.4083267,0.067577906,0.0027691633,9.23873e-05
31009,2022-08-23,3,D2,1,D0,1,D0,False,0.033263363,0.5042318,0.3688781,0.08522636,0.007959455,0.00044089503
31009,2022-08-30,3,D2,1,D0,1,D0,False,0.022487074,0.39313075,0.31811532,0.12822035,0.12614605,0.011900453
31009,2022-09-06,3,D2,4,D3,4,D3,False,0.00096754014,0.008443745,0.005303648,0.0054380973,0.54980904,0.43003798
31009,2022-09-13,3,D2,5,D4,5,D4,False,1.3238485e-05,6.551429e-05,5.3163225e-05,0.00014377784,0.31809217,0.6816321
31009,2022-09-20,3,D2,5,D4,5,D4,False,1.1008099e-05,5.1028906e-05,3.524006e-05,7.9850164e-05,0.28047493,0.7193479
31009,2022-09-27,3,D2,5,D4,5,D4,False,2.2837542e-06,1.2984256e-05,9.447913e-06,3.181651e-05,0.24538253,0.75456095
31009,2022-10-04,3,D2,5,D4,5,D4,False,1.14925975e-07,6.8570705e-07,6.2022184e-07,7.514802e-06,0.24787088,0.75212014
31009,2022-10-11,3,D2,5,D4,5,D4,False,1.04157735e-07,5.225579e-07,4.1556075e-07,4.5942115e-06,0.24154322,0.7584511
31009,2022-10-18,4,D3,5,D4,5,D4,False,1.553522e-08,1.1249242e-07,1.0817197e-07,1.1545686e-06,0.22796595,0.7720327
31009,2022-10-25,4,D3,5,D4,5,D4,False,5.9253997e-09,5.571414e-08,7.057667e-08,6.992069e-07,0.22713396,0.7728652
31009,2022-11-01,4,D3,5,D4,5,D4,False,1.1557648e-08,9.872162e-08,1.0286081e-07,7.128458e-07,0.21281534,0.78718376
31009,2022-11-08,4,D3,5,D4,5,D4,False,3.1604735e-08,2.3578065e-07,2.8729562e-07,3.0846686e-06,0.2570142,0.7429821
31009,2022-11-15,4,D3,5,D4,5,D4,False,4.5394174e-08,3.234147e-07,4.3248167e-07,5.0563413e-06,0.28621003,0.7137841
31009,2022-11-22,4,D3,5,D4,4,D3,True,6.700339e-08,5.114619e-07,8.6843613e-07,1.6278713e-05,0.38763162,0.61235064
31009,2022-11-29,4,D3,5,D4,4,D3,True,1.0670662e-07,7.3149965e-07,1.0958157e-06,1.7588636e-05,0.40520224,0.59477824
31009,2022-12-06,4,D3,5,D4,4,D3,True,8.657921e-08,7.1475415e-07,1.0755291e-06,1.6818636e-05,0.42858946,0.5713918
31009,2022-12-13,4,D3,5,D4,4,D3,True,2.56809e-07,1.4131745e-06,2.016056e-06,3.7725044e-05,0.4391972,0.56076145
31009,2022-12-20,4,D3,5,D4,4,D3,True,8.0007374e-07,3.0504477e-06,4.187475e-06,8.640801e-05,0.45322183,0.54668367
31009,2022-12-27,4,D3,5,D4,4,D3,True,1.184288e-06,4.431309e-06,5.8233522e-06,0.000107886815,0.45393553,0.5459451
31009,2023-01-03,3,D2,5,D4,4,D3,False,4.826265e-06,1.1554127e-05,1.2718428e-05,0.00018582103,0.45555693,0.5442282
31009,2023-01-10,3,D2,5,D4,4,D3,False,2.2620361e-05,3.990098e-05,4.3751254e-05,0.00053207454,0.44560677,0.55375487
31009,2023-01-17,3,D2,5,D4,4,D3,False,9.478635e-06,2.4137282e-05,2.402145e-05,0.00025688086,0.44638243,0.55330306
31009,2023-01-24,3,D2,5,D4,4,D3,False,0.00011274536,0.00016532557,0.00014118919,0.0011430155,0.44366038,0.5547773
31009,2023-01-31,3,D2,5,D4,4,D3,False,8.533277e-05,0.00015638143,0.00015406008,0.0012246113,0.4395541,0.55882555
31009,2023-02-07,3,D2,5,D4,4,D3,False,7.85748e-06,3.266693e-05,3.7898313e-05,0.00033554566,0.43797103,0.56161505
31009,2023-02-14,3,D2,5,D4,4,D3,False,4.6984032e-06,2.1693293e-05,2.8047889e-05,0.00026433085,0.43701714,0.5626641
31009,2023-02-21,3,D2,5,D4,4,D3,False,1.4008637e-06,7.9576075e-06,1.093197e-05,0.000118352276,0.4351547,0.5647067
31009,2023-02-28,3,D2,5,D4,4,D3,False,1.0782264e-06,6.0529446e-06,8.861779e-06,0.00010921636,0.4336231,0.56625164
31009,2023-03-07,3,D2,5,D4,4,D3,False,6.5593173e-07,3.860227e-06,6.0098214e-06,8.532523e-05,0.4299549,0.5699492
31009,2023-03-14,3,D2,5,D4,4,D3,False,1.6355069e-06,7.5835446e-06,1.2363675e-05,0.00018608524,0.42442122,0.5753711
31009,2023-03-21,3,D2,5,D4,4,D3,False,3.569585e-07,2.3735504e-06,4.2142324e-06,6.278292e-05,0.4141583,0.5857719
31009,2023-03-28,3,D2,5,D4,4,D3,False,2.1900452e-07,1.413431e-06,2.8763984e-06,5.048249e-05,0.40314865,0.5967963
31009,2023-04-04,3,D2,5,D4,4,D3,False,1.11431504e-07,8.12534e-07,2.0168527e-06,3.5430017e-05,0.3882988,0.6116629
31009,2023-04-11,3,D2,5,D4,4,D3,False,3.1546495e-08,2.5816306e-07,1.1625701e-06,3.05948e-05,0.3820443,0.6179236
31009,2023-04-18,3,D2,5,D4,4,D3,False,1.500623e-08,1.3885517e-07,1.228255e-06,3.6658905e-05,0.3687954,0.6311666
31009,2023-04-25,4,D3,5,D4,4,D3,True,3.9946046e-09,3.82784e-08,9.566132e-07,5.3755808e-05,0.35893467,0.6410106
31009,2023-05-02,4,D3,5,D4,4,D3,True,2.2315245e-09,2.1658657e-08,1.1487513e-06,0.00014288563,0.39802185,0.6018341
31009,2023-05-09,4,D3,5,D4,4,D3,True,1.8034044e-08,1.0969525e-07,6.67828e-06,0.0010104434,0.42238536,0.57659745
31009,2023-05-16,3,D2,4,D3,4,D3,False,0.00016887943,0.00014731912,0.0072072404,0.29580593,0.49857652,0.19809408
31009,2023-05-23,3,D2,4,D3,3,D2,True,0.00024694367,0.00028615168,0.0154048,0.35117453,0.4713327,0.16155484
31009,2023-05-30,3,D2,4,D3,3,D2,True,0.00021096898,0.00048536193,0.024230246,0.3844755,0.47575957,0.1148383
31009,2023-06-06,3,D2,4,D3,3,D2,True,0.0010423079,0.0032816571,0.07720991,0.42981195,0.43264806,0.056006186
31009,2023-06-13,3,D2,3,D2,3,D2,True,0.00022192394,0.003966611,0.10018682,0.46561152,0.41853532,0.011477776
31009,2023-06-20,3,D2,3,D2,3,D2,True,0.00012298138,0.006394975,0.16316351,0.47273633,0.35569936,0.0018827218
31009,2023-06-27,3,D2,3,D2,3,D2,True,0.00011265625,0.008350567,0.19993578,0.47200942,0.31889528,0.00069631485
31009,2023-07-04,3,D2,3,D2,3,D2,True,0.00026424797,0.012533172,0.22124365,0.46905416,0.2963106,0.00059419754
31009,2023-07-11,3,D2,3,D2,3,D2,True,0.00024866316,0.014988443,0.23822844,0.47319934,0.2731503,0.00018486878
31009,2023-07-18,3,D2,3,D2,3,D2,True,0.00023178442,0.016180737,0.2449211,0.4757802,0.26278758,9.869135e-05
31009,2023-07-25,3,D2,3,D2,3,D2,True,0.00019198189,0.016741173,0.2521897,0.48183468,0.24899995,4.2469397e-05
31009,2023-08-01,3,D2,3,D2,3,D2,True,0.0001745221,0.018681187,0.2528597,0.48270229,0.24555492,2.7374537e-05
31009,2023-08-08,3,D2,3,D2,3,D2,True,0.00021810386,0.021746298,0.25893128,0.47902477,0.24005516,2.4398638e-05
31009,2023-08-15,3,D2,3,D2,3,D2,True,0.00018149725,0.022289716,0.26033407,0.4810082,0.2361689,1.7587961e-05
31009,2023-08-22,3,D2,3,D2,3,D2,True,0.00018330014,0.024280569,0.26218262,0.4806455,0.23269351,1.4496951e-05
31009,2023-08-29,3,D2,3,D2,3,D2,True,0.00023505314,0.029524338,0.26391494,0.47524744,0.23106103,1.722649e-05
31009,2023-09-05,3,D2,3,D2,3,D2,True,0.00025755307,0.03849173,0.26883176,0.4750962,0.21730873,1.4085449e-05
31009,2023-09-12,3,D2,3,D2,3,D2,True,0.00038813835,0.05382212,0.27775908,0.47086623,0.19714813,1.630128e-05
31009,2023-09-19,3,D2,3,D2,3,D2,True,0.0007929245,0.08062127,0.28599674,0.45899555,0.17357671,1.6853533e-05
31009,2023-09-26,2,D1,3,D2,3,D2,False,0.0021548846,0.12791418,0.2883023,0.42716122,0.1544397,2.772903e-05
31009,2023-10-03,2,D1,3,D2,3,D2,False,0.003468785,0.16181445,0.28810373,0.39857262,0.14800154,3.88736e-05
31009,2023-10-10,2,D1,3,D2,3,D2,False,0.003202251,0.18453708,0.2902878,0.37492526,0.14701076,3.6724527e-05
31009,2023-10-17,1,D0,3,D2,3,D2,False,0.008546859,0.21773851,0.27998492,0.34979883,0.14380814,0.0001227849
31009,2023-10-24,1,D0,3,D2,3,D2,False,0.007642558,0.23283496,0.28089902,0.33272398,0.1457882,0.00011131011
31009,2023-10-31,0,None,3,D2,3,D2,False,0.007975953,0.24268878,0.28003353,0.32124886,0.14791805,0.00013476366
31009,2023-11-07,0,None,1,D0,0,None,True,0.38933873,0.4193611,0.05418869,0.07119272,0.052320242,0.013598525
31009,2023-11-14,0,None,1,D0,1,D0,False,0.42109513,0.5452629,0.025520211,0.005303102,0.002375645,0.0004430506
31009,2023-11-21,0,None,0,None,0,None,True,0.52409816,0.470119,0.00543527,0.0002213974,9.321077e-05,3.2996122e-05
31009,2023-11-28,0,None,0,None,0,None,True,0.61891264,0.3800108,0.001039402,2.0307676e-05,1.0653595e-05,6.2333716e-06
31009,2023-12-05,0,None,0,None,0,None,True,0.7645775,0.23531897,9.951097e-05,1.3758954e-06,1.6382256e-06,9.972797e-07
31009,2023-12-12,0,None,0,None,0,None,True,0.7939792,0.20593517,8.2649145e-05,1.0230258e-06,1.2069097e-06,7.097682e-07
31009,2023-12-19,0,None,0,None,0,None,True,0.8182746,0.18166018,6.292156e-05,7.4046295e-07,9.3048885e-07,5.341882e-07
31009,2023-12-26,0,None,0,None,0,None,True,0.883193,0.11677782,2.8186898e-05,2.9785775e-07,4.5970575e-07,1.9898096e-07
31009,2024-01-02,0,None,0,None,0,None,True,0.9044761,0.09550356,1.9697974e-05,2.0343346e-07,3.2239848e-07,1.2170317e-07
31009,2024-01-09,0,None,0,None,0,None,True,0.9089842,0.09099872,1.6478696e-05,2.1201787e-07,3.300314e-07,1.1260786e-07
31009,2024-01-16,0,None,0,None,0,None,True,0.9136954,0.08628963,1.4422731e-05,2.1156738e-07,2.8355052e-07,8.964573e-08
31009,2024-01-23,0,None,0,None,0,None,True,0.9011651,0.098818615,1.5612984e-05,3.4135638e-07,3.0552158e-07,9.172599e-08
31009,2024-01-30,0,None,0,None,0,None,True,0.9024072,0.09757836,1.3709067e-05,3.4275527e-07,3.3821746e-07,1.0173926e-07
31009,2024-02-06,0,None,0,None,0,None,True,0.9011019,0.098883316,1.3999655e-05,3.574497e-07,3.6618226e-07,1.12072776e-07
31009,2024-02-13,0,None,0,None,0,None,True,0.8903556,0.109625846,1.7553706e-05,4.9211144e-07,4.497019e-07,1.423762e-07
31009,2024-02-20,0,None,0,None,0,None,True,0.8552343,0.14473355,2.9964334e-05,1.0447626e-06,7.817548e-07,2.880705e-07
31009,2024-02-27,0,None,0,None,0,None,True,0.8174612,0.18247974,5.5024022e-05,1.8826391e-06,1.415287e-06,6.4601704e-07
31009,2024-03-05,0,None,0,None,0,None,True,0.6553351,0.34436584,0.00028032862,1.00724765e-05,5.3731496e-06,3.3282217e-06
31009,2024-03-12,0,None,0,None,0,None,True,0.61748654,0.38205305,0.0004273377,1.7598497e-05,9.514351e-06,5.960849e-06
31009,2024-03-19,0,None,0,None,0,None,True,0.6288121,0.37077487,0.00037920228,1.6817092e-05,1.0097143e-05,6.98682e-06
31009,2024-03-26,0,None,0,None,0,None,True,0.7093184,0.29047084,0.00019205495,8.038646e-06,6.1838077e-06,4.5165484e-06
31009,2024-04-02,0,None,0,None,0,None,True,0.7826586,0.21720237,0.00012744027,5.0935814e-06,4.098409e-06,2.4002807e-06
31009,2024-04-09,0,None,0,None,0,None,True,0.7238748,0.2757678,0.00033481637,1.226881e-05,6.5978807e-06,3.748398e-06
31009,2024-04-16,0,None,0,None,0,None,True,0.67358595,0.3256865,0.0006895211,2.2040716e-05,1.0266781e-05,5.6869567e-06
31009,2024-04-23,0,None,0,None,0,None,True,0.6761818,0.3230051,0.0007669661,2.6818225e-05,1.2332588e-05,6.952242e-06
31009,2024-04-30,0,None,0,None,0,None,True,0.8727703,0.12712424,9.707972e-05,4.5461597e-06,3.0587062e-06,8.4255805e-07
31009,2024-05-07,0,None,0,None,0,None,True,0.9006082,0.099296786,8.992091e-05,3.3046554e-06,1.4052608e-06,3.3929211e-07
31009,2024-05-14,0,None,0,None,0,None,True,0.898936,0.100956745,0.00010284102,3.0659671e-06,1.0468332e-06,2.7237763e-07
31009,2024-05-21,0,None,0,None,0,None,True,0.89941865,0.1005,7.8073565e-05,2.1895144e-06,8.726147e-07,2.439894e-07
31009,2024-05-28,0,None,0,None,0,None,True,0.88288647,0.11698871,0.00012111275,2.6212476e-06,7.7918605e-07,2.8760002e-07
31009,2024-06-04,0,None,0,None,0,None,True,0.8675324,0.13233872,0.00012341094,3.44754e-06,1.5024203e-06,5.268985e-07
31009,2024-06-11,0,None,0,None,0,None,True,0.8541525,0.14566599,0.00017186755,6.268395e-06,2.563788e-06,8.056738e-07
31009,2024-06-18,0,None,0,None,0,None,True,0.8376818,0.16209757,0.00020575755,9.96771e-06,3.83992e-06,1.1591447e-06
31009,2024-06-25,0,None,0,None,0,None,True,0.84989035,0.1499479,0.00014645682,1.0760943e-05,3.664164e-06,8.270818e-07
31009,2024-07-02,0,None,0,None,0,None,True,0.8412691,0.15858474,0.00012883543,1.1601924e-05,4.6177356e-06,1.0985534e-06
31009,2024-07-09,0,None,0,None,0,None,True,0.8114532,0.1884061,0.00012058603,1.383179e-05,4.987938e-06,1.2050821e-06
31009,2024-07-16,0,None,0,None,0,None,True,0.82208526,0.17782697,7.368239e-05,9.341962e-06,3.8687044e-06,9.1718874e-07
31009,2024-07-23,0,None,0,None,0,None,True,0.75644153,0.24345395,8.7081986e-05,1.0644501e-05,5.0132726e-06,1.7159751e-06
31009,2024-07-30,0,None,0,None,0,None,True,0.6775273,0.32229662,0.00014839567,1.5799433e-05,7.900346e-06,4.029464e-06
31009,2024-08-06,0,None,0,None,0,None,True,0.5608435,0.43836698,0.0006558466,7.513379e-05,3.37359e-05,2.48167e-05
31009,2024-08-13,0,None,1,D0,0,None,True,0.4642026,0.53331983,0.0023479445,8.825612e-05,2.2502874e-05,1.8884895e-05
31009,2024-08-20,0,None,1,D0,0,None,True,0.47857752,0.51961935,0.0017190884,5.6105742e-05,1.5379235e-05,1.252495e-05
31009,2024-08-27,0,None,1,D0,0,None,True,0.4712655,0.5262147,0.002450652,4.9868828e-05,1.0020232e-05,9.2781565e-06
31009,2024-09-03,1,D0,1,D0,0,None,False,0.45080245,0.54404885,0.0049863863,0.0001238407,2.0433745e-05,1.8017847e-05
31009,2024-09-10,1,D0,1,D0,1,D0,True,0.065918446,0.7000457,0.23236774,0.0016536004,1.3922967e-05,5.5773387e-07
31009,2024-09-17,1,D0,1,D0,1,D0,True,0.016763417,0.4915119,0.4182517,0.07301664,0.00045471595,1.6582007e-06
31009,2024-09-24,2,D1,2,D1,3,D2,False,0.0054338085,0.30735815,0.37380692,0.30385163,0.009541024,8.490663e-06
31009,2024-10-01,2,D1,3,D2,3,D2,False,0.0034996842,0.17025484,0.3389339,0.37269902,0.11445415,0.00015847615
31009,2024-10-08,2,D1,4,D3,3,D2,False,0.0005823578,0.011020301,0.063400865,0.39319268,0.52017456,0.011629157
31009,2024-10-15,3,D2,4,D3,4,D3,False,0.00013540908,0.0011777027,0.0072018118,0.1595923,0.6833471,0.14854562
31009,2024-10-22,3,D2,4,D3,4,D3,False,3.129975e-05,0.00017966678,0.0011270061,0.044147525,0.60755026,0.3469643
31009,2024-10-29,3,D2,4,D3,4,D3,False,2.528426e-05,0.00013673914,0.0006561189,0.015741687,0.5033438,0.48009643
31009,2024-11-05,3,D2,4,D3,4,D3,False,7.664113e-05,0.0003081641,0.0012581293,0.028931607,0.5348843,0.4345412
31009,2024-11-12,3,D2,4,D3,4,D3,False,0.0018504607,0.0040638666,0.016085383,0.18234567,0.5118606,0.28379405
31009,2024-11-19,3,D2,4,D3,3,D2,True,0.003934959,0.007831047,0.0416044,0.33194065,0.4146968,0.19999216
31009,2024-11-26,3,D2,3,D2,3,D2,True,0.005581399,0.011931242,0.089121856,0.46158132,0.30886897,0.12291524
31009,2024-12-03,3,D2,3,D2,3,D2,True,0.0036465502,0.010839328,0.08572597,0.40474808,0.33761543,0.15742467
31009,2024-12-10,3,D2,4,D3,4,D3,False,0.0017255341,0.007913232,0.052790467,0.16312987,0.43919998,0.33524093
31009,2024-12-17,3,D2,5,D4,4,D3,False,4.859034e-05,0.00047247493,0.0016410515,0.0030533278,0.42355824,0.57122636
31009,2024-12-24,3,D2,5,D4,4,D3,False,7.239346e-05,0.0006999548,0.001938472,0.0024043138,0.39086795,0.6040169
31009,2024-12-31,3,D2,5,D4,4,D3,False,0.000108473854,0.0009698828,0.0025776618,0.0024832315,0.3750139,0.6188469
31009,2025-01-07,3,D2,5,D4,4,D3,False,0.0002369323,0.0018032246,0.0058027613,0.004961301,0.38567653,0.6015193
31009,2025-01-14,3,D2,5,D4,4,D3,False,0.00010935491,0.0010702171,0.0030994117,0.0019827485,0.3624693,0.631269
31009,2025-01-21,3,D2,5,D4,5,D4,False,7.2033115e-05,0.00081795617,0.0017364158,0.0005511619,0.3121741,0.6846483
31009,2025-01-28,3,D2,5,D4,5,D4,False,3.8812927e-05,0.0004866612,0.00086297776,0.000164277,0.29754877,0.70089847
31009,2025-02-04,3,D2,5,D4,5,D4,False,3.1274652e-05,0.00038371267,0.00054974033,7.10476e-05,0.2950341,0.7039301
31009,2025-02-11,3,D2,5,D4,5,D4,False,2.4215646e-05,0.0002825933,0.00032216878,3.1007632e-05,0.29052198,0.7088181
31009,2025-02-18,3,D2,5,D4,5,D4,False,6.230283e-05,0.00052063895,0.0005084183,3.8997223e-05,0.2886011,0.71026856
31009,2025-02-25,3,D2,5,D4,5,D4,False,0.00014591122,0.00094278075,0.0010335144,9.191963e-05,0.29925254,0.6985333
31009,2025-03-04,3,D2,5,D4,5,D4,False,0.00015759855,0.0011607817,0.0013626246,9.000846e-05,0.30056018,0.69666874
31009,2025-03-11,3,D2,5,D4,5,D4,False,0.0007303909,0.0045836642,0.006038787,0.00022054875,0.28129715,0.7071294
31009,2025-03-18,3,D2,5,D4,5,D4,False,0.0011636984,0.00844486,0.011508081,0.00017598942,0.2445339,0.7341735
31009,2025-03-25,3,D2,5,D4,5,D4,False,0.0013747948,0.011139714,0.015117332,0.00010806679,0.20619792,0.7660622
31009,2025-04-01,3,D2,5,D4,5,D4,False,0.0031345673,0.021027867,0.028510356,0.00020283723,0.19704366,0.75008076
31009,2025-04-08,3,D2,5,D4,5,D4,False,0.0068061,0.03581525,0.06606662,0.0006881732,0.19826587,0.692358
31009,2025-04-15,3,D2,5,D4,5,D4,False,0.0036649983,0.024121795,0.058176093,0.0007128368,0.22167936,0.6916449
31009,2025-04-22,3,D2,5,D4,5,D4,False,0.012241537,0.07863107,0.1884505,0.0013041248,0.19555975,0.523813
31009,2025-04-29,3,D2,2,D1,2,D1,False,0.06253313,0.23395006,0.46512693,0.002167525,0.069000326,0.16722204
31009,2025-05-06,3,D2,2,D1,2,D1,False,0.036287364,0.20857352,0.5324846,0.002454455,0.06827721,0.15192288
31009,2025-05-13,3,D2,2,D1,2,D1,False,0.044541422,0.27600333,0.63442993,0.001857343,0.017177464,0.025990438
31009,2025-05-20,3,D2,2,D1,2,D1,False,0.12924014,0.37771353,0.49058133,0.00089309295,0.0010992639,0.00047264487
31009,2025-05-27,3,D2,2,D1,2,D1,False,0.1520537,0.42008284,0.4270493,0.0005779958,0.00020344277,3.2749595e-05
31009,2025-06-03,3,D2,2,D1,2,D1,False,0.056605347,0.38181636,0.5580334,0.0030762882,0.00046001983,8.601247e-06
31009,2025-06-10,3,D2,2,D1,2,D1,False,0.011868036,0.21688694,0.6919859,0.076724865,0.0025317306,2.5773975e-06
31009,2025-06-17,3,D2,2,D1,2,D1,False,0.0009153525,0.07823656,0.5856044,0.32103053,0.014212401,6.450321e-07
31009,2025-06-24,2,D1,3,D2,3,D2,False,0.00017011847,0.038452018,0.45290095,0.46694124,0.041535094,5.253481e-07
31009,2025-07-01,2,D1,3,D2,3,D2,False,0.00021201676,0.030703345,0.40584922,0.4941979,0.06903701,5.914931e-07
31009,2025-07-08,2,D1,3,D2,3,D2,False,0.00013018503,0.023166863,0.37829924,0.50178075,0.09662261,3.774132e-07
31009,2025-07-15,1,D0,3,D2,3,D2,False,0.00015255428,0.023954237,0.37601557,0.4714702,0.12840675,7.2722423e-07
31009,2025-07-22,1,D0,2,D1,3,D2,False,0.00028126905,0.031437162,0.42234397,0.42,0.12593631,1.2803035e-06
31009,2025-07-29,1,D0,3,D2,3,D2,False,0.00023339991,0.027590143,0.35985827,0.4400512,0.17226422,2.800342e-06
31009,2025-08-05,1,D0,3,D2,3,D2,False,0.00018211339,0.026009446,0.3357666,0.44482854,0.19320966,3.6008796e-06
31009,2025-08-12,1,D0,3,D2,3,D2,False,0.00024856278,0.027996417,0.30750576,0.45383382,0.21040621,9.192712e-06
31009,2025-08-19,1,D0,3,D2,3,D2,False,0.00034744974,0.0326873,0.30152377,0.4439331,0.22149089,1.7497792e-05
31009,2025-08-26,1,D0,3,D2,3,D2,False,0.00042602065,0.034887046,0.27688316,0.4526843,0.23508626,3.3128657e-05
31009,2025-09-02,1,D0,3,D2,3,D2,False,0.0015174627,0.05712126,0.27229452,0.44350633,0.2254368,0.00012362741
31009,2025-09-09,1,D0,3,D2,3,D2,False,0.0030297448,0.08353738,0.27840498,0.4307746,0.20413752,0.00011583899
31009,2025-09-16,1,D0,3,D2,3,D2,False,0.0073349723,0.15391578,0.28601477,0.3846197,0.16795278,0.0001619876
31009,2025-09-23,1,D0,3,D2,3,D2,False,0.021091022,0.22395092,0.27879342,0.33098382,0.14472668,0.00045411554
31009,2025-09-30,1,D0,3,D2,3,D2,False,0.014880711,0.24876465,0.28193435,0.31476924,0.13939267,0.00025838002
31009,2025-10-07,1,D0,3,D2,3,D2,False,0.014632772,0.26008406,0.2726091,0.3092438,0.1431099,0.0003203522
31009,2025-10-14,1,D0,3,D2,3,D2,False,0.015225058,0.2599252,0.27172968,0.30854526,0.14423393,0.00034095338
31009,2025-10-21,0,None,3,D2,3,D2,False,0.009136163,0.26149246,0.2796867,0.3041639,0.14533228,0.00018853725
31009,2025-10-28,0,None,0,None,0,None,True,0.6456176,0.35214847,0.00087075215,0.0003825088,0.0006027786,0.00037786787
31009,2025-11-04,0,None,0,None,0,None,True,0.6718843,0.32780644,0.0001885259,3.588923e-05,5.439196e-05,3.03889e-05
31009,2025-11-11,0,None,0,None,0,None,True,0.6391623,0.36047018,0.00024456595,4.242567e-05,5.017866e-05,3.0307367e-05
31009,2025-11-18,0,None,0,None,0,None,True,0.62527287,0.37426925,0.000307321,5.230851e-05,5.9845166e-05,3.844681e-05
31009,2025-11-25,0,None,0,None,0,None,True,0.65439487,0.34528938,0.0002175385,2.9537745e-05,4.2227137e-05,2.643084e-05
31009,2025-12-02,0,None,0,None,0,None,True,0.7041303,0.2957077,0.00012938419,1.0167357e-05,1.4553238e-05,7.978031e-06
31009,2025-12-09,0,None,0,None,0,None,True,0.7477968,0.25210035,8.720346e-05,4.8600805e-06,7.211782e-06,3.5824442e-06
31009,2025-12-16,0,None,0,None,0,None,True,0.7669467,0.23296872,7.370837e-05,3.7992381e-06,4.9763366e-06,2.240578e-06
31009,2025-12-23,1,D0,0,None,0,None,False,0.72923064,0.27063668,0.00011727422,5.900588e-06,6.361356e-06,3.0885615e-06
31009,2025-12-30,1,D0,1,D0,1,D0,True,0.1126999,0.8626227,0.02463148,3.575023e-05,9.0800095e-06,1.0515697e-06
31011,2022-01-04,1,D0,1,D0,1,D0,True,0.008004237,0.5259991,0.4650839,0.00050499116,0.00040370307,3.9482147e-06
31011,2022-01-11,1,D0,1,D0,1,D0,True,0.007758184,0.5278806,0.46352705,0.0004342854,0.00039599373,3.834833e-06
31011,2022-01-18,1,D0,1,D0,1,D0,True,0.007826521,0.5299519,0.46154943,0.00034310814,0.00032563607,3.48593e-06
31011,2022-01-25,1,D0,1,D0,1,D0,True,0.0068687135,0.53299004,0.45961946,0.0002541043,0.00026474232,2.9148077e-06
31011,2022-02-01,1,D0,1,D0,1,D0,True,0.0067383507,0.5329705,0.45981944,0.00022237671,0.00024652967,2.8173222e-06
31011,2022-02-08,2,D1,1,D0,1,D0,False,0.0064071957,0.5324276,0.46076953,0.00019599297,0.00019733536,2.3526486e-06
31011,2022-02-15,2,D1,1,D0,1,D0,False,0.0064846124,0.5285389,0.46462876,0.0001784878,0.00016672988,2.4316842e-06
31011,2022-02-22,2,D1,1,D0,1,D0,False,0.006512287,0.5194879,0.4736839,0.00016499092,0.00014747224,3.4718519e-06
31011,2022-03-01,3,D2,1,D0,1,D0,False,0.006127981,0.509246,0.48433623,0.00016076001,0.0001250276,3.937691e-06
31011,2022-03-08,3,D2,1,D0,1,D0,False,0.007389363,0.5104993,0.48194718,0.000102014434,5.949939e-05,2.6349055e-06
31011,2022-03-15,3,D2,1,D0,1,D0,False,0.0077631017,0.51307595,0.4790377,9.1983005e-05,3.0101772e-05,1.1606467e-06
31011,2022-03-22,3,D2,1,D0,1,D0,False,0.012076083,0.5251252,0.4626501,0.00012239043,2.4916162e-05,1.3816851e-06
31011,2022-03-29,3,D2,1,D0,1,D0,False,0.011886294,0.521801,0.46611226,0.00017650716,2.296591e-05,9.1205004e-07
31011,2022-04-05,3,D2,1,D0,1,D0,False,0.0126648955,0.5106429,0.47635227,0.0003096312,2.8825469e-05,1.6106773e-06
31011,2022-04-12,4,D3,1,D0,1,D0,False,0.010583292,0.51054025,0.47852263,0.0003242812,2.8340874e-05,1.2854346e-06
31011,2022-04-19,4,D3,2,D1,2,D1,False,0.007265924,0.48819554,0.50363415,0.00084955635,5.3207954e-05,1.5867851e-06
31011,2022-04-26,4,D3,2,D1,2,D1,False,0.00744286,0.48628592,0.50490177,0.0013051936,6.3217594e-05,1.0256952e-06
31011,2022-05-03,4,D3,1,D0,1,D0,False,0.08641091,0.4643594,0.44638038,0.0027480498,8.8275614e-05,1.2942965e-05
31011,2022-05-10,3,D2,1,D0,1,D0,False,0.1022418,0.45007762,0.43675458,0.010212736,0.00067878497,3.455139e-05
31011,2022-05-17,3,D2,2,D1,3,D2,True,0.009801153,0.25985688,0.35131952,0.25426546,0.1246248,0.00013214943
31011,2022-05-24,3,D2,2,D1,3,D2,True,0.007586722,0.2167501,0.3484139,0.29201856,0.13514377,8.691963e-05
31011,2022-05-31,3,D2,2,D1,3,D2,True,0.0039689997,0.1931358,0.32302472,0.32224634,0.15754585,7.8239886e-05
31011,2022-06-07,3,D2,2,D1,3,D2,True,0.008004136,0.25480235,0.3514623,0.3058414,0.07978819,0.00010166988
31011,2022-06-14,3,D2,2,D1,3,D2,True,0.0077102147,0.25770688,0.3544068,0.31312346,0.066964224,8.8407265e-05
31011,2022-06-21,3,D2,2,D1,3,D2,True,0.011617045,0.31182602,0.38867018,0.2537321,0.034095142,5.9568498e-05
31011,2022-06-28,3,D2,2,D1,3,D2,True,0.0053587155,0.2632391,0.37026322,0.32127059,0.039828334,4.0051527e-05
31011,2022-07-05,2,D1,2,D1,3,D2,False,0.0067827,0.28326547,0.36607152,0.30943528,0.03439743,4.7514153e-05
31011,2022-07-12,2,D1,2,D1,3,D2,False,0.009067509,0.31941152,0.38096353,0.27351436,0.017017046,2.6053836e-05
31011,2022-07-19,2,D1,2,D1,2,D1,True,0.01601802,0.38422352,0.3877137,0.20107722,0.010933463,3.4082965e-05
31011,2022-07-26,2,D1,2,D1,3,D2,False,0.012902794,0.35241878,0.37450734,0.24284393,0.017267538,5.9628022e-05
31011,2022-08-02,2,D1,2,D1,3,D2,False,0.017315418,0.3522999,0.35987505,0.24820396,0.022188636,0.00011702775
31011,2022-08-09,2,D1,2,D1,3,D2,False,0.008801883,0.29381922,0.34450895,0.31169382,0.04104839,0.00012777625
31011,2022-08-16,2,D1,3,D2,3,D2,False,0.007292276,0.25748682,0.30619466,0.3487547,0.07992373,0.00034779895
31011,2022-08-23,2,D1,3,D2,3,D2,False,0.009382335,0.23994443,0.28021365,0.36499575,0.104692094,0.0007718169
31011,2022-08-30,3,D2,3,D2,3,D2,True,0.006673746,0.16809331,0.18958732,0.31722352,0.31343552,0.004986632
31011,2022-09-06,3,D2,4,D3,4,D3,False,0.0008838032,0.011290692,0.010116386,0.03981419,0.84671277,0.09118215
31011,2022-09-13,3,D2,4,D3,4,D3,False,3.464199e-05,0.00017427403,0.00016999299,0.00211669,0.5808318,0.4166726
31011,2022-09-20,3,D2,4,D3,4,D3,False,3.5147223e-05,0.00013155841,0.00011362013,0.0013233678,0.51088417,0.48751208
31011,2022-09-27,3,D2,5,D4,4,D3,False,1.0307434e-05,3.7216003e-05,3.66977e-05,0.0005590741,0.46513578,0.534221
31011,2022-10-04,3,D2,5,D4,4,D3,False,7.3402146e-07,3.0456124e-06,3.62035e-06,8.0755366e-05,0.43501717,0.5648947
31011,2022-10-11,4,D3,5,D4,4,D3,True,6.352278e-07,2.3766506e-06,2.3030896e-06,5.0592025e-05,0.43981534,0.56012875
31011,2022-10-18,4,D3,5,D4,4,D3,True,1.0496097e-07,5.3568266e-07,6.3132444e-07,1.623692e-05,0.43800738,0.5619751
31011,2022-10-25,4,D3,5,D4,4,D3,True,4.4820865e-08,2.6127887e-07,3.6703628e-07,9.5986115e-06,0.44244918,0.55754066
31011,2022-11-01,4,D3,5,D4,4,D3,True,9.0496634e-08,4.5395873e-07,5.3016197e-07,1.4035801e-05,0.45114958,0.5488352
31011,2022-11-08,4,D3,5,D4,4,D3,True,2.6043236e-07,1.0570199e-06,1.1210327e-06,2.898456e-05,0.46247104,0.5374975
31011,2022-11-15,4,D3,5,D4,4,D3,True,3.4753802e-07,1.333017e-06,1.347185e-06,3.321846e-05,0.46498764,0.53497607
31011,2022-11-22,4,D3,5,D4,4,D3,True,3.7915993e-07,1.5810251e-06,1.7915429e-06,3.934631e-05,0.47183684,0.5281201
31011,2022-11-29,4,D3,5,D4,4,D3,True,4.9134013e-07,1.997177e-06,2.1432363e-06,4.2714644e-05,0.47210264,0.52785
31011,2022-12-06,4,D3,5,D4,4,D3,True,3.8100924e-07,1.8706006e-06,1.9447125e-06,3.1013755e-05,0.4705568,0.529408
31011,2022-12-13,4,D3,5,D4,4,D3,True,1.0217432e-06,3.658961e-06,3.6796e-06,6.26662e-05,0.4725606,0.5273683
31011,2022-12-20,4,D3,5,D4,4,D3,True,2.762354e-06,7.4775635e-06,7.456983e-06,0.000121401376,0.47439018,0.5254708
31011,2022-12-27,4,D3,5,D4,4,D3,True,3.3408078e-06,9.871582e-06,9.957416e-06,0.00013811384,0.4672456,0.5325932
31011,2023-01-03,4,D3,5,D4,4,D3,True,9.395116e-06,2.1316537e-05,1.9073099e-05,0.00021640329,0.46214122,0.53759253
31011,2023-01-10,4,D3,5,D4,4,D3,True,4.0478353e-05,7.015048e-05,6.321246e-05,0.00062911183,0.4531519,0.546045
31011,2023-01-17,4,D3,5,D4,4,D3,True,1.5082342e-05,3.6970123e-05,3.137841e-05,0.00027890713,0.44856206,0.5510756
31011,2023-01-24,4,D3,5,D4,4,D3,True,0.00011274536,0.00016532557,0.00014118919,0.0011430155,0.44366038,0.5547773
31011,2023-01-31,4,D3,5,D4,4,D3,True,8.533277e-05,0.00015638143,0.00015406008,0.0012246113,0.4395541,0.55882555
31011,2023-02-07,4,D3,5,D4,4,D3,True,7.85748e-06,3.266693e-05,3.7898313e-05,0.00033554566,0.43797103,0.56161505
31011,2023-02-14,4,D3,5,D4,4,D3,True,4.6984064e-06,2.169331e-05,2.8047936e-05,0.0002643308,0.4370173,0.562664
31011,2023-02-21,4,D3,5,D4,4,D3,True,1.400865e-06,7.9576075e-06,1.093198e-05,0.000118352276,0.4351547,0.5647067
31011,2023-02-28,4,D3,5,D4,4,D3,True,1.0782264e-06,6.0529446e-06,8.861779e-06,0.00010921636,0.4336231,0.56625164
31011,2023-03-07,4,D3,5,D4,4,D3,True,6.5593173e-07,3.860227e-06,6.0098214e-06,8.532523e-05,0.4299549,0.5699492
31011,2023-03-14,4,D3,5,D4,4,D3,True,1.6355069e-06,7.5835446e-06,1.2363675e-05,0.00018608524,0.42442122,0.5753711
31011,2023-03-21,4,D3,5,D4,4,D3,True,3.569585e-07,2.3735504e-06,4.2142324e-06,6.278292e-05,0.4141583,0.5857719
31011,2023-03-28,4,D3,5,D4,4,D3,True,2.1900452e-07,1.413431e-06,2.8763984e-06,5.048249e-05,0.40314865,0.5967963
31011,2023-04-04,4,D3,5,D4,4,D3,True,1.11431504e-07,8.12534e-07,2.0168527e-06,3.5430017e-05,0.3882988,0.6116629
31011,2023-04-11,4,D3,5,D4,4,D3,True,3.1546495e-08,2.5816306e-07,1.1625701e-06,3.05948e-05,0.3820443,0.6179236
31011,2023-04-18,4,D3,5,D4,4,D3,True,1.500623e-08,1.3885517e-07,1.228255e-06,3.6658905e-05,0.3687954,0.6311666
31011,2023-04-25,4,D3,5,D4,4,D3,True,3.9946046e-09,3.82784e-08,9.566132e-07,5.3755808e-05,0.35893467,0.6410106
31011,2023-05-02,4,D3,5,D4,4,D3,True,2.2315245e-09,2.1658657e-08,1.1487513e-06,0.00014288563,0.39802185,0.6018341
31011,2023-05-09,4,D3,5,D4,4,D3,True,1.8034044e-08,1.0969525e-07,6.67828e-06,0.0010104434,0.42238536,0.57659745
31011,2023-05-16,4,D3,4,D3,4,D3,True,0.00016887943,0.00014731912,0.0072072404,0.29580593,0.49857652,0.19809408
31011,2023-05-23,4,D3,4,D3,3,D2,False,0.00024694367,0.00028615168,0.0154048,0.35117453,0.4713327,0.16155484
31011,2023-05-30,4,D3,4,D3,3,D2,False,0.00021096898,0.00048536193,0.024230251,0.3844755,0.47575957,0.11483833
31011,2023-06-06,4,D3,4,D3,3,D2,False,0.0010423074,0.0032816571,0.07720991,0.42981187,0.43264806,0.056006197
31011,2023-06-13,4,D3,3,D2,3,D2,False,0.00022192394,0.003966611,0.10018682,0.46561152,0.41853532,0.011477776
31011,2023-06-20,4,D3,3,D2,3,D2,False,0.00012298138,0.006394975,0.16316351,0.47273633,0.35569936,0.0018827218
31011,2023-06-27,4,D3,3,D2,3,D2,False,0.00011265625,0.008350567,0.19993578,0.47200942,0.31889528,0.00069631485
31011,2023-07-04,4,D3,3,D2,3,D2,False,0.00026424797,0.012533172,0.22124365,0.46905416,0.2963106,0.00059419754
31011,2023-07-11,3,D2,3,D2,3,D2,True,0.00024866316,0.014988443,0.23822844,0.47319934,0.2731503,0.00018486878
31011,2023-07-18,3,D2,3,D2,3,D2,True,0.00023178442,0.016180737,0.2449211,0.4757802,0.26278758,9.869135e-05
31011,2023-07-25,3,D2,3,D2,3,D2,True,0.00019198189,0.016741173,0.2521897,0.48183468,0.24899995,4.2469397e-05
31011,2023-08-01,2,D1,3,D2,3,D2,False,0.0001745221,0.018681187,0.2528597,0.48270229,0.24555492,2.7374537e-05
31011,2023-08-08,2,D1,3,D2,3,D2,False,0.00021810386,0.021746298,0.25893128,0.47902477,0.24005516,2.4398638e-05
31011,2023-08-15,2,D1,3,D2,3,D2,False,0.00018149725,0.022289716,0.26033407,0.4810082,0.2361689,1.7587961e-05
31011,2023-08-22,2,D1,3,D2,3,D2,False,0.00018330014,0.024280569,0.26218262,0.4806455,0.23269351,1.4496951e-05
31011,2023-08-29,2,D1,3,D2,3,D2,False,0.00023505314,0.029524338,0.26391494,0.47524744,0.23106103,1.722649e-05
31011,2023-09-05,2,D1,3,D2,3,D2,False,0.00025755307,0.03849173,0.26883176,0.4750962,0.21730873,1.4085449e-05
31011,2023-09-12,2,D1,3,D2,3,D2,False,0.00038813835,0.05382212,0.27775908,0.47086623,0.19714813,1.630128e-05
31011,2023-09-19,2,D1,3,D2,3,D2,False,0.0007929245,0.08062127,0.28599674,0.45899555,0.17357671,1.6853533e-05
31011,2023-09-26,2,D1,3,D2,3,D2,False,0.0021548835,0.12791419,0.2883024,0.42716122,0.15443966,2.7729e-05
31011,2023-10-03,2,D1,3,D2,3,D2,False,0.0034687833,0.16181445,0.28810367,0.39857265,0.14800155,3.8873564e-05
31011,2023-10-10,2,D1,3,D2,3,D2,False,0.003202251,0.18453708,0.2902878,0.37492526,0.14701076,3.6724527e-05
31011,2023-10-17,2,D1,3,D2,3,D2,False,0.008546859,0.21773851,0.27998492,0.34979883,0.14380814,0.0001227849
31011,2023-10-24,2,D1,3,D2,3,D2,False,0.0069936938,0.23197755,0.2821966,0.33308867,0.14564592,9.7580276e-05
31011,2023-10-31,1,D0,3,D2,3,D2,False,0.007042391,0.24090998,0.2818711,0.32217982,0.14788403,0.00011272517
31011,2023-11-07,1,D0,3,D2,3,D2,False,0.020572446,0.24323846,0.26498395,0.31489593,0.15559171,0.0007175949
31011,2023-11-14,1,D0,3,D2,3,D2,False,0.010327353,0.25611332,0.2763919,0.3019922,0.15490754,0.00026769916
31011,2023-11-21,1,D0,3,D2,3,D2,False,0.016205063,0.25371918,0.2698809,0.29879835,0.16076444,0.0006321194
31011,2023-11-28,1,D0,3,D2,3,D2,False,0.014312162,0.25890297,0.27390134,0.2922933,0.16009226,0.00049797376
31011,2023-12-05,1,D0,3,D2,3,D2,False,0.017694866,0.2736943,0.2700653,0.28118944,0.15669383,0.000662279
31011,2023-12-12,1,D0,1,D0,3,D2,False,0.01601144,0.29174328,0.28202018,0.24879733,0.1607979,0.0006297884
31011,2023-12-19,1,D0,1,D0,3,D2,False,0.018930884,0.31976968,0.30269358,0.20620953,0.15163974,0.0007566847
31011,2023-12-26,1,D0,1,D0,1,D0,True,0.040522955,0.34191206,0.29762664,0.18984903,0.12834264,0.0017466873
31011,2024-01-02,3,D2,1,D0,1,D0,False,0.04531188,0.35631335,0.33014512,0.16553262,0.101099476,0.0015976203
31011,2024-01-09,0,None,1,D0,1,D0,False,0.051865578,0.37736312,0.35365203,0.13222475,0.08343305,0.0014614203
31011,2024-01-16,0,None,0,None,0,None,True,0.5267853,0.4117022,0.041905075,0.011698337,0.006098451,0.0018105775
31011,2024-01-23,0,None,0,None,0,None,True,0.5956309,0.38087136,0.017395338,0.0035996633,0.0019344089,0.000568404
31011,2024-01-30,0,None,0,None,0,None,True,0.6346261,0.35346174,0.009319644,0.0015202755,0.0008389501,0.0002332646
31011,2024-02-06,0,None,0,None,0,None,True,0.63587296,0.3546036,0.007956405,0.0009560634,0.00048364073,0.00012739957
31011,2024-02-13,0,None,0,None,0,None,True,0.58111334,0.40464157,0.012657041,0.0010334977,0.00045228624,0.00010224761
31011,2024-02-20,0,None,1,D0,0,None,True,0.47791797,0.50096554,0.019386549,0.0011732229,0.00046832656,8.841829e-05
31011,2024-02-27,0,None,1,D0,1,D0,False,0.4322948,0.54022735,0.026052613,0.0010338412,0.00033497077,5.647103e-05
31011,2024-03-05,0,None,1,D0,1,D0,False,0.22693326,0.6851727,0.084641,0.002514572,0.0007118654,2.6601974e-05
31011,2024-03-12,1,D0,1,D0,1,D0,True,0.22777498,0.6817402,0.087500304,0.002266218,0.00069100683,2.7268738e-05
31011,2024-03-19,1,D0,1,D0,1,D0,True,0.023211384,0.614042,0.36064133,0.001742199,0.0003615418,1.505302e-06
31011,2024-03-26,0,None,1,D0,1,D0,False,0.0141956955,0.5791355,0.4053155,0.0011117173,0.00024075255,8.5983777e-07
31011,2024-04-02,0,None,1,D0,1,D0,False,0.15831666,0.54500043,0.29370138,0.0025625746,0.00039257997,2.6388901e-05
31011,2024-04-09,0,None,1,D0,1,D0,False,0.16120048,0.5348255,0.29887816,0.004295272,0.00075788045,4.2690543e-05
31011,2024-04-16,0,None,1,D0,1,D0,False,0.1307978,0.5296128,0.3336931,0.0049843127,0.0008728024,3.9199844e-05
31011,2024-04-23,0,None,1,D0,1,D0,False,0.16084555,0.52060336,0.31138623,0.0059610168,0.0011406314,6.321815e-05
31011,2024-04-30,0,None,0,None,0,None,True,0.556865,0.40116844,0.040809993,0.0008775486,0.00018860438,9.047297e-05
31011,2024-05-07,0,None,0,None,0,None,True,0.64749545,0.32226375,0.029595274,0.00053352537,7.13587e-05,4.0678435e-05
31011,2024-05-14,0,None,0,None,0,None,True,0.8372785,0.16204256,0.00065991585,1.5098264e-05,2.8240795e-06,1.105586e-06
31011,2024-05-21,0,None,0,None,0,None,True,0.8709271,0.12888326,0.00018578817,2.8876818e-06,7.120158e-07,2.694378e-07
31011,2024-05-28,0,None,0,None,0,None,True,0.85684276,0.14294054,0.00021435606,1.8286421e-06,3.2065265e-07,1.6375117e-07
31011,2024-06-04,0,None,0,None,0,None,True,0.8300437,0.16973397,0.00022013721,1.6255773e-06,3.6515385e-07,2.0445745e-07
31011,2024-06-11,0,None,0,None,0,None,True,0.83223915,0.16759081,0.00016829367,1.2731294e-06,2.8165894e-07,1.505586e-07
31011,2024-06-18,0,None,0,None,0,None,True,0.81376594,0.18604137,0.00019055385,1.5962372e-06,3.434196e-07,1.8601128e-07
31011,2024-06-25,0,None,0,None,0,None,True,0.8288263,0.17104007,0.00013130438,1.8069868e-06,3.807871e-07,1.4105606e-07
31011,2024-07-02,0,None,0,None,0,None,True,0.816922,0.18296936,0.00010625659,1.7285447e-06,4.777075e-07,1.854471e-07
31011,2024-07-09,0,None,0,None,0,None,True,0.7810893,0.2188174,9.075054e-05,1.8093842e-06,4.878441e-07,1.9426814e-07
31011,2024-07-16,0,None,0,None,0,None,True,0.7898878,0.21006429,4.654213e-05,9.132428e-07,3.3092815e-07,1.3015553e-07
31011,2024-07-23,0,None,0,None,0,None,True,0.7111358,0.28880695,5.56879e-05,8.4751605e-07,4.0744385e-07,2.200541e-07
31011,2024-07-30,0,None,0,None,0,None,True,0.6487211,0.3511978,7.9161684e-05,9.186175e-07,5.6394225e-07,4.3648575e-07
31011,2024-08-06,0,None,0,None,0,None,True,0.5248075,0.47482657,0.00035922098,3.6402043e-06,1.4020392e-06,1.6933478e-06
31011,2024-08-13,0,None,1,D0,0,None,True,0.45266163,0.5464815,0.00085134973,3.447665e-06,9.4051893e-07,1.1513022e-06
31011,2024-08-20,0,None,1,D0,0,None,True,0.47732192,0.5221771,0.0004984569,1.4470322e-06,5.119449e-07,6.0428306e-07
31011,2024-08-27,0,None,1,D0,0,None,True,0.47802955,0.5213749,0.0005941765,8.3246107e-07,2.5462273e-07,3.4003762e-07
31011,2024-09-03,0,None,1,D0,0,None,True,0.45851865,0.54039437,0.0010845392,1.5391687e-06,3.994925e-07,5.228373e-07
31011,2024-09-10,0,None,1,D0,0,None,True,0.47318476,0.5257767,0.0010362995,1.3660062e-06,3.971651e-07,5.097893e-07
31011,2024-09-17,0,None,1,D0,1,D0,False,0.33647162,0.65230334,0.011213222,9.294855e-06,1.2468109e-06,1.2748392e-06
31011,2024-09-24,0,None,1,D0,1,D0,False,0.2650445,0.69883883,0.036085725,2.209262e-05,4.1347866e-06,4.766518e-06
31011,2024-10-01,1,D0,1,D0,1,D0,True,0.20178255,0.70421904,0.09352683,0.00017926663,0.00013328192,0.00015898995
31011,2024-10-08,2,D1,1,D0,1,D0,False,0.085194685,0.6701482,0.16339602,0.002150264,0.034142133,0.044968765
31011,2024-10-15,2,D1,5,D4,4,D3,False,0.0038174565,0.029796809,0.017379317,0.004480685,0.34291846,0.60160726
31011,2024-10-22,2,D1,5,D4,4,D3,False,0.00017245502,0.0009767811,0.001273398,0.0034247627,0.34969214,0.6444605
31011,2024-10-29,3,D2,5,D4,5,D4,False,9.186946e-05,0.0004939798,0.00084268296,0.0018648313,0.27630648,0.7204002
31011,2024-11-05,3,D2,5,D4,5,D4,False,0.0004897261,0.002170669,0.0033972962,0.0032268495,0.25310716,0.7376084
31011,2024-11-12,3,D2,5,D4,2,D1,False,0.08230089,0.1950598,0.25334767,0.038895853,0.13235149,0.2980443
31011,2024-11-19,3,D2,2,D1,2,D1,False,0.123566486,0.30794656,0.4491243,0.022442939,0.035220254,0.0616994
31011,2024-11-26,2,D1,2,D1,2,D1,True,0.1167246,0.31543177,0.5272669,0.011289289,0.012266423,0.017020993
31011,2024-12-03,2,D1,2,D1,2,D1,True,0.094740056,0.30735675,0.569454,0.007470722,0.008707948,0.012270497
31011,2024-12-10,2,D1,2,D1,2,D1,True,0.06161819,0.30327177,0.6083041,0.004741092,0.008903837,0.013160944
31011,2024-12-17,2,D1,2,D1,2,D1,True,0.02268965,0.24994051,0.5384995,0.0031377373,0.051252685,0.1344799
31011,2024-12-24,2,D1,2,D1,2,D1,True,0.02909278,0.31833655,0.56246185,0.0013144177,0.024499713,0.06429477
31011,2024-12-31,2,D1,2,D1,2,D1,True,0.039404903,0.36168995,0.54694116,0.00062152656,0.013130876,0.03821154
31011,2025-01-07,2,D1,2,D1,2,D1,True,0.05046884,0.3815866,0.54255503,0.0004102024,0.0066996245,0.018279737
31011,2025-01-14,2,D1,2,D1,2,D1,True,0.045367375,0.38949484,0.5228348,0.00029034948,0.009375023,0.032637633
31011,2025-01-21,2,D1,2,D1,2,D1,True,0.040367905,0.41784492,0.49733794,0.00017156846,0.009174239,0.03510346
31011,2025-01-28,2,D1,2,D1,2,D1,True,0.0343067,0.43588722,0.47068435,0.00011720846,0.011090447,0.04791404
31011,2025-02-04,2,D1,1,D0,1,D0,False,0.03356247,0.45189062,0.4367842,8.677072e-05,0.013288521,0.06438746
31011,2025-02-11,2,D1,1,D0,1,D0,False,0.033423953,0.4443611,0.39508554,7.880159e-05,0.019998662,0.10705196
31011,2025-02-18,2,D1,1,D0,1,D0,False,0.051430512,0.49114683,0.39032942,6.965348e-05,0.011279809,0.05574377
31011,2025-02-25,2,D1,1,D0,1,D0,False,0.067029834,0.46687353,0.4244618,9.1164664e-05,0.008149293,0.03339433
31011,2025-03-04,2,D1,1,D0,2,D1,True,0.053680677,0.44812423,0.44610077,0.00010055724,0.010603343,0.041390337
31011,2025-03-11,2,D1,2,D1,2,D1,True,0.06244087,0.4404442,0.46603948,0.00013013482,0.0074177347,0.023527497
31011,2025-03-18,2,D1,2,D1,2,D1,True,0.05261211,0.40754354,0.5006671,0.00015815404,0.009384385,0.029634696
31011,2025-03-25,2,D1,2,D1,2,D1,True,0.04584396,0.3847981,0.52367806,0.00015581297,0.010361434,0.035162684
31011,2025-04-01,2,D1,2,D1,2,D1,True,0.05758927,0.3903605,0.5221055,0.00018625436,0.0072168526,0.022541568
31011,2025-04-08,2,D1,2,D1,2,D1,True,0.06476,0.3741165,0.53880507,0.00029560435,0.0063772993,0.015645564
31011,2025-04-15,2,D1,2,D1,2,D1,True,0.041822433,0.32381156,0.59514457,0.00047829663,0.011779407,0.026963778
31011,2025-04-22,3,D2,2,D1,2,D1,False,0.044561658,0.35149512,0.58008313,0.00045634984,0.008601695,0.014801972
31011,2025-04-29,3,D2,2,D1,2,D1,False,0.07566672,0.39901835,0.51768607,0.00040503664,0.00319461,0.0040292484
31011,2025-05-06,3,D2,2,D1,2,D1,False,0.04694124,0.3966216,0.54876554,0.00058838184,0.0039103213,0.0031729476
31011,2025-05-13,3,D2,2,D1,2,D1,False,0.049605742,0.40387782,0.5425442,0.00071501493,0.0022849368,0.0009722124
31011,2025-05-20,3,D2,1,D0,2,D1,False,0.1468057,0.4302648,0.4222529,0.00032689876,0.00024699955,0.000102774124
31011,2025-05-27,3,D2,1,D0,1,D0,False,0.1898417,0.4554633,0.35446832,0.00017319607,4.2139618e-05,1.1351181e-05
31011,2025-06-03,3,D2,1,D0,1,D0,False,0.09327319,0.46913707,0.43696994,0.00055544527,6.144617e-05,2.858072e-06
31011,2025-06-10,2,D1,2,D1,2,D1,True,0.049984545,0.3827099,0.56373394,0.00344766,0.0001226676,1.2701672e-06
31011,2025-06-17,2,D1,2,D1,2,D1,True,0.012085503,0.23328073,0.7035463,0.050136928,0.0009498577,6.7854523e-07
31011,2025-06-24,2,D1,2,D1,2,D1,True,0.0008382414,0.08373367,0.58862656,0.31710428,0.009696674,5.342252e-07
31011,2025-07-01,1,D0,2,D1,3,D2,False,0.00065738923,0.059706528,0.5565801,0.36488438,0.018171035,4.906871e-07
31011,2025-07-08,0,None,2,D1,3,D2,False,0.00028588058,0.038757447,0.5048435,0.4218352,0.03427776,3.1649984e-07
31011,2025-07-15,0,None,0,None,0,None,True,0.7150932,0.25814867,0.015644554,0.008388982,0.0027053894,1.9221101e-05
31011,2025-07-22,0,None,0,None,0,None,True,0.85389405,0.14482702,0.0008553692,0.00027453303,0.0001481469,9.934887e-07
31011,2025-07-29,0,None,0,None,0,None,True,0.85889786,0.14040299,0.00048791768,0.00012909232,8.125485e-05,8.425077e-07
31011,2025-08-05,0,None,0,None,0,None,True,0.8470801,0.15223664,0.0004631083,0.00012810779,9.112245e-05,1.000127e-06
31011,2025-08-12,0,None,0,None,0,None,True,0.8359073,0.16351956,0.00040048367,9.981284e-05,7.165251e-05,1.2350432e-06
31011,2025-08-19,0,None,0,None,0,None,True,0.7757239,0.22354174,0.00052345934,0.00012736054,7.969934e-05,3.8800804e-06
31011,2025-08-26,0,None,0,None,0,None,True,0.75706315,0.24232884,0.00043264075,9.8309196e-05,7.1239236e-05,5.831322e-06
31011,2025-09-02,0,None,0,None,0,None,True,0.7656908,0.2341365,0.00011873248,2.5310314e-05,2.5924814e-05,2.755539e-06
31011,2025-09-09,0,None,0,None,0,None,True,0.7865414,0.21340372,4.514113e-05,4.532769e-06,4.572303e-06,6.5789277e-07
31011,2025-09-16,0,None,0,None,0,None,True,0.76593035,0.23401318,4.8263882e-05,3.6488427e-06,3.771591e-06,7.683804e-07
31011,2025-09-23,0,None,0,None,0,None,True,0.8440347,0.15595454,1.0554754e-05,1.4039057e-07,1.1817584e-07,3.268663e-08
31011,2025-09-30,0,None,0,None,0,None,True,0.8239251,0.17606483,1.002904e-05,2.0429164e-08,1.7275552e-08,1.275419e-08
31011,2025-10-07,0,None,0,None,0,None,True,0.7934613,0.20652023,1.8340652e-05,1.967892e-08,1.5840351e-08,1.5803657e-08
31011,2025-10-14,0,None,0,None,0,None,True,0.8181889,0.18179607,1.4882217e-05,1.2398767e-08,1.2394771e-08,1.1053446e-08
31011,2025-10-21,0,None,0,None,0,None,True,0.72919744,0.2707062,9.6225594e-05,6.1065656e-08,3.848271e-08,4.8171284e-08
31011,2025-10-28,0,None,0,None,0,None,True,0.6999963,0.29986602,0.00013735158,1.2125345e-07,8.484891e-08,1.0524179e-07
31011,2025-11-04,0,None,0,None,0,None,True,0.6440943,0.35559887,0.0003061537,2.918642e-07,1.7305248e-07,2.1619454e-07
31011,2025-11-11,0,None,0,None,0,None,True,0.5492499,0.44881767,0.0019311637,8.4859204e-07,1.75917e-07,1.8413307e-07
31011,2025-11-18,1,D0,0,None,0,None,False,0.53073674,0.4669352,0.0023266708,1.0404448e-06,2.1139249e-07,1.8908179e-07
31011,2025-11-25,1,D0,1,D0,1,D0,True,0.11393974,0.8432712,0.0427881,8.6081786e-07,6.33555e-08,1.1930559e-08
31011,2025-12-02,1,D0,1,D0,1,D0,True,0.05961546,0.8519223,0.08846145,7.295032e-07,8.2075765e-08,1.2621995e-08
31011,2025-12-09,1,D0,1,D0,1,D0,True,0.043394398,0.8091041,0.14750002,1.2173736e-06,2.407878e-07,3.6953733e-08
31011,2025-12-16,1,D0,1,D0,1,D0,True,0.035576135,0.78675246,0.17766841,2.121828e-06,7.0517905e-07,1.0783662e-07
31011,2025-12-23,2,D1,1,D0,1,D0,False,0.0282398,0.7912495,0.18050675,2.822534e-06,1.0447382e-06,1.14603964e-07
31011,2025-12-30,2,D1,1,D0,1,D0,False,0.02691133,0.797261,0.17582354,3.0165743e-06,1.0466064e-06,9.490519e-08
31013,2022-01-04,3,D2,2,D1,3,D2,True,0.002542032,0.25115654,0.29832342,0.2871332,0.16080596,3.8915605e-05
31013,2022-01-11,3,D2,2,D1,3,D2,True,0.0024899787,0.25121763,0.29840392,0.28637755,0.16147369,3.717339e-05
31013,2022-01-18,3,D2,2,D1,3,D2,True,0.0024741725,0.2503276,0.29927287,0.28702405,0.16086587,3.5424342e-05
31013,2022-01-25,3,D2,2,D1,3,D2,True,0.0022024922,0.2488414,0.30164033,0.28504995,0.16223283,3.303078e-05
31013,2022-02-01,3,D2,2,D1,3,D2,True,0.0021634127,0.24468105,0.30304286,0.2899533,0.16012649,3.291799e-05
31013,2022-02-08,3,D2,2,D1,3,D2,True,0.001898232,0.23420991,0.30646843,0.29765502,0.15973459,3.3753342e-05
31013,2022-02-15,3,D2,2,D1,3,D2,True,0.0017355102,0.22631091,0.3092893,0.3003771,0.16224815,3.900628e-05
31013,2022-02-22,3,D2,2,D1,3,D2,True,0.0016510678,0.22230005,0.3106754,0.301759,0.16357231,4.2044594e-05
31013,2022-03-01,3,D2,2,D1,3,D2,True,0.0015217348,0.2188997,0.31250218,0.30401215,0.16302812,3.614883e-05
31013,2022-03-08,3,D2,2,D1,3,D2,True,0.0016150756,0.20743304,0.31645057,0.30982035,0.16464908,3.187485e-05
31013,2022-03-15,3,D2,2,D1,3,D2,True,0.0011170245,0.19336264,0.32842454,0.31427887,0.1627992,1.7678487e-05
31013,2022-03-22,3,D2,2,D1,3,D2,True,0.00091002166,0.18220823,0.33105114,0.3216859,0.16412948,1.5279564e-05
31013,2022-03-29,3,D2,2,D1,3,D2,True,0.0007706913,0.1738747,0.33295727,0.32783502,0.16455027,1.202251e-05
31013,2022-04-05,3,D2,2,D1,3,D2,True,0.0011780632,0.18871549,0.32569867,0.32093593,0.16345237,1.947417e-05
31013,2022-04-12,3,D2,3,D2,3,D2,True,0.00087731803,0.17612475,0.3291424,0.32925054,0.16458912,1.584239e-05
31013,2022-04-19,3,D2,3,D2,3,D2,True,0.0007405994,0.1701543,0.33063024,0.33495393,0.16350745,1.3443318e-05
31013,2022-04-26,3,D2,3,D2,3,D2,True,0.0006010103,0.1529574,0.33402956,0.34601694,0.16638356,1.1528887e-05
31013,2022-05-03,2,D1,2,D1,3,D2,False,0.006664232,0.17438397,0.32375088,0.31689158,0.17812799,0.00018130588
31013,2022-05-10,2,D1,2,D1,3,D2,False,0.015677989,0.19094145,0.32909957,0.3000438,0.16390572,0.00033147042
31013,2022-05-17,2,D1,2,D1,3,D2,False,0.006764318,0.19849442,0.32475552,0.31070915,0.15912703,0.00014953889
31013,2022-05-24,2,D1,2,D1,3,D2,False,0.010088032,0.23811106,0.37220952,0.27979702,0.09965459,0.00013981151
31013,2022-05-31,2,D1,2,D1,3,D2,False,0.0066436715,0.22880024,0.34376076,0.3203799,0.10030082,0.00011456845
31013,2022-06-07,2,D1,2,D1,3,D2,False,0.008004136,0.25480235,0.3514623,0.3058414,0.07978819,0.00010166988
31013,2022-06-14,2,D1,2,D1,3,D2,False,0.0077102147,0.25770688,0.3544068,0.31312346,0.066964224,8.8407265e-05
31013,2022-06-21,2,D1,2,D1,3,D2,False,0.011617049,0.31182596,0.38867012,0.25373212,0.034095146,5.9568487e-05
31013,2022-06-28,2,D1,2,D1,3,D2,False,0.0053587114,0.26323894,0.37026328,0.32127064,0.03982834,4.005146e-05
31013,2022-07-05,2,D1,2,D1,3,D2,False,0.0067827,0.28326547,0.36607152,0.30943528,0.03439743,4.7514153e-05
31013,2022-07-12,2,D1,2,D1,3,D2,False,0.009067509,0.31941152,0.38096353,0.27351436,0.017017046,2.6053836e-05
31013,2022-07-19,2,D1,2,D1,2,D1,True,0.01601802,0.38422352,0.3877137,0.20107722,0.010933463,3.4082965e-05
31013,2022-07-26,2,D1,2,D1,3,D2,False,0.012902794,0.35241878,0.37450734,0.24284393,0.017267538,5.9628022e-05
31013,2022-08-02,2,D1,2,D1,3,D2,False,0.017315418,0.3522999,0.35987505,0.24820396,0.022188636,0.00011702775
31013,2022-08-09,2,D1,2,D1,3,D2,False,0.008801883,0.29381922,0.34450895,0.31169382,0.04104839,0.00012777625
31013,2022-08-16,1,D0,3,D2,3,D2,False,0.007292276,0.25748682,0.30619466,0.3487547,0.07992373,0.00034779895
31013,2022-08-23,1,D0,3,D2,3,D2,False,0.009382335,0.23994443,0.28021365,0.36499575,0.104692094,0.0007718169
31013,2022-08-30,1,D0,3,D2,3,D2,False,0.006673746,0.16809331,0.18958732,0.31722352,0.31343552,0.004986632
31013,2022-09-06,1,D0,4,D3,4,D3,False,0.0008838032,0.011290692,0.010116386,0.03981419,0.84671277,0.09118215
31013,2022-09-13,1,D0,4,D3,4,D3,False,3.464199e-05,0.00017427403,0.00016999299,0.00211669,0.5808318,0.4166726
31013,2022-09-20,2,D1,4,D3,4,D3,False,3.5147223e-05,0.00013155841,0.00011362013,0.0013233678,0.51088417,0.48751208
31013,2022-09-27,2,D1,5,D4,4,D3,False,1.0307434e-05,3.7216003e-05,3.66977e-05,0.0005590741,0.46513578,0.534221
31013,2022-10-04,2,D1,5,D4,4,D3,False,7.3402146e-07,3.0456124e-06,3.62035e-06,8.0755366e-05,0.43501717,0.5648947
31013,2022-10-11,2,D1,5,D4,4,D3,False,6.352278e-07,2.3766506e-06,2.3030896e-06,5.0592025e-05,0.43981534,0.56012875
31013,2022-10-18,2,D1,5,D4,4,D3,False,1.04960804e-07,5.356823e-07,6.313241e-07,1.623694e-05,0.43800712,0.5619753
31013,2022-10-25,3,D2,5,D4,4,D3,False,4.4820865e-08,2.6127861e-07,3.6703628e-07,9.598621e-06,0.44244918,0.55754066
31013,2022-11-01,3,D2,5,D4,4,D3,False,9.0496634e-08,4.5395873e-07,5.3016197e-07,1.4035801e-05,0.45114958,0.5488352
31013,2022-11-08,3,D2,5,D4,4,D3,False,2.6043236e-07,1.0570199e-06,1.1210327e-06,2.898456e-05,0.46247104,0.5374975
31013,2022-11-15,3,D2,5,D4,4,D3,False,3.4753802e-07,1.333017e-06,1.347185e-06,3.321846e-05,0.46498764,0.53497607
31013,2022-11-22,3,D2,5,D4,4,D3,False,3.7915993e-07,1.5810251e-06,1.7915429e-06,3.934631e-05,0.47183684,0.5281201
31013,2022-11-29,3,D2,5,D4,4,D3,False,4.9134013e-07,1.997177e-06,2.1432363e-06,4.2714644e-05,0.47210264,0.52785
31013,2022-12-06,3,D2,5,D4,4,D3,False,3.8100924e-07,1.8706006e-06,1.9447125e-06,3.1013755e-05,0.4705568,0.529408
31013,2022-12-13,3,D2,5,D4,4,D3,False,1.0217432e-06,3.658961e-06,3.6796e-06,6.26662e-05,0.4725606,0.5273683
31013,2022-12-20,3,D2,5,D4,4,D3,False,2.762354e-06,7.4775635e-06,7.456983e-06,0.000121401376,0.47439018,0.5254708
31013,2022-12-27,3,D2,5,D4,4,D3,False,3.3408078e-06,9.871582e-06,9.957416e-06,0.00013811384,0.4672456,0.5325932
31013,2023-01-03,3,D2,5,D4,4,D3,False,9.395116e-06,2.1316537e-05,1.9073099e-05,0.00021640329,0.46214122,0.53759253
31013,2023-01-10,3,D2,5,D4,4,D3,False,4.0478353e-05,7.015048e-05,6.321246e-05,0.00062911183,0.4531519,0.546045
31013,2023-01-17,3,D2,5,D4,4,D3,False,1.5082342e-05,3.6970123e-05,3.137841e-05,0.00027890713,0.44856206,0.5510756
31013,2023-01-24,3,D2,5,D4,4,D3,False,0.00011274536,0.00016532557,0.00014118919,0.0011430155,0.44366038,0.5547773
31013,2023-01-31,3,D2,5,D4,4,D3,False,8.533277e-05,0.00015638143,0.00015405993,0.0012246113,0.4395541,0.55882555
31013,2023-02-07,3,D2,5,D4,4,D3,False,7.857469e-06,3.266688e-05,3.7898255e-05,0.0003355453,0.4379712,0.56161475
31013,2023-02-14,3,D2,5,D4,4,D3,False,4.6984064e-06,2.169331e-05,2.8047936e-05,0.0002643308,0.4370173,0.562664
31013,2023-02-21,3,D2,5,D4,4,D3,False,1.400865e-06,7.9576075e-06,1.093198e-05,0.000118352276,0.4351547,0.5647067
31013,2023-02-28,3,D2,5,D4,4,D3,False,1.0782264e-06,6.0529446e-06,8.861779e-06,0.00010921636,0.4336231,0.56625164
31013,2023-03-07,3,D2,5,D4,4,D3,False,6.5593173e-07,3.860227e-06,6.0098214e-06,8.532523e-05,0.4299549,0.5699492
31013,2023-03-14,3,D2,5,D4,4,D3,False,1.6355069e-06,7.5835446e-06,1.2363675e-05,0.00018608524,0.42442122,0.5753711
31013,2023-03-21,3,D2,5,D4,4,D3,False,3.569585e-07,2.3735504e-06,4.2142324e-06,6.278292e-05,0.4141583,0.5857719
31013,2023-03-28,3,D2,5,D4,4,D3,False,2.1900452e-07,1.413431e-06,2.8763984e-06,5.048249e-05,0.40314865,0.5967963
31013,2023-04-04,3,D2,5,D4,4,D3,False,1.11431504e-07,8.12534e-07,2.0168527e-06,3.5430017e-05,0.3882988,0.6116629
31013,2023-04-11,3,D2,5,D4,4,D3,False,3.1546495e-08,2.5816306e-07,1.1625701e-06,3.05948e-05,0.3820443,0.6179236
31013,2023-04-18,3,D2,5,D4,4,D3,False,1.500623e-08,1.3885517e-07,1.228255e-06,3.6658905e-05,0.3687954,0.6311666
31013,2023-04-25,3,D2,5,D4,4,D3,False,3.9946046e-09,3.82784e-08,9.566132e-07,5.3755808e-05,0.35893467,0.6410106
31013,2023-05-02,3,D2,5,D4,4,D3,False,2.2315245e-09,2.1658657e-08,1.1487513e-06,0.00014288563,0.39802185,0.6018341
31013,2023-05-09,3,D2,5,D4,4,D3,False,1.8034044e-08,1.0969525e-07,6.67828e-06,0.0010104434,0.42238536,0.57659745
31013,2023-05-16,2,D1,4,D3,4,D3,False,0.00016887943,0.00014731912,0.0072072404,0.29580593,0.49857652,0.19809408
31013,2023-05-23,2,D1,4,D3,3,D2,False,0.00024694367,0.00028615168,0.0154048,0.35117453,0.4713327,0.16155484
31013,2023-05-30,2,D1,4,D3,3,D2,False,0.00021096898,0.00048536193,0.024230246,0.3844755,0.47575957,0.1148383
31013,2023-06-06,2,D1,4,D3,3,D2,False,0.0010423079,0.0032816571,0.07720991,0.42981195,0.43264806,0.056006186
31013,2023-06-13,1,D0,3,D2,3,D2,False,0.00022192394,0.003966611,0.10018682,0.46561152,0.41853532,0.011477776
31013,2023-06-20,1,D0,3,D2,3,D2,False,0.00012298138,0.006394975,0.16316351,0.47273633,0.35569936,0.0018827218
31013,2023-06-27,1,D0,3,D2,3,D2,False,0.00011265625,0.008350567,0.19993578,0.47200942,0.31889528,0.00069631485
31013,2023-07-04,0,None,3,D2,3,D2,False,0.0007283453,0.017416075,0.2256602,0.4578921,0.29682115,0.0014820945
31013,2023-07-11,0,None,0,None,0,None,True,0.51716584,0.35343447,0.050088815,0.049508486,0.026797388,0.0030050317
31013,2023-07-18,0,None,0,None,0,None,True,0.79996115,0.19889937,0.0005432708,0.00027895128,0.00029797028,1.9230547e-05
31013,2023-07-25,0,None,0,None,0,None,True,0.8084045,0.1909809,0.00029800864,0.00013927644,0.00016940931,7.924181e-06
31013,2023-08-01,0,None,0,None,0,None,True,0.79997057,0.19938704,0.00031148415,0.00013948233,0.00018271524,8.747211e-06
31013,2023-08-08,0,None,0,None,0,None,True,0.80695957,0.19242546,0.00029978796,0.00013201708,0.00017488401,8.268089e-06
31013,2023-08-15,0,None,0,None,0,None,True,0.771055,0.228012,0.0004979689,0.00019150446,0.00023036686,1.3145481e-05
31013,2023-08-22,0,None,0,None,0,None,True,0.6856779,0.31245816,0.0011684585,0.00034485036,0.00032015523,3.0402116e-05
31013,2023-08-29,0,None,0,None,0,None,True,0.60079193,0.39651743,0.0019520869,0.0003847381,0.00028206458,7.179094e-05
31013,2023-09-05,0,None,0,None,0,None,True,0.5238197,0.47208354,0.003519154,0.00036388022,0.00015693449,5.681623e-05
31013,2023-09-12,0,None,1,D0,0,None,True,0.48502773,0.5098894,0.004565868,0.0003660307,0.0001086899,4.2260395e-05
31013,2023-09-19,0,None,0,None,0,None,True,0.5480242,0.45013294,0.0017127272,7.7716155e-05,3.1564818e-05,2.0887279e-05
31013,2023-09-26,0,None,0,None,0,None,True,0.60494363,0.3944933,0.00052946206,1.6593973e-05,9.196825e-06,7.786463e-06
31013,2023-10-03,0,None,0,None,0,None,True,0.669442,0.3303483,0.00020438537,2.5010816e-06,1.5970356e-06,1.2844002e-06
31013,2023-10-10,0,None,0,None,0,None,True,0.6690359,0.33078125,0.00017926298,1.6217889e-06,1.053481e-06,8.927766e-07
31013,2023-10-17,0,None,0,None,0,None,True,0.79872155,0.20125034,2.7921124e-05,1.1654218e-07,9.785304e-08,6.4109e-08
31013,2023-10-24,0,None,0,None,0,None,True,0.8221689,0.17780733,2.3642786e-05,5.8871976e-08,5.2329572e-08,3.3618225e-08
31013,2023-10-31,0,None,0,None,0,None,True,0.81616545,0.18380657,2.7862292e-05,5.9540906e-08,5.231476e-08,3.4461998e-08
31013,2023-11-07,0,None,0,None,0,None,True,0.82552403,0.17444447,3.1299576e-05,7.207331e-08,6.2417215e-08,3.8034333e-08
31013,2023-11-14,0,None,0,None,0,None,True,0.68704206,0.31273574,0.00022128616,4.7200345e-07,2.3838581e-07,1.7941217e-07
31013,2023-11-21,0,None,0,None,0,None,True,0.6969401,0.30288061,0.0001782328,4.7981365e-07,3.123166e-07,2.552601e-07
31013,2023-11-28,0,None,0,None,0,None,True,0.71806735,0.28176054,0.00017106393,4.74963e-07,3.2106513e-07,2.611384e-07
31013,2023-12-05,0,None,0,None,0,None,True,0.7412993,0.25856286,0.00013701983,3.6368428e-07,2.5311675e-07,2.068759e-07
31013,2023-12-12,0,None,0,None,0,None,True,0.75481516,0.24505778,0.00012598545,4.771773e-07,3.2417813e-07,2.3743408e-07
31013,2023-12-19,0,None,0,None,0,None,True,0.79426867,0.20564768,8.273189e-05,4.4178998e-07,3.2241724e-07,1.963571e-07
31013,2023-12-26,0,None,0,None,0,None,True,0.88244194,0.11752681,3.0752828e-05,2.1337769e-07,1.864997e-07,6.8741585e-08
31013,2024-01-02,0,None,0,None,0,None,True,0.90881515,0.09116323,2.1334154e-05,1.7493117e-07,1.5432602e-07,4.3912415e-08
31013,2024-01-09,0,None,0,None,0,None,True,0.9156136,0.0843673,1.8653194e-05,1.9761421e-07,1.7030945e-07,4.1360575e-08
31013,2024-01-16,0,None,0,None,0,None,True,0.91997075,0.08001138,1.750014e-05,2.1969004e-07,1.5964496e-07,3.4369855e-08
31013,2024-01-23,0,None,0,None,0,None,True,0.9090863,0.090893924,1.9379831e-05,3.3094506e-07,1.5894948e-07,3.256705e-08
31013,2024-01-30,0,None,0,None,0,None,True,0.9109425,0.08903978,1.7265387e-05,3.0229364e-07,1.6039162e-07,3.3370938e-08
31013,2024-02-06,0,None,0,None,0,None,True,0.90924025,0.090741284,1.7959494e-05,2.946462e-07,1.6118972e-07,3.4375677e-08
31013,2024-02-13,0,None,0,None,0,None,True,0.8978005,0.10217618,2.2718075e-05,3.746781e-07,1.8298651e-07,4.1230813e-08
31013,2024-02-20,0,None,0,None,0,None,True,0.8606873,0.139274,3.766424e-05,7.0095393e-07,2.6194985e-07,6.8074044e-08
31013,2024-02-27,0,None,0,None,0,None,True,0.8255105,0.17442364,6.433971e-05,1.066306e-06,3.9752106e-07,1.244231e-07
31013,2024-03-05,0,None,0,None,0,None,True,0.6746639,0.3250435,0.00028657162,4.3549326e-06,1.2307057e-06,4.6920562e-07
31013,2024-03-12,0,None,0,None,0,None,True,0.62393844,0.3756776,0.00037588557,5.702255e-06,1.5915755e-06,7.284185e-07
31013,2024-03-19,0,None,0,None,0,None,True,0.6409145,0.35874724,0.00033018788,5.400204e-06,1.7508354e-06,8.701054e-07
31013,2024-03-26,0,None,0,None,0,None,True,0.72422385,0.27559954,0.00017194089,2.9004443e-06,1.2039073e-06,5.469966e-07
31013,2024-04-02,0,None,0,None,0,None,True,0.7888765,0.21099804,0.00012166648,2.3809375e-06,1.0696199e-06,4.0269387e-07
31013,2024-04-09,0,None,0,None,0,None,True,0.72707886,0.272577,0.00033452339,6.792451e-06,2.115715e-06,7.7383316e-07
31013,2024-04-16,0,None,0,None,0,None,True,0.68821776,0.3110023,0.00076080667,1.3709071e-05,3.9103206e-06,1.4255331e-06
31013,2024-04-23,0,None,0,None,0,None,True,0.6912098,0.30784044,0.00092221133,2.016823e-05,5.474527e-06,1.9209429e-06
31013,2024-04-30,0,None,0,None,0,None,True,0.8603526,0.13950159,0.00013963449,4.5419074e-06,1.4661601e-06,2.4240222e-07
31013,2024-05-07,0,None,0,None,0,None,True,0.8880732,0.111786224,0.0001360839,3.6126673e-06,8.077504e-07,9.4943665e-08
31013,2024-05-14,0,None,0,None,0,None,True,0.8891761,0.110648826,0.00016892514,4.936257e-06,1.074449e-06,1.0656712e-07
31013,2024-05-21,0,None,0,None,0,None,True,0.89256245,0.10728419,0.0001453588,6.272906e-06,1.6351203e-06,1.4249763e-07
31013,2024-05-28,0,None,0,None,0,None,True,0.8843911,0.11535134,0.00024313574,1.1652654e-05,2.6345413e-06,1.7740138e-07
31013,2024-06-04,0,None,0,None,0,None,True,0.86429495,0.13542494,0.00026377724,1.2923594e-05,3.233426e-06,2.9163647e-07
31013,2024-06-11,1,D0,0,None,0,None,False,0.8532482,0.14634797,0.00037884127,2.0617475e-05,3.9886854e-06,3.4481567e-07
31013,2024-06-18,1,D0,1,D0,1,D0,True,0.11667341,0.6657139,0.21657991,0.0010238478,8.9303885e-06,5.159924e-08
31013,2024-06-25,0,None,1,D0,1,D0,False,0.042403962,0.52927464,0.42485422,0.0034562575,1.1001535e-05,2.3739902e-08
31013,2024-07-02,1,D0,2,D1,2,D1,False,0.032369684,0.4659997,0.484432,0.01715815,4.0278155e-05,1.2994128e-07
31013,2024-07-09,1,D0,2,D1,2,D1,False,0.024756713,0.44468328,0.47737047,0.053097185,9.205488e-05,2.2254665e-07
31013,2024-07-16,1,D0,2,D1,2,D1,False,0.029132947,0.41395175,0.45605925,0.10058725,0.000268082,7.9407613e-07
31013,2024-07-23,1,D0,1,D0,1,D0,True,0.030081963,0.4265267,0.41392922,0.12900425,0.00045574337,2.0930047e-06
31013,2024-07-30,2,D1,1,D0,1,D0,False,0.03498729,0.42792064,0.38512322,0.15129428,0.0006697891,4.732764e-06
31013,2024-08-06,2,D1,1,D0,1,D0,False,0.017264437,0.40180302,0.3876404,0.19206068,0.0012274007,4.0669543e-06
31013,2024-08-13,2,D1,1,D0,1,D0,False,0.022897858,0.44572583,0.3614039,0.16909309,0.00087379763,5.5636046e-06
31013,2024-08-20,3,D2,1,D0,1,D0,False,0.032126054,0.48302236,0.34725702,0.13696527,0.0006218272,7.4085597e-06
31013,2024-08-27,3,D2,1,D0,1,D0,False,0.041641787,0.5125748,0.34956667,0.09590018,0.00030935157,7.260903e-06
31013,2024-09-03,3,D2,1,D0,1,D0,False,0.038841102,0.50079817,0.35989198,0.10006939,0.00038949767,9.932323e-06
31013,2024-09-10,3,D2,1,D0,1,D0,False,0.044897802,0.48438805,0.36423206,0.10605249,0.0004191475,1.0428486e-05
31013,2024-09-17,3,D2,1,D0,1,D0,False,0.025666632,0.4524339,0.37642196,0.14434198,0.0011224357,1.3027746e-05
31013,2024-09-24,3,D2,1,D0,1,D0,False,0.026437074,0.4252197,0.37448302,0.16876966,0.0050038807,8.664121e-05
31013,2024-10-01,3,D2,4,D3,3,D2,True,0.00518077,0.059987035,0.1384213,0.32237878,0.39409843,0.07993364
31013,2024-10-08,3,D2,4,D3,4,D3,False,6.5204035e-06,3.0590276e-05,0.00017238302,0.004407422,0.49856007,0.49682313
31013,2024-10-15,3,D2,5,D4,4,D3,False,8.332682e-07,4.2805054e-06,3.5167504e-05,0.0016344377,0.47242096,0.5259043
31013,2024-10-22,3,D2,5,D4,4,D3,False,1.6792971e-07,1.102542e-06,1.0747419e-05,0.0006100641,0.475246,0.52413195
31013,2024-10-29,4,D3,5,D4,4,D3,True,1.500729e-07,1.0816467e-06,1.0774715e-05,0.000466008,0.4940006,0.5055214
31013,2024-11-05,4,D3,4,D3,4,D3,True,9.68986e-07,4.698223e-06,4.039504e-05,0.0016119841,0.54352087,0.45482105
31013,2024-11-12,4,D3,4,D3,4,D3,True,0.00015677408,0.00035540815,0.0019158481,0.03582303,0.55928004,0.40246892
31013,2024-11-19,4,D3,4,D3,4,D3,True,0.00087153097,0.0017537207,0.010386776,0.117694005,0.53804475,0.3312493
31013,2024-11-26,4,D3,4,D3,4,D3,True,0.0023511695,0.0049460623,0.03667871,0.2515415,0.46165067,0.24283184
31013,2024-12-03,4,D3,4,D3,4,D3,True,0.001497643,0.004338908,0.032073267,0.19100837,0.48136428,0.2897176
31013,2024-12-10,4,D3,4,D3,4,D3,True,0.00042504832,0.0018597405,0.010899613,0.04746852,0.4974077,0.44193938
31013,2024-12-17,4,D3,5,D4,4,D3,True,8.411307e-06,8.560653e-05,0.00026326894,0.0007224826,0.4117171,0.58720315
31013,2024-12-24,4,D3,5,D4,4,D3,True,1.2299867e-05,0.00012190951,0.000293454,0.0005866092,0.381497,0.61748874
31013,2024-12-31,4,D3,5,D4,4,D3,True,1.7401862e-05,0.00015640676,0.000324142,0.0005273284,0.35439575,0.644579
31013,2025-01-07,4,D3,5,D4,4,D3,True,3.6239e-05,0.00027422348,0.00057734374,0.0008245344,0.34163275,0.65665495
31013,2025-01-14,4,D3,5,D4,5,D4,False,1.55012e-05,0.00015522538,0.00029668148,0.00032010858,0.3182418,0.6809707
31013,2025-01-21,4,D3,5,D4,5,D4,False,9.633086e-06,0.00011928906,0.0001856517,0.00010522866,0.2906421,0.70893806
31013,2025-01-28,4,D3,5,D4,5,D4,False,5.5797655e-06,7.9365935e-05,0.00010949011,3.8800383e-05,0.27228725,0.7274796
31013,2025-02-04,4,D3,5,D4,5,D4,False,5.6896224e-06,7.854258e-05,9.051688e-05,2.0364401e-05,0.26358426,0.73622066
31013,2025-02-11,4,D3,5,D4,5,D4,False,6.33495e-06,8.050484e-05,7.337854e-05,1.02043705e-05,0.26319242,0.7366372
31013,2025-02-18,4,D3,5,D4,5,D4,False,1.6390068e-05,0.00014813922,0.00011264895,1.1755553e-05,0.25702623,0.7426849
31013,2025-02-25,4,D3,5,D4,5,D4,False,2.799276e-05,0.00020316058,0.00017805207,2.4782243e-05,0.26968715,0.7298788
31013,2025-03-04,4,D3,5,D4,5,D4,False,1.7804186e-05,0.0001561435,0.00014148898,1.782879e-05,0.2811774,0.7184894
31013,2025-03-11,4,D3,5,D4,5,D4,False,4.1957464e-05,0.0003202101,0.000301639,3.129704e-05,0.28187603,0.71742886
31013,2025-03-18,4,D3,5,D4,5,D4,False,3.368738e-05,0.0002798175,0.00027309597,2.5641695e-05,0.2875047,0.71188307
31013,2025-03-25,4,D3,5,D4,5,D4,False,2.5710944e-05,0.00022154361,0.00023222312,1.733332e-05,0.27077237,0.7287308
31013,2025-04-01,4,D3,5,D4,5,D4,False,6.691918e-05,0.00046596472,0.00048599573,3.478724e-05,0.2619832,0.7369631
31013,2025-04-08,4,D3,5,D4,5,D4,False,0.00020473033,0.0010994279,0.0014611939,0.000116164265,0.25712195,0.73999655
31013,2025-04-15,4,D3,5,D4,5,D4,False,0.00020512332,0.0014282275,0.0021864078,0.000110736284,0.24527311,0.75079644
31013,2025-04-22,4,D3,5,D4,5,D4,False,0.0021979923,0.015853737,0.022067849,0.0002741047,0.22295852,0.73664784
31013,2025-04-29,4,D3,5,D4,5,D4,False,0.03681936,0.15307532,0.2281885,0.0019742548,0.13467094,0.44527155
31013,2025-05-06,4,D3,5,D4,5,D4,False,0.013988549,0.085067846,0.20569512,0.0046039512,0.1979943,0.49265024
31013,2025-05-13,4,D3,2,D1,2,D1,False,0.019380076,0.097061545,0.35457656,0.025579592,0.19879,0.30461213
31013,2025-05-20,4,D3,2,D1,2,D1,False,0.08677361,0.27628782,0.5121325,0.05946879,0.052706227,0.012631061
31013,2025-05-27,3,D2,2,D1,2,D1,False,0.041097138,0.21898927,0.5127033,0.1590769,0.06682482,0.0013085341
31013,2025-06-03,3,D2,3,D2,3,D2,True,0.0038017863,0.1085338,0.36230794,0.3720659,0.15308987,0.00020068767
31013,2025-06-10,2,D1,3,D2,3,D2,False,0.003299992,0.09816435,0.34524542,0.39969474,0.15330043,0.00029501718
31013,2025-06-17,2,D1,3,D2,3,D2,False,0.0032427143,0.08967966,0.33309332,0.4192818,0.1541106,0.00059190637
31013,2025-06-24,2,D1,3,D2,3,D2,False,0.0026795645,0.079955176,0.32090825,0.42240345,0.17303905,0.0010144886
31013,2025-07-01,2,D1,3,D2,3,D2,False,0.0073080645,0.09330978,0.37768945,0.39069888,0.12920615,0.0017877279
31013,2025-07-08,2,D1,3,D2,3,D2,False,0.0049423585,0.07146509,0.3838627,0.39606935,0.14256291,0.0010974852
31013,2025-07-15,2,D1,3,D2,3,D2,False,0.0029772595,0.047648996,0.30854475,0.422011,0.2176282,0.0011897124
31013,2025-07-22,2,D1,3,D2,3,D2,False,0.002596847,0.039660286,0.27310508,0.42953065,0.2537967,0.0013104455
31013,2025-07-29,2,D1,3,D2,3,D2,False,0.0016268414,0.043648373,0.26283333,0.43909913,0.2522946,0.00049761636
31013,2025-08-05,2,D1,3,D2,3,D2,False,0.0008847382,0.038910467,0.26241285,0.44984332,0.24770112,0.00024754892
31013,2025-08-12,2,D1,3,D2,3,D2,False,0.00066642277,0.034769863,0.2604225,0.45804206,0.24595506,0.00014407662
31013,2025-08-19,2,D1,3,D2,3,D2,False,0.0005194945,0.03376616,0.2632674,0.46287215,0.23950355,7.126955e-05
31013,2025-08-26,2,D1,3,D2,3,D2,False,0.0004770638,0.035375893,0.2658188,0.46216702,0.23610586,5.53627e-05
31013,2025-09-02,2,D1,3,D2,3,D2,False,0.0008312426,0.045045253,0.27025095,0.45222723,0.23157473,7.058608e-05
31013,2025-09-09,2,D1,3,D2,3,D2,False,0.0018862875,0.07183927,0.2782071,0.43928412,0.2087109,7.231666e-05
31013,2025-09-16,2,D1,3,D2,3,D2,False,0.004524888,0.13185045,0.28532958,0.4019816,0.17621128,0.000102177844
31013,2025-09-23,2,D1,3,D2,3,D2,False,0.015502527,0.20664693,0.27695712,0.3470636,0.15352263,0.00030711596
31013,2025-09-30,2,D1,3,D2,3,D2,False,0.012390635,0.24001709,0.2787798,0.32396045,0.1446432,0.0002088169
31013,2025-10-07,2,D1,3,D2,3,D2,False,0.013193779,0.25916743,0.27362907,0.31006148,0.14366454,0.00028371793
31013,2025-10-14,2,D1,3,D2,3,D2,False,0.013920361,0.25931925,0.2726413,0.30940685,0.14440492,0.0003073463
31013,2025-10-21,2,D1,3,D2,3,D2,False,0.008420674,0.26046795,0.28039205,0.3045913,0.14594433,0.0001836099
31013,2025-10-28,2,D1,3,D2,3,D2,False,0.006740382,0.26086184,0.2829831,0.2968176,0.15240777,0.00018929856
31013,2025-11-04,2,D1,2,D1,3,D2,False,0.0047253063,0.26218277,0.28558066,0.28548196,0.1618699,0.00015941507
31013,2025-11-11,2,D1,2,D1,3,D2,False,0.0044282842,0.26021215,0.28749627,0.2868323,0.16089897,0.00013206243
31013,2025-11-18,2,D1,2,D1,3,D2,False,0.0037451868,0.25858217,0.28805518,0.27863646,0.17085738,0.00012360484
31013,2025-11-25,2,D1,2,D1,3,D2,False,0.0041159694,0.25564444,0.28865248,0.2825789,0.16889332,0.00011495008
31013,2025-12-02,2,D1,2,D1,3,D2,False,0.0038584,0.25561076,0.2889256,0.2822864,0.16921988,9.8930344e-05
31013,2025-12-09,2,D1,2,D1,3,D2,False,0.0040373383,0.25464213,0.28927496,0.28613982,0.16581573,8.9999245e-05
31013,2025-12-16,2,D1,2,D1,3,D2,False,0.0036371588,0.2562139,0.2891142,0.28060004,0.17034195,9.271792e-05
31013,2025-12-23,2,D1,2,D1,3,D2,False,0.003088272,0.2577125,0.29015806,0.27534196,0.17361432,8.489771e-05
31013,2025-12-30,2,D1,2,D1,3,D2,False,0.002960795,0.25831905,0.29195046,0.27096337,0.17571808,8.817358e-05
31015,2022-01-04,3,D2,2,D1,3,D2,True,0.002542032,0.25115654,0.29832342,0.2871332,0.16080596,3.8915605e-05
31015,2022-01-11,3,D2,2,D1,3,D2,True,0.0024899787,0.25121763,0.29840392,0.28637755,0.16147369,3.717339e-05
31015,2022-01-18,3,D2,2,D1,3,D2,True,0.0024741725,0.2503276,0.29927287,0.28702405,0.16086587,3.5424342e-05
31015,2022-01-25,3,D2,2,D1,3,D2,True,0.0022024922,0.2488414,0.30164033,0.28504995,0.16223283,3.303078e-05
31015,2022-02-01,3,D2,2,D1,3,D2,True,0.0021634127,0.24468105,0.30304286,0.2899533,0.16012649,3.291799e-05
31015,2022-02-08,3,D2,2,D1,3,D2,True,0.001898232,0.23420991,0.30646843,0.29765502,0.15973459,3.3753342e-05
31015,2022-02-15,2,D1,2,D1,3,D2,False,0.0017355102,0.22631091,0.3092893,0.3003771,0.16224815,3.900628e-05
31015,2022-02-22,2,D1,2,D1,3,D2,False,0.0016510666,0.22230007,0.3106755,0.30175903,0.16357231,4.2044532e-05
31015,2022-03-01,2,D1,2,D1,3,D2,False,0.0015217356,0.21889976,0.31250218,0.30401215,0.16302812,3.614883e-05
31015,2022-03-08,2,D1,2,D1,3,D2,False,0.0016150756,0.20743304,0.31645057,0.30982035,0.16464908,3.187485e-05
31015,2022-03-15,2,D1,2,D1,3,D2,False,0.0011170245,0.19336264,0.32842454,0.31427887,0.1627992,1.7678487e-05
31015,2022-03-22,3,D2,2,D1,3,D2,True,0.00091002166,0.18220823,0.33105114,0.3216859,0.16412948,1.5279564e-05
31015,2022-03-29,3,D2,2,D1,3,D2,True,0.0007706913,0.1738747,0.33295727,0.32783502,0.16455027,1.202251e-05
31015,2022-04-05,3,D2,2,D1,3,D2,True,0.0011780632,0.18871549,0.32569867,0.32093593,0.16345237,1.947417e-05
31015,2022-04-12,3,D2,3,D2,3,D2,True,0.00087731803,0.17612475,0.3291424,0.32925054,0.16458912,1.584239e-05
31015,2022-04-19,4,D3,3,D2,3,D2,False,0.0007405994,0.1701543,0.33063024,0.33495393,0.16350745,1.3443318e-05
31015,2022-04-26,4,D3,3,D2,3,D2,False,0.0006010103,0.1529574,0.33402956,0.34601694,0.16638356,1.1528887e-05
31015,2022-05-03,3,D2,2,D1,3,D2,True,0.006664232,0.17438397,0.32375088,0.31689158,0.17812799,0.00018130588
31015,2022-05-10,3,D2,2,D1,3,D2,True,0.015677989,0.19094145,0.32909957,0.3000438,0.16390572,0.00033147042
31015,2022-05-17,3,D2,2,D1,3,D2,True,0.006764318,0.19849442,0.32475552,0.31070915,0.15912703,0.00014953889
31015,2022-05-24,3,D2,2,D1,3,D2,True,0.010088032,0.23811106,0.37220952,0.27979702,0.09965459,0.00013981151
31015,2022-05-31,3,D2,2,D1,3,D2,True,0.0066436715,0.22880024,0.34376076,0.3203799,0.10030082,0.00011456845
31015,2022-06-07,3,D2,2,D1,3,D2,True,0.008004136,0.25480235,0.3514623,0.3058414,0.07978819,0.00010166988
31015,2022-06-14,3,D2,2,D1,3,D2,True,0.0077102147,0.25770688,0.3544068,0.31312346,0.066964224,8.8407265e-05
31015,2022-06-21,3,D2,2,D1,3,D2,True,0.011617045,0.31182602,0.38867018,0.2537321,0.034095142,5.9568498e-05
31015,2022-06-28,3,D2,2,D1,3,D2,True,0.0053587155,0.2632391,0.37026322,0.32127059,0.039828334,4.0051527e-05
31015,2022-07-05,3,D2,2,D1,3,D2,True,0.0067827,0.28326547,0.36607152,0.30943528,0.03439743,4.7514153e-05
31015,2022-07-12,3,D2,2,D1,3,D2,True,0.009067509,0.31941152,0.38096353,0.27351436,0.017017046,2.6053836e-05
31015,2022-07-19,3,D2,2,D1,2,D1,False,0.01601802,0.38422352,0.3877137,0.20107722,0.010933463,3.4082965e-05
31015,2022-07-26,3,D2,2,D1,3,D2,True,0.012902794,0.35241878,0.37450734,0.24284393,0.017267538,5.9628022e-05
31015,2022-08-02,3,D2,2,D1,3,D2,True,0.017315418,0.3522999,0.35987505,0.24820396,0.022188636,0.00011702775
31015,2022-08-09,3,D2,2,D1,3,D2,True,0.008801883,0.29381922,0.34450895,0.31169382,0.04104839,0.00012777625
31015,2022-08-16,3,D2,3,D2,3,D2,True,0.007292276,0.25748682,0.30619466,0.3487547,0.07992373,0.00034779895
31015,2022-08-23,3,D2,3,D2,3,D2,True,0.009382335,0.23994443,0.28021365,0.36499575,0.104692094,0.0007718169
31015,2022-08-30,3,D2,3,D2,3,D2,True,0.006673746,0.16809331,0.18958732,0.31722352,0.31343552,0.004986632
31015,2022-09-06,3,D2,4,D3,4,D3,False,0.0008838032,0.011290692,0.010116386,0.03981419,0.84671277,0.09118215
31015,2022-09-13,3,D2,4,D3,4,D3,False,3.464199e-05,0.00017427403,0.00016999299,0.00211669,0.5808318,0.4166726
31015,2022-09-20,3,D2,4,D3,4,D3,False,3.5147223e-05,0.00013155841,0.00011362013,0.0013233678,0.51088417,0.48751208
31015,2022-09-27,3,D2,5,D4,4,D3,False,1.0307434e-05,3.7216003e-05,3.66977e-05,0.0005590741,0.46513578,0.534221
31015,2022-10-04,3,D2,5,D4,4,D3,False,7.3402356e-07,3.0456213e-06,3.6203608e-06,8.075544e-05,0.43501717,0.5648947
31015,2022-10-11,3,D2,5,D4,4,D3,False,6.3522924e-07,2.3766556e-06,2.303092e-06,5.0592134e-05,0.4398152,0.56012887
31015,2022-10-18,4,D3,5,D4,4,D3,True,1.04960804e-07,5.356823e-07,6.313241e-07,1.623694e-05,0.43800712,0.5619753
31015,2022-10-25,4,D3,5,D4,4,D3,True,4.4820865e-08,2.6127861e-07,3.6703628e-07,9.598621e-06,0.44244918,0.55754066
31015,2022-11-01,4,D3,5,D4,4,D3,True,9.0496634e-08,4.5395873e-07,5.3016197e-07,1.4035801e-05,0.45114958,0.5488352
31015,2022-11-08,4,D3,5,D4,4,D3,True,2.6043236e-07,1.0570199e-06,1.1210327e-06,2.898456e-05,0.46247104,0.5374975
31015,2022-11-15,4,D3,5,D4,4,D3,True,3.4753802e-07,1.333017e-06,1.347185e-06,3.321846e-05,0.46498764,0.53497607
31015,2022-11-22,4,D3,5,D4,4,D3,True,3.7915993e-07,1.5810251e-06,1.7915429e-06,3.934631e-05,0.47183684,0.5281201
31015,2022-11-29,4,D3,5,D4,4,D3,True,4.9134013e-07,1.997177e-06,2.1432363e-06,4.2714644e-05,0.47210264,0.52785
31015,2022-12-06,4,D3,5,D4,4,D3,True,3.8100924e-07,1.8706006e-06,1.9447125e-06,3.1013755e-05,0.4705568,0.529408
31015,2022-12-13,4,D3,5,D4,4,D3,True,1.0217432e-06,3.658961e-06,3.6796e-06,6.26662e-05,0.4725606,0.5273683
31015,2022-12-20,4,D3,5,D4,4,D3,True,2.762354e-06,7.4775635e-06,7.456983e-06,0.000121401376,0.47439018,0.5254708
31015,2022-12-27,4,D3,5,D4,4,D3,True,3.3408078e-06,9.871582e-06,9.957416e-06,0.00013811384,0.4672456,0.5325932
31015,2023-01-03,4,D3,5,D4,4,D3,True,9.395116e-06,2.1316537e-05,1.9073099e-05,0.00021640329,0.46214122,0.53759253
31015,2023-01-10,3,D2,5,D4,4,D3,False,4.0478353e-05,7.015048e-05,6.321246e-05,0.00062911183,0.4531519,0.546045
31015,2023-01-17,3,D2,5,D4,4,D3,False,1.5082342e-05,3.6970123e-05,3.137841e-05,0.00027890713,0.44856206,0.5510756
31015,2023-01-24,3,D2,5,D4,4,D3,False,0.00011274536,0.00016532557,0.00014118919,0.0011430155,0.44366038,0.5547773
31015,2023-01-31,3,D2,5,D4,4,D3,False,8.533277e-05,0.00015638143,0.00015406008,0.0012246113,0.4395541,0.55882555
31015,2023-02-07,3,D2,5,D4,4,D3,False,7.85748e-06,3.266693e-05,3.7898313e-05,0.00033554566,0.43797103,0.56161505
31015,2023-02-14,3,D2,5,D4,4,D3,False,4.6984064e-06,2.169331e-05,2.8047936e-05,0.0002643308,0.4370173,0.562664
31015,2023-02-21,3,D2,5,D4,4,D3,False,1.400865e-06,7.9576075e-06,1.093198e-05,0.000118352276,0.4351547,0.5647067
31015,2023-02-28,3,D2,5,D4,4,D3,False,1.0782264e-06,6.0529446e-06,8.861779e-06,0.00010921636,0.4336231,0.56625164
31015,2023-03-07,3,D2,5,D4,4,D3,False,6.5593173e-07,3.860227e-06,6.0098214e-06,8.532523e-05,0.4299549,0.5699492
31015,2023-03-14,3,D2,5,D4,4,D3,False,1.6355069e-06,7.5835446e-06,1.2363675e-05,0.00018608524,0.42442122,0.5753711
31015,2023-03-21,3,D2,5,D4,4,D3,False,3.569585e-07,2.3735504e-06,4.2142324e-06,6.278292e-05,0.4141583,0.5857719
31015,2023-03-28,3,D2,5,D4,4,D3,False,2.1900452e-07,1.413431e-06,2.8763984e-06,5.048249e-05,0.40314865,0.5967963
31015,2023-04-04,2,D1,5,D4,4,D3,False,1.11431504e-07,8.12534e-07,2.0168527e-06,3.5430017e-05,0.3882988,0.6116629
31015,2023-04-11,2,D1,5,D4,4,D3,False,3.1546495e-08,2.5816306e-07,1.1625701e-06,3.05948e-05,0.3820443,0.6179236
31015,2023-04-18,3,D2,5,D4,4,D3,False,1.500623e-08,1.3885517e-07,1.228255e-06,3.6658905e-05,0.3687954,0.6311666
31015,2023-04-25,3,D2,5,D4,4,D3,False,3.9946046e-09,3.82784e-08,9.566132e-07,5.3755808e-05,0.35893467,0.6410106
31015,2023-05-02,3,D2,5,D4,4,D3,False,2.2315245e-09,2.1658657e-08,1.1487513e-06,0.00014288563,0.39802185,0.6018341
31015,2023-05-09,3,D2,5,D4,4,D3,False,1.8034044e-08,1.0969525e-07,6.67828e-06,0.0010104434,0.42238536,0.57659745
31015,2023-05-16,2,D1,4,D3,4,D3,False,0.00016887927,0.00014731912,0.0072072404,0.295806,0.49857652,0.19809408
31015,2023-05-23,2,D1,4,D3,3,D2,False,0.00024694394,0.000286152,0.015404809,0.35117456,0.47133276,0.1615548
31015,2023-05-30,2,D1,4,D3,3,D2,False,0.00021096898,0.00048536193,0.024230246,0.3844755,0.47575957,0.1148383
31015,2023-06-06,3,D2,4,D3,3,D2,True,0.0010423079,0.0032816571,0.07720991,0.42981195,0.43264806,0.056006186
31015,2023-06-13,3,D2,3,D2,3,D2,True,0.00022192394,0.003966611,0.10018682,0.46561152,0.41853532,0.011477776
31015,2023-06-20,4,D3,3,D2,3,D2,False,0.00012298138,0.006394975,0.16316351,0.47273633,0.35569936,0.0018827218
31015,2023-06-27,2,D1,3,D2,3,D2,False,0.00011265625,0.008350567,0.19993578,0.47200942,0.31889528,0.00069631485
31015,2023-07-04,2,D1,3,D2,3,D2,False,0.00026424797,0.012533172,0.22124365,0.46905416,0.2963106,0.00059419754
31015,2023-07-11,2,D1,3,D2,3,D2,False,0.00024866316,0.014988443,0.23822844,0.47319934,0.2731503,0.00018486878
31015,2023-07-18,2,D1,3,D2,3,D2,False,0.00023178442,0.016180737,0.2449211,0.4757802,0.26278758,9.869135e-05
31015,2023-07-25,2,D1,3,D2,3,D2,False,0.00019198189,0.016741173,0.2521897,0.48183468,0.24899995,4.2469397e-05
31015,2023-08-01,1,D0,3,D2,3,D2,False,0.0001745221,0.018681187,0.2528597,0.48270229,0.24555492,2.7374537e-05
31015,2023-08-08,1,D0,3,D2,3,D2,False,0.00021810386,0.021746298,0.25893128,0.47902477,0.24005516,2.4398638e-05
31015,2023-08-15,0,None,3,D2,3,D2,False,0.00018149725,0.022289716,0.26033407,0.4810082,0.2361689,1.7587961e-05
31015,2023-08-22,0,None,0,None,0,None,True,0.48853585,0.39849836,0.036479924,0.041180268,0.032290876,0.003014746
31015,2023-08-29,0,None,0,None,0,None,True,0.56975913,0.41976926,0.0061694104,0.002286738,0.0017772263,0.00023820788
31015,2023-09-05,1,D0,1,D0,0,None,False,0.45119917,0.53802615,0.009029992,0.0011722512,0.0004979543,7.449292e-05
31015,2023-09-12,1,D0,1,D0,1,D0,True,0.14953768,0.7672039,0.07989308,0.0029159808,0.00044216082,7.200167e-06
31015,2023-09-19,1,D0,1,D0,1,D0,True,0.16752689,0.7357506,0.095675305,0.0009984616,4.7382367e-05,1.3069932e-06
31015,2023-09-26,0,None,1,D0,1,D0,False,0.2785675,0.6741318,0.046933558,0.00035154755,1.4219033e-05,1.271031e-06
31015,2023-10-03,0,None,0,None,0,None,True,0.6356745,0.36395395,0.0003492397,1.4229908e-05,5.7328994e-06,2.304693e-06
31015,2023-10-10,0,None,0,None,0,None,True,0.6607388,0.33905208,0.00018816483,1.0738475e-05,7.1841796e-06,2.957965e-06
31015,2023-10-17,0,None,0,None,0,None,True,0.78409564,0.2158668,3.569185e-05,9.59942e-07,6.5608975e-07,2.2337194e-07
31015,2023-10-24,0,None,0,None,0,None,True,0.8150098,0.1849631,2.6323201e-05,4.1018677e-07,2.609881e-07,9.2333e-08
31015,2023-10-31,0,None,0,None,0,None,True,0.81007886,0.18989094,2.9629426e-05,2.6373826e-07,1.6651681e-07,7.067644e-08
31015,2023-11-07,0,None,0,None,0,None,True,0.82472444,0.17524381,3.1337862e-05,2.1412914e-07,1.4380575e-07,6.051841e-08
31015,2023-11-14,0,None,0,None,0,None,True,0.6884298,0.31134596,0.0002219508,1.3143629e-06,5.564964e-07,3.363134e-07
31015,2023-11-21,0,None,0,None,0,None,True,0.6910328,0.3087647,0.00019915479,1.7519474e-06,9.4138676e-07,5.807929e-07
31015,2023-11-28,0,None,0,None,0,None,True,0.71056056,0.28924367,0.00019238447,1.8095203e-06,1.0246836e-06,6.0550724e-07
31015,2023-12-05,0,None,0,None,0,None,True,0.73302454,0.26681545,0.00015739474,1.3703034e-06,8.124727e-07,4.8029335e-07
31015,2023-12-12,0,None,0,None,0,None,True,0.7451708,0.25468597,0.0001400839,1.6488324e-06,9.4190057e-07,4.8309863e-07
31015,2023-12-19,0,None,0,None,0,None,True,0.78295034,0.21695761,8.977887e-05,1.1784902e-06,7.243834e-07,3.2688152e-07
31015,2023-12-26,0,None,0,None,0,None,True,0.87392396,0.1260428,3.239704e-05,4.793555e-07,3.5482782e-07,1.0444013e-07
31015,2024-01-02,0,None,0,None,0,None,True,0.901751,0.09822649,2.1881118e-05,3.412306e-07,2.5946136e-07,6.1610784e-08
31015,2024-01-09,0,None,0,None,0,None,True,0.90924054,0.09074019,1.8629335e-05,3.401237e-07,2.5898152e-07,5.449587e-08
31015,2024-01-16,0,None,0,None,0,None,True,0.9148889,0.08509347,1.697592e-05,3.3993425e-07,2.2480947e-07,4.332128e-08
31015,2024-01-23,0,None,0,None,0,None,True,0.90383893,0.09614151,1.8764349e-05,5.1056855e-07,2.27017e-07,4.1720842e-08
31015,2024-01-30,0,None,0,None,0,None,True,0.90594447,0.09403811,1.6762697e-05,4.79045e-07,2.3583773e-07,4.349507e-08
31015,2024-02-06,0,None,0,None,0,None,True,0.904736,0.09524581,1.7449996e-05,4.7373376e-07,2.4095715e-07,4.5390024e-08
31015,2024-02-13,0,None,0,None,0,None,True,0.89359415,0.10638276,2.2060367e-05,6.168008e-07,2.823656e-07,5.5997408e-08
31015,2024-02-20,0,None,0,None,0,None,True,0.8558768,0.14408419,3.7350284e-05,1.1402796e-06,4.2668745e-07,9.760804e-08
31015,2024-02-27,0,None,0,None,0,None,True,0.8193621,0.18057004,6.500575e-05,1.8738897e-06,6.761738e-07,1.8946437e-07
31015,2024-03-05,0,None,0,None,0,None,True,0.6676537,0.332035,0.0003009286,7.4115783e-06,2.2264373e-06,7.704818e-07
31015,2024-03-12,0,None,0,None,0,None,True,0.6181554,0.38142148,0.00040831635,1.0465788e-05,3.0473514e-06,1.2729857e-06
31015,2024-03-19,1,D0,0,None,0,None,False,0.63508105,0.3645298,0.0003727132,1.1480824e-05,3.4041234e-06,1.536104e-06
31015,2024-03-26,0,None,1,D0,1,D0,False,0.15974917,0.80322987,0.03699137,2.7454164e-05,1.9346312e-06,1.5609693e-07
31015,2024-04-02,0,None,0,None,0,None,True,0.629753,0.36960977,0.00062707945,7.86067e-06,1.6546729e-06,7.3118895e-07
31015,2024-04-09,0,None,0,None,0,None,True,0.70499504,0.29442284,0.0005603556,1.547514e-05,4.7620683e-06,1.4767768e-06
31015,2024-04-16,0,None,0,None,0,None,True,0.70320684,0.29591247,0.00084632396,2.443818e-05,7.661721e-06,2.2328584e-06
31015,2024-04-23,0,None,0,None,0,None,True,0.7122774,0.28681177,0.00086815975,3.0241374e-05,9.619532e-06,2.8187587e-06
31015,2024-04-30,0,None,0,None,0,None,True,0.87590426,0.123955786,0.00013123223,6.0578127e-06,2.338245e-06,3.6945596e-07
31015,2024-05-07,0,None,0,None,0,None,True,0.90130645,0.098559834,0.00012739375,4.842744e-06,1.2637345e-06,1.651171e-07
31015,2024-05-14,0,None,0,None,0,None,True,0.9000142,0.09982524,0.00015342291,5.686241e-06,1.3060655e-06,1.6362957e-07
31015,2024-05-21,0,None,0,None,0,None,True,0.9046295,0.09523183,0.00012878128,7.528272e-06,2.1416508e-06,2.160966e-07
31015,2024-05-28,0,None,0,None,0,None,True,0.8950881,0.104671896,0.00021784299,1.7699189e-05,4.1266776e-06,3.0147152e-07
31015,2024-06-04,0,None,0,None,0,None,True,0.8773224,0.12242397,0.00022954265,1.8621677e-05,5.013845e-06,4.9493974e-07
31015,2024-06-11,0,None,0,None,0,None,True,0.8659271,0.13369523,0.00033789116,3.206834e-05,7.159175e-06,6.59725e-07
31015,2024-06-18,0,None,0,None,0,None,True,0.85583293,0.14361964,0.00047627705,5.993497e-05,1.05538065e-05,7.99593e-07
31015,2024-06-25,0,None,0,None,0,None,True,0.8735699,0.1258577,0.0004684159,9.113537e-05,1.2256561e-05,5.782419e-07
31015,2024-07-02,0,None,0,None,0,None,True,0.86867595,0.13074183,0.0004553572,0.000109836896,1.6282787e-05,7.917851e-07
31015,2024-07-09,0,None,0,None,0,None,True,0.85825187,0.14112158,0.00047800073,0.00012978422,1.7810215e-05,9.719674e-07
31015,2024-07-16,0,None,0,None,0,None,True,0.86129016,0.13829182,0.00031167115,9.24813e-05,1.2945331e-05,8.13138e-07
31015,2024-07-23,0,None,0,None,0,None,True,0.77689034,0.22275692,0.00028534158,5.7642916e-05,8.297837e-06,1.3797347e-06
31015,2024-07-30,0,None,0,None,0,None,True,0.6411816,0.35852233,0.00026746246,2.1704556e-05,4.5335923e-06,2.4902072e-06
31015,2024-08-06,0,None,0,None,0,None,True,0.549932,0.4497468,0.0003100176,7.1916866e-06,1.6021394e-06,2.475443e-06
31015,2024-08-13,0,None,0,None,0,None,True,0.5925409,0.4073725,7.946415e-05,3.5360254e-06,1.5377434e-06,2.0205275e-06
31015,2024-08-20,1,D0,0,None,0,None,False,0.62832296,0.37164292,3.1839303e-05,8.760692e-07,5.9226153e-07,8.604428e-07
31015,2024-08-27,1,D0,1,D0,1,D0,True,0.25667086,0.7367074,0.006618205,3.2785147e-06,8.908604e-08,2.0629754e-07
31015,2024-09-03,1,D0,1,D0,1,D0,True,0.15505724,0.80117595,0.043759804,6.872064e-06,4.695019e-08,1.2503871e-07
31015,2024-09-10,1,D0,1,D0,1,D0,True,0.11103678,0.7693362,0.11959982,2.676328e-05,1.1869058e-07,2.3162904e-07
31015,2024-09-17,1,D0,1,D0,1,D0,True,0.07852854,0.6955533,0.22531883,0.0005947847,2.3197447e-06,2.2026059e-06
31015,2024-09-24,1,D0,1,D0,1,D0,True,0.06622598,0.61688507,0.31125835,0.0055702007,4.061643e-05,1.9869725e-05
31015,2024-10-01,1,D0,1,D0,1,D0,True,0.07864862,0.52658945,0.3709498,0.019687597,0.0020552773,0.0020692183
31015,2024-10-08,2,D1,5,D4,5,D4,False,0.010937546,0.03898385,0.040623777,0.0165507,0.12049871,0.7724054
31015,2024-10-15,2,D1,5,D4,5,D4,False,0.00069691445,0.002316171,0.0038120174,0.0026357889,0.10467819,0.885861
31015,2024-10-22,2,D1,5,D4,5,D4,False,6.7438574e-05,0.00023921322,0.00048092665,0.0004372198,0.081770614,0.91700464
31015,2024-10-29,3,D2,5,D4,5,D4,False,3.082044e-05,0.00013343965,0.00028123803,0.00017286469,0.066933826,0.9324479
31015,2024-11-05,3,D2,5,D4,5,D4,False,9.4869225e-05,0.0003151187,0.00073625846,0.00051844213,0.076513,0.9218222
31015,2024-11-12,3,D2,5,D4,5,D4,False,0.013204102,0.01928522,0.027683467,0.007545439,0.07920156,0.8530801
31015,2024-11-19,3,D2,5,D4,5,D4,False,0.054207817,0.07519988,0.12978046,0.018311273,0.06770279,0.65479773
31015,2024-11-26,3,D2,5,D4,2,D1,False,0.08575553,0.12358326,0.28903246,0.02854825,0.051951796,0.42112872
31015,2024-12-03,3,D2,5,D4,5,D4,False,0.044981837,0.08949734,0.26156023,0.027450284,0.059687085,0.5168232
31015,2024-12-10,3,D2,5,D4,5,D4,False,0.0132452175,0.044726998,0.12692882,0.009205966,0.060289975,0.745603
31015,2024-12-17,3,D2,5,D4,5,D4,False,0.00019056679,0.0017706072,0.0038133452,0.00018906144,0.06490339,0.92913306
31015,2024-12-24,3,D2,5,D4,5,D4,False,0.00030545663,0.0028575424,0.0054988936,0.00018769794,0.06329302,0.92785734
31015,2024-12-31,3,D2,5,D4,5,D4,False,0.00052185205,0.004480172,0.0084035145,0.00021757881,0.061178174,0.9251987
31015,2025-01-07,3,D2,5,D4,5,D4,False,0.0012055658,0.008537901,0.01722077,0.0003859556,0.05922367,0.9134263
31015,2025-01-14,3,D2,5,D4,5,D4,False,0.00056854065,0.005072049,0.009512696,0.0001827202,0.05963433,0.92502964
31015,2025-01-21,3,D2,5,D4,5,D4,False,0.00047918025,0.004944197,0.006993555,6.7985035e-05,0.057787612,0.92972755
31015,2025-01-28,3,D2,5,D4,5,D4,False,0.00035465328,0.003931009,0.0042627505,2.37564e-05,0.05766982,0.9337581
31015,2025-02-04,3,D2,5,D4,5,D4,False,0.00032563022,0.0035369536,0.002831979,9.791067e-06,0.059296597,0.93399894
31015,2025-02-11,3,D2,5,D4,5,D4,False,0.00025544164,0.0027134405,0.0018336474,5.444497e-06,0.06873685,0.9264552
31015,2025-02-18,3,D2,5,D4,5,D4,False,0.0007729042,0.0061416603,0.0037486476,1.0537674e-05,0.07831876,0.91100746
31015,2025-02-25,3,D2,5,D4,5,D4,False,0.0021048489,0.012810338,0.010068198,4.4090248e-05,0.10251887,0.8724536
31015,2025-03-04,3,D2,5,D4,5,D4,False,0.002468772,0.017766856,0.016806837,6.772527e-05,0.13315786,0.82973194
31015,2025-03-11,3,D2,5,D4,5,D4,False,0.010800862,0.067691915,0.07463754,0.00022296184,0.13780876,0.7088379
31015,2025-03-18,3,D2,5,D4,5,D4,False,0.007263727,0.052472346,0.06913253,0.0002507059,0.15950572,0.711375
31015,2025-03-25,3,D2,5,D4,5,D4,False,0.0043866904,0.0346217,0.055758435,0.0002854143,0.19646485,0.7084829
31015,2025-04-01,3,D2,5,D4,5,D4,False,0.010310627,0.06662437,0.10773456,0.00054128224,0.17359668,0.6411925
31015,2025-04-08,3,D2,5,D4,5,D4,False,0.020112036,0.0994884,0.2167535,0.00159046,0.1514871,0.5105685
31015,2025-04-15,3,D2,5,D4,5,D4,False,0.011912225,0.07473477,0.20393206,0.0016938444,0.17539485,0.53233224
31015,2025-04-22,3,D2,2,D1,2,D1,False,0.025716487,0.16105211,0.40634677,0.001904932,0.120162,0.2848177
31015,2025-04-29,2,D1,2,D1,2,D1,True,0.07125205,0.27435338,0.5676958,0.001901061,0.029107949,0.055689838
31015,2025-05-06,2,D1,2,D1,2,D1,True,0.040786684,0.25201556,0.6225882,0.0023684003,0.03229669,0.04994447
31015,2025-05-13,2,D1,2,D1,2,D1,True,0.045022447,0.31936058,0.6179939,0.0016875269,0.009039511,0.0068960804
31015,2025-05-20,2,D1,2,D1,2,D1,True,0.12257172,0.38940623,0.48582184,0.0009158955,0.0009611688,0.00032319655
31015,2025-05-27,2,D1,1,D0,1,D0,False,0.15663545,0.43210042,0.41057697,0.000495964,0.00016498641,2.629521e-05
31015,2025-06-03,2,D1,2,D1,2,D1,True,0.06626913,0.41077015,0.5207093,0.0019464275,0.0002980149,6.987372e-06
31015,2025-06-10,2,D1,2,D1,2,D1,True,0.019492703,0.26691738,0.6774448,0.034922797,0.0012198396,2.4716903e-06
31015,2025-06-17,2,D1,2,D1,2,D1,True,0.0015231548,0.09823029,0.6244259,0.26569936,0.010120529,7.59854e-07
31015,2025-06-24,2,D1,2,D1,3,D2,False,0.00023562681,0.04500079,0.47954157,0.44328207,0.03193938,5.495721e-07
31015,2025-07-01,2,D1,3,D2,3,D2,False,0.00025966804,0.034616277,0.42752433,0.482706,0.054893114,5.9359525e-07
31015,2025-07-08,2,D1,3,D2,3,D2,False,0.00015328008,0.025560325,0.39862442,0.49559772,0.08006382,3.8371175e-07
31015,2025-07-15,1,D0,3,D2,3,D2,False,0.00014123638,0.022314144,0.36871558,0.48400924,0.12481907,7.650337e-07
31015,2025-07-22,1,D0,2,D1,3,D2,False,0.00028856046,0.03180357,0.42701843,0.4246226,0.11626558,1.3371974e-06
31015,2025-07-29,1,D0,2,D1,3,D2,False,0.00050582545,0.0399274,0.4235871,0.39621535,0.13975987,4.4594217e-06
31015,2025-08-05,1,D0,2,D1,3,D2,False,0.0005234632,0.045400567,0.4115015,0.3886362,0.15393277,5.546905e-06
31015,2025-08-12,1,D0,3,D2,3,D2,False,0.00059155544,0.04266834,0.36263755,0.41025352,0.18383183,1.7218825e-05
31015,2025-08-19,1,D0,3,D2,3,D2,False,0.001049149,0.048237357,0.29747042,0.42962423,0.22351752,0.0001013597
31015,2025-08-26,1,D0,3,D2,3,D2,False,0.00081395556,0.04529161,0.28336778,0.43551683,0.23493922,7.059805e-05
31015,2025-09-02,1,D0,3,D2,3,D2,False,0.0013651071,0.054417424,0.2825174,0.4299956,0.23160139,0.000103088816
31015,2025-09-09,1,D0,3,D2,3,D2,False,0.002881351,0.08381193,0.28092495,0.4289804,0.20330909,9.231867e-05
31015,2025-09-16,1,D0,3,D2,3,D2,False,0.008733224,0.1701827,0.29013646,0.3684337,0.16235149,0.00016236285
31015,2025-09-23,1,D0,3,D2,3,D2,False,0.023136187,0.23608011,0.2806762,0.3211266,0.13852353,0.0004573423
31015,2025-09-30,1,D0,3,D2,3,D2,False,0.016238835,0.25405115,0.28400713,0.3110178,0.13440688,0.00027827642
31015,2025-10-07,1,D0,3,D2,3,D2,False,0.015352246,0.26387239,0.27463645,0.3068808,0.13892631,0.00033183795
31015,2025-10-14,1,D0,3,D2,3,D2,False,0.013036387,0.26052758,0.27425182,0.30868223,0.14325874,0.0002432611
31015,2025-10-21,2,D1,3,D2,3,D2,False,0.0074579488,0.26120898,0.2824639,0.3042013,0.14453313,0.00013464438
31015,2025-10-28,2,D1,3,D2,3,D2,False,0.0059408247,0.26085374,0.28486994,0.29885668,0.14934315,0.00013567005
31015,2025-11-04,2,D1,3,D2,3,D2,False,0.004187884,0.2617587,0.28706488,0.2890926,0.15778056,0.00011538888
31015,2025-11-11,2,D1,3,D2,3,D2,False,0.003983493,0.25960907,0.28894258,0.29112998,0.15623668,9.8194265e-05
31015,2025-11-18,2,D1,2,D1,3,D2,False,0.0033995202,0.2579358,0.28956732,0.2832809,0.1657234,9.3097864e-05
31015,2025-11-25,2,D1,2,D1,3,D2,False,0.0037555937,0.2548575,0.29013538,0.28719178,0.1639721,8.763644e-05
31015,2025-12-02,2,D1,2,D1,3,D2,False,0.0035465464,0.25480264,0.2903256,0.28689423,0.16435441,7.64712e-05
31015,2025-12-09,2,D1,2,D1,3,D2,False,0.0037193378,0.25383922,0.29058024,0.29050943,0.16128133,7.036815e-05
31015,2025-12-16,2,D1,2,D1,3,D2,False,0.0033542619,0.25543982,0.29044694,0.2847257,0.16596037,7.287608e-05
31015,2025-12-23,2,D1,2,D1,3,D2,False,0.0028412654,0.2569514,0.29152703,0.27920973,0.16940388,6.665525e-05
31015,2025-12-30,2,D1,2,D1,3,D2,False,0.00271912,0.25741577,0.29403996,0.2740599,0.17169622,6.901776e-05
31017,2022-01-04,0,None,0,None,0,None,True,0.62715375,0.37217918,0.00065930776,3.7082807e-06,2.2906158e-06,1.6654052e-06
31017,2022-01-11,0,None,0,None,0,None,True,0.6328971,0.36645585,0.00063829776,4.3022587e-06,2.6644e-06,1.8592618e-06
31017,2022-01-18,0,None,0,None,0,None,True,0.64715636,0.35230002,0.00053508143,4.1769817e-06,2.566191e-06,1.7678227e-06
31017,2022-01-25,1,D0,0,None,0,None,False,0.6268764,0.37243614,0.0006778291,5.2904875e-06,2.6148332e-06,1.7737163e-06
31017,2022-02-01,1,D0,1,D0,1,D0,True,0.21578822,0.76340103,0.020788757,1.683745e-05,4.266957e-06,9.175124e-07
31017,2022-02-08,1,D0,1,D0,1,D0,True,0.11783062,0.8407803,0.041379545,7.5880794e-06,1.6612429e-06,3.3048775e-07
31017,2022-02-15,2,D1,1,D0,1,D0,False,0.10306101,0.8332973,0.06363056,8.633926e-06,2.0196906e-06,4.48709e-07
31017,2022-02-22,2,D1,1,D0,1,D0,False,0.05186995,0.8499272,0.09819241,7.4596364e-06,2.5298314e-06,3.665436e-07
31017,2022-03-01,2,D1,1,D0,1,D0,False,0.03965924,0.8252457,0.13507994,1.0664463e-05,4.0559585e-06,4.7009905e-07
31017,2022-03-08,2,D1,1,D0,1,D0,False,0.0404908,0.8127615,0.14673756,7.803242e-06,2.0877055e-06,2.287696e-07
31017,2022-03-15,2,D1,1,D0,1,D0,False,0.04197646,0.79354805,0.16446805,6.0179877e-06,1.2121632e-06,1.4944133e-07
31017,2022-03-22,2,D1,1,D0,1,D0,False,0.046844218,0.7504641,0.20268057,9.948628e-06,1.1444725e-06,1.3116245e-07
31017,2022-03-29,3,D2,1,D0,1,D0,False,0.05061686,0.71752405,0.23185088,7.634372e-06,5.17253e-07,5.804154e-08
31017,2022-04-05,3,D2,1,D0,1,D0,False,0.043270413,0.6889343,0.2677661,2.7698294e-05,1.3608387e-06,1.1132225e-07
31017,2022-04-12,3,D2,1,D0,1,D0,False,0.02561498,0.6581349,0.3161962,5.2375595e-05,1.5115164e-06,5.000682e-08
31017,2022-04-19,3,D2,1,D0,1,D0,False,0.013534833,0.6123557,0.3739564,0.00014965482,3.3111935e-06,3.9675893e-08
31017,2022-04-26,3,D2,1,D0,1,D0,False,0.009188572,0.5585855,0.43194804,0.00027392767,3.9746374e-06,2.4385683e-08
31017,2022-05-03,3,D2,1,D0,1,D0,False,0.06878394,0.48866516,0.44234833,0.00019938438,3.000227e-06,2.3237381e-07
31017,2022-05-10,3,D2,1,D0,1,D0,False,0.07267127,0.47625387,0.45090163,0.00017086629,2.2222766e-06,1.211127e-07
31017,2022-05-17,3,D2,1,D0,1,D0,False,0.03297143,0.50309724,0.46368265,0.00024566735,2.948413e-06,5.0408378e-08
31017,2022-05-24,3,D2,1,D0,1,D0,False,0.039399613,0.49297717,0.46725512,0.00036403316,3.99759e-06,8.92854e-08
31017,2022-05-31,3,D2,1,D0,1,D0,False,0.029825179,0.5052847,0.46423748,0.0006440218,8.390931e-06,1.512263e-07
31017,2022-06-07,3,D2,1,D0,1,D0,False,0.030583795,0.5088195,0.45974302,0.0008439049,9.578796e-06,1.9965086e-07
31017,2022-06-14,3,D2,1,D0,1,D0,False,0.029276967,0.5123386,0.45710814,0.0012644787,1.1576946e-05,2.3747351e-07
31017,2022-06-21,3,D2,1,D0,1,D0,False,0.033928707,0.5234419,0.4409765,0.0016421376,1.0513942e-05,2.1871968e-07
31017,2022-06-28,3,D2,1,D0,1,D0,False,0.020913903,0.5185262,0.45572808,0.004803815,2.77921e-05,2.7489827e-07
31017,2022-07-05,3,D2,1,D0,1,D0,False,0.023062399,0.51420546,0.45048437,0.012170207,7.6851946e-05,7.8827037e-07
31017,2022-07-12,3,D2,1,D0,1,D0,False,0.029672515,0.5221942,0.43259534,0.015480427,5.6780966e-05,6.9544956e-07
31017,2022-07-19,3,D2,1,D0,1,D0,False,0.034722097,0.53497833,0.42258564,0.0076870276,2.628226e-05,6.452165e-07
31017,2022-07-26,3,D2,1,D0,1,D0,False,0.02993706,0.51937103,0.42700234,0.023582269,0.00010477143,2.4745661e-06
31017,2022-08-02,3,D2,1,D0,1,D0,False,0.040771753,0.51321584,0.42221436,0.02366852,0.00012430505,5.3275157e-06
31017,2022-08-09,3,D2,1,D0,1,D0,False,0.023241425,0.46468213,0.43284684,0.07854262,0.0006720957,1.4844994e-05
31017,2022-08-16,3,D2,2,D1,2,D1,False,0.018985696,0.40172622,0.4057366,0.16910072,0.004341509,0.00010931123
31017,2022-08-23,3,D2,2,D1,3,D2,True,0.020976579,0.3562555,0.36284345,0.24585432,0.013523179,0.00054698554
31017,2022-08-30,3,D2,3,D2,3,D2,True,0.011436608,0.20853847,0.27480835,0.33462855,0.15801613,0.012571825
31017,2022-09-06,4,D3,4,D3,4,D3,True,0.00033534304,0.002716881,0.0030193888,0.009507648,0.5115778,0.47284296
31017,2022-09-13,4,D3,5,D4,5,D4,False,6.15117e-06,3.020194e-05,3.7712474e-05,0.00017690501,0.27715203,0.7225969
31017,2022-09-20,4,D3,5,D4,5,D4,False,4.4342682e-06,2.2791672e-05,2.2121521e-05,6.399036e-05,0.17640474,0.8234819
31017,2022-09-27,4,D3,5,D4,5,D4,False,7.6735756e-07,4.9638566e-06,5.731033e-06,1.751318e-05,0.12794533,0.87202567
31017,2022-10-04,4,D3,5,D4,5,D4,False,5.604712e-08,3.8315866e-07,5.1185236e-07,2.8174118e-06,0.10190624,0.89809
31017,2022-10-11,4,D3,5,D4,5,D4,False,7.1573986e-08,4.2572944e-07,4.6118714e-07,1.3963804e-06,0.07796226,0.9220354
31017,2022-10-18,4,D3,5,D4,5,D4,False,1.4247486e-08,1.0855897e-07,1.4327667e-07,3.3108128e-07,0.065686926,0.9343125
31017,2022-10-25,4,D3,5,D4,5,D4,False,4.4291872e-09,4.6004306e-08,8.128926e-08,1.3919218e-07,0.053792395,0.94620734
31017,2022-11-01,4,D3,5,D4,5,D4,False,7.4888735e-09,7.1288255e-08,1.1156555e-07,1.16848355e-07,0.043689456,0.9563102
31017,2022-11-08,4,D3,5,D4,5,D4,False,1.6768372e-08,1.4112074e-07,2.61234e-07,3.9275454e-07,0.05102787,0.9489714
31017,2022-11-15,5,D4,5,D4,5,D4,True,2.1007757e-08,1.7254186e-07,3.647423e-07,5.8052836e-07,0.05446208,0.94553673
31017,2022-11-22,5,D4,5,D4,5,D4,True,1.8687276e-08,1.8660462e-07,5.4569324e-07,1.8376637e-06,0.078089364,0.921908
31017,2022-11-29,5,D4,5,D4,5,D4,True,2.7195991e-08,2.6336178e-07,6.531516e-07,1.4326183e-06,0.069593,0.9304046
31017,2022-12-06,5,D4,5,D4,5,D4,True,2.1228345e-08,2.6084987e-07,5.7768744e-07,1.0156381e-06,0.072823256,0.927175
31017,2022-12-13,5,D4,5,D4,5,D4,True,8.8236355e-08,7.1459965e-07,1.4176399e-06,2.0148493e-06,0.075361095,0.92463475
31017,2022-12-20,5,D4,5,D4,5,D4,True,3.9208464e-07,2.068133e-06,3.5180867e-06,4.2838046e-06,0.09124109,0.90874857
31017,2022-12-27,5,D4,5,D4,5,D4,True,7.3102296e-07,3.7056002e-06,5.1713437e-06,5.3560143e-06,0.122175716,0.8778094
31017,2023-01-03,5,D4,5,D4,5,D4,True,2.7367892e-06,9.557783e-06,1.1709848e-05,1.6060065e-05,0.17620298,0.8237569
31017,2023-01-10,4,D3,5,D4,5,D4,False,1.673571e-05,3.5341756e-05,4.4320037e-05,0.00012356431,0.26529044,0.73448956
31017,2023-01-17,4,D3,5,D4,4,D3,True,6.796552e-06,1.8714141e-05,2.1538017e-05,0.00018237541,0.4122062,0.5875644
31017,2023-01-24,4,D3,5,D4,4,D3,True,7.150785e-05,0.0001078524,0.000112171314,0.0010791691,0.44410297,0.5545263
31017,2023-01-31,4,D3,5,D4,4,D3,True,5.5718643e-05,0.00010413824,0.00012070308,0.0011208532,0.43912402,0.5594745
31017,2023-02-07,4,D3,5,D4,4,D3,True,6.111773e-06,2.5260442e-05,2.9394705e-05,0.00028220532,0.43613508,0.5635219
31017,2023-02-14,4,D3,5,D4,4,D3,True,4.6984064e-06,2.169331e-05,2.8047936e-05,0.0002643308,0.4370173,0.562664
31017,2023-02-21,4,D3,5,D4,4,D3,True,1.400865e-06,7.9576075e-06,1.093198e-05,0.000118352276,0.4351547,0.5647067
31017,2023-02-28,4,D3,5,D4,4,D3,True,1.0782264e-06,6.0529446e-06,8.861779e-06,0.00010921636,0.4336231,0.56625164
31017,2023-03-07,4,D3,5,D4,4,D3,True,6.5593173e-07,3.860227e-06,6.0098214e-06,8.532523e-05,0.4299549,0.5699492
31017,2023-03-14,4,D3,5,D4,4,D3,True,1.6355069e-06,7.5835446e-06,1.2363675e-05,0.00018608524,0.42442122,0.5753711
31017,2023-03-21,4,D3,5,D4,4,D3,True,3.569585e-07,2.3735504e-06,4.2142324e-06,6.278292e-05,0.4141583,0.5857719
31017,2023-03-28,4,D3,5,D4,4,D3,True,2.1900452e-07,1.413431e-06,2.8763984e-06,5.048249e-05,0.40314865,0.5967963
31017,2023-04-04,4,D3,5,D4,4,D3,True,1.11431504e-07,8.12534e-07,2.0168527e-06,3.5430017e-05,0.3882988,0.6116629
31017,2023-04-11,4,D3,5,D4,4,D3,True,3.1546495e-08,2.5816306e-07,1.1625701e-06,3.05948e-05,0.3820443,0.6179236
31017,2023-04-18,4,D3,5,D4,4,D3,True,1.500623e-08,1.3885517e-07,1.228255e-06,3.6658905e-05,0.3687954,0.6311666
31017,2023-04-25,4,D3,5,D4,4,D3,True,3.9946046e-09,3.82784e-08,9.566132e-07,5.3755808e-05,0.35893467,0.6410106
31017,2023-05-02,4,D3,5,D4,4,D3,True,2.2315245e-09,2.1658657e-08,1.1487513e-06,0.00014288563,0.39802185,0.6018341
31017,2023-05-09,4,D3,5,D4,4,D3,True,1.8034044e-08,1.0969525e-07,6.67828e-06,0.0010104434,0.42238536,0.57659745
31017,2023-05-16,3,D2,4,D3,4,D3,False,0.00016887943,0.00014731912,0.0072072404,0.29580593,0.49857652,0.19809408
31017,2023-05-23,3,D2,4,D3,3,D2,True,0.00024694367,0.00028615168,0.0154048,0.35117453,0.4713327,0.16155484
31017,2023-05-30,3,D2,4,D3,3,D2,True,0.00021096898,0.00048536193,0.024230246,0.3844755,0.47575957,0.1148383
31017,2023-06-06,3,D2,4,D3,3,D2,True,0.0010423079,0.0032816571,0.07720991,0.42981195,0.43264806,0.056006186
31017,2023-06-13,3,D2,3,D2,3,D2,True,0.00022192394,0.003966611,0.10018682,0.46561152,0.41853532,0.011477776
31017,2023-06-20,3,D2,3,D2,3,D2,True,0.00012298138,0.006394975,0.16316351,0.47273633,0.35569936,0.0018827218
31017,2023-06-27,3,D2,3,D2,3,D2,True,0.00011265625,0.008350567,0.19993578,0.47200942,0.31889528,0.00069631485
31017,2023-07-04,2,D1,3,D2,3,D2,False,0.00026424797,0.012533172,0.22124365,0.46905416,0.2963106,0.00059419754
31017,2023-07-11,2,D1,3,D2,3,D2,False,0.00024866316,0.014988443,0.23822844,0.47319934,0.2731503,0.00018486878
31017,2023-07-18,2,D1,3,D2,3,D2,False,0.00023244144,0.016193576,0.24493967,0.47574344,0.2627919,9.896487e-05
31017,2023-07-25,2,D1,3,D2,3,D2,False,0.0001924469,0.01675668,0.2522112,0.48179916,0.2489979,4.2560736e-05
31017,2023-08-01,1,D0,3,D2,3,D2,False,0.00017504381,0.018701881,0.25288522,0.48265758,0.24555278,2.7448383e-05
31017,2023-08-08,1,D0,3,D2,3,D2,False,0.00021877547,0.021772118,0.25895232,0.47897473,0.2400576,2.4469931e-05
31017,2023-08-15,2,D1,3,D2,3,D2,False,0.00018247924,0.02233405,0.26037395,0.48092106,0.23617083,1.76756e-05
31017,2023-08-22,2,D1,3,D2,3,D2,False,0.0005245516,0.0344388,0.26767558,0.46431592,0.23300159,4.3502994e-05
31017,2023-08-29,2,D1,3,D2,3,D2,False,0.001470382,0.058388177,0.26940152,0.45288193,0.2177595,9.846296e-05
31017,2023-09-05,2,D1,3,D2,3,D2,False,0.0020581912,0.08850531,0.28284466,0.42283976,0.2036696,8.2468854e-05
31017,2023-09-12,1,D0,3,D2,3,D2,False,0.003669217,0.13272825,0.28794348,0.39619178,0.17935677,0.00011054438
31017,2023-09-19,1,D0,3,D2,3,D2,False,0.0044056964,0.15478829,0.2830016,0.40130436,0.1564249,7.523265e-05
31017,2023-09-26,0,None,3,D2,3,D2,False,0.009205404,0.20078923,0.28446737,0.3707769,0.1346186,0.00014245845
31017,2023-10-03,0,None,1,D0,1,D0,False,0.080638416,0.39964244,0.20393637,0.22287546,0.09178754,0.0011198093
31017,2023-10-10,0,None,1,D0,1,D0,False,0.13179213,0.5720399,0.15562113,0.10140451,0.03841103,0.00073119433
31017,2023-10-17,0,None,1,D0,1,D0,False,0.42126223,0.5427599,0.025952842,0.0074348026,0.002242547,0.00034771665
31017,2023-10-24,0,None,0,None,0,None,True,0.6614306,0.33769235,0.00055328,0.00015000025,0.0001294818,4.4315217e-05
31017,2023-10-31,0,None,0,None,0,None,True,0.7053479,0.29438177,0.00018778571,3.332501e-05,3.8029906e-05,1.1264543e-05
31017,2023-11-07,0,None,0,None,0,None,True,0.814421,0.18552493,3.575957e-05,5.6713016e-06,1.0560451e-05,2.1388346e-06
31017,2023-11-14,0,None,0,None,0,None,True,0.70841146,0.29136166,0.00016700279,2.3445247e-05,2.7925209e-05,8.472483e-06
31017,2023-11-21,0,None,0,None,0,None,True,0.7126287,0.28716484,0.00015298909,2.0186213e-05,2.4580573e-05,8.6791015e-06
31017,2023-11-28,0,None,0,None,0,None,True,0.7279834,0.2718377,0.00014766249,1.212749e-05,1.3802495e-05,5.3053186e-06
31017,2023-12-05,0,None,0,None,0,None,True,0.75121444,0.24865088,0.00012355372,3.901349e-06,4.837784e-06,2.3459097e-06
31017,2023-12-12,0,None,0,None,0,None,True,0.7699501,0.22994299,0.000102554266,1.4943502e-06,1.7983169e-06,1.060737e-06
31017,2023-12-19,0,None,0,None,0,None,True,0.80108815,0.1988409,6.81118e-05,9.498505e-07,1.2105589e-06,6.766784e-07
31017,2023-12-26,0,None,0,None,0,None,True,0.8793935,0.12058018,2.5020034e-05,3.717582e-07,5.9339357e-07,2.314798e-07
31017,2024-01-02,0,None,0,None,0,None,True,0.9019394,0.098042585,1.705238e-05,3.0187044e-07,4.9816276e-07,1.633353e-07
31017,2024-01-09,0,None,0,None,0,None,True,0.9052752,0.09470853,1.5004091e-05,4.0196286e-07,6.378688e-07,1.85117e-07
31017,2024-01-16,0,None,0,None,0,None,True,0.9084782,0.091506526,1.3921178e-05,4.8951676e-07,6.5593423e-07,1.7639755e-07
31017,2024-01-23,0,None,0,None,0,None,True,0.8940631,0.10591923,1.5907834e-05,8.8121897e-07,7.7372704e-07,1.9778126e-07
31017,2024-01-30,0,None,0,None,0,None,True,0.8948804,0.10510299,1.4567534e-05,9.0607324e-07,8.910786e-07,2.272167e-07
31017,2024-02-06,0,None,0,None,0,None,True,0.8928795,0.10710309,1.532575e-05,9.575743e-07,9.645373e-07,2.507766e-07
31017,2024-02-13,0,None,0,None,0,None,True,0.8809876,0.118990265,1.9392226e-05,1.246663e-06,1.1893562e-06,3.211276e-07
31017,2024-02-20,0,None,0,None,0,None,True,0.8458257,0.15413748,3.201959e-05,2.2484796e-06,1.9229824e-06,6.0170515e-07
31017,2024-02-27,0,None,0,None,0,None,True,0.8075269,0.19240838,5.6366334e-05,3.882047e-06,3.216802e-06,1.2389713e-06
31017,2024-03-05,0,None,0,None,0,None,True,0.6390423,0.36065573,0.00027026163,1.6092132e-05,1.0442151e-05,5.1977927e-06
31017,2024-03-12,0,None,0,None,0,None,True,0.6027076,0.39685288,0.00038933626,2.550511e-05,1.606522e-05,8.597191e-06
31017,2024-03-19,0,None,0,None,0,None,True,0.6161378,0.38345134,0.0003552395,2.7503036e-05,1.7628314e-05,1.04158025e-05
31017,2024-03-26,0,None,0,None,0,None,True,0.69983053,0.29994428,0.00018836821,1.656603e-05,1.2727296e-05,7.524854e-06
31017,2024-04-02,0,None,0,None,0,None,True,0.77460635,0.22522989,0.00013793267,1.161736e-05,9.513506e-06,4.6767286e-06
31017,2024-04-09,0,None,0,None,0,None,True,0.7126107,0.286949,0.00038633813,2.7758231e-05,1.7983404e-05,8.174264e-06
31017,2024-04-16,0,None,0,None,0,None,True,0.6646256,0.33448967,0.0007957379,4.914869e-05,2.72651e-05,1.2605516e-05
31017,2024-04-23,0,None,0,None,0,None,True,0.6680451,0.33098426,0.000862845,5.9252212e-05,3.28318e-05,1.5655507e-05
31017,2024-04-30,0,None,0,None,0,None,True,0.8657145,0.1341545,0.00011185327,9.61572e-06,7.616764e-06,1.8655237e-06
31017,2024-05-07,0,None,0,None,0,None,True,0.8947187,0.1051651,0.00010400111,7.552965e-06,3.7927296e-06,7.786188e-07
31017,2024-05-14,0,None,0,None,0,None,True,0.8921908,0.10767321,0.00012378633,8.223977e-06,3.3347746e-06,6.903414e-07
31017,2024-05-21,0,None,0,None,0,None,True,0.89334834,0.106547244,9.478387e-05,6.0918637e-06,2.9133294e-06,6.349927e-07
31017,2024-05-28,0,None,0,None,0,None,True,0.88604575,0.11380938,0.00013091971,8.715783e-06,4.3078007e-06,9.140574e-07
31017,2024-06-04,0,None,0,None,0,None,True,0.8642378,0.1356044,0.00014150329,9.429346e-06,5.5397645e-06,1.4135098e-06
31017,2024-06-11,0,None,0,None,0,None,True,0.8493986,0.15037523,0.00020298838,1.4289419e-05,7.031583e-06,1.8237678e-06
31017,2024-06-18,0,None,0,None,0,None,True,0.83443576,0.16528817,0.00024846257,1.8012699e-05,7.4628565e-06,2.0246227e-06
31017,2024-06-25,0,None,0,None,0,None,True,0.85002035,0.14976665,0.00018761582,1.7952136e-05,6.032097e-06,1.2879284e-06
31017,2024-07-02,0,None,0,None,0,None,True,0.8436006,0.15620618,0.0001668113,1.8068617e-05,6.8289455e-06,1.538113e-06
31017,2024-07-09,0,None,0,None,0,None,True,0.813686,0.18612264,0.00016149439,2.1232216e-05,7.022499e-06,1.6055841e-06
31017,2024-07-16,0,None,0,None,0,None,True,0.8210483,0.17883207,9.880723e-05,1.4258754e-05,5.3158656e-06,1.2117965e-06
31017,2024-07-23,0,None,0,None,0,None,True,0.7460416,0.2538275,0.00010780457,1.4591044e-05,6.383096e-06,2.1649505e-06
31017,2024-07-30,0,None,0,None,0,None,True,0.6653062,0.3345124,0.00015203106,1.6813488e-05,8.169061e-06,4.3384853e-06
31017,2024-08-06,0,None,0,None,0,None,True,0.5501299,0.44922325,0.0005491949,5.276227e-05,2.3851731e-05,2.1048918e-05
31017,2024-08-13,0,None,1,D0,1,D0,False,0.44231728,0.5557495,0.0018510261,5.111018e-05,1.3766864e-05,1.729438e-05
31017,2024-08-20,1,D0,1,D0,0,None,False,0.4490709,0.54963475,0.0012633733,1.847733e-05,5.105787e-06,7.389399e-06
31017,2024-08-27,1,D0,1,D0,1,D0,True,0.2664254,0.7154713,0.0180655,3.350556e-05,1.9868935e-06,2.2624606e-06
31017,2024-09-03,1,D0,1,D0,1,D0,True,0.16315292,0.758473,0.078218065,0.00015144977,2.8637328e-06,1.7500722e-06
31017,2024-09-10,1,D0,1,D0,1,D0,True,0.052784264,0.6837407,0.26218247,0.0012848796,6.85311e-06,8.251821e-07
31017,2024-09-17,2,D1,1,D0,1,D0,False,0.0246089,0.5777859,0.36765265,0.029827265,0.00012309333,2.1890794e-06
31017,2024-09-24,2,D1,1,D0,1,D0,False,0.019956797,0.48767433,0.40175256,0.08893221,0.0016654291,1.867678e-05
31017,2024-10-01,3,D2,2,D1,3,D2,True,0.012851532,0.21837278,0.37580365,0.32088172,0.07028781,0.0018025022
31017,2024-10-08,3,D2,4,D3,4,D3,False,0.0009364595,0.0058791162,0.022381593,0.12702255,0.54792017,0.2958601
31017,2024-10-15,3,D2,4,D3,4,D3,False,7.821835e-05,0.00041176906,0.0025954498,0.046857588,0.5538605,0.39619645
31017,2024-10-22,3,D2,4,D3,4,D3,False,1.3026675e-05,7.012746e-05,0.0005704947,0.015997892,0.5294721,0.45387635
31017,2024-10-29,3,D2,5,D4,4,D3,False,8.586923e-06,5.117318e-05,0.00035399775,0.0070267743,0.48649612,0.5060634
31017,2024-11-05,3,D2,4,D3,4,D3,False,3.3948087e-05,0.00015069696,0.00086961855,0.017658286,0.5406714,0.44061598
31017,2024-11-12,3,D2,4,D3,4,D3,False,0.001300319,0.0029423987,0.013094848,0.16286828,0.5063981,0.31339616
31017,2024-11-19,3,D2,4,D3,4,D3,False,0.0031562888,0.0064513367,0.03366838,0.28953305,0.43302336,0.23416767
31017,2024-11-26,3,D2,3,D2,3,D2,True,0.0048317355,0.010212729,0.07413013,0.42784357,0.33698532,0.14599654
31017,2024-12-03,3,D2,4,D3,3,D2,True,0.0031451266,0.009172834,0.070693366,0.3587657,0.3703055,0.18791746
31017,2024-12-10,3,D2,4,D3,4,D3,False,0.001289928,0.0058328765,0.03772423,0.12898047,0.46023637,0.36593607
31017,2024-12-17,3,D2,5,D4,4,D3,False,3.372192e-05,0.00033272756,0.0011247435,0.0023282224,0.42376012,0.5724205
31017,2024-12-24,3,D2,5,D4,4,D3,False,5.053677e-05,0.0004956074,0.0013284725,0.0018505875,0.3898173,0.6064575
31017,2024-12-31,3,D2,5,D4,4,D3,False,7.6330296e-05,0.0006909366,0.001757406,0.0018988776,0.37220752,0.623369
31017,2025-01-07,3,D2,5,D4,4,D3,False,0.00016687503,0.0012857902,0.0039288634,0.003765186,0.3823483,0.6085051
31017,2025-01-14,3,D2,5,D4,4,D3,False,7.814735e-05,0.0007771677,0.0021266334,0.0015126022,0.35796022,0.6375452
31017,2025-01-21,3,D2,5,D4,5,D4,False,5.2756783e-05,0.0006095971,0.0012145047,0.00042633817,0.3087216,0.6889752
31017,2025-01-28,3,D2,5,D4,5,D4,False,2.9168936e-05,0.00037206657,0.0006176751,0.0001294568,0.29470903,0.7041426
31017,2025-02-04,3,D2,5,D4,5,D4,False,2.3844694e-05,0.00029739298,0.00039697386,5.6361994e-05,0.29099596,0.7082294
31017,2025-02-11,3,D2,5,D4,5,D4,False,1.836534e-05,0.00021768353,0.00023353857,2.4716799e-05,0.28658393,0.7129218
31017,2025-02-18,3,D2,5,D4,5,D4,False,4.6234767e-05,0.00039268495,0.000363423,3.0703915e-05,0.28554207,0.71362484
31017,2025-02-25,3,D2,5,D4,5,D4,False,0.00010582157,0.0006975138,0.0007216325,7.124376e-05,0.2969994,0.70140445
31017,2025-03-04,3,D2,5,D4,5,D4,False,0.00011225487,0.0008450236,0.00093009364,6.8381705e-05,0.29832047,0.69972366
31017,2025-03-11,3,D2,5,D4,5,D4,False,0.00050504325,0.0032289582,0.004021544,0.00016678392,0.28014785,0.7119298
31017,2025-03-18,3,D2,5,D4,5,D4,False,0.0008051791,0.005927806,0.0076810406,0.00013501591,0.24484545,0.74060553
31017,2025-03-25,3,D2,5,D4,5,D4,False,0.0009830662,0.008054161,0.01040493,8.251266e-05,0.20647953,0.7739958
31017,2025-04-01,3,D2,5,D4,5,D4,False,0.0022221946,0.015141665,0.019572284,0.00015319034,0.19822629,0.76468444
31017,2025-04-08,2,D1,5,D4,5,D4,False,0.0046848366,0.024974998,0.04392854,0.00051006157,0.20407991,0.72182167
31017,2025-04-15,2,D1,5,D4,5,D4,False,0.0023647365,0.015711369,0.036054093,0.00049912406,0.22696917,0.71840155
31017,2025-04-22,2,D1,5,D4,5,D4,False,0.008576458,0.0552253,0.12636407,0.0009745951,0.21555105,0.59330845
31017,2025-04-29,2,D1,2,D1,2,D1,True,0.05583368,0.20970479,0.4090514,0.0021318044,0.09011478,0.23316354
31017,2025-05-06,2,D1,2,D1,2,D1,True,0.034985714,0.1965984,0.4796761,0.0022078326,0.08136712,0.20516492
31017,2025-05-13,2,D1,2,D1,2,D1,True,0.045311082,0.2616053,0.62635016,0.001961094,0.022514598,0.042257775
31017,2025-05-20,2,D1,2,D1,2,D1,True,0.13090663,0.37251607,0.49397194,0.0009110066,0.0011575844,0.00053677673
31017,2025-05-27,2,D1,2,D1,2,D1,True,0.14435908,0.41180763,0.44287014,0.00069179287,0.00023649319,3.485515e-05
31017,2025-06-03,2,D1,2,D1,2,D1,True,0.04622082,0.3514324,0.59633803,0.0052995104,0.000700134,9.185942e-06
31017,2025-06-10,2,D1,2,D1,2,D1,True,0.0056785685,0.15902522,0.6694235,0.16040693,0.005463472,2.2561906e-06
31017,2025-06-17,2,D1,2,D1,3,D2,False,0.0006084463,0.06520236,0.5508849,0.36489815,0.018405652,5.41016e-07
31017,2025-06-24,2,D1,3,D2,3,D2,False,0.0001328782,0.033320695,0.42721573,0.48711163,0.052218568,5.403657e-07
31017,2025-07-01,2,D1,3,D2,3,D2,False,0.00019717318,0.028573358,0.39008123,0.5015281,0.079619534,6.764235e-07
31017,2025-07-08,2,D1,3,D2,3,D2,False,0.00014206562,0.023117838,0.37062198,0.50339824,0.102719426,4.853735e-07
31017,2025-07-15,1,D0,3,D2,3,D2,False,0.00019371971,0.027361872,0.39218035,0.45579055,0.1244727,8.49727e-07
31017,2025-07-22,1,D0,2,D1,3,D2,False,0.00035467336,0.03430951,0.42691463,0.40815088,0.13026862,1.7276392e-06
31017,2025-07-29,1,D0,3,D2,3,D2,False,0.00034669778,0.032089636,0.36086315,0.4309588,0.17573515,6.6304938e-06
31017,2025-08-05,1,D0,3,D2,3,D2,False,0.00030156277,0.02987797,0.30586088,0.45293167,0.21101098,1.6959362e-05
31017,2025-08-12,1,D0,3,D2,3,D2,False,0.0002844381,0.026614115,0.27476525,0.4686228,0.22968882,2.454273e-05
31017,2025-08-19,1,D0,3,D2,3,D2,False,0.0003350748,0.028729577,0.26500353,0.46895966,0.23693828,3.3943223e-05
31017,2025-08-26,1,D0,3,D2,3,D2,False,0.0003498308,0.032030478,0.26647556,0.46758524,0.23352867,3.0305762e-05
31017,2025-09-02,1,D0,3,D2,3,D2,False,0.0009173505,0.046909787,0.27084988,0.45077893,0.23046716,7.692038e-05
31017,2025-09-09,1,D0,3,D2,3,D2,False,0.0020229316,0.073489785,0.27828932,0.43806604,0.20805456,7.736658e-05
31017,2025-09-16,1,D0,3,D2,3,D2,False,0.004854474,0.13490546,0.28494504,0.3999089,0.17527758,0.000108565386
31017,2025-09-23,1,D0,3,D2,3,D2,False,0.016104233,0.20799266,0.27704978,0.34578064,0.15274945,0.00032325092
31017,2025-09-30,1,D0,1,D0,1,D0,True,0.26098135,0.4927226,0.11000455,0.08762156,0.044447824,0.0042220787
31017,2025-10-07,1,D0,1,D0,0,None,False,0.48928732,0.4974368,0.012365403,0.0006595861,0.00017888717,7.200182e-05
31017,2025-10-14,1,D0,0,None,0,None,False,0.5307273,0.46460292,0.004626786,3.7180882e-05,3.8237113e-06,2.0095042e-06
31017,2025-10-21,0,None,1,D0,1,D0,False,0.43339247,0.5561954,0.010391073,1.9754812e-05,9.62306e-07,4.0938548e-07
31017,2025-10-28,0,None,0,None,0,None,True,0.6881315,0.3117196,0.00014743637,9.022151e-07,3.420799e-07,2.0466886e-07
31017,2025-11-04,0,None,0,None,0,None,True,0.65923244,0.3405241,0.00024000407,2.0245784e-06,8.472505e-07,5.3227086e-07
31017,2025-11-11,0,None,0,None,0,None,True,0.62986135,0.36974636,0.00038545323,4.1285075e-06,1.6001791e-06,1.0714392e-06
31017,2025-11-18,0,None,0,None,0,None,True,0.6244461,0.3751186,0.00042568357,5.2323576e-06,2.5918307e-06,1.8348117e-06
31017,2025-11-25,0,None,0,None,0,None,True,0.6127747,0.38658056,0.0006371918,3.861212e-06,2.0566986e-06,1.5740607e-06
31017,2025-12-02,0,None,0,None,0,None,True,0.5754632,0.42277578,0.0017548926,3.568791e-06,1.4324075e-06,1.2106609e-06
31017,2025-12-09,0,None,0,None,0,None,True,0.5771848,0.4210556,0.001755372,2.537988e-06,9.044988e-07,7.6013845e-07
31017,2025-12-16,0,None,0,None,0,None,True,0.56967676,0.42824504,0.002073811,2.852948e-06,8.6070634e-07,7.0708415e-07
31017,2025-12-23,1,D0,0,None,0,None,False,0.515949,0.48039386,0.0036504478,4.5265e-06,1.2473915e-06,9.172687e-07
31017,2025-12-30,1,D0,1,D0,1,D0,True,0.07110384,0.8856593,0.043233454,2.6493906e-06,6.4797814e-07,8.7963755e-08
31019,2022-01-04,1,D0,1,D0,1,D0,True,0.0069980887,0.5333305,0.4591203,0.0003031564,0.00024570568,2.266668e-06
31019,2022-01-11,1,D0,1,D0,1,D0,True,0.006539899,0.53440183,0.458566,0.00025308738,0.00023700268,2.1827711e-06
31019,2022-01-18,1,D0,1,D0,1,D0,True,0.006558148,0.5331887,0.4598454,0.00020904743,0.00019676397,1.9885942e-06
31019,2022-01-25,1,D0,1,D0,1,D0,True,0.0058281585,0.53334177,0.46050498,0.00016133027,0.00016213417,1.6681327e-06
31019,2022-02-01,2,D1,1,D0,1,D0,False,0.0057701534,0.52984107,0.46408436,0.00014839647,0.00015443291,1.6225275e-06
31019,2022-02-08,2,D1,1,D0,1,D0,False,0.0055292216,0.52876157,0.46544507,0.00013599762,0.00012667864,1.3628859e-06
31019,2022-02-15,2,D1,1,D0,1,D0,False,0.005630349,0.524439,0.46968997,0.0001286951,0.00011047586,1.429413e-06
31019,2022-02-22,2,D1,1,D0,1,D0,False,0.0056528673,0.51570326,0.47842652,0.00011914725,9.621153e-05,2.0090179e-06
31019,2022-03-01,2,D1,1,D0,1,D0,False,0.0053077424,0.50507027,0.48941863,0.000118094955,8.2947205e-05,2.2871916e-06
31019,2022-03-08,2,D1,1,D0,1,D0,False,0.0064667487,0.5094121,0.4840033,7.533161e-05,4.0880524e-05,1.565872e-06
31019,2022-03-15,2,D1,1,D0,1,D0,False,0.006916529,0.5137542,0.47923177,7.306982e-05,2.3686018e-05,7.6485577e-07
31019,2022-03-22,2,D1,1,D0,1,D0,False,0.010457894,0.5293418,0.46001175,0.00015617564,3.1459156e-05,9.1962426e-07
31019,2022-03-29,3,D2,1,D0,1,D0,False,0.010258075,0.52786195,0.46160915,0.0002403584,2.9838679e-05,5.995553e-07
31019,2022-04-05,3,D2,1,D0,1,D0,False,0.010634531,0.50925624,0.47949797,0.00056431914,4.5941833e-05,9.571684e-07
31019,2022-04-12,3,D2,1,D0,1,D0,False,0.008619079,0.5056452,0.48499528,0.00069347053,4.6213674e-05,7.055701e-07
31019,2022-04-19,3,D2,2,D1,2,D1,False,0.0057812086,0.4754357,0.51648456,0.0022037975,9.383033e-05,9.024054e-07
31019,2022-04-26,3,D2,2,D1,2,D1,False,0.005985972,0.46670547,0.5243759,0.0028501328,8.205807e-05,4.5585332e-07
31019,2022-05-03,3,D2,2,D1,2,D1,False,0.074160516,0.458692,0.46591425,0.0012133636,1.8392546e-05,1.4784188e-06
31019,2022-05-10,3,D2,1,D0,1,D0,False,0.10366728,0.46037555,0.4355077,0.00044106424,7.617266e-06,7.2944476e-07
31019,2022-05-17,3,D2,1,D0,1,D0,False,0.05452594,0.5118525,0.43297848,0.00062863476,1.4067823e-05,3.5485834e-07
31019,2022-05-24,3,D2,1,D0,1,D0,False,0.060090132,0.50482154,0.43222705,0.0027347645,0.00012400068,2.5475777e-06
31019,2022-05-31,3,D2,2,D1,2,D1,False,0.0143412445,0.36297223,0.43327805,0.15483908,0.034506124,6.32929e-05
31019,2022-06-07,3,D2,2,D1,3,D2,True,0.007650595,0.2801904,0.3683367,0.26112193,0.082629524,7.0814276e-05
31019,2022-06-14,3,D2,2,D1,3,D2,True,0.0037896482,0.21545003,0.3353858,0.31728753,0.12803158,5.5440873e-05
31019,2022-06-21,3,D2,2,D1,3,D2,True,0.005213388,0.23817638,0.3501906,0.31367803,0.09267665,6.49583e-05
31019,2022-06-28,3,D2,2,D1,3,D2,True,0.0028802683,0.22384378,0.3550843,0.33634388,0.08180509,4.2675707e-05
31019,2022-07-05,3,D2,2,D1,3,D2,True,0.0039898492,0.24456155,0.35505038,0.33053195,0.06581436,5.1919313e-05
31019,2022-07-12,3,D2,2,D1,3,D2,True,0.0057959016,0.28490454,0.3772208,0.29818305,0.03386402,3.1696152e-05
31019,2022-07-19,3,D2,2,D1,3,D2,True,0.0102334665,0.3342799,0.3719828,0.2581002,0.025361536,4.2177067e-05
31019,2022-07-26,2,D1,2,D1,3,D2,False,0.009389835,0.32023895,0.36798248,0.27296564,0.029356958,6.6204135e-05
31019,2022-08-02,2,D1,2,D1,3,D2,False,0.013637656,0.32947963,0.35759705,0.2673973,0.031761855,0.00012648202
31019,2022-08-09,2,D1,2,D1,3,D2,False,0.008295009,0.29168963,0.34923884,0.30408555,0.046550315,0.00014066942
31019,2022-08-16,2,D1,3,D2,3,D2,False,0.007281944,0.25673527,0.30828047,0.33840698,0.0888821,0.00041327474
31019,2022-08-23,2,D1,3,D2,3,D2,False,0.009693864,0.23888032,0.27715325,0.3536694,0.11959634,0.0010068648
31019,2022-08-30,3,D2,4,D3,3,D2,True,0.006212848,0.1536939,0.17099763,0.3074009,0.35481435,0.006880371
31019,2022-09-06,3,D2,4,D3,4,D3,False,0.00064886204,0.007930076,0.0069549764,0.033524826,0.8388088,0.112132505
31019,2022-09-13,3,D2,4,D3,4,D3,False,2.5405096e-05,0.00012797317,0.0001240486,0.0017745917,0.5619932,0.43595484
31019,2022-09-20,3,D2,5,D4,4,D3,False,2.8001772e-05,0.00010330816,8.596289e-05,0.0010717293,0.48926705,0.509444
31019,2022-09-27,3,D2,5,D4,4,D3,False,8.5916245e-06,3.0267967e-05,2.8819739e-05,0.0004645301,0.4429223,0.55654544
31019,2022-10-04,3,D2,5,D4,4,D3,False,6.0036245e-07,2.5157235e-06,2.9387231e-06,6.896568e-05,0.42852595,0.571399
31019,2022-10-11,3,D2,5,D4,4,D3,False,5.204299e-07,1.9547872e-06,1.8752573e-06,4.2411244e-05,0.43391818,0.56603503
31019,2022-10-18,3,D2,5,D4,4,D3,False,8.616672e-08,4.4303272e-07,5.243862e-07,1.3812899e-05,0.4319128,0.56807226
31019,2022-10-25,3,D2,5,D4,4,D3,False,3.8002856e-08,2.2413937e-07,3.1407814e-07,7.749774e-06,0.43519196,0.5647997
31019,2022-11-01,3,D2,5,D4,4,D3,False,7.9825334e-08,4.0328885e-07,4.6330024e-07,1.1241526e-05,0.44297773,0.5570102
31019,2022-11-08,3,D2,5,D4,4,D3,False,2.3570726e-07,9.610663e-07,1.0109602e-06,2.4615234e-05,0.45641574,0.54355747
31019,2022-11-15,3,D2,5,D4,4,D3,False,3.1936236e-07,1.2362008e-06,1.2537297e-06,2.9663783e-05,0.46031028,0.53965724
31019,2022-11-22,3,D2,5,D4,4,D3,False,3.5573296e-07,1.5051648e-06,1.7571901e-06,3.829729e-05,0.47003624,0.5299219
31019,2022-11-29,3,D2,5,D4,4,D3,False,4.6372983e-07,1.914281e-06,2.1132328e-06,4.1941796e-05,0.47062036,0.5293331
31019,2022-12-06,3,D2,5,D4,4,D3,False,3.6293224e-07,1.8076571e-06,1.9338036e-06,3.0922212e-05,0.46977517,0.5301898
31019,2022-12-13,3,D2,5,D4,4,D3,False,9.808148e-07,3.5555308e-06,3.667e-06,6.31211e-05,0.4726457,0.52728295
31019,2022-12-20,3,D2,5,D4,4,D3,False,2.762354e-06,7.4775635e-06,7.456983e-06,0.000121401376,0.47439018,0.5254708
31019,2022-12-27,3,D2,5,D4,4,D3,False,3.3408078e-06,9.871582e-06,9.957416e-06,0.00013811384,0.4672456,0.5325932
31019,2023-01-03,3,D2,5,D4,4,D3,False,9.395116e-06,2.1316537e-05,1.9073099e-05,0.00021640329,0.46214122,0.53759253
31019,2023-01-10,3,D2,5,D4,4,D3,False,4.0478353e-05,7.015048e-05,6.321246e-05,0.00062911183,0.4531519,0.546045
31019,2023-01-17,3,D2,5,D4,4,D3,False,1.5082342e-05,3.6970123e-05,3.137841e-05,0.00027890713,0.44856206,0.5510756
31019,2023-01-24,3,D2,5,D4,4,D3,False,0.00011274536,0.00016532557,0.00014118919,0.0011430155,0.44366038,0.5547773
31019,2023-01-31,3,D2,5,D4,4,D3,False,8.533277e-05,0.00015638143,0.00015406008,0.0012246113,0.4395541,0.55882555
31019,2023-02-07,3,D2,5,D4,4,D3,False,7.85748e-06,3.266693e-05,3.7898313e-05,0.00033554566,0.43797103,0.56161505
31019,2023-02-14,3,D2,5,D4,4,D3,False,4.6984064e-06,2.169331e-05,2.8047936e-05,0.0002643308,0.4370173,0.562664
31019,2023-02-21,3,D2,5,D4,4,D3,False,1.400865e-06,7.9576075e-06,1.093198e-05,0.000118352276,0.4351547,0.5647067
31019,2023-02-28,3,D2,5,D4,4,D3,False,1.0782264e-06,6.0529446e-06,8.861779e-06,0.00010921636,0.4336231,0.56625164
31019,2023-03-07,3,D2,5,D4,4,D3,False,6.5593173e-07,3.860227e-06,6.0098214e-06,8.532523e-05,0.4299549,0.5699492
31019,2023-03-14,3,D2,5,D4,4,D3,False,1.6355069e-06,7.5835446e-06,1.2363675e-05,0.00018608524,0.42442122,0.5753711
31019,2023-03-21,3,D2,5,D4,4,D3,False,3.569585e-07,2.3735504e-06,4.2142324e-06,6.278292e-05,0.4141583,0.5857719
31019,2023-03-28,3,D2,5,D4,4,D3,False,2.1900452e-07,1.413431e-06,2.8763984e-06,5.048249e-05,0.40314865,0.5967963
31019,2023-04-04,3,D2,5,D4,4,D3,False,1.11431504e-07,8.12534e-07,2.0168527e-06,3.5430017e-05,0.3882988,0.6116629
31019,2023-04-11,3,D2,5,D4,4,D3,False,3.1546495e-08,2.5816306e-07,1.1625701e-06,3.05948e-05,0.3820443,0.6179236
31019,2023-04-18,3,D2,5,D4,4,D3,False,1.500623e-08,1.3885517e-07,1.228255e-06,3.6658905e-05,0.3687954,0.6311666
31019,2023-04-25,3,D2,5,D4,4,D3,False,3.9946046e-09,3.82784e-08,9.566132e-07,5.3755808e-05,0.35893467,0.6410106
31019,2023-05-02,3,D2,5,D4,4,D3,False,2.231517e-09,2.1658666e-08,1.1487517e-06,0.00014288569,0.3980216,0.60183436
31019,2023-05-09,3,D2,5,D4,4,D3,False,1.8034044e-08,1.0969525e-07,6.67828e-06,0.0010104445,0.42238536,0.57659745
31019,2023-05-16,3,D2,4,D3,4,D3,False,0.00016887943,0.00014731912,0.0072072404,0.29580593,0.49857652,0.19809408
31019,2023-05-23,3,D2,4,D3,3,D2,True,0.00024694367,0.00028615168,0.0154048,0.35117453,0.4713327,0.16155484
31019,2023-05-30,3,D2,4,D3,3,D2,True,0.00021096898,0.00048536193,0.024230246,0.3844755,0.47575957,0.1148383
31019,2023-06-06,3,D2,4,D3,3,D2,True,0.0010423079,0.0032816571,0.07720991,0.42981195,0.43264806,0.056006186
31019,2023-06-13,3,D2,3,D2,3,D2,True,0.00022192394,0.003966611,0.10018682,0.46561152,0.41853532,0.011477776
31019,2023-06-20,3,D2,3,D2,3,D2,True,0.00012298138,0.006394975,0.16316351,0.47273633,0.35569936,0.0018827218
31019,2023-06-27,3,D2,3,D2,3,D2,True,0.00011265625,0.008350567,0.19993578,0.47200942,0.31889528,0.00069631485
31019,2023-07-04,3,D2,3,D2,3,D2,True,0.00026424797,0.012533172,0.22124365,0.46905416,0.2963106,0.00059419754
31019,2023-07-11,3,D2,3,D2,3,D2,True,0.00024866316,0.014988443,0.23822844,0.47319934,0.2731503,0.00018486878
31019,2023-07-18,3,D2,3,D2,3,D2,True,0.00023178442,0.016180737,0.2449211,0.4757802,0.26278758,9.869135e-05
31019,2023-07-25,3,D2,3,D2,3,D2,True,0.00019198189,0.016741173,0.2521897,0.48183468,0.24899995,4.2469397e-05
31019,2023-08-01,3,D2,3,D2,3,D2,True,0.0001745221,0.018681187,0.2528597,0.48270229,0.24555492,2.7374537e-05
31019,2023-08-08,3,D2,3,D2,3,D2,True,0.00021810386,0.021746298,0.25893128,0.47902477,0.24005516,2.4398638e-05
31019,2023-08-15,3,D2,3,D2,3,D2,True,0.00018149725,0.022289716,0.26033407,0.4810082,0.2361689,1.7587961e-05
31019,2023-08-22,3,D2,3,D2,3,D2,True,0.00018330014,0.024280569,0.26218262,0.4806455,0.23269351,1.4496951e-05
31019,2023-08-29,3,D2,3,D2,3,D2,True,0.00023505314,0.029524338,0.26391494,0.47524744,0.23106103,1.722649e-05
31019,2023-09-05,3,D2,3,D2,3,D2,True,0.00025755307,0.03849173,0.26883176,0.4750962,0.21730873,1.4085449e-05
31019,2023-09-12,3,D2,3,D2,3,D2,True,0.00038813835,0.05382212,0.27775908,0.47086623,0.19714813,1.630128e-05
31019,2023-09-19,3,D2,3,D2,3,D2,True,0.0007929245,0.08062127,0.28599674,0.45899555,0.17357671,1.6853533e-05
31019,2023-09-26,2,D1,3,D2,3,D2,False,0.0021548835,0.12791419,0.2883024,0.42716122,0.15443966,2.7729e-05
31019,2023-10-03,2,D1,3,D2,3,D2,False,0.00347501,0.16186243,0.2880865,0.39853922,0.14799786,3.897275e-05
31019,2023-10-10,2,D1,3,D2,3,D2,False,0.0032097388,0.18461265,0.290259,0.37487897,0.14700282,3.6824706e-05
31019,2023-10-17,2,D1,3,D2,3,D2,False,0.008559014,0.2177951,0.27996674,0.34975535,0.14380075,0.00012303934
31019,2023-10-24,2,D1,3,D2,3,D2,False,0.006999268,0.2320021,0.28218624,0.33306912,0.14564559,9.766337e-05
31019,2023-10-31,1,D0,3,D2,3,D2,False,0.0070473864,0.24093433,0.28186122,0.32216084,0.14788342,0.00011280751
31019,2023-11-07,1,D0,3,D2,3,D2,False,0.006805287,0.24470307,0.28209773,0.31324598,0.15302509,0.00012284149
31019,2023-11-14,1,D0,3,D2,3,D2,False,0.00380059,0.2480042,0.29021665,0.3021621,0.15575153,6.494104e-05
31019,2023-11-21,1,D0,3,D2,3,D2,False,0.0040926207,0.25224975,0.28904694,0.29328108,0.16124645,8.324322e-05
31019,2023-11-28,1,D0,3,D2,3,D2,False,0.00376022,0.25282753,0.2904789,0.29279238,0.16006902,7.2032235e-05
31019,2023-12-05,1,D0,3,D2,3,D2,False,0.0038460179,0.25347987,0.29111362,0.29214606,0.15934253,7.196884e-05
31019,2023-12-12,1,D0,2,D1,3,D2,False,0.0034927442,0.2555803,0.29256552,0.28294623,0.1653406,7.4633725e-05
31019,2023-12-19,1,D0,2,D1,3,D2,False,0.0034467997,0.25573987,0.2928169,0.28002304,0.16789742,7.5958014e-05
31019,2023-12-26,1,D0,2,D1,3,D2,False,0.004713169,0.25147766,0.29200834,0.28699726,0.16469888,0.000104654566
31019,2024-01-02,1,D0,2,D1,3,D2,False,0.0051279403,0.24984641,0.29252338,0.29073688,0.16166249,0.00010289765
31019,2024-01-09,1,D0,2,D1,3,D2,False,0.005355823,0.25037923,0.2930174,0.28879058,0.16234882,0.00010810129
31019,2024-01-16,1,D0,2,D1,3,D2,False,0.0056623635,0.2498474,0.29464632,0.28829706,0.16143286,0.00011399661
31019,2024-01-23,1,D0,2,D1,3,D2,False,0.00474902,0.2558783,0.29848787,0.27164543,0.16912502,0.00011441183
31019,2024-01-30,1,D0,2,D1,3,D2,False,0.0047325855,0.25881463,0.2996318,0.2652609,0.17144461,0.00011546316
31019,2024-02-06,0,None,2,D1,3,D2,False,0.0048245452,0.25850782,0.29928443,0.26746425,0.16980459,0.00011432234
31019,2024-02-13,0,None,3,D2,3,D2,False,0.024071263,0.24088478,0.27888516,0.2810895,0.17351462,0.0015546866
31019,2024-02-20,0,None,1,D0,3,D2,False,0.051147267,0.3103179,0.2575084,0.2301909,0.14829779,0.002537731
31019,2024-02-27,0,None,1,D0,1,D0,False,0.09381024,0.4415217,0.25873753,0.13420632,0.07031313,0.0014110608
31019,2024-03-05,0,None,1,D0,1,D0,False,0.04981488,0.4574507,0.36522296,0.0847933,0.042321328,0.00039687962
31019,2024-03-12,0,None,1,D0,1,D0,False,0.057354093,0.49391118,0.3750272,0.048136428,0.025280844,0.00029028408
31019,2024-03-19,0,None,1,D0,1,D0,False,0.07461043,0.5253742,0.35479957,0.030600011,0.01440009,0.00021579298
31019,2024-03-26,0,None,1,D0,1,D0,False,0.1317272,0.5613053,0.28229606,0.018371863,0.006120393,0.00017918943
31019,2024-04-02,0,None,1,D0,1,D0,False,0.2986626,0.5508561,0.14027639,0.0077558313,0.0022122855,0.00023679023
31019,2024-04-09,0,None,1,D0,1,D0,False,0.1762798,0.5536732,0.25585687,0.0110640265,0.002980006,0.000146121
31019,2024-04-16,0,None,1,D0,1,D0,False,0.11371076,0.5365128,0.33477202,0.011965246,0.0029415453,9.769082e-05
31019,2024-04-23,0,None,1,D0,1,D0,False,0.12513743,0.53620404,0.32288572,0.012545791,0.0031106565,0.00011625617
31019,2024-04-30,0,None,0,None,0,None,True,0.52877504,0.4242945,0.043855693,0.0022505922,0.0005896197,0.0002345636
31019,2024-05-07,0,None,0,None,0,None,True,0.7908982,0.20693529,0.001865354,0.00020951667,6.8480535e-05,2.3124256e-05
31019,2024-05-14,0,None,0,None,0,None,True,0.8079257,0.19030097,0.0015702405,0.00014539543,4.3320637e-05,1.4275373e-05
31019,2024-05-21,0,None,0,None,0,None,True,0.86412454,0.13563882,0.0002214683,1.0056733e-05,3.949929e-06,1.2321303e-06
31019,2024-05-28,0,None,0,None,0,None,True,0.87319666,0.12666795,0.00013178916,2.5257216e-06,7.801133e-07,3.2277353e-07
31019,2024-06-04,0,None,0,None,0,None,True,0.86081064,0.13908316,0.00010413842,1.2926031e-06,4.9224633e-07,2.2933031e-07
31019,2024-06-11,0,None,0,None,0,None,True,0.84122723,0.15863645,0.00013486586,9.714781e-07,2.7083286e-07,1.5286187e-07
31019,2024-06-18,0,None,0,None,0,None,True,0.8130951,0.18673241,0.00017147927,7.1828293e-07,1.5348034e-07,1.1152575e-07
31019,2024-06-25,0,None,0,None,0,None,True,0.8275097,0.17236726,0.00012224691,6.488993e-07,1.281042e-07,6.5151895e-08
31019,2024-07-02,0,None,0,None,0,None,True,0.81867075,0.18123199,9.6371856e-05,6.187776e-07,1.743534e-07,8.42099e-08
31019,2024-07-09,0,None,0,None,0,None,True,0.79183036,0.2080833,8.574899e-05,5.190568e-07,1.3266524e-07,6.9048106e-08
31019,2024-07-16,0,None,0,None,0,None,True,0.80286205,0.19708991,4.7631413e-05,2.3139495e-07,6.4173086e-08,3.3564426e-08
31019,2024-07-23,0,None,0,None,0,None,True,0.7267512,0.27318278,6.560273e-05,2.3225836e-07,7.0998254e-08,5.6106114e-08
31019,2024-07-30,0,None,0,None,0,None,True,0.65433997,0.3455612,9.846037e-05,2.7090883e-07,9.201356e-08,1.08900636e-07
31019,2024-08-06,0,None,0,None,0,None,True,0.5512464,0.44828793,0.0004637468,1.1849814e-06,2.403747e-07,4.1843606e-07
31019,2024-08-13,0,None,0,None,0,None,True,0.59483767,0.40497074,0.00019045064,5.299902e-07,2.3124714e-07,4.0614992e-07
31019,2024-08-20,0,None,0,None,0,None,True,0.63094413,0.36899042,6.4912056e-05,1.597883e-07,1.4768972e-07,2.4574246e-07
31019,2024-08-27,0,None,0,None,0,None,True,0.642336,0.35760415,5.949198e-05,6.59503e-08,5.635502e-08,1.034347e-07
31019,2024-09-03,0,None,0,None,0,None,True,0.6255153,0.3743902,9.4200615e-05,9.3049835e-08,6.959839e-08,1.2069918e-07
31019,2024-09-10,0,None,0,None,0,None,True,0.6323767,0.36753613,8.689938e-05,7.097268e-08,6.52544e-08,1.15655766e-07
31019,2024-09-17,0,None,0,None,0,None,True,0.56797457,0.43168578,0.00033901384,2.6038833e-07,1.6700345e-07,2.7739136e-07
31019,2024-09-24,0,None,0,None,0,None,True,0.5146875,0.48443118,0.00087904715,5.7441133e-07,6.308801e-07,1.0855491e-06
31019,2024-10-01,1,D0,1,D0,0,None,False,0.45958644,0.53841436,0.0019881912,1.51384e-06,3.7129614e-06,5.722436e-06
31019,2024-10-08,2,D1,1,D0,1,D0,False,0.1411506,0.8093662,0.0494098,5.626355e-06,2.3686982e-05,4.4089116e-05
31019,2024-10-15,2,D1,1,D0,1,D0,False,0.066488616,0.6822852,0.21996114,0.0003448205,0.012009317,0.018910874
31019,2024-10-22,2,D1,5,D4,4,D3,False,0.008544039,0.085781224,0.06681888,0.003226826,0.3282643,0.50736475
31019,2024-10-29,3,D2,5,D4,4,D3,False,0.0023478863,0.019234534,0.027048685,0.004793421,0.33189812,0.61467737
31019,2024-11-05,3,D2,5,D4,4,D3,False,0.010343305,0.062427044,0.11307221,0.011096414,0.28428167,0.51877934
31019,2024-11-12,3,D2,2,D1,2,D1,False,0.062355146,0.35402986,0.56636137,0.005566653,0.008129647,0.0035572457
31019,2024-11-19,2,D1,2,D1,2,D1,True,0.06390797,0.37141794,0.55804986,0.0030623812,0.002827509,0.0007342965
31019,2024-11-26,2,D1,2,D1,2,D1,True,0.07425856,0.39008743,0.53221226,0.0017769487,0.0013242177,0.00034055638
31019,2024-12-03,2,D1,2,D1,2,D1,True,0.07621055,0.4092265,0.51146317,0.0013140198,0.0013580435,0.00042770282
31019,2024-12-10,2,D1,2,D1,2,D1,True,0.059923407,0.42808196,0.5088979,0.00092968694,0.0015942137,0.0005727402
31019,2024-12-17,2,D1,2,D1,2,D1,True,0.036285076,0.42396235,0.53170633,0.0005688008,0.0045591723,0.002918268
31019,2024-12-24,2,D1,2,D1,2,D1,True,0.038419954,0.46284303,0.49410218,0.00027145518,0.0026066648,0.0017567523
31019,2024-12-31,2,D1,1,D0,1,D0,False,0.047503993,0.48066017,0.468608,0.00015505959,0.0016689779,0.001403821
31019,2025-01-07,2,D1,1,D0,1,D0,False,0.051808335,0.4992226,0.4469482,0.00011163349,0.001090863,0.00081835996
31019,2025-01-14,2,D1,1,D0,1,D0,False,0.048249073,0.49678746,0.45260066,7.8123434e-05,0.001153485,0.0011311515
31019,2025-01-21,2,D1,1,D0,1,D0,False,0.042213794,0.5060416,0.449819,4.7543963e-05,0.00086657633,0.0010114848
31019,2025-01-28,2,D1,1,D0,1,D0,False,0.03570685,0.5049836,0.45719334,3.505018e-05,0.0008351421,0.001246048
31019,2025-02-04,2,D1,1,D0,1,D0,False,0.035538428,0.5006343,0.46158347,2.6817625e-05,0.000755759,0.0014611527
31019,2025-02-11,2,D1,1,D0,1,D0,False,0.034900703,0.5011279,0.46093455,2.6044276e-05,0.0009730162,0.002037899
31019,2025-02-18,2,D1,1,D0,1,D0,False,0.052724667,0.51671463,0.4286524,2.1580952e-05,0.0005647973,0.0013219097
31019,2025-02-25,2,D1,1,D0,1,D0,False,0.061293498,0.5137269,0.4234427,2.6100235e-05,0.0004989907,0.0010118362
31019,2025-03-04,2,D1,1,D0,1,D0,False,0.050275147,0.51316655,0.43473485,2.5906575e-05,0.00058625155,0.0012112884
31019,2025-03-11,2,D1,1,D0,1,D0,False,0.05644758,0.51687217,0.42540243,3.1662057e-05,0.00048156167,0.00076454383
31019,2025-03-18,2,D1,1,D0,1,D0,False,0.046909694,0.5064249,0.44498065,3.710649e-05,0.0006521812,0.000995433
31019,2025-03-25,2,D1,1,D0,1,D0,False,0.041637372,0.49785382,0.45795122,4.5986813e-05,0.0009797873,0.0015318042
31019,2025-04-01,2,D1,1,D0,1,D0,False,0.05035916,0.49299768,0.45413142,6.452433e-05,0.0009741448,0.0014731413
31019,2025-04-08,2,D1,1,D0,1,D0,False,0.060056753,0.4864421,0.4510154,0.000105736726,0.0010483841,0.0013316727
31019,2025-04-15,2,D1,2,D1,2,D1,True,0.042862102,0.44612327,0.5062253,0.00018483719,0.002082275,0.0025221566
31019,2025-04-22,2,D1,2,D1,2,D1,True,0.045340937,0.4563221,0.49412832,0.00020472551,0.0020868524,0.001917062
31019,2025-04-29,2,D1,1,D0,1,D0,False,0.075368986,0.46721938,0.45520285,0.00021206963,0.001102339,0.00089443853
31019,2025-05-06,3,D2,2,D1,2,D1,False,0.045966715,0.45782942,0.49332583,0.0004062401,0.0016881614,0.00078358734
31019,2025-05-13,3,D2,2,D1,2,D1,False,0.042620122,0.46817192,0.48664853,0.0009392292,0.0013705689,0.00024964672
31019,2025-05-20,3,D2,1,D0,1,D0,False,0.13119581,0.46401927,0.4042955,0.0003321534,0.0001238832,3.3351807e-05
31019,2025-05-27,3,D2,1,D0,1,D0,False,0.17644878,0.46775606,0.35564566,0.00012554944,1.9057892e-05,4.9272544e-06
31019,2025-06-03,3,D2,1,D0,1,D0,False,0.1165839,0.49833283,0.38489932,0.00016759515,1.50579435e-05,1.3205984e-06
31019,2025-06-10,3,D2,1,D0,1,D0,False,0.09494808,0.4755054,0.42913535,0.00039741286,1.3272634e-05,5.338195e-07
31019,2025-06-17,3,D2,2,D1,2,D1,False,0.053630717,0.41412625,0.53041583,0.0017927963,3.4094064e-05,3.1775284e-07
31019,2025-06-24,3,D2,2,D1,2,D1,False,0.007951443,0.23726715,0.6954908,0.058555894,0.0007343744,3.6994797e-07
31019,2025-07-01,1,D0,2,D1,2,D1,False,0.0026599348,0.12424141,0.7086091,0.1621007,0.0023886526,2.1742646e-07
31019,2025-07-08,1,D0,2,D1,2,D1,False,0.00077924883,0.07269337,0.6640367,0.25505015,0.007440415,1.463911e-07
31019,2025-07-15,0,None,2,D1,3,D2,False,0.00034232734,0.042380366,0.5694584,0.36131644,0.02650218,3.31668e-07
31019,2025-07-22,0,None,0,None,0,None,True,0.5371092,0.3412078,0.07979907,0.03477348,0.0070648137,4.5690536e-05
31019,2025-07-29,0,None,0,None,0,None,True,0.719609,0.26713184,0.010721365,0.0020220221,0.00051095657,4.8631564e-06
31019,2025-08-05,0,None,0,None,0,None,True,0.7017586,0.29033306,0.006432572,0.0011149782,0.000357358,3.3837732e-06
31019,2025-08-12,0,None,0,None,0,None,True,0.737434,0.25906458,0.002883419,0.00046380464,0.00015205267,2.0265486e-06
31019,2025-08-19,0,None,0,None,0,None,True,0.6739112,0.32172728,0.003732788,0.0004958674,0.00013068806,2.1717779e-06
31019,2025-08-26,1,D0,0,None,0,None,False,0.68774533,0.3095617,0.0023069317,0.00029698823,8.592538e-05,3.1662992e-06
31019,2025-09-02,1,D0,1,D0,1,D0,True,0.3195371,0.63392854,0.04559009,0.0009087395,3.492552e-05,5.9823816e-07
31019,2025-09-09,1,D0,1,D0,1,D0,True,0.25379485,0.69007796,0.055802457,0.0003188687,5.6259514e-06,2.4063206e-07
31019,2025-09-16,1,D0,1,D0,1,D0,True,0.23089673,0.7124559,0.056419127,0.00022384888,4.096555e-06,2.2476006e-07
31019,2025-09-23,0,None,1,D0,1,D0,False,0.33189666,0.6430114,0.025061002,3.0445888e-05,4.0585132e-07,8.081734e-08
31019,2025-09-30,0,None,0,None,0,None,True,0.77638733,0.2235895,2.311369e-05,2.9373794e-08,1.1164121e-08,1.0636007e-08
31019,2025-10-07,0,None,0,None,0,None,True,0.8088791,0.19110686,1.4053916e-05,1.3594962e-08,1.079373e-08,9.944086e-09
31019,2025-10-14,0,None,0,None,0,None,True,0.83174366,0.16824491,1.1399478e-05,8.267723e-09,8.301017e-09,7.1189343e-09
31019,2025-10-21,0,None,0,None,0,None,True,0.75728047,0.24264993,6.949852e-05,3.655445e-08,2.2395595e-08,2.9195773e-08
31019,2025-10-28,0,None,0,None,0,None,True,0.7040893,0.29574856,0.0001618813,8.980579e-08,5.157147e-08,7.215595e-08
31019,2025-11-04,0,None,0,None,0,None,True,0.6376136,0.3619632,0.00042276285,2.2304098e-07,9.537983e-08,1.3666516e-07
31019,2025-11-11,0,None,0,None,0,None,True,0.6194636,0.37993473,0.00060095347,3.2395363e-07,1.1801693e-07,1.6457065e-07
31019,2025-11-18,0,None,0,None,0,None,True,0.6218049,0.37763968,0.00055453135,4.6316305e-07,2.2462386e-07,2.720345e-07
31019,2025-11-25,1,D0,0,None,0,None,False,0.6539199,0.3457704,0.00030880282,3.9541874e-07,2.6106088e-07,3.0788135e-07
31019,2025-12-02,1,D0,1,D0,1,D0,True,0.12285669,0.8432704,0.033871282,1.4427086e-06,2.1463141e-07,4.9333927e-08
31019,2025-12-09,1,D0,1,D0,1,D0,True,0.07395536,0.86054957,0.06549435,5.6530587e-07,1.1201454e-07,2.2793168e-08
31019,2025-12-16,1,D0,1,D0,1,D0,True,0.0479758,0.84673125,0.10529177,8.82561e-07,2.44322e-07,4.5023295e-08
31019,2025-12-23,1,D0,1,D0,1,D0,True,0.034887634,0.8400065,0.12510353,1.5878525e-06,5.983884e-07,8.955257e-08
31019,2025-12-30,1,D0,1,D0,1,D0,True,0.03139312,0.8406267,0.12797731,2.0156835e-06,7.608085e-07,8.992039e-08
31021,2022-01-04,0,None,0,None,0,None,True,0.73453754,0.2652683,0.00019200068,7.0940325e-07,7.9695343e-07,7.169815e-07
31021,2022-01-11,0,None,0,None,0,None,True,0.738791,0.26101434,0.0001923853,7.746479e-07,8.585479e-07,7.549567e-07
31021,2022-01-18,0,None,0,None,0,None,True,0.66863,0.33090055,0.00046589482,1.307291e-06,1.1966828e-06,1.0314437e-06
31021,2022-01-25,0,None,0,None,0,None,True,0.61842287,0.38082054,0.00075292133,1.6260703e-06,1.1193737e-06,1.0077077e-06
31021,2022-02-01,1,D0,1,D0,0,None,False,0.49609303,0.49928397,0.0046154005,4.1549556e-06,1.7571056e-06,1.5950394e-06
31021,2022-02-08,2,D1,1,D0,1,D0,False,0.11434155,0.84861135,0.037044473,1.7408021e-06,6.3107655e-07,2.8160198e-07
31021,2022-02-15,2,D1,1,D0,1,D0,False,0.055670135,0.8700969,0.07423131,9.210523e-07,4.728496e-07,2.2794295e-07
31021,2022-02-22,2,D1,1,D0,1,D0,False,0.045954015,0.85989434,0.094149366,1.1752901e-06,7.803954e-07,4.2684192e-07
31021,2022-03-01,2,D1,1,D0,1,D0,False,0.044951476,0.8525563,0.102490194,1.0644166e-06,6.447613e-07,4.545617e-07
31021,2022-03-08,2,D1,1,D0,1,D0,False,0.0507733,0.8589962,0.090229675,4.3787074e-07,1.8282594e-07,1.824652e-07
31021,2022-03-15,3,D2,1,D0,1,D0,False,0.055335544,0.86630374,0.078360364,2.0261524e-07,6.2781815e-08,1.2996307e-07
31021,2022-03-22,3,D2,1,D0,1,D0,False,0.06842637,0.84063715,0.09093611,2.1031724e-07,4.046321e-08,8.340461e-08
31021,2022-03-29,3,D2,1,D0,1,D0,False,0.07178225,0.8191625,0.10905487,2.911672e-07,3.6556912e-08,7.566746e-08
31021,2022-04-05,3,D2,1,D0,1,D0,False,0.080646,0.7915136,0.12783962,6.1075406e-07,4.898076e-08,1.0180845e-07
31021,2022-04-12,3,D2,1,D0,1,D0,False,0.05956339,0.77246225,0.1679731,1.1408468e-06,5.7169395e-08,5.7616685e-08
31021,2022-04-19,3,D2,1,D0,1,D0,False,0.030784087,0.7341088,0.23510106,5.8750124e-06,1.4501782e-07,4.3698495e-08
31021,2022-04-26,3,D2,1,D0,1,D0,False,0.02520242,0.6933233,0.28146082,1.3205051e-05,2.3409063e-07,3.4680575e-08
31021,2022-05-03,3,D2,1,D0,1,D0,False,0.16942772,0.5815684,0.2489886,1.4915043e-05,1.5255715e-07,1.8500782e-07
31021,2022-05-10,2,D1,1,D0,1,D0,False,0.12968582,0.5333888,0.33690447,2.0572168e-05,2.4442798e-07,1.09042155e-07
31021,2022-05-17,2,D1,1,D0,1,D0,False,0.06339146,0.545957,0.39058945,6.13059e-05,7.2120844e-07,5.523021e-08
31021,2022-05-24,2,D1,1,D0,1,D0,False,0.057436418,0.51360744,0.4287787,0.00017549848,1.887816e-06,8.07687e-08
31021,2022-05-31,2,D1,1,D0,1,D0,False,0.029433444,0.4937116,0.4756183,0.0012250826,1.14673585e-05,1.2234e-07
31021,2022-06-07,2,D1,2,D1,2,D1,True,0.01944549,0.44396746,0.53162056,0.004916667,4.96675e-05,1.2762408e-07
31021,2022-06-14,2,D1,2,D1,2,D1,True,0.010968205,0.37215444,0.60146886,0.015287431,0.000121047815,7.857828e-08
31021,2022-06-21,2,D1,2,D1,2,D1,True,0.010352928,0.3664874,0.59723735,0.025763048,0.00015927694,7.1127054e-08
31021,2022-06-28,2,D1,2,D1,2,D1,True,0.0038971023,0.28903928,0.5993787,0.107072845,0.00061196706,7.80675e-08
31021,2022-07-05,2,D1,2,D1,2,D1,True,0.003467834,0.25319552,0.5231946,0.21905386,0.001087948,2.0092459e-07
31021,2022-07-12,2,D1,2,D1,3,D2,False,0.004692522,0.2558674,0.4198022,0.31804326,0.0015942124,4.887847e-07
31021,2022-07-19,2,D1,2,D1,2,D1,True,0.011196087,0.3610759,0.45299995,0.1740018,0.00072487275,1.4426225e-06
31021,2022-07-26,2,D1,2,D1,3,D2,False,0.011184313,0.31786117,0.4088053,0.2605408,0.0016040864,4.336875e-06
31021,2022-08-02,3,D2,2,D1,2,D1,False,0.026462551,0.37431714,0.391924,0.20602445,0.0012557429,1.6035608e-05
31021,2022-08-09,3,D2,2,D1,3,D2,True,0.019681234,0.3387477,0.35423285,0.28369135,0.0035991245,4.7699792e-05
31021,2022-08-16,3,D2,3,D2,3,D2,True,0.01705584,0.2832463,0.3152013,0.36580887,0.018251916,0.00043569595
31021,2022-08-23,3,D2,1,D0,1,D0,False,0.03729735,0.4691775,0.30169368,0.16522877,0.023603428,0.0029992254
31021,2022-08-30,3,D2,4,D3,3,D2,True,0.007393118,0.08439331,0.10570914,0.36793947,0.40215093,0.032414015
31021,2022-09-06,3,D2,5,D4,4,D3,False,7.002539e-05,0.00043705263,0.000645723,0.006429441,0.45757243,0.53484535
31021,2022-09-13,3,D2,5,D4,5,D4,False,1.8024967e-06,1.0186384e-05,1.02710665e-05,6.9710564e-05,0.19901665,0.80089134
31021,2022-09-20,3,D2,5,D4,5,D4,False,1.8129184e-06,9.253642e-06,8.004008e-06,4.097882e-05,0.14335796,0.8565819
31021,2022-09-27,3,D2,5,D4,5,D4,False,5.318949e-07,3.0087347e-06,3.2840096e-06,2.1266495e-05,0.12697054,0.87300134
31021,2022-10-04,3,D2,5,D4,5,D4,False,5.2570616e-08,3.165508e-07,4.2659897e-07,3.702634e-06,0.11388082,0.8861147
31021,2022-10-11,3,D2,5,D4,5,D4,False,6.4706434e-08,3.6588278e-07,3.8732406e-07,1.4225088e-06,0.07913357,0.9208642
31021,2022-10-18,4,D3,5,D4,5,D4,False,1.1629852e-08,9.36514e-08,1.2644453e-07,2.8719603e-07,0.05788687,0.94211257
31021,2022-10-25,4,D3,5,D4,5,D4,False,4.421838e-09,4.5138204e-08,7.677946e-08,1.1047451e-07,0.042333275,0.9576665
31021,2022-11-01,4,D3,5,D4,5,D4,False,1.239266e-08,9.676874e-08,1.2513051e-07,1.3890131e-07,0.037290428,0.9627092
31021,2022-11-08,4,D3,5,D4,5,D4,False,2.249823e-08,1.6887667e-07,2.5065594e-07,2.8459598e-07,0.0368993,0.96310014
31021,2022-11-15,4,D3,5,D4,5,D4,False,2.407368e-08,1.8388627e-07,3.4053502e-07,3.4961042e-07,0.036136124,0.96386296
31021,2022-11-22,4,D3,5,D4,5,D4,False,1.627686e-08,1.5933104e-07,4.5399364e-07,9.0038407e-07,0.048096795,0.9519017
31021,2022-11-29,4,D3,5,D4,5,D4,False,2.272774e-08,2.148482e-07,5.427441e-07,7.237579e-07,0.042288963,0.9577096
31021,2022-12-06,4,D3,5,D4,5,D4,False,1.7196843e-08,2.077272e-07,4.93832e-07,5.453865e-07,0.043340966,0.9566577
31021,2022-12-13,4,D3,5,D4,5,D4,False,6.5864604e-08,5.2980994e-07,1.1315628e-06,1.0221493e-06,0.04139145,0.9586057
31021,2022-12-20,4,D3,5,D4,5,D4,False,2.5217514e-07,1.447124e-06,2.8207057e-06,2.3798277e-06,0.045693632,0.95429945
31021,2022-12-27,4,D3,5,D4,5,D4,False,5.709161e-07,3.1256584e-06,4.5806437e-06,2.603633e-06,0.05933566,0.94065344
31021,2023-01-03,4,D3,5,D4,5,D4,False,2.941442e-06,1.07731075e-05,1.1929326e-05,6.0944494e-06,0.10022625,0.899742
31021,2023-01-10,4,D3,5,D4,5,D4,False,1.6589296e-05,3.5520683e-05,4.2458145e-05,7.9189755e-05,0.22192052,0.77790564
31021,2023-01-17,4,D3,5,D4,4,D3,True,6.7081983e-06,1.8323051e-05,2.0677902e-05,0.00013696011,0.37270775,0.6271096
31021,2023-01-24,4,D3,5,D4,4,D3,True,6.349141e-05,9.3732364e-05,9.644644e-05,0.0009405516,0.4371895,0.56161624
31021,2023-01-31,4,D3,5,D4,4,D3,True,7.0749156e-05,0.00013090318,0.00013811662,0.001174177,0.43938375,0.55910224
31021,2023-02-07,4,D3,5,D4,4,D3,True,7.85748e-06,3.266693e-05,3.7898313e-05,0.00033554566,0.43797103,0.56161505
31021,2023-02-14,4,D3,5,D4,4,D3,True,4.6984064e-06,2.169331e-05,2.8047936e-05,0.0002643308,0.4370173,0.562664
31021,2023-02-21,4,D3,5,D4,4,D3,True,1.400865e-06,7.9576075e-06,1.093198e-05,0.000118352276,0.4351547,0.5647067
31021,2023-02-28,4,D3,5,D4,4,D3,True,1.0782264e-06,6.0529446e-06,8.861779e-06,0.00010921636,0.4336231,0.56625164
31021,2023-03-07,4,D3,5,D4,4,D3,True,6.5593173e-07,3.860227e-06,6.0098214e-06,8.532523e-05,0.4299549,0.5699492
31021,2023-03-14,4,D3,5,D4,4,D3,True,1.6355069e-06,7.5835446e-06,1.2363675e-05,0.00018608524,0.42442122,0.5753711
31021,2023-03-21,4,D3,5,D4,4,D3,True,3.569585e-07,2.3735504e-06,4.2142324e-06,6.278292e-05,0.4141583,0.5857719
31021,2023-03-28,4,D3,5,D4,4,D3,True,2.1900452e-07,1.413431e-06,2.8763984e-06,5.048249e-05,0.40314865,0.5967963
31021,2023-04-04,4,D3,5,D4,4,D3,True,1.11431504e-07,8.12534e-07,2.0168527e-06,3.5430017e-05,0.3882988,0.6116629
31021,2023-04-11,4,D3,5,D4,4,D3,True,3.1546495e-08,2.5816306e-07,1.1625701e-06,3.05948e-05,0.3820443,0.6179236
31021,2023-04-18,4,D3,5,D4,4,D3,True,1.500623e-08,1.3885517e-07,1.228255e-06,3.6658905e-05,0.3687954,0.6311666
31021,2023-04-25,4,D3,5,D4,4,D3,True,3.9946046e-09,3.82784e-08,9.566132e-07,5.3755808e-05,0.35893467,0.6410106
31021,2023-05-02,4,D3,5,D4,4,D3,True,2.2315245e-09,2.1658657e-08,1.1487513e-06,0.00014288563,0.39802185,0.6018341
31021,2023-05-09,4,D3,5,D4,4,D3,True,1.8034044e-08,1.0969525e-07,6.67828e-06,0.0010104434,0.42238536,0.57659745
31021,2023-05-16,3,D2,4,D3,4,D3,False,0.00016887943,0.00014731912,0.0072072404,0.29580593,0.49857652,0.19809408
31021,2023-05-23,3,D2,4,D3,3,D2,True,0.00024694367,0.00028615168,0.0154048,0.35117453,0.4713327,0.16155484
31021,2023-05-30,3,D2,4,D3,3,D2,True,0.00021096898,0.00048536193,0.024230246,0.3844755,0.47575957,0.1148383
31021,2023-06-06,4,D3,4,D3,3,D2,False,0.0010423079,0.0032816571,0.07720991,0.42981195,0.43264806,0.056006186
31021,2023-06-13,4,D3,3,D2,3,D2,False,0.00022192394,0.003966611,0.10018682,0.46561152,0.41853532,0.011477776
31021,2023-06-20,4,D3,3,D2,3,D2,False,0.00012298138,0.006394975,0.16316351,0.47273633,0.35569936,0.0018827218
31021,2023-06-27,4,D3,3,D2,3,D2,False,0.00011265625,0.008350567,0.19993578,0.47200942,0.31889528,0.00069631485
31021,2023-07-04,4,D3,3,D2,3,D2,False,0.00026424797,0.012533172,0.22124365,0.46905416,0.2963106,0.00059419754
31021,2023-07-11,4,D3,3,D2,3,D2,False,0.00024866316,0.014988443,0.23822844,0.47319934,0.2731503,0.00018486878
31021,2023-07-18,4,D3,3,D2,3,D2,False,0.00023178442,0.016180737,0.2449211,0.4757802,0.26278758,9.869135e-05
31021,2023-07-25,4,D3,3,D2,3,D2,False,0.00019198189,0.016741173,0.2521897,0.48183468,0.24899995,4.2469397e-05
31021,2023-08-01,4,D3,3,D2,3,D2,False,0.0001745221,0.018681187,0.2528597,0.48270229,0.24555492,2.7374537e-05
31021,2023-08-08,3,D2,3,D2,3,D2,True,0.00021810386,0.021746298,0.25893128,0.47902477,0.24005516,2.4398638e-05
31021,2023-08-15,3,D2,3,D2,3,D2,True,0.0001814974,0.022289729,0.26033413,0.48100808,0.2361689,1.7587974e-05
31021,2023-08-22,3,D2,3,D2,3,D2,True,0.00018330014,0.024280556,0.26218262,0.4806455,0.23269351,1.4496937e-05
31021,2023-08-29,3,D2,3,D2,3,D2,True,0.00023505314,0.029524338,0.26391494,0.47524744,0.23106103,1.722649e-05
31021,2023-09-05,3,D2,3,D2,3,D2,True,0.00025755307,0.03849173,0.26883176,0.4750962,0.21730873,1.4085449e-05
31021,2023-09-12,3,D2,3,D2,3,D2,True,0.00038813835,0.05382212,0.27775908,0.47086623,0.19714813,1.630128e-05
31021,2023-09-19,3,D2,3,D2,3,D2,True,0.0007929245,0.08062127,0.28599674,0.45899555,0.17357671,1.6853533e-05
31021,2023-09-26,3,D2,3,D2,3,D2,True,0.0021548835,0.12791419,0.2883024,0.42716122,0.15443966,2.7729e-05
31021,2023-10-03,3,D2,3,D2,3,D2,True,0.0034687833,0.16181445,0.28810367,0.39857265,0.14800155,3.8873564e-05
31021,2023-10-10,3,D2,3,D2,3,D2,True,0.003202251,0.18453708,0.2902878,0.37492526,0.14701076,3.6724527e-05
31021,2023-10-17,3,D2,3,D2,3,D2,True,0.008546859,0.21773851,0.27998492,0.34979883,0.14380814,0.0001227849
31021,2023-10-24,3,D2,3,D2,3,D2,True,0.0069936938,0.23197755,0.2821966,0.33308867,0.14564592,9.7580276e-05
31021,2023-10-31,3,D2,3,D2,3,D2,True,0.007042391,0.24090998,0.2818711,0.32217982,0.14788403,0.00011272517
31021,2023-11-07,3,D2,3,D2,3,D2,True,0.006790339,0.24466679,0.2821294,0.31326756,0.15302342,0.00012247993
31021,2023-11-14,3,D2,3,D2,3,D2,True,0.0037953567,0.2479524,0.29023707,0.30220568,0.1557447,6.483412e-05
31021,2023-11-21,3,D2,3,D2,3,D2,True,0.0040867706,0.25219572,0.28906918,0.29333818,0.16122708,8.308714e-05
31021,2023-11-28,3,D2,3,D2,3,D2,True,0.003756334,0.2527944,0.2904901,0.29284412,0.16004305,7.194136e-05
31021,2023-12-05,3,D2,3,D2,3,D2,True,0.0038416658,0.25344682,0.29112548,0.292196,0.15931818,7.187448e-05
31021,2023-12-12,3,D2,2,D1,3,D2,True,0.0034902703,0.25556788,0.29257265,0.28298247,0.16531213,7.45575e-05
31021,2023-12-19,3,D2,2,D1,3,D2,True,0.0034439038,0.25572672,0.29283553,0.28004515,0.16787279,7.5863376e-05
31021,2023-12-26,3,D2,2,D1,3,D2,True,0.004706512,0.25147274,0.29202855,0.2870107,0.16467705,0.00010441561
31021,2024-01-02,3,D2,2,D1,3,D2,True,0.0051221442,0.24983883,0.29253626,0.29075468,0.16164544,0.000102702565
31021,2024-01-09,3,D2,2,D1,3,D2,True,0.005349462,0.25037193,0.29302406,0.28881285,0.16233379,0.00010787512
31021,2024-01-16,2,D1,2,D1,3,D2,False,0.005654932,0.2498397,0.29464757,0.28832626,0.16141787,0.0001137169
31021,2024-01-23,2,D1,2,D1,3,D2,False,0.0047420734,0.25584725,0.29846624,0.2717477,0.1690827,0.00011404123
31021,2024-01-30,2,D1,2,D1,3,D2,False,0.004721194,0.25879702,0.29961866,0.26533812,0.17141011,0.00011492414
31021,2024-02-06,2,D1,2,D1,3,D2,False,0.004811848,0.25849432,0.29927582,0.26752448,0.16977976,0.00011377181
31021,2024-02-13,2,D1,2,D1,3,D2,False,0.0045185196,0.26012513,0.29895157,0.26626584,0.17003237,0.00010654228
31021,2024-02-20,2,D1,2,D1,3,D2,False,0.003569345,0.26390025,0.30057156,0.2564398,0.17542374,9.5292424e-05
31021,2024-02-27,2,D1,2,D1,3,D2,False,0.0034280044,0.26176414,0.29795775,0.2638578,0.17290455,8.773196e-05
31021,2024-03-05,2,D1,2,D1,3,D2,False,0.0024750913,0.26088527,0.30393812,0.25028604,0.1823342,8.120636e-05
31021,2024-03-12,2,D1,2,D1,3,D2,False,0.0022702944,0.25484663,0.30435547,0.25684094,0.18160903,7.7630175e-05
31021,2024-03-19,2,D1,2,D1,3,D2,False,0.0023116255,0.24953344,0.3021272,0.2717038,0.17425665,6.731921e-05
31021,2024-03-26,1,D0,2,D1,3,D2,False,0.0028199884,0.24319184,0.30092388,0.28904316,0.16396125,5.9830498e-05
31021,2024-04-02,1,D0,2,D1,3,D2,False,0.0032674593,0.23679912,0.30099854,0.30018562,0.1586904,5.8855585e-05
31021,2024-04-09,1,D0,2,D1,3,D2,False,0.00210339,0.21836811,0.30859035,0.30729875,0.16358241,5.695273e-05
31021,2024-04-16,1,D0,2,D1,3,D2,False,0.001709636,0.20573363,0.31374297,0.3123536,0.16640174,5.8367674e-05
31021,2024-04-23,1,D0,2,D1,3,D2,False,0.0014862869,0.19269595,0.31976047,0.3176059,0.1683979,5.339554e-05
31021,2024-04-30,0,None,2,D1,3,D2,False,0.005081904,0.18305784,0.3207049,0.31271923,0.1782753,0.00016078242
31021,2024-05-07,0,None,0,None,0,None,True,0.8298548,0.16769107,0.0014967337,0.00058304804,0.00030719448,6.714065e-05
31021,2024-05-14,0,None,0,None,0,None,True,0.88432854,0.11551733,0.00014216053,8.230519e-06,3.103718e-06,6.428867e-07
31021,2024-05-21,0,None,0,None,0,None,True,0.8893942,0.11053637,6.743806e-05,1.4354729e-06,4.711007e-07,1.16620726e-07
31021,2024-05-28,0,None,0,None,0,None,True,0.8720065,0.12790257,9.013159e-05,7.3399343e-07,1.4432143e-07,5.51956e-08
31021,2024-06-04,0,None,0,None,0,None,True,0.84707165,0.15283562,9.2137736e-05,4.974265e-07,1.197477e-07,5.683859e-08
31021,2024-06-11,0,None,0,None,0,None,True,0.82459474,0.1752831,0.00012159101,4.061695e-07,7.733863e-08,4.6731525e-08
31021,2024-06-18,0,None,0,None,0,None,True,0.7967941,0.20304817,0.00015724685,3.4586355e-07,5.631032e-08,4.5363276e-08
31021,2024-06-25,0,None,0,None,0,None,True,0.8193091,0.18058059,0.000109809254,3.466077e-07,5.647869e-08,3.1721648e-08
31021,2024-07-02,0,None,0,None,0,None,True,0.81274414,0.18716803,8.726134e-05,3.785227e-07,9.4081145e-08,4.8296176e-08
31021,2024-07-09,0,None,0,None,0,None,True,0.78607756,0.21384427,7.764683e-05,3.2562386e-07,7.5892956e-08,4.215596e-08
31021,2024-07-16,0,None,0,None,0,None,True,0.79985875,0.2000988,4.232424e-05,1.5229172e-07,4.0025434e-08,2.1845834e-08
31021,2024-07-23,0,None,0,None,0,None,True,0.7216098,0.27832636,6.354394e-05,1.9295341e-07,5.76746e-08,4.6026507e-08
31021,2024-07-30,0,None,0,None,0,None,True,0.65187895,0.348031,8.959651e-05,2.110796e-07,7.779014e-08,9.809851e-08
31021,2024-08-06,0,None,0,None,0,None,True,0.5530813,0.44642034,0.0004963718,1.3200118e-06,2.491594e-07,4.3725498e-07
31021,2024-08-13,0,None,0,None,0,None,True,0.59130245,0.4084844,0.00021178294,6.342846e-07,2.559608e-07,4.5861296e-07
31021,2024-08-20,1,D0,0,None,0,None,False,0.6247084,0.3752161,7.48502e-05,1.8750367e-07,1.5704272e-07,2.6824665e-07
31021,2024-08-27,1,D0,1,D0,1,D0,True,0.18455419,0.79926986,0.016175658,2.4243093e-07,7.031849e-09,6.0011605e-09
31021,2024-09-03,1,D0,1,D0,1,D0,True,0.092195295,0.83276063,0.07504337,7.178029e-07,5.7407585e-09,2.1764415e-09
31021,2024-09-10,1,D0,1,D0,1,D0,True,0.066054724,0.75764847,0.1762907,6.0346692e-06,4.0944176e-08,1.0166144e-08
31021,2024-09-17,2,D1,1,D0,1,D0,False,0.04176307,0.66173184,0.29636207,0.00014214711,8.23288e-07,6.497813e-08
31021,2024-09-24,2,D1,1,D0,1,D0,False,0.027185638,0.5514261,0.4163972,0.0049269213,6.212308e-05,1.9440818e-06
31021,2024-10-01,3,D2,2,D1,2,D1,False,0.021958388,0.40742812,0.5132596,0.044941686,0.011958295,0.00045392138
31021,2024-10-08,3,D2,4,D3,4,D3,False,0.0075493776,0.04426285,0.08063748,0.037114836,0.44243756,0.3879979
31021,2024-10-15,3,D2,5,D4,4,D3,False,0.0009418187,0.0034375356,0.0062080314,0.0050668675,0.33469972,0.64964604
31021,2024-10-22,3,D2,5,D4,5,D4,False,0.0001410712,0.0004983193,0.000875445,0.0008322098,0.27355647,0.7240964
31021,2024-10-29,3,D2,5,D4,5,D4,False,0.0001189384,0.0004989228,0.0006646576,0.00026937563,0.24111839,0.7573297
31021,2024-11-05,3,D2,5,D4,5,D4,False,0.0006063835,0.0018598981,0.0018040214,0.00039487885,0.22350405,0.7718307
31021,2024-11-12,3,D2,5,D4,5,D4,False,0.07570792,0.11119241,0.079281606,0.004265241,0.1706247,0.5589281
31021,2024-11-19,2,D1,5,D4,1,D0,False,0.18155277,0.25136077,0.20287497,0.0047124475,0.089063734,0.2704354
31021,2024-11-26,2,D1,1,D0,2,D1,True,0.23584837,0.30549526,0.30088183,0.0039728703,0.041840166,0.1119615
31021,2024-12-03,2,D1,2,D1,2,D1,True,0.18002896,0.29194593,0.3319488,0.003630554,0.048610877,0.14383493
31021,2024-12-10,2,D1,5,D4,2,D1,True,0.079555705,0.21198928,0.2864232,0.002837634,0.09234378,0.3268504
31021,2024-12-17,2,D1,5,D4,5,D4,False,0.0023209008,0.018039187,0.020911476,0.00021291527,0.20389092,0.7546246
31021,2024-12-24,2,D1,5,D4,5,D4,False,0.0032215023,0.0246685,0.024738576,0.00019385012,0.19877584,0.7484017
31021,2024-12-31,2,D1,5,D4,5,D4,False,0.0048563685,0.03314345,0.03089233,0.0002011504,0.19160411,0.73930264
31021,2025-01-07,2,D1,5,D4,5,D4,False,0.009995146,0.05659715,0.053758215,0.0003197437,0.17677443,0.7025553
31021,2025-01-14,2,D1,5,D4,5,D4,False,0.004860442,0.0346449,0.031036962,0.00016430969,0.18626203,0.7430313
31021,2025-01-21,2,D1,5,D4,5,D4,False,0.003038769,0.027313355,0.021873364,9.0101756e-05,0.1873905,0.7602939
31021,2025-01-28,2,D1,5,D4,5,D4,False,0.0015783488,0.016883716,0.01300189,4.8611557e-05,0.1862009,0.78228664
31021,2025-02-04,2,D1,5,D4,5,D4,False,0.0011247089,0.012537787,0.008913482,2.990201e-05,0.18348914,0.79390496
31021,2025-02-11,2,D1,5,D4,5,D4,False,0.0008520042,0.009656491,0.006568934,2.2179296e-05,0.18225907,0.8006413
31021,2025-02-18,2,D1,5,D4,5,D4,False,0.0018928278,0.016823659,0.010462249,3.2532735e-05,0.1770617,0.79372704
31021,2025-02-25,2,D1,5,D4,5,D4,False,0.0031427648,0.021857947,0.015264121,5.9022535e-05,0.17724581,0.78243035
31021,2025-03-04,2,D1,5,D4,5,D4,False,0.001602365,0.013731856,0.010304078,4.3723976e-05,0.18421268,0.7901053
31021,2025-03-11,2,D1,5,D4,5,D4,False,0.0027848193,0.02172144,0.017941445,7.850753e-05,0.18474232,0.77273154
31021,2025-03-18,2,D1,5,D4,5,D4,False,0.0013892301,0.012193841,0.011807213,6.270835e-05,0.18636063,0.78818643
31021,2025-03-25,1,D0,5,D4,5,D4,False,0.00075075036,0.006898513,0.007401737,4.634102e-05,0.18652259,0.7983801
31021,2025-04-01,1,D0,5,D4,5,D4,False,0.001737444,0.012860042,0.013956035,8.814083e-05,0.18281662,0.7885417
31021,2025-04-08,1,D0,5,D4,5,D4,False,0.0037156013,0.021526271,0.031282343,0.00026225345,0.18215853,0.76105493
31021,2025-04-15,1,D0,5,D4,5,D4,False,0.0014690518,0.010537453,0.020216556,0.0002257645,0.20228708,0.76526403
31021,2025-04-22,1,D0,5,D4,5,D4,False,0.0027009079,0.017875386,0.036689382,0.00040979157,0.21931997,0.7230045
31021,2025-04-29,1,D0,5,D4,2,D1,False,0.04528632,0.17369477,0.33055097,0.0019599772,0.117162414,0.33134553
31021,2025-05-06,1,D0,2,D1,2,D1,False,0.031394333,0.17661345,0.40759692,0.0019180077,0.10099284,0.2814844
31021,2025-05-13,2,D1,2,D1,2,D1,True,0.045222737,0.24559386,0.59247214,0.0020916974,0.03509031,0.07952919
31021,2025-05-20,1,D0,2,D1,2,D1,False,0.13832572,0.3665451,0.49237323,0.0008565209,0.0012256618,0.00067373255
31021,2025-05-27,1,D0,2,D1,2,D1,False,0.14550082,0.4051928,0.4482802,0.00072282844,0.00026353972,3.981649e-05
31021,2025-06-03,1,D0,2,D1,2,D1,False,0.042219132,0.3354389,0.61455405,0.006868184,0.0009096103,1.011322e-05
31021,2025-06-10,1,D0,2,D1,2,D1,False,0.0039641988,0.13620707,0.6467509,0.20568585,0.0073898686,2.0275318e-06
31021,2025-06-17,1,D0,2,D1,3,D2,False,0.00052289956,0.06065842,0.5368947,0.38118353,0.020739947,5.1133463e-07
31021,2025-06-24,1,D0,3,D2,3,D2,False,0.00011632976,0.03113903,0.41724035,0.49282965,0.058674138,5.142103e-07
31021,2025-07-01,0,None,3,D2,3,D2,False,0.00017869659,0.02706335,0.3815693,0.50408375,0.08710425,6.194088e-07
31021,2025-07-08,0,None,0,None,0,None,True,0.7517719,0.22964999,0.009809349,0.0066307923,0.0021285543,9.487832e-06
31021,2025-07-15,0,None,0,None,0,None,True,0.85224026,0.14619203,0.0009154837,0.00041315868,0.00023795337,1.1455857e-06
31021,2025-07-22,0,None,0,None,0,None,True,0.8741105,0.1253392,0.00033697998,0.00012550187,8.724406e-05,5.4878296e-07
31021,2025-07-29,0,None,0,None,0,None,True,0.85112464,0.1482039,0.0003889203,0.0001484532,0.00013262713,1.4616668e-06
31021,2025-08-05,0,None,0,None,0,None,True,0.8235919,0.17561658,0.00042295127,0.00018183701,0.00018388571,2.8208542e-06
31021,2025-08-12,0,None,0,None,0,None,True,0.80979204,0.18963373,0.00030854094,0.00012286582,0.00013735934,5.464159e-06
31021,2025-08-19,0,None,0,None,0,None,True,0.71338654,0.28624192,0.0002570251,5.7345784e-05,5.0163955e-05,7.049257e-06
31021,2025-08-26,0,None,0,None,0,None,True,0.7158023,0.28388312,0.00024659297,3.207353e-05,3.0165142e-05,5.6753797e-06
31021,2025-09-02,0,None,0,None,0,None,True,0.7631707,0.2367148,9.556315e-05,8.041512e-06,8.956158e-06,1.940255e-06
31021,2025-09-09,0,None,0,None,0,None,True,0.8018835,0.19806966,4.2988457e-05,1.5282736e-06,1.7168067e-06,4.8396276e-07
31021,2025-09-16,0,None,0,None,0,None,True,0.78131425,0.21864809,3.5553607e-05,8.1064644e-07,8.6868783e-07,3.7835932e-07
31021,2025-09-23,0,None,0,None,0,None,True,0.85079604,0.14919601,7.953599e-06,3.7129215e-08,3.6891464e-08,1.7185172e-08
31021,2025-09-30,0,None,0,None,0,None,True,0.8249685,0.17502156,9.9592735e-06,1.8660794e-08,1.5672805e-08,1.1797938e-08
31021,2025-10-07,0,None,0,None,0,None,True,0.7948157,0.20516598,1.8261699e-05,1.7991843e-08,1.4396368e-08,1.4595241e-08
31021,2025-10-14,0,None,0,None,0,None,True,0.81901634,0.1809687,1.4927646e-05,1.1250663e-08,1.1155319e-08,1.0177978e-08
31021,2025-10-21,0,None,0,None,0,None,True,0.7305488,0.2693543,9.674054e-05,5.491162e-08,3.4003115e-08,4.3608516e-08
31021,2025-10-28,0,None,0,None,0,None,True,0.7017558,0.29810572,0.00013817553,1.0814047e-07,7.483045e-08,9.527084e-08
31021,2025-11-04,0,None,0,None,0,None,True,0.6452833,0.35440743,0.00030861786,2.6166725e-07,1.521908e-07,1.9501992e-07
31021,2025-11-11,0,None,0,None,0,None,True,0.62836564,0.37122467,0.00040882957,3.783273e-07,2.0187407e-07,2.5496257e-07
31021,2025-11-18,0,None,0,None,0,None,True,0.63238066,0.36723608,0.00038215946,4.9635594e-07,3.08648e-07,3.538727e-07
31021,2025-11-25,0,None,0,None,0,None,True,0.6747522,0.32503906,0.00020775863,3.5736326e-07,3.0007376e-07,3.3819927e-07
31021,2025-12-02,0,None,0,None,0,None,True,0.6571144,0.3425212,0.00036316647,5.349617e-07,3.815033e-07,3.6169988e-07
31021,2025-12-09,0,None,0,None,0,None,True,0.68015206,0.3195485,0.00029833193,4.5506172e-07,3.6004866e-07,3.1618873e-07
31021,2025-12-16,0,None,0,None,0,None,True,0.69713044,0.30257526,0.0002930078,5.242325e-07,3.8686198e-07,3.1172692e-07
31021,2025-12-23,0,None,0,None,0,None,True,0.6542639,0.34521207,0.00052196125,9.881039e-07,5.949623e-07,4.5046903e-07
31021,2025-12-30,0,None,0,None,0,None,True,0.6399605,0.35953245,0.00050508743,9.325464e-07,5.0711236e-07,3.7905085e-07
31023,2022-01-04,0,None,0,None,0,None,True,0.73196894,0.26783812,0.00019066317,7.1318703e-07,8.0722083e-07,7.213137e-07
31023,2022-01-11,0,None,0,None,0,None,True,0.73623,0.26357642,0.00019109777,7.8553313e-07,8.821238e-07,7.7116425e-07
31023,2022-01-18,0,None,0,None,0,None,True,0.7430363,0.25678492,0.00017652336,7.475952e-07,8.1688233e-07,7.0486453e-07
31023,2022-01-25,1,D0,0,None,0,None,False,0.7213125,0.27847865,0.00020650827,8.399198e-07,7.62144e-07,6.8068226e-07
31023,2022-02-01,1,D0,1,D0,1,D0,True,0.123092405,0.84697014,0.029933872,2.3144883e-06,9.714402e-07,3.2843582e-07
31023,2022-02-08,2,D1,1,D0,1,D0,False,0.055584416,0.8747288,0.06968501,9.917571e-07,5.1634e-07,2.0264915e-07
31023,2022-02-15,2,D1,1,D0,1,D0,False,0.046831302,0.8589794,0.09418683,1.2734408e-06,8.066794e-07,3.768849e-07
31023,2022-02-22,2,D1,1,D0,1,D0,False,0.045510862,0.85608464,0.098401755,1.3735947e-06,9.439021e-07,5.1302726e-07
31023,2022-03-01,2,D1,1,D0,1,D0,False,0.046505384,0.85151976,0.10197258,1.1497054e-06,6.626906e-07,4.7366686e-07
31023,2022-03-08,2,D1,1,D0,1,D0,False,0.054044154,0.8593923,0.0865628,4.410313e-07,1.7785692e-07,1.9292274e-07
31023,2022-03-15,3,D2,1,D0,1,D0,False,0.059239745,0.8682086,0.07255134,1.7004199e-07,5.4905964e-08,1.5054388e-07
31023,2022-03-22,3,D2,1,D0,1,D0,False,0.07398612,0.8445976,0.081416026,1.6227037e-07,3.3846366e-08,9.73462e-08
31023,2022-03-29,3,D2,1,D0,1,D0,False,0.076970614,0.82734317,0.09568588,2.1382759e-07,3.101609e-08,8.961153e-08
31023,2022-04-05,3,D2,1,D0,1,D0,False,0.0868821,0.8049617,0.108155705,3.6635618e-07,3.6745192e-08,1.1664841e-07
31023,2022-04-12,3,D2,1,D0,1,D0,False,0.066787645,0.7923162,0.14089543,6.5378015e-07,4.4053653e-08,7.6404724e-08
31023,2022-04-19,3,D2,1,D0,1,D0,False,0.036020853,0.7567559,0.20721953,3.4873597e-06,1.0933596e-07,5.9103513e-08
31023,2022-04-26,3,D2,1,D0,1,D0,False,0.028834347,0.71708035,0.25407675,8.308165e-06,1.9212557e-07,4.97018e-08
31023,2022-05-03,2,D1,1,D0,1,D0,False,0.18697582,0.59313786,0.21987616,9.780639e-06,1.2381962e-07,3.0272187e-07
31023,2022-05-10,2,D1,1,D0,1,D0,False,0.13910888,0.5290638,0.33181047,1.638438e-05,2.3163018e-07,1.9647253e-07
31023,2022-05-17,2,D1,1,D0,1,D0,False,0.060405456,0.54170215,0.39782134,7.0080336e-05,9.2392827e-07,7.948222e-08
31023,2022-05-24,2,D1,1,D0,1,D0,False,0.053400498,0.502738,0.4436116,0.00024695203,2.7549067e-06,1.0567577e-07
31023,2022-05-31,2,D1,1,D0,1,D0,False,0.03157206,0.49060145,0.47638553,0.0014260096,1.4649746e-05,1.9021273e-07
31023,2022-06-07,2,D1,2,D1,2,D1,True,0.023204902,0.4556387,0.5168512,0.004259007,4.607912e-05,1.9158504e-07
31023,2022-06-14,1,D0,2,D1,2,D1,False,0.018290626,0.4506579,0.5235582,0.0074246814,6.837504e-05,2.2077005e-07
31023,2022-06-21,0,None,2,D1,2,D1,False,0.016607324,0.42032996,0.54945904,0.013490039,0.00011346304,1.3687671e-07
31023,2022-06-28,0,None,0,None,0,None,True,0.53103036,0.43131962,0.0367321,0.00088448386,2.8284121e-05,5.109794e-06
31023,2022-07-05,0,None,0,None,0,None,True,0.5551199,0.43789452,0.006787947,0.00018503272,9.010925e-06,3.6183546e-06
31023,2022-07-12,0,None,0,None,0,None,True,0.5785212,0.41590515,0.005335653,0.00022981835,6.4280375e-06,1.8580291e-06
31023,2022-07-19,0,None,0,None,0,None,True,0.5190684,0.474844,0.0059554414,0.00012933214,1.7987885e-06,9.63943e-07
31023,2022-07-26,1,D0,0,None,0,None,False,0.5013391,0.49376473,0.0047664507,0.00012696059,1.5653395e-06,1.2709905e-06
31023,2022-08-02,1,D0,1,D0,1,D0,True,0.28600004,0.6725513,0.04129583,0.00015214493,4.4523094e-07,3.2179622e-07
31023,2022-08-09,2,D1,1,D0,1,D0,False,0.10603553,0.77189523,0.12155064,0.00051684055,1.4087015e-06,3.1453905e-07
31023,2022-08-16,2,D1,1,D0,1,D0,False,0.074213736,0.7227718,0.19831501,0.0046752538,2.153151e-05,2.6596122e-06
31023,2022-08-23,2,D1,1,D0,1,D0,False,0.05767831,0.55192286,0.30295745,0.08686361,0.00055120664,2.6627084e-05
31023,2022-08-30,2,D1,1,D0,3,D2,False,0.034548834,0.40644273,0.27868593,0.2653445,0.014367921,0.0006100601
31023,2022-09-06,2,D1,4,D3,3,D2,False,0.0054727336,0.049555846,0.085276805,0.3750985,0.39383757,0.09075857
31023,2022-09-13,2,D1,5,D4,5,D4,False,8.392032e-05,0.00036655343,0.00051434187,0.008677259,0.28355393,0.70680404
31023,2022-09-20,3,D2,5,D4,5,D4,False,7.06012e-05,0.00032291678,0.00024881665,0.0009665138,0.1372242,0.8611669
31023,2022-09-27,3,D2,5,D4,5,D4,False,1.8721244e-05,0.000106693784,8.9226276e-05,0.00020200691,0.08960751,0.90997577
31023,2022-10-04,3,D2,5,D4,5,D4,False,1.3541004e-06,9.010532e-06,8.0242435e-06,1.4265675e-05,0.06458917,0.9353782
31023,2022-10-11,3,D2,5,D4,5,D4,False,1.1762554e-06,7.0273827e-06,5.577539e-06,5.6364006e-06,0.047350727,0.95262975
31023,2022-10-18,3,D2,5,D4,5,D4,False,1.1961987e-07,8.2914346e-07,9.3196974e-07,9.87717e-07,0.044552166,0.95544493
31023,2022-10-25,3,D2,5,D4,5,D4,False,1.6534072e-08,1.5124058e-07,2.3211739e-07,2.411345e-07,0.041006655,0.9589928
31023,2022-11-01,3,D2,5,D4,5,D4,False,3.15436e-08,2.3540068e-07,2.867774e-07,2.3436222e-07,0.03813666,0.9618625
31023,2022-11-08,4,D3,5,D4,5,D4,False,6.1477465e-08,4.2889567e-07,5.7784115e-07,5.135804e-07,0.039440766,0.9605577
31023,2022-11-15,4,D3,5,D4,5,D4,False,8.0341565e-08,5.33943e-07,8.2603884e-07,7.3408904e-07,0.042078238,0.9579196
31023,2022-11-22,4,D3,5,D4,5,D4,False,5.6994278e-08,4.980356e-07,1.1773386e-06,1.7611037e-06,0.053340115,0.94665635
31023,2022-11-29,4,D3,5,D4,5,D4,False,9.283111e-08,7.796551e-07,1.5448807e-06,1.4304841e-06,0.046422735,0.9535734
31023,2022-12-06,4,D3,5,D4,5,D4,False,7.553805e-08,8.2565805e-07,1.5394606e-06,1.0733443e-06,0.045718312,0.9542783
31023,2022-12-13,4,D3,5,D4,5,D4,False,3.423318e-07,2.4764638e-06,4.247501e-06,2.5531797e-06,0.044117,0.95587337
31023,2022-12-20,4,D3,5,D4,5,D4,False,1.9189342e-06,8.971553e-06,1.3495011e-05,7.445173e-06,0.050104488,0.9498637
31023,2022-12-27,4,D3,5,D4,5,D4,False,5.7952507e-06,2.5372721e-05,2.9530915e-05,9.528211e-06,0.065094285,0.9348354
31023,2023-01-03,4,D3,5,D4,5,D4,False,3.8916554e-05,0.0001155381,8.8923094e-05,2.0112411e-05,0.102826476,0.89690995
31023,2023-01-10,4,D3,5,D4,5,D4,False,0.00025304675,0.00048058204,0.00034857696,0.000100094774,0.18212348,0.81669426
31023,2023-01-17,4,D3,5,D4,5,D4,False,7.813251e-05,0.00022235393,0.00015432175,0.00013382937,0.29798055,0.7014308
31023,2023-01-24,4,D3,5,D4,4,D3,True,0.0008308564,0.001427645,0.0007232566,0.0013529046,0.4092648,0.5864005
31023,2023-01-31,4,D3,5,D4,4,D3,True,0.000675214,0.0014643669,0.0007574439,0.0012640544,0.40834427,0.58749473
31023,2023-02-07,4,D3,5,D4,4,D3,True,9.065684e-05,0.0004222455,0.00020081413,0.00032683674,0.41875905,0.58020043
31023,2023-02-14,4,D3,5,D4,4,D3,True,6.5738655e-05,0.000353307,0.0001874811,0.00029994958,0.4179423,0.5811512
31023,2023-02-21,4,D3,5,D4,4,D3,True,2.412662e-05,0.00017075415,0.00011283804,0.00019389973,0.41577858,0.5837198
31023,2023-02-28,4,D3,5,D4,4,D3,True,2.0785354e-05,0.00015109364,0.00012054314,0.0002319371,0.4113494,0.58812624
31023,2023-03-07,4,D3,5,D4,4,D3,True,1.3834106e-05,0.00010633559,9.024359e-05,0.00018862846,0.4024851,0.5971158
31023,2023-03-14,4,D3,5,D4,4,D3,True,3.5148885e-05,0.0002122388,0.00018904211,0.00040228918,0.39725825,0.60190296
31023,2023-03-21,4,D3,5,D4,4,D3,True,8.287168e-06,6.900164e-05,6.391353e-05,0.00013515845,0.3838955,0.61582816
31023,2023-03-28,4,D3,5,D4,4,D3,True,5.556655e-06,4.3176526e-05,4.4802426e-05,0.00011489545,0.37829372,0.6214978
31023,2023-04-04,4,D3,5,D4,4,D3,True,3.3026704e-06,2.8019955e-05,3.3332446e-05,9.600565e-05,0.38120094,0.6186384
31023,2023-04-11,4,D3,5,D4,4,D3,True,1.1533781e-06,1.0359704e-05,2.0016843e-05,9.7618766e-05,0.39615998,0.60371095
31023,2023-04-18,4,D3,5,D4,4,D3,True,7.995423e-07,7.0277742e-06,2.6364325e-05,0.00023045491,0.41649607,0.58323926
31023,2023-04-25,5,D4,5,D4,4,D3,False,2.693898e-07,1.9754677e-06,2.1675392e-05,0.00080911035,0.44830787,0.55085915
31023,2023-05-02,5,D4,4,D3,4,D3,False,1.5074482e-07,1.1882615e-06,3.713318e-05,0.0042205085,0.5676982,0.4280428
31023,2023-05-09,5,D4,4,D3,4,D3,False,8.2289114e-07,4.7628123e-06,0.00031378135,0.06001292,0.62965405,0.31001362
31023,2023-05-16,5,D4,3,D2,3,D2,False,0.00015941427,0.00036564562,0.022894211,0.5585912,0.4069694,0.01102011
31023,2023-05-23,5,D4,3,D2,3,D2,False,0.00013341861,0.00065085606,0.046584543,0.5781053,0.3715459,0.0029799985
31023,2023-05-30,5,D4,3,D2,3,D2,False,4.3550404e-05,0.0006768665,0.05869199,0.5877554,0.3522398,0.00059242983
31023,2023-06-06,5,D4,3,D2,3,D2,False,9.908838e-05,0.0033383856,0.15381294,0.5494226,0.29323053,9.6420416e-05
31023,2023-06-13,5,D4,3,D2,3,D2,False,1.5052281e-05,0.0035594972,0.17530243,0.5496044,0.27151054,8.027899e-06
31023,2023-06-20,5,D4,3,D2,3,D2,False,1.0864212e-05,0.005437764,0.24142197,0.5211794,0.2319486,1.4194075e-06
31023,2023-06-27,5,D4,3,D2,3,D2,False,1.2607006e-05,0.006997203,0.2585679,0.5172083,0.21721332,7.063165e-07
31023,2023-07-04,5,D4,3,D2,3,D2,False,4.169587e-05,0.012285538,0.27615172,0.50112736,0.21039274,1.0118619e-06
31023,2023-07-11,4,D3,3,D2,3,D2,False,8.296727e-05,0.016391074,0.28072292,0.48881796,0.21398246,2.59193e-06
31023,2023-07-18,4,D3,3,D2,3,D2,False,0.00014075366,0.017369527,0.2687317,0.48265323,0.23109265,1.2076793e-05
31023,2023-07-25,4,D3,3,D2,3,D2,False,0.00016498173,0.017040137,0.25741553,0.48396814,0.24138728,2.4028517e-05
31023,2023-08-01,4,D3,3,D2,3,D2,False,0.0001734847,0.01871991,0.25331143,0.48278975,0.2449789,2.647794e-05
31023,2023-08-08,4,D3,3,D2,3,D2,False,0.00021810386,0.021746298,0.25893128,0.47902477,0.24005516,2.4398638e-05
31023,2023-08-15,4,D3,3,D2,3,D2,False,0.00018149725,0.022289716,0.26033407,0.4810082,0.2361689,1.7587961e-05
31023,2023-08-22,4,D3,3,D2,3,D2,False,0.00018330014,0.024280569,0.26218262,0.4806455,0.23269351,1.4496951e-05
31023,2023-08-29,4,D3,3,D2,3,D2,False,0.00023505314,0.029524338,0.26391494,0.47524744,0.23106103,1.722649e-05
31023,2023-09-05,4,D3,3,D2,3,D2,False,0.00025755307,0.03849173,0.26883176,0.4750962,0.21730873,1.4085449e-05
31023,2023-09-12,4,D3,3,D2,3,D2,False,0.00038813835,0.05382212,0.27775908,0.47086623,0.19714813,1.630128e-05
31023,2023-09-19,5,D4,3,D2,3,D2,False,0.0007929245,0.08062127,0.28599674,0.45899555,0.17357671,1.6853533e-05
31023,2023-09-26,5,D4,3,D2,3,D2,False,0.0021548835,0.12791419,0.2883024,0.42716122,0.15443966,2.7729e-05
31023,2023-10-03,5,D4,3,D2,3,D2,False,0.0034687833,0.16181445,0.28810367,0.39857265,0.14800155,3.8873564e-05
31023,2023-10-10,5,D4,3,D2,3,D2,False,0.003202251,0.18453708,0.2902878,0.37492526,0.14701076,3.6724527e-05
31023,2023-10-17,5,D4,3,D2,3,D2,False,0.008546859,0.21773851,0.27998492,0.34979883,0.14380814,0.0001227849
31023,2023-10-24,5,D4,3,D2,3,D2,False,0.0069936938,0.23197755,0.2821966,0.33308867,0.14564592,9.7580276e-05
31023,2023-10-31,5,D4,3,D2,3,D2,False,0.007042391,0.24090998,0.2818711,0.32217982,0.14788403,0.00011272517
31023,2023-11-07,5,D4,3,D2,3,D2,False,0.006790339,0.24466679,0.2821294,0.31326756,0.15302342,0.00012247993
31023,2023-11-14,5,D4,3,D2,3,D2,False,0.0037953567,0.2479524,0.29023707,0.30220568,0.1557447,6.483412e-05
31023,2023-11-21,5,D4,3,D2,3,D2,False,0.0040867706,0.25219572,0.28906918,0.29333818,0.16122708,8.308714e-05
31023,2023-11-28,5,D4,3,D2,3,D2,False,0.0037563348,0.2527944,0.2904901,0.29284418,0.16004306,7.194131e-05
31023,2023-12-05,5,D4,3,D2,3,D2,False,0.0038416658,0.25344682,0.29112557,0.292196,0.15931818,7.187448e-05
31023,2023-12-12,5,D4,2,D1,3,D2,False,0.0034902703,0.25556788,0.29257265,0.28298247,0.16531213,7.45575e-05
31023,2023-12-19,5,D4,2,D1,3,D2,False,0.0034439038,0.25572672,0.29283553,0.28004515,0.16787279,7.5863376e-05
31023,2023-12-26,5,D4,2,D1,3,D2,False,0.004706512,0.25147274,0.29202855,0.2870107,0.16467705,0.00010441561
31023,2024-01-02,4,D3,2,D1,3,D2,False,0.0051221442,0.24983883,0.29253626,0.29075468,0.16164544,0.000102702565
31023,2024-01-09,4,D3,2,D1,3,D2,False,0.005349462,0.25037193,0.29302406,0.28881285,0.16233379,0.00010787512
31023,2024-01-16,4,D3,2,D1,3,D2,False,0.005654932,0.2498397,0.29464757,0.28832626,0.16141787,0.0001137169
31023,2024-01-23,3,D2,2,D1,3,D2,True,0.0047420734,0.25584725,0.29846624,0.2717477,0.1690827,0.00011404123
31023,2024-01-30,3,D2,2,D1,3,D2,True,0.004721194,0.25879702,0.29961866,0.26533812,0.17141011,0.00011492414
31023,2024-02-06,3,D2,2,D1,3,D2,True,0.004811848,0.25849432,0.29927582,0.26752448,0.16977976,0.00011377181
31023,2024-02-13,3,D2,2,D1,3,D2,True,0.0045185196,0.26012513,0.29895157,0.26626584,0.17003237,0.00010654228
31023,2024-02-20,3,D2,2,D1,3,D2,True,0.003569345,0.26390025,0.30057156,0.2564398,0.17542374,9.5292424e-05
31023,2024-02-27,3,D2,2,D1,3,D2,True,0.0034280044,0.26176414,0.29795775,0.2638578,0.17290455,8.773196e-05
31023,2024-03-05,3,D2,2,D1,3,D2,True,0.0024750913,0.26088527,0.30393812,0.25028604,0.1823342,8.120636e-05
31023,2024-03-12,3,D2,2,D1,3,D2,True,0.0022702944,0.25484663,0.30435547,0.25684094,0.18160903,7.7630175e-05
31023,2024-03-19,3,D2,2,D1,3,D2,True,0.0023116255,0.24953344,0.3021272,0.2717038,0.17425665,6.731921e-05
31023,2024-03-26,3,D2,2,D1,3,D2,True,0.0028199872,0.24319185,0.3009239,0.2890432,0.16396125,5.9830505e-05
31023,2024-04-02,3,D2,2,D1,3,D2,True,0.003267458,0.23679909,0.30099857,0.30018565,0.15869036,5.885559e-05
31023,2024-04-09,3,D2,2,D1,3,D2,True,0.00210339,0.21836811,0.30859035,0.30729875,0.16358241,5.695273e-05
31023,2024-04-16,3,D2,2,D1,3,D2,True,0.001709636,0.20573363,0.31374297,0.3123536,0.16640174,5.8367674e-05
31023,2024-04-23,3,D2,2,D1,3,D2,True,0.0014862869,0.19269595,0.31976047,0.3176059,0.1683979,5.339554e-05
31023,2024-04-30,3,D2,2,D1,3,D2,True,0.005081904,0.18305784,0.3207049,0.31271923,0.1782753,0.00016078242
31023,2024-05-07,2,D1,2,D1,3,D2,False,0.004920599,0.16776584,0.32941136,0.31759933,0.18019661,0.00010620658
31023,2024-05-14,2,D1,2,D1,3,D2,False,0.0045079696,0.17528617,0.33293828,0.31472751,0.17244457,9.5501586e-05
31023,2024-05-21,1,D0,2,D1,3,D2,False,0.0065525626,0.19328259,0.33469832,0.30229515,0.16300164,0.00016971334
31023,2024-05-28,1,D0,2,D1,2,D1,False,0.07593926,0.3222044,0.38888502,0.16686311,0.044886943,0.0012212525
31023,2024-06-04,0,None,0,None,0,None,True,0.47682887,0.4502854,0.06880358,0.0035440624,0.00039743996,0.00014068931
31023,2024-06-11,0,None,0,None,0,None,True,0.78767383,0.21208173,0.00023679402,5.774239e-06,1.418888e-06,4.6733817e-07
31023,2024-06-18,0,None,0,None,0,None,True,0.8028804,0.19697641,0.0001404173,2.0777065e-06,4.5043683e-07,1.6250713e-07
31023,2024-06-25,0,None,0,None,0,None,True,0.81712943,0.18275228,0.00011646758,1.5502117e-06,2.318034e-07,8.076806e-08
31023,2024-07-02,0,None,0,None,0,None,True,0.80591613,0.19398052,0.00010142964,1.4563918e-06,2.6884484e-07,9.3889646e-08
31023,2024-07-09,0,None,0,None,0,None,True,0.78050506,0.21940453,8.871972e-05,1.2658616e-06,2.4121775e-07,8.1991494e-08
31023,2024-07-16,0,None,0,None,0,None,True,0.7974678,0.20248799,4.379007e-05,2.1511748e-07,4.884271e-08,2.4050019e-08
31023,2024-07-23,0,None,0,None,0,None,True,0.71288747,0.28703827,7.387414e-05,2.6312216e-07,6.763983e-08,5.5448638e-08
31023,2024-07-30,0,None,0,None,0,None,True,0.6434995,0.35639268,0.0001073311,2.8234092e-07,9.056436e-08,1.1925643e-07
31023,2024-08-06,0,None,0,None,0,None,True,0.554552,0.4448817,0.00056383014,1.692581e-06,2.800687e-07,5.1038677e-07
31023,2024-08-13,0,None,0,None,0,None,True,0.588256,0.41149607,0.0002462899,7.9962365e-07,2.8219148e-07,5.317871e-07
31023,2024-08-20,0,None,0,None,0,None,True,0.61993897,0.3799711,8.928584e-05,2.2840189e-07,1.6705314e-07,3.0224447e-07
31023,2024-08-27,0,None,0,None,0,None,True,0.6317591,0.3681614,7.9237914e-05,8.136758e-08,5.4817267e-08,1.0830626e-07
31023,2024-09-03,0,None,0,None,0,None,True,0.62073475,0.3791509,0.00011408722,8.802529e-08,4.9929902e-08,9.206225e-08
31023,2024-09-10,1,D0,1,D0,1,D0,True,0.35005277,0.64501023,0.004936733,2.7223578e-07,1.9494289e-08,2.575515e-08
31023,2024-09-17,1,D0,1,D0,1,D0,True,0.07783699,0.8378294,0.08433282,7.1662106e-07,1.1039135e-08,3.4690228e-09
31023,2024-09-24,1,D0,1,D0,1,D0,True,0.04071626,0.76261246,0.1966654,5.746087e-06,1.4038719e-07,2.6452385e-08
31023,2024-10-01,2,D1,1,D0,1,D0,False,0.037753485,0.63384396,0.32822984,0.00015100329,1.9463301e-05,2.28642e-06
31023,2024-10-08,2,D1,2,D1,2,D1,True,0.035895005,0.3580729,0.37180454,0.015125457,0.12178864,0.09731345
31023,2024-10-15,2,D1,5,D4,4,D3,False,0.002238591,0.012793281,0.026936466,0.013440799,0.35550442,0.5890864
31023,2024-10-22,2,D1,5,D4,5,D4,False,0.00041980654,0.0017465454,0.0031829542,0.0025285387,0.2955145,0.69660765
31023,2024-10-29,3,D2,5,D4,5,D4,False,0.0003488411,0.0013899185,0.002073789,0.0006206356,0.23206012,0.76350665
31023,2024-11-05,3,D2,5,D4,5,D4,False,0.0020452444,0.006614784,0.007738609,0.0009980319,0.21871454,0.7638888
31023,2024-11-12,3,D2,1,D0,1,D0,False,0.17652874,0.2821047,0.23195207,0.006041114,0.07831517,0.22505823
31023,2024-11-19,2,D1,1,D0,1,D0,False,0.22466606,0.35984507,0.3088062,0.0037462527,0.028394388,0.074542075
31023,2024-11-26,2,D1,1,D0,1,D0,False,0.2358309,0.37527764,0.33846003,0.0024218492,0.01493365,0.03307589
31023,2024-12-03,2,D1,2,D1,2,D1,True,0.1900492,0.37309545,0.37488365,0.002159677,0.017192954,0.042619064
31023,2024-12-10,2,D1,2,D1,2,D1,True,0.11229489,0.34076867,0.41401303,0.0019923337,0.03240065,0.0985304
31023,2024-12-17,2,D1,5,D4,5,D4,False,0.010386525,0.08808897,0.11002571,0.0005337103,0.17121719,0.6197478
31023,2024-12-24,2,D1,5,D4,5,D4,False,0.013711968,0.111608125,0.12261551,0.00045999623,0.16196999,0.5896344
31023,2024-12-31,2,D1,5,D4,5,D4,False,0.018922597,0.13373186,0.13706188,0.00043845925,0.14985928,0.55998594
31023,2025-01-07,2,D1,5,D4,5,D4,False,0.033670943,0.1953722,0.20538422,0.0005928024,0.11658574,0.44839406
31023,2025-01-14,2,D1,5,D4,5,D4,False,0.01929174,0.13610624,0.13830732,0.00036494582,0.14420746,0.5617223
31023,2025-01-21,2,D1,5,D4,5,D4,False,0.0129258605,0.113773145,0.10490991,0.00021593778,0.1543006,0.61387455
31023,2025-01-28,2,D1,5,D4,5,D4,False,0.0071494034,0.07490759,0.06654546,0.0001249143,0.16661333,0.6846593
31023,2025-02-04,2,D1,5,D4,5,D4,False,0.0049833436,0.05470847,0.0454112,7.7792596e-05,0.1706225,0.72419673
31023,2025-02-11,2,D1,5,D4,5,D4,False,0.0036134939,0.04048742,0.03245026,5.736805e-05,0.17378531,0.7496061
31023,2025-02-18,2,D1,5,D4,5,D4,False,0.007918129,0.068877764,0.051042594,8.45274e-05,0.16184449,0.71023256
31023,2025-02-25,2,D1,5,D4,5,D4,False,0.0142069915,0.09515836,0.08033697,0.00015944995,0.15221581,0.65792245
31023,2025-03-04,2,D1,5,D4,5,D4,False,0.008046201,0.06598127,0.060819395,0.00013273877,0.16705807,0.6979623
31023,2025-03-11,2,D1,5,D4,5,D4,False,0.014504141,0.10749372,0.11277194,0.0002546776,0.15204962,0.6129259
31023,2025-03-18,2,D1,5,D4,5,D4,False,0.008192979,0.06911204,0.0899271,0.00025775458,0.16702598,0.66548413
31023,2025-03-25,1,D0,5,D4,5,D4,False,0.004755659,0.043153014,0.06817543,0.0002510829,0.17726132,0.70640343
31023,2025-04-01,1,D0,5,D4,5,D4,False,0.011049119,0.0809386,0.15159085,0.00059716654,0.15505052,0.6007738
31023,2025-04-08,1,D0,5,D4,2,D1,False,0.019950448,0.11885378,0.30463743,0.0015528629,0.11723073,0.43777484
31023,2025-04-15,2,D1,5,D4,2,D1,True,0.011738554,0.09111995,0.28737023,0.001664875,0.13361266,0.47449368
31023,2025-04-22,2,D1,2,D1,2,D1,True,0.025310652,0.18696854,0.48387647,0.0013339542,0.0682022,0.23430817
31023,2025-04-29,2,D1,2,D1,2,D1,True,0.06677987,0.2989153,0.5888553,0.00085709285,0.011304431,0.033288002
31023,2025-05-06,2,D1,2,D1,2,D1,True,0.041754138,0.27886537,0.62466455,0.0011316731,0.015606418,0.037977777
31023,2025-05-13,2,D1,2,D1,2,D1,True,0.042914372,0.31426343,0.6234465,0.0012130958,0.008952838,0.00920965
31023,2025-05-20,2,D1,2,D1,2,D1,True,0.13350318,0.38324204,0.48114797,0.0006006139,0.0010126196,0.000493617
31023,2025-05-27,2,D1,1,D0,1,D0,False,0.1907513,0.42385057,0.38496304,0.0002595721,0.00013822922,3.7358976e-05
31023,2025-06-03,2,D1,2,D1,2,D1,True,0.0827547,0.43983775,0.4760849,0.0010991434,0.00021580124,7.687269e-06
31023,2025-06-10,2,D1,2,D1,2,D1,True,0.039704755,0.33962983,0.6115998,0.008608508,0.00045417805,2.9240605e-06
31023,2025-06-17,2,D1,2,D1,2,D1,True,0.00615653,0.17489858,0.69483304,0.12023052,0.0038801122,1.195444e-06
31023,2025-06-24,2,D1,2,D1,3,D2,False,0.000499002,0.064311855,0.54033124,0.37483466,0.020022593,6.492395e-07
31023,2025-07-01,2,D1,2,D1,3,D2,False,0.00034582953,0.042872366,0.4792015,0.43909463,0.038485225,4.6210923e-07
31023,2025-07-08,1,D0,3,D2,3,D2,False,0.00013167964,0.025679164,0.40788642,0.49274877,0.07355375,2.3637742e-07
31023,2025-07-15,0,None,3,D2,3,D2,False,0.00027126513,0.02908658,0.4218617,0.448068,0.10071153,9.2910733e-07
31023,2025-07-22,0,None,0,None,0,None,True,0.6244865,0.31153074,0.037105724,0.020615239,0.0062228893,3.888927e-05
31023,2025-07-29,0,None,0,None,0,None,True,0.76600134,0.22908378,0.0036189205,0.0009182172,0.00037354376,4.2545175e-06
31023,2025-08-05,0,None,0,None,0,None,True,0.74076277,0.25564322,0.0025940773,0.00065757276,0.00033862554,3.7494287e-06
31023,2025-08-12,0,None,0,None,0,None,True,0.75475645,0.24287385,0.0016365327,0.00044722203,0.0002819996,3.9109805e-06
31023,2025-08-19,0,None,0,None,0,None,True,0.6744193,0.321246,0.003047808,0.0007947127,0.00048084278,1.13470105e-05
31023,2025-08-26,0,None,0,None,0,None,True,0.7215841,0.27689493,0.00091252837,0.00030618647,0.0002871307,1.5214877e-05
31023,2025-09-02,0,None,0,None,0,None,True,0.7535058,0.24622333,0.00018033186,4.1836327e-05,4.380907e-05,4.7661233e-06
31023,2025-09-09,0,None,0,None,0,None,True,0.8000961,0.19985652,4.2211337e-05,2.0972623e-06,2.487624e-06,5.806618e-07
31023,2025-09-16,0,None,0,None,0,None,True,0.78327346,0.216691,3.3112377e-05,9.303828e-07,1.0548612e-06,4.171004e-07
31023,2025-09-23,0,None,0,None,0,None,True,0.8497641,0.15022776,8.028047e-06,4.8088165e-08,4.9549115e-08,2.1885194e-08
31023,2025-09-30,0,None,0,None,0,None,True,0.82478946,0.17520064,9.858627e-06,2.2226027e-08,1.9295507e-08,1.3828463e-08
31023,2025-10-07,0,None,0,None,0,None,True,0.7937113,0.2062705,1.8136509e-05,2.1059881e-08,1.7056864e-08,1.6841431e-08
31023,2025-10-14,0,None,0,None,0,None,True,0.8177679,0.18221723,1.4798734e-05,1.3180209e-08,1.3155822e-08,1.1678333e-08
31023,2025-10-21,0,None,0,None,0,None,True,0.7286828,0.2712201,9.700201e-05,6.6358744e-08,4.141976e-08,5.2185303e-08
31023,2025-10-28,0,None,0,None,0,None,True,0.6992816,0.30057916,0.00013894781,1.2980635e-07,8.992735e-08,1.1285315e-07
31023,2025-11-04,0,None,0,None,0,None,True,0.6444286,0.35525993,0.00031072152,3.1261885e-07,1.8201901e-07,2.29962e-07
31023,2025-11-11,1,D0,0,None,0,None,False,0.62787974,0.37170106,0.00041816852,4.5863905e-07,2.4227631e-07,3.030569e-07
31023,2025-11-18,1,D0,1,D0,1,D0,True,0.110469654,0.85512674,0.034402356,1.1146989e-06,7.7153274e-08,1.3222549e-08
31023,2025-11-25,1,D0,1,D0,1,D0,True,0.07763447,0.8588104,0.06355458,5.322318e-07,2.9963417e-08,4.8060356e-09
31023,2025-12-02,1,D0,1,D0,1,D0,True,0.044740044,0.834885,0.12037412,7.682992e-07,8.1604924e-08,1.06437295e-08
31023,2025-12-09,1,D0,1,D0,1,D0,True,0.03886012,0.79068625,0.17045204,1.3449101e-06,2.5993472e-07,3.5940758e-08
31023,2025-12-16,1,D0,1,D0,1,D0,True,0.034320727,0.7768882,0.18878861,1.8278691e-06,5.189736e-07,6.915169e-08
31023,2025-12-23,1,D0,1,D0,1,D0,True,0.028027687,0.7829586,0.18901072,2.1710966e-06,6.5563466e-07,6.3091925e-08
31023,2025-12-30,1,D0,1,D0,1,D0,True,0.02705052,0.7887643,0.18418226,2.186182e-06,6.061678e-07,4.78817e-08
31025,2022-01-04,0,None,0,None,0,None,True,0.72792673,0.27187487,0.00019589964,8.1830416e-07,8.9119675e-07,7.704622e-07
31025,2022-01-11,0,None,0,None,0,None,True,0.73178995,0.26801062,0.0001967484,9.052201e-07,9.781585e-07,8.220808e-07
31025,2022-01-18,0,None,0,None,0,None,True,0.7382976,0.2615185,0.00018141838,8.555576e-07,9.059321e-07,7.5292155e-07
31025,2022-01-25,0,None,0,None,0,None,True,0.7159749,0.2838112,0.00021134032,9.4223316e-07,8.364808e-07,7.2738777e-07
31025,2022-02-01,0,None,0,None,0,None,True,0.68281627,0.31690192,0.0002787439,1.1249417e-06,1.0374425e-06,9.4181553e-07
31025,2022-02-08,0,None,0,None,0,None,True,0.6623991,0.33728093,0.00031697514,1.0140828e-06,9.404234e-07,1.0044004e-06
31025,2022-02-15,1,D0,1,D0,1,D0,True,0.41385934,0.5791693,0.0069637313,3.835363e-06,1.75069e-06,1.9899214e-06
31025,2022-02-22,1,D0,1,D0,1,D0,True,0.08145455,0.87267387,0.045870036,7.8029564e-07,4.4773623e-07,3.1581413e-07
31025,2022-03-01,2,D1,1,D0,1,D0,False,0.054671466,0.86623764,0.07908876,8.097386e-07,7.2395693e-07,6.4914707e-07
31025,2022-03-08,2,D1,1,D0,1,D0,False,0.054067414,0.8686591,0.077272296,4.970836e-07,3.368479e-07,3.6237793e-07
31025,2022-03-15,2,D1,1,D0,1,D0,False,0.055921357,0.8734293,0.07064826,5.901373e-07,2.1332856e-07,2.1183138e-07
31025,2022-03-22,1,D0,1,D0,1,D0,True,0.065678954,0.8485214,0.0857989,6.4834046e-07,1.15102274e-07,1.0717136e-07
31025,2022-03-29,1,D0,1,D0,1,D0,True,0.16704893,0.756882,0.07606716,1.3191885e-06,1.4634728e-07,3.5268806e-07
31025,2022-04-05,1,D0,1,D0,1,D0,True,0.32332388,0.6401044,0.036567267,3.4070058e-06,3.0252625e-07,6.762828e-07
31025,2022-04-12,1,D0,1,D0,1,D0,True,0.30011994,0.64466757,0.055205904,5.651433e-06,2.99583e-07,5.6021e-07
31025,2022-04-19,1,D0,1,D0,1,D0,True,0.20711082,0.67557657,0.11728576,2.5725418e-05,5.6782187e-07,5.304142e-07
31025,2022-04-26,1,D0,1,D0,1,D0,True,0.21683717,0.6603196,0.12279831,4.3809134e-05,6.5357017e-07,3.9806966e-07
31025,2022-05-03,1,D0,0,None,0,None,False,0.53596395,0.45702642,0.0070038326,5.331262e-06,1.8368864e-07,2.3416916e-07
31025,2022-05-10,1,D0,0,None,0,None,False,0.5398908,0.44146666,0.01863056,1.1323917e-05,2.624436e-07,4.0064072e-07
31025,2022-05-17,1,D0,1,D0,1,D0,True,0.39219993,0.52240855,0.085340284,4.9908598e-05,7.2008953e-07,6.174861e-07
31025,2022-05-24,1,D0,1,D0,1,D0,True,0.37529215,0.51307017,0.11158242,5.3956774e-05,6.984184e-07,6.281544e-07
31025,2022-05-31,0,None,1,D0,1,D0,False,0.28220698,0.5439607,0.17370225,0.0001281681,1.3506236e-06,5.448084e-07
31025,2022-06-07,0,None,0,None,0,None,True,0.77585113,0.22366063,0.00048263062,4.8087504e-06,5.697219e-07,2.8256505e-07
31025,2022-06-14,0,None,0,None,0,None,True,0.8096547,0.19002533,0.00031260413,6.2180256e-06,9.177809e-07,1.9059847e-07
31025,2022-06-21,0,None,0,None,0,None,True,0.77652323,0.22300315,0.00046629662,6.746405e-06,4.5869075e-07,9.064205e-08
31025,2022-06-28,0,None,0,None,0,None,True,0.58974314,0.4087048,0.0015227078,2.8272445e-05,7.3339714e-07,4.397549e-07
31025,2022-07-05,0,None,0,None,0,None,True,0.5727032,0.42620698,0.0010548516,3.3233504e-05,9.717075e-07,8.115717e-07
31025,2022-07-12,0,None,0,None,0,None,True,0.59619665,0.40318033,0.00058760424,3.3433647e-05,1.1925563e-06,7.361631e-07
31025,2022-07-19,0,None,0,None,0,None,True,0.5864861,0.41300434,0.0004973563,1.14758495e-05,3.9572174e-07,3.6027308e-07
31025,2022-07-26,0,None,0,None,0,None,True,0.5645943,0.4348406,0.0005514053,1.28873535e-05,3.9320796e-07,3.828438e-07
31025,2022-08-02,1,D0,1,D0,1,D0,True,0.41119754,0.58026797,0.008500963,3.313688e-05,1.9137413e-07,2.2813184e-07
31025,2022-08-09,1,D0,1,D0,1,D0,True,0.2561689,0.707668,0.03606451,9.794945e-05,4.0250006e-07,2.7403527e-07
31025,2022-08-16,1,D0,1,D0,1,D0,True,0.11269054,0.7764962,0.11011203,0.00069860794,2.2357917e-06,4.991819e-07
31025,2022-08-23,1,D0,1,D0,1,D0,True,0.06765556,0.6119126,0.27192643,0.048327085,0.00017104845,7.1979557e-06
31025,2022-08-30,1,D0,1,D0,1,D0,True,0.048107892,0.44873855,0.2869209,0.21128325,0.004816613,0.00013280271
31025,2022-09-06,1,D0,3,D2,3,D2,False,0.031639393,0.21892896,0.19716981,0.33741805,0.17365997,0.041183908
31025,2022-09-13,1,D0,5,D4,4,D3,False,0.0011255272,0.004917243,0.0041393293,0.02585196,0.32498178,0.63898414
31025,2022-09-20,2,D1,5,D4,5,D4,False,0.00071783876,0.00304999,0.0014167669,0.0023871583,0.15650725,0.83592093
31025,2022-09-27,2,D1,5,D4,5,D4,False,0.00016327955,0.0007730809,0.00036776505,0.00042522576,0.10807155,0.8901991
31025,2022-10-04,2,D1,5,D4,5,D4,False,1.0449735e-05,5.546825e-05,2.6239604e-05,2.2589535e-05,0.077164136,0.9227212
31025,2022-10-11,2,D1,5,D4,5,D4,False,6.9389653e-06,3.4613062e-05,1.5041417e-05,7.732902e-06,0.057226244,0.9427094
31025,2022-10-18,2,D1,5,D4,5,D4,False,1.0486814e-06,6.5441905e-06,3.8448056e-06,1.4308782e-06,0.044318154,0.955669
31025,2022-10-25,2,D1,5,D4,5,D4,False,3.0782937e-07,2.3710306e-06,1.9432864e-06,6.616235e-07,0.041325256,0.9586695
31025,2022-11-01,2,D1,5,D4,5,D4,False,4.5710394e-07,3.216672e-06,2.4251026e-06,5.602942e-07,0.036374703,0.9636187
31025,2022-11-08,2,D1,5,D4,5,D4,False,8.176575e-07,5.511034e-06,5.2966557e-06,1.4661616e-06,0.0408987,0.95908815
31025,2022-11-15,2,D1,5,D4,5,D4,False,9.546894e-07,6.1127835e-06,7.6101455e-06,2.394849e-06,0.047320478,0.9526624
31025,2022-11-22,2,D1,5,D4,5,D4,False,7.8176146e-07,6.171225e-06,1.1623338e-05,6.890306e-06,0.066039115,0.9339354
31025,2022-11-29,2,D1,5,D4,5,D4,False,1.1530062e-06,8.671983e-06,1.3979151e-05,5.6325634e-06,0.058964543,0.94100606
31025,2022-12-06,2,D1,5,D4,5,D4,False,8.979842e-07,8.786724e-06,1.2739027e-05,3.7672696e-06,0.057093974,0.9428798
31025,2022-12-13,2,D1,5,D4,5,D4,False,3.093737e-06,2.0485291e-05,2.6957781e-05,6.5681184e-06,0.052360065,0.94758284
31025,2022-12-20,2,D1,5,D4,5,D4,False,1.040648e-05,4.9719976e-05,6.017329e-05,1.2220025e-05,0.051172394,0.948695
31025,2022-12-27,2,D1,5,D4,5,D4,False,1.7572285e-05,8.794956e-05,9.699171e-05,1.2150719e-05,0.052958522,0.9468268
31025,2023-01-03,2,D1,5,D4,5,D4,False,0.00010781183,0.00034658506,0.00028066963,1.4116058e-05,0.05692154,0.9423293
31025,2023-01-10,2,D1,5,D4,5,D4,False,0.00069009425,0.0017174305,0.0011861188,3.352617e-05,0.06399093,0.93238187
31025,2023-01-17,2,D1,5,D4,5,D4,False,0.00047606343,0.0017788707,0.0008203676,1.4659821e-05,0.088805646,0.9081045
31025,2023-01-24,2,D1,5,D4,5,D4,False,0.0029660908,0.0061729066,0.0030432495,5.1779094e-05,0.096980385,0.8907855
31025,2023-01-31,2,D1,5,D4,5,D4,False,0.0025433905,0.0063707307,0.0030234414,5.5539826e-05,0.12982948,0.8581774
31025,2023-02-07,2,D1,5,D4,5,D4,False,0.00047123356,0.002635213,0.001089012,2.3564377e-05,0.18138325,0.8143977
31025,2023-02-14,2,D1,5,D4,5,D4,False,0.00037922573,0.0024580779,0.0010022981,2.3460274e-05,0.20083812,0.7952989
31025,2023-02-21,2,D1,5,D4,5,D4,False,0.00014307382,0.0011762788,0.00048339154,1.1973323e-05,0.20035441,0.7978308
31025,2023-02-28,2,D1,5,D4,5,D4,False,0.00013440072,0.0011012331,0.00048459525,1.2638481e-05,0.19746622,0.800801
31025,2023-03-07,2,D1,5,D4,5,D4,False,8.826249e-05,0.00075773697,0.00037401874,1.0161454e-05,0.1888655,0.8099044
31025,2023-03-14,2,D1,5,D4,5,D4,False,0.00025895692,0.0017090292,0.0009922336,2.3879295e-05,0.17725521,0.8197608
31025,2023-03-21,2,D1,5,D4,5,D4,False,8.473808e-05,0.00075475895,0.000455751,1.0063495e-05,0.16995671,0.8287379
31025,2023-03-28,2,D1,5,D4,5,D4,False,7.694599e-05,0.0006272717,0.00046212782,1.3518389e-05,0.18020979,0.81861025
31025,2023-04-04,2,D1,5,D4,5,D4,False,4.923413e-05,0.00042903045,0.00038960835,1.7262792e-05,0.19619524,0.8029197
31025,2023-04-11,2,D1,5,D4,5,D4,False,1.5305939e-05,0.00013859628,0.00020689894,2.5959813e-05,0.22924745,0.7703657
31025,2023-04-18,2,D1,5,D4,5,D4,False,8.32213e-06,7.640803e-05,0.00017280986,5.549904e-05,0.27061638,0.72907054
31025,2023-04-25,2,D1,5,D4,5,D4,False,2.3486882e-06,2.0565441e-05,7.370233e-05,7.518889e-05,0.31030467,0.6895235
31025,2023-05-02,2,D1,5,D4,4,D3,False,1.2727481e-06,1.0742792e-05,7.0144466e-05,0.0001979364,0.34699303,0.6527269
31025,2023-05-09,2,D1,5,D4,4,D3,False,4.909937e-06,2.6859749e-05,0.0002992031,0.0023371242,0.3929633,0.60436857
31025,2023-05-16,2,D1,4,D3,3,D2,False,0.0030565446,0.004684557,0.064956695,0.39785963,0.45029962,0.079143025
31025,2023-05-23,2,D1,3,D2,3,D2,False,0.0007409942,0.0027764833,0.0893286,0.5216139,0.37206575,0.013474328
31025,2023-05-30,3,D2,3,D2,3,D2,True,4.405273e-05,0.0011020338,0.07133349,0.53975874,0.38729915,0.00046255442
31025,2023-06-06,3,D2,3,D2,3,D2,True,5.035485e-05,0.003824059,0.17380881,0.5250057,0.2972857,2.540074e-05
31025,2023-06-13,3,D2,3,D2,3,D2,True,7.1627937e-06,0.003669747,0.18313208,0.54513896,0.2680512,8.3281014e-07
31025,2023-06-20,4,D3,3,D2,3,D2,False,5.67617e-06,0.0046301004,0.23147158,0.53224355,0.23164858,4.5780675e-07
31025,2023-06-27,4,D3,3,D2,3,D2,False,8.2506285e-06,0.0065320376,0.25061625,0.5250037,0.21783946,3.0050535e-07
31025,2023-07-04,3,D2,3,D2,3,D2,True,3.1275526e-05,0.012224366,0.27457145,0.50969714,0.20347546,3.7188664e-07
31025,2023-07-11,3,D2,3,D2,3,D2,True,5.9199905e-05,0.016050974,0.2861031,0.4978856,0.19990063,5.3561155e-07
31025,2023-07-18,3,D2,3,D2,3,D2,True,0.00011127451,0.018744601,0.28172657,0.48416808,0.21524619,3.3290394e-06
31025,2023-07-25,3,D2,3,D2,3,D2,True,0.00016676822,0.018742954,0.2634086,0.48269802,0.23496886,1.4742911e-05
31025,2023-08-01,3,D2,3,D2,3,D2,True,0.0001545337,0.019090304,0.26055157,0.48444417,0.23574498,1.4386118e-05
31025,2023-08-08,3,D2,3,D2,3,D2,True,0.00021810389,0.021746302,0.2589313,0.47902483,0.2400551,2.4398641e-05
31025,2023-08-15,3,D2,3,D2,3,D2,True,0.00018149725,0.022289716,0.26033407,0.4810082,0.2361689,1.7587961e-05
31025,2023-08-22,3,D2,3,D2,3,D2,True,0.00018330014,0.024280569,0.26218262,0.4806455,0.23269351,1.4496951e-05
31025,2023-08-29,1,D0,3,D2,3,D2,False,0.00023505314,0.029524338,0.26391494,0.47524744,0.23106103,1.722649e-05
31025,2023-09-05,1,D0,3,D2,3,D2,False,0.00025755307,0.03849173,0.26883176,0.4750962,0.21730873,1.4085449e-05
31025,2023-09-12,1,D0,3,D2,3,D2,False,0.00038813835,0.05382212,0.27775908,0.47086623,0.19714813,1.630128e-05
31025,2023-09-19,1,D0,3,D2,3,D2,False,0.0007929245,0.08062127,0.28599674,0.45899555,0.17357671,1.6853533e-05
31025,2023-09-26,1,D0,3,D2,3,D2,False,0.0021548835,0.12791419,0.2883024,0.42716122,0.15443966,2.7729e-05
31025,2023-10-03,1,D0,3,D2,3,D2,False,0.0034687833,0.16181445,0.28810367,0.39857265,0.14800155,3.8873564e-05
31025,2023-10-10,1,D0,3,D2,3,D2,False,0.003202251,0.18453708,0.2902878,0.37492526,0.14701076,3.6724527e-05
31025,2023-10-17,1,D0,3,D2,3,D2,False,0.008546859,0.21773851,0.27998492,0.34979883,0.14380814,0.0001227849
31025,2023-10-24,1,D0,3,D2,3,D2,False,0.0069936938,0.23197755,0.2821966,0.33308867,0.14564592,9.7580276e-05
31025,2023-10-31,2,D1,3,D2,3,D2,False,0.007042391,0.24090998,0.2818711,0.32217982,0.14788403,0.00011272517
31025,2023-11-07,2,D1,3,D2,3,D2,False,0.006790339,0.24466679,0.2821294,0.31326756,0.15302342,0.00012247993
31025,2023-11-14,2,D1,3,D2,3,D2,False,0.0037953567,0.2479524,0.29023707,0.30220568,0.1557447,6.483412e-05
31025,2023-11-21,2,D1,3,D2,3,D2,False,0.0040867706,0.25219572,0.28906918,0.29333818,0.16122708,8.308714e-05
31025,2023-11-28,2,D1,3,D2,3,D2,False,0.003756334,0.2527944,0.2904901,0.29284412,0.16004305,7.194136e-05
31025,2023-12-05,2,D1,3,D2,3,D2,False,0.0038416658,0.25344682,0.29112548,0.292196,0.15931818,7.187448e-05
31025,2023-12-12,2,D1,2,D1,3,D2,False,0.0034902703,0.25556788,0.29257265,0.28298247,0.16531213,7.45575e-05
31025,2023-12-19,2,D1,2,D1,3,D2,False,0.0034439038,0.25572672,0.29283553,0.28004515,0.16787279,7.5863376e-05
31025,2023-12-26,2,D1,2,D1,3,D2,False,0.004706512,0.25147274,0.29202855,0.2870107,0.16467705,0.00010441561
31025,2024-01-02,2,D1,2,D1,3,D2,False,0.0051221442,0.24983883,0.29253626,0.29075468,0.16164544,0.000102702565
31025,2024-01-09,2,D1,2,D1,3,D2,False,0.005349462,0.25037193,0.29302406,0.28881285,0.16233379,0.00010787512
31025,2024-01-16,2,D1,2,D1,3,D2,False,0.005654932,0.2498397,0.29464757,0.28832626,0.16141787,0.0001137169
31025,2024-01-23,2,D1,2,D1,3,D2,False,0.0047420734,0.25584725,0.29846624,0.2717477,0.1690827,0.00011404123
31025,2024-01-30,2,D1,2,D1,3,D2,False,0.004721194,0.25879702,0.29961866,0.26533812,0.17141011,0.00011492414
31025,2024-02-06,2,D1,2,D1,3,D2,False,0.004811848,0.25849432,0.29927582,0.26752448,0.16977976,0.00011377181
31025,2024-02-13,2,D1,2,D1,3,D2,False,0.0045185196,0.26012513,0.29895157,0.26626584,0.17003237,0.00010654228
31025,2024-02-20,2,D1,2,D1,3,D2,False,0.003569345,0.26390025,0.30057156,0.2564398,0.17542374,9.5292424e-05
31025,2024-02-27,2,D1,2,D1,3,D2,False,0.0034280044,0.26176414,0.29795775,0.2638578,0.17290455,8.773196e-05
31025,2024-03-05,2,D1,2,D1,3,D2,False,0.0024750913,0.26088527,0.30393812,0.25028604,0.1823342,8.120636e-05
31025,2024-03-12,2,D1,2,D1,3,D2,False,0.0022702941,0.25484666,0.30435544,0.2568409,0.18160902,7.763024e-05
31025,2024-03-19,2,D1,2,D1,3,D2,False,0.0023116248,0.24953349,0.30212712,0.27170378,0.17425662,6.7319255e-05
31025,2024-03-26,2,D1,2,D1,3,D2,False,0.0028199872,0.24319185,0.3009239,0.2890432,0.16396125,5.9830505e-05
31025,2024-04-02,2,D1,2,D1,3,D2,False,0.003267458,0.23679909,0.30099857,0.30018565,0.15869036,5.885559e-05
31025,2024-04-09,2,D1,2,D1,3,D2,False,0.00210339,0.21836811,0.30859035,0.30729875,0.16358241,5.695273e-05
31025,2024-04-16,2,D1,2,D1,3,D2,False,0.001709636,0.20573363,0.31374297,0.3123536,0.16640174,5.8367674e-05
31025,2024-04-23,2,D1,2,D1,3,D2,False,0.0014862869,0.19269595,0.31976047,0.3176059,0.1683979,5.339554e-05
31025,2024-04-30,2,D1,2,D1,3,D2,False,0.005081904,0.18305784,0.3207049,0.31271923,0.1782753,0.00016078242
31025,2024-05-07,2,D1,2,D1,3,D2,False,0.004920599,0.16776584,0.32941136,0.31759933,0.18019661,0.00010620658
31025,2024-05-14,2,D1,2,D1,3,D2,False,0.004425949,0.17500408,0.3329111,0.31499752,0.17256783,9.3503186e-05
31025,2024-05-21,2,D1,2,D1,3,D2,False,0.028828442,0.23496756,0.35090643,0.25588816,0.12859431,0.00081505394
31025,2024-05-28,2,D1,2,D1,2,D1,True,0.030461945,0.31630495,0.422332,0.187278,0.043371927,0.00025114894
31025,2024-06-04,2,D1,1,D0,1,D0,False,0.09651308,0.41185805,0.39687055,0.0823857,0.012056446,0.00031612357
31025,2024-06-11,1,D0,1,D0,1,D0,True,0.09850898,0.46059194,0.40545765,0.03320068,0.0021861563,5.4604705e-05
31025,2024-06-18,0,None,1,D0,1,D0,False,0.12589368,0.49079666,0.36961612,0.013240644,0.00043677067,1.6003001e-05
31025,2024-06-25,0,None,0,None,0,None,True,0.5954123,0.39600196,0.008425065,0.00014991176,6.8941067e-06,3.866955e-06
31025,2024-07-02,0,None,0,None,0,None,True,0.6470991,0.3506787,0.0021990205,2.1143616e-05,1.2288626e-06,7.860011e-07
31025,2024-07-09,0,None,0,None,0,None,True,0.7635465,0.23633656,0.000113527036,2.719876e-06,4.5956335e-07,1.4107967e-07
31025,2024-07-16,0,None,0,None,0,None,True,0.7975218,0.20242669,4.9968785e-05,1.1378598e-06,2.5742293e-07,6.690328e-08
31025,2024-07-23,0,None,0,None,0,None,True,0.7073048,0.29262385,6.948556e-05,1.3459714e-06,3.398021e-07,1.464177e-07
31025,2024-07-30,0,None,0,None,0,None,True,0.6319744,0.36790037,0.0001226957,1.7657854e-06,4.7771846e-07,3.4800726e-07
31025,2024-08-06,0,None,0,None,0,None,True,0.5568983,0.44253704,0.000556702,5.887526e-06,9.2137765e-07,1.1672636e-06
31025,2024-08-13,0,None,0,None,0,None,True,0.58282554,0.41691372,0.00025762102,1.6949732e-06,5.6943185e-07,8.960838e-07
31025,2024-08-20,0,None,0,None,0,None,True,0.6149044,0.38499996,9.446538e-05,3.8475292e-07,2.7601325e-07,4.5708404e-07
31025,2024-08-27,0,None,0,None,0,None,True,0.6294546,0.3704631,8.195898e-05,1.1944657e-07,8.059653e-08,1.5421973e-07
31025,2024-09-03,1,D0,0,None,0,None,False,0.61874056,0.38114157,0.000117573414,1.2398752e-07,7.053139e-08,1.2632316e-07
31025,2024-09-10,1,D0,1,D0,1,D0,True,0.24628873,0.7403159,0.013394966,3.528649e-07,1.480511e-08,1.556687e-08
31025,2024-09-17,2,D1,1,D0,1,D0,False,0.06535303,0.83662164,0.09802426,1.0006376e-06,1.288696e-08,3.398642e-09
31025,2024-09-24,2,D1,1,D0,1,D0,False,0.038592648,0.75464207,0.20675574,9.362486e-06,2.1167452e-07,3.3220434e-08
31025,2024-10-01,2,D1,1,D0,1,D0,False,0.037858758,0.6267225,0.3351275,0.00025311337,3.4357345e-05,3.7251802e-06
31025,2024-10-08,2,D1,2,D1,2,D1,True,0.030068168,0.29467666,0.31879207,0.021442186,0.1871756,0.14784525
31025,2024-10-15,3,D2,5,D4,4,D3,False,0.0019038548,0.010467178,0.021037528,0.012907455,0.3588493,0.59483474
31025,2024-10-22,3,D2,5,D4,5,D4,False,0.0003661899,0.0014792136,0.0025343546,0.0021922262,0.29353783,0.69989026
31025,2024-10-29,3,D2,5,D4,5,D4,False,0.00030119598,0.0012201805,0.0017042559,0.00056340627,0.23568282,0.76052815
31025,2024-11-05,3,D2,5,D4,5,D4,False,0.0017156895,0.0055438494,0.006127248,0.00091102556,0.22229041,0.76341176
31025,2024-11-12,3,D2,1,D0,1,D0,False,0.1688554,0.2714967,0.21552913,0.006321167,0.08809,0.24970756
31025,2024-11-19,2,D1,1,D0,1,D0,False,0.22233872,0.3540375,0.30223572,0.0041635227,0.032256223,0.084968336
31025,2024-11-26,2,D1,1,D0,1,D0,False,0.23548415,0.37081552,0.33589518,0.0027956448,0.01726631,0.037743203
31025,2024-12-03,2,D1,2,D1,2,D1,True,0.19079381,0.3671635,0.37067795,0.002538656,0.020079194,0.048746947
31025,2024-12-10,2,D1,2,D1,2,D1,True,0.110477895,0.33082524,0.40329653,0.0023574813,0.03814168,0.11490113
31025,2024-12-17,2,D1,5,D4,5,D4,False,0.009205128,0.076785065,0.09519675,0.00056774163,0.18123305,0.63701224
31025,2024-12-24,2,D1,5,D4,5,D4,False,0.01225166,0.09803007,0.107037224,0.00050099316,0.17244688,0.60973316
31025,2024-12-31,2,D1,5,D4,5,D4,False,0.017048076,0.11850256,0.12102459,0.0004891888,0.16066407,0.5822715
31025,2025-01-07,2,D1,5,D4,5,D4,False,0.031204194,0.17821158,0.18702178,0.0006879591,0.1276881,0.47518635
31025,2025-01-14,2,D1,5,D4,5,D4,False,0.017542344,0.12218155,0.12409375,0.00041865997,0.15466978,0.58109385
31025,2025-01-21,2,D1,5,D4,5,D4,False,0.011672091,0.10135815,0.0934348,0.00024576424,0.16443959,0.6288496
31025,2025-01-28,2,D1,5,D4,5,D4,False,0.0064450083,0.06654516,0.059085764,0.00014106542,0.17520851,0.69257444
31025,2025-02-04,2,D1,5,D4,5,D4,False,0.0044705747,0.048494358,0.040325668,8.73871e-05,0.17817038,0.72845167
31025,2025-02-11,2,D1,5,D4,5,D4,False,0.0032530124,0.03597988,0.028889516,6.434199e-05,0.18068665,0.75112665
31025,2025-02-18,2,D1,5,D4,5,D4,False,0.0071403603,0.061354704,0.04552505,9.499479e-05,0.1691888,0.7166961
31025,2025-02-25,2,D1,5,D4,5,D4,False,0.012846648,0.08515757,0.071826726,0.00017975674,0.1604069,0.6695824
31025,2025-03-04,2,D1,5,D4,5,D4,False,0.0071978993,0.058477055,0.05384575,0.00014880074,0.17481823,0.7055122
31025,2025-03-11,2,D1,5,D4,5,D4,False,0.013065536,0.09607278,0.10026711,0.00028921428,0.16161402,0.6286914
31025,2025-03-18,2,D1,5,D4,5,D4,False,0.007121459,0.060338248,0.07802424,0.0002881951,0.17660345,0.6776243
31025,2025-03-25,2,D1,5,D4,5,D4,False,0.0040481333,0.037490327,0.059534818,0.00028374512,0.18787663,0.7107664
31025,2025-04-01,2,D1,5,D4,5,D4,False,0.0091406945,0.06866466,0.13322917,0.0007183116,0.1703104,0.6179368
31025,2025-04-08,2,D1,5,D4,5,D4,False,0.017016798,0.103630066,0.27657,0.0020402812,0.1336995,0.46704337
31025,2025-04-15,2,D1,5,D4,5,D4,False,0.009826997,0.07674155,0.2499691,0.0022483077,0.15556076,0.5056532
31025,2025-04-22,2,D1,2,D1,2,D1,True,0.021677287,0.162678,0.442522,0.0021779193,0.090040505,0.28090426
31025,2025-04-29,2,D1,2,D1,2,D1,True,0.063342325,0.28617036,0.5790278,0.0018355042,0.019453026,0.050170988
31025,2025-05-06,2,D1,2,D1,2,D1,True,0.03488567,0.26513115,0.61056644,0.0033805452,0.035057817,0.050978385
31025,2025-05-13,2,D1,2,D1,2,D1,True,0.037966385,0.31162372,0.60842705,0.005322283,0.025448972,0.011211563
31025,2025-05-20,2,D1,2,D1,2,D1,True,0.07888429,0.3418698,0.56142956,0.009231811,0.007837212,0.00074725033
31025,2025-05-27,2,D1,2,D1,2,D1,True,0.08610542,0.36585283,0.53603125,0.009549139,0.0023982471,6.3177446e-05
31025,2025-06-03,2,D1,2,D1,2,D1,True,0.03419716,0.34472668,0.59264785,0.025306616,0.003109824,1.1872641e-05
31025,2025-06-10,2,D1,2,D1,2,D1,True,0.013635033,0.26222205,0.6557581,0.06480688,0.0035752982,2.6931727e-06
31025,2025-06-17,2,D1,2,D1,2,D1,True,0.0032650137,0.15304285,0.6558409,0.18054321,0.0073068277,1.2388593e-06
31025,2025-06-24,2,D1,2,D1,3,D2,False,0.0004127882,0.06211474,0.5314785,0.38568625,0.020307083,6.3648537e-07
31025,2025-07-01,2,D1,3,D2,3,D2,False,0.0002990101,0.03898193,0.4573873,0.45884344,0.04448786,4.7102228e-07
31025,2025-07-08,2,D1,3,D2,3,D2,False,0.00013116459,0.025350843,0.40501127,0.49354288,0.07596366,2.4157515e-07
31025,2025-07-15,2,D1,3,D2,3,D2,False,9.879901e-05,0.019017523,0.35394725,0.49598515,0.13095072,5.102318e-07
31025,2025-07-22,2,D1,3,D2,3,D2,False,0.00019061207,0.024555631,0.3808183,0.46811312,0.12632124,1.0001106e-06
31025,2025-07-29,2,D1,3,D2,3,D2,False,0.00023222441,0.029409511,0.36939874,0.45276022,0.14819752,1.7842149e-06
31025,2025-08-05,2,D1,3,D2,3,D2,False,0.00012758246,0.025222765,0.33680022,0.46205333,0.17579514,1.0086713e-06
31025,2025-08-12,0,None,3,D2,3,D2,False,0.00022638877,0.030408397,0.35851526,0.43165007,0.17919794,1.951606e-06
31025,2025-08-19,0,None,2,D1,2,D1,False,0.03912801,0.28571516,0.37221655,0.20138144,0.10143739,0.000121481455
31025,2025-08-26,0,None,1,D0,1,D0,False,0.2697303,0.54869974,0.120331146,0.03980366,0.021087566,0.00034754112
31025,2025-09-02,0,None,0,None,0,None,True,0.5859268,0.4054447,0.0075716013,0.00065855146,0.00033307882,6.5298176e-05
31025,2025-09-09,0,None,0,None,0,None,True,0.7829895,0.21692534,6.7021065e-05,7.86355e-06,8.932691e-06,1.3459518e-06
31025,2025-09-16,0,None,0,None,0,None,True,0.78447884,0.21548441,2.9635281e-05,2.7561584e-06,3.5423875e-06,7.7068825e-07
31025,2025-09-23,0,None,0,None,0,None,True,0.8382246,0.16176297,1.1175111e-05,5.177253e-07,5.545733e-07,1.2060357e-07
31025,2025-09-30,0,None,0,None,0,None,True,0.81087,0.18911879,1.0935526e-05,1.4466525e-07,1.031219e-07,4.2003972e-08
31025,2025-10-07,0,None,0,None,0,None,True,0.7791985,0.22078237,1.8883145e-05,9.305701e-08,6.144778e-08,4.002015e-08
31025,2025-10-14,0,None,0,None,0,None,True,0.81124324,0.18874142,1.5274412e-05,3.129938e-08,2.78064e-08,1.9656408e-08
31025,2025-10-21,0,None,0,None,0,None,True,0.7217586,0.27814123,9.993158e-05,1.2502193e-07,7.559813e-08,8.562503e-08
31025,2025-10-28,0,None,0,None,0,None,True,0.6908723,0.30898014,0.00014700746,2.3029764e-07,1.5102856e-07,1.736459e-07
31025,2025-11-04,0,None,0,None,0,None,True,0.63935864,0.3603138,0.00032637417,5.308344e-07,2.986212e-07,3.4919773e-07
31025,2025-11-11,0,None,0,None,0,None,True,0.624199,0.37535658,0.00044292188,7.5304894e-07,3.897519e-07,4.6108002e-07
31025,2025-11-18,0,None,0,None,0,None,True,0.6262405,0.37332273,0.00043448314,1.0506462e-06,5.980462e-07,6.331095e-07
31025,2025-11-25,0,None,0,None,0,None,True,0.6619283,0.33782414,0.00024551284,8.776645e-07,6.4038244e-07,6.5008e-07
31025,2025-12-02,0,None,0,None,0,None,True,0.71481824,0.2850282,0.00015164453,7.961128e-07,6.199577e-07,5.24443e-07
31025,2025-12-09,0,None,0,None,0,None,True,0.75769395,0.24220172,0.000102606544,7.1736395e-07,5.8644645e-07,4.1770025e-07
31025,2025-12-16,0,None,0,None,0,None,True,0.7803434,0.21956736,8.756174e-05,8.1521836e-07,5.746126e-07,3.3738198e-07
31025,2025-12-23,0,None,0,None,0,None,True,0.746367,0.25349241,0.000137923,1.3517226e-06,7.979941e-07,4.8248256e-07
31025,2025-12-30,1,D0,0,None,0,None,False,0.59899634,0.39992547,0.0010710063,4.7048566e-06,1.5928479e-06,9.3758877e-07
31027,2022-01-04,2,D1,2,D1,3,D2,False,0.0025208772,0.25135002,0.2984077,0.2873105,0.16037247,3.8488724e-05
31027,2022-01-11,2,D1,2,D1,3,D2,False,0.0024713618,0.25143144,0.29850143,0.28649223,0.16106671,3.6811944e-05
31027,2022-01-18,2,D1,2,D1,3,D2,False,0.0024560718,0.2505785,0.29933968,0.28706148,0.16052908,3.5144116e-05
31027,2022-01-25,2,D1,2,D1,3,D2,False,0.0021851244,0.24914986,0.3016611,0.28483957,0.1621314,3.2901073e-05
31027,2022-02-01,2,D1,2,D1,3,D2,False,0.0021551433,0.24577793,0.30291176,0.28877604,0.16034636,3.269162e-05
31027,2022-02-08,2,D1,2,D1,3,D2,False,0.0019237833,0.23585276,0.30595937,0.29721034,0.15902069,3.3023334e-05
31027,2022-02-15,2,D1,2,D1,3,D2,False,0.0017443026,0.22720866,0.30906695,0.30013087,0.16181025,3.8934773e-05
31027,2022-02-22,2,D1,2,D1,3,D2,False,0.0016567991,0.22284545,0.31063414,0.30151764,0.16330315,4.2791813e-05
31027,2022-03-01,2,D1,2,D1,3,D2,False,0.0015450119,0.21988913,0.31223348,0.30357498,0.16272026,3.717353e-05
31027,2022-03-08,2,D1,2,D1,3,D2,False,0.0018796504,0.21386036,0.31168598,0.30792063,0.1646141,3.9310868e-05
31027,2022-03-15,2,D1,2,D1,3,D2,False,0.0014518937,0.20181508,0.32069758,0.31265476,0.16335572,2.5062514e-05
31027,2022-03-22,2,D1,2,D1,3,D2,False,0.0010059205,0.18569608,0.32833058,0.32092622,0.16402401,1.7184128e-05
31027,2022-03-29,3,D2,2,D1,3,D2,True,0.00080306665,0.17549062,0.33188468,0.3273311,0.16447794,1.2588995e-05
31027,2022-04-05,3,D2,2,D1,3,D2,True,0.0011156116,0.18602662,0.32598028,0.32298997,0.16386862,1.8897585e-05
31027,2022-04-12,3,D2,3,D2,3,D2,True,0.0008333943,0.17390876,0.32925138,0.3309942,0.16499682,1.5505368e-05
31027,2022-04-19,3,D2,3,D2,3,D2,True,0.00072354515,0.16979052,0.32946184,0.33509144,0.16491887,1.38688965e-05
31027,2022-04-26,3,D2,3,D2,3,D2,True,0.0005990581,0.15408684,0.33219224,0.34510884,0.16800073,1.2316339e-05
31027,2022-05-03,3,D2,2,D1,3,D2,True,0.006268171,0.17437936,0.32305408,0.3172572,0.17886223,0.00017899695
31027,2022-05-10,3,D2,2,D1,3,D2,True,0.013250747,0.18279463,0.32627645,0.29923505,0.1781612,0.0002818993
31027,2022-05-17,3,D2,2,D1,3,D2,True,0.0056996117,0.18964836,0.32320556,0.3118519,0.16947433,0.00012018676
31027,2022-05-24,3,D2,2,D1,3,D2,True,0.008327036,0.21817991,0.35783204,0.29658413,0.11895354,0.00012337512
31027,2022-05-31,3,D2,2,D1,3,D2,True,0.005872015,0.21947101,0.34100553,0.32231602,0.11123386,0.00010153414
31027,2022-06-07,3,D2,2,D1,3,D2,True,0.007987961,0.25461143,0.3513467,0.3059894,0.07996272,0.000101765625
31027,2022-06-14,3,D2,2,D1,3,D2,True,0.007700499,0.2575947,0.35433495,0.3132149,0.0670665,8.848971e-05
31027,2022-06-21,3,D2,2,D1,3,D2,True,0.011608627,0.31174996,0.38864115,0.2537936,0.034146946,5.9631348e-05
31027,2022-06-28,3,D2,2,D1,3,D2,True,0.0053576394,0.2632451,0.37027183,0.32124513,0.039840214,4.0063118e-05
31027,2022-07-05,3,D2,2,D1,3,D2,True,0.0067836586,0.2833601,0.36608022,0.3093214,0.03440711,4.7520633e-05
31027,2022-07-12,3,D2,2,D1,3,D2,True,0.0090482645,0.31925246,0.3808419,0.27376255,0.017068755,2.6053043e-05
31027,2022-07-19,3,D2,2,D1,2,D1,False,0.016002262,0.38410643,0.38761958,0.20128377,0.0109538585,3.4066794e-05
31027,2022-07-26,3,D2,2,D1,3,D2,True,0.012902794,0.35241878,0.37450734,0.24284393,0.017267538,5.9628022e-05
31027,2022-08-02,3,D2,2,D1,3,D2,True,0.017315418,0.3522999,0.35987505,0.24820396,0.022188636,0.00011702775
31027,2022-08-09,4,D3,2,D1,3,D2,False,0.008801883,0.29381922,0.34450895,0.31169382,0.04104839,0.00012777625
31027,2022-08-16,3,D2,3,D2,3,D2,True,0.007292276,0.25748682,0.30619466,0.3487547,0.07992373,0.00034779895
31027,2022-08-23,3,D2,3,D2,3,D2,True,0.009382342,0.23994447,0.2802137,0.3649957,0.10469207,0.00077181717
31027,2022-08-30,3,D2,3,D2,3,D2,True,0.006673748,0.16809334,0.18958731,0.31722346,0.31343555,0.004986636
31027,2022-09-06,3,D2,4,D3,4,D3,False,0.0008838032,0.011290692,0.010116386,0.03981419,0.84671277,0.09118215
31027,2022-09-13,4,D3,4,D3,4,D3,True,3.464199e-05,0.00017427403,0.00016999299,0.00211669,0.5808318,0.4166726
31027,2022-09-20,4,D3,4,D3,4,D3,True,3.5147223e-05,0.00013155841,0.00011362013,0.0013233678,0.51088417,0.48751208
31027,2022-09-27,4,D3,5,D4,4,D3,True,1.0307434e-05,3.7216003e-05,3.66977e-05,0.0005590741,0.46513578,0.534221
31027,2022-10-04,4,D3,5,D4,4,D3,True,7.3402146e-07,3.0456124e-06,3.62035e-06,8.0755366e-05,0.43501717,0.5648947
31027,2022-10-11,4,D3,5,D4,4,D3,True,6.352278e-07,2.3766506e-06,2.3030896e-06,5.0592025e-05,0.43981534,0.56012875
31027,2022-10-18,4,D3,5,D4,4,D3,True,1.04960804e-07,5.356823e-07,6.313241e-07,1.623694e-05,0.43800712,0.5619753
31027,2022-10-25,4,D3,5,D4,4,D3,True,4.4820865e-08,2.6127861e-07,3.6703628e-07,9.598621e-06,0.44244918,0.55754066
31027,2022-11-01,4,D3,5,D4,4,D3,True,9.0496634e-08,4.5395873e-07,5.3016197e-07,1.4035801e-05,0.45114958,0.5488352
31027,2022-11-08,4,D3,5,D4,4,D3,True,2.6043236e-07,1.0570199e-06,1.1210327e-06,2.898456e-05,0.46247104,0.5374975
31027,2022-11-15,4,D3,5,D4,4,D3,True,3.4753802e-07,1.333017e-06,1.347185e-06,3.321846e-05,0.46498764,0.53497607
31027,2022-11-22,4,D3,5,D4,4,D3,True,3.7915993e-07,1.5810251e-06,1.7915429e-06,3.934631e-05,0.47183684,0.5281201
31027,2022-11-29,4,D3,5,D4,4,D3,True,4.9134013e-07,1.997177e-06,2.1432363e-06,4.2714644e-05,0.47210264,0.52785
31027,2022-12-06,4,D3,5,D4,4,D3,True,3.8100924e-07,1.8706006e-06,1.9447125e-06,3.1013755e-05,0.4705568,0.529408
31027,2022-12-13,4,D3,5,D4,4,D3,True,1.0217432e-06,3.658961e-06,3.6796e-06,6.26662e-05,0.4725606,0.5273683
31027,2022-12-20,4,D3,5,D4,4,D3,True,2.762354e-06,7.4775635e-06,7.456983e-06,0.000121401376,0.47439018,0.5254708
31027,2022-12-27,4,D3,5,D4,4,D3,True,3.3408078e-06,9.871582e-06,9.957416e-06,0.00013811384,0.4672456,0.5325932
31027,2023-01-03,4,D3,5,D4,4,D3,True,9.395116e-06,2.1316537e-05,1.9073099e-05,0.00021640329,0.46214122,0.53759253
31027,2023-01-10,4,D3,5,D4,4,D3,True,4.0478353e-05,7.015048e-05,6.321246e-05,0.00062911183,0.4531519,0.546045
31027,2023-01-17,4,D3,5,D4,4,D3,True,1.5082342e-05,3.6970123e-05,3.137841e-05,0.00027890713,0.44856206,0.5510756
31027,2023-01-24,4,D3,5,D4,4,D3,True,0.00011274536,0.00016532557,0.00014118919,0.0011430155,0.44366038,0.5547773
31027,2023-01-31,4,D3,5,D4,4,D3,True,8.533277e-05,0.00015638143,0.00015406008,0.0012246113,0.4395541,0.55882555
31027,2023-02-07,4,D3,5,D4,4,D3,True,7.85748e-06,3.266693e-05,3.7898313e-05,0.00033554566,0.43797103,0.56161505
31027,2023-02-14,3,D2,5,D4,4,D3,False,4.6984064e-06,2.169331e-05,2.8047936e-05,0.0002643308,0.4370173,0.562664
31027,2023-02-21,3,D2,5,D4,4,D3,False,1.400865e-06,7.9576075e-06,1.093198e-05,0.000118352276,0.4351547,0.5647067
31027,2023-02-28,4,D3,5,D4,4,D3,True,1.0782264e-06,6.0529446e-06,8.861779e-06,0.00010921636,0.4336231,0.56625164
31027,2023-03-07,3,D2,5,D4,4,D3,False,6.5593173e-07,3.860227e-06,6.0098214e-06,8.532523e-05,0.4299549,0.5699492
31027,2023-03-14,3,D2,5,D4,4,D3,False,1.6355069e-06,7.5835446e-06,1.2363675e-05,0.00018608524,0.42442122,0.5753711
31027,2023-03-21,3,D2,5,D4,4,D3,False,3.569585e-07,2.3735504e-06,4.2142324e-06,6.278292e-05,0.4141583,0.5857719
31027,2023-03-28,3,D2,5,D4,4,D3,False,2.1900452e-07,1.413431e-06,2.8763984e-06,5.048249e-05,0.40314865,0.5967963
31027,2023-04-04,3,D2,5,D4,4,D3,False,1.11431504e-07,8.12534e-07,2.0168507e-06,3.5430017e-05,0.3882988,0.6116629
31027,2023-04-11,3,D2,5,D4,4,D3,False,3.154652e-08,2.5816325e-07,1.162571e-06,3.0594852e-05,0.38204384,0.6179241
31027,2023-04-18,3,D2,5,D4,4,D3,False,1.500623e-08,1.3885517e-07,1.228255e-06,3.6658905e-05,0.3687954,0.6311666
31027,2023-04-25,2,D1,5,D4,4,D3,False,3.9946046e-09,3.82784e-08,9.566132e-07,5.3755808e-05,0.35893467,0.6410106
31027,2023-05-02,2,D1,5,D4,4,D3,False,2.2315245e-09,2.1658657e-08,1.1487513e-06,0.00014288563,0.39802185,0.6018341
31027,2023-05-09,2,D1,5,D4,4,D3,False,1.8034044e-08,1.0969525e-07,6.67828e-06,0.0010104434,0.42238536,0.57659745
31027,2023-05-16,2,D1,4,D3,4,D3,False,0.00016887943,0.00014731912,0.0072072404,0.29580593,0.49857652,0.19809408
31027,2023-05-23,2,D1,4,D3,3,D2,False,0.00024694367,0.00028615168,0.0154048,0.35117453,0.4713327,0.16155484
31027,2023-05-30,2,D1,4,D3,3,D2,False,0.00021096898,0.00048536193,0.024230246,0.3844755,0.47575957,0.1148383
31027,2023-06-06,3,D2,4,D3,3,D2,True,0.0010423079,0.0032816571,0.07720991,0.42981195,0.43264806,0.056006186
31027,2023-06-13,3,D2,3,D2,3,D2,True,0.00022192394,0.003966611,0.10018682,0.46561152,0.41853532,0.011477776
31027,2023-06-20,3,D2,3,D2,3,D2,True,0.00012298138,0.006394975,0.16316351,0.47273633,0.35569936,0.0018827218
31027,2023-06-27,3,D2,3,D2,3,D2,True,0.00011265625,0.008350567,0.19993578,0.47200942,0.31889528,0.00069631485
31027,2023-07-04,3,D2,3,D2,3,D2,True,0.00026424797,0.012533172,0.22124365,0.46905416,0.2963106,0.00059419754
31027,2023-07-11,3,D2,3,D2,3,D2,True,0.00024866316,0.014988443,0.23822844,0.47319934,0.2731503,0.00018486878
31027,2023-07-18,3,D2,3,D2,3,D2,True,0.00023178442,0.016180737,0.2449211,0.4757802,0.26278758,9.869135e-05
31027,2023-07-25,3,D2,3,D2,3,D2,True,0.00019198189,0.016741173,0.2521897,0.48183468,0.24899995,4.2469397e-05
31027,2023-08-01,2,D1,3,D2,3,D2,False,0.0001745221,0.018681187,0.2528597,0.48270229,0.24555492,2.7374537e-05
31027,2023-08-08,2,D1,3,D2,3,D2,False,0.00021810386,0.021746298,0.25893128,0.47902477,0.24005516,2.4398638e-05
31027,2023-08-15,1,D0,3,D2,3,D2,False,0.00018149725,0.022289716,0.26033407,0.4810082,0.2361689,1.7587961e-05
31027,2023-08-22,1,D0,3,D2,3,D2,False,0.00018330014,0.024280569,0.26218262,0.4806455,0.23269351,1.4496951e-05
31027,2023-08-29,1,D0,3,D2,3,D2,False,0.00023505314,0.029524338,0.26391494,0.47524744,0.23106103,1.722649e-05
31027,2023-09-05,1,D0,3,D2,3,D2,False,0.00025755307,0.03849173,0.26883176,0.4750962,0.21730873,1.4085449e-05
31027,2023-09-12,2,D1,3,D2,3,D2,False,0.00038813835,0.05382212,0.27775908,0.47086623,0.19714813,1.630128e-05
31027,2023-09-19,2,D1,3,D2,3,D2,False,0.0007929245,0.08062127,0.28599674,0.45899555,0.17357671,1.6853533e-05
31027,2023-09-26,2,D1,3,D2,3,D2,False,0.0021548835,0.12791419,0.2883024,0.42716122,0.15443966,2.7729e-05
31027,2023-10-03,2,D1,3,D2,3,D2,False,0.0034687833,0.16181445,0.28810367,0.39857265,0.14800155,3.8873564e-05
31027,2023-10-10,2,D1,3,D2,3,D2,False,0.003202251,0.18453708,0.2902878,0.37492526,0.14701076,3.6724527e-05
31027,2023-10-17,2,D1,3,D2,3,D2,False,0.008546859,0.21773851,0.27998492,0.34979883,0.14380814,0.0001227849
31027,2023-10-24,2,D1,3,D2,3,D2,False,0.0069936938,0.23197755,0.2821966,0.33308867,0.14564592,9.7580276e-05
31027,2023-10-31,1,D0,3,D2,3,D2,False,0.007042391,0.24090998,0.2818711,0.32217982,0.14788403,0.00011272517
31027,2023-11-07,1,D0,3,D2,3,D2,False,0.006790339,0.24466679,0.2821294,0.31326756,0.15302342,0.00012247993
31027,2023-11-14,1,D0,3,D2,3,D2,False,0.0037953588,0.2479524,0.29023707,0.30220568,0.1557447,6.483412e-05
31027,2023-11-21,1,D0,3,D2,3,D2,False,0.0040867673,0.25219566,0.2890692,0.2933382,0.16122708,8.308708e-05
31027,2023-11-28,1,D0,3,D2,3,D2,False,0.003756334,0.2527944,0.2904901,0.29284412,0.16004305,7.194136e-05
31027,2023-12-05,1,D0,3,D2,3,D2,False,0.0038416658,0.25344682,0.29112548,0.292196,0.15931818,7.187448e-05
31027,2023-12-12,1,D0,2,D1,3,D2,False,0.0034902703,0.25556788,0.29257265,0.28298247,0.16531213,7.45575e-05
31027,2023-12-19,1,D0,2,D1,3,D2,False,0.0034439038,0.25572672,0.29283553,0.28004515,0.16787279,7.5863376e-05
31027,2023-12-26,0,None,2,D1,3,D2,False,0.004706512,0.25147274,0.29202855,0.2870107,0.16467705,0.00010441561
31027,2024-01-02,0,None,0,None,0,None,True,0.7416623,0.2527358,0.0021987127,0.0012049852,0.0016063205,0.0005918612
31027,2024-01-09,0,None,0,None,0,None,True,0.86140954,0.13838924,0.000114254326,2.6989119e-05,4.817956e-05,1.171858e-05
31027,2024-01-16,0,None,0,None,0,None,True,0.8894577,0.1104678,5.208824e-05,8.126684e-06,1.1871575e-05,2.462257e-06
31027,2024-01-23,0,None,0,None,0,None,True,0.8864437,0.11349405,4.625485e-05,6.7447204e-06,7.668987e-06,1.5536084e-06
31027,2024-01-30,0,None,0,None,0,None,True,0.8871137,0.11283097,4.2209344e-05,5.6621075e-06,6.291474e-06,1.3035971e-06
31027,2024-02-06,0,None,0,None,0,None,True,0.8842915,0.115652494,4.3878837e-05,5.31992e-06,5.5357887e-06,1.1908511e-06
31027,2024-02-13,0,None,0,None,0,None,True,0.87259424,0.1273359,5.5854543e-05,6.5685854e-06,6.0804314e-06,1.3775214e-06
31027,2024-02-20,0,None,0,None,0,None,True,0.83399916,0.16588132,9.339544e-05,1.2926195e-05,1.04040555e-05,2.8057254e-06
31027,2024-02-27,0,None,0,None,0,None,True,0.78841066,0.2113753,0.00016700459,2.3686469e-05,1.7600076e-05,5.8336323e-06
31027,2024-03-05,0,None,0,None,0,None,True,0.6160227,0.38278365,0.0009229767,0.00015058505,8.7974375e-05,3.203952e-05
31027,2024-03-12,1,D0,0,None,0,None,False,0.58343613,0.4148853,0.0012728936,0.00022263148,0.00013076034,5.2227104e-05
31027,2024-03-19,1,D0,1,D0,1,D0,True,0.11973867,0.82847714,0.051049378,0.0006154946,0.000116690666,2.5766144e-06
31027,2024-03-26,0,None,1,D0,1,D0,False,0.043808356,0.79822946,0.15761143,0.00030490113,4.4983208e-05,8.102253e-07
31027,2024-04-02,0,None,0,None,0,None,True,0.612972,0.38552946,0.0013868143,6.867671e-05,2.7254166e-05,1.5739988e-05
31027,2024-04-09,0,None,0,None,0,None,True,0.70947933,0.2899137,0.00051754474,4.4642424e-05,3.147971e-05,1.3388562e-05
31027,2024-04-16,0,None,0,None,0,None,True,0.70294285,0.29629436,0.0006434293,5.9532715e-05,4.2916705e-05,1.6912412e-05
31027,2024-04-23,0,None,0,None,0,None,True,0.705729,0.2934804,0.0006531403,6.7086774e-05,4.974993e-05,2.0686117e-05
31027,2024-04-30,0,None,0,None,0,None,True,0.87493277,0.124955304,9.0007205e-05,9.826684e-06,9.900336e-06,2.1445799e-06
31027,2024-05-07,0,None,0,None,0,None,True,0.9003014,0.09959968,8.631936e-05,7.191679e-06,4.4896697e-06,8.5800826e-07
31027,2024-05-14,0,None,0,None,0,None,True,0.89840186,0.10149085,9.7451135e-05,6.273796e-06,3.0443214e-06,6.189152e-07
31027,2024-05-21,0,None,0,None,0,None,True,0.8997064,0.10021211,7.5598386e-05,3.5981593e-06,1.8234391e-06,4.2274402e-07
31027,2024-05-28,0,None,0,None,0,None,True,0.886394,0.113486774,0.0001149167,3.0046347e-06,9.912277e-07,3.2623447e-07
31027,2024-06-04,0,None,0,None,0,None,True,0.8728855,0.12699421,0.00011635192,2.5170443e-06,1.0488139e-06,3.8899267e-07
31027,2024-06-11,0,None,0,None,0,None,True,0.85950375,0.14033236,0.00015950104,2.8958466e-06,9.967678e-07,4.2055018e-07
31027,2024-06-18,0,None,0,None,0,None,True,0.8428873,0.15691298,0.0001946166,3.481819e-06,1.0683797e-06,5.3190456e-07
31027,2024-06-25,0,None,0,None,0,None,True,0.8550305,0.14482054,0.00014312116,4.2131087e-06,1.2108068e-06,4.4079096e-07
31027,2024-07-02,0,None,0,None,0,None,True,0.85233676,0.14753747,0.00011786522,5.160543e-06,2.1800329e-06,6.7070783e-07
31027,2024-07-09,0,None,0,None,0,None,True,0.8218753,0.17800744,0.00010799235,6.1628357e-06,2.4918659e-06,7.5201524e-07
31027,2024-07-16,0,None,0,None,0,None,True,0.82821655,0.17171554,6.1827144e-05,3.7501325e-06,1.817795e-06,5.5134973e-07
31027,2024-07-23,0,None,0,None,0,None,True,0.7586443,0.241281,6.778345e-05,3.696189e-06,2.30537e-06,9.628587e-07
31027,2024-07-30,0,None,0,None,0,None,True,0.6838196,0.31606305,0.00010677235,4.8173383e-06,3.6319127e-06,2.0916534e-06
31027,2024-08-06,0,None,0,None,0,None,True,0.5503209,0.44918,0.00045867395,1.7511582e-05,1.1609429e-05,1.1194157e-05
31027,2024-08-13,0,None,0,None,0,None,True,0.59288,0.40696028,0.00013791762,4.722681e-06,8.182114e-06,8.902164e-06
31027,2024-08-20,0,None,0,None,0,None,True,0.6364517,0.36349344,4.3792596e-05,1.3722126e-06,4.8999173e-06,4.7749763e-06
31027,2024-08-27,1,D0,0,None,0,None,False,0.6494679,0.3504883,3.873758e-05,6.163263e-07,2.0756324e-06,2.3093387e-06
31027,2024-09-03,1,D0,1,D0,1,D0,True,0.19015767,0.7902518,0.0195806,8.748244e-06,7.6049673e-07,4.0694928e-07
31027,2024-09-10,1,D0,1,D0,1,D0,True,0.06889067,0.76809317,0.16289912,0.000115049486,1.8329499e-06,2.6728299e-07
31027,2024-09-17,1,D0,1,D0,1,D0,True,0.026142132,0.59845674,0.36413458,0.011147831,0.00011619655,2.5487886e-06
31027,2024-09-24,2,D1,1,D0,2,D1,True,0.014774822,0.43095076,0.42220148,0.12740259,0.004632828,3.7567763e-05
31027,2024-10-01,2,D1,2,D1,3,D2,False,0.011239865,0.23202735,0.37674028,0.28177878,0.09691646,0.001297277
31027,2024-10-08,3,D2,4,D3,4,D3,False,0.001139326,0.00925293,0.033241693,0.18335389,0.6474852,0.12552688
31027,2024-10-15,3,D2,4,D3,4,D3,False,0.00024000167,0.00096629263,0.0028113252,0.026226575,0.57785994,0.39189586
31027,2024-10-22,3,D2,4,D3,4,D3,False,3.4905195e-05,0.00012095658,0.00039002928,0.005056,0.4985436,0.49585462
31027,2024-10-29,3,D2,5,D4,4,D3,False,2.2404678e-05,8.0423226e-05,0.00018913229,0.0015207739,0.3992321,0.59895515
31027,2024-11-05,3,D2,5,D4,4,D3,False,9.239381e-05,0.00025257235,0.00036940168,0.0017549427,0.33969066,0.65784
31027,2024-11-12,4,D3,5,D4,4,D3,True,0.004678223,0.0058146813,0.007385394,0.0153263835,0.32583722,0.64095813
31027,2024-11-19,3,D2,5,D4,4,D3,False,0.014042304,0.01648263,0.027206864,0.027604077,0.31335405,0.60131
31027,2024-11-26,3,D2,5,D4,4,D3,False,0.035692576,0.045136053,0.10476154,0.048984542,0.27656144,0.4888639
31027,2024-12-03,3,D2,5,D4,5,D4,False,0.024768429,0.04333249,0.12256902,0.0408,0.25366288,0.5148672
31027,2024-12-10,3,D2,5,D4,5,D4,False,0.0058009177,0.019316634,0.059948787,0.015712544,0.22430085,0.6749203
31027,2024-12-17,3,D2,5,D4,5,D4,False,8.963335e-05,0.0009107201,0.002189959,0.00045025133,0.18095565,0.8154038
31027,2024-12-24,3,D2,5,D4,5,D4,False,0.00013506005,0.0013358011,0.0021778387,7.121714e-05,0.05743401,0.9388461
31027,2024-12-31,3,D2,5,D4,5,D4,False,0.00018738602,0.0016647713,0.002496111,6.642775e-05,0.0550064,0.94057894
31027,2025-01-07,3,D2,5,D4,5,D4,False,0.00039691167,0.0028534587,0.0044000307,0.00010753118,0.05380065,0.93844146
31027,2025-01-14,3,D2,5,D4,5,D4,False,0.00020048309,0.0017977197,0.0024829197,5.0837527e-05,0.054720715,0.94074744
31027,2025-01-21,3,D2,5,D4,5,D4,False,0.00018678285,0.0018771118,0.0018764702,1.8660012e-05,0.053855576,0.94218534
31027,2025-01-28,3,D2,5,D4,5,D4,False,0.00014087508,0.0015258834,0.0011519754,6.8113486e-06,0.05525429,0.94192016
31027,2025-02-04,3,D2,5,D4,5,D4,False,0.00012635575,0.0014012449,0.00076852494,2.9046316e-06,0.062870204,0.9348308
31027,2025-02-11,3,D2,5,D4,5,D4,False,0.0001041271,0.0011489522,0.0005973068,2.4412939e-06,0.07694037,0.92120695
31027,2025-02-18,3,D2,5,D4,5,D4,False,0.00031910752,0.002693121,0.0013565536,5.343709e-06,0.08920607,0.9064198
31027,2025-02-25,3,D2,5,D4,5,D4,False,0.000892862,0.0059536505,0.003900041,2.2161817e-05,0.1199699,0.8692614
31027,2025-03-04,3,D2,5,D4,5,D4,False,0.0009709365,0.0076045897,0.0056500654,2.8356188e-05,0.14929171,0.83645433
31027,2025-03-11,3,D2,5,D4,5,D4,False,0.002771298,0.018906046,0.015774881,7.467257e-05,0.16710077,0.79537225
31027,2025-03-18,3,D2,5,D4,5,D4,False,0.0017642198,0.013698062,0.014414627,8.040665e-05,0.1717257,0.798317
31027,2025-03-25,2,D1,5,D4,5,D4,False,0.0010234428,0.008431257,0.010824188,8.131634e-05,0.20457159,0.77506816
31027,2025-04-01,2,D1,5,D4,5,D4,False,0.0022467761,0.015373198,0.019620266,0.00014864592,0.19656244,0.76604867
31027,2025-04-08,2,D1,5,D4,5,D4,False,0.0047595166,0.025511466,0.043841608,0.0004930885,0.20197293,0.7234214
31027,2025-04-15,2,D1,5,D4,5,D4,False,0.0023578997,0.015729068,0.03579107,0.0004941856,0.22655995,0.7190678
31027,2025-04-22,2,D1,5,D4,5,D4,False,0.008478499,0.054729316,0.12592384,0.0009807838,0.21644585,0.59344167
31027,2025-04-29,2,D1,2,D1,2,D1,True,0.054975815,0.20704181,0.40709627,0.0021570118,0.09222688,0.23650229
31027,2025-05-06,2,D1,2,D1,2,D1,True,0.03312024,0.18687674,0.46740776,0.002350741,0.089436784,0.2208077
31027,2025-05-13,2,D1,2,D1,2,D1,True,0.04542059,0.2594198,0.6240988,0.0019489903,0.023666145,0.045445636
31027,2025-05-20,2,D1,2,D1,2,D1,True,0.13660702,0.37463313,0.48624238,0.00081144867,0.0011393202,0.00056672294
31027,2025-05-27,2,D1,1,D0,2,D1,True,0.16131124,0.41961563,0.41832086,0.0005131828,0.00020243243,3.666265e-05
31027,2025-06-03,2,D1,2,D1,2,D1,True,0.062216435,0.39195126,0.54292285,0.002477701,0.00042239847,9.243133e-06
31027,2025-06-10,2,D1,2,D1,2,D1,True,0.014936235,0.23784849,0.68748677,0.057734136,0.0019916818,2.7381022e-06
31027,2025-06-17,2,D1,2,D1,2,D1,True,0.0011416789,0.08617985,0.60261565,0.29708236,0.012979725,7.2135265e-07
31027,2025-06-24,2,D1,2,D1,3,D2,False,0.00018913326,0.040818147,0.4653684,0.45530728,0.038316503,5.11033e-07
31027,2025-07-01,1,D0,3,D2,3,D2,False,0.00021156296,0.031384394,0.41265446,0.48999566,0.065753475,5.0607497e-07
31027,2025-07-08,1,D0,3,D2,3,D2,False,0.00012148053,0.02315101,0.38196635,0.5008999,0.09386099,2.8644655e-07
31027,2025-07-15,0,None,2,D1,3,D2,False,0.00092583423,0.04720779,0.45962054,0.39802936,0.094214015,2.4333663e-06
31027,2025-07-22,0,None,0,None,0,None,True,0.7554,0.2314782,0.0077968976,0.0038001179,0.0015140106,1.0834993e-05
31027,2025-07-29,0,None,0,None,0,None,True,0.7823535,0.21455987,0.0020402938,0.0006511397,0.0003906628,4.481909e-06
31027,2025-08-05,0,None,0,None,0,None,True,0.8234374,0.17562222,0.00050593045,0.0002209453,0.00021122937,2.2336856e-06
31027,2025-08-12,0,None,0,None,0,None,True,0.8091322,0.18991204,0.00049940357,0.00022381797,0.00022906667,3.3781325e-06
31027,2025-08-19,0,None,0,None,0,None,True,0.75343484,0.24523303,0.0007142216,0.00030834647,0.000298328,1.12272955e-05
31027,2025-08-26,0,None,0,None,0,None,True,0.72552997,0.27389324,0.00035606493,9.8559096e-05,0.000108811015,1.3359097e-05
31027,2025-09-02,0,None,0,None,0,None,True,0.76035106,0.23947354,0.00012398507,2.2973325e-05,2.4849493e-05,3.6506942e-06
31027,2025-09-09,0,None,0,None,0,None,True,0.7980836,0.20186587,4.5130957e-05,2.2464476e-06,2.5806191e-06,6.391332e-07
31027,2025-09-16,0,None,0,None,0,None,True,0.7774748,0.2224855,3.6886137e-05,1.0576398e-06,1.1732578e-06,4.8680744e-07
31027,2025-09-23,0,None,0,None,0,None,True,0.8051263,0.19485006,2.3557279e-05,7.476716e-08,3.8385515e-08,2.3183972e-08
31027,2025-09-30,0,None,0,None,0,None,True,0.6662055,0.33356038,0.00023397357,1.3695005e-07,1.4926828e-08,1.7360593e-08
31027,2025-10-07,1,D0,0,None,0,None,False,0.5898802,0.40953165,0.00058792066,1.2105902e-07,9.159325e-09,1.38303395e-08
31027,2025-10-14,1,D0,1,D0,1,D0,True,0.22041097,0.74542,0.034168717,3.9224074e-07,5.848178e-09,3.076693e-09
31027,2025-10-21,2,D1,1,D0,1,D0,False,0.114337154,0.79142827,0.09423412,5.091093e-07,6.214645e-09,1.3714294e-09
31027,2025-10-28,2,D1,1,D0,1,D0,False,0.07402587,0.7516566,0.17431612,1.338417e-06,1.9019726e-08,3.0269618e-09
31027,2025-11-04,2,D1,1,D0,1,D0,False,0.04503991,0.7053868,0.2495693,3.9787083e-06,6.905492e-08,6.741048e-09
31027,2025-11-11,2,D1,1,D0,1,D0,False,0.036160015,0.6515709,0.31226152,7.444378e-06,1.2742089e-07,8.374763e-09
31027,2025-11-18,2,D1,1,D0,1,D0,False,0.024314085,0.6321,0.3435727,1.2920066e-05,3.3522292e-07,1.2596201e-08
31027,2025-11-25,2,D1,1,D0,1,D0,False,0.02613698,0.6174312,0.35641685,1.432169e-05,5.489148e-07,2.415822e-08
31027,2025-12-02,2,D1,1,D0,1,D0,False,0.024255566,0.613794,0.36193356,1.5784757e-05,9.4866465e-07,3.931273e-08
31027,2025-12-09,2,D1,1,D0,1,D0,False,0.027490273,0.61426246,0.3582298,1.6282278e-05,1.1631588e-06,5.5235184e-08
31027,2025-12-16,2,D1,1,D0,1,D0,False,0.025756089,0.62247986,0.35174823,1.4467632e-05,1.2544098e-06,5.7869443e-08
31027,2025-12-23,2,D1,1,D0,1,D0,False,0.020759631,0.63200885,0.34721407,1.5720469e-05,1.6089596e-06,4.7295764e-08
31027,2025-12-30,2,D1,1,D0,1,D0,False,0.019087743,0.6403827,0.34051374,1.3887984e-05,1.8378328e-06,4.3682892e-08
31029,2022-01-04,2,D1,1,D0,1,D0,False,0.007470706,0.5369888,0.45537195,0.00011359738,5.455865e-05,3.967191e-07
31029,2022-01-11,2,D1,1,D0,1,D0,False,0.0072824624,0.5393936,0.45318642,8.770683e-05,4.950736e-05,3.9455384e-07
31029,2022-01-18,2,D1,1,D0,1,D0,False,0.0074076243,0.54031235,0.45217773,6.45953e-05,3.7348324e-05,3.472854e-07
31029,2022-01-25,2,D1,1,D0,1,D0,False,0.0065925186,0.54225713,0.45107338,4.7394347e-05,2.9283334e-05,2.7985845e-07
31029,2022-02-01,2,D1,1,D0,1,D0,False,0.0063811922,0.5410617,0.45248693,4.214773e-05,2.7769933e-05,2.8405606e-07
31029,2022-02-08,2,D1,1,D0,1,D0,False,0.0060946057,0.54061866,0.45322502,3.8806615e-05,2.2635333e-05,2.4107962e-07
31029,2022-02-15,2,D1,1,D0,1,D0,False,0.006161478,0.5365459,0.4572341,3.8121827e-05,2.0200276e-05,2.480365e-07
31029,2022-02-22,2,D1,1,D0,1,D0,False,0.006073677,0.5314892,0.46237743,3.8960487e-05,2.0366708e-05,2.9273426e-07
31029,2022-03-01,3,D2,1,D0,1,D0,False,0.005650355,0.5266029,0.4676798,4.494438e-05,2.1616976e-05,2.8893152e-07
31029,2022-03-08,3,D2,1,D0,1,D0,False,0.006693375,0.53121203,0.46205476,2.858694e-05,1.1105179e-05,1.6255078e-07
31029,2022-03-15,3,D2,1,D0,1,D0,False,0.006795432,0.5290298,0.46414024,2.61447e-05,8.238949e-06,1.0975081e-07
31029,2022-03-22,3,D2,1,D0,1,D0,False,0.0074660336,0.52420366,0.4682837,3.8177597e-05,8.283315e-06,1.0785247e-07
31029,2022-03-29,3,D2,1,D0,1,D0,False,0.007668351,0.52067065,0.47161007,4.384156e-05,7.046658e-06,7.601574e-08
31029,2022-04-05,3,D2,1,D0,1,D0,False,0.00810901,0.512118,0.4796722,9.031547e-05,1.036854e-05,1.2620116e-07
31029,2022-04-12,3,D2,1,D0,1,D0,False,0.0063920044,0.5067523,0.48669982,0.00014244486,1.3287245e-05,1.1729184e-07
31029,2022-04-19,3,D2,2,D1,2,D1,False,0.0049165036,0.49116817,0.5035974,0.00029409048,2.3708262e-05,1.5384373e-07
31029,2022-04-26,3,D2,2,D1,2,D1,False,0.005219021,0.48641056,0.5079048,0.00043939924,2.606662e-05,1.3698819e-07
31029,2022-05-03,3,D2,1,D0,2,D1,False,0.07984215,0.4645713,0.455332,0.00024560612,8.204292e-06,6.678352e-07
31029,2022-05-10,3,D2,1,D0,1,D0,False,0.120776266,0.4894598,0.38969806,6.348176e-05,2.0896491e-06,3.1539244e-07
31029,2022-05-17,3,D2,1,D0,1,D0,False,0.06901411,0.53870815,0.3921982,7.738007e-05,1.972195e-06,1.2689787e-07
31029,2022-05-24,3,D2,1,D0,1,D0,False,0.06868578,0.5382897,0.39288697,0.00013524214,2.135885e-06,1.0444509e-07
31029,2022-05-31,3,D2,1,D0,1,D0,False,0.044759575,0.5348451,0.4197529,0.00063658686,5.7942134e-06,1.15027355e-07
31029,2022-06-07,3,D2,1,D0,1,D0,False,0.027346652,0.5108974,0.458017,0.003721142,1.7651408e-05,1.3015232e-07
31029,2022-06-14,3,D2,1,D0,1,D0,False,0.019258378,0.4993081,0.47214136,0.009246533,4.555696e-05,1.352294e-07
31029,2022-06-21,3,D2,1,D0,1,D0,False,0.022057652,0.49523792,0.4698617,0.012771777,7.081017e-05,1.6138993e-07
31029,2022-06-28,4,D3,2,D1,2,D1,False,0.0048545576,0.30849022,0.43969056,0.23997757,0.0069851223,1.9637496e-06
31029,2022-07-05,4,D3,2,D1,3,D2,False,0.002056135,0.20487037,0.37419143,0.36450934,0.054358177,1.45090935e-05
31029,2022-07-12,4,D3,2,D1,3,D2,False,0.005134758,0.2799651,0.37697798,0.30458376,0.03331243,2.6027667e-05
31029,2022-07-19,4,D3,2,D1,3,D2,False,0.011897929,0.34622374,0.37149072,0.25044787,0.019900754,3.902437e-05
31029,2022-07-26,4,D3,2,D1,3,D2,False,0.0105869435,0.32813647,0.3680811,0.26983857,0.023296993,5.991378e-05
31029,2022-08-02,4,D3,2,D1,3,D2,False,0.015821572,0.3410012,0.35918802,0.2579906,0.025874302,0.00012420947
31029,2022-08-09,4,D3,2,D1,3,D2,False,0.008442829,0.28988335,0.3457654,0.31198397,0.043792225,0.00013215005
31029,2022-08-16,4,D3,3,D2,3,D2,False,0.007250485,0.2583689,0.30642354,0.34459653,0.08299586,0.0003646469
31029,2022-08-23,4,D3,3,D2,3,D2,False,0.009801513,0.24414292,0.27838966,0.35811406,0.108695604,0.0008562061
31029,2022-08-30,5,D4,4,D3,3,D2,False,0.0066895448,0.16398332,0.18025026,0.3138577,0.3293276,0.0058915387
31029,2022-09-06,5,D4,4,D3,4,D3,False,0.0007872911,0.0097875185,0.008530042,0.0365167,0.8438173,0.10056119
31029,2022-09-13,4,D3,4,D3,4,D3,True,3.0778698e-05,0.00015534002,0.00014812205,0.0019040707,0.5742415,0.42352015
31029,2022-09-20,4,D3,4,D3,4,D3,True,3.1813706e-05,0.000118416414,9.9301236e-05,0.0011723627,0.50121593,0.49736217
31029,2022-09-27,4,D3,5,D4,4,D3,True,9.495258e-06,3.3853794e-05,3.243403e-05,0.000497708,0.45398042,0.5454461
31029,2022-10-04,4,D3,5,D4,4,D3,True,6.668743e-07,2.7760925e-06,3.2378894e-06,7.236367e-05,0.43085405,0.56906694
31029,2022-10-11,4,D3,5,D4,4,D3,True,5.728011e-07,2.1413314e-06,2.0454681e-06,4.4515495e-05,0.43560383,0.56434685
31029,2022-10-18,4,D3,5,D4,4,D3,True,9.376646e-08,4.7929757e-07,5.6359755e-07,1.4442173e-05,0.4337426,0.56624186
31029,2022-10-25,4,D3,5,D4,4,D3,True,4.0738836e-08,2.385063e-07,3.366963e-07,8.662264e-06,0.43844062,0.5615501
31029,2022-11-01,4,D3,5,D4,4,D3,True,8.505535e-08,4.2848998e-07,5.021016e-07,1.3170426e-05,0.4478114,0.5521744
31029,2022-11-08,4,D3,5,D4,4,D3,True,2.4954699e-07,1.0202623e-06,1.0929793e-06,2.8429231e-05,0.46105966,0.5389095
31029,2022-11-15,4,D3,5,D4,4,D3,True,3.3703228e-07,1.303474e-06,1.3342654e-06,3.3255503e-05,0.46438143,0.5355823
31029,2022-11-22,4,D3,5,D4,4,D3,True,3.7915993e-07,1.5810251e-06,1.7915429e-06,3.934631e-05,0.47183684,0.5281201
31029,2022-11-29,4,D3,5,D4,4,D3,True,4.9134013e-07,1.997177e-06,2.1432363e-06,4.2714644e-05,0.47210264,0.52785
31029,2022-12-06,4,D3,5,D4,4,D3,True,3.810096e-07,1.8706041e-06,1.9447125e-06,3.1013726e-05,0.4705568,0.529408
31029,2022-12-13,4,D3,5,D4,4,D3,True,1.0217431e-06,3.6589606e-06,3.6795996e-06,6.266619e-05,0.4725608,0.52736825
31029,2022-12-20,4,D3,5,D4,4,D3,True,2.762354e-06,7.4775635e-06,7.456983e-06,0.000121401376,0.47439018,0.5254708
31029,2022-12-27,4,D3,5,D4,4,D3,True,3.3408078e-06,9.871582e-06,9.957416e-06,0.00013811384,0.4672456,0.5325932
31029,2023-01-03,4,D3,5,D4,4,D3,True,9.395116e-06,2.1316537e-05,1.9073099e-05,0.00021640329,0.46214122,0.53759253
31029,2023-01-10,4,D3,5,D4,4,D3,True,4.0478353e-05,7.015048e-05,6.321246e-05,0.00062911183,0.4531519,0.546045
31029,2023-01-17,4,D3,5,D4,4,D3,True,1.5082342e-05,3.6970123e-05,3.137841e-05,0.00027890713,0.44856206,0.5510756
31029,2023-01-24,4,D3,5,D4,4,D3,True,0.00011274536,0.00016532557,0.00014118919,0.0011430155,0.44366038,0.5547773
31029,2023-01-31,4,D3,5,D4,4,D3,True,8.533277e-05,0.00015638143,0.00015406008,0.0012246113,0.4395541,0.55882555
31029,2023-02-07,4,D3,5,D4,4,D3,True,7.85748e-06,3.266693e-05,3.7898313e-05,0.00033554566,0.43797103,0.56161505
31029,2023-02-14,4,D3,5,D4,4,D3,True,4.6984064e-06,2.169331e-05,2.8047936e-05,0.0002643308,0.4370173,0.562664
31029,2023-02-21,4,D3,5,D4,4,D3,True,1.400865e-06,7.9576075e-06,1.093198e-05,0.000118352276,0.4351547,0.5647067
31029,2023-02-28,4,D3,5,D4,4,D3,True,1.0782264e-06,6.0529446e-06,8.861779e-06,0.00010921636,0.4336231,0.56625164
31029,2023-03-07,4,D3,5,D4,4,D3,True,6.5593173e-07,3.860227e-06,6.0098214e-06,8.532523e-05,0.4299549,0.5699492
31029,2023-03-14,4,D3,5,D4,4,D3,True,1.6355069e-06,7.5835446e-06,1.2363675e-05,0.00018608524,0.42442122,0.5753711
31029,2023-03-21,4,D3,5,D4,4,D3,True,3.569585e-07,2.3735504e-06,4.2142324e-06,6.278292e-05,0.4141583,0.5857719
31029,2023-03-28,4,D3,5,D4,4,D3,True,2.1900452e-07,1.413431e-06,2.8763984e-06,5.048249e-05,0.40314865,0.5967963
31029,2023-04-04,4,D3,5,D4,4,D3,True,1.11431504e-07,8.12534e-07,2.0168527e-06,3.5430017e-05,0.3882988,0.6116629
31029,2023-04-11,4,D3,5,D4,4,D3,True,3.1546495e-08,2.5816306e-07,1.1625701e-06,3.05948e-05,0.3820443,0.6179236
31029,2023-04-18,4,D3,5,D4,4,D3,True,1.500623e-08,1.3885517e-07,1.228255e-06,3.6658905e-05,0.3687954,0.6311666
31029,2023-04-25,4,D3,5,D4,4,D3,True,3.9946046e-09,3.82784e-08,9.566132e-07,5.3755808e-05,0.35893467,0.6410106
31029,2023-05-02,4,D3,5,D4,4,D3,True,2.2315245e-09,2.1658657e-08,1.1487513e-06,0.00014288563,0.39802185,0.6018341
31029,2023-05-09,4,D3,5,D4,4,D3,True,1.8034044e-08,1.0969525e-07,6.67828e-06,0.0010104434,0.42238536,0.57659745
31029,2023-05-16,3,D2,4,D3,4,D3,False,0.00016887943,0.00014731912,0.0072072404,0.29580593,0.49857652,0.19809408
31029,2023-05-23,3,D2,4,D3,3,D2,True,0.00024694367,0.00028615168,0.0154048,0.35117453,0.4713327,0.16155484
31029,2023-05-30,2,D1,4,D3,3,D2,False,0.00021096898,0.00048536193,0.024230246,0.3844755,0.47575957,0.1148383
31029,2023-06-06,2,D1,4,D3,3,D2,False,0.0010423079,0.0032816571,0.07720991,0.42981195,0.43264806,0.056006186
31029,2023-06-13,2,D1,3,D2,3,D2,False,0.00022192394,0.003966611,0.10018682,0.46561152,0.41853532,0.011477776
31029,2023-06-20,2,D1,3,D2,3,D2,False,0.00012298138,0.006394975,0.16316351,0.47273633,0.35569936,0.0018827218
31029,2023-06-27,2,D1,3,D2,3,D2,False,0.00011265625,0.008350567,0.19993578,0.47200942,0.31889528,0.00069631485
31029,2023-07-04,2,D1,3,D2,3,D2,False,0.0019724602,0.024360798,0.21965101,0.44828135,0.30203992,0.0036943958
31029,2023-07-11,1,D0,3,D2,3,D2,False,0.0059307404,0.052085716,0.26668572,0.43081725,0.24147776,0.0030027698
31029,2023-07-18,1,D0,2,D1,3,D2,False,0.05997327,0.21540323,0.33868986,0.25564918,0.1266995,0.003584894
31029,2023-07-25,1,D0,1,D0,1,D0,True,0.1148392,0.38512906,0.29812202,0.13686317,0.0638095,0.0012370199
31029,2023-08-01,1,D0,1,D0,1,D0,True,0.14900218,0.48949614,0.23988086,0.08070486,0.040340066,0.000575908
31029,2023-08-08,0,None,1,D0,1,D0,False,0.20443203,0.53523207,0.18341881,0.051151983,0.02530312,0.00046196106
31029,2023-08-15,0,None,0,None,0,None,True,0.54546946,0.42979017,0.016260942,0.004751896,0.003463143,0.00026437858
31029,2023-08-22,0,None,0,None,0,None,True,0.52247906,0.45699948,0.015321722,0.0031412921,0.0019007672,0.0001576903
31029,2023-08-29,0,None,1,D0,0,None,True,0.4401334,0.53734326,0.019769289,0.0018893296,0.00078683766,7.7830795e-05
31029,2023-09-05,0,None,1,D0,1,D0,False,0.3543761,0.6201951,0.024326457,0.0008827086,0.00020353205,1.6110822e-05
31029,2023-09-12,0,None,1,D0,1,D0,False,0.3082207,0.6587181,0.031518567,0.001272066,0.00025440034,1.6142887e-05
31029,2023-09-19,0,None,1,D0,1,D0,False,0.25320694,0.6927166,0.05326275,0.00075540354,5.541389e-05,2.8525424e-06
31029,2023-09-26,0,None,1,D0,1,D0,False,0.35126686,0.62602484,0.022474766,0.00021762837,1.397811e-05,1.8889172e-06
31029,2023-10-03,0,None,1,D0,1,D0,False,0.3613224,0.6153469,0.023181811,0.00014051136,6.89496e-06,1.4791037e-06
31029,2023-10-10,1,D0,1,D0,1,D0,True,0.345495,0.6292484,0.025085038,0.00016073369,9.006773e-06,1.8798482e-06
31029,2023-10-17,1,D0,1,D0,1,D0,True,0.18554467,0.722366,0.09200263,8.517178e-05,1.3447919e-06,1.2984314e-07
31029,2023-10-24,1,D0,1,D0,1,D0,True,0.11704471,0.7195051,0.16331899,0.00012960828,1.5367614e-06,8.6004356e-08
31029,2023-10-31,1,D0,1,D0,1,D0,True,0.061891407,0.6375772,0.30017385,0.000353843,3.5895348e-06,8.750242e-08
31029,2023-11-07,1,D0,1,D0,1,D0,True,0.04376737,0.56470263,0.39051196,0.00100336,1.4458679e-05,2.4718304e-07
31029,2023-11-14,1,D0,1,D0,1,D0,True,0.0168225,0.54099596,0.440114,0.0020165765,5.0751154e-05,2.0416473e-07
31029,2023-11-21,1,D0,1,D0,1,D0,True,0.015099169,0.5286868,0.45323062,0.0028821568,0.000100901016,3.8928044e-07
31029,2023-11-28,1,D0,1,D0,1,D0,True,0.0130841825,0.51871103,0.46449068,0.0035691664,0.00014438735,5.1254017e-07
31029,2023-12-05,1,D0,1,D0,1,D0,True,0.013490598,0.51739985,0.46577045,0.0032126314,0.00012597787,5.1031225e-07
31029,2023-12-12,1,D0,1,D0,1,D0,True,0.01113002,0.511704,0.47239956,0.00451208,0.0002535717,7.237355e-07
31029,2023-12-19,1,D0,1,D0,1,D0,True,0.0114817135,0.5135141,0.470002,0.004670542,0.0003306218,1.0435401e-06
31029,2023-12-26,1,D0,1,D0,1,D0,True,0.01849286,0.5178029,0.45956764,0.0038550051,0.00027953341,2.0936625e-06
31029,2024-01-02,1,D0,1,D0,1,D0,True,0.02080004,0.51687455,0.45880583,0.003282313,0.00023494172,2.3337816e-06
31029,2024-01-09,1,D0,1,D0,1,D0,True,0.021254152,0.51279956,0.46248868,0.0031910744,0.00026375017,2.7760593e-06
31029,2024-01-16,1,D0,1,D0,1,D0,True,0.022117497,0.50891495,0.4652855,0.0034015684,0.00027769158,2.8356828e-06
31029,2024-01-23,1,D0,1,D0,1,D0,True,0.01625522,0.5133941,0.46644866,0.003520536,0.00037878673,2.6499276e-06
31029,2024-01-30,1,D0,1,D0,1,D0,True,0.015414618,0.5152639,0.4657395,0.0031858247,0.00039346534,2.7082608e-06
31029,2024-02-06,1,D0,1,D0,1,D0,True,0.01558948,0.51664263,0.46483514,0.0025746431,0.0003556248,2.4553628e-06
31029,2024-02-13,1,D0,1,D0,1,D0,True,0.016310798,0.5226666,0.45863336,0.0020400411,0.0003467083,2.486618e-06
31029,2024-02-20,1,D0,1,D0,1,D0,True,0.13889915,0.5346662,0.3234217,0.0025550867,0.0004285885,2.923917e-05
31029,2024-02-27,1,D0,1,D0,1,D0,True,0.2548999,0.5773162,0.16641316,0.0011939497,0.0001592711,1.7446984e-05
31029,2024-03-05,1,D0,1,D0,1,D0,True,0.13275,0.62117314,0.24467967,0.0012143342,0.00017549194,7.3554224e-06
31029,2024-03-12,0,None,1,D0,1,D0,False,0.13992637,0.62876624,0.230261,0.0009129181,0.00012771352,5.7274515e-06
31029,2024-03-19,0,None,0,None,0,None,True,0.657503,0.34112078,0.0013241618,3.3878157e-05,1.1814927e-05,6.3887865e-06
31029,2024-03-26,0,None,0,None,0,None,True,0.7561302,0.24356411,0.0002870472,1.1298364e-05,5.0171243e-06,2.1783226e-06
31029,2024-04-02,0,None,0,None,0,None,True,0.7906165,0.20920272,0.00016821937,7.585073e-06,3.678768e-06,1.2790097e-06
31029,2024-04-09,0,None,0,None,0,None,True,0.7298228,0.26970607,0.00043792286,2.1165471e-05,8.856642e-06,3.1308546e-06
31029,2024-04-16,0,None,0,None,0,None,True,0.6767047,0.32213807,0.0010857818,4.675894e-05,1.8229332e-05,6.41447e-06
31029,2024-04-23,0,None,0,None,0,None,True,0.6660109,0.33244652,0.0014458345,6.463737e-05,2.379162e-05,8.210872e-06
31029,2024-04-30,0,None,0,None,0,None,True,0.8450198,0.15476836,0.00019621625,1.0275016e-05,4.5569373e-06,8.124623e-07
31029,2024-05-07,0,None,0,None,0,None,True,0.8804465,0.11936656,0.0001776684,6.9071552e-06,2.1207013e-06,2.8404318e-07
31029,2024-05-14,1,D0,0,None,0,None,False,0.8803767,0.11940736,0.00020696894,6.858633e-06,1.876407e-06,2.513034e-07
31029,2024-05-21,0,None,1,D0,0,None,True,0.40496543,0.49276796,0.1018637,0.0003885798,1.2955388e-05,1.4034908e-06
31029,2024-05-28,0,None,0,None,0,None,True,0.71008044,0.28136942,0.008455896,8.437569e-05,7.8181165e-06,1.9735369e-06
31029,2024-06-04,0,None,0,None,0,None,True,0.71542215,0.2795311,0.0049557067,7.4851414e-05,1.2972366e-05,3.2407818e-06
31029,2024-06-11,0,None,0,None,0,None,True,0.69680613,0.29621968,0.006876862,8.2872226e-05,1.1586928e-05,2.9529324e-06
31029,2024-06-18,0,None,0,None,0,None,True,0.68450004,0.3079451,0.0074817142,6.503252e-05,6.496851e-06,1.6405163e-06
31029,2024-06-25,0,None,0,None,0,None,True,0.7297946,0.26436982,0.005777992,5.2867774e-05,3.8392222e-06,8.4772114e-07
31029,2024-07-02,1,D0,0,None,0,None,False,0.7392097,0.25570145,0.0050178287,6.3737156e-05,5.8827086e-06,1.3118439e-06
31029,2024-07-09,1,D0,1,D0,1,D0,True,0.118071355,0.6043792,0.2767027,0.000839972,6.5950153e-06,1.105706e-07
31029,2024-07-16,1,D0,1,D0,1,D0,True,0.11012431,0.5762685,0.31255773,0.001044353,4.991096e-06,1.1866061e-07
31029,2024-07-23,2,D1,1,D0,1,D0,False,0.08086523,0.57321465,0.34438366,0.0015312482,5.00748e-06,1.2875802e-07
31029,2024-07-30,2,D1,1,D0,1,D0,False,0.047892183,0.5593106,0.38360217,0.009167725,2.6913465e-05,3.487079e-07
31029,2024-08-06,2,D1,1,D0,1,D0,False,0.018467562,0.42595518,0.3325455,0.22127326,0.0017547541,3.7674401e-06
31029,2024-08-13,1,D0,1,D0,3,D2,False,0.028297015,0.42239624,0.29106662,0.2543761,0.00383775,2.6241161e-05
31029,2024-08-20,0,None,1,D0,1,D0,False,0.039161496,0.44021294,0.28648826,0.22994722,0.0041193557,7.065247e-05
31029,2024-08-27,0,None,0,None,0,None,True,0.54565793,0.44880044,0.0037374268,0.0013313541,0.0002651852,0.00020764682
31029,2024-09-03,0,None,0,None,0,None,True,0.6408365,0.35907236,6.995931e-05,7.694831e-06,7.843986e-06,5.6188824e-06
31029,2024-09-10,0,None,0,None,0,None,True,0.64417076,0.35578388,3.84562e-05,1.6111342e-06,2.701736e-06,2.6522707e-06
31029,2024-09-17,0,None,0,None,0,None,True,0.57099354,0.42878178,0.00020247119,6.9032217e-06,7.398522e-06,7.891828e-06
31029,2024-09-24,0,None,1,D0,1,D0,False,0.40297604,0.5950149,0.0019437774,1.7691107e-05,2.064898e-05,2.6927217e-05
31029,2024-10-01,0,None,1,D0,1,D0,False,0.31623858,0.6755961,0.007939724,4.2372012e-05,8.5887856e-05,9.7280164e-05
31029,2024-10-08,0,None,1,D0,1,D0,False,0.24276514,0.74224764,0.013062933,5.1835217e-05,0.0008051947,0.0010672482
31029,2024-10-15,1,D0,1,D0,1,D0,True,0.30432382,0.6588336,0.016728833,0.0001346689,0.008671021,0.011308097
31029,2024-10-22,1,D0,5,D4,4,D3,False,0.011380118,0.11023874,0.025498778,0.00081066845,0.31666738,0.5354044
31029,2024-10-29,1,D0,5,D4,5,D4,False,0.0026117286,0.027064178,0.011064039,0.00046778494,0.31255528,0.6462371
31029,2024-11-05,1,D0,5,D4,5,D4,False,0.0075885374,0.054185916,0.03419625,0.0012670397,0.29633796,0.6064242
31029,2024-11-12,0,None,1,D0,1,D0,False,0.10308485,0.4900654,0.3905144,0.0015055008,0.008125631,0.0067043263
31029,2024-11-19,0,None,0,None,0,None,True,0.78935266,0.20795213,0.0023375626,3.923239e-05,0.00016051045,0.00015779246
31029,2024-11-26,0,None,0,None,0,None,True,0.8931151,0.10676657,0.000108341934,9.9751e-07,5.5249766e-06,3.3617237e-06
31029,2024-12-03,0,None,0,None,0,None,True,0.90628195,0.09367359,4.1967898e-05,2.5499472e-07,1.4633978e-06,8.160376e-07
31029,2024-12-10,0,None,0,None,0,None,True,0.89762837,0.10232869,4.098722e-05,1.9272692e-07,1.038294e-06,6.621126e-07
31029,2024-12-17,0,None,0,None,0,None,True,0.8395899,0.16030672,9.6710595e-05,4.0452542e-07,3.2028515e-06,3.0767612e-06
31029,2024-12-24,0,None,0,None,0,None,True,0.8497052,0.15020832,8.211923e-05,3.0832652e-07,2.0109555e-06,1.9947124e-06
31029,2024-12-31,0,None,0,None,0,None,True,0.86298496,0.13695022,6.2016945e-05,2.2097032e-07,1.347429e-06,1.2620548e-06
31029,2025-01-07,0,None,0,None,0,None,True,0.87800443,0.12194377,5.0128234e-05,1.4998953e-07,7.9818955e-07,6.737962e-07
31029,2025-01-14,0,None,0,None,0,None,True,0.8194872,0.18038607,0.00012320369,2.9161782e-07,1.5984498e-06,1.7033527e-06
31029,2025-01-21,0,None,0,None,0,None,True,0.77373,0.22608691,0.00017940468,3.1689703e-07,1.5113353e-06,1.8978136e-06
31029,2025-01-28,0,None,0,None,0,None,True,0.6867723,0.31288138,0.00034291224,3.766777e-07,1.2001199e-06,1.8155486e-06
31029,2025-02-04,0,None,0,None,0,None,True,0.63678867,0.36283556,0.00037361094,2.985425e-07,7.037839e-07,1.2079262e-06
31029,2025-02-11,1,D0,0,None,0,None,False,0.6352913,0.36435843,0.0003487194,2.321795e-07,4.5986891e-07,9.301681e-07
31029,2025-02-18,1,D0,1,D0,1,D0,True,0.16765231,0.82061595,0.011730098,2.5271407e-07,3.860764e-07,9.907101e-07
31029,2025-02-25,1,D0,1,D0,1,D0,True,0.14444359,0.8321632,0.023391848,2.274506e-07,3.055226e-07,9.1119784e-07
31029,2025-03-04,1,D0,1,D0,1,D0,True,0.117192455,0.84999746,0.03280797,3.568349e-07,5.0508095e-07,1.1814615e-06
31029,2025-03-11,1,D0,1,D0,1,D0,True,0.12682298,0.8312017,0.04197309,5.957952e-07,5.412112e-07,1.0716034e-06
31029,2025-03-18,1,D0,1,D0,1,D0,True,0.11197266,0.83343846,0.0545873,6.0963737e-07,3.8301198e-07,5.8151534e-07
31029,2025-03-25,1,D0,1,D0,1,D0,True,0.101214424,0.8311622,0.06762224,5.0989416e-07,2.4760266e-07,3.5270222e-07
31029,2025-04-01,1,D0,1,D0,1,D0,True,0.12869193,0.7912304,0.080076784,4.74838e-07,1.4622825e-07,2.476217e-07
31029,2025-04-08,0,None,1,D0,1,D0,False,0.15752481,0.74778986,0.09468486,3.5923853e-07,5.8665172e-08,1.0409747e-07
31029,2025-04-15,0,None,0,None,0,None,True,0.5106083,0.48272339,0.0066675814,4.7145065e-07,9.232075e-08,1.656645e-07
31029,2025-04-22,0,None,0,None,0,None,True,0.5773021,0.42086193,0.0018354837,3.0759765e-07,7.865496e-08,1.3725038e-07
31029,2025-04-29,0,None,0,None,0,None,True,0.60935354,0.38995764,0.00068842067,2.6136777e-07,8.190926e-08,1.4363752e-07
31029,2025-05-06,1,D0,0,None,0,None,False,0.541312,0.4557582,0.0029266325,2.2980853e-06,3.5523743e-07,4.8432594e-07
31029,2025-05-13,2,D1,1,D0,1,D0,False,0.102454305,0.7146287,0.1829008,1.5894493e-05,2.9193316e-07,3.8577596e-08
31029,2025-05-20,2,D1,1,D0,1,D0,False,0.09008331,0.62232524,0.28755492,3.6053534e-05,4.4849116e-07,3.130944e-08
31029,2025-05-27,2,D1,1,D0,1,D0,False,0.05578855,0.54055214,0.40318212,0.00047280957,4.409243e-06,5.2791155e-08
31029,2025-06-03,1,D0,2,D1,2,D1,False,0.024225036,0.4850516,0.485894,0.0047798445,4.943257e-05,6.449814e-08
31029,2025-06-10,1,D0,2,D1,2,D1,False,0.011684544,0.37874198,0.5858,0.023483077,0.00029026938,1.6820383e-07
31029,2025-06-17,1,D0,2,D1,2,D1,False,0.008693043,0.33218202,0.61338645,0.04480566,0.0009323606,4.7316487e-07
31029,2025-06-24,1,D0,2,D1,2,D1,False,0.006551018,0.27650234,0.61641175,0.09767323,0.0028601168,1.5519734e-06
31029,2025-07-01,0,None,2,D1,2,D1,False,0.005902599,0.15058814,0.67158014,0.16694045,0.0049865874,2.0744696e-06
31029,2025-07-08,0,None,0,None,0,None,True,0.82159644,0.17162736,0.0040759845,0.002204785,0.00048640175,9.133595e-06
31029,2025-07-15,0,None,0,None,0,None,True,0.8778821,0.12120308,0.0005649132,0.00024738986,0.00010103811,1.4666368e-06
31029,2025-07-22,0,None,0,None,0,None,True,0.88017565,0.119107805,0.0004595905,0.00017776423,7.825376e-05,9.871504e-07
31029,2025-07-29,0,None,0,None,0,None,True,0.8433564,0.15553997,0.0007517695,0.00023782998,0.00011223874,1.7784907e-06
31029,2025-08-05,0,None,0,None,0,None,True,0.79761624,0.20067689,0.0011504864,0.0003649424,0.00018898408,2.434229e-06
31029,2025-08-12,0,None,0,None,0,None,True,0.7860076,0.21177179,0.0015124165,0.0004485349,0.00025664913,2.979201e-06
31029,2025-08-19,0,None,0,None,0,None,True,0.7108834,0.28563878,0.0022970976,0.00073882454,0.0004361492,5.7962943e-06
31029,2025-08-26,0,None,0,None,0,None,True,0.7009786,0.29638514,0.0016146448,0.0005924891,0.00041602046,1.305278e-05
31029,2025-09-02,0,None,0,None,0,None,True,0.75265896,0.24607293,0.000626257,0.00031837335,0.00030948073,1.3960895e-05
31029,2025-09-09,0,None,0,None,0,None,True,0.78757423,0.21172996,0.0003042179,0.00016016653,0.00021880626,1.2652774e-05
31029,2025-09-16,0,None,0,None,0,None,True,0.74071467,0.25890934,0.0001872467,8.146803e-05,9.6116106e-05,1.1036188e-05
31029,2025-09-23,0,None,0,None,0,None,True,0.8100049,0.18992911,4.5212637e-05,9.3567905e-06,1.0375053e-05,1.1769697e-06
31029,2025-09-30,0,None,0,None,0,None,True,0.7821781,0.21778107,3.4176108e-05,3.2192845e-06,2.7828933e-06,6.291927e-07
31029,2025-10-07,0,None,0,None,0,None,True,0.7675234,0.23244856,2.7066888e-05,4.9572856e-07,2.6727707e-07,1.5408355e-07
31029,2025-10-14,0,None,0,None,0,None,True,0.8244327,0.17554806,1.9004005e-05,1.6606168e-07,8.127635e-08,5.4092588e-08
31029,2025-10-21,0,None,0,None,0,None,True,0.73479366,0.26509774,0.00010801661,4.2589292e-07,8.5062744e-08,1.02990235e-07
31029,2025-10-28,0,None,0,None,0,None,True,0.7065551,0.29329088,0.00015346766,3.7954618e-07,5.4845735e-08,9.182601e-08
31029,2025-11-04,0,None,0,None,0,None,True,0.65519893,0.34451827,0.00028247287,2.3797514e-07,2.3698169e-08,5.9199426e-08
31029,2025-11-11,0,None,0,None,0,None,True,0.6671759,0.33258685,0.00023717432,6.578756e-08,3.5580396e-09,1.948356e-08
31029,2025-11-18,0,None,0,None,0,None,True,0.66625845,0.3334781,0.00026329726,1.2184313e-07,7.462337e-09,3.8975653e-08
31029,2025-11-25,1,D0,0,None,0,None,False,0.7014129,0.2983877,0.00019910837,2.1450963e-07,1.5084098e-08,8.5478256e-08
31029,2025-12-02,1,D0,1,D0,1,D0,True,0.36124298,0.6295589,0.009194695,3.090121e-06,6.544281e-08,2.7955878e-07
31029,2025-12-09,1,D0,1,D0,1,D0,True,0.28793773,0.69841105,0.013649527,1.5687187e-06,2.6008276e-08,1.0377042e-07
31029,2025-12-16,1,D0,1,D0,1,D0,True,0.24791095,0.73182875,0.020259257,9.524559e-07,1.6614642e-08,7.205929e-08
31029,2025-12-23,1,D0,1,D0,1,D0,True,0.19378637,0.7772522,0.028960124,1.2304852e-06,2.844198e-08,8.75212e-08
31029,2025-12-30,1,D0,1,D0,1,D0,True,0.1179481,0.840994,0.041057095,7.946599e-07,3.1167545e-08,3.9091965e-08
31031,2022-01-04,1,D0,1,D0,1,D0,True,0.008075744,0.5328233,0.45830703,0.0004963114,0.0002960424,1.5611205e-06
31031,2022-01-11,1,D0,1,D0,1,D0,True,0.007751753,0.53477764,0.45676824,0.00041356878,0.00028719392,1.5789908e-06
31031,2022-01-18,1,D0,1,D0,1,D0,True,0.007779118,0.53660816,0.45504004,0.00033359564,0.00023762262,1.4368746e-06
31031,2022-01-25,1,D0,1,D0,1,D0,True,0.0068057603,0.5389415,0.45380023,0.00025676173,0.0001946798,1.15767e-06
31031,2022-02-01,1,D0,1,D0,1,D0,True,0.0062198876,0.53925747,0.4541031,0.00023156957,0.0001868645,1.0833489e-06
31031,2022-02-08,1,D0,1,D0,1,D0,True,0.0058384202,0.539953,0.4538202,0.00022693777,0.00016058578,9.042828e-07
31031,2022-02-15,2,D1,1,D0,1,D0,False,0.00588185,0.5374752,0.45625457,0.00023710309,0.00015027387,9.3111066e-07
31031,2022-02-22,2,D1,1,D0,1,D0,False,0.005737626,0.53244674,0.4614272,0.00024105674,0.0001462712,1.0349919e-06
31031,2022-03-01,2,D1,1,D0,1,D0,False,0.005305951,0.52781147,0.46641627,0.00029945,0.00016591282,1.0217381e-06
31031,2022-03-08,2,D1,1,D0,1,D0,False,0.0062921112,0.5300981,0.4632908,0.00022425488,9.4093004e-05,5.9234344e-07
31031,2022-03-15,2,D1,1,D0,1,D0,False,0.0064612543,0.5281734,0.46511558,0.00018609752,6.331326e-05,3.8303082e-07
31031,2022-03-22,2,D1,1,D0,1,D0,False,0.007016426,0.5222093,0.47041973,0.0002891419,6.504511e-05,3.7459392e-07
31031,2022-03-29,2,D1,1,D0,1,D0,False,0.007279884,0.51792336,0.47436118,0.0003707757,6.453182e-05,3.1085816e-07
31031,2022-04-05,2,D1,1,D0,1,D0,False,0.0074703656,0.50667465,0.4845936,0.0011214812,0.00013938037,6.2458116e-07
31031,2022-04-12,2,D1,2,D1,2,D1,True,0.005951123,0.49108705,0.5000163,0.0026853285,0.00025949333,7.168408e-07
31031,2022-04-19,2,D1,2,D1,2,D1,True,0.0037615327,0.4463841,0.5324307,0.015997045,0.0014246022,1.999661e-06
31031,2022-04-26,2,D1,2,D1,2,D1,True,0.0031113157,0.3754003,0.5392081,0.077188455,0.0050889687,2.9247215e-06
31031,2022-05-03,2,D1,2,D1,2,D1,True,0.030675227,0.34255254,0.4442469,0.15150344,0.03090329,0.000118616736
31031,2022-05-10,2,D1,2,D1,3,D2,False,0.013465272,0.20499074,0.32849452,0.29396966,0.15883234,0.00024743908
31031,2022-05-17,2,D1,2,D1,3,D2,False,0.00358907,0.19529231,0.32630524,0.31362247,0.16114172,4.9212522e-05
31031,2022-05-24,2,D1,2,D1,3,D2,False,0.0049298336,0.21470836,0.34910682,0.29510492,0.13610685,4.320961e-05
31031,2022-05-31,2,D1,2,D1,3,D2,False,0.0043455632,0.22590847,0.33532888,0.29675832,0.13759686,6.187189e-05
31031,2022-06-07,2,D1,2,D1,3,D2,False,0.004621229,0.23202333,0.33690262,0.29960787,0.1267798,6.507283e-05
31031,2022-06-14,2,D1,2,D1,3,D2,False,0.0037941767,0.22559847,0.33881965,0.30986282,0.121868245,5.6644076e-05
31031,2022-06-21,2,D1,2,D1,3,D2,False,0.005393933,0.2520446,0.3606559,0.30542946,0.076429754,4.6330777e-05
31031,2022-06-28,2,D1,2,D1,3,D2,False,0.00270393,0.22709711,0.3618574,0.3369024,0.07140935,2.9824681e-05
31031,2022-07-05,2,D1,2,D1,3,D2,False,0.0049694823,0.26823854,0.36072665,0.31447822,0.051538907,4.8218328e-05
31031,2022-07-12,2,D1,2,D1,3,D2,False,0.0068843146,0.30346173,0.37863156,0.28613344,0.024861256,2.7741165e-05
31031,2022-07-19,3,D2,2,D1,3,D2,True,0.013865374,0.3644477,0.37594938,0.2304463,0.015254496,3.6714977e-05
31031,2022-07-26,3,D2,2,D1,3,D2,True,0.0119137755,0.34032133,0.36924565,0.2589506,0.019510025,5.8676003e-05
31031,2022-08-02,3,D2,2,D1,3,D2,True,0.016922634,0.34698546,0.35846618,0.25420538,0.023301825,0.00011856745
31031,2022-08-09,3,D2,2,D1,3,D2,True,0.00871895,0.29139218,0.34421763,0.31287992,0.04265836,0.00013291479
31031,2022-08-16,3,D2,3,D2,3,D2,True,0.0072347824,0.2551025,0.3052999,0.34886816,0.08313096,0.00036368947
31031,2022-08-23,3,D2,3,D2,3,D2,True,0.009411048,0.2384355,0.27755293,0.36419868,0.10958033,0.00082151894
31031,2022-08-30,3,D2,4,D3,3,D2,True,0.0066076764,0.16522539,0.18561836,0.31019795,0.3270293,0.0053213444
31031,2022-09-06,2,D1,4,D3,4,D3,False,0.0008280544,0.010392307,0.009415647,0.03781596,0.84770054,0.0938475
31031,2022-09-13,2,D1,4,D3,4,D3,False,3.2496402e-05,0.00016330238,0.00015783614,0.0019728756,0.5804436,0.41722986
31031,2022-09-20,3,D2,4,D3,4,D3,False,3.3225202e-05,0.00012356392,0.00010485823,0.001213265,0.50639206,0.49213308
31031,2022-09-27,3,D2,5,D4,4,D3,False,9.738286e-06,3.48129e-05,3.3596687e-05,0.00050706055,0.45857137,0.5408434
31031,2022-10-04,3,D2,5,D4,4,D3,False,6.755007e-07,2.8043298e-06,3.3032527e-06,7.487522e-05,0.4322943,0.56762403
31031,2022-10-11,3,D2,5,D4,4,D3,False,5.875558e-07,2.192825e-06,2.1098492e-06,4.6638637e-05,0.43757913,0.5623693
31031,2022-10-18,3,D2,5,D4,4,D3,False,9.746236e-08,4.967222e-07,5.8233206e-07,1.4943847e-05,0.43568063,0.5643032
31031,2022-10-25,3,D2,5,D4,4,D3,False,4.196495e-08,2.4474775e-07,3.4200056e-07,8.745513e-06,0.4398605,0.5601302
31031,2022-11-01,3,D2,5,D4,4,D3,False,8.581453e-08,4.3033802e-07,4.980558e-07,1.2800028e-05,0.4483967,0.5515895
31031,2022-11-08,3,D2,5,D4,4,D3,False,2.501153e-07,1.0163305e-06,1.0695279e-06,2.6906077e-05,0.460251,0.53971976
31031,2022-11-15,3,D2,5,D4,4,D3,False,3.355163e-07,1.2908988e-06,1.2983561e-06,3.12095e-05,0.4630637,0.5369021
31031,2022-11-22,3,D2,5,D4,4,D3,False,3.684735e-07,1.5457388e-06,1.7651658e-06,3.834958e-05,0.47107428,0.5288837
31031,2022-11-29,3,D2,5,D4,4,D3,False,4.7684296e-07,1.9508375e-06,2.1113206e-06,4.163297e-05,0.4713312,0.5286226
31031,2022-12-06,3,D2,5,D4,4,D3,False,3.6988482e-07,1.8288504e-06,1.9224713e-06,3.0473982e-05,0.47018132,0.529784
31031,2022-12-13,3,D2,5,D4,4,D3,False,9.913537e-07,3.5758858e-06,3.634665e-06,6.168671e-05,0.47234392,0.52758616
31031,2022-12-20,3,D2,5,D4,4,D3,False,2.6816494e-06,7.3024758e-06,7.344941e-06,0.00011980697,0.47424,0.5256229
31031,2022-12-27,3,D2,5,D4,4,D3,False,3.2300593e-06,9.596571e-06,9.752642e-06,0.0001363289,0.46743515,0.5324059
31031,2023-01-03,3,D2,5,D4,4,D3,False,9.119904e-06,2.078764e-05,1.8708222e-05,0.00021389202,0.46227676,0.5374608
31031,2023-01-10,3,D2,5,D4,4,D3,False,3.953234e-05,6.8728456e-05,6.2246145e-05,0.0006236552,0.45324162,0.5459643
31031,2023-01-17,3,D2,5,D4,4,D3,False,1.4823331e-05,3.642471e-05,3.107692e-05,0.00027774408,0.44861993,0.55102
31031,2023-01-24,3,D2,5,D4,4,D3,False,0.00011274536,0.00016532557,0.00014118919,0.0011430155,0.44366038,0.5547773
31031,2023-01-31,3,D2,5,D4,4,D3,False,8.533277e-05,0.00015638143,0.00015406008,0.0012246113,0.4395541,0.55882555
31031,2023-02-07,3,D2,5,D4,4,D3,False,7.85748e-06,3.266693e-05,3.7898313e-05,0.00033554566,0.43797103,0.56161505
31031,2023-02-14,2,D1,5,D4,4,D3,False,4.6984064e-06,2.169331e-05,2.8047936e-05,0.0002643308,0.4370173,0.562664
31031,2023-02-21,2,D1,5,D4,4,D3,False,1.400865e-06,7.9576075e-06,1.093198e-05,0.000118352276,0.4351547,0.5647067
31031,2023-02-28,2,D1,5,D4,4,D3,False,1.0782264e-06,6.0529446e-06,8.861779e-06,0.00010921636,0.4336231,0.56625164
31031,2023-03-07,2,D1,5,D4,4,D3,False,6.5593173e-07,3.860227e-06,6.0098214e-06,8.532523e-05,0.4299549,0.5699492
31031,2023-03-14,2,D1,5,D4,4,D3,False,1.6355069e-06,7.5835446e-06,1.2363675e-05,0.00018608524,0.42442122,0.5753711
31031,2023-03-21,2,D1,5,D4,4,D3,False,3.569579e-07,2.3735463e-06,4.2142287e-06,6.278287e-05,0.41415823,0.58577204
31031,2023-03-28,2,D1,5,D4,4,D3,False,2.1900523e-07,1.413433e-06,2.8764052e-06,5.048246e-05,0.4031484,0.5967965
31031,2023-04-04,2,D1,5,D4,4,D3,False,1.11431504e-07,8.12534e-07,2.0168527e-06,3.5430017e-05,0.3882988,0.6116629
31031,2023-04-11,2,D1,5,D4,4,D3,False,3.1546495e-08,2.5816306e-07,1.1625701e-06,3.05948e-05,0.3820443,0.6179236
31031,2023-04-18,2,D1,5,D4,4,D3,False,1.500623e-08,1.3885517e-07,1.228255e-06,3.6658905e-05,0.3687954,0.6311666
31031,2023-04-25,2,D1,5,D4,4,D3,False,3.9946046e-09,3.82784e-08,9.566132e-07,5.3755808e-05,0.35893467,0.6410106
31031,2023-05-02,2,D1,5,D4,4,D3,False,2.2315245e-09,2.1658657e-08,1.1487513e-06,0.00014288563,0.39802185,0.6018341
31031,2023-05-09,2,D1,5,D4,4,D3,False,1.8034044e-08,1.0969525e-07,6.67828e-06,0.0010104434,0.42238536,0.57659745
31031,2023-05-16,1,D0,4,D3,4,D3,False,0.00016887943,0.00014731912,0.0072072404,0.29580593,0.49857652,0.19809408
31031,2023-05-23,1,D0,4,D3,3,D2,False,0.00024694367,0.00028615168,0.0154048,0.35117453,0.4713327,0.16155484
31031,2023-05-30,1,D0,4,D3,3,D2,False,0.00021096898,0.00048536193,0.024230246,0.3844755,0.47575957,0.1148383
31031,2023-06-06,1,D0,4,D3,3,D2,False,0.0010423079,0.0032816571,0.07720991,0.42981195,0.43264806,0.056006186
31031,2023-06-13,1,D0,3,D2,3,D2,False,0.00022192394,0.003966611,0.10018682,0.46561152,0.41853532,0.011477776
31031,2023-06-20,1,D0,3,D2,3,D2,False,0.00012298138,0.006394975,0.16316351,0.47273633,0.35569936,0.0018827218
31031,2023-06-27,0,None,3,D2,3,D2,False,0.00011265625,0.008350567,0.19993578,0.47200942,0.31889528,0.00069631485
31031,2023-07-04,0,None,3,D2,3,D2,False,0.011830684,0.052232593,0.19094566,0.44110823,0.29273254,0.011150255
31031,2023-07-11,0,None,0,None,0,None,True,0.55157113,0.37361068,0.03658571,0.023827527,0.013043094,0.0013618597
31031,2023-07-18,0,None,0,None,0,None,True,0.6529194,0.33530703,0.0075621577,0.0024610437,0.0016214611,0.00012895037
31031,2023-07-25,0,None,0,None,0,None,True,0.61784697,0.37237757,0.006609306,0.0018086802,0.0012763727,8.105427e-05
31031,2023-08-01,0,None,0,None,0,None,True,0.5812187,0.40774795,0.007878992,0.0017568509,0.0013076141,8.9791465e-05
31031,2023-08-08,0,None,0,None,0,None,True,0.59914017,0.39210168,0.006531793,0.0012417521,0.0009183478,6.626685e-05
31031,2023-08-15,0,None,0,None,0,None,True,0.5284518,0.45415536,0.014382696,0.0019204079,0.0010094214,8.0397425e-05
31031,2023-08-22,0,None,1,D0,0,None,True,0.4647868,0.511504,0.021304367,0.0016882897,0.00065581745,6.0714334e-05
31031,2023-08-29,0,None,1,D0,1,D0,False,0.4152193,0.5633714,0.020533154,0.00067765586,0.0001797434,1.8796845e-05
31031,2023-09-05,0,None,1,D0,1,D0,False,0.35142303,0.6220192,0.026119338,0.00037048603,6.204124e-05,5.9639424e-06
31031,2023-09-12,0,None,1,D0,1,D0,False,0.32627076,0.6417322,0.031409934,0.0005000754,7.890731e-05,8.106125e-06
31031,2023-09-19,0,None,1,D0,1,D0,False,0.37685964,0.6041459,0.01883008,0.00014630434,1.51278045e-05,3.050958e-06
31031,2023-09-26,0,None,1,D0,0,None,True,0.48522955,0.5092672,0.0054676635,3.043294e-05,3.5016324e-06,1.7119222e-06
31031,2023-10-03,0,None,0,None,0,None,True,0.53507835,0.46076292,0.0041442234,1.2493048e-05,1.1785734e-06,8.963635e-07
31031,2023-10-10,0,None,0,None,0,None,True,0.5382809,0.45763275,0.004072289,1.1704102e-05,1.2987565e-06,1.0487993e-06
31031,2023-10-17,0,None,0,None,0,None,True,0.6253487,0.37377793,0.0008722818,9.371198e-07,9.088313e-08,9.765451e-08
31031,2023-10-24,0,None,0,None,0,None,True,0.79687566,0.20308247,4.1658528e-05,7.761243e-08,4.7282274e-08,3.6855585e-08
31031,2023-10-31,0,None,0,None,0,None,True,0.82154036,0.1784311,2.8477822e-05,4.2710802e-08,3.286904e-08,2.3733273e-08
31031,2023-11-07,0,None,0,None,0,None,True,0.83830994,0.161663,2.6954533e-05,4.1159762e-08,3.511695e-08,2.2894968e-08
31031,2023-11-14,0,None,0,None,0,None,True,0.7173937,0.2824271,0.00017866837,2.6323266e-07,1.3800357e-07,1.2161526e-07
31031,2023-11-21,0,None,0,None,0,None,True,0.7167846,0.28306007,0.00015456358,3.2368177e-07,2.2461018e-07,2.1051731e-07
31031,2023-11-28,0,None,0,None,0,None,True,0.73059434,0.26924706,0.0001577578,4.2284958e-07,2.9418652e-07,2.5236338e-07
31031,2023-12-05,0,None,0,None,0,None,True,0.74634165,0.25351912,0.0001382416,4.548458e-07,2.9826438e-07,2.3249024e-07
31031,2023-12-12,0,None,0,None,0,None,True,0.7527391,0.2471222,0.0001371434,8.6617246e-07,4.7504184e-07,2.8302458e-07
31031,2023-12-19,0,None,0,None,0,None,True,0.7883873,0.21151684,9.422631e-05,9.4395574e-07,5.0516434e-07,2.3316285e-07
31031,2023-12-26,0,None,0,None,0,None,True,0.874533,0.12542939,3.6716e-05,5.015357e-07,2.9298852e-07,8.2212324e-08
31031,2024-01-02,0,None,0,None,0,None,True,0.9009361,0.09903726,2.5900725e-05,4.395877e-07,2.589529e-07,5.776108e-08
31031,2024-01-09,0,None,0,None,0,None,True,0.90681005,0.093166105,2.2939686e-05,5.606255e-07,3.3001882e-07,6.5304384e-08
31031,2024-01-16,0,None,0,None,0,None,True,0.91029847,0.089678444,2.1912283e-05,7.2137055e-07,3.731338e-07,6.735989e-08
31031,2024-01-23,0,None,0,None,0,None,True,0.89756763,0.10240606,2.4699613e-05,1.0511425e-06,4.4851055e-07,7.7370025e-08
31031,2024-01-30,0,None,0,None,0,None,True,0.8985383,0.101437554,2.247912e-05,1.0797554e-06,5.3190746e-07,9.298521e-08
31031,2024-02-06,0,None,0,None,0,None,True,0.8960883,0.10388607,2.369527e-05,1.153174e-06,5.9874213e-07,1.075339e-07
31031,2024-02-13,0,None,0,None,0,None,True,0.88341093,0.11655681,2.9954495e-05,1.4782315e-06,7.427814e-07,1.4152027e-07
31031,2024-02-20,0,None,0,None,0,None,True,0.8460333,0.15391411,4.8553167e-05,2.5934205e-06,1.1664084e-06,2.559524e-07
31031,2024-02-27,0,None,0,None,0,None,True,0.80539626,0.1945141,8.301803e-05,4.2441698e-06,1.9138513e-06,4.6980892e-07
31031,2024-03-05,0,None,0,None,0,None,True,0.64728343,0.35233054,0.00036362844,1.5016951e-05,5.659233e-06,1.7773212e-06
31031,2024-03-12,0,None,0,None,0,None,True,0.5988963,0.4005961,0.0004758146,2.0929452e-05,7.83885e-06,2.9686405e-06
31031,2024-03-19,0,None,0,None,0,None,True,0.61299425,0.38655236,0.00041751857,2.2870448e-05,9.208835e-06,3.7656987e-06
31031,2024-03-26,0,None,0,None,0,None,True,0.6962411,0.30351162,0.00022208627,1.4997147e-05,7.3487054e-06,2.7596543e-06
31031,2024-04-02,0,None,0,None,0,None,True,0.766658,0.23315592,0.00016370177,1.2735902e-05,7.3600454e-06,2.2605025e-06
31031,2024-04-09,0,None,0,None,0,None,True,0.7014046,0.29806763,0.00047377712,3.337473e-05,1.5868645e-05,4.7885965e-06
31031,2024-04-16,0,None,0,None,0,None,True,0.65610343,0.3427086,0.001076901,6.976767e-05,3.1655516e-05,9.554404e-06
31031,2024-04-23,0,None,0,None,0,None,True,0.65855634,0.3400542,0.0012443454,9.0842885e-05,4.1325453e-05,1.2980338e-05
31031,2024-04-30,0,None,0,None,0,None,True,0.8554627,0.14432824,0.00017887804,1.7802706e-05,1.0503214e-05,1.8970162e-06
31031,2024-05-07,0,None,0,None,0,None,True,0.8857935,0.11401121,0.00017307932,1.5092796e-05,6.223019e-06,8.504151e-07
31031,2024-05-14,0,None,0,None,0,None,True,0.88349444,0.11626219,0.0002174616,1.8463254e-05,6.68592e-06,8.629549e-07
31031,2024-05-21,0,None,0,None,0,None,True,0.88569725,0.11409007,0.00018300547,2.0206147e-05,8.480879e-06,1.0146097e-06
31031,2024-05-28,0,None,0,None,0,None,True,0.8861362,0.11349391,0.00030842941,4.3470325e-05,1.6723046e-05,1.3136357e-06
31031,2024-06-04,0,None,0,None,0,None,True,0.8655888,0.13402002,0.00032724507,4.302484e-05,1.8985686e-05,1.9995352e-06
31031,2024-06-11,0,None,0,None,0,None,True,0.85276043,0.14668925,0.00047181218,5.568287e-05,2.0610465e-05,2.182288e-06
31031,2024-06-18,0,None,0,None,0,None,True,0.8399565,0.15934058,0.0006179053,6.51186e-05,1.814471e-05,1.730422e-06
31031,2024-06-25,0,None,0,None,0,None,True,0.85420024,0.14516594,0.0005514687,6.754716e-05,1.3728939e-05,1.0341314e-06
31031,2024-07-02,0,None,0,None,0,None,True,0.84917504,0.15017624,0.0005491603,8.304932e-05,1.5321057e-05,1.2301422e-06
31031,2024-07-09,0,None,0,None,0,None,True,0.8422582,0.15703285,0.00058744755,0.00010518412,1.5081829e-05,1.2368096e-06
31031,2024-07-16,0,None,0,None,0,None,True,0.82997465,0.16973814,0.00024329395,3.8118713e-05,5.090041e-06,7.129448e-07
31031,2024-07-23,0,None,0,None,0,None,True,0.73645914,0.26333642,0.00017655466,2.2314014e-05,4.21867e-06,1.4214381e-06
31031,2024-07-30,0,None,0,None,0,None,True,0.64036214,0.35937968,0.0002261859,2.3683231e-05,5.295451e-06,3.1445538e-06
31031,2024-08-06,1,D0,0,None,0,None,False,0.5431676,0.456188,0.0005872389,4.2973094e-05,7.358681e-06,6.850383e-06
31031,2024-08-13,1,D0,1,D0,1,D0,True,0.18786001,0.78989804,0.022223018,1.834085e-05,3.5761622e-07,2.569493e-07
31031,2024-08-20,1,D0,1,D0,1,D0,True,0.097440414,0.8214024,0.081083186,7.350865e-05,3.6653387e-07,1.1254878e-07
31031,2024-08-27,2,D1,1,D0,1,D0,False,0.07072659,0.7224332,0.20546411,0.0013714995,4.0850477e-06,5.9373036e-07
31031,2024-09-03,2,D1,1,D0,1,D0,False,0.048232827,0.63255054,0.29404306,0.025076983,9.236343e-05,4.19248e-06
31031,2024-09-10,2,D1,1,D0,1,D0,False,0.04091447,0.57034063,0.3336103,0.05489693,0.00023039654,7.3084807e-06
31031,2024-09-17,2,D1,1,D0,1,D0,False,0.022772692,0.477886,0.3761247,0.12236403,0.00084425765,8.291884e-06
31031,2024-09-24,2,D1,2,D1,2,D1,True,0.019192906,0.39027622,0.39397973,0.1921227,0.004383482,4.495709e-05
31031,2024-10-01,2,D1,3,D2,3,D2,False,0.00483791,0.06738392,0.18972355,0.46929327,0.24778536,0.020976037
31031,2024-10-08,2,D1,5,D4,4,D3,False,1.7961083e-05,8.043629e-05,0.00043380764,0.008852681,0.4766793,0.5139358
31031,2024-10-15,3,D2,5,D4,4,D3,False,2.0504133e-06,1.023669e-05,9.928124e-05,0.0043547754,0.48276302,0.51277065
31031,2024-10-22,3,D2,5,D4,4,D3,False,4.027563e-07,2.5892507e-06,2.688783e-05,0.0012555361,0.45398325,0.5447314
31031,2024-10-29,3,D2,5,D4,4,D3,False,3.4311532e-07,2.4044293e-06,2.1970316e-05,0.00074622803,0.46297735,0.5362517
31031,2024-11-05,3,D2,4,D3,4,D3,False,1.9457225e-06,8.657445e-06,6.925854e-05,0.0025004642,0.5216281,0.47579166
31031,2024-11-12,3,D2,4,D3,4,D3,False,0.0002727837,0.00062213093,0.0030691414,0.05381934,0.551931,0.3902855
31031,2024-11-19,3,D2,4,D3,4,D3,False,0.0012649491,0.0025894993,0.013462507,0.14699525,0.52349746,0.31219035
31031,2024-11-26,3,D2,4,D3,4,D3,False,0.0029696915,0.006210119,0.041551124,0.28033882,0.4422301,0.22670014
31031,2024-12-03,3,D2,4,D3,4,D3,False,0.0018250666,0.00522191,0.035576336,0.21308412,0.4644786,0.27981403
31031,2024-12-10,3,D2,4,D3,4,D3,False,0.0005346573,0.0023569565,0.01299311,0.055168044,0.48782164,0.44112566
31031,2024-12-17,3,D2,5,D4,4,D3,False,1.1870298e-05,0.00012481752,0.0003640235,0.0009268591,0.40976164,0.5888108
31031,2024-12-24,3,D2,5,D4,4,D3,False,1.8367948e-05,0.00019035027,0.0004349779,0.00076615677,0.37420473,0.6243855
31031,2024-12-31,3,D2,5,D4,4,D3,False,2.8467703e-05,0.00027092558,0.0005732342,0.0007947474,0.3541601,0.64417255
31031,2025-01-07,3,D2,5,D4,4,D3,False,6.615517e-05,0.0005316141,0.0013239372,0.001610016,0.36366323,0.63280505
31031,2025-01-14,3,D2,5,D4,4,D3,False,3.4083954e-05,0.00035256828,0.00078335626,0.0006813262,0.33835956,0.659789
31031,2025-01-21,3,D2,5,D4,5,D4,False,2.4518358e-05,0.00029458813,0.0004889168,0.00020766562,0.29920638,0.69977796
31031,2025-01-28,3,D2,5,D4,5,D4,False,1.4705182e-05,0.00019368097,0.00026923415,6.744422e-05,0.28581342,0.71364146
31031,2025-02-04,3,D2,5,D4,5,D4,False,1.2502729e-05,0.00016030346,0.00018005366,3.0368063e-05,0.2800849,0.7195319
31031,2025-02-11,3,D2,5,D4,5,D4,False,1.0073813e-05,0.00012277288,0.00011198359,1.3641677e-05,0.27620527,0.7235364
31031,2025-02-18,3,D2,5,D4,5,D4,False,2.5250916e-05,0.00022057697,0.00017282387,1.6827817e-05,0.2738451,0.72571933
31031,2025-02-25,3,D2,5,D4,5,D4,False,5.4765467e-05,0.00037681506,0.0003320498,3.8265465e-05,0.28986353,0.70933455
31031,2025-03-04,3,D2,5,D4,5,D4,False,5.864298e-05,0.00046468127,0.00042885446,3.5185163e-05,0.28976542,0.7092473
31031,2025-03-11,3,D2,5,D4,5,D4,False,0.00028140645,0.0018830715,0.0019467432,8.3479295e-05,0.26941,0.72639525
31031,2025-03-18,3,D2,5,D4,5,D4,False,0.00051884435,0.003980082,0.0044116704,7.395036e-05,0.23323806,0.75777733
31031,2025-03-25,3,D2,5,D4,5,D4,False,0.0006301374,0.0053304546,0.0059577944,4.547737e-05,0.19763157,0.79040456
31031,2025-04-01,2,D1,5,D4,5,D4,False,0.0014300438,0.010089076,0.011075332,8.007697e-05,0.18815501,0.7891705
31031,2025-04-08,2,D1,5,D4,5,D4,False,0.0030767263,0.017027674,0.024132237,0.00024793285,0.19338216,0.76213324
31031,2025-04-15,2,D1,5,D4,5,D4,False,0.0013648146,0.009334374,0.017633213,0.0002339811,0.21684574,0.7545879
31031,2025-04-22,2,D1,5,D4,5,D4,False,0.004518749,0.02945976,0.05884089,0.00048458745,0.22745927,0.6792367
31031,2025-04-29,2,D1,5,D4,2,D1,True,0.04385385,0.16675194,0.30583987,0.0017264189,0.118612275,0.36321566
31031,2025-05-06,2,D1,2,D1,2,D1,True,0.033543967,0.18834378,0.40793005,0.001648522,0.09193977,0.27659383
31031,2025-05-13,2,D1,2,D1,2,D1,True,0.043420766,0.23604885,0.5808659,0.0024182755,0.041700155,0.09554609
31031,2025-05-20,2,D1,2,D1,2,D1,True,0.12076389,0.35097152,0.5246424,0.0013163113,0.001577797,0.0007280475
31031,2025-05-27,2,D1,2,D1,2,D1,True,0.09331444,0.35616884,0.54734546,0.0024933952,0.0006336793,4.4197994e-05
31031,2025-06-03,2,D1,2,D1,2,D1,True,0.011136127,0.19240241,0.69134814,0.09869005,0.0064139008,9.330369e-06
31031,2025-06-10,2,D1,2,D1,3,D2,False,0.00059919094,0.06011313,0.5156982,0.40335807,0.020230561,8.2464527e-07
31031,2025-06-17,1,D0,3,D2,3,D2,False,0.00020301869,0.038579866,0.44305995,0.472852,0.045304656,4.2497035e-07
31031,2025-06-24,1,D0,3,D2,3,D2,False,7.5359814e-05,0.021581238,0.3465184,0.52296597,0.108858414,6.9347766e-07
31031,2025-07-01,1,D0,3,D2,3,D2,False,0.00020039982,0.023943014,0.3408216,0.51425457,0.1207792,1.2625127e-06
31031,2025-07-08,1,D0,3,D2,3,D2,False,0.00021696648,0.023765301,0.34029856,0.50344676,0.13227107,1.3155537e-06
31031,2025-07-15,0,None,2,D1,3,D2,False,0.001706186,0.05971135,0.4710111,0.35541913,0.11214289,9.36065e-06
31031,2025-07-22,1,D0,0,None,0,None,False,0.540097,0.35977113,0.05651662,0.030955529,0.012459432,0.00020019681
31031,2025-07-29,1,D0,1,D0,1,D0,True,0.36889765,0.47578666,0.12052032,0.02738151,0.007090292,0.00032353334
31031,2025-08-05,1,D0,1,D0,0,None,False,0.4641106,0.48608106,0.04526439,0.003555926,0.0008142153,0.00017383757
31031,2025-08-12,1,D0,1,D0,1,D0,True,0.38794488,0.5415008,0.066183336,0.00361142,0.00064422254,0.00011538527
31031,2025-08-19,1,D0,1,D0,1,D0,True,0.30679986,0.60567915,0.08317323,0.0037260489,0.0005712272,5.0459883e-05
31031,2025-08-26,1,D0,1,D0,1,D0,True,0.29897743,0.62211305,0.076456144,0.0021283487,0.0003023057,2.2691635e-05
31031,2025-09-02,1,D0,1,D0,0,None,False,0.44763145,0.5272683,0.02459507,0.00042845288,6.5793356e-05,1.0915644e-05
31031,2025-09-09,1,D0,1,D0,1,D0,True,0.4309151,0.54862976,0.020302752,0.00013950074,1.04891415e-05,2.3646492e-06
31031,2025-09-16,1,D0,1,D0,1,D0,True,0.41220364,0.5751792,0.0125542665,5.9028484e-05,3.0266644e-06,8.53683e-07
31031,2025-09-23,0,None,0,None,0,None,True,0.49793315,0.49638796,0.0056638,1.4165523e-05,5.7814975e-07,3.6447878e-07
31031,2025-09-30,0,None,0,None,0,None,True,0.6333399,0.36636654,0.00029284303,5.5412147e-07,5.5565007e-08,4.757352e-08
31031,2025-10-07,0,None,0,None,0,None,True,0.6504791,0.3492948,0.0002258458,2.3280991e-07,3.0139116e-08,3.3078432e-08
31031,2025-10-14,0,None,0,None,0,None,True,0.68913156,0.3106861,0.0001822079,1.1977811e-07,2.047431e-08,2.4182587e-08
31031,2025-10-21,0,None,0,None,0,None,True,0.60546917,0.39361152,0.0009188195,3.2990434e-07,3.8136978e-08,4.548009e-08
31031,2025-10-28,0,None,0,None,0,None,True,0.59685975,0.40205592,0.0010836906,4.83501e-07,7.187911e-08,8.079519e-08
31031,2025-11-04,0,None,0,None,0,None,True,0.5328764,0.4648548,0.002267752,8.9938607e-07,1.1983435e-07,1.04065734e-07
31031,2025-11-11,0,None,0,None,0,None,True,0.52369994,0.47343126,0.0028677126,8.445532e-07,9.572018e-08,8.4196984e-08
31031,2025-11-18,1,D0,0,None,0,None,False,0.5278859,0.46915114,0.00296094,1.5697406e-06,2.3468932e-07,1.7820997e-07
31031,2025-11-25,1,D0,1,D0,1,D0,True,0.11723686,0.8230763,0.059684798,1.836884e-06,1.2637267e-07,1.648362e-08
31031,2025-12-02,1,D0,1,D0,1,D0,True,0.05314165,0.8275071,0.119349234,1.8089345e-06,2.1865232e-07,2.027917e-08
31031,2025-12-09,1,D0,1,D0,1,D0,True,0.040960375,0.7814109,0.17762445,3.5040975e-06,6.696252e-07,5.709744e-08
31031,2025-12-16,1,D0,1,D0,1,D0,True,0.03266164,0.75914806,0.20818327,5.4829216e-06,1.4235314e-06,9.8104394e-08
31031,2025-12-23,1,D0,1,D0,1,D0,True,0.02524499,0.7606555,0.21409069,6.8747377e-06,1.8648246e-06,8.5682586e-08
31031,2025-12-30,1,D0,1,D0,1,D0,True,0.023442049,0.76551265,0.21103649,6.9396765e-06,1.7825505e-06,6.780879e-08
31033,2022-01-04,3,D2,2,D1,3,D2,True,0.00202514,0.24924225,0.2996836,0.29309013,0.15592992,2.897865e-05
31033,2022-01-11,3,D2,2,D1,3,D2,True,0.002006482,0.2498082,0.29980183,0.292022,0.1563339,2.760195e-05
31033,2022-01-18,3,D2,2,D1,3,D2,True,0.0019707957,0.24789543,0.3008572,0.29317263,0.15607774,2.6283557e-05
31033,2022-01-25,3,D2,2,D1,3,D2,True,0.00172944,0.24533333,0.30336684,0.29125306,0.15829228,2.5020285e-05
31033,2022-02-01,3,D2,2,D1,3,D2,True,0.0017014275,0.2418512,0.3047353,0.2952465,0.1564408,2.4747507e-05
31033,2022-02-08,3,D2,2,D1,3,D2,True,0.0014590475,0.23191823,0.30778858,0.3011712,0.15763757,2.5353056e-05
31033,2022-02-15,3,D2,2,D1,3,D2,True,0.001311106,0.22204679,0.31171882,0.30461738,0.16027676,2.912055e-05
31033,2022-02-22,3,D2,2,D1,3,D2,True,0.0012392716,0.21756618,0.31342408,0.30615845,0.16158067,3.1403677e-05
31033,2022-03-01,3,D2,2,D1,3,D2,True,0.0011246607,0.21358374,0.3153317,0.308785,0.16114832,2.6524434e-05
31033,2022-03-08,3,D2,3,D2,3,D2,True,0.0014009135,0.20876673,0.31327942,0.31362507,0.16289954,2.8321507e-05
31033,2022-03-15,3,D2,3,D2,3,D2,True,0.001296445,0.20311391,0.3159222,0.31735188,0.16229254,2.3035382e-05
31033,2022-03-22,3,D2,3,D2,3,D2,True,0.00084753026,0.18409917,0.32553586,0.3267564,0.16274625,1.4681072e-05
31033,2022-03-29,3,D2,3,D2,3,D2,True,0.0006520879,0.17349572,0.33011633,0.33316228,0.16256389,9.66722e-06
31033,2022-04-05,3,D2,3,D2,3,D2,True,0.00072871323,0.17665382,0.32938495,0.33076015,0.16246028,1.2126164e-05
31033,2022-04-12,3,D2,3,D2,3,D2,True,0.00049407507,0.16147996,0.335435,0.33963257,0.16295038,7.98748e-06
31033,2022-04-19,3,D2,3,D2,3,D2,True,0.00040678566,0.15526648,0.33799288,0.34396076,0.16236675,6.3452785e-06
31033,2022-04-26,3,D2,3,D2,3,D2,True,0.0003192157,0.13886295,0.34450483,0.35297132,0.16333745,4.2232055e-06
31033,2022-05-03,3,D2,2,D1,3,D2,True,0.003081805,0.1592633,0.334838,0.32518858,0.17756155,6.6736e-05
31033,2022-05-10,3,D2,2,D1,3,D2,True,0.0066123093,0.16444255,0.33503976,0.3133122,0.18046665,0.0001265702
31033,2022-05-17,3,D2,2,D1,3,D2,True,0.0026221105,0.16699678,0.33484656,0.32212,0.17337129,4.325544e-05
31033,2022-05-24,3,D2,2,D1,3,D2,True,0.0031679072,0.16681047,0.33639732,0.3217888,0.17178792,4.7669684e-05
31033,2022-05-31,3,D2,3,D2,3,D2,True,0.0023777199,0.17510319,0.324983,0.3258539,0.17163566,4.6497094e-05
31033,2022-06-07,3,D2,2,D1,3,D2,True,0.0032394468,0.19691154,0.32424697,0.31482524,0.16071647,6.0380225e-05
31033,2022-06-14,3,D2,2,D1,3,D2,True,0.0035202021,0.21392146,0.33188093,0.31306165,0.13755028,6.538405e-05
31033,2022-06-21,3,D2,2,D1,3,D2,True,0.0055816392,0.2534324,0.3599664,0.30147338,0.07949373,5.2473235e-05
31033,2022-06-28,3,D2,2,D1,3,D2,True,0.0028146163,0.23186797,0.3631088,0.33070627,0.07147078,3.1559655e-05
31033,2022-07-05,3,D2,2,D1,3,D2,True,0.0035591847,0.24338168,0.35658133,0.33196968,0.06446851,3.9562994e-05
31033,2022-07-12,3,D2,2,D1,3,D2,True,0.004706087,0.27265936,0.3760309,0.31310305,0.033477277,2.3279961e-05
31033,2022-07-19,3,D2,2,D1,3,D2,True,0.012692252,0.3525636,0.37269348,0.2449398,0.017074963,3.5921516e-05
31033,2022-07-26,3,D2,2,D1,3,D2,True,0.012318146,0.34659532,0.37355444,0.24903432,0.018437853,5.9917176e-05
31033,2022-08-02,3,D2,2,D1,3,D2,True,0.016773855,0.34849054,0.35973996,0.25176793,0.023110148,0.0001174987
31033,2022-08-09,3,D2,2,D1,3,D2,True,0.008709418,0.29343805,0.3446301,0.311497,0.041596618,0.00012888422
31033,2022-08-16,3,D2,3,D2,3,D2,True,0.007371519,0.25983688,0.30585453,0.3464317,0.08015041,0.00035492957
31033,2022-08-23,3,D2,3,D2,3,D2,True,0.009693677,0.2436119,0.27975827,0.36130932,0.10481936,0.0008074884
31033,2022-08-30,3,D2,3,D2,3,D2,True,0.006788811,0.1676691,0.18527092,0.31910914,0.31578717,0.005374813
31033,2022-09-06,3,D2,4,D3,4,D3,False,0.00084728387,0.010690624,0.009466149,0.0390487,0.84416866,0.09577856
31033,2022-09-13,3,D2,4,D3,4,D3,False,3.3513676e-05,0.00016833204,0.00016326368,0.0020587747,0.57828903,0.41928712
31033,2022-09-20,3,D2,4,D3,4,D3,False,3.4192366e-05,0.00012746883,0.000109471934,0.0012874902,0.50786114,0.4905802
31033,2022-09-27,3,D2,5,D4,4,D3,False,1.0115837e-05,3.6317146e-05,3.567712e-05,0.00054907537,0.46219012,0.5371787
31033,2022-10-04,3,D2,5,D4,4,D3,False,7.211768e-07,2.9907171e-06,3.5520857e-06,8.00128e-05,0.43451235,0.5654005
31033,2022-10-11,3,D2,5,D4,4,D3,False,6.267916e-07,2.3443179e-06,2.2754045e-06,5.047684e-05,0.439628,0.5603162
31033,2022-10-18,3,D2,5,D4,4,D3,False,1.0416398e-07,5.3170487e-07,6.2887074e-07,1.635657e-05,0.4379951,0.5619872
31033,2022-10-25,4,D3,5,D4,4,D3,True,4.4820865e-08,2.6127861e-07,3.6703628e-07,9.598621e-06,0.44244918,0.55754066
31033,2022-11-01,4,D3,5,D4,4,D3,True,9.0496634e-08,4.5395873e-07,5.3016197e-07,1.4035801e-05,0.45114958,0.5488352
31033,2022-11-08,4,D3,5,D4,4,D3,True,2.6043236e-07,1.0570199e-06,1.1210327e-06,2.898456e-05,0.46247104,0.5374975
31033,2022-11-15,4,D3,5,D4,4,D3,True,3.4753802e-07,1.333017e-06,1.347185e-06,3.321846e-05,0.46498764,0.53497607
31033,2022-11-22,4,D3,5,D4,4,D3,True,3.7915993e-07,1.5810251e-06,1.7915412e-06,3.934631e-05,0.47183684,0.5281201
31033,2022-11-29,4,D3,5,D4,4,D3,True,4.9133945e-07,1.9971742e-06,2.1432352e-06,4.2714582e-05,0.4721024,0.5278502
31033,2022-12-06,4,D3,5,D4,4,D3,True,3.8100924e-07,1.8706006e-06,1.9447125e-06,3.1013755e-05,0.4705568,0.529408
31033,2022-12-13,4,D3,5,D4,4,D3,True,1.0217432e-06,3.658961e-06,3.6796e-06,6.26662e-05,0.4725606,0.5273683
31033,2022-12-20,4,D3,5,D4,4,D3,True,2.762354e-06,7.4775635e-06,7.456983e-06,0.000121401376,0.47439018,0.5254708
31033,2022-12-27,4,D3,5,D4,4,D3,True,3.3408078e-06,9.871582e-06,9.957416e-06,0.00013811384,0.4672456,0.5325932
31033,2023-01-03,4,D3,5,D4,4,D3,True,9.395116e-06,2.1316537e-05,1.9073099e-05,0.00021640329,0.46214122,0.53759253
31033,2023-01-10,4,D3,5,D4,4,D3,True,4.0478353e-05,7.015048e-05,6.321246e-05,0.00062911183,0.4531519,0.546045
31033,2023-01-17,4,D3,5,D4,4,D3,True,1.5082342e-05,3.6970123e-05,3.137841e-05,0.00027890713,0.44856206,0.5510756
31033,2023-01-24,4,D3,5,D4,4,D3,True,0.00011274536,0.00016532557,0.00014118919,0.0011430155,0.44366038,0.5547773
31033,2023-01-31,4,D3,5,D4,4,D3,True,8.533277e-05,0.00015638143,0.00015406008,0.0012246113,0.4395541,0.55882555
31033,2023-02-07,4,D3,5,D4,4,D3,True,7.85748e-06,3.266693e-05,3.7898313e-05,0.00033554566,0.43797103,0.56161505
31033,2023-02-14,4,D3,5,D4,4,D3,True,4.6984064e-06,2.169331e-05,2.8047936e-05,0.0002643308,0.4370173,0.562664
31033,2023-02-21,4,D3,5,D4,4,D3,True,1.400865e-06,7.9576075e-06,1.093198e-05,0.000118352276,0.4351547,0.5647067
31033,2023-02-28,4,D3,5,D4,4,D3,True,1.0782264e-06,6.0529446e-06,8.861779e-06,0.00010921636,0.4336231,0.56625164
31033,2023-03-07,4,D3,5,D4,4,D3,True,6.5593173e-07,3.860227e-06,6.0098214e-06,8.532523e-05,0.4299549,0.5699492
31033,2023-03-14,4,D3,5,D4,4,D3,True,1.6355069e-06,7.5835446e-06,1.2363675e-05,0.00018608524,0.42442122,0.5753711
31033,2023-03-21,4,D3,5,D4,4,D3,True,3.569585e-07,2.3735504e-06,4.2142324e-06,6.278292e-05,0.4141583,0.5857719
31033,2023-03-28,4,D3,5,D4,4,D3,True,2.1900452e-07,1.413431e-06,2.8763984e-06,5.048249e-05,0.40314865,0.5967963
31033,2023-04-04,4,D3,5,D4,4,D3,True,1.11431504e-07,8.12534e-07,2.0168527e-06,3.5430017e-05,0.3882988,0.6116629
31033,2023-04-11,3,D2,5,D4,4,D3,False,3.1546495e-08,2.5816306e-07,1.1625701e-06,3.05948e-05,0.3820443,0.6179236
31033,2023-04-18,3,D2,5,D4,4,D3,False,1.500623e-08,1.3885517e-07,1.228255e-06,3.6658905e-05,0.3687954,0.6311666
31033,2023-04-25,3,D2,5,D4,4,D3,False,3.9946046e-09,3.82784e-08,9.566132e-07,5.3755808e-05,0.35893467,0.6410106
31033,2023-05-02,3,D2,5,D4,4,D3,False,2.2315245e-09,2.1658657e-08,1.1487513e-06,0.00014288563,0.39802185,0.6018341
31033,2023-05-09,3,D2,5,D4,4,D3,False,1.8034044e-08,1.0969525e-07,6.67828e-06,0.0010104434,0.42238536,0.57659745
31033,2023-05-16,3,D2,4,D3,4,D3,False,0.00016887943,0.00014731912,0.0072072404,0.29580593,0.49857652,0.19809408
31033,2023-05-23,3,D2,4,D3,3,D2,True,0.00024694367,0.00028615168,0.0154048,0.35117453,0.4713327,0.16155484
31033,2023-05-30,2,D1,4,D3,3,D2,False,0.00021096898,0.00048536193,0.024230246,0.3844755,0.47575957,0.1148383
31033,2023-06-06,1,D0,4,D3,3,D2,False,0.0010423079,0.0032816571,0.07720991,0.42981195,0.43264806,0.056006186
31033,2023-06-13,1,D0,3,D2,3,D2,False,0.00022192394,0.003966611,0.10018682,0.46561152,0.41853532,0.011477776
31033,2023-06-20,1,D0,3,D2,3,D2,False,0.00074599456,0.013364939,0.1713795,0.4502237,0.35724226,0.0070435335
31033,2023-06-27,1,D0,3,D2,3,D2,False,0.0026198996,0.030522186,0.18656337,0.44250754,0.32940885,0.008378263
31033,2023-07-04,0,None,3,D2,3,D2,False,0.05310334,0.17120796,0.26495224,0.31994614,0.17907894,0.011711359
31033,2023-07-11,0,None,0,None,0,None,True,0.7813248,0.21663254,0.00092439004,0.0005745066,0.0005025216,4.1208663e-05
31033,2023-07-18,0,None,0,None,0,None,True,0.81338286,0.18584104,0.0003844989,0.00017873639,0.0002010657,1.1753324e-05
31033,2023-07-25,0,None,0,None,0,None,True,0.8043488,0.19498834,0.00032479662,0.00014984196,0.00017957846,8.6034315e-06
31033,2023-08-01,0,None,0,None,0,None,True,0.7918308,0.2074292,0.00036280043,0.00016120703,0.00020564826,1.0346567e-05
31033,2023-08-08,0,None,0,None,0,None,True,0.8019068,0.19742338,0.00032893382,0.00014363261,0.0001880733,9.163161e-06
31033,2023-08-15,0,None,0,None,0,None,True,0.76765424,0.23137406,0.0005238035,0.00019690215,0.0002371784,1.37926345e-05
31033,2023-08-22,0,None,0,None,0,None,True,0.68954724,0.30872315,0.0011044481,0.00030552736,0.0002910595,2.8581144e-05
31033,2023-08-29,0,None,0,None,0,None,True,0.60547525,0.39216095,0.001774498,0.00030536627,0.00022312831,6.0829087e-05
31033,2023-09-05,0,None,0,None,0,None,True,0.5384905,0.45789608,0.0031784624,0.00026708114,0.00011773472,5.0219543e-05
31033,2023-09-12,0,None,1,D0,0,None,True,0.49690446,0.4984919,0.004182059,0.00029533863,8.722329e-05,3.8960672e-05
31033,2023-09-19,0,None,0,None,0,None,True,0.5503904,0.44784972,0.0016518886,6.3712156e-05,2.6167998e-05,1.8039626e-05
31033,2023-09-26,0,None,0,None,0,None,True,0.6061249,0.39333123,0.0005153817,1.4024922e-05,7.774276e-06,6.6934017e-06
31033,2023-10-03,0,None,0,None,0,None,True,0.6723567,0.3274387,0.00019979585,2.1784497e-06,1.408857e-06,1.1502506e-06
31033,2023-10-10,0,None,0,None,0,None,True,0.6717584,0.32806244,0.00017592894,1.4393806e-06,9.4728506e-07,8.161522e-07
31033,2023-10-17,0,None,0,None,0,None,True,0.80045545,0.19951685,2.743699e-05,1.0527411e-07,8.949712e-08,5.950161e-08
31033,2023-10-24,0,None,0,None,0,None,True,0.8234378,0.1765386,2.341537e-05,5.475433e-08,4.9850016e-08,3.2535368e-08
31033,2023-10-31,0,None,0,None,0,None,True,0.81786615,0.18210638,2.7340428e-05,5.54881e-08,5.064435e-08,3.3822747e-08
31033,2023-11-07,0,None,0,None,0,None,True,0.82879305,0.17117633,3.0442114e-05,6.711056e-08,6.191105e-08,3.834859e-08
31033,2023-11-14,0,None,0,None,0,None,True,0.6899616,0.3098228,0.00021464864,4.3445127e-07,2.345578e-07,1.8016495e-07
31033,2023-11-21,0,None,0,None,0,None,True,0.7011275,0.298701,0.00017054589,4.2785513e-07,3.0176375e-07,2.544326e-07
31033,2023-11-28,0,None,0,None,0,None,True,0.7230711,0.27676505,0.00016283331,4.1232948e-07,3.0616633e-07,2.6053107e-07
31033,2023-12-05,0,None,0,None,0,None,True,0.74885243,0.25101772,0.00012907234,3.043002e-07,2.3667307e-07,2.055549e-07
31033,2023-12-12,0,None,0,None,0,None,True,0.763063,0.23681845,0.0001177207,3.7328394e-07,2.901048e-07,2.317954e-07
31033,2023-12-19,0,None,0,None,0,None,True,0.8031884,0.1967352,7.565344e-05,2.9478883e-07,2.613364e-07,1.814495e-07
31033,2023-12-26,0,None,0,None,0,None,True,0.8887921,0.11118014,2.753373e-05,1.2298457e-07,1.3827095e-07,6.179967e-08
31033,2024-01-02,0,None,0,None,0,None,True,0.91383135,0.08614943,1.890802e-05,9.091376e-08,1.0640985e-07,3.8376765e-08
31033,2024-01-09,0,None,0,None,0,None,True,0.9206784,0.07930521,1.6233278e-05,9.117209e-08,1.0811127e-07,3.480042e-08
31033,2024-01-16,0,None,0,None,0,None,True,0.92515635,0.074828506,1.4935622e-05,8.928747e-08,9.190291e-08,2.7409879e-08
31033,2024-01-23,0,None,0,None,0,None,True,0.9153581,0.08462551,1.618423e-05,1.1684211e-07,8.205721e-08,2.4314843e-08
31033,2024-01-30,0,None,0,None,0,None,True,0.91747963,0.08250602,1.414234e-05,9.4756295e-08,7.543458e-08,2.3532873e-08
31033,2024-02-06,0,None,0,None,0,None,True,0.9160677,0.08391752,1.4552244e-05,8.517758e-08,7.083674e-08,2.3205114e-08
31033,2024-02-13,0,None,0,None,0,None,True,0.9053547,0.09462664,1.8403485e-05,1.0433568e-07,7.764366e-08,2.714788e-08
31033,2024-02-20,0,None,0,None,0,None,True,0.8706929,0.12927619,3.057722e-05,1.9213365e-07,1.09160865e-07,4.4203592e-08
31033,2024-02-27,0,None,0,None,0,None,True,0.836242,0.16370457,5.2804833e-05,3.0851263e-07,1.6931637e-07,8.2301526e-08
31033,2024-03-05,0,None,0,None,0,None,True,0.6853606,0.31439558,0.00024177678,1.3113352e-06,5.0225276e-07,3.0303914e-07
31033,2024-03-12,0,None,0,None,0,None,True,0.6344176,0.3652658,0.00031361933,1.7763163e-06,7.2228045e-07,4.8268123e-07
31033,2024-03-19,0,None,0,None,0,None,True,0.6493333,0.35038742,0.00027609122,1.7457335e-06,8.20572e-07,5.884183e-07
31033,2024-03-26,0,None,0,None,0,None,True,0.7330452,0.26680976,0.00014323351,9.376336e-07,5.497563e-07,3.7733892e-07
31033,2024-04-02,0,None,0,None,0,None,True,0.7982525,0.20164418,0.000101717844,8.321023e-07,5.186576e-07,2.868096e-07
31033,2024-04-09,0,None,0,None,0,None,True,0.7324841,0.26722524,0.0002863302,2.7585534e-06,1.0652346e-06,5.519317e-07
31033,2024-04-16,0,None,0,None,0,None,True,0.687444,0.31190985,0.00063605036,6.957911e-06,2.1272867e-06,1.0605495e-06
31033,2024-04-23,0,None,0,None,0,None,True,0.6895117,0.30966938,0.0008019858,1.2127063e-05,3.259096e-06,1.4816906e-06
31033,2024-04-30,0,None,0,None,0,None,True,0.86195064,0.13791361,0.00013137913,3.1110653e-06,9.95209e-07,1.9232624e-07
31033,2024-05-07,0,None,0,None,0,None,True,0.8927901,0.10707699,0.00012913054,2.9999765e-06,7.4637796e-07,8.436855e-08
31033,2024-05-14,0,None,0,None,0,None,True,0.89438224,0.1054546,0.00015766104,4.287151e-06,1.0536055e-06,1.0330589e-07
31033,2024-05-21,0,None,0,None,0,None,True,0.87221974,0.12744431,0.0003230445,1.0290582e-05,2.3842101e-06,2.8086953e-07
31033,2024-05-28,0,None,0,None,0,None,True,0.8787845,0.1209459,0.0002564436,1.0626271e-05,2.3016194e-06,1.7868388e-07
31033,2024-06-04,0,None,0,None,0,None,True,0.7733401,0.22469717,0.0019107021,4.4330012e-05,6.6694015e-06,1.0891188e-06
31033,2024-06-11,0,None,0,None,0,None,True,0.6956085,0.29784146,0.006455094,8.791587e-05,5.6204344e-06,1.4071643e-06
31033,2024-06-18,0,None,0,None,0,None,True,0.67024535,0.32058957,0.00899807,0.00016070607,5.2063006e-06,1.1413744e-06
31033,2024-06-25,0,None,0,None,0,None,True,0.84011364,0.15930237,0.00053760194,4.3550444e-05,2.585467e-06,2.315054e-07
31033,2024-07-02,0,None,0,None,0,None,True,0.8464592,0.15329239,0.0002153992,3.0756928e-05,1.8866017e-06,3.1400876e-07
31033,2024-07-09,0,None,0,None,0,None,True,0.82977295,0.16992855,0.00025075546,4.434927e-05,2.8738204e-06,4.5364234e-07
31033,2024-07-16,0,None,0,None,0,None,True,0.83720726,0.16257174,0.00018387221,3.4006975e-05,2.8191869e-06,4.0578195e-07
31033,2024-07-23,0,None,0,None,0,None,True,0.7192833,0.28011057,0.0005317339,6.887263e-05,4.4268954e-06,1.1553623e-06
31033,2024-07-30,0,None,0,None,0,None,True,0.5890266,0.40968105,0.0011713023,0.0001137892,5.1308307e-06,2.2125294e-06
31033,2024-08-06,1,D0,1,D0,0,None,False,0.48659712,0.5078792,0.0051768906,0.0003327805,9.116728e-06,4.916188e-06
31033,2024-08-13,1,D0,1,D0,1,D0,True,0.20197491,0.747908,0.049799737,0.00031501448,2.026097e-06,3.585566e-07
31033,2024-08-20,1,D0,1,D0,1,D0,True,0.13112707,0.76077515,0.10761024,0.00048612515,1.3122931e-06,1.8905016e-07
31033,2024-08-27,0,None,1,D0,1,D0,False,0.090114065,0.7024053,0.20555311,0.0019240425,3.1444508e-06,3.3893224e-07
31033,2024-09-03,0,None,0,None,0,None,True,0.5304366,0.46636012,0.0030223625,0.00017221962,4.781542e-06,3.9197203e-06
31033,2024-09-10,0,None,0,None,0,None,True,0.5904879,0.4092672,0.00022819644,1.4360929e-05,1.4843604e-06,9.0611815e-07
31033,2024-09-17,0,None,0,None,0,None,True,0.51656944,0.48265305,0.00073604647,3.661995e-05,2.9659489e-06,1.8737392e-06
31033,2024-09-24,0,None,1,D0,0,None,True,0.47768825,0.52008474,0.00214542,6.995081e-05,6.485221e-06,5.169474e-06
31033,2024-10-01,0,None,1,D0,1,D0,False,0.44005558,0.5544059,0.005301521,0.00017902469,3.1212494e-05,2.6705331e-05
31033,2024-10-08,1,D0,1,D0,1,D0,True,0.38764325,0.6019921,0.00924401,0.00048581717,0.0003141626,0.00032069682
31033,2024-10-15,1,D0,1,D0,1,D0,True,0.098073505,0.63886005,0.13114014,0.019226996,0.046823468,0.06587581
31033,2024-10-22,2,D1,5,D4,4,D3,False,0.0019024271,0.016857946,0.015679466,0.032385103,0.41700298,0.51617205
31033,2024-10-29,2,D1,4,D3,4,D3,False,0.00046227916,0.0053654993,0.011659511,0.0384578,0.4762172,0.4678378
31033,2024-11-05,2,D1,4,D3,4,D3,False,0.0008136575,0.009574068,0.045583405,0.18447872,0.5898367,0.16971341
31033,2024-11-12,2,D1,3,D2,3,D2,False,0.0058259196,0.07748543,0.3749044,0.45320916,0.08591474,0.0026604023
31033,2024-11-19,2,D1,2,D1,3,D2,False,0.0076168366,0.10227129,0.4871181,0.3721374,0.030361535,0.0004948459
31033,2024-11-26,2,D1,2,D1,2,D1,True,0.010530527,0.11683065,0.54758567,0.3066573,0.018071217,0.00032456234
31033,2024-12-03,2,D1,2,D1,2,D1,True,0.010573497,0.11880579,0.54963267,0.30007872,0.020338934,0.00057043164
31033,2024-12-10,2,D1,2,D1,2,D1,True,0.009505162,0.14020284,0.5960186,0.2291929,0.023701923,0.0013785703
31033,2024-12-17,2,D1,2,D1,2,D1,True,0.006700223,0.1582707,0.6344215,0.11654777,0.07234793,0.01171192
31033,2024-12-24,2,D1,2,D1,2,D1,True,0.010407444,0.22331089,0.6574308,0.055586297,0.042841762,0.010422764
31033,2024-12-31,2,D1,2,D1,2,D1,True,0.01594496,0.26662517,0.643515,0.031967092,0.029665899,0.012281914
31033,2025-01-07,2,D1,2,D1,2,D1,True,0.018365512,0.2837465,0.64829755,0.023598678,0.01893459,0.007057157
31033,2025-01-14,2,D1,2,D1,2,D1,True,0.016911404,0.2688448,0.6671643,0.016595585,0.02080235,0.0096815545
31033,2025-01-21,2,D1,2,D1,2,D1,True,0.017205333,0.28254056,0.6660791,0.007200415,0.015794829,0.011179805
31033,2025-01-28,2,D1,2,D1,2,D1,True,0.017764522,0.3024878,0.6336175,0.0035862848,0.01918527,0.023358664
31033,2025-02-04,2,D1,2,D1,2,D1,True,0.022093795,0.3368509,0.5762352,0.0018348051,0.021198709,0.04178651
31033,2025-02-11,2,D1,2,D1,2,D1,True,0.022926591,0.35555977,0.5128405,0.0010802986,0.03296779,0.074625015
31033,2025-02-18,2,D1,2,D1,2,D1,True,0.038696628,0.3926429,0.50588006,0.00075576187,0.018451111,0.043573547
31033,2025-02-25,2,D1,2,D1,2,D1,True,0.04947134,0.39129105,0.52133685,0.00078794657,0.01161315,0.025499761
31033,2025-03-04,2,D1,2,D1,2,D1,True,0.042963773,0.4080761,0.5226022,0.0005428264,0.00940517,0.016409904
31033,2025-03-11,2,D1,2,D1,2,D1,True,0.05148999,0.44490865,0.49589986,0.0003123114,0.0032151625,0.0041740513
31033,2025-03-18,2,D1,2,D1,2,D1,True,0.04689894,0.46729502,0.48211694,0.00012267557,0.0015792625,0.0019871492
31033,2025-03-25,3,D2,1,D0,1,D0,False,0.044465795,0.48263937,0.47027162,6.136682e-05,0.001039413,0.0015223969
31033,2025-04-01,3,D2,1,D0,1,D0,False,0.054808106,0.48731005,0.45583057,7.063841e-05,0.0007990831,0.0011814842
31033,2025-04-08,3,D2,1,D0,1,D0,False,0.06651401,0.49105182,0.4407424,0.000103183454,0.00071565015,0.0008728831
31033,2025-04-15,3,D2,1,D0,2,D1,False,0.049479686,0.47543126,0.4723182,0.00014581712,0.001217137,0.0014079122
31033,2025-04-22,3,D2,1,D0,1,D0,False,0.05350982,0.4897626,0.45480397,0.00012747273,0.0009404714,0.000855633
31033,2025-04-29,3,D2,1,D0,1,D0,False,0.0877214,0.49105436,0.4202109,0.00014945214,0.00045206066,0.00041182947
31033,2025-05-06,3,D2,1,D0,1,D0,False,0.053435545,0.4873395,0.45787007,0.0002532554,0.0006978543,0.0004037788
31033,2025-05-13,4,D3,1,D0,1,D0,False,0.05072926,0.49444228,0.45408708,0.00026369985,0.00035632128,0.00012134157
31033,2025-05-20,4,D3,1,D0,1,D0,False,0.15525511,0.47944435,0.365186,7.9781785e-05,2.163423e-05,1.3050923e-05
31033,2025-05-27,3,D2,1,D0,1,D0,False,0.18260917,0.47977155,0.33756256,4.8792946e-05,5.408709e-06,2.4965948e-06
31033,2025-06-03,3,D2,1,D0,1,D0,False,0.1283326,0.5010972,0.3704416,0.00012097219,6.8294908e-06,8.47575e-07
31033,2025-06-10,3,D2,2,D1,2,D1,False,0.051879477,0.40950876,0.53650635,0.002079867,2.5225096e-05,3.604197e-07
31033,2025-06-17,2,D1,2,D1,2,D1,True,0.009059959,0.21460517,0.7272367,0.04866651,0.00043142977,2.862262e-07
31033,2025-06-24,2,D1,2,D1,2,D1,True,0.0016232951,0.11097788,0.6368787,0.24630772,0.00421187,4.839488e-07
31033,2025-07-01,2,D1,2,D1,2,D1,True,0.0014215175,0.08223399,0.614873,0.29267025,0.008800255,9.4704177e-07
31033,2025-07-08,2,D1,2,D1,2,D1,True,0.0008135797,0.060378004,0.59327674,0.33068234,0.014848625,7.326653e-07
31033,2025-07-15,2,D1,2,D1,2,D1,True,0.0011589543,0.065901116,0.62807846,0.2859787,0.018881157,1.6848724e-06
31033,2025-07-22,2,D1,2,D1,2,D1,True,0.0017111278,0.07347588,0.6601413,0.24562572,0.019043233,2.7790754e-06
31033,2025-07-29,2,D1,2,D1,2,D1,True,0.0025818439,0.08930459,0.64287347,0.2418483,0.023384843,6.9575217e-06
31033,2025-08-05,2,D1,2,D1,2,D1,True,0.0018536578,0.07887074,0.61779463,0.27057195,0.030903041,5.974514e-06
31033,2025-08-12,2,D1,2,D1,2,D1,True,0.0038170514,0.09595117,0.6518753,0.21565916,0.032687187,1.01615715e-05
31033,2025-08-19,2,D1,2,D1,2,D1,True,0.0061039287,0.14054802,0.67626643,0.15224098,0.0248353,5.4083994e-06
31033,2025-08-26,2,D1,2,D1,2,D1,True,0.009233717,0.19574,0.59641755,0.15334396,0.04525205,1.27102985e-05
31033,2025-09-02,2,D1,2,D1,2,D1,True,0.058314957,0.39282495,0.43534225,0.08749172,0.025966372,5.9871196e-05
31033,2025-09-09,2,D1,1,D0,1,D0,False,0.10533286,0.48717043,0.362147,0.039249513,0.006055006,4.517611e-05
31033,2025-09-16,2,D1,1,D0,1,D0,False,0.14365003,0.605892,0.23378257,0.015336505,0.001320667,1.8219156e-05
31033,2025-09-23,2,D1,1,D0,1,D0,False,0.1970334,0.61302185,0.1795414,0.009867903,0.0005172845,1.8118022e-05
31033,2025-09-30,2,D1,1,D0,1,D0,False,0.107827604,0.62385863,0.25543347,0.012278372,0.00059188786,9.980679e-06
31033,2025-10-07,2,D1,1,D0,1,D0,False,0.13360997,0.65232503,0.20775872,0.006035031,0.00026088144,1.02600125e-05
31033,2025-10-14,2,D1,1,D0,1,D0,False,0.112272285,0.6046804,0.2620468,0.019490391,0.0014679111,4.2226373e-05
31033,2025-10-21,2,D1,1,D0,1,D0,False,0.059308935,0.5551786,0.32869053,0.05066827,0.006095336,5.8305075e-05
31033,2025-10-28,2,D1,1,D0,1,D0,False,0.04913127,0.5170653,0.32363585,0.090017036,0.01998744,0.00016309974
31033,2025-11-04,2,D1,1,D0,1,D0,False,0.032195464,0.5005457,0.32792446,0.10832523,0.0308655,0.00014362614
31033,2025-11-11,2,D1,1,D0,1,D0,False,0.027970882,0.47194126,0.32820255,0.12952355,0.042198405,0.00016337476
31033,2025-11-18,2,D1,1,D0,1,D0,False,0.02202387,0.46069422,0.30900067,0.14219964,0.06588064,0.00020098875
31033,2025-11-25,2,D1,1,D0,1,D0,False,0.026724542,0.45069194,0.28398475,0.15359753,0.08466551,0.00033577412
31033,2025-12-02,2,D1,1,D0,1,D0,False,0.022015374,0.41591686,0.28031036,0.17008008,0.11131973,0.0003576321
31033,2025-12-09,2,D1,1,D0,1,D0,False,0.025285132,0.40257013,0.2779888,0.17708911,0.11662666,0.00044016566
31033,2025-12-16,2,D1,1,D0,1,D0,False,0.021838965,0.3917087,0.29087704,0.1746373,0.12052736,0.00041061148
31033,2025-12-23,2,D1,1,D0,1,D0,False,0.015165763,0.38386512,0.31621987,0.1607159,0.12373955,0.00029383047
31033,2025-12-30,2,D1,1,D0,1,D0,False,0.007866451,0.40352792,0.35123923,0.12237901,0.11486244,0.00012486883
31035,2022-01-04,1,D0,1,D0,1,D0,True,0.008314431,0.52684987,0.46388373,0.00052462495,0.00042403428,3.4014793e-06
31035,2022-01-11,1,D0,1,D0,1,D0,True,0.008110841,0.5280924,0.4629457,0.00044133147,0.00040660254,3.2220937e-06
31035,2022-01-18,1,D0,1,D0,1,D0,True,0.008230032,0.53004354,0.46106172,0.00033820272,0.0003236709,2.860885e-06
31035,2022-01-25,1,D0,1,D0,1,D0,True,0.007254002,0.5333821,0.4588638,0.00024404157,0.00025364984,2.3215882e-06
31035,2022-02-01,1,D0,1,D0,1,D0,True,0.007105115,0.5329376,0.45951268,0.0002117417,0.00023067229,2.2041477e-06
31035,2022-02-08,2,D1,1,D0,1,D0,False,0.0067622303,0.5329989,0.45988056,0.0001801364,0.00017636946,1.7933315e-06
31035,2022-02-15,2,D1,1,D0,1,D0,False,0.00691941,0.5301331,0.4626585,0.0001520988,0.00013501398,1.9219794e-06
31035,2022-02-22,2,D1,1,D0,1,D0,False,0.006935553,0.52268946,0.47014016,0.00012805813,0.00010410733,2.6221476e-06
31035,2022-03-01,2,D1,1,D0,1,D0,False,0.0064213024,0.51373535,0.4796399,0.00011890071,8.193839e-05,2.63755e-06
31035,2022-03-08,2,D1,1,D0,1,D0,False,0.007886166,0.51921165,0.4727805,8.263638e-05,3.7553444e-05,1.5775571e-06
31035,2022-03-15,2,D1,1,D0,1,D0,False,0.009906866,0.5353138,0.45455474,0.00017455577,4.8687307e-05,1.3671801e-06
31035,2022-03-22,2,D1,1,D0,1,D0,False,0.011055178,0.5284009,0.4602173,0.00027244253,5.296722e-05,1.1923433e-06
31035,2022-03-29,2,D1,1,D0,1,D0,False,0.010656397,0.52448267,0.46435156,0.00045801952,5.0716055e-05,7.1392645e-07
31035,2022-04-05,2,D1,1,D0,1,D0,False,0.011264782,0.5088544,0.4788528,0.00095680315,7.008868e-05,1.1513274e-06
31035,2022-04-12,2,D1,1,D0,1,D0,False,0.009373262,0.5094901,0.4801827,0.0008989226,5.4390108e-05,6.6496307e-07
31035,2022-04-19,3,D2,2,D1,2,D1,False,0.006354639,0.48638195,0.5054358,0.0017655116,6.165445e-05,4.6653912e-07
31035,2022-04-26,3,D2,2,D1,2,D1,False,0.0060133394,0.47066456,0.52051187,0.002750012,6.0007747e-05,2.1556934e-07
31035,2022-05-03,3,D2,2,D1,2,D1,False,0.0701412,0.4637926,0.46407378,0.0019665482,2.456131e-05,1.2922694e-06
31035,2022-05-10,3,D2,1,D0,2,D1,False,0.089559935,0.45904893,0.4505223,0.00085590855,1.2099719e-05,7.5371673e-07
31035,2022-05-17,3,D2,1,D0,1,D0,False,0.043041017,0.501477,0.45429382,0.0011697204,1.81709e-05,2.7007226e-07
31035,2022-05-24,3,D2,1,D0,1,D0,False,0.052275527,0.51344246,0.43220046,0.0020425091,3.8557733e-05,5.9459046e-07
31035,2022-05-31,2,D1,2,D1,2,D1,True,0.020974748,0.43030903,0.4609868,0.080923885,0.0067870743,1.8421832e-05
31035,2022-06-07,2,D1,2,D1,3,D2,False,0.009091496,0.29688135,0.38460383,0.24986781,0.05949581,5.967459e-05
31035,2022-06-14,1,D0,2,D1,3,D2,False,0.0048088674,0.22860579,0.3417026,0.32480273,0.10002139,5.8622412e-05
31035,2022-06-21,1,D0,2,D1,3,D2,False,0.011576707,0.31157747,0.3883914,0.25416973,0.034225214,5.950188e-05
31035,2022-06-28,1,D0,2,D1,3,D2,False,0.005348311,0.2632325,0.37026677,0.32119632,0.039916165,4.0040606e-05
31035,2022-07-05,1,D0,2,D1,3,D2,False,0.006773067,0.28319833,0.36609584,0.30942193,0.034463335,4.754528e-05
31035,2022-07-12,1,D0,2,D1,3,D2,False,0.009060851,0.31929463,0.38094255,0.27361414,0.017061738,2.6126198e-05
31035,2022-07-19,1,D0,2,D1,2,D1,False,0.01659676,0.38690662,0.38827807,0.19741324,0.010770104,3.5155463e-05
31035,2022-07-26,1,D0,2,D1,3,D2,False,0.013316024,0.35511205,0.37471446,0.2397212,0.01707499,6.128757e-05
31035,2022-08-02,1,D0,2,D1,3,D2,False,0.017946776,0.3549644,0.3600186,0.24497208,0.02197674,0.00012143886
31035,2022-08-09,1,D0,2,D1,3,D2,False,0.008999098,0.29487324,0.34427527,0.3106373,0.041083235,0.0001318074
31035,2022-08-16,1,D0,3,D2,3,D2,False,0.007666667,0.2597709,0.30575833,0.3469585,0.07947504,0.00037063062
31035,2022-08-23,1,D0,3,D2,3,D2,False,0.010059981,0.24365796,0.27977538,0.362166,0.103507735,0.00083298795
31035,2022-08-30,2,D1,3,D2,3,D2,False,0.0070051006,0.17054455,0.18753491,0.31571108,0.31383544,0.0053689205
31035,2022-09-06,2,D1,4,D3,4,D3,False,0.0008472986,0.010695073,0.009619028,0.03896183,0.8455152,0.09436162
31035,2022-09-13,2,D1,4,D3,4,D3,False,3.4053788e-05,0.00017204977,0.00016843426,0.0021180303,0.58160275,0.41590476
31035,2022-09-20,2,D1,4,D3,4,D3,False,3.5717563e-05,0.00013589472,0.00011763389,0.0013626493,0.5141761,0.48417208
31035,2022-09-27,2,D1,5,D4,4,D3,False,1.1199609e-05,4.1379582e-05,4.074582e-05,0.00060598116,0.47178477,0.52751595
31035,2022-10-04,2,D1,5,D4,4,D3,False,8.2725325e-07,3.440563e-06,4.106027e-06,8.915802e-05,0.4353023,0.5646001
31035,2022-10-11,3,D2,5,D4,4,D3,False,6.934233e-07,2.5965371e-06,2.5321517e-06,5.4351432e-05,0.43943664,0.56050324
31035,2022-10-18,3,D2,5,D4,4,D3,False,1.09019666e-07,5.5597457e-07,6.587581e-07,1.6714748e-05,0.43716013,0.56282187
31035,2022-10-25,3,D2,5,D4,4,D3,False,4.5376904e-08,2.645379e-07,3.7293944e-07,9.6240055e-06,0.4413726,0.55861706
31035,2022-11-01,3,D2,5,D4,4,D3,False,9.121064e-08,4.5838772e-07,5.376224e-07,1.4081757e-05,0.4502378,0.54974705
31035,2022-11-08,3,D2,5,D4,4,D3,False,2.618071e-07,1.0633038e-06,1.1314805e-06,2.90652e-05,0.46186605,0.5381024
31035,2022-11-15,3,D2,5,D4,4,D3,False,3.5000227e-07,1.343837e-06,1.3628869e-06,3.345202e-05,0.46459302,0.53537047
31035,2022-11-22,3,D2,5,D4,4,D3,False,3.8182912e-07,1.5947887e-06,1.8199706e-06,3.997499e-05,0.4717657,0.52819055
31035,2022-11-29,3,D2,5,D4,4,D3,False,4.9489626e-07,2.0143732e-06,2.1763537e-06,4.340501e-05,0.4720789,0.52787304
31035,2022-12-06,3,D2,5,D4,4,D3,False,3.8343117e-07,1.8857418e-06,1.9749518e-06,3.15416e-05,0.4706424,0.5293218
31035,2022-12-13,3,D2,5,D4,4,D3,False,1.0306871e-06,3.692124e-06,3.7359093e-06,6.3766056e-05,0.47269467,0.527233
31035,2022-12-20,3,D2,5,D4,4,D3,False,2.8085287e-06,7.5894377e-06,7.57895e-06,0.00012335008,0.4744591,0.52539957
31035,2022-12-27,3,D2,5,D4,4,D3,False,3.398363e-06,1.0026396e-05,1.0123969e-05,0.00014040178,0.46738157,0.53245455
31035,2023-01-03,3,D2,5,D4,4,D3,False,9.58843e-06,2.1720525e-05,1.9429861e-05,0.00022010556,0.46226195,0.5374672
31035,2023-01-10,3,D2,5,D4,4,D3,False,4.139664e-05,7.173041e-05,6.4544474e-05,0.000639538,0.4531649,0.54601794
31035,2023-01-17,3,D2,5,D4,4,D3,False,1.5548248e-05,3.800096e-05,3.2170516e-05,0.00028416544,0.44867635,0.55095375
31035,2023-01-24,3,D2,5,D4,4,D3,False,0.0001167267,0.00017114343,0.00014508638,0.0011617398,0.4435433,0.5548621
31035,2023-01-31,3,D2,5,D4,4,D3,False,8.949281e-05,0.0001637415,0.00015883315,0.0012425301,0.43993124,0.55841416
31035,2023-02-07,3,D2,5,D4,4,D3,False,8.3393015e-06,3.456218e-05,3.958445e-05,0.00034383504,0.43808648,0.56148726
31035,2023-02-14,3,D2,5,D4,4,D3,False,5.0293415e-06,2.3232635e-05,2.9793815e-05,0.00027498166,0.43721217,0.56245476
31035,2023-02-21,3,D2,5,D4,4,D3,False,1.5014131e-06,8.5287065e-06,1.162328e-05,0.00012314311,0.43537742,0.56447786
31035,2023-02-28,3,D2,5,D4,4,D3,False,1.152249e-06,6.4515816e-06,9.374935e-06,0.000113189846,0.43387917,0.5659906
31035,2023-03-07,3,D2,5,D4,4,D3,False,7.0162514e-07,4.114225e-06,6.3557404e-06,8.8389825e-05,0.43023393,0.5696665
31035,2023-03-14,3,D2,5,D4,4,D3,False,1.7477998e-06,8.074087e-06,1.3061306e-05,0.00019285879,0.42490587,0.5748784
31035,2023-03-21,3,D2,5,D4,4,D3,False,3.8052073e-07,2.5201964e-06,4.4428766e-06,6.5126274e-05,0.41481376,0.5851137
31035,2023-03-28,3,D2,5,D4,4,D3,False,2.3289658e-07,1.4969096e-06,3.0307347e-06,5.2405143e-05,0.40417644,0.59576637
31035,2023-04-04,3,D2,5,D4,4,D3,False,1.1835115e-07,8.5893953e-07,2.1188196e-06,3.673185e-05,0.3893774,0.61058277
31035,2023-04-11,3,D2,5,D4,4,D3,False,3.3602404e-08,2.7337677e-07,1.2168209e-06,3.1552256e-05,0.3829513,0.61701554
31035,2023-04-18,3,D2,5,D4,4,D3,False,1.5940355e-08,1.465448e-07,1.283819e-06,3.7828788e-05,0.3696616,0.6302992
31035,2023-04-25,3,D2,5,D4,4,D3,False,4.2064556e-09,4.003241e-08,9.923677e-07,5.4874832e-05,0.35931107,0.6406329
31035,2023-05-02,3,D2,5,D4,4,D3,False,2.3227302e-09,2.2437408e-08,1.1793369e-06,0.00014500809,0.39756253,0.6022913
31035,2023-05-09,4,D3,5,D4,4,D3,True,1.8439842e-08,1.11906715e-07,6.8071995e-06,0.0010246369,0.42205563,0.5769127
31035,2023-05-16,4,D3,4,D3,4,D3,True,0.00016983411,0.00014818845,0.0072203213,0.29534945,0.49841082,0.19870146
31035,2023-05-23,4,D3,4,D3,3,D2,False,0.00024735252,0.0002863697,0.015345468,0.34989536,0.47140983,0.16281563
31035,2023-05-30,5,D4,4,D3,3,D2,False,0.00021107256,0.00048420808,0.024103351,0.38265154,0.47614887,0.116400935
31035,2023-06-06,5,D4,4,D3,3,D2,False,0.001040938,0.0032515079,0.07649544,0.4288289,0.43325457,0.057128724
31035,2023-06-13,5,D4,3,D2,3,D2,False,0.00022278016,0.0039301533,0.099179305,0.46436712,0.4203868,0.011913923
31035,2023-06-20,5,D4,3,D2,3,D2,False,0.00012301905,0.006324629,0.16172461,0.47260386,0.35726675,0.0019571153
31035,2023-06-27,5,D4,3,D2,3,D2,False,0.00011215815,0.008314352,0.19946034,0.47183505,0.31956834,0.00070971064
31035,2023-07-04,5,D4,3,D2,3,D2,False,0.0002622789,0.012497618,0.22100909,0.46905133,0.29658368,0.00059599924
31035,2023-07-11,4,D3,3,D2,3,D2,False,0.00024506057,0.015018746,0.23845474,0.4732811,0.27282038,0.00018000198
31035,2023-07-18,4,D3,3,D2,3,D2,False,0.00023153747,0.016201029,0.24493267,0.47571382,0.26282185,9.910736e-05
31035,2023-07-25,4,D3,3,D2,3,D2,False,0.00019318193,0.01682076,0.2522938,0.48164263,0.24900675,4.2849377e-05
31035,2023-08-01,4,D3,3,D2,3,D2,False,0.00017708985,0.018854495,0.25306103,0.48238125,0.24549857,2.7592143e-05
31035,2023-08-08,4,D3,3,D2,3,D2,False,0.00021894416,0.02186946,0.2592627,0.4788782,0.2397467,2.3959381e-05
31035,2023-08-15,4,D3,3,D2,3,D2,False,0.00017911867,0.022218738,0.26038465,0.48122045,0.23597997,1.7059418e-05
31035,2023-08-22,4,D3,3,D2,3,D2,False,0.00018057652,0.024187151,0.2622079,0.48091576,0.23249446,1.4034178e-05
31035,2023-08-29,4,D3,3,D2,3,D2,False,0.00023505314,0.029524338,0.26391494,0.47524744,0.23106103,1.722649e-05
31035,2023-09-05,4,D3,3,D2,3,D2,False,0.00025755307,0.03849173,0.26883176,0.4750962,0.21730873,1.4085449e-05
31035,2023-09-12,4,D3,3,D2,3,D2,False,0.00038813835,0.05382212,0.27775908,0.47086623,0.19714813,1.630128e-05
31035,2023-09-19,5,D4,3,D2,3,D2,False,0.0007929245,0.08062127,0.28599674,0.45899555,0.17357671,1.6853533e-05
31035,2023-09-26,5,D4,3,D2,3,D2,False,0.0021548835,0.12791419,0.2883024,0.42716122,0.15443966,2.7729e-05
31035,2023-10-03,5,D4,3,D2,3,D2,False,0.0034687833,0.16181445,0.28810367,0.39857265,0.14800155,3.8873564e-05
31035,2023-10-10,5,D4,3,D2,3,D2,False,0.003202251,0.18453708,0.2902878,0.37492526,0.14701076,3.6724527e-05
31035,2023-10-17,5,D4,3,D2,3,D2,False,0.008546855,0.21773846,0.2799849,0.34979886,0.14380813,0.0001227848
31035,2023-10-24,5,D4,3,D2,3,D2,False,0.0069936905,0.23197755,0.2821966,0.33308867,0.14564592,9.7580196e-05
31035,2023-10-31,5,D4,3,D2,3,D2,False,0.007042391,0.24090998,0.2818711,0.32217982,0.14788403,0.00011272517
31035,2023-11-07,5,D4,3,D2,3,D2,False,0.006790339,0.24466679,0.2821294,0.31326756,0.15302342,0.00012247993
31035,2023-11-14,5,D4,3,D2,3,D2,False,0.0037953567,0.2479524,0.29023707,0.30220568,0.1557447,6.483412e-05
31035,2023-11-21,5,D4,3,D2,3,D2,False,0.0040867706,0.25219572,0.28906918,0.29333818,0.16122708,8.308714e-05
31035,2023-11-28,5,D4,3,D2,3,D2,False,0.003756334,0.2527944,0.2904901,0.29284412,0.16004305,7.194136e-05
31035,2023-12-05,5,D4,3,D2,3,D2,False,0.0038416658,0.25344682,0.29112548,0.292196,0.15931818,7.187448e-05
31035,2023-12-12,5,D4,2,D1,3,D2,False,0.0034902703,0.25556788,0.29257265,0.28298247,0.16531213,7.45575e-05
31035,2023-12-19,4,D3,2,D1,3,D2,False,0.0034439038,0.25572672,0.29283553,0.28004515,0.16787279,7.5863376e-05
31035,2023-12-26,4,D3,2,D1,3,D2,False,0.004706512,0.25147274,0.29202855,0.2870107,0.16467705,0.00010441561
31035,2024-01-02,4,D3,2,D1,3,D2,False,0.0051221442,0.24983883,0.29253626,0.29075468,0.16164544,0.000102702565
31035,2024-01-09,4,D3,2,D1,3,D2,False,0.005349462,0.25037193,0.29302406,0.28881285,0.16233379,0.00010787512
31035,2024-01-16,4,D3,2,D1,3,D2,False,0.005654932,0.2498397,0.29464757,0.28832626,0.16141787,0.0001137169
31035,2024-01-23,3,D2,2,D1,3,D2,True,0.0047420734,0.25584725,0.29846624,0.2717477,0.1690827,0.00011404123
31035,2024-01-30,3,D2,2,D1,3,D2,True,0.004721194,0.25879702,0.29961866,0.26533812,0.17141011,0.00011492414
31035,2024-02-06,3,D2,2,D1,3,D2,True,0.004811848,0.25849432,0.29927582,0.26752448,0.16977976,0.00011377181
31035,2024-02-13,3,D2,2,D1,3,D2,True,0.0045185196,0.26012513,0.29895157,0.26626584,0.17003237,0.00010654228
31035,2024-02-20,3,D2,2,D1,3,D2,True,0.003569345,0.26390025,0.30057156,0.2564398,0.17542374,9.5292424e-05
31035,2024-02-27,3,D2,2,D1,3,D2,True,0.0034280044,0.26176414,0.29795775,0.2638578,0.17290455,8.773196e-05
31035,2024-03-05,3,D2,2,D1,3,D2,True,0.0024750913,0.26088527,0.30393812,0.25028604,0.1823342,8.120636e-05
31035,2024-03-12,3,D2,2,D1,3,D2,True,0.0022702944,0.25484663,0.30435547,0.25684094,0.18160903,7.7630175e-05
31035,2024-03-19,3,D2,2,D1,3,D2,True,0.0023116255,0.24953344,0.3021272,0.2717038,0.17425665,6.731921e-05
31035,2024-03-26,3,D2,2,D1,3,D2,True,0.0028199872,0.24319185,0.3009239,0.2890432,0.16396125,5.9830505e-05
31035,2024-04-02,3,D2,2,D1,3,D2,True,0.003267458,0.23679909,0.30099857,0.30018565,0.15869036,5.885559e-05
31035,2024-04-09,3,D2,2,D1,3,D2,True,0.00210339,0.21836811,0.30859035,0.30729875,0.16358241,5.695273e-05
31035,2024-04-16,3,D2,2,D1,3,D2,True,0.001709636,0.20573363,0.31374297,0.3123536,0.16640174,5.8367674e-05
31035,2024-04-23,3,D2,2,D1,3,D2,True,0.0014862869,0.19269595,0.31976047,0.3176059,0.1683979,5.339554e-05
31035,2024-04-30,3,D2,2,D1,3,D2,True,0.005081904,0.18305784,0.3207049,0.31271923,0.1782753,0.00016078242
31035,2024-05-07,2,D1,2,D1,3,D2,False,0.004920599,0.16776584,0.32941136,0.31759933,0.18019661,0.00010620658
31035,2024-05-14,2,D1,2,D1,3,D2,False,0.004425949,0.17500408,0.3329111,0.31499752,0.17256783,9.3503186e-05
31035,2024-05-21,2,D1,2,D1,3,D2,False,0.0063435994,0.19204997,0.3336881,0.30366078,0.16409259,0.00016499776
31035,2024-05-28,2,D1,2,D1,3,D2,False,0.0046122177,0.1967624,0.34212002,0.3170634,0.13932887,0.00011309622
31035,2024-06-04,1,D0,2,D1,3,D2,False,0.0046788077,0.20742078,0.3260437,0.31566924,0.1460387,0.0001487766
31035,2024-06-11,1,D0,2,D1,3,D2,False,0.0047854474,0.21760648,0.33747143,0.3168006,0.12321898,0.000117019656
31035,2024-06-18,1,D0,2,D1,3,D2,False,0.0070342286,0.25154698,0.36419827,0.29715002,0.07996772,0.00010271825
31035,2024-06-25,1,D0,1,D0,2,D1,False,0.092163704,0.4081251,0.4022793,0.08685249,0.010227013,0.00035238822
31035,2024-07-02,0,None,1,D0,1,D0,False,0.18405084,0.49470997,0.3094309,0.011346477,0.0004220558,3.9742685e-05
31035,2024-07-09,0,None,0,None,0,None,True,0.61544585,0.38181153,0.002701742,3.776495e-05,1.8980398e-06,1.2617136e-06
31035,2024-07-16,0,None,0,None,0,None,True,0.77937746,0.22055691,6.3327294e-05,1.8007175e-06,3.9084375e-07,1.08617975e-07
31035,2024-07-23,0,None,0,None,0,None,True,0.72258246,0.27735776,5.7404235e-05,1.7080466e-06,4.797703e-07,1.7200769e-07
31035,2024-07-30,0,None,0,None,0,None,True,0.6367936,0.36307582,0.00012446262,4.352013e-06,1.1324207e-06,6.107332e-07
31035,2024-08-06,0,None,0,None,0,None,True,0.5474803,0.45180348,0.00068682636,2.3216551e-05,3.3638096e-06,2.836472e-06
31035,2024-08-13,1,D0,0,None,0,None,False,0.5610402,0.4386006,0.00034174472,1.2086847e-05,2.8167685e-06,2.555151e-06
31035,2024-08-20,1,D0,1,D0,1,D0,True,0.2704826,0.7191247,0.01038332,9.09131e-06,1.9070664e-07,9.2195265e-08
31035,2024-08-27,1,D0,1,D0,1,D0,True,0.12540185,0.8193946,0.05519698,6.5896447e-06,4.433433e-08,7.69885e-09
31035,2024-09-03,2,D1,1,D0,1,D0,False,0.08307637,0.7866992,0.13018753,3.6774538e-05,1.857358e-07,1.5507942e-08
31035,2024-09-10,2,D1,1,D0,1,D0,False,0.06544924,0.71309716,0.22120349,0.00024875533,1.3816011e-06,8.9813405e-08
31035,2024-09-17,2,D1,1,D0,1,D0,False,0.037913904,0.6381671,0.3205994,0.0032994093,1.9840434e-05,3.6427357e-07
31035,2024-09-24,2,D1,1,D0,1,D0,False,0.022028003,0.50429934,0.4036569,0.06909596,0.0009132904,6.484368e-06
31035,2024-10-01,2,D1,2,D1,3,D2,False,0.012825793,0.2815848,0.34514263,0.27555656,0.08404954,0.0008406705
31035,2024-10-08,3,D2,4,D3,4,D3,False,0.0012937244,0.007828494,0.018410074,0.08840533,0.67402923,0.21003318
31035,2024-10-15,3,D2,4,D3,4,D3,False,0.00023679716,0.0009104486,0.002027891,0.014686821,0.49560037,0.48653772
31035,2024-10-22,3,D2,5,D4,4,D3,False,4.4828765e-05,0.00017404192,0.00035335906,0.0028550772,0.43139744,0.56517535
31035,2024-10-29,3,D2,5,D4,4,D3,False,3.713319e-05,0.00015200916,0.00021845411,0.0011611739,0.39400533,0.60442585
31035,2024-11-05,3,D2,5,D4,4,D3,False,0.00019213332,0.00052761304,0.00051837147,0.0018665582,0.38876012,0.6081353
31035,2024-11-12,3,D2,5,D4,4,D3,False,0.021762196,0.02671626,0.022222582,0.02565867,0.37020376,0.53343654
31035,2024-11-19,2,D1,5,D4,4,D3,False,0.07941251,0.094974436,0.0986718,0.048605848,0.286975,0.3913604
31035,2024-11-26,2,D1,5,D4,4,D3,False,0.14251529,0.16708417,0.2149904,0.055173885,0.19739011,0.2228462
31035,2024-12-03,2,D1,5,D4,4,D3,False,0.10879229,0.15877984,0.2264155,0.04645763,0.21259077,0.246964
31035,2024-12-10,2,D1,5,D4,4,D3,False,0.03881053,0.0945295,0.14969891,0.029500302,0.2958945,0.39156625
31035,2024-12-17,2,D1,5,D4,4,D3,False,0.0009990451,0.0063984254,0.008486172,0.0017379896,0.37010348,0.6122749
31035,2024-12-24,2,D1,5,D4,4,D3,False,0.0014964492,0.009187053,0.010559252,0.0017013215,0.3700297,0.6070262
31035,2024-12-31,2,D1,5,D4,4,D3,False,0.0022605115,0.012265243,0.013460723,0.0019426483,0.36583528,0.60423565
31035,2025-01-07,2,D1,5,D4,4,D3,False,0.0050146673,0.023017714,0.026848715,0.0036197987,0.36079517,0.580704
31035,2025-01-14,2,D1,5,D4,4,D3,False,0.0025160643,0.014671285,0.01595201,0.0019762868,0.3655279,0.59935653
31035,2025-01-21,2,D1,5,D4,4,D3,False,0.0016166946,0.01155798,0.011478209,0.0011269788,0.36588693,0.6083333
31035,2025-01-28,2,D1,5,D4,4,D3,False,0.0008677353,0.0072565163,0.0070658564,0.0006270257,0.36607593,0.61810696
31035,2025-02-04,2,D1,5,D4,4,D3,False,0.0006321432,0.0054958877,0.004986306,0.00039377614,0.3622868,0.6262051
31035,2025-02-11,2,D1,5,D4,4,D3,False,0.00048808273,0.004281765,0.0036957304,0.00030039097,0.36192438,0.6293097
31035,2025-02-18,2,D1,5,D4,4,D3,False,0.0010777736,0.007362905,0.0058361627,0.00046611988,0.35500726,0.6302498
31035,2025-02-25,2,D1,5,D4,4,D3,False,0.0018843204,0.010398225,0.009370892,0.0009426024,0.3524393,0.62496454
31035,2025-03-04,2,D1,5,D4,4,D3,False,0.00094089034,0.006620269,0.006861501,0.00076050026,0.3595968,0.6252201
31035,2025-03-11,2,D1,5,D4,4,D3,False,0.0015529977,0.010091189,0.012772875,0.0015374707,0.3603868,0.61365867
31035,2025-03-18,2,D1,5,D4,4,D3,False,0.00069036597,0.0054007266,0.008762083,0.0013925516,0.36230803,0.62144625
31035,2025-03-25,1,D0,5,D4,4,D3,False,0.0003031969,0.002687431,0.005816724,0.0012485386,0.3652244,0.6247196
31035,2025-04-01,1,D0,5,D4,4,D3,False,0.000507677,0.0039098985,0.010744155,0.0029836085,0.37032032,0.6115344
31035,2025-04-08,1,D0,5,D4,4,D3,False,0.001139625,0.007039339,0.027356857,0.010692676,0.37366393,0.58010757
31035,2025-04-15,2,D1,5,D4,4,D3,False,0.00056848617,0.004519347,0.021951493,0.010857216,0.3889872,0.5731162
31035,2025-04-22,2,D1,5,D4,4,D3,False,0.0018785159,0.013595053,0.06558908,0.019098042,0.38489866,0.51494074
31035,2025-04-29,2,D1,2,D1,4,D3,False,0.015108302,0.082981355,0.3485688,0.06979697,0.29969853,0.183846
31035,2025-05-06,2,D1,4,D3,4,D3,False,0.0057652737,0.062350273,0.31048077,0.102253124,0.40939817,0.10975239
31035,2025-05-13,3,D2,2,D1,2,D1,False,0.005007522,0.083648965,0.3940677,0.1759304,0.3206525,0.020692928
31035,2025-05-20,3,D2,2,D1,2,D1,False,0.012584398,0.17387418,0.6119971,0.13974753,0.06147436,0.00032242705
31035,2025-05-27,3,D2,2,D1,2,D1,False,0.013723741,0.20743975,0.6707489,0.09280414,0.015263813,1.9702102e-05
31035,2025-06-03,3,D2,2,D1,2,D1,False,0.0032127886,0.15944542,0.6537047,0.16582365,0.01781113,2.2909308e-06
31035,2025-06-10,3,D2,2,D1,2,D1,False,0.0013188354,0.110496074,0.6272563,0.24696408,0.013964234,5.0403224e-07
31035,2025-06-17,3,D2,2,D1,3,D2,True,0.0004637647,0.06374002,0.5661575,0.3492353,0.02040305,3.5136793e-07
31035,2025-06-24,3,D2,3,D2,3,D2,True,0.000156294,0.032061744,0.45036352,0.46944666,0.047971126,6.561777e-07
31035,2025-07-01,3,D2,3,D2,3,D2,True,0.00020500025,0.02615309,0.38096383,0.5015598,0.09111754,7.723477e-07
31035,2025-07-08,3,D2,3,D2,3,D2,True,0.00016540378,0.02288621,0.3530136,0.50691015,0.11702394,7.1463086e-07
31035,2025-07-15,3,D2,3,D2,3,D2,True,0.0002488113,0.029853579,0.39170247,0.44761315,0.13058081,1.1590542e-06
31035,2025-07-22,2,D1,3,D2,3,D2,False,0.0003686677,0.03362086,0.40598768,0.414479,0.14554164,2.1537396e-06
31035,2025-07-29,2,D1,3,D2,3,D2,False,0.00034168988,0.0297788,0.331473,0.44106248,0.19733563,8.390133e-06
31035,2025-08-05,1,D0,3,D2,3,D2,False,0.00028802652,0.028464383,0.293654,0.4555573,0.22201946,1.6852307e-05
31035,2025-08-12,0,None,3,D2,3,D2,False,0.00054471655,0.032644898,0.2646657,0.459081,0.24296781,9.590431e-05
31035,2025-08-19,0,None,1,D0,1,D0,False,0.33324957,0.44330668,0.09073804,0.07812695,0.04986727,0.0047115036
31035,2025-08-26,0,None,0,None,0,None,True,0.6080107,0.38360474,0.0052957055,0.0015933209,0.0013171781,0.00017842259
31035,2025-09-02,0,None,0,None,0,None,True,0.68242246,0.31647715,0.00088112906,0.00011454023,9.0095826e-05,1.4634103e-05
31035,2025-09-09,0,None,0,None,0,None,True,0.79493535,0.2049958,5.3038253e-05,6.442996e-06,8.107481e-06,1.1833898e-06
31035,2025-09-16,0,None,0,None,0,None,True,0.7830988,0.21686335,3.060272e-05,2.8088782e-06,3.5596581e-06,8.055018e-07
31035,2025-09-23,0,None,0,None,0,None,True,0.8386306,0.16135727,1.1053776e-05,4.4701923e-07,4.704133e-07,1.0931249e-07
31035,2025-09-30,0,None,0,None,0,None,True,0.812119,0.18786998,1.07092965e-05,1.1124123e-07,7.83408e-08,3.537791e-08
31035,2025-10-07,0,None,0,None,0,None,True,0.78230983,0.21767156,1.8575885e-05,6.3869294e-08,4.6227175e-08,3.3942147e-08
31035,2025-10-14,0,None,0,None,0,None,True,0.8125865,0.18739854,1.4991766e-05,2.5431337e-08,2.3944544e-08,1.797226e-08
31035,2025-10-21,0,None,0,None,0,None,True,0.7225137,0.2773877,9.82446e-05,1.1042593e-07,6.920163e-08,8.017095e-08
31035,2025-10-28,0,None,0,None,0,None,True,0.6918553,0.30800042,0.00014376467,2.0675586e-07,1.4070723e-07,1.6443897e-07
31035,2025-11-04,0,None,0,None,0,None,True,0.639778,0.35990086,0.00032003713,4.8720824e-07,2.825713e-07,3.3381102e-07
31035,2025-11-11,0,None,0,None,0,None,True,0.62431496,0.37524772,0.00043583458,7.0174127e-07,3.7120006e-07,4.4093127e-07
31035,2025-11-18,0,None,0,None,0,None,True,0.62788284,0.37170005,0.00041489617,9.65387e-07,5.6678675e-07,6.073733e-07
31035,2025-11-25,0,None,0,None,0,None,True,0.6650457,0.33471897,0.00023333979,7.923571e-07,6.0069425e-07,6.2044126e-07
31035,2025-12-02,0,None,0,None,0,None,True,0.7182449,0.2816091,0.00014422281,7.05133e-07,5.6901507e-07,4.93234e-07
31035,2025-12-09,0,None,0,None,0,None,True,0.76201767,0.23788312,9.763946e-05,6.277116e-07,5.3708595e-07,3.9139542e-07
31035,2025-12-16,0,None,0,None,0,None,True,0.78396124,0.21595335,8.371056e-05,7.318396e-07,5.367428e-07,3.208236e-07
31035,2025-12-23,0,None,0,None,0,None,True,0.7500972,0.24976788,0.00013233986,1.2740514e-06,7.686632e-07,4.6858298e-07
31035,2025-12-30,1,D0,0,None,0,None,False,0.73078203,0.26906812,0.00014702782,1.5359294e-06,8.109595e-07,4.891955e-07
31037,2022-01-04,0,None,0,None,0,None,True,0.72662294,0.273155,0.0002196384,7.8406777e-07,8.526143e-07,7.749146e-07
31037,2022-01-11,0,None,0,None,0,None,True,0.7257935,0.27397054,0.0002332699,8.7804256e-07,9.261384e-07,8.1666275e-07
31037,2022-01-18,0,None,0,None,0,None,True,0.7290961,0.27067786,0.00022352912,8.474916e-07,8.482039e-07,7.5052156e-07
31037,2022-01-25,1,D0,0,None,0,None,False,0.6982506,0.30146277,0.0002842377,9.767924e-07,7.887683e-07,7.003545e-07
31037,2022-02-01,1,D0,1,D0,1,D0,True,0.097187065,0.8660108,0.03679858,2.4892906e-06,8.788241e-07,2.4181585e-07
31037,2022-02-08,2,D1,1,D0,1,D0,False,0.046456594,0.8752999,0.07824173,1.1699753e-06,5.1695014e-07,1.4619484e-07
31037,2022-02-15,2,D1,1,D0,1,D0,False,0.0391279,0.8567622,0.10410772,1.362611e-06,6.465446e-07,2.165808e-07
31037,2022-02-22,2,D1,1,D0,1,D0,False,0.03907902,0.8534524,0.10746619,1.3871655e-06,6.980976e-07,2.9263794e-07
31037,2022-03-01,2,D1,1,D0,1,D0,False,0.04149907,0.8474037,0.111095294,1.1419722e-06,4.9276724e-07,2.9191375e-07
31037,2022-03-08,2,D1,1,D0,1,D0,False,0.050286286,0.854463,0.09525017,4.0648243e-07,1.2720457e-07,1.19326e-07
31037,2022-03-15,3,D2,1,D0,1,D0,False,0.056560628,0.8625494,0.08088974,1.00802666e-07,2.7564852e-08,9.2615586e-08
31037,2022-03-22,3,D2,1,D0,1,D0,False,0.07076257,0.8402497,0.088987425,9.255769e-08,1.733015e-08,6.273802e-08
31037,2022-03-29,3,D2,1,D0,1,D0,False,0.07412627,0.8253952,0.10047832,1.1592936e-07,1.5090516e-08,5.5237876e-08
31037,2022-04-05,3,D2,1,D0,1,D0,False,0.08255476,0.8049386,0.112506405,1.9488338e-07,1.861598e-08,7.3148215e-08
31037,2022-04-12,3,D2,1,D0,1,D0,False,0.060971085,0.7908676,0.1481609,3.8786283e-07,2.4545875e-08,4.380585e-08
31037,2022-04-19,3,D2,1,D0,1,D0,False,0.032591656,0.74818605,0.21922022,2.0709167e-06,6.711331e-08,3.6367833e-08
31037,2022-04-26,3,D2,1,D0,1,D0,False,0.02597997,0.7065302,0.26748514,4.5879633e-06,1.10870594e-07,2.9160507e-08
31037,2022-05-03,2,D1,1,D0,1,D0,False,0.15726018,0.5787539,0.26397818,7.5052994e-06,1.0467877e-07,1.316568e-07
31037,2022-05-10,2,D1,1,D0,1,D0,False,0.12991706,0.5359513,0.33412123,1.0225785e-05,1.4235899e-07,6.623579e-08
31037,2022-05-17,2,D1,1,D0,1,D0,False,0.06741024,0.54533625,0.38722587,2.7144799e-05,3.4771017e-07,3.383998e-08
31037,2022-05-24,2,D1,1,D0,1,D0,False,0.054413863,0.517647,0.4278319,0.00010595768,1.1723133e-06,4.0477442e-08
31037,2022-05-31,2,D1,2,D1,2,D1,True,0.024625821,0.48480025,0.48917022,0.001388529,1.5140423e-05,6.370451e-08
31037,2022-06-07,2,D1,2,D1,2,D1,True,0.015338522,0.41836643,0.5607244,0.0055158148,5.4769018e-05,6.936422e-08
31037,2022-06-14,2,D1,2,D1,2,D1,True,0.010692699,0.39878225,0.57984585,0.010594794,8.430006e-05,5.2311737e-08
31037,2022-06-21,2,D1,2,D1,2,D1,True,0.009866374,0.40904292,0.5664362,0.01456882,8.562037e-05,3.426141e-08
31037,2022-06-28,2,D1,2,D1,2,D1,True,0.0034994378,0.3492251,0.5888554,0.058127668,0.00029231253,2.4070623e-08
31037,2022-07-05,2,D1,2,D1,2,D1,True,0.0030474484,0.28940675,0.51326406,0.19328524,0.0009963457,1.3230019e-07
31037,2022-07-12,2,D1,2,D1,3,D2,False,0.0023800046,0.20772135,0.44498274,0.342793,0.0021228371,9.9671766e-08
31037,2022-07-19,2,D1,2,D1,2,D1,True,0.0055038705,0.28415352,0.4629915,0.24597947,0.0013712373,3.4202853e-07
31037,2022-07-26,2,D1,2,D1,3,D2,False,0.005613515,0.2476619,0.4083906,0.33539706,0.0029355718,1.3178093e-06
31037,2022-08-02,3,D2,2,D1,3,D2,True,0.01391714,0.30986428,0.37483546,0.29895705,0.0024196934,6.268706e-06
31037,2022-08-09,3,D2,3,D2,3,D2,True,0.011140181,0.28591496,0.33001316,0.3667215,0.0061886758,2.1503269e-05
31037,2022-08-16,3,D2,3,D2,3,D2,True,0.008926592,0.21704829,0.29063883,0.45783153,0.025365053,0.00018966905
31037,2022-08-23,3,D2,1,D0,3,D2,True,0.023296196,0.3583461,0.27345154,0.29811335,0.04509488,0.0016979178
31037,2022-08-30,4,D3,4,D3,3,D2,False,0.0021923725,0.046250936,0.07557163,0.38423046,0.4851946,0.006559994
31037,2022-09-06,4,D3,4,D3,4,D3,True,0.00011104282,0.00090174144,0.0011258564,0.012070503,0.64187896,0.34391186
31037,2022-09-13,4,D3,5,D4,5,D4,False,5.815291e-06,2.8938799e-05,2.3939705e-05,0.000110540255,0.2409205,0.7589103
31037,2022-09-20,4,D3,5,D4,5,D4,False,5.6010676e-06,2.633494e-05,1.895424e-05,6.9502195e-05,0.19346541,0.80641425
31037,2022-09-27,4,D3,5,D4,5,D4,False,1.4440476e-06,7.915502e-06,6.879698e-06,3.0424118e-05,0.1700165,0.8299368
31037,2022-10-04,4,D3,5,D4,5,D4,False,7.88109e-08,4.804553e-07,5.29914e-07,3.409469e-06,0.13671584,0.86327964
31037,2022-10-11,4,D3,5,D4,5,D4,False,8.2501764e-08,4.7840723e-07,5.027809e-07,2.070206e-06,0.105729245,0.89426774
31037,2022-10-18,4,D3,5,D4,5,D4,False,1.2606856e-08,1.08012124e-07,1.5214032e-07,4.2011413e-07,0.08291385,0.9170854
31037,2022-10-25,4,D3,5,D4,5,D4,False,5.0584488e-09,5.306108e-08,8.9544194e-08,1.1589869e-07,0.048717737,0.9512821
31037,2022-11-01,4,D3,5,D4,5,D4,False,1.6273695e-08,1.2345306e-07,1.5225953e-07,1.3341356e-07,0.035869874,0.9641297
31037,2022-11-08,5,D4,5,D4,5,D4,True,3.0726287e-08,2.1942247e-07,2.9308845e-07,2.655004e-07,0.035553377,0.9644458
31037,2022-11-15,5,D4,5,D4,5,D4,True,3.6516766e-08,2.5559888e-07,3.9168492e-07,3.2789734e-07,0.035636175,0.9643628
31037,2022-11-22,5,D4,5,D4,5,D4,True,2.2027557e-08,2.0629989e-07,4.9251986e-07,6.875123e-07,0.04329681,0.95670176
31037,2022-11-29,5,D4,5,D4,5,D4,True,3.127081e-08,2.847312e-07,5.964902e-07,5.2967494e-07,0.0372896,0.96270895
31037,2022-12-06,5,D4,5,D4,5,D4,True,2.334949e-08,2.7248058e-07,5.535074e-07,4.0183315e-07,0.037715115,0.96228355
31037,2022-12-13,5,D4,5,D4,5,D4,True,9.271136e-08,7.151595e-07,1.3313978e-06,7.8996e-07,0.036466356,0.96353066
31037,2022-12-20,5,D4,5,D4,5,D4,True,3.843557e-07,2.0462924e-06,3.4507273e-06,1.7697233e-06,0.040344235,0.9596482
31037,2022-12-27,5,D4,5,D4,5,D4,True,9.1031137e-07,4.472372e-06,5.5887117e-06,1.8510234e-06,0.053195436,0.94679177
31037,2023-01-03,5,D4,5,D4,5,D4,True,4.8199904e-06,1.5217139e-05,1.5421718e-05,5.0115764e-06,0.0898121,0.9101475
31037,2023-01-10,5,D4,5,D4,5,D4,True,2.7897877e-05,5.306289e-05,5.7804693e-05,5.469374e-05,0.18367432,0.81613225
31037,2023-01-17,5,D4,5,D4,4,D3,False,8.277601e-06,2.2527993e-05,2.532147e-05,0.00015580218,0.38283315,0.6169549
31037,2023-01-24,5,D4,5,D4,4,D3,False,0.00011274536,0.00016532557,0.00014118919,0.0011430155,0.44366038,0.5547773
31037,2023-01-31,5,D4,5,D4,4,D3,False,8.533277e-05,0.00015638143,0.00015406008,0.0012246113,0.4395541,0.55882555
31037,2023-02-07,5,D4,5,D4,4,D3,False,7.85748e-06,3.266693e-05,3.7898313e-05,0.00033554566,0.43797103,0.56161505
31037,2023-02-14,5,D4,5,D4,4,D3,False,4.6984064e-06,2.169331e-05,2.8047936e-05,0.0002643308,0.4370173,0.562664
31037,2023-02-21,5,D4,5,D4,4,D3,False,1.400865e-06,7.9576075e-06,1.093198e-05,0.000118352276,0.4351547,0.5647067
31037,2023-02-28,5,D4,5,D4,4,D3,False,1.0782264e-06,6.0529446e-06,8.861779e-06,0.00010921636,0.4336231,0.56625164
31037,2023-03-07,5,D4,5,D4,4,D3,False,6.5593173e-07,3.860227e-06,6.0098214e-06,8.532523e-05,0.4299549,0.5699492
31037,2023-03-14,5,D4,5,D4,4,D3,False,1.6355069e-06,7.5835446e-06,1.2363675e-05,0.00018608524,0.42442122,0.5753711
31037,2023-03-21,5,D4,5,D4,4,D3,False,3.569585e-07,2.3735504e-06,4.2142324e-06,6.278292e-05,0.4141583,0.5857719
31037,2023-03-28,5,D4,5,D4,4,D3,False,2.1900452e-07,1.413431e-06,2.8763984e-06,5.048249e-05,0.40314865,0.5967963
31037,2023-04-04,5,D4,5,D4,4,D3,False,1.11431504e-07,8.12534e-07,2.0168527e-06,3.5430017e-05,0.3882988,0.6116629
31037,2023-04-11,5,D4,5,D4,4,D3,False,3.1546495e-08,2.5816306e-07,1.1625701e-06,3.05948e-05,0.3820443,0.6179236
31037,2023-04-18,5,D4,5,D4,4,D3,False,1.500623e-08,1.3885517e-07,1.228255e-06,3.6658905e-05,0.3687954,0.6311666
31037,2023-04-25,5,D4,5,D4,4,D3,False,3.9946046e-09,3.82784e-08,9.566132e-07,5.3755808e-05,0.35893467,0.6410106
31037,2023-05-02,5,D4,5,D4,4,D3,False,2.2315245e-09,2.1658657e-08,1.1487513e-06,0.00014288563,0.39802185,0.6018341
31037,2023-05-09,5,D4,5,D4,4,D3,False,1.8034044e-08,1.0969525e-07,6.67828e-06,0.0010104434,0.42238536,0.57659745
31037,2023-05-16,5,D4,4,D3,4,D3,False,0.00016887943,0.00014731912,0.0072072404,0.29580593,0.49857652,0.19809408
31037,2023-05-23,5,D4,4,D3,3,D2,False,0.00024694367,0.00028615168,0.0154048,0.35117453,0.4713327,0.16155484
31037,2023-05-30,5,D4,4,D3,3,D2,False,0.00021096898,0.00048536193,0.024230246,0.3844755,0.47575957,0.1148383
31037,2023-06-06,5,D4,4,D3,3,D2,False,0.0010423079,0.0032816571,0.07720991,0.42981195,0.43264806,0.056006186
31037,2023-06-13,5,D4,3,D2,3,D2,False,0.00022192394,0.003966611,0.10018682,0.46561152,0.41853532,0.011477776
31037,2023-06-20,5,D4,3,D2,3,D2,False,0.0001229813,0.0063949735,0.16316354,0.47273645,0.3556994,0.0018827214
31037,2023-06-27,5,D4,3,D2,3,D2,False,0.000112656235,0.008350561,0.19993582,0.47200936,0.31889528,0.0006963151
31037,2023-07-04,5,D4,3,D2,3,D2,False,0.00026424797,0.012533172,0.22124365,0.46905416,0.2963106,0.00059419754
31037,2023-07-11,4,D3,3,D2,3,D2,False,0.00024866316,0.014988443,0.23822844,0.47319934,0.2731503,0.00018486878
31037,2023-07-18,4,D3,3,D2,3,D2,False,0.00023178442,0.016180737,0.2449211,0.4757802,0.26278758,9.869135e-05
31037,2023-07-25,4,D3,3,D2,3,D2,False,0.00019198189,0.016741173,0.2521897,0.48183468,0.24899995,4.2469397e-05
31037,2023-08-01,4,D3,3,D2,3,D2,False,0.0001745221,0.018681187,0.2528597,0.48270229,0.24555492,2.7374537e-05
31037,2023-08-08,4,D3,3,D2,3,D2,False,0.00021810386,0.021746298,0.25893128,0.47902477,0.24005516,2.4398638e-05
31037,2023-08-15,4,D3,3,D2,3,D2,False,0.00018149725,0.022289716,0.26033407,0.4810082,0.2361689,1.7587961e-05
31037,2023-08-22,4,D3,3,D2,3,D2,False,0.00018330014,0.024280569,0.26218262,0.4806455,0.23269351,1.4496951e-05
31037,2023-08-29,4,D3,3,D2,3,D2,False,0.00023505314,0.029524338,0.26391494,0.47524744,0.23106103,1.722649e-05
31037,2023-09-05,4,D3,3,D2,3,D2,False,0.00025755307,0.03849173,0.26883176,0.4750962,0.21730873,1.4085449e-05
31037,2023-09-12,4,D3,3,D2,3,D2,False,0.00038813835,0.05382212,0.27775908,0.47086623,0.19714813,1.630128e-05
31037,2023-09-19,4,D3,3,D2,3,D2,False,0.0007929245,0.08062127,0.28599674,0.45899555,0.17357671,1.6853533e-05
31037,2023-09-26,4,D3,3,D2,3,D2,False,0.0021548835,0.12791419,0.2883024,0.42716122,0.15443966,2.7729e-05
31037,2023-10-03,4,D3,3,D2,3,D2,False,0.0034687833,0.16181445,0.28810367,0.39857265,0.14800155,3.8873564e-05
31037,2023-10-10,4,D3,3,D2,3,D2,False,0.003202251,0.18453708,0.2902878,0.37492526,0.14701076,3.6724527e-05
31037,2023-10-17,4,D3,3,D2,3,D2,False,0.008546859,0.21773851,0.27998492,0.34979883,0.14380814,0.0001227849
31037,2023-10-24,4,D3,3,D2,3,D2,False,0.0069936938,0.23197755,0.2821966,0.33308867,0.14564592,9.7580276e-05
31037,2023-10-31,4,D3,3,D2,3,D2,False,0.007042391,0.24090998,0.2818711,0.32217982,0.14788403,0.00011272517
31037,2023-11-07,4,D3,3,D2,3,D2,False,0.006790339,0.24466679,0.2821294,0.31326756,0.15302342,0.00012247993
31037,2023-11-14,4,D3,3,D2,3,D2,False,0.0037953567,0.2479524,0.29023707,0.30220568,0.1557447,6.483412e-05
31037,2023-11-21,4,D3,3,D2,3,D2,False,0.0040867706,0.25219572,0.28906918,0.29333818,0.16122708,8.308714e-05
31037,2023-11-28,4,D3,3,D2,3,D2,False,0.003756334,0.2527944,0.2904901,0.29284412,0.16004305,7.194136e-05
31037,2023-12-05,4,D3,3,D2,3,D2,False,0.0038416658,0.25344682,0.29112548,0.292196,0.15931818,7.187448e-05
31037,2023-12-12,4,D3,2,D1,3,D2,False,0.0034902703,0.25556788,0.29257265,0.28298247,0.16531213,7.45575e-05
31037,2023-12-19,4,D3,2,D1,3,D2,False,0.0034439038,0.25572672,0.29283553,0.28004515,0.16787279,7.5863376e-05
31037,2023-12-26,4,D3,2,D1,3,D2,False,0.004706512,0.25147274,0.29202855,0.2870107,0.16467705,0.00010441561
31037,2024-01-02,3,D2,2,D1,3,D2,True,0.0051221442,0.24983883,0.29253626,0.29075468,0.16164544,0.000102702565
31037,2024-01-09,2,D1,2,D1,3,D2,False,0.005349462,0.25037193,0.29302406,0.28881285,0.16233379,0.00010787512
31037,2024-01-16,2,D1,2,D1,3,D2,False,0.005654932,0.2498397,0.29464757,0.28832626,0.16141787,0.0001137169
31037,2024-01-23,2,D1,2,D1,3,D2,False,0.0047420734,0.25584725,0.29846624,0.2717477,0.1690827,0.00011404123
31037,2024-01-30,2,D1,2,D1,3,D2,False,0.004721194,0.25879702,0.29961866,0.26533806,0.17141016,0.00011492414
31037,2024-02-06,2,D1,2,D1,3,D2,False,0.0048118485,0.25849435,0.29927585,0.26752445,0.16977976,0.00011377177
31037,2024-02-13,2,D1,2,D1,3,D2,False,0.0045185196,0.26012513,0.29895157,0.26626584,0.17003237,0.00010654228
31037,2024-02-20,2,D1,2,D1,3,D2,False,0.003569345,0.26390025,0.30057156,0.2564398,0.17542374,9.5292424e-05
31037,2024-02-27,2,D1,2,D1,3,D2,False,0.0034280044,0.26176414,0.29795775,0.2638578,0.17290455,8.773196e-05
31037,2024-03-05,2,D1,2,D1,3,D2,False,0.0024750913,0.26088527,0.30393812,0.25028604,0.1823342,8.120636e-05
31037,2024-03-12,2,D1,2,D1,3,D2,False,0.0022702944,0.25484663,0.30435547,0.25684094,0.18160903,7.7630175e-05
31037,2024-03-19,2,D1,2,D1,3,D2,False,0.0023116255,0.24953344,0.3021272,0.2717038,0.17425665,6.731921e-05
31037,2024-03-26,2,D1,2,D1,3,D2,False,0.0028199872,0.24319185,0.3009239,0.2890432,0.16396125,5.9830505e-05
31037,2024-04-02,2,D1,2,D1,3,D2,False,0.003267458,0.23679909,0.30099857,0.30018565,0.15869036,5.885559e-05
31037,2024-04-09,2,D1,2,D1,3,D2,False,0.00210339,0.21836811,0.30859035,0.30729875,0.16358241,5.695273e-05
31037,2024-04-16,2,D1,2,D1,3,D2,False,0.001709636,0.20573363,0.31374297,0.3123536,0.16640174,5.8367674e-05
31037,2024-04-23,2,D1,2,D1,3,D2,False,0.0014862869,0.19269595,0.31976047,0.3176059,0.1683979,5.339554e-05
31037,2024-04-30,2,D1,2,D1,3,D2,False,0.005081904,0.18305784,0.3207049,0.31271923,0.1782753,0.00016078242
31037,2024-05-07,1,D0,2,D1,3,D2,False,0.004920599,0.16776584,0.32941136,0.31759933,0.18019661,0.00010620658
31037,2024-05-14,1,D0,1,D0,1,D0,True,0.2429161,0.32056448,0.28035197,0.11417473,0.038147107,0.0038456477
31037,2024-05-21,0,None,0,None,0,None,True,0.59894174,0.36272547,0.03511532,0.002700468,0.00038317926,0.00013379709
31037,2024-05-28,0,None,0,None,0,None,True,0.83543354,0.16433586,0.00022214216,6.616646e-06,1.3463969e-06,3.7651876e-07
31037,2024-06-04,0,None,0,None,0,None,True,0.84417,0.15572746,0.00010017044,1.8059227e-06,5.272523e-07,1.5179698e-07
31037,2024-06-11,0,None,0,None,0,None,True,0.82679474,0.17308302,0.000120483666,1.4414851e-06,3.26408e-07,1.0849291e-07
31037,2024-06-18,0,None,0,None,0,None,True,0.7955897,0.20424123,0.00016753384,1.2517871e-06,2.1290032e-07,9.950253e-08
31037,2024-06-25,0,None,0,None,0,None,True,0.8135692,0.18630767,0.00012242925,5.573137e-07,7.422909e-08,3.970598e-08
31037,2024-07-02,0,None,0,None,0,None,True,0.81061286,0.189295,9.148379e-05,4.0860115e-07,8.870452e-08,4.5748347e-08
31037,2024-07-09,0,None,0,None,0,None,True,0.78413457,0.21578409,8.0811486e-05,3.198127e-07,6.810161e-08,3.8912e-08
31037,2024-07-16,0,None,0,None,0,None,True,0.7982569,0.20169935,4.35998e-05,1.4390022e-07,3.4796997e-08,1.9597795e-08
31037,2024-07-23,0,None,0,None,0,None,True,0.71746516,0.28246468,6.97523e-05,1.9911565e-07,5.2821814e-08,4.4496808e-08
31037,2024-07-30,0,None,0,None,0,None,True,0.6487258,0.35117623,9.758263e-05,2.121556e-07,7.1207445e-08,9.554853e-08
31037,2024-08-06,0,None,0,None,0,None,True,0.55420136,0.44525978,0.00053679215,1.3771022e-06,2.3475287e-07,4.2838792e-07
31037,2024-08-13,0,None,0,None,0,None,True,0.5899139,0.40985334,0.00023138498,6.6346155e-07,2.4162404e-07,4.5273717e-07
31037,2024-08-20,0,None,0,None,0,None,True,0.6227149,0.37720177,8.2845254e-05,1.9221481e-07,1.4456317e-07,2.596369e-07
31037,2024-08-27,0,None,1,D0,0,None,True,0.47292122,0.5261764,0.00090207736,2.1885877e-07,3.0866318e-08,5.8127902e-08
31037,2024-09-03,0,None,1,D0,0,None,True,0.44811204,0.5503201,0.0015676495,2.1295885e-07,2.1803807e-08,3.372694e-08
31037,2024-09-10,1,D0,1,D0,0,None,False,0.46480352,0.5334745,0.0017217802,1.5854158e-07,1.6658241e-08,2.715145e-08
31037,2024-09-17,1,D0,1,D0,1,D0,True,0.08045936,0.8250745,0.09446517,9.924914e-07,1.4165528e-08,4.272061e-09
31037,2024-09-24,1,D0,1,D0,1,D0,True,0.043113634,0.75413746,0.20274167,7.1278064e-06,1.425044e-07,2.750964e-08
31037,2024-10-01,2,D1,1,D0,1,D0,False,0.03680537,0.61241686,0.3505282,0.00022252783,2.4512718e-05,2.5590693e-06
31037,2024-10-08,2,D1,2,D1,2,D1,True,0.035482705,0.35628775,0.39095518,0.018306723,0.118787676,0.08017999
31037,2024-10-15,3,D2,5,D4,4,D3,False,0.0024184517,0.013318203,0.02722723,0.0145429075,0.35539222,0.587101
31037,2024-10-22,3,D2,5,D4,5,D4,False,0.00040899887,0.001633304,0.0029770404,0.0025313566,0.2957177,0.69673157
31037,2024-10-29,3,D2,5,D4,5,D4,False,0.00033336034,0.0012667709,0.0019168532,0.00065815676,0.23306425,0.76276064
31037,2024-11-05,3,D2,5,D4,5,D4,False,0.0018780301,0.005889623,0.006947651,0.001045807,0.219315,0.7649239
31037,2024-11-12,3,D2,1,D0,1,D0,False,0.17669001,0.27339777,0.22130637,0.0065170256,0.082280606,0.23980817
31037,2024-11-19,3,D2,1,D0,1,D0,False,0.2308664,0.35575718,0.3027222,0.003988785,0.029350292,0.07731504
31037,2024-11-26,2,D1,1,D0,1,D0,False,0.24364433,0.3718406,0.33216798,0.0025161407,0.015358817,0.034472186
31037,2024-12-03,2,D1,1,D0,2,D1,True,0.19674696,0.3706927,0.36888427,0.0022061965,0.017512806,0.04395708
31037,2024-12-10,2,D1,2,D1,2,D1,True,0.11607483,0.341134,0.40811303,0.0019968487,0.032651283,0.10003
31037,2024-12-17,2,D1,5,D4,5,D4,False,0.010504127,0.08721909,0.10673931,0.0005204622,0.17091407,0.6241029
31037,2024-12-24,2,D1,5,D4,5,D4,False,0.013927048,0.111714385,0.12047658,0.0004485802,0.16165042,0.5917829
31037,2024-12-31,2,D1,5,D4,5,D4,False,0.019284567,0.13497132,0.13616599,0.00042900004,0.1492819,0.5598672
31037,2025-01-07,2,D1,5,D4,5,D4,False,0.034186605,0.19702187,0.20415923,0.0005791999,0.11610242,0.4479508
31037,2025-01-14,2,D1,5,D4,5,D4,False,0.019534025,0.13736024,0.13783003,0.00035782438,0.14382136,0.5610965
31037,2025-01-21,2,D1,5,D4,5,D4,False,0.013090748,0.115178965,0.10493458,0.00021249364,0.15364479,0.6129385
31037,2025-01-28,2,D1,5,D4,5,D4,False,0.0072021703,0.07551524,0.066335104,0.00012282141,0.1662466,0.6845781
31037,2025-02-04,2,D1,5,D4,5,D4,False,0.005041545,0.055298284,0.04533006,7.6569886e-05,0.17035033,0.72390324
31037,2025-02-11,2,D1,5,D4,5,D4,False,0.0036564143,0.040957756,0.03244728,5.6606455e-05,0.17367731,0.7492047
31037,2025-02-18,2,D1,5,D4,5,D4,False,0.008020923,0.06978133,0.051122498,8.351359e-05,0.16179025,0.7092014
31037,2025-02-25,2,D1,5,D4,5,D4,False,0.014271223,0.09567231,0.079789996,0.00015685012,0.15239848,0.6577111
31037,2025-03-04,2,D1,5,D4,5,D4,False,0.007998218,0.06571705,0.059639964,0.00012930382,0.16749258,0.6990228
31037,2025-03-11,2,D1,5,D4,5,D4,False,0.014279392,0.106173865,0.10890915,0.0002436657,0.15290233,0.61749166
31037,2025-03-18,2,D1,5,D4,5,D4,False,0.008147832,0.068512075,0.08536949,0.00023804701,0.16689046,0.67084205
31037,2025-03-25,1,D0,5,D4,5,D4,False,0.004734545,0.042292293,0.060961194,0.0002135481,0.17530909,0.71648943
31037,2025-04-01,1,D0,5,D4,5,D4,False,0.010885272,0.07753695,0.121095784,0.00044462108,0.15613529,0.633902
31037,2025-04-08,1,D0,5,D4,5,D4,False,0.020410975,0.11640816,0.25541475,0.0012302969,0.12292265,0.48361322
31037,2025-04-15,1,D0,5,D4,5,D4,False,0.011840733,0.085712776,0.23380476,0.0012520106,0.14115655,0.5262332
31037,2025-04-22,1,D0,5,D4,2,D1,False,0.01946982,0.1364293,0.35082203,0.0015144555,0.11149475,0.38026962
31037,2025-04-29,1,D0,2,D1,2,D1,False,0.07012911,0.28042272,0.54042566,0.0013512677,0.027458578,0.080212645
31037,2025-05-06,1,D0,2,D1,2,D1,False,0.046297953,0.2820444,0.5995969,0.0009652844,0.020643538,0.050451897
31037,2025-05-13,2,D1,2,D1,2,D1,True,0.052126247,0.32464132,0.6062614,0.0007607173,0.0072431117,0.008967253
31037,2025-05-20,1,D0,2,D1,2,D1,False,0.1269034,0.388604,0.48227853,0.00086054637,0.0009883229,0.00036526233
31037,2025-05-27,1,D0,1,D0,1,D0,True,0.16551466,0.4333583,0.40050587,0.00043417385,0.00015845685,2.8517117e-05
31037,2025-06-03,1,D0,2,D1,2,D1,False,0.07553246,0.42751992,0.4953001,0.001393314,0.000246793,7.382226e-06
31037,2025-06-10,1,D0,2,D1,2,D1,False,0.07765695,0.35996467,0.55477744,0.0073287203,0.00026811974,4.1540425e-06
31037,2025-06-17,1,D0,2,D1,2,D1,False,0.017883644,0.22622345,0.6973612,0.057481613,0.0010490912,1.0501577e-06
31037,2025-06-24,1,D0,2,D1,2,D1,False,0.0037396864,0.14746124,0.6946711,0.15065601,0.003471453,5.5435305e-07
31037,2025-07-01,1,D0,2,D1,2,D1,False,0.0008664742,0.07523527,0.62388825,0.2868508,0.01315888,3.1587066e-07
31037,2025-07-08,0,None,2,D1,3,D2,False,0.028349556,0.18374501,0.47166568,0.2820166,0.03421013,1.3041157e-05
31037,2025-07-15,0,None,0,None,0,None,True,0.818384,0.176843,0.0027516475,0.0013466516,0.00067137077,3.2254713e-06
31037,2025-07-22,0,None,0,None,0,None,True,0.8711,0.12804078,0.0005388788,0.00019864438,0.00012110897,6.6013496e-07
31037,2025-07-29,0,None,0,None,0,None,True,0.8625322,0.13687629,0.0003788762,0.00012321137,8.851777e-05,8.679111e-07
31037,2025-08-05,0,None,0,None,0,None,True,0.8371909,0.16208325,0.0004295602,0.0001581957,0.00013664975,1.4596327e-06
31037,2025-08-12,0,None,0,None,0,None,True,0.8105884,0.18861093,0.00047448307,0.00017071016,0.00015257494,2.8467612e-06
31037,2025-08-19,0,None,0,None,0,None,True,0.7520126,0.2470223,0.0006087457,0.0001874207,0.0001580857,1.09147195e-05
31037,2025-08-26,0,None,0,None,0,None,True,0.7300212,0.26915336,0.0004955317,0.00015527083,0.00015837903,1.622454e-05
31037,2025-09-02,0,None,0,None,0,None,True,0.75577104,0.24399672,0.0001486327,3.7209342e-05,4.14393e-05,4.934608e-06
31037,2025-09-09,0,None,0,None,0,None,True,0.8016944,0.1982585,4.330553e-05,1.5408708e-06,1.7342277e-06,4.9173207e-07
31037,2025-09-16,0,None,0,None,0,None,True,0.7810794,0.21888275,3.5635614e-05,8.242496e-07,8.9335884e-07,3.8942778e-07
31037,2025-09-23,0,None,0,None,0,None,True,0.8505329,0.14945897,8.013447e-06,3.8642664e-08,3.885078e-08,1.8048137e-08
31037,2025-09-30,0,None,0,None,0,None,True,0.8249943,0.17499566,9.985958e-06,1.9118719e-08,1.6236744e-08,1.2164957e-08
31037,2025-10-07,0,None,0,None,0,None,True,0.79486907,0.20511264,1.8198923e-05,1.834457e-08,1.4831595e-08,1.4965606e-08
31037,2025-10-14,0,None,0,None,0,None,True,0.8191456,0.18083955,1.4826154e-05,1.165169e-08,1.170448e-08,1.0581964e-08
31037,2025-10-21,0,None,0,None,0,None,True,0.7306709,0.2692337,9.528635e-05,5.6580586e-08,3.5688394e-08,4.5191697e-08
31037,2025-10-28,0,None,0,None,0,None,True,0.701937,0.29792744,0.00013518671,1.1180593e-07,7.892288e-08,9.9046986e-08
31037,2025-11-04,0,None,0,None,0,None,True,0.6456807,0.3540178,0.00030079577,2.686427e-07,1.6053801e-07,2.0255703e-07
31037,2025-11-11,1,D0,0,None,0,None,False,0.6287097,0.37089095,0.0003984798,3.8324677e-07,2.1055457e-07,2.6305796e-07
31037,2025-11-18,1,D0,1,D0,1,D0,True,0.16282867,0.811145,0.026024453,1.6417423e-06,1.5796094e-07,3.9138175e-08
31037,2025-11-25,1,D0,1,D0,1,D0,True,0.10712416,0.84268075,0.05019444,5.950888e-07,4.1183515e-08,8.577846e-09
31037,2025-12-02,1,D0,1,D0,1,D0,True,0.050756235,0.84299296,0.10625001,7.2831835e-07,7.9149906e-08,1.13606395e-08
31037,2025-12-09,1,D0,1,D0,1,D0,True,0.03923544,0.7955371,0.1652258,1.2878588e-06,2.6172103e-07,3.8781227e-08
31037,2025-12-16,1,D0,1,D0,1,D0,True,0.033475846,0.77926105,0.18726046,1.9772515e-06,6.4393674e-07,9.465217e-08
31037,2025-12-23,1,D0,1,D0,1,D0,True,0.027341502,0.7855358,0.18711917,2.482498e-06,8.7636255e-07,9.407501e-08
31037,2025-12-30,1,D0,1,D0,1,D0,True,0.026399607,0.79117256,0.18242432,2.5710249e-06,8.381475e-07,7.485874e-08
31039,2022-01-04,0,None,0,None,0,None,True,0.73530823,0.26449722,0.00019236094,6.8770817e-07,7.7901086e-07,7.0218687e-07
31039,2022-01-11,0,None,0,None,0,None,True,0.74056256,0.2592433,0.000191769,7.51347e-07,8.470378e-07,7.474855e-07
31039,2022-01-18,0,None,0,None,0,None,True,0.74749625,0.25232404,0.0001773737,7.1783654e-07,7.882056e-07,7.0205834e-07
31039,2022-01-25,1,D0,0,None,0,None,False,0.72522765,0.27456328,0.00020687748,7.995302e-07,7.3754376e-07,6.63684e-07
31039,2022-02-01,1,D0,1,D0,1,D0,True,0.118223414,0.8513873,0.030385895,2.1465382e-06,9.361553e-07,3.192565e-07
31039,2022-02-08,2,D1,1,D0,1,D0,False,0.054510035,0.87508154,0.07040664,9.954315e-07,5.4059603e-07,2.0670375e-07
31039,2022-02-15,2,D1,1,D0,1,D0,False,0.046450693,0.8590377,0.094509095,1.2524708e-06,8.1644527e-07,3.774562e-07
31039,2022-02-22,2,D1,1,D0,1,D0,False,0.045362487,0.8559727,0.09866204,1.3402955e-06,9.407754e-07,5.1368124e-07
31039,2022-03-01,2,D1,1,D0,1,D0,False,0.046232548,0.85092115,0.10284399,1.1281982e-06,6.642754e-07,4.739007e-07
31039,2022-03-08,2,D1,1,D0,1,D0,False,0.053710237,0.8591278,0.08716116,4.259282e-07,1.7779524e-07,1.899019e-07
31039,2022-03-15,3,D2,1,D0,1,D0,False,0.05882042,0.866833,0.07434634,1.4590326e-07,4.9635926e-08,1.3670262e-07
31039,2022-03-22,3,D2,1,D0,1,D0,False,0.07353508,0.84345496,0.08300973,1.4092977e-07,3.0183738e-08,9.0856176e-08
31039,2022-03-29,3,D2,1,D0,1,D0,False,0.07624974,0.8260424,0.09770745,1.9135551e-07,2.8287642e-08,8.268402e-08
31039,2022-04-05,3,D2,1,D0,1,D0,False,0.08660096,0.80571544,0.10768315,3.223677e-07,3.2872823e-08,1.0975375e-07
31039,2022-04-12,3,D2,1,D0,1,D0,False,0.06658664,0.79325974,0.14015298,5.868557e-07,4.0122472e-08,7.16238e-08
31039,2022-04-19,3,D2,1,D0,1,D0,False,0.03576992,0.7575009,0.20672584,3.183621e-06,1.0000168e-07,5.5810965e-08
31039,2022-04-26,3,D2,1,D0,1,D0,False,0.028303256,0.7177488,0.2539399,7.74573e-06,1.762297e-07,4.5687862e-08
31039,2022-05-03,3,D2,1,D0,1,D0,False,0.18882613,0.5943763,0.21678703,1.0125998e-05,1.18479896e-07,2.6038137e-07
31039,2022-05-10,3,D2,1,D0,1,D0,False,0.13875693,0.5301549,0.3310676,2.021743e-05,2.5358895e-07,1.7244206e-07
31039,2022-05-17,3,D2,1,D0,1,D0,False,0.054338746,0.5334403,0.4121105,0.00010937302,1.0827696e-06,5.8956108e-08
31039,2022-05-24,3,D2,1,D0,1,D0,False,0.047078744,0.4907243,0.46185154,0.00034213948,3.114006e-06,8.670683e-08
31039,2022-05-31,3,D2,2,D1,2,D1,False,0.027070535,0.4672097,0.50345737,0.0022414953,2.0764506e-05,1.6338305e-07
31039,2022-06-07,3,D2,2,D1,2,D1,False,0.01667671,0.39559326,0.5801569,0.0074997796,7.318994e-05,1.2601416e-07
31039,2022-06-14,3,D2,2,D1,2,D1,False,0.011606262,0.36625555,0.60460186,0.017399207,0.00013709084,1.084619e-07
31039,2022-06-21,3,D2,2,D1,2,D1,False,0.011189377,0.36328462,0.595153,0.03018406,0.00018890163,1.0557088e-07
31039,2022-06-28,3,D2,2,D1,2,D1,False,0.004387181,0.29100242,0.5836121,0.120300494,0.0006977182,1.2319326e-07
31039,2022-07-05,3,D2,2,D1,2,D1,False,0.00430039,0.2642225,0.5013479,0.22898854,0.0011402726,3.3882375e-07
31039,2022-07-12,3,D2,2,D1,3,D2,True,0.0057623186,0.26813674,0.401467,0.32254803,0.0020848312,1.0596044e-06
31039,2022-07-19,3,D2,2,D1,2,D1,False,0.016660616,0.3849767,0.42819548,0.1693143,0.000849037,3.7913712e-06
31039,2022-07-26,3,D2,2,D1,3,D2,True,0.01939197,0.3596972,0.38016868,0.23902726,0.0017016191,1.3285262e-05
31039,2022-08-02,3,D2,1,D0,1,D0,False,0.04154636,0.4199117,0.3754071,0.16214038,0.0009592098,3.517808e-05
31039,2022-08-09,3,D2,1,D0,1,D0,False,0.030368315,0.40717816,0.3582119,0.20201425,0.0021493933,7.792017e-05
31039,2022-08-16,3,D2,1,D0,1,D0,False,0.03294394,0.43526223,0.36172166,0.1643363,0.0052703884,0.00046546047
31039,2022-08-23,3,D2,1,D0,1,D0,False,0.038934305,0.5057297,0.3336337,0.10889389,0.010825313,0.0019831164
31039,2022-08-30,4,D3,3,D2,3,D2,False,0.009391126,0.1026268,0.13424048,0.38651615,0.326221,0.041004445
31039,2022-09-06,4,D3,5,D4,4,D3,True,9.4558614e-05,0.0005794112,0.0010659916,0.01238053,0.45133033,0.53454924
31039,2022-09-13,4,D3,5,D4,5,D4,False,1.5214101e-06,8.581515e-06,1.4002186e-05,0.00012439565,0.1793227,0.8205288
31039,2022-09-20,4,D3,5,D4,5,D4,False,1.9747665e-06,1.0443119e-05,1.3172804e-05,5.7222835e-05,0.10632861,0.89358866
31039,2022-09-27,4,D3,5,D4,5,D4,False,7.3927174e-07,4.6677546e-06,6.8705835e-06,2.4385548e-05,0.07746196,0.92250144
31039,2022-10-04,4,D3,5,D4,5,D4,False,9.514112e-08,6.502529e-07,9.381168e-07,3.395187e-06,0.062374346,0.9376206
31039,2022-10-11,4,D3,5,D4,5,D4,False,1.088628e-07,6.329605e-07,7.3051103e-07,1.5333612e-06,0.04847101,0.9515258
31039,2022-10-18,4,D3,5,D4,5,D4,False,2.153824e-08,1.4945455e-07,2.0701282e-07,3.639937e-07,0.045588154,0.95441115
31039,2022-10-25,4,D3,5,D4,5,D4,False,7.583692e-09,6.819629e-08,1.0896927e-07,1.43414e-07,0.040573604,0.959426
31039,2022-11-01,4,D3,5,D4,5,D4,False,1.5638067e-08,1.1950378e-07,1.4915938e-07,1.3471815e-07,0.035882212,0.9641174
31039,2022-11-08,5,D4,5,D4,5,D4,True,3.0086948e-08,2.1510962e-07,2.8981685e-07,2.7345655e-07,0.03587387,0.9641254
31039,2022-11-15,5,D4,5,D4,5,D4,True,3.7891375e-08,2.6023375e-07,3.96294e-07,3.56918e-07,0.03686329,0.9631357
31039,2022-11-22,5,D4,5,D4,5,D4,True,2.265199e-08,2.089624e-07,4.9883977e-07,7.4181025e-07,0.044836182,0.95516235
31039,2022-11-29,5,D4,5,D4,5,D4,True,3.2463216e-08,2.9085817e-07,6.034814e-07,5.6470856e-07,0.038601067,0.96139735
31039,2022-12-06,5,D4,5,D4,5,D4,True,2.3412447e-08,2.728606e-07,5.520526e-07,4.0556316e-07,0.038031276,0.9619674
31039,2022-12-13,5,D4,5,D4,5,D4,True,8.849211e-08,6.85752e-07,1.2984326e-06,7.97502e-07,0.036345463,0.96365166
31039,2022-12-20,5,D4,5,D4,5,D4,True,3.484096e-07,1.8941771e-06,3.3228753e-06,1.8093853e-06,0.03926695,0.96072555
31039,2022-12-27,5,D4,5,D4,5,D4,True,8.291461e-07,4.132526e-06,5.459255e-06,1.8798271e-06,0.04887171,0.95111597
31039,2023-01-03,5,D4,5,D4,5,D4,True,4.6954983e-06,1.5079424e-05,1.531771e-05,4.294022e-06,0.07854423,0.9214164
31039,2023-01-10,5,D4,5,D4,5,D4,True,2.7995495e-05,5.4209282e-05,5.7710593e-05,4.091943e-05,0.16191222,0.8379069
31039,2023-01-17,5,D4,5,D4,4,D3,False,8.568291e-06,2.3553175e-05,2.6585449e-05,0.00013015718,0.35755736,0.64225376
31039,2023-01-24,5,D4,5,D4,4,D3,False,0.000112720656,0.00016529266,0.00014117105,0.0011429486,0.44366047,0.55477744
31039,2023-01-31,5,D4,5,D4,4,D3,False,8.533277e-05,0.00015638143,0.00015406008,0.0012246113,0.4395541,0.55882555
31039,2023-02-07,5,D4,5,D4,4,D3,False,7.85748e-06,3.266693e-05,3.7898313e-05,0.00033554566,0.43797103,0.56161505
31039,2023-02-14,5,D4,5,D4,4,D3,False,4.6984064e-06,2.169331e-05,2.8047936e-05,0.0002643308,0.4370173,0.562664
31039,2023-02-21,5,D4,5,D4,4,D3,False,1.4008637e-06,7.9576075e-06,1.093197e-05,0.000118352276,0.4351547,0.5647067
31039,2023-02-28,5,D4,5,D4,4,D3,False,1.0782239e-06,6.0529305e-06,8.861767e-06,0.00010921611,0.43362334,0.5662514
31039,2023-03-07,5,D4,5,D4,4,D3,False,6.5593173e-07,3.860227e-06,6.0098214e-06,8.532523e-05,0.4299549,0.5699492
31039,2023-03-14,5,D4,5,D4,4,D3,False,1.6355069e-06,7.5835446e-06,1.2363675e-05,0.00018608524,0.42442122,0.5753711
31039,2023-03-21,5,D4,5,D4,4,D3,False,3.569585e-07,2.3735504e-06,4.2142324e-06,6.278292e-05,0.4141583,0.5857719
31039,2023-03-28,5,D4,5,D4,4,D3,False,2.1900452e-07,1.413431e-06,2.8763984e-06,5.048249e-05,0.40314865,0.5967963
31039,2023-04-04,5,D4,5,D4,4,D3,False,1.11431504e-07,8.12534e-07,2.0168527e-06,3.5430017e-05,0.3882988,0.6116629
31039,2023-04-11,5,D4,5,D4,4,D3,False,3.1546495e-08,2.5816306e-07,1.1625701e-06,3.05948e-05,0.3820443,0.6179236
31039,2023-04-18,5,D4,5,D4,4,D3,False,1.500623e-08,1.3885517e-07,1.228255e-06,3.6658905e-05,0.3687954,0.6311666
31039,2023-04-25,5,D4,5,D4,4,D3,False,3.9946046e-09,3.82784e-08,9.566132e-07,5.3755808e-05,0.35893467,0.6410106
31039,2023-05-02,5,D4,5,D4,4,D3,False,2.2315245e-09,2.1658657e-08,1.1487513e-06,0.00014288563,0.39802185,0.6018341
31039,2023-05-09,5,D4,5,D4,4,D3,False,1.8034044e-08,1.0969525e-07,6.67828e-06,0.0010104434,0.42238536,0.57659745
31039,2023-05-16,5,D4,4,D3,4,D3,False,0.00016887943,0.00014731912,0.0072072404,0.29580593,0.49857652,0.19809408
31039,2023-05-23,5,D4,4,D3,3,D2,False,0.00024694367,0.00028615168,0.0154048,0.35117453,0.4713327,0.16155484
31039,2023-05-30,5,D4,4,D3,3,D2,False,0.00021096898,0.00048536193,0.024230246,0.3844755,0.47575957,0.1148383
31039,2023-06-06,5,D4,4,D3,3,D2,False,0.0010423079,0.0032816571,0.07720991,0.42981195,0.43264806,0.056006186
31039,2023-06-13,5,D4,3,D2,3,D2,False,0.00022192394,0.003966611,0.10018682,0.46561152,0.41853532,0.011477776
31039,2023-06-20,5,D4,3,D2,3,D2,False,0.00012298138,0.006394975,0.16316351,0.47273633,0.35569936,0.0018827218
31039,2023-06-27,5,D4,3,D2,3,D2,False,0.00011265625,0.008350567,0.19993578,0.47200942,0.31889528,0.00069631485
31039,2023-07-04,5,D4,3,D2,3,D2,False,0.00026424797,0.012533172,0.22124365,0.46905416,0.2963106,0.00059419754
31039,2023-07-11,5,D4,3,D2,3,D2,False,0.00024866316,0.014988443,0.23822844,0.47319934,0.2731503,0.00018486878
31039,2023-07-18,5,D4,3,D2,3,D2,False,0.00023178442,0.016180737,0.2449211,0.4757802,0.26278758,9.869135e-05
31039,2023-07-25,5,D4,3,D2,3,D2,False,0.00019198189,0.016741173,0.2521897,0.48183468,0.24899995,4.2469397e-05
31039,2023-08-01,5,D4,3,D2,3,D2,False,0.0001745221,0.018681187,0.2528597,0.48270229,0.24555492,2.7374537e-05
31039,2023-08-08,4,D3,3,D2,3,D2,False,0.00021810386,0.021746298,0.25893128,0.47902477,0.24005516,2.4398638e-05
31039,2023-08-15,4,D3,3,D2,3,D2,False,0.00018149725,0.022289716,0.26033407,0.4810082,0.2361689,1.7587961e-05
31039,2023-08-22,4,D3,3,D2,3,D2,False,0.00018330014,0.024280569,0.26218262,0.4806455,0.23269351,1.4496951e-05
31039,2023-08-29,4,D3,3,D2,3,D2,False,0.00023505314,0.029524338,0.26391494,0.47524744,0.23106103,1.722649e-05
31039,2023-09-05,4,D3,3,D2,3,D2,False,0.00025755307,0.03849173,0.26883176,0.4750962,0.21730873,1.4085449e-05
31039,2023-09-12,4,D3,3,D2,3,D2,False,0.00038813835,0.05382212,0.27775908,0.47086623,0.19714813,1.630128e-05
31039,2023-09-19,4,D3,3,D2,3,D2,False,0.0007929245,0.08062127,0.28599674,0.45899555,0.17357671,1.6853533e-05
31039,2023-09-26,4,D3,3,D2,3,D2,False,0.0021548835,0.12791419,0.2883024,0.42716122,0.15443966,2.7729e-05
31039,2023-10-03,4,D3,3,D2,3,D2,False,0.003468785,0.16181445,0.28810373,0.39857262,0.14800154,3.88736e-05
31039,2023-10-10,4,D3,3,D2,3,D2,False,0.0032022519,0.18453708,0.29028782,0.37492537,0.14701074,3.672457e-05
31039,2023-10-17,3,D2,3,D2,3,D2,True,0.008546859,0.21773851,0.27998492,0.34979883,0.14380814,0.0001227849
31039,2023-10-24,3,D2,3,D2,3,D2,True,0.0069936938,0.23197755,0.2821966,0.33308867,0.14564592,9.7580276e-05
31039,2023-10-31,3,D2,3,D2,3,D2,True,0.007042391,0.24090998,0.2818711,0.32217982,0.14788403,0.00011272517
31039,2023-11-07,3,D2,3,D2,3,D2,True,0.006790339,0.24466679,0.2821294,0.31326756,0.15302342,0.00012247993
31039,2023-11-14,3,D2,3,D2,3,D2,True,0.0037953567,0.2479524,0.29023707,0.30220568,0.1557447,6.483412e-05
31039,2023-11-21,3,D2,3,D2,3,D2,True,0.0040867706,0.25219572,0.28906918,0.29333818,0.16122708,8.308714e-05
31039,2023-11-28,3,D2,3,D2,3,D2,True,0.003756334,0.2527944,0.2904901,0.29284412,0.16004305,7.194136e-05
31039,2023-12-05,3,D2,3,D2,3,D2,True,0.0038416658,0.25344682,0.29112548,0.292196,0.15931818,7.187448e-05
31039,2023-12-12,3,D2,2,D1,3,D2,True,0.0034902703,0.25556788,0.29257265,0.28298247,0.16531213,7.45575e-05
31039,2023-12-19,3,D2,2,D1,3,D2,True,0.0034439038,0.25572672,0.29283553,0.28004515,0.16787279,7.5863376e-05
31039,2023-12-26,3,D2,2,D1,3,D2,True,0.004706512,0.25147274,0.29202855,0.2870107,0.16467705,0.00010441561
31039,2024-01-02,3,D2,2,D1,3,D2,True,0.0051221442,0.24983883,0.29253626,0.29075468,0.16164544,0.000102702565
31039,2024-01-09,2,D1,2,D1,3,D2,False,0.005349462,0.25037193,0.29302406,0.28881285,0.16233379,0.00010787512
31039,2024-01-16,2,D1,2,D1,3,D2,False,0.005654932,0.2498397,0.29464757,0.28832626,0.16141787,0.0001137169
31039,2024-01-23,2,D1,2,D1,3,D2,False,0.0047420734,0.25584725,0.29846624,0.2717477,0.1690827,0.00011404123
31039,2024-01-30,2,D1,2,D1,3,D2,False,0.004721194,0.25879702,0.29961866,0.26533812,0.17141011,0.00011492414
31039,2024-02-06,2,D1,2,D1,3,D2,False,0.004811848,0.25849432,0.29927582,0.26752448,0.16977976,0.00011377181
31039,2024-02-13,2,D1,2,D1,3,D2,False,0.0045185196,0.26012513,0.29895157,0.26626584,0.17003237,0.00010654228
31039,2024-02-20,2,D1,2,D1,3,D2,False,0.003569345,0.26390025,0.30057156,0.2564398,0.17542374,9.5292424e-05
31039,2024-02-27,2,D1,2,D1,3,D2,False,0.0034280044,0.26176414,0.29795775,0.2638578,0.17290455,8.773196e-05
31039,2024-03-05,2,D1,2,D1,3,D2,False,0.0024750913,0.26088527,0.30393812,0.25028604,0.1823342,8.120636e-05
31039,2024-03-12,2,D1,2,D1,3,D2,False,0.0022702944,0.25484663,0.30435547,0.25684094,0.18160903,7.7630175e-05
31039,2024-03-19,2,D1,2,D1,3,D2,False,0.0023116255,0.24953344,0.3021272,0.2717038,0.17425665,6.731921e-05
31039,2024-03-26,1,D0,2,D1,3,D2,False,0.0028199872,0.24319185,0.3009239,0.2890432,0.16396125,5.9830505e-05
31039,2024-04-02,1,D0,2,D1,3,D2,False,0.003267458,0.23679909,0.30099857,0.30018565,0.15869036,5.885559e-05
31039,2024-04-09,1,D0,2,D1,3,D2,False,0.00210339,0.21836811,0.30859035,0.30729875,0.16358241,5.695273e-05
31039,2024-04-16,1,D0,2,D1,3,D2,False,0.001709636,0.20573363,0.31374297,0.3123536,0.16640174,5.8367674e-05
31039,2024-04-23,1,D0,2,D1,3,D2,False,0.0014862869,0.19269595,0.31976047,0.3176059,0.1683979,5.339554e-05
31039,2024-04-30,1,D0,2,D1,3,D2,False,0.04908764,0.20312408,0.2959651,0.26734942,0.1809023,0.0035714796
31039,2024-05-07,0,None,0,None,0,None,True,0.33396137,0.31477958,0.21896194,0.09269145,0.034871142,0.0047344994
31039,2024-05-14,0,None,0,None,0,None,True,0.8595393,0.14010775,0.00030851288,3.16545e-05,1.0793529e-05,2.1244139e-06
31039,2024-05-21,0,None,0,None,0,None,True,0.8838221,0.11608988,8.413004e-05,2.7671995e-06,9.413315e-07,2.0186337e-07
31039,2024-05-28,0,None,0,None,0,None,True,0.86976856,0.13013312,9.6668635e-05,1.2456661e-06,2.6639228e-07,8.6312525e-08
31039,2024-06-04,0,None,0,None,0,None,True,0.84637237,0.1535329,9.36871e-05,7.4304666e-07,1.9455146e-07,7.990371e-08
31039,2024-06-11,0,None,0,None,0,None,True,0.8239234,0.17595336,0.0001225394,5.029227e-07,1.01296216e-07,5.7066075e-08
31039,2024-06-18,0,None,0,None,0,None,True,0.79591465,0.20392413,0.00016060675,3.6703923e-07,5.851451e-08,4.754456e-08
31039,2024-06-25,0,None,0,None,0,None,True,0.8182621,0.18162361,0.00011385496,3.2620522e-07,5.0802996e-08,3.014827e-08
31039,2024-07-02,0,None,0,None,0,None,True,0.8123706,0.18753913,8.973463e-05,3.499107e-07,8.38123e-08,4.4631655e-08
31039,2024-07-09,0,None,0,None,0,None,True,0.78562903,0.21429105,7.9473124e-05,3.022616e-07,6.8028044e-08,3.9043385e-08
31039,2024-07-16,0,None,0,None,0,None,True,0.7995599,0.20039693,4.3033622e-05,1.421187e-07,3.618026e-08,2.0308565e-08
31039,2024-07-23,0,None,0,None,0,None,True,0.7211414,0.27879292,6.543144e-05,1.8450787e-07,5.2425708e-08,4.318405e-08
31039,2024-07-30,0,None,0,None,0,None,True,0.6517454,0.3481625,9.171896e-05,1.996983e-07,7.0666204e-08,9.211935e-08
31039,2024-08-06,0,None,0,None,0,None,True,0.5534767,0.44601414,0.00050730305,1.2716645e-06,2.3055794e-07,4.1313103e-07
31039,2024-08-13,0,None,0,None,0,None,True,0.5912223,0.4085601,0.00021634108,6.101263e-07,2.3692803e-07,4.3355675e-07
31039,2024-08-20,1,D0,0,None,0,None,False,0.62480146,0.37512136,7.6659584e-05,1.784815e-07,1.4334405e-07,2.5104023e-07
31039,2024-08-27,1,D0,1,D0,1,D0,True,0.18236636,0.80129015,0.016343333,2.2658267e-07,6.43474e-09,5.4498965e-09
31039,2024-09-03,1,D0,1,D0,1,D0,True,0.091535956,0.83359027,0.07487306,6.74093e-07,5.2908242e-09,2.0121043e-09
31039,2024-09-10,1,D0,1,D0,1,D0,True,0.06661191,0.75872463,0.17465782,5.627363e-06,3.772236e-08,9.5827275e-09
31039,2024-09-17,2,D1,1,D0,1,D0,False,0.042253762,0.66387105,0.29374388,0.00013049469,7.461468e-07,6.042173e-08
31039,2024-09-24,2,D1,1,D0,1,D0,False,0.027604748,0.55371404,0.41413242,0.004492464,5.4542168e-05,1.748788e-06
31039,2024-10-01,2,D1,2,D1,2,D1,True,0.021933682,0.408725,0.5149609,0.042903293,0.0110554295,0.00042173354
31039,2024-10-08,3,D2,4,D3,4,D3,False,0.008138319,0.047832355,0.086305685,0.036370676,0.43385604,0.38749692
31039,2024-10-15,3,D2,5,D4,5,D4,False,0.0010071445,0.0036950072,0.006655296,0.004846873,0.32580388,0.65799177
31039,2024-10-22,3,D2,5,D4,5,D4,False,0.0001568675,0.00056328904,0.0009833333,0.00079224654,0.26785985,0.7296444
31039,2024-10-29,3,D2,5,D4,5,D4,False,0.0001334667,0.00056551135,0.00074967527,0.00025872482,0.23629987,0.7619928
31039,2024-11-05,3,D2,5,D4,5,D4,False,0.00067164295,0.002085551,0.0020130228,0.0003827855,0.21948588,0.7753611
31039,2024-11-12,3,D2,5,D4,5,D4,False,0.08016098,0.11844915,0.08434588,0.0041441806,0.16517642,0.5477233
31039,2024-11-19,2,D1,5,D4,1,D0,False,0.18443191,0.25603953,0.20663734,0.004524885,0.08572197,0.2626444
31039,2024-11-26,2,D1,1,D0,2,D1,True,0.236572,0.30741876,0.30193573,0.0038352911,0.04069141,0.10954678
31039,2024-12-03,2,D1,2,D1,2,D1,True,0.18062706,0.29366615,0.33305246,0.0035240562,0.04757136,0.14155889
31039,2024-12-10,2,D1,5,D4,2,D1,True,0.0802817,0.21415925,0.28886127,0.0027763706,0.090851314,0.32307014
31039,2024-12-17,2,D1,5,D4,5,D4,False,0.0023693135,0.018450812,0.021355378,0.00021113412,0.20288633,0.754727
31039,2024-12-24,2,D1,5,D4,5,D4,False,0.0032814036,0.025155742,0.025231618,0.00019256308,0.19772282,0.7484159
31039,2024-12-31,2,D1,5,D4,5,D4,False,0.0049472684,0.033772342,0.031477604,0.00019972022,0.19051187,0.73909116
31039,2025-01-07,2,D1,5,D4,5,D4,False,0.010185459,0.05763948,0.054644857,0.00031675215,0.17562051,0.701593
31039,2025-01-14,2,D1,5,D4,5,D4,False,0.004949609,0.035248566,0.031559117,0.00016287636,0.1851408,0.742939
31039,2025-01-21,2,D1,5,D4,5,D4,False,0.0030991677,0.027827095,0.02226499,8.9467125e-05,0.18623607,0.76048326
31039,2025-01-28,2,D1,5,D4,5,D4,False,0.0016089539,0.017191589,0.013223831,4.8271682e-05,0.18515341,0.782774
31039,2025-02-04,2,D1,5,D4,5,D4,False,0.0011456002,0.012757686,0.0090560885,2.9673385e-05,0.18248123,0.7945298
31039,2025-02-11,2,D1,5,D4,5,D4,False,0.0008653408,0.009811284,0.006667125,2.1982782e-05,0.1812322,0.8014021
31039,2025-02-18,2,D1,5,D4,5,D4,False,0.0019209947,0.017080843,0.01060391,3.220705e-05,0.17601581,0.7943463
31039,2025-02-25,2,D1,5,D4,5,D4,False,0.0031914203,0.022209644,0.015446968,5.8266785e-05,0.17614464,0.7829491
31039,2025-03-04,2,D1,5,D4,5,D4,False,0.0016322685,0.013967412,0.010406679,4.313012e-05,0.18317297,0.7907775
31039,2025-03-11,2,D1,5,D4,5,D4,False,0.002839041,0.022093464,0.018072339,7.739206e-05,0.18374579,0.77317196
31039,2025-03-18,2,D1,5,D4,5,D4,False,0.0014204924,0.012398006,0.011833864,6.148759e-05,0.1852425,0.7890436
31039,2025-03-25,1,D0,5,D4,5,D4,False,0.00076797884,0.0070189172,0.0073966077,4.5385048e-05,0.18504633,0.7997248
31039,2025-04-01,1,D0,5,D4,5,D4,False,0.0017633715,0.013015171,0.013931542,8.707106e-05,0.1823229,0.7888799
31039,2025-04-08,1,D0,5,D4,5,D4,False,0.0037896582,0.02199403,0.03154857,0.00025901647,0.18118697,0.76122177
31039,2025-04-15,1,D0,5,D4,5,D4,False,0.0015831208,0.011459333,0.02144573,0.00021826958,0.19673939,0.7685542
31039,2025-04-22,1,D0,5,D4,5,D4,False,0.003730148,0.024519661,0.04719408,0.0003683801,0.20257497,0.7216128
31039,2025-04-29,1,D0,5,D4,2,D1,False,0.042364918,0.15751366,0.27981627,0.0013487182,0.115242705,0.4037138
31039,2025-05-06,1,D0,2,D1,2,D1,False,0.031354696,0.17639348,0.406436,0.0019091545,0.10117812,0.28272858
31039,2025-05-13,2,D1,2,D1,2,D1,True,0.045190655,0.24522525,0.591723,0.0020946225,0.03537411,0.080392264
31039,2025-05-20,1,D0,2,D1,2,D1,False,0.13837665,0.36636645,0.4924952,0.0008573669,0.0012278445,0.0006764489
31039,2025-05-27,1,D0,2,D1,2,D1,False,0.14520167,0.40484998,0.44891524,0.00072798296,0.00026515985,3.992354e-05
31039,2025-06-03,1,D0,2,D1,2,D1,False,0.04184244,0.33427194,0.61593485,0.007015753,0.00092485565,1.012576e-05
31039,2025-06-10,1,D0,2,D1,2,D1,False,0.0038578005,0.13460684,0.64529616,0.20871408,0.0075231288,2.009178e-06
31039,2025-06-17,1,D0,2,D1,3,D2,False,0.00051644706,0.060320538,0.5356715,0.382575,0.020916069,5.0875775e-07
31039,2025-06-24,1,D0,3,D2,3,D2,False,0.0001153364,0.030992664,0.41647574,0.49328607,0.05912967,5.136583e-07
31039,2025-07-01,1,D0,3,D2,3,D2,False,0.00017797101,0.026974142,0.38094765,0.5042921,0.08760756,6.203673e-07
31039,2025-07-08,0,None,2,D1,3,D2,False,0.01399295,0.1278018,0.43658656,0.35359067,0.068013,1.5025561e-05
31039,2025-07-15,0,None,0,None,0,None,True,0.7421575,0.24459444,0.008191699,0.0037667572,0.0012824829,7.0398555e-06
31039,2025-07-22,0,None,0,None,0,None,True,0.8668253,0.13246612,0.00043059132,0.00016635974,0.00011083099,7.42732e-07
31039,2025-07-29,0,None,0,None,0,None,True,0.851662,0.14765754,0.00038709946,0.000153587,0.00013832767,1.5249367e-06
31039,2025-08-05,0,None,0,None,0,None,True,0.8254596,0.17375553,0.0004124791,0.00018312204,0.00018646331,2.7067863e-06
31039,2025-08-12,0,None,0,None,0,None,True,0.81243944,0.1869091,0.0003467277,0.00014441865,0.00015519028,5.2023665e-06
31039,2025-08-19,0,None,0,None,0,None,True,0.7214177,0.2780763,0.00031992784,8.8988425e-05,8.617268e-05,1.0858548e-05
31039,2025-08-26,0,None,0,None,0,None,True,0.71459067,0.28504995,0.00026628023,4.4064975e-05,4.184392e-05,7.165905e-06
31039,2025-09-02,0,None,0,None,0,None,True,0.76117414,0.23870388,9.982017e-05,9.477712e-06,1.0523799e-05,2.1797887e-06
31039,2025-09-09,0,None,0,None,0,None,True,0.8006012,0.19935088,4.3817305e-05,1.6511027e-06,1.862801e-06,5.2008494e-07
31039,2025-09-16,0,None,0,None,0,None,True,0.7796588,0.22030266,3.6219968e-05,8.825553e-07,9.619974e-07,4.174609e-07
31039,2025-09-23,0,None,0,None,0,None,True,0.8498129,0.15017894,8.1112175e-06,4.1725496e-08,4.2276167e-08,1.9436238e-08
31039,2025-09-30,0,None,0,None,0,None,True,0.82436776,0.17562217,1.0030898e-05,1.9982188e-08,1.7023027e-08,1.2658017e-08
31039,2025-10-07,0,None,0,None,0,None,True,0.79393345,0.20604824,1.8311755e-05,1.9245837e-08,1.5597028e-08,1.5667991e-08
31039,2025-10-14,0,None,0,None,0,None,True,0.8182228,0.18176217,1.4950833e-05,1.2196412e-08,1.2239174e-08,1.1010725e-08
31039,2025-10-21,0,None,0,None,0,None,True,0.7290397,0.27086326,9.6903124e-05,6.004153e-08,3.7793825e-08,4.7671648e-08
31039,2025-10-28,0,None,0,None,0,None,True,0.70006394,0.29979777,0.00013790933,1.1854443e-07,8.3241225e-08,1.04071184e-07
31039,2025-11-04,0,None,0,None,0,None,True,0.6442445,0.35544747,0.0003073873,2.8541396e-07,1.6928031e-07,2.1266777e-07
31039,2025-11-11,0,None,0,None,0,None,True,0.62747246,0.37211698,0.00040970638,4.0934935e-07,2.2165133e-07,2.756728e-07
31039,2025-11-18,0,None,0,None,0,None,True,0.63149035,0.3681234,0.00038499598,5.2892614e-07,3.2912598e-07,3.7373226e-07
31039,2025-11-25,1,D0,0,None,0,None,False,0.629137,0.3704167,0.0004450235,5.651666e-07,3.5177735e-07,3.6715187e-07
31039,2025-12-02,1,D0,1,D0,1,D0,True,0.112605356,0.8554645,0.03192868,1.2338063e-06,1.8400435e-07,4.3009724e-08
31039,2025-12-09,1,D0,1,D0,1,D0,True,0.07174886,0.86723894,0.06101153,5.32607e-07,1.09590935e-07,2.4405123e-08
31039,2025-12-16,1,D0,1,D0,1,D0,True,0.044994522,0.8515638,0.103440434,8.6087806e-07,2.7348617e-07,5.6560555e-08
31039,2025-12-23,1,D0,1,D0,1,D0,True,0.032584906,0.8433781,0.12403453,1.6214314e-06,7.197988e-07,1.2116558e-07
31039,2025-12-30,1,D0,1,D0,1,D0,True,0.029359592,0.84433997,0.12629734,2.0739712e-06,9.13205e-07,1.2142345e-07
