FIPS,target_week,actual_label,actual_class,pred_label_raw,pred_class_raw,pred_label,pred_class,is_correct,prob_None,prob_D0,prob_D1,prob_D2,prob_D3,prob_D4
31001,2022-01-04,1,D0,3,D2,3,D2,False,0.036302052,0.21801366,0.32123235,0.34160045,0.073741406,0.009110046
31001,2022-01-11,1,D0,3,D2,2,D1,False,0.036437016,0.22503819,0.32646465,0.33281904,0.0711271,0.008114002
31001,2022-01-18,1,D0,2,D1,2,D1,False,0.034841992,0.23154451,0.33286214,0.32638395,0.067330025,0.00703733
31001,2022-01-25,1,D0,2,D1,2,D1,False,0.029958107,0.23900431,0.3396636,0.3234395,0.06188536,0.006049103
31001,2022-02-01,2,D1,2,D1,2,D1,True,0.027275745,0.2379475,0.34140363,0.32620466,0.06138645,0.005781995
31001,2022-02-08,2,D1,2,D1,2,D1,True,0.026315786,0.24408579,0.34148398,0.32554927,0.056940094,0.0056250524
31001,2022-02-15,2,D1,3,D2,2,D1,True,0.02555614,0.24328953,0.33369464,0.33874488,0.05312803,0.005586703
31001,2022-02-22,2,D1,2,D1,2,D1,True,0.026325943,0.25421932,0.33746386,0.3275759,0.048700374,0.0057145185
31001,2022-03-01,2,D1,2,D1,2,D1,True,0.027112287,0.25785482,0.33736643,0.3254458,0.047050368,0.0051703523
31001,2022-03-08,2,D1,2,D1,2,D1,True,0.027222857,0.24144988,0.34204113,0.33130965,0.052946467,0.0050300406
31001,2022-03-15,2,D1,3,D2,2,D1,True,0.026615188,0.22420068,0.33846706,0.35000038,0.055741746,0.00497493
31001,2022-03-22,2,D1,3,D2,3,D2,False,0.024783406,0.20429432,0.34079942,0.3677534,0.057392217,0.0049771667
31001,2022-03-29,2,D1,3,D2,3,D2,False,0.024277546,0.19894081,0.34517553,0.3703651,0.056626964,0.004614051
31001,2022-04-05,2,D1,3,D2,3,D2,False,0.020537034,0.1752677,0.3578028,0.38260972,0.059451733,0.0043310523
31001,2022-04-12,2,D1,3,D2,3,D2,False,0.018994182,0.16120327,0.36282605,0.39077732,0.06142909,0.004770111
31001,2022-04-19,3,D2,3,D2,3,D2,True,0.016984299,0.14210768,0.36458322,0.40467778,0.0670172,0.0046297573
31001,2022-04-26,3,D2,3,D2,3,D2,True,0.014471021,0.119292125,0.3595816,0.42730084,0.07549547,0.0038589532
31001,2022-05-03,3,D2,3,D2,3,D2,True,0.013048705,0.104509555,0.3574923,0.4409843,0.08079058,0.003174501
31001,2022-05-10,3,D2,3,D2,3,D2,True,0.013371539,0.08791202,0.3198948,0.46257612,0.11168964,0.0045558675
31001,2022-05-17,3,D2,3,D2,3,D2,True,0.0061784694,0.04077101,0.2395475,0.55328935,0.1568659,0.003347747
31001,2022-05-24,3,D2,3,D2,3,D2,True,0.004455267,0.028142793,0.21568449,0.5821944,0.16737512,0.002147926
31001,2022-05-31,3,D2,3,D2,3,D2,True,0.004512008,0.028299848,0.22302775,0.58433,0.15823448,0.0015959237
31001,2022-06-07,3,D2,3,D2,3,D2,True,0.0042675156,0.027712839,0.23490208,0.58033174,0.15164147,0.0011443795
31001,2022-06-14,2,D1,3,D2,3,D2,False,0.0037416292,0.026665857,0.24182074,0.5759911,0.15093282,0.0008478103
31001,2022-06-21,2,D1,3,D2,3,D2,False,0.0033345486,0.023118986,0.21367157,0.5843648,0.17443308,0.0010770609
31001,2022-06-28,2,D1,3,D2,3,D2,False,0.0034449107,0.023259751,0.20705442,0.5845074,0.18049887,0.0012347167
31001,2022-07-05,2,D1,3,D2,3,D2,False,0.0035425716,0.022571018,0.2040061,0.58275187,0.18581514,0.0013133171
31001,2022-07-12,2,D1,3,D2,3,D2,False,0.0030531702,0.019939816,0.17901951,0.58593947,0.21008874,0.0019592925
31001,2022-07-19,2,D1,3,D2,3,D2,False,0.0025242076,0.01695031,0.15230778,0.5798861,0.24503942,0.003292271
31001,2022-07-26,2,D1,3,D2,3,D2,False,0.0023792356,0.015347419,0.13022327,0.56476,0.28149748,0.005792531
31001,2022-08-02,2,D1,3,D2,3,D2,False,0.0018353825,0.012088588,0.10264973,0.5356986,0.33570126,0.012026453
31001,2022-08-09,2,D1,3,D2,4,D3,False,0.0011932981,0.008785888,0.07282673,0.46627775,0.42164877,0.029267589
31001,2022-08-16,2,D1,4,D3,4,D3,False,0.0006096512,0.0053471485,0.045048427,0.37572756,0.5077015,0.06556579
31001,2022-08-23,2,D1,4,D3,4,D3,False,0.0003356066,0.003191072,0.023907345,0.23770273,0.54180926,0.19305395
31001,2022-08-30,3,D2,4,D3,4,D3,False,0.00015614461,0.0017428211,0.011420804,0.13055919,0.48493835,0.37118274
31001,2022-09-06,3,D2,5,D4,4,D3,False,8.551526e-05,0.0012121325,0.0069124657,0.07802436,0.4366116,0.47715396
31001,2022-09-13,3,D2,5,D4,4,D3,False,5.518391e-05,0.0009097947,0.005103815,0.058956303,0.41893363,0.5160413
31001,2022-09-20,3,D2,5,D4,4,D3,False,3.3770008e-05,0.00070435053,0.0037227368,0.039837703,0.40795195,0.54774946
31001,2022-09-27,3,D2,5,D4,4,D3,False,3.0160098e-05,0.00067071,0.0034049368,0.03352062,0.40600517,0.5563684
31001,2022-10-04,3,D2,5,D4,4,D3,False,2.4243765e-05,0.00058975536,0.002941549,0.027847383,0.40396613,0.5646309
31001,2022-10-11,3,D2,5,D4,4,D3,False,2.3195336e-05,0.00058747025,0.0028283466,0.024884792,0.40189287,0.56978333
31001,2022-10-18,3,D2,5,D4,4,D3,False,2.8034327e-05,0.0006667484,0.0030741526,0.02560765,0.40319532,0.5674281
31001,2022-10-25,3,D2,5,D4,4,D3,False,2.5441392e-05,0.0006162403,0.002877833,0.02444489,0.40157485,0.57046074
31001,2022-11-01,3,D2,5,D4,4,D3,False,2.541392e-05,0.0006236994,0.0028319536,0.023323849,0.39964077,0.57355434
31001,2022-11-08,3,D2,5,D4,4,D3,False,1.9340265e-05,0.0005183778,0.0024266574,0.020806061,0.39573172,0.5804978
31001,2022-11-15,3,D2,5,D4,4,D3,False,1.6005926e-05,0.00046870217,0.0021854166,0.018285012,0.39119846,0.58784646
31001,2022-11-22,3,D2,5,D4,4,D3,False,1.387665e-05,0.00043081882,0.0020203155,0.016884152,0.38856044,0.5920904
31001,2022-11-29,3,D2,5,D4,4,D3,False,1.2836659e-05,0.00041156833,0.0019492165,0.016232988,0.3867432,0.5946502
31001,2022-12-06,3,D2,5,D4,4,D3,False,9.507857e-06,0.0003357893,0.0016628453,0.01464131,0.384079,0.59927154
31001,2022-12-13,3,D2,5,D4,5,D4,False,7.330916e-06,0.00028404087,0.001490257,0.013644129,0.3814985,0.6030757
31001,2022-12-20,3,D2,5,D4,5,D4,False,5.7602706e-06,0.00024404234,0.0013302137,0.012661565,0.37857747,0.60718083
31001,2022-12-27,3,D2,5,D4,5,D4,False,4.597549e-06,0.00020749662,0.001177229,0.011992303,0.37815183,0.60846645
31001,2023-01-03,3,D2,5,D4,5,D4,False,3.697817e-06,0.00017687076,0.0010435272,0.011392247,0.3781302,0.6092535
31001,2023-01-10,3,D2,5,D4,5,D4,False,3.1453533e-06,0.00015669869,0.00095048675,0.011035774,0.37847653,0.6093773
31001,2023-01-17,3,D2,5,D4,5,D4,False,2.7474273e-06,0.00014143855,0.00088995614,0.010758901,0.37721872,0.6109883
31001,2023-01-24,3,D2,5,D4,5,D4,False,2.6625682e-06,0.00013982768,0.000884962,0.010828194,0.37690073,0.61124367
31001,2023-01-31,3,D2,5,D4,5,D4,False,2.8535528e-06,0.00014819561,0.0009206885,0.011345006,0.37748298,0.61010027
31001,2023-02-07,3,D2,5,D4,5,D4,False,3.392241e-06,0.00016778642,0.0010118223,0.012571456,0.37863925,0.60760635
31001,2023-02-14,3,D2,5,D4,5,D4,False,4.0653244e-06,0.0001896415,0.0011342288,0.014216246,0.37982163,0.6046342
31001,2023-02-21,3,D2,5,D4,5,D4,False,4.854988e-06,0.0002149005,0.0012667617,0.01596694,0.38190818,0.6006383
31001,2023-02-28,3,D2,5,D4,4,D3,False,5.8312726e-06,0.00024367544,0.0014080572,0.018034296,0.3840224,0.59628576
31001,2023-03-07,3,D2,5,D4,4,D3,False,6.3741923e-06,0.00025932209,0.0014798793,0.019203192,0.3849992,0.5940521
31001,2023-03-14,3,D2,5,D4,4,D3,False,9.142228e-06,0.00032991116,0.0018273221,0.023708535,0.38776535,0.58635974
31001,2023-03-21,3,D2,5,D4,4,D3,False,1.0951649e-05,0.0003732159,0.0020354171,0.026403397,0.38887343,0.5823035
31001,2023-03-28,3,D2,5,D4,4,D3,False,1.8816278e-05,0.00052824384,0.0027901928,0.035582356,0.3916634,0.56941706
31001,2023-04-04,3,D2,5,D4,4,D3,False,3.6701094e-05,0.0007911566,0.0039975964,0.052389447,0.38980436,0.55298066
31001,2023-04-11,3,D2,5,D4,4,D3,False,8.699522e-05,0.0013258668,0.0065764072,0.07826542,0.39235035,0.52139497
31001,2023-04-18,3,D2,5,D4,4,D3,False,0.00021523186,0.0022570912,0.011636936,0.13427815,0.39253515,0.45907748
31001,2023-04-25,3,D2,4,D3,4,D3,False,0.00039645462,0.0030476414,0.020209176,0.22509187,0.4367569,0.3144979
31001,2023-05-02,3,D2,4,D3,4,D3,False,0.0005758102,0.003907338,0.035236694,0.35158896,0.46296033,0.14573091
31001,2023-05-09,3,D2,4,D3,4,D3,False,0.0006277138,0.004977872,0.052328836,0.4273254,0.44817156,0.06656862
31001,2023-05-16,3,D2,3,D2,4,D3,False,0.0007253448,0.006040212,0.07053575,0.4939563,0.40287355,0.025868895
31001,2023-05-23,4,D3,3,D2,3,D2,False,0.0008058222,0.00661181,0.086909585,0.53925234,0.35611063,0.010309839
31001,2023-05-30,4,D3,3,D2,3,D2,False,0.0010404111,0.008001223,0.10522891,0.56231356,0.31770322,0.005712741
31001,2023-06-06,4,D3,3,D2,3,D2,False,0.0015680215,0.011610984,0.14463991,0.5691558,0.27000198,0.0030232684
31001,2023-06-13,4,D3,3,D2,3,D2,False,0.0021544842,0.014946495,0.1777768,0.5621994,0.24102081,0.0019020663
31001,2023-06-20,4,D3,3,D2,3,D2,False,0.002554935,0.016875645,0.19399743,0.5557959,0.22933933,0.0014367709
31001,2023-06-27,4,D3,3,D2,3,D2,False,0.0028479171,0.017547116,0.19781074,0.5583007,0.2222524,0.0012411337
31001,2023-07-04,4,D3,3,D2,3,D2,False,0.0034034515,0.018228432,0.19772984,0.5648726,0.2146564,0.0011093011
31001,2023-07-11,4,D3,3,D2,3,D2,False,0.004289675,0.02018785,0.20025606,0.5622734,0.2119083,0.0010846778
31001,2023-07-18,4,D3,3,D2,3,D2,False,0.0049930583,0.021965232,0.20130078,0.55777025,0.21288769,0.0010830156
31001,2023-07-25,4,D3,3,D2,3,D2,False,0.005789044,0.023646683,0.201418,0.55423707,0.21372369,0.0011855105
31001,2023-08-01,4,D3,3,D2,3,D2,False,0.0064378045,0.024608247,0.19783881,0.55779016,0.21216978,0.0011551547
31001,2023-08-08,4,D3,3,D2,3,D2,False,0.007718975,0.026814522,0.19546269,0.5502472,0.2183621,0.0013945159
31001,2023-08-15,4,D3,3,D2,3,D2,False,0.008539172,0.029391794,0.20172103,0.54535717,0.21344495,0.00154583
31001,2023-08-22,4,D3,3,D2,3,D2,False,0.00934253,0.03214558,0.21155645,0.53627956,0.20883976,0.0018361076
31001,2023-08-29,4,D3,3,D2,3,D2,False,0.010119555,0.036581047,0.2237413,0.51501536,0.21198341,0.0025593552
31001,2023-09-05,4,D3,3,D2,3,D2,False,0.01134628,0.041321274,0.22550373,0.5006465,0.21750908,0.0036731057
31001,2023-09-12,4,D3,3,D2,3,D2,False,0.012969799,0.04693743,0.2187458,0.48556522,0.2295715,0.0062102983
31001,2023-09-19,4,D3,3,D2,3,D2,False,0.015472439,0.053679723,0.22067213,0.48064402,0.22158515,0.00794649
31001,2023-09-26,4,D3,3,D2,3,D2,False,0.018033264,0.061688777,0.21840666,0.46660542,0.2237661,0.011499776
31001,2023-10-03,4,D3,3,D2,3,D2,False,0.02248775,0.075997904,0.2166824,0.44693285,0.22069229,0.017206704
31001,2023-10-10,4,D3,3,D2,3,D2,False,0.026137216,0.08651215,0.22426544,0.44040272,0.20560795,0.017074464
31001,2023-10-17,4,D3,3,D2,3,D2,False,0.03170323,0.10225043,0.22910312,0.41960746,0.19522554,0.022110175
31001,2023-10-24,4,D3,3,D2,3,D2,False,0.03408793,0.12541479,0.24694465,0.40343657,0.16635843,0.02375766
31001,2023-10-31,4,D3,3,D2,3,D2,False,0.03561378,0.13754727,0.25527847,0.39295793,0.15253153,0.026071092
31001,2023-11-07,4,D3,3,D2,3,D2,False,0.035167262,0.14559764,0.25488603,0.3884417,0.14733662,0.028570682
31001,2023-11-14,4,D3,3,D2,3,D2,False,0.036769886,0.16175455,0.26806623,0.37393916,0.13161418,0.027855977
31001,2023-11-21,4,D3,3,D2,3,D2,False,0.037853956,0.18018341,0.2872891,0.3516088,0.11691757,0.026147118
31001,2023-11-28,4,D3,3,D2,3,D2,False,0.040012836,0.19670509,0.30758744,0.32302922,0.107935935,0.024729509
31001,2023-12-05,4,D3,2,D1,2,D1,False,0.043724727,0.20905645,0.31780225,0.3023978,0.10200573,0.025013011
31001,2023-12-12,4,D3,2,D1,2,D1,False,0.041416824,0.20982029,0.31650847,0.3081905,0.10155026,0.02251365
31001,2023-12-19,4,D3,2,D1,2,D1,False,0.04373435,0.22246265,0.31674972,0.30540046,0.092272215,0.019380525
31001,2023-12-26,3,D2,3,D2,2,D1,False,0.044426225,0.2192223,0.3098354,0.31430772,0.0927097,0.019498574
31001,2024-01-02,3,D2,3,D2,2,D1,False,0.048837576,0.21758515,0.30515307,0.31222755,0.09498766,0.021209037
31001,2024-01-09,3,D2,3,D2,3,D2,True,0.050106186,0.21308687,0.2986239,0.3188445,0.09743693,0.021901648
31001,2024-01-16,3,D2,3,D2,2,D1,False,0.057495084,0.20979343,0.29874218,0.30045992,0.10056231,0.03294703
31001,2024-01-23,3,D2,2,D1,2,D1,False,0.07246088,0.20435935,0.27779925,0.26848897,0.11206931,0.06482223
31001,2024-01-30,3,D2,2,D1,2,D1,False,0.08800616,0.20874143,0.25854665,0.24639133,0.110198274,0.08811612
31001,2024-02-06,3,D2,2,D1,2,D1,False,0.10233103,0.22169751,0.26424855,0.23364699,0.095590234,0.082485706
31001,2024-02-13,3,D2,2,D1,2,D1,False,0.10101161,0.22166033,0.26268986,0.23987833,0.09454817,0.080211625
31001,2024-02-20,3,D2,3,D2,2,D1,False,0.092223965,0.20845988,0.25238585,0.25806653,0.10377061,0.08509316
31001,2024-02-27,3,D2,3,D2,3,D2,True,0.07891392,0.20500726,0.25338176,0.27783975,0.10684747,0.0780098
31001,2024-03-05,3,D2,3,D2,3,D2,True,0.055742256,0.17267214,0.22474492,0.3152128,0.13996421,0.09166367
31001,2024-03-12,3,D2,3,D2,3,D2,True,0.06073355,0.18495429,0.24136731,0.31464303,0.12759472,0.070707165
31001,2024-03-19,3,D2,3,D2,3,D2,True,0.048668876,0.17429827,0.22933581,0.33602446,0.14075747,0.07091512
31001,2024-03-26,2,D1,3,D2,3,D2,False,0.048308656,0.18470249,0.24382,0.3394821,0.13113587,0.052550912
31001,2024-04-02,2,D1,3,D2,3,D2,False,0.053421136,0.20611335,0.2731721,0.32688,0.10947077,0.030942632
31001,2024-04-09,2,D1,3,D2,3,D2,False,0.05691978,0.21456419,0.29469994,0.32601514,0.09201786,0.015783088
31001,2024-04-16,2,D1,3,D2,3,D2,False,0.050970465,0.21159837,0.31113234,0.33849102,0.078825004,0.008982776
31001,2024-04-23,2,D1,3,D2,3,D2,False,0.046535354,0.1989911,0.31999984,0.35041785,0.07757015,0.0064856904
31001,2024-04-30,2,D1,3,D2,3,D2,False,0.03963501,0.17755204,0.32392594,0.3681331,0.08528761,0.0054662265
31001,2024-05-07,2,D1,3,D2,3,D2,False,0.03001104,0.14691585,0.32630926,0.39232415,0.09941824,0.0050214585
31001,2024-05-14,2,D1,3,D2,3,D2,False,0.025522292,0.13321394,0.3390897,0.40010026,0.098436534,0.0036371807
31001,2024-05-21,2,D1,3,D2,3,D2,False,0.017991355,0.101899534,0.33816394,0.42610088,0.11332142,0.0025228492
31001,2024-05-28,2,D1,3,D2,3,D2,False,0.011426838,0.06905665,0.31548685,0.4689773,0.13364427,0.0014081977
31001,2024-06-04,1,D0,3,D2,3,D2,False,0.009241401,0.05787594,0.30462041,0.4945188,0.13277826,0.00096521934
31001,2024-06-11,1,D0,3,D2,3,D2,False,0.008741966,0.055089857,0.30053684,0.50352776,0.13126683,0.0008367905
31001,2024-06-18,1,D0,3,D2,3,D2,False,0.007523699,0.04441448,0.2777212,0.52596295,0.14364095,0.0007367223
31001,2024-06-25,1,D0,3,D2,3,D2,False,0.0068711247,0.03862586,0.26091743,0.53987867,0.15299043,0.0007165407
31001,2024-07-02,0,None,3,D2,3,D2,False,0.0068396027,0.034336172,0.24627568,0.5506079,0.16119897,0.0007416482
31001,2024-07-09,0,None,3,D2,3,D2,False,0.0068675866,0.03481721,0.24543385,0.55720186,0.1549857,0.0006937697
31001,2024-07-16,0,None,3,D2,3,D2,False,0.007690534,0.035736904,0.24753095,0.55739015,0.15094478,0.0007066525
31001,2024-07-23,0,None,3,D2,3,D2,False,0.008753419,0.039043304,0.24643677,0.54800177,0.15690233,0.000862397
31001,2024-07-30,0,None,3,D2,3,D2,False,0.008373937,0.038396597,0.23865868,0.55231315,0.16136388,0.00089382014
31001,2024-08-06,0,None,3,D2,3,D2,False,0.009258695,0.04001866,0.23535003,0.55380553,0.16046642,0.001100633
31001,2024-08-13,0,None,3,D2,3,D2,False,0.012275007,0.04594826,0.2366861,0.5426157,0.16090786,0.0015671008
31001,2024-08-20,1,D0,3,D2,3,D2,False,0.016647825,0.054819945,0.23604563,0.5257958,0.16427656,0.0024142668
31001,2024-08-27,1,D0,3,D2,3,D2,False,0.022667345,0.06539389,0.2367325,0.5055215,0.16609816,0.0035866534
31001,2024-09-03,0,None,3,D2,3,D2,False,0.026698256,0.07606066,0.23981997,0.48752195,0.16511182,0.0047872956
31001,2024-09-10,1,D0,3,D2,3,D2,False,0.031041931,0.086994484,0.24171159,0.46579942,0.167387,0.0070655467
31001,2024-09-17,1,D0,3,D2,3,D2,False,0.030982368,0.08884234,0.23274273,0.4519033,0.18440503,0.011124218
31001,2024-09-24,1,D0,3,D2,3,D2,False,0.030591207,0.08702688,0.20965359,0.42213374,0.22454292,0.026051637
31001,2024-10-01,1,D0,3,D2,4,D3,False,0.013172041,0.05775421,0.14475608,0.35141814,0.33295912,0.09994037
31001,2024-10-08,2,D1,4,D3,4,D3,False,0.0026640776,0.018348068,0.059468433,0.23364873,0.46531197,0.2205587
31001,2024-10-15,2,D1,4,D3,4,D3,False,0.0010317595,0.009406553,0.030887002,0.1379161,0.46802017,0.3527384
31001,2024-10-22,2,D1,5,D4,4,D3,False,0.0003070417,0.0035594504,0.013341041,0.0743857,0.4393809,0.46902597
31001,2024-10-29,3,D2,5,D4,4,D3,False,0.00031266463,0.0035963962,0.012517158,0.07326338,0.41021323,0.5000972
31001,2024-11-05,3,D2,5,D4,4,D3,False,0.00046764695,0.0046924786,0.0145485345,0.07451383,0.3959588,0.5098187
31001,2024-11-12,3,D2,5,D4,4,D3,False,0.00063042797,0.005697352,0.01699499,0.078658484,0.39174706,0.50627166
31001,2024-11-19,2,D1,5,D4,4,D3,False,0.00043631715,0.004495393,0.014308428,0.06665297,0.39053547,0.52357143
31001,2024-11-26,2,D1,5,D4,4,D3,False,0.0003489056,0.0038922427,0.012696857,0.057534095,0.38532537,0.54020256
31001,2024-12-03,2,D1,5,D4,4,D3,False,0.00029758707,0.0035622725,0.011806921,0.051471874,0.38207328,0.55078804
31001,2024-12-10,2,D1,5,D4,4,D3,False,0.000268878,0.0033912954,0.011327719,0.046784613,0.37920856,0.5590189
31001,2024-12-17,2,D1,5,D4,4,D3,False,0.00022428873,0.0030338396,0.010238993,0.044421967,0.37831575,0.5637651
31001,2024-12-24,2,D1,5,D4,4,D3,False,0.00022825187,0.0031716365,0.010304863,0.045919504,0.3783895,0.5619863
31001,2024-12-31,2,D1,5,D4,4,D3,False,0.00019462152,0.0028854837,0.009498877,0.04267273,0.37172168,0.57302666
31001,2025-01-07,2,D1,5,D4,4,D3,False,0.00017268935,0.0027036704,0.00886839,0.044065624,0.37314552,0.5710441
31001,2025-01-14,2,D1,5,D4,4,D3,False,0.00016243648,0.0027016061,0.008774107,0.04631969,0.37636217,0.56567997
31001,2025-01-21,2,D1,5,D4,4,D3,False,0.00021891385,0.0033858009,0.010565,0.05349373,0.38172176,0.5506148
31001,2025-01-28,2,D1,5,D4,4,D3,False,0.0003894416,0.005258041,0.015939372,0.07264548,0.38943523,0.5163324
31001,2025-02-04,2,D1,5,D4,4,D3,False,0.00052863226,0.006670103,0.019943038,0.08517952,0.3913598,0.49631888
31001,2025-02-11,2,D1,5,D4,4,D3,False,0.00070888054,0.008771614,0.024901114,0.0987266,0.3923816,0.47451022
31001,2025-02-18,2,D1,5,D4,4,D3,False,0.000895821,0.010979167,0.029129554,0.10437035,0.3876799,0.4669452
31001,2025-02-25,2,D1,5,D4,4,D3,False,0.0011193282,0.01263193,0.031993594,0.11377754,0.38139933,0.45907822
31001,2025-03-04,2,D1,5,D4,4,D3,False,0.0014905236,0.015287481,0.037511565,0.13044661,0.37240216,0.44286168
31001,2025-03-11,2,D1,5,D4,4,D3,False,0.0022468432,0.018839505,0.045052532,0.15740314,0.358836,0.41762194
31001,2025-03-18,2,D1,5,D4,4,D3,False,0.0034571437,0.024246253,0.058398467,0.1967604,0.34252867,0.37460902
31001,2025-03-25,1,D0,4,D3,4,D3,False,0.0055092988,0.033896778,0.07780911,0.2488963,0.31951237,0.31437615
31001,2025-04-01,1,D0,3,D2,4,D3,False,0.008040631,0.042842347,0.09522679,0.29576427,0.2901109,0.26801503
31001,2025-04-08,1,D0,3,D2,4,D3,False,0.0119560845,0.050705682,0.107262045,0.3173547,0.26854265,0.24417882
31001,2025-04-15,2,D1,3,D2,3,D2,False,0.014922305,0.05603935,0.12006205,0.33877787,0.2640954,0.20610309
31001,2025-04-22,2,D1,3,D2,3,D2,False,0.012603797,0.054702442,0.14374512,0.40354764,0.26591665,0.11948434
31001,2025-04-29,2,D1,3,D2,3,D2,False,0.007842644,0.040120225,0.14977324,0.46716222,0.28184664,0.053255048
31001,2025-05-06,3,D2,3,D2,3,D2,True,0.0057649575,0.03276987,0.14691307,0.49693248,0.2895266,0.028092926
31001,2025-05-13,3,D2,3,D2,3,D2,True,0.0046021133,0.02806047,0.16418162,0.52751064,0.26431283,0.011332292
31001,2025-05-20,3,D2,3,D2,3,D2,True,0.0033123118,0.02065205,0.16076748,0.54525393,0.2631983,0.0068159304
31001,2025-05-27,3,D2,3,D2,3,D2,True,0.0025235247,0.016633652,0.15445517,0.5666864,0.25555426,0.0041470197
31001,2025-06-03,3,D2,3,D2,3,D2,True,0.0029739412,0.018230844,0.17518418,0.5713987,0.22948012,0.0027321938
31001,2025-06-10,3,D2,3,D2,3,D2,True,0.0031260543,0.019136675,0.19862825,0.5659118,0.21153915,0.0016580485
31001,2025-06-17,3,D2,3,D2,3,D2,True,0.0027206922,0.017500343,0.2035922,0.5660992,0.20890306,0.0011844184
31001,2025-06-24,3,D2,3,D2,3,D2,True,0.0027774281,0.016645055,0.20014328,0.56766325,0.21172103,0.0010499653
31001,2025-07-01,2,D1,3,D2,3,D2,False,0.0030058932,0.01704627,0.19863065,0.56586725,0.2144073,0.0010427228
31001,2025-07-08,2,D1,3,D2,3,D2,False,0.0034325046,0.018528229,0.20223898,0.568432,0.20641539,0.0009529021
31001,2025-07-15,2,D1,3,D2,3,D2,False,0.003942553,0.019613042,0.20035297,0.5710596,0.20408507,0.0009467569
31001,2025-07-22,2,D1,3,D2,3,D2,False,0.0048410166,0.02183005,0.20314369,0.56711525,0.20208764,0.0009823029
31001,2025-07-29,2,D1,3,D2,3,D2,False,0.0058854143,0.024213856,0.20486426,0.56078225,0.20321627,0.0010379277
31001,2025-08-05,1,D0,3,D2,3,D2,False,0.0067621334,0.02566534,0.20062588,0.5617517,0.20412749,0.0010674488
31001,2025-08-12,0,None,3,D2,3,D2,False,0.0078098206,0.027907124,0.1968623,0.56661576,0.19968082,0.0011241285
31001,2025-08-19,0,None,3,D2,3,D2,False,0.008952574,0.030818991,0.19779806,0.5670428,0.19423446,0.0011530407
31001,2025-08-26,0,None,3,D2,3,D2,False,0.011763014,0.03572071,0.20159566,0.55603147,0.19338506,0.00150404
31001,2025-09-02,0,None,3,D2,3,D2,False,0.015131319,0.043412738,0.21218419,0.5352737,0.19194266,0.0020553388
31001,2025-09-09,0,None,3,D2,3,D2,False,0.018817505,0.050874665,0.21552125,0.525221,0.18684457,0.0027210363
31001,2025-09-16,0,None,3,D2,3,D2,False,0.02427518,0.06154151,0.21940066,0.51769096,0.17369506,0.003396719
31001,2025-09-23,0,None,3,D2,3,D2,False,0.03467835,0.08334093,0.23242162,0.49643078,0.14908797,0.0040404284
31001,2025-09-30,0,None,3,D2,3,D2,False,0.048924554,0.107243724,0.24549317,0.46682215,0.12676884,0.0047475793
31001,2025-10-07,0,None,3,D2,3,D2,False,0.06393068,0.14001918,0.26067513,0.4295591,0.10032073,0.0054951264
31001,2025-10-14,0,None,3,D2,3,D2,False,0.06579199,0.1542042,0.278516,0.41192514,0.084326625,0.0052360813
31001,2025-10-21,0,None,3,D2,3,D2,False,0.07283279,0.17794585,0.29240203,0.3853744,0.06649346,0.0049514603
31001,2025-10-28,0,None,3,D2,3,D2,False,0.06157126,0.17110616,0.29915437,0.39295635,0.07069351,0.004518367
31001,2025-11-04,0,None,3,D2,3,D2,False,0.052141774,0.17026123,0.29906586,0.39951968,0.07485011,0.004161249
31001,2025-11-11,0,None,3,D2,3,D2,False,0.04933668,0.16741002,0.29960066,0.4001077,0.079294465,0.0042504715
31001,2025-11-18,0,None,3,D2,3,D2,False,0.053991742,0.18004248,0.3018612,0.38679025,0.07326467,0.0040497133
31001,2025-11-25,0,None,3,D2,3,D2,False,0.051573973,0.1944137,0.3010073,0.38024765,0.069157615,0.0035997515
31001,2025-12-02,0,None,3,D2,3,D2,False,0.056457955,0.21155675,0.299366,0.3638099,0.065107115,0.0037022785
31001,2025-12-09,0,None,3,D2,3,D2,False,0.0572,0.21774234,0.29837492,0.35715172,0.06567311,0.003857934
31001,2025-12-16,0,None,3,D2,3,D2,False,0.053494323,0.2117089,0.30086777,0.35749105,0.07201464,0.0044233506
31001,2025-12-23,0,None,3,D2,3,D2,False,0.04647098,0.20029128,0.29912233,0.3712412,0.078628734,0.0042454693
31001,2025-12-30,1,D0,3,D2,3,D2,False,0.041754603,0.20190388,0.30217063,0.3730294,0.07723943,0.003901955
31003,2022-01-04,1,D0,3,D2,3,D2,False,0.036302052,0.21801366,0.32123235,0.34160045,0.073741406,0.009110046
31003,2022-01-11,1,D0,3,D2,2,D1,False,0.036437016,0.22503819,0.32646465,0.33281904,0.0711271,0.008114002
31003,2022-01-18,1,D0,2,D1,2,D1,False,0.034841992,0.23154451,0.33286214,0.32638395,0.067330025,0.00703733
31003,2022-01-25,1,D0,2,D1,2,D1,False,0.029958107,0.23900431,0.3396636,0.3234395,0.06188536,0.006049103
31003,2022-02-01,1,D0,2,D1,2,D1,False,0.027275745,0.2379475,0.34140363,0.32620466,0.06138645,0.005781995
31003,2022-02-08,2,D1,2,D1,2,D1,True,0.026315786,0.24408579,0.34148398,0.32554927,0.056940094,0.0056250524
31003,2022-02-15,2,D1,3,D2,2,D1,True,0.02555614,0.24328953,0.33369464,0.33874488,0.05312803,0.005586703
31003,2022-02-22,2,D1,2,D1,2,D1,True,0.026325943,0.25421932,0.33746386,0.3275759,0.048700374,0.0057145185
31003,2022-03-01,3,D2,2,D1,2,D1,False,0.027112287,0.25785482,0.33736643,0.3254458,0.047050368,0.0051703523
31003,2022-03-08,3,D2,2,D1,2,D1,False,0.027222857,0.24144988,0.34204113,0.33130965,0.052946467,0.0050300406
31003,2022-03-15,3,D2,3,D2,2,D1,False,0.026615188,0.22420068,0.33846706,0.35000038,0.055741746,0.00497493
31003,2022-03-22,3,D2,3,D2,3,D2,True,0.024783406,0.20429432,0.34079942,0.3677534,0.057392217,0.0049771667
31003,2022-03-29,3,D2,3,D2,3,D2,True,0.024277546,0.19894081,0.34517553,0.3703651,0.056626964,0.004614051
31003,2022-04-05,3,D2,3,D2,3,D2,True,0.020537034,0.17526767,0.35780278,0.38260972,0.059451733,0.0043310523
31003,2022-04-12,4,D3,3,D2,3,D2,False,0.018994186,0.1612033,0.36282608,0.3907773,0.0614291,0.0047701104
31003,2022-04-19,4,D3,3,D2,3,D2,False,0.016984299,0.14210768,0.36458322,0.40467778,0.0670172,0.0046297573
31003,2022-04-26,4,D3,3,D2,3,D2,False,0.014471021,0.119292125,0.3595816,0.42730084,0.07549547,0.0038589532
31003,2022-05-03,4,D3,3,D2,3,D2,False,0.013048705,0.104509555,0.3574923,0.4409843,0.08079058,0.003174501
31003,2022-05-10,4,D3,3,D2,3,D2,False,0.013371539,0.08791202,0.3198948,0.46257612,0.11168964,0.0045558675
31003,2022-05-17,4,D3,3,D2,3,D2,False,0.0061784694,0.04077101,0.2395475,0.55328935,0.1568659,0.003347747
31003,2022-05-24,4,D3,3,D2,3,D2,False,0.004455267,0.028142793,0.21568449,0.5821944,0.16737512,0.002147926
31003,2022-05-31,3,D2,3,D2,3,D2,True,0.004512008,0.028299848,0.22302775,0.58433,0.15823448,0.0015959237
31003,2022-06-07,3,D2,3,D2,3,D2,True,0.0042675156,0.027712839,0.23490208,0.58033174,0.15164147,0.0011443795
31003,2022-06-14,3,D2,3,D2,3,D2,True,0.0037416292,0.026665857,0.24182074,0.5759911,0.15093282,0.0008478103
31003,2022-06-21,3,D2,3,D2,3,D2,True,0.0033345486,0.023118986,0.21367157,0.5843648,0.17443308,0.0010770609
31003,2022-06-28,3,D2,3,D2,3,D2,True,0.0034449107,0.023259751,0.20705442,0.5845074,0.18049887,0.0012347167
31003,2022-07-05,3,D2,3,D2,3,D2,True,0.0035425716,0.022571018,0.2040061,0.58275187,0.18581514,0.0013133171
31003,2022-07-12,3,D2,3,D2,3,D2,True,0.0030531702,0.019939816,0.17901951,0.58593947,0.21008874,0.0019592925
31003,2022-07-19,3,D2,3,D2,3,D2,True,0.0025242076,0.01695031,0.15230778,0.5798861,0.24503942,0.003292271
31003,2022-07-26,3,D2,3,D2,3,D2,True,0.0023792356,0.015347419,0.13022327,0.56476,0.28149748,0.005792531
31003,2022-08-02,3,D2,3,D2,3,D2,True,0.0018353817,0.012088586,0.1026497,0.5356986,0.33570126,0.012026459
31003,2022-08-09,3,D2,3,D2,4,D3,False,0.0011932984,0.008785892,0.07282674,0.46627784,0.42164862,0.02926758
31003,2022-08-16,4,D3,4,D3,4,D3,True,0.0006096512,0.0053471485,0.045048427,0.37572756,0.5077015,0.06556579
31003,2022-08-23,4,D3,4,D3,4,D3,True,0.0003356066,0.003191072,0.023907345,0.23770273,0.54180926,0.19305395
31003,2022-08-30,4,D3,4,D3,4,D3,True,0.00015614461,0.0017428211,0.011420804,0.13055919,0.48493835,0.37118274
31003,2022-09-06,5,D4,5,D4,4,D3,False,8.551526e-05,0.0012121325,0.0069124657,0.07802436,0.4366116,0.47715396
31003,2022-09-13,5,D4,5,D4,4,D3,False,5.518391e-05,0.0009097947,0.005103815,0.058956303,0.41893363,0.5160413
31003,2022-09-20,5,D4,5,D4,4,D3,False,3.3770008e-05,0.00070435053,0.0037227368,0.039837703,0.40795195,0.54774946
31003,2022-09-27,5,D4,5,D4,4,D3,False,3.0160098e-05,0.00067071,0.0034049368,0.03352062,0.40600517,0.5563684
31003,2022-10-04,5,D4,5,D4,4,D3,False,2.4243765e-05,0.00058975536,0.002941549,0.027847383,0.40396613,0.5646309
31003,2022-10-11,5,D4,5,D4,4,D3,False,2.3195336e-05,0.00058747025,0.0028283466,0.024884792,0.40189287,0.56978333
31003,2022-10-18,5,D4,5,D4,4,D3,False,2.8034327e-05,0.0006667484,0.0030741526,0.02560765,0.40319532,0.5674281
31003,2022-10-25,5,D4,5,D4,4,D3,False,2.5441392e-05,0.0006162403,0.002877833,0.02444489,0.40157485,0.57046074
31003,2022-11-01,5,D4,5,D4,4,D3,False,2.541392e-05,0.0006236994,0.0028319536,0.023323849,0.39964077,0.57355434
31003,2022-11-08,5,D4,5,D4,4,D3,False,1.9340265e-05,0.0005183778,0.0024266574,0.020806061,0.39573172,0.5804978
31003,2022-11-15,5,D4,5,D4,4,D3,False,1.6005908e-05,0.00046870208,0.0021854162,0.018285016,0.39119855,0.58784634
31003,2022-11-22,5,D4,5,D4,4,D3,False,1.3876652e-05,0.00043081932,0.0020203167,0.016884154,0.38856027,0.5920905
31003,2022-11-29,5,D4,5,D4,4,D3,False,1.2836659e-05,0.00041156833,0.0019492165,0.016232988,0.3867432,0.5946502
31003,2022-12-06,5,D4,5,D4,4,D3,False,9.507857e-06,0.0003357893,0.0016628453,0.01464131,0.384079,0.59927154
31003,2022-12-13,5,D4,5,D4,5,D4,True,7.330916e-06,0.00028404087,0.001490257,0.013644129,0.3814985,0.6030757
31003,2022-12-20,5,D4,5,D4,5,D4,True,5.7602706e-06,0.00024404234,0.0013302137,0.012661565,0.37857747,0.60718083
31003,2022-12-27,5,D4,5,D4,5,D4,True,4.597549e-06,0.00020749662,0.001177229,0.011992303,0.37815183,0.60846645
31003,2023-01-03,5,D4,5,D4,5,D4,True,3.697817e-06,0.00017687076,0.0010435272,0.011392247,0.3781302,0.6092535
31003,2023-01-10,5,D4,5,D4,5,D4,True,3.1453533e-06,0.00015669869,0.00095048675,0.011035774,0.37847653,0.6093773
31003,2023-01-17,5,D4,5,D4,5,D4,True,2.7474273e-06,0.00014143855,0.00088995614,0.010758901,0.37721872,0.6109883
31003,2023-01-24,5,D4,5,D4,5,D4,True,2.6625682e-06,0.00013982768,0.000884962,0.010828194,0.37690073,0.61124367
31003,2023-01-31,5,D4,5,D4,5,D4,True,2.8535528e-06,0.00014819561,0.0009206885,0.011345006,0.37748298,0.61010027
31003,2023-02-07,5,D4,5,D4,5,D4,True,3.392241e-06,0.00016778642,0.0010118223,0.012571456,0.37863925,0.60760635
31003,2023-02-14,5,D4,5,D4,5,D4,True,4.0653244e-06,0.0001896415,0.0011342288,0.014216246,0.37982163,0.6046342
31003,2023-02-21,5,D4,5,D4,5,D4,True,4.854988e-06,0.0002149005,0.0012667617,0.01596694,0.38190818,0.6006383
31003,2023-02-28,4,D3,5,D4,4,D3,True,5.8312726e-06,0.00024367544,0.0014080572,0.018034296,0.3840224,0.59628576
31003,2023-03-07,3,D2,5,D4,4,D3,False,6.3741923e-06,0.00025932209,0.0014798793,0.019203192,0.3849992,0.5940521
31003,2023-03-14,3,D2,5,D4,4,D3,False,9.142217e-06,0.00032991092,0.0018273209,0.023708515,0.38776547,0.5863596
31003,2023-03-21,3,D2,5,D4,4,D3,False,1.09516595e-05,0.0003732161,0.002035418,0.02640341,0.38887343,0.5823035
31003,2023-03-28,3,D2,5,D4,4,D3,False,1.8816278e-05,0.00052824384,0.0027901928,0.035582356,0.3916634,0.56941706
31003,2023-04-04,3,D2,5,D4,4,D3,False,3.6701094e-05,0.0007911566,0.0039975964,0.052389447,0.38980436,0.55298066
31003,2023-04-11,3,D2,5,D4,4,D3,False,8.699522e-05,0.0013258668,0.0065764072,0.07826542,0.39235035,0.52139497
31003,2023-04-18,3,D2,5,D4,4,D3,False,0.00021523186,0.0022570912,0.011636936,0.13427815,0.39253515,0.45907748
31003,2023-04-25,4,D3,4,D3,4,D3,True,0.00039645462,0.0030476414,0.020209176,0.22509187,0.4367569,0.3144979
31003,2023-05-02,4,D3,4,D3,4,D3,True,0.0005758102,0.003907338,0.035236694,0.35158896,0.46296033,0.14573091
31003,2023-05-09,4,D3,4,D3,4,D3,True,0.0006277138,0.004977872,0.052328836,0.4273254,0.44817156,0.06656862
31003,2023-05-16,3,D2,3,D2,4,D3,False,0.0007253448,0.006040212,0.07053575,0.4939563,0.40287355,0.025868895
31003,2023-05-23,3,D2,3,D2,3,D2,True,0.0008058222,0.00661181,0.086909585,0.53925234,0.35611063,0.010309839
31003,2023-05-30,3,D2,3,D2,3,D2,True,0.0010404111,0.008001223,0.10522891,0.56231356,0.31770322,0.005712741
31003,2023-06-06,3,D2,3,D2,3,D2,True,0.0015680215,0.011610984,0.14463991,0.5691558,0.27000198,0.0030232684
31003,2023-06-13,3,D2,3,D2,3,D2,True,0.0021544842,0.014946495,0.1777768,0.5621994,0.24102081,0.0019020663
31003,2023-06-20,3,D2,3,D2,3,D2,True,0.002554935,0.016875645,0.19399743,0.5557959,0.22933933,0.0014367709
31003,2023-06-27,3,D2,3,D2,3,D2,True,0.0028479178,0.017547116,0.19781077,0.55830055,0.22225246,0.0012411346
31003,2023-07-04,3,D2,3,D2,3,D2,True,0.003403451,0.018228436,0.19772983,0.56487256,0.21465649,0.001109301
31003,2023-07-11,3,D2,3,D2,3,D2,True,0.004289675,0.02018785,0.20025606,0.5622734,0.2119083,0.0010846778
31003,2023-07-18,3,D2,3,D2,3,D2,True,0.0049930583,0.021965232,0.20130078,0.55777025,0.21288769,0.0010830156
31003,2023-07-25,3,D2,3,D2,3,D2,True,0.005789044,0.023646683,0.201418,0.55423707,0.21372369,0.0011855105
31003,2023-08-01,2,D1,3,D2,3,D2,False,0.0064378045,0.024608247,0.19783881,0.55779016,0.21216978,0.0011551547
31003,2023-08-08,2,D1,3,D2,3,D2,False,0.007718975,0.026814522,0.19546269,0.5502472,0.2183621,0.0013945159
31003,2023-08-15,2,D1,3,D2,3,D2,False,0.008539172,0.029391794,0.20172103,0.54535717,0.21344495,0.00154583
31003,2023-08-22,2,D1,3,D2,3,D2,False,0.00934253,0.03214558,0.21155645,0.53627956,0.20883976,0.0018361076
31003,2023-08-29,2,D1,3,D2,3,D2,False,0.010119555,0.036581047,0.2237413,0.51501536,0.21198341,0.0025593552
31003,2023-09-05,2,D1,3,D2,3,D2,False,0.01134628,0.041321274,0.22550373,0.5006465,0.21750908,0.0036731057
31003,2023-09-12,2,D1,3,D2,3,D2,False,0.012969799,0.04693743,0.2187458,0.48556522,0.2295715,0.0062102983
31003,2023-09-19,2,D1,3,D2,3,D2,False,0.015472439,0.053679723,0.22067213,0.48064402,0.22158515,0.00794649
31003,2023-09-26,2,D1,3,D2,3,D2,False,0.018033264,0.061688777,0.21840666,0.46660542,0.2237661,0.011499776
31003,2023-10-03,2,D1,3,D2,3,D2,False,0.02248775,0.075997904,0.2166824,0.44693285,0.22069229,0.017206704
31003,2023-10-10,2,D1,3,D2,3,D2,False,0.026137216,0.08651215,0.22426544,0.44040272,0.20560795,0.017074464
31003,2023-10-17,1,D0,3,D2,3,D2,False,0.03170323,0.10225043,0.22910312,0.41960746,0.19522554,0.022110175
31003,2023-10-24,1,D0,3,D2,3,D2,False,0.03408792,0.12541477,0.24694459,0.40343663,0.16635844,0.023757659
31003,2023-10-31,0,None,3,D2,3,D2,False,0.03561378,0.13754725,0.25527847,0.3929579,0.15253153,0.026071105
31003,2023-11-07,0,None,3,D2,3,D2,False,0.035167262,0.14559764,0.25488603,0.3884417,0.14733662,0.028570682
31003,2023-11-14,0,None,3,D2,3,D2,False,0.036769886,0.16175455,0.26806623,0.37393916,0.13161418,0.027855977
31003,2023-11-21,0,None,3,D2,3,D2,False,0.037853956,0.18018341,0.2872891,0.3516088,0.11691757,0.026147118
31003,2023-11-28,0,None,3,D2,3,D2,False,0.040012836,0.19670509,0.30758744,0.32302922,0.107935935,0.024729509
31003,2023-12-05,0,None,2,D1,2,D1,False,0.043724727,0.20905645,0.31780225,0.3023978,0.10200573,0.025013011
31003,2023-12-12,0,None,2,D1,2,D1,False,0.041416824,0.20982029,0.31650847,0.3081905,0.10155026,0.02251365
31003,2023-12-19,0,None,2,D1,2,D1,False,0.04373435,0.22246265,0.31674972,0.30540046,0.092272215,0.019380525
31003,2023-12-26,0,None,3,D2,2,D1,False,0.044426225,0.2192223,0.3098354,0.31430772,0.0927097,0.019498574
31003,2024-01-02,0,None,3,D2,2,D1,False,0.048837576,0.21758515,0.30515307,0.31222755,0.09498766,0.021209037
31003,2024-01-09,0,None,3,D2,3,D2,False,0.050106186,0.21308687,0.2986239,0.3188445,0.09743693,0.021901648
31003,2024-01-16,0,None,3,D2,2,D1,False,0.057495084,0.20979343,0.29874218,0.30045992,0.10056231,0.03294703
31003,2024-01-23,0,None,2,D1,2,D1,False,0.07246088,0.20435935,0.27779925,0.26848897,0.11206931,0.06482223
31003,2024-01-30,0,None,2,D1,2,D1,False,0.08800616,0.20874143,0.25854665,0.24639133,0.110198274,0.08811612
31003,2024-02-06,0,None,2,D1,2,D1,False,0.10233103,0.2216975,0.26424864,0.23364699,0.09559018,0.082485616
31003,2024-02-13,0,None,2,D1,2,D1,False,0.101011634,0.2216604,0.26269,0.23987834,0.09454811,0.08021151
31003,2024-02-20,0,None,3,D2,2,D1,False,0.092223965,0.20845988,0.25238585,0.25806653,0.10377061,0.08509316
31003,2024-02-27,0,None,3,D2,3,D2,False,0.07891392,0.20500726,0.25338176,0.27783975,0.10684747,0.0780098
31003,2024-03-05,0,None,3,D2,3,D2,False,0.055742256,0.17267214,0.22474492,0.3152128,0.13996421,0.09166367
31003,2024-03-12,0,None,3,D2,3,D2,False,0.06073355,0.18495429,0.24136731,0.31464303,0.12759472,0.070707165
31003,2024-03-19,1,D0,3,D2,3,D2,False,0.048668876,0.17429827,0.22933581,0.33602446,0.14075747,0.07091512
31003,2024-03-26,0,None,3,D2,3,D2,False,0.048308656,0.18470249,0.24382,0.3394821,0.13113587,0.052550912
31003,2024-04-02,0,None,3,D2,3,D2,False,0.053421136,0.20611335,0.2731721,0.32688,0.10947077,0.030942632
31003,2024-04-09,0,None,3,D2,3,D2,False,0.05691978,0.21456419,0.29469994,0.32601514,0.09201786,0.015783088
31003,2024-04-16,0,None,3,D2,3,D2,False,0.050970465,0.21159837,0.31113234,0.33849102,0.078825004,0.008982776
31003,2024-04-23,0,None,3,D2,3,D2,False,0.046535354,0.1989911,0.31999984,0.35041785,0.07757015,0.0064856904
31003,2024-04-30,0,None,3,D2,3,D2,False,0.03963501,0.17755204,0.32392594,0.3681331,0.08528761,0.0054662265
31003,2024-05-07,0,None,3,D2,3,D2,False,0.03001104,0.14691585,0.32630926,0.39232415,0.09941824,0.0050214585
31003,2024-05-14,0,None,3,D2,3,D2,False,0.025522292,0.13321394,0.3390897,0.40010026,0.098436534,0.0036371807
31003,2024-05-21,0,None,3,D2,3,D2,False,0.017991355,0.101899534,0.33816394,0.42610088,0.11332142,0.0025228492
31003,2024-05-28,0,None,3,D2,3,D2,False,0.011426838,0.06905665,0.31548685,0.4689773,0.13364427,0.0014081977
31003,2024-06-04,0,None,3,D2,3,D2,False,0.0092414,0.057875928,0.30462041,0.49451885,0.13277826,0.0009652186
31003,2024-06-11,0,None,3,D2,3,D2,False,0.008741962,0.05508985,0.30053687,0.5035277,0.13126683,0.00083679083
31003,2024-06-18,0,None,3,D2,3,D2,False,0.007523699,0.04441448,0.2777212,0.52596295,0.14364095,0.0007367223
31003,2024-06-25,0,None,3,D2,3,D2,False,0.0068711247,0.03862586,0.26091743,0.53987867,0.15299043,0.0007165407
31003,2024-07-02,0,None,3,D2,3,D2,False,0.0068396027,0.034336172,0.24627568,0.5506079,0.16119897,0.0007416482
31003,2024-07-09,0,None,3,D2,3,D2,False,0.0068675866,0.03481721,0.24543385,0.55720186,0.1549857,0.0006937697
31003,2024-07-16,0,None,3,D2,3,D2,False,0.007690534,0.035736904,0.24753095,0.55739015,0.15094478,0.0007066525
31003,2024-07-23,0,None,3,D2,3,D2,False,0.008753419,0.039043304,0.24643677,0.54800177,0.15690233,0.000862397
31003,2024-07-30,0,None,3,D2,3,D2,False,0.008373937,0.038396597,0.23865868,0.55231315,0.16136388,0.00089382014
31003,2024-08-06,1,D0,3,D2,3,D2,False,0.009258695,0.04001866,0.23535003,0.55380553,0.16046642,0.001100633
31003,2024-08-13,1,D0,3,D2,3,D2,False,0.012275007,0.04594826,0.2366861,0.5426157,0.16090786,0.0015671008
31003,2024-08-20,1,D0,3,D2,3,D2,False,0.016647825,0.054819945,0.23604563,0.5257958,0.16427656,0.0024142668
31003,2024-08-27,1,D0,3,D2,3,D2,False,0.022667345,0.06539389,0.2367325,0.5055215,0.16609816,0.0035866534
31003,2024-09-03,1,D0,3,D2,3,D2,False,0.026698256,0.07606066,0.23981997,0.48752195,0.16511182,0.0047872956
31003,2024-09-10,1,D0,3,D2,3,D2,False,0.031041931,0.086994484,0.24171159,0.46579942,0.167387,0.0070655467
31003,2024-09-17,2,D1,3,D2,3,D2,False,0.030982362,0.08884234,0.23274273,0.4519033,0.18440503,0.011124223
31003,2024-09-24,2,D1,3,D2,3,D2,False,0.0305912,0.087026864,0.20965357,0.42213374,0.22454292,0.026051637
31003,2024-10-01,2,D1,3,D2,4,D3,False,0.013172041,0.05775421,0.14475608,0.35141814,0.33295912,0.09994037
31003,2024-10-08,3,D2,4,D3,4,D3,False,0.0026640776,0.018348068,0.059468433,0.23364873,0.46531197,0.2205587
31003,2024-10-15,3,D2,4,D3,4,D3,False,0.0010317595,0.009406553,0.030887002,0.1379161,0.46802017,0.3527384
31003,2024-10-22,3,D2,5,D4,4,D3,False,0.0003070417,0.0035594504,0.013341041,0.0743857,0.4393809,0.46902597
31003,2024-10-29,3,D2,5,D4,4,D3,False,0.00031266463,0.0035963962,0.012517158,0.07326338,0.41021323,0.5000972
31003,2024-11-05,3,D2,5,D4,4,D3,False,0.00046764695,0.0046924786,0.0145485345,0.07451383,0.3959588,0.5098187
31003,2024-11-12,3,D2,5,D4,4,D3,False,0.00063042797,0.005697352,0.01699499,0.078658484,0.39174706,0.50627166
31003,2024-11-19,3,D2,5,D4,4,D3,False,0.00043631715,0.004495393,0.014308428,0.06665297,0.39053547,0.52357143
31003,2024-11-26,3,D2,5,D4,4,D3,False,0.0003489056,0.0038922427,0.012696857,0.057534095,0.38532537,0.54020256
31003,2024-12-03,3,D2,5,D4,4,D3,False,0.00029758707,0.0035622725,0.011806921,0.051471874,0.38207328,0.55078804
31003,2024-12-10,3,D2,5,D4,4,D3,False,0.000268878,0.0033912954,0.011327719,0.046784613,0.37920856,0.5590189
31003,2024-12-17,3,D2,5,D4,4,D3,False,0.00022428873,0.0030338396,0.010238993,0.044421967,0.37831575,0.5637651
31003,2024-12-24,3,D2,5,D4,4,D3,False,0.00022825187,0.0031716365,0.010304863,0.045919504,0.3783895,0.5619863
31003,2024-12-31,3,D2,5,D4,4,D3,False,0.00019462152,0.0028854837,0.009498877,0.04267273,0.37172168,0.57302666
31003,2025-01-07,3,D2,5,D4,4,D3,False,0.00017268935,0.0027036704,0.00886839,0.044065624,0.37314552,0.5710441
31003,2025-01-14,3,D2,5,D4,4,D3,False,0.00016243651,0.0027016038,0.008774104,0.046319682,0.37636214,0.56568
31003,2025-01-21,3,D2,5,D4,4,D3,False,0.000218914,0.0033858034,0.010565002,0.053493746,0.3817218,0.55061466
31003,2025-01-28,3,D2,5,D4,4,D3,False,0.0003894416,0.005258041,0.015939372,0.07264548,0.38943523,0.5163324
31003,2025-02-04,3,D2,5,D4,4,D3,False,0.00052863226,0.006670103,0.019943038,0.08517952,0.3913598,0.49631888
31003,2025-02-11,3,D2,5,D4,4,D3,False,0.00070888054,0.008771614,0.024901114,0.0987266,0.3923816,0.47451022
31003,2025-02-18,3,D2,5,D4,4,D3,False,0.000895821,0.010979167,0.029129554,0.10437035,0.3876799,0.4669452
31003,2025-02-25,3,D2,5,D4,4,D3,False,0.0011193282,0.01263193,0.031993594,0.11377754,0.38139933,0.45907822
31003,2025-03-04,3,D2,5,D4,4,D3,False,0.0014905236,0.015287481,0.037511565,0.13044661,0.37240216,0.44286168
31003,2025-03-11,3,D2,5,D4,4,D3,False,0.0022468432,0.018839505,0.045052532,0.15740314,0.358836,0.41762194
31003,2025-03-18,3,D2,5,D4,4,D3,False,0.0034571437,0.024246253,0.058398467,0.1967604,0.34252867,0.37460902
31003,2025-03-25,3,D2,4,D3,4,D3,False,0.0055092988,0.033896778,0.07780911,0.2488963,0.31951237,0.31437615
31003,2025-04-01,3,D2,3,D2,4,D3,False,0.008040631,0.042842347,0.09522679,0.29576427,0.2901109,0.26801503
31003,2025-04-08,3,D2,3,D2,4,D3,False,0.0119560845,0.050705682,0.107262045,0.3173547,0.26854265,0.24417882
31003,2025-04-15,3,D2,3,D2,3,D2,True,0.014922305,0.05603935,0.12006205,0.33877787,0.2640954,0.20610309
31003,2025-04-22,3,D2,3,D2,3,D2,True,0.012603797,0.054702442,0.14374512,0.40354764,0.26591665,0.11948434
31003,2025-04-29,3,D2,3,D2,3,D2,True,0.007842648,0.040120233,0.14977328,0.46716222,0.28184658,0.053255025
31003,2025-05-06,4,D3,3,D2,3,D2,False,0.005764956,0.03276987,0.1469131,0.4969326,0.28952658,0.02809292
31003,2025-05-13,4,D3,3,D2,3,D2,False,0.0046021133,0.02806047,0.16418162,0.52751064,0.26431283,0.011332292
31003,2025-05-20,4,D3,3,D2,3,D2,False,0.0033123118,0.02065205,0.16076748,0.54525393,0.2631983,0.0068159304
31003,2025-05-27,4,D3,3,D2,3,D2,False,0.0025235247,0.016633652,0.15445517,0.5666864,0.25555426,0.0041470197
31003,2025-06-03,4,D3,3,D2,3,D2,False,0.0029739412,0.018230844,0.17518418,0.5713987,0.22948012,0.0027321938
31003,2025-06-10,3,D2,3,D2,3,D2,True,0.0031260543,0.019136675,0.19862825,0.5659118,0.21153915,0.0016580485
31003,2025-06-17,3,D2,3,D2,3,D2,True,0.0027206922,0.017500343,0.2035922,0.5660992,0.20890306,0.0011844184
31003,2025-06-24,3,D2,3,D2,3,D2,True,0.0027774281,0.016645055,0.20014328,0.56766325,0.21172103,0.0010499653
31003,2025-07-01,2,D1,3,D2,3,D2,False,0.0030058932,0.01704627,0.19863065,0.56586725,0.2144073,0.0010427228
31003,2025-07-08,1,D0,3,D2,3,D2,False,0.0034325046,0.018528229,0.20223898,0.568432,0.20641539,0.0009529021
31003,2025-07-15,0,None,3,D2,3,D2,False,0.003942553,0.019613042,0.20035297,0.5710596,0.20408507,0.0009467569
31003,2025-07-22,0,None,3,D2,3,D2,False,0.0048410166,0.02183005,0.20314369,0.56711525,0.20208764,0.0009823029
31003,2025-07-29,0,None,3,D2,3,D2,False,0.0058854143,0.024213856,0.20486426,0.56078225,0.20321627,0.0010379277
31003,2025-08-05,0,None,3,D2,3,D2,False,0.0067621334,0.02566534,0.20062588,0.5617517,0.20412749,0.0010674488
31003,2025-08-12,0,None,3,D2,3,D2,False,0.0078098206,0.027907124,0.1968623,0.56661576,0.19968082,0.0011241285
31003,2025-08-19,0,None,3,D2,3,D2,False,0.008952574,0.030818991,0.19779806,0.5670428,0.19423446,0.0011530407
31003,2025-08-26,0,None,3,D2,3,D2,False,0.011763011,0.035720702,0.20159563,0.55603147,0.19338505,0.0015040393
31003,2025-09-02,0,None,3,D2,3,D2,False,0.01513132,0.04341273,0.21218422,0.53527373,0.1919427,0.0020553402
31003,2025-09-09,0,None,3,D2,3,D2,False,0.018817505,0.050874665,0.21552125,0.525221,0.18684457,0.0027210363
31003,2025-09-16,0,None,3,D2,3,D2,False,0.02427518,0.06154151,0.21940066,0.51769096,0.17369506,0.003396719
31003,2025-09-23,0,None,3,D2,3,D2,False,0.03467835,0.08334093,0.23242162,0.49643078,0.14908797,0.0040404284
31003,2025-09-30,0,None,3,D2,3,D2,False,0.048924554,0.107243724,0.24549317,0.46682215,0.12676884,0.0047475793
31003,2025-10-07,0,None,3,D2,3,D2,False,0.06393068,0.14001918,0.26067513,0.4295591,0.10032073,0.0054951264
31003,2025-10-14,0,None,3,D2,3,D2,False,0.06579199,0.1542042,0.278516,0.41192514,0.084326625,0.0052360813
31003,2025-10-21,0,None,3,D2,3,D2,False,0.07283279,0.17794585,0.29240203,0.3853744,0.06649346,0.0049514603
31003,2025-10-28,0,None,3,D2,3,D2,False,0.06157126,0.17110616,0.29915437,0.39295635,0.07069351,0.004518367
31003,2025-11-04,1,D0,3,D2,3,D2,False,0.052141774,0.17026123,0.29906586,0.39951968,0.07485011,0.004161249
31003,2025-11-11,1,D0,3,D2,3,D2,False,0.04933668,0.16741002,0.29960066,0.4001077,0.079294465,0.0042504715
31003,2025-11-18,1,D0,3,D2,3,D2,False,0.053991742,0.18004248,0.3018612,0.38679025,0.07326467,0.0040497133
31003,2025-11-25,1,D0,3,D2,3,D2,False,0.051573973,0.1944137,0.3010073,0.38024765,0.069157615,0.0035997515
31003,2025-12-02,1,D0,3,D2,3,D2,False,0.056457955,0.21155675,0.299366,0.3638099,0.065107115,0.0037022785
31003,2025-12-09,1,D0,3,D2,3,D2,False,0.057199985,0.21774235,0.29837495,0.35715172,0.06567311,0.0038579318
31003,2025-12-16,1,D0,3,D2,3,D2,False,0.05349433,0.2117089,0.30086777,0.35749105,0.072014645,0.0044233548
31003,2025-12-23,2,D1,3,D2,3,D2,False,0.04647098,0.20029128,0.29912233,0.3712412,0.078628734,0.0042454693
31003,2025-12-30,2,D1,3,D2,3,D2,False,0.041754603,0.20190388,0.30217063,0.3730294,0.07723943,0.003901955
31005,2022-01-04,1,D0,3,D2,3,D2,False,0.036302052,0.21801366,0.32123235,0.34160045,0.073741406,0.009110046
31005,2022-01-11,1,D0,3,D2,2,D1,False,0.036437016,0.22503819,0.32646465,0.33281904,0.0711271,0.008114002
31005,2022-01-18,1,D0,2,D1,2,D1,False,0.034841992,0.23154451,0.33286214,0.32638395,0.067330025,0.00703733
31005,2022-01-25,1,D0,2,D1,2,D1,False,0.029958107,0.23900431,0.3396636,0.3234395,0.06188536,0.006049103
31005,2022-02-01,1,D0,2,D1,2,D1,False,0.027275745,0.2379475,0.34140363,0.32620466,0.06138645,0.005781995
31005,2022-02-08,1,D0,2,D1,2,D1,False,0.026315786,0.24408579,0.34148398,0.32554927,0.056940094,0.0056250524
31005,2022-02-15,2,D1,3,D2,2,D1,True,0.02555614,0.24328953,0.33369464,0.33874488,0.05312803,0.005586703
31005,2022-02-22,2,D1,2,D1,2,D1,True,0.026325943,0.25421932,0.33746386,0.3275759,0.048700374,0.0057145185
31005,2022-03-01,2,D1,2,D1,2,D1,True,0.027112287,0.25785482,0.33736643,0.3254458,0.047050368,0.0051703523
31005,2022-03-08,2,D1,2,D1,2,D1,True,0.027222857,0.24144988,0.34204113,0.33130965,0.052946467,0.0050300406
31005,2022-03-15,2,D1,3,D2,2,D1,True,0.026615188,0.22420068,0.33846706,0.35000038,0.055741746,0.00497493
31005,2022-03-22,2,D1,3,D2,3,D2,False,0.024783406,0.20429432,0.34079942,0.3677534,0.057392217,0.0049771667
31005,2022-03-29,2,D1,3,D2,3,D2,False,0.024277546,0.19894081,0.34517553,0.3703651,0.056626964,0.004614051
31005,2022-04-05,2,D1,3,D2,3,D2,False,0.020537034,0.1752677,0.3578028,0.38260972,0.059451733,0.0043310523
31005,2022-04-12,2,D1,3,D2,3,D2,False,0.018994182,0.16120327,0.36282605,0.39077732,0.06142909,0.004770111
31005,2022-04-19,2,D1,3,D2,3,D2,False,0.016984299,0.14210768,0.36458322,0.40467778,0.0670172,0.0046297573
31005,2022-04-26,2,D1,3,D2,3,D2,False,0.014471021,0.119292125,0.3595816,0.42730084,0.07549547,0.0038589532
31005,2022-05-03,2,D1,3,D2,3,D2,False,0.013048705,0.104509555,0.3574923,0.4409843,0.08079058,0.003174501
31005,2022-05-10,2,D1,3,D2,3,D2,False,0.013371539,0.08791202,0.3198948,0.46257612,0.11168964,0.0045558675
31005,2022-05-17,2,D1,3,D2,3,D2,False,0.0061784694,0.04077101,0.2395475,0.55328935,0.1568659,0.003347747
31005,2022-05-24,2,D1,3,D2,3,D2,False,0.004455267,0.028142793,0.21568449,0.5821944,0.16737512,0.002147926
31005,2022-05-31,2,D1,3,D2,3,D2,False,0.004512008,0.028299848,0.22302775,0.58433,0.15823448,0.0015959237
31005,2022-06-07,2,D1,3,D2,3,D2,False,0.0042675156,0.027712839,0.23490208,0.58033174,0.15164147,0.0011443795
31005,2022-06-14,2,D1,3,D2,3,D2,False,0.0037416292,0.026665857,0.24182074,0.5759911,0.15093282,0.0008478103
31005,2022-06-21,2,D1,3,D2,3,D2,False,0.0033345486,0.023118986,0.21367157,0.5843648,0.17443308,0.0010770609
31005,2022-06-28,2,D1,3,D2,3,D2,False,0.0034449107,0.023259751,0.20705442,0.5845074,0.18049887,0.0012347167
31005,2022-07-05,2,D1,3,D2,3,D2,False,0.0035425716,0.022571018,0.2040061,0.58275187,0.18581514,0.0013133171
31005,2022-07-12,2,D1,3,D2,3,D2,False,0.0030531702,0.019939816,0.17901951,0.58593947,0.21008874,0.0019592925
31005,2022-07-19,1,D0,3,D2,3,D2,False,0.0025242076,0.016950313,0.1523078,0.5798861,0.24503942,0.003292271
31005,2022-07-26,1,D0,3,D2,3,D2,False,0.0023792365,0.015347419,0.1302233,0.56476,0.28149742,0.0057925284
31005,2022-08-02,1,D0,3,D2,3,D2,False,0.0018353817,0.012088586,0.1026497,0.5356986,0.33570126,0.012026459
31005,2022-08-09,2,D1,3,D2,4,D3,False,0.0011932984,0.008785892,0.07282674,0.46627784,0.42164862,0.02926758
31005,2022-08-16,2,D1,4,D3,4,D3,False,0.0006096512,0.0053471485,0.045048427,0.37572756,0.5077015,0.06556579
31005,2022-08-23,2,D1,4,D3,4,D3,False,0.0003356066,0.003191072,0.023907345,0.23770273,0.54180926,0.19305395
31005,2022-08-30,2,D1,4,D3,4,D3,False,0.00015614461,0.0017428211,0.011420804,0.13055919,0.48493835,0.37118274
31005,2022-09-06,2,D1,5,D4,4,D3,False,8.551526e-05,0.0012121325,0.0069124657,0.07802436,0.4366116,0.47715396
31005,2022-09-13,3,D2,5,D4,4,D3,False,5.518391e-05,0.0009097947,0.005103815,0.058956303,0.41893363,0.5160413
31005,2022-09-20,3,D2,5,D4,4,D3,False,3.3770008e-05,0.00070435053,0.0037227368,0.039837703,0.40795195,0.54774946
31005,2022-09-27,3,D2,5,D4,4,D3,False,3.0160098e-05,0.00067071,0.0034049368,0.03352062,0.40600517,0.5563684
31005,2022-10-04,3,D2,5,D4,4,D3,False,2.4243765e-05,0.00058975536,0.002941549,0.027847383,0.40396613,0.5646309
31005,2022-10-11,3,D2,5,D4,4,D3,False,2.3195336e-05,0.00058747025,0.0028283466,0.024884792,0.40189287,0.56978333
31005,2022-10-18,3,D2,5,D4,4,D3,False,2.8034327e-05,0.0006667484,0.0030741526,0.02560765,0.40319532,0.5674281
31005,2022-10-25,3,D2,5,D4,4,D3,False,2.5441392e-05,0.0006162403,0.002877833,0.02444489,0.40157485,0.57046074
31005,2022-11-01,3,D2,5,D4,4,D3,False,2.541392e-05,0.0006236994,0.0028319536,0.023323849,0.39964077,0.57355434
31005,2022-11-08,4,D3,5,D4,4,D3,True,1.9340265e-05,0.0005183778,0.0024266574,0.020806061,0.39573172,0.5804978
31005,2022-11-15,4,D3,5,D4,4,D3,True,1.6005926e-05,0.00046870217,0.0021854166,0.018285012,0.39119846,0.58784646
31005,2022-11-22,4,D3,5,D4,4,D3,True,1.387665e-05,0.00043081882,0.0020203155,0.016884152,0.38856044,0.5920904
31005,2022-11-29,4,D3,5,D4,4,D3,True,1.2836659e-05,0.00041156833,0.0019492165,0.016232988,0.3867432,0.5946502
31005,2022-12-06,4,D3,5,D4,4,D3,True,9.507857e-06,0.0003357893,0.0016628453,0.01464131,0.384079,0.59927154
31005,2022-12-13,4,D3,5,D4,5,D4,False,7.330916e-06,0.00028404087,0.001490257,0.013644129,0.3814985,0.6030757
31005,2022-12-20,4,D3,5,D4,5,D4,False,5.7602706e-06,0.00024404234,0.0013302137,0.012661565,0.37857747,0.60718083
31005,2022-12-27,4,D3,5,D4,5,D4,False,4.597549e-06,0.00020749662,0.001177229,0.011992303,0.37815183,0.60846645
31005,2023-01-03,4,D3,5,D4,5,D4,False,3.697817e-06,0.00017687076,0.0010435272,0.011392247,0.3781302,0.6092535
31005,2023-01-10,4,D3,5,D4,5,D4,False,3.1453533e-06,0.00015669869,0.00095048675,0.011035774,0.37847653,0.6093773
31005,2023-01-17,4,D3,5,D4,5,D4,False,2.7474273e-06,0.00014143855,0.00088995614,0.010758901,0.37721872,0.6109883
31005,2023-01-24,4,D3,5,D4,5,D4,False,2.6625682e-06,0.00013982768,0.000884962,0.010828194,0.37690073,0.61124367
31005,2023-01-31,4,D3,5,D4,5,D4,False,2.8535528e-06,0.00014819561,0.0009206885,0.011345006,0.37748298,0.61010027
31005,2023-02-07,4,D3,5,D4,5,D4,False,3.392241e-06,0.00016778642,0.0010118223,0.012571456,0.37863925,0.60760635
31005,2023-02-14,3,D2,5,D4,5,D4,False,4.0653244e-06,0.0001896415,0.0011342288,0.014216246,0.37982163,0.6046342
31005,2023-02-21,3,D2,5,D4,5,D4,False,4.854988e-06,0.0002149005,0.0012667617,0.01596694,0.38190818,0.6006383
31005,2023-02-28,3,D2,5,D4,4,D3,False,5.831263e-06,0.00024367528,0.0014080568,0.018034287,0.38402218,0.59628594
31005,2023-03-07,3,D2,5,D4,4,D3,False,6.3741913e-06,0.00025932203,0.0014798789,0.019203182,0.38499928,0.59405196
31005,2023-03-14,3,D2,5,D4,4,D3,False,9.142217e-06,0.00032991092,0.0018273209,0.023708515,0.38776547,0.5863596
31005,2023-03-21,3,D2,5,D4,4,D3,False,1.09516595e-05,0.0003732161,0.002035418,0.02640341,0.38887343,0.5823035
31005,2023-03-28,3,D2,5,D4,4,D3,False,1.8816278e-05,0.00052824384,0.0027901928,0.035582356,0.3916634,0.56941706
31005,2023-04-04,3,D2,5,D4,4,D3,False,3.6701094e-05,0.0007911566,0.0039975964,0.052389447,0.38980436,0.55298066
31005,2023-04-11,3,D2,5,D4,4,D3,False,8.699522e-05,0.0013258668,0.0065764072,0.07826542,0.39235035,0.52139497
31005,2023-04-18,3,D2,5,D4,4,D3,False,0.00021523186,0.0022570912,0.011636936,0.13427815,0.39253515,0.45907748
31005,2023-04-25,3,D2,4,D3,4,D3,False,0.00039645462,0.0030476414,0.020209176,0.22509187,0.4367569,0.3144979
31005,2023-05-02,4,D3,4,D3,4,D3,True,0.0005758102,0.003907338,0.035236694,0.35158896,0.46296033,0.14573091
31005,2023-05-09,4,D3,4,D3,4,D3,True,0.0006277138,0.004977872,0.052328836,0.4273254,0.44817156,0.06656862
31005,2023-05-16,3,D2,3,D2,4,D3,False,0.0007253448,0.006040212,0.07053575,0.4939563,0.40287355,0.025868895
31005,2023-05-23,3,D2,3,D2,3,D2,True,0.0008058222,0.00661181,0.086909585,0.53925234,0.35611063,0.010309839
31005,2023-05-30,3,D2,3,D2,3,D2,True,0.0010404111,0.008001223,0.10522891,0.56231356,0.31770322,0.005712741
31005,2023-06-06,2,D1,3,D2,3,D2,False,0.0015680215,0.011610984,0.14463991,0.5691558,0.27000198,0.0030232684
31005,2023-06-13,2,D1,3,D2,3,D2,False,0.0021544842,0.014946495,0.1777768,0.5621994,0.24102081,0.0019020663
31005,2023-06-20,2,D1,3,D2,3,D2,False,0.002554935,0.016875645,0.19399743,0.5557959,0.22933933,0.0014367709
31005,2023-06-27,2,D1,3,D2,3,D2,False,0.0028479171,0.017547116,0.19781074,0.5583007,0.2222524,0.0012411337
31005,2023-07-04,2,D1,3,D2,3,D2,False,0.0034034515,0.018228432,0.19772984,0.5648726,0.2146564,0.0011093011
31005,2023-07-11,2,D1,3,D2,3,D2,False,0.004289675,0.02018785,0.20025606,0.5622734,0.2119083,0.0010846778
31005,2023-07-18,2,D1,3,D2,3,D2,False,0.0049930583,0.021965232,0.20130078,0.55777025,0.21288769,0.0010830156
31005,2023-07-25,2,D1,3,D2,3,D2,False,0.005789044,0.023646683,0.201418,0.55423707,0.21372369,0.0011855105
31005,2023-08-01,2,D1,3,D2,3,D2,False,0.0064378045,0.024608247,0.19783881,0.55779016,0.21216978,0.0011551547
31005,2023-08-08,1,D0,3,D2,3,D2,False,0.007718975,0.026814522,0.19546269,0.5502472,0.2183621,0.0013945159
31005,2023-08-15,1,D0,3,D2,3,D2,False,0.008539172,0.029391794,0.20172103,0.54535717,0.21344495,0.00154583
31005,2023-08-22,1,D0,3,D2,3,D2,False,0.00934253,0.03214558,0.21155645,0.53627956,0.20883976,0.0018361076
31005,2023-08-29,1,D0,3,D2,3,D2,False,0.010119555,0.036581047,0.2237413,0.51501536,0.21198341,0.0025593552
31005,2023-09-05,1,D0,3,D2,3,D2,False,0.01134628,0.041321274,0.22550373,0.5006465,0.21750908,0.0036731057
31005,2023-09-12,1,D0,3,D2,3,D2,False,0.012969799,0.04693743,0.2187458,0.48556522,0.2295715,0.0062102983
31005,2023-09-19,1,D0,3,D2,3,D2,False,0.015472439,0.053679723,0.22067213,0.48064402,0.22158515,0.00794649
31005,2023-09-26,1,D0,3,D2,3,D2,False,0.018033264,0.061688777,0.21840666,0.46660542,0.2237661,0.011499776
31005,2023-10-03,1,D0,3,D2,3,D2,False,0.02248775,0.075997904,0.2166824,0.44693285,0.22069229,0.017206704
31005,2023-10-10,1,D0,3,D2,3,D2,False,0.026137216,0.08651215,0.22426541,0.44040272,0.20560792,0.017074458
31005,2023-10-17,1,D0,3,D2,3,D2,False,0.03170323,0.10225044,0.22910312,0.41960746,0.19522557,0.022110175
31005,2023-10-24,1,D0,3,D2,3,D2,False,0.03408792,0.12541477,0.24694459,0.40343663,0.16635844,0.023757659
31005,2023-10-31,0,None,3,D2,3,D2,False,0.03561378,0.13754725,0.25527847,0.3929579,0.15253153,0.026071105
31005,2023-11-07,0,None,3,D2,3,D2,False,0.035167262,0.14559764,0.25488603,0.3884417,0.14733662,0.028570682
31005,2023-11-14,0,None,3,D2,3,D2,False,0.036769886,0.16175455,0.26806623,0.37393916,0.13161418,0.027855977
31005,2023-11-21,0,None,3,D2,3,D2,False,0.037853956,0.18018341,0.2872891,0.3516088,0.11691757,0.026147118
31005,2023-11-28,0,None,3,D2,3,D2,False,0.040012836,0.19670509,0.30758744,0.32302922,0.107935935,0.024729509
31005,2023-12-05,0,None,2,D1,2,D1,False,0.043724727,0.20905645,0.31780225,0.3023978,0.10200573,0.025013011
31005,2023-12-12,0,None,2,D1,2,D1,False,0.041416824,0.20982029,0.31650847,0.3081905,0.10155026,0.02251365
31005,2023-12-19,0,None,2,D1,2,D1,False,0.04373435,0.22246265,0.31674972,0.30540046,0.092272215,0.019380525
31005,2023-12-26,0,None,3,D2,2,D1,False,0.044426225,0.2192223,0.3098354,0.31430772,0.0927097,0.019498574
31005,2024-01-02,0,None,3,D2,2,D1,False,0.048837576,0.21758515,0.30515307,0.31222755,0.09498766,0.021209037
31005,2024-01-09,0,None,3,D2,3,D2,False,0.050106186,0.21308687,0.2986239,0.3188445,0.09743693,0.021901648
31005,2024-01-16,0,None,3,D2,2,D1,False,0.057495084,0.20979343,0.29874218,0.30045992,0.10056231,0.03294703
31005,2024-01-23,0,None,2,D1,2,D1,False,0.07246088,0.20435935,0.27779925,0.26848897,0.11206931,0.06482223
31005,2024-01-30,0,None,2,D1,2,D1,False,0.08800616,0.20874143,0.25854665,0.24639133,0.110198274,0.08811612
31005,2024-02-06,0,None,2,D1,2,D1,False,0.10233103,0.22169751,0.26424855,0.23364699,0.095590234,0.082485706
31005,2024-02-13,0,None,2,D1,2,D1,False,0.10101161,0.22166033,0.26268986,0.23987833,0.09454817,0.080211625
31005,2024-02-20,0,None,3,D2,2,D1,False,0.092223965,0.20845988,0.25238585,0.25806653,0.10377061,0.08509316
31005,2024-02-27,0,None,3,D2,3,D2,False,0.07891392,0.20500726,0.25338176,0.27783975,0.10684747,0.0780098
31005,2024-03-05,0,None,3,D2,3,D2,False,0.055742256,0.17267214,0.22474492,0.3152128,0.13996421,0.09166367
31005,2024-03-12,0,None,3,D2,3,D2,False,0.06073355,0.18495429,0.24136731,0.31464303,0.12759472,0.070707165
31005,2024-03-19,0,None,3,D2,3,D2,False,0.048668876,0.17429827,0.22933581,0.33602446,0.14075747,0.07091512
31005,2024-03-26,0,None,3,D2,3,D2,False,0.048308656,0.18470249,0.24382,0.3394821,0.13113587,0.052550912
31005,2024-04-02,0,None,3,D2,3,D2,False,0.053421136,0.20611335,0.2731721,0.32688,0.10947077,0.030942632
31005,2024-04-09,0,None,3,D2,3,D2,False,0.05691978,0.21456419,0.29469994,0.32601514,0.09201786,0.015783088
31005,2024-04-16,0,None,3,D2,3,D2,False,0.050970465,0.21159837,0.31113234,0.33849102,0.078825004,0.008982776
31005,2024-04-23,0,None,3,D2,3,D2,False,0.046535354,0.1989911,0.31999984,0.35041785,0.07757015,0.0064856904
31005,2024-04-30,0,None,3,D2,3,D2,False,0.03963501,0.17755204,0.32392594,0.3681331,0.08528761,0.0054662265
31005,2024-05-07,0,None,3,D2,3,D2,False,0.03001104,0.14691585,0.32630926,0.39232415,0.09941824,0.0050214585
31005,2024-05-14,0,None,3,D2,3,D2,False,0.025522292,0.13321394,0.3390897,0.40010026,0.098436534,0.0036371807
31005,2024-05-21,0,None,3,D2,3,D2,False,0.017991362,0.10189956,0.33816394,0.42610085,0.113321446,0.0025228504
31005,2024-05-28,0,None,3,D2,3,D2,False,0.011426838,0.06905667,0.3154868,0.4689773,0.13364425,0.0014081977
31005,2024-06-04,0,None,3,D2,3,D2,False,0.0092414,0.057875928,0.30462041,0.49451885,0.13277826,0.0009652186
31005,2024-06-11,0,None,3,D2,3,D2,False,0.008741962,0.05508985,0.30053687,0.5035277,0.13126683,0.00083679083
31005,2024-06-18,0,None,3,D2,3,D2,False,0.007523699,0.04441448,0.2777212,0.52596295,0.14364095,0.0007367223
31005,2024-06-25,0,None,3,D2,3,D2,False,0.0068711247,0.03862586,0.26091743,0.53987867,0.15299043,0.0007165407
31005,2024-07-02,0,None,3,D2,3,D2,False,0.0068396027,0.034336172,0.24627568,0.5506079,0.16119897,0.0007416482
31005,2024-07-09,0,None,3,D2,3,D2,False,0.0068675866,0.03481721,0.24543385,0.55720186,0.1549857,0.0006937697
31005,2024-07-16,0,None,3,D2,3,D2,False,0.007690534,0.035736904,0.24753095,0.55739015,0.15094478,0.0007066525
31005,2024-07-23,0,None,3,D2,3,D2,False,0.008753419,0.039043304,0.24643677,0.54800177,0.15690233,0.000862397
31005,2024-07-30,0,None,3,D2,3,D2,False,0.008373937,0.038396597,0.23865868,0.55231315,0.16136388,0.00089382014
31005,2024-08-06,0,None,3,D2,3,D2,False,0.009258695,0.04001866,0.23535003,0.55380553,0.16046642,0.001100633
31005,2024-08-13,0,None,3,D2,3,D2,False,0.012275007,0.04594826,0.2366861,0.5426157,0.16090786,0.0015671008
31005,2024-08-20,1,D0,3,D2,3,D2,False,0.016647825,0.054819945,0.23604563,0.5257958,0.16427656,0.0024142668
31005,2024-08-27,1,D0,3,D2,3,D2,False,0.022667345,0.06539389,0.2367325,0.5055215,0.16609816,0.0035866534
31005,2024-09-03,1,D0,3,D2,3,D2,False,0.026698256,0.07606066,0.23981997,0.48752195,0.16511182,0.0047872956
31005,2024-09-10,1,D0,3,D2,3,D2,False,0.031041931,0.086994484,0.24171159,0.46579942,0.167387,0.0070655467
31005,2024-09-17,1,D0,3,D2,3,D2,False,0.030982368,0.08884234,0.23274273,0.4519033,0.18440503,0.011124218
31005,2024-09-24,1,D0,3,D2,3,D2,False,0.030591207,0.08702688,0.20965359,0.42213374,0.22454292,0.026051637
31005,2024-10-01,1,D0,3,D2,4,D3,False,0.013172041,0.05775421,0.14475608,0.35141814,0.33295912,0.09994037
31005,2024-10-08,2,D1,4,D3,4,D3,False,0.0026640776,0.018348068,0.059468433,0.23364873,0.46531197,0.2205587
31005,2024-10-15,2,D1,4,D3,4,D3,False,0.0010317595,0.009406553,0.030887002,0.1379161,0.46802017,0.3527384
31005,2024-10-22,2,D1,5,D4,4,D3,False,0.0003070417,0.0035594504,0.013341041,0.0743857,0.4393809,0.46902597
31005,2024-10-29,3,D2,5,D4,4,D3,False,0.00031266463,0.0035963962,0.012517158,0.07326338,0.41021323,0.5000972
31005,2024-11-05,3,D2,5,D4,4,D3,False,0.00046764695,0.0046924786,0.0145485345,0.07451383,0.3959588,0.5098187
31005,2024-11-12,3,D2,5,D4,4,D3,False,0.00063042797,0.005697352,0.01699499,0.078658484,0.39174706,0.50627166
31005,2024-11-19,3,D2,5,D4,4,D3,False,0.00043631715,0.004495393,0.014308428,0.06665297,0.39053547,0.52357143
31005,2024-11-26,3,D2,5,D4,4,D3,False,0.0003489056,0.0038922427,0.012696857,0.057534095,0.38532537,0.54020256
31005,2024-12-03,3,D2,5,D4,4,D3,False,0.00029758707,0.0035622725,0.011806921,0.051471874,0.38207328,0.55078804
31005,2024-12-10,3,D2,5,D4,4,D3,False,0.000268878,0.0033912954,0.011327719,0.046784613,0.37920856,0.5590189
31005,2024-12-17,3,D2,5,D4,4,D3,False,0.00022428873,0.0030338396,0.010238993,0.044421967,0.37831575,0.5637651
31005,2024-12-24,3,D2,5,D4,4,D3,False,0.00022825187,0.0031716365,0.010304863,0.045919504,0.3783895,0.5619863
31005,2024-12-31,3,D2,5,D4,4,D3,False,0.00019462174,0.0028854841,0.009498878,0.04267274,0.3717217,0.5730265
31005,2025-01-07,3,D2,5,D4,4,D3,False,0.00017268969,0.0027036718,0.0088683935,0.044065636,0.37314552,0.5710441
31005,2025-01-14,3,D2,5,D4,4,D3,False,0.00016243651,0.0027016038,0.008774104,0.046319682,0.37636214,0.56568
31005,2025-01-21,3,D2,5,D4,4,D3,False,0.000218914,0.0033858034,0.010565002,0.053493746,0.3817218,0.55061466
31005,2025-01-28,3,D2,5,D4,4,D3,False,0.0003894416,0.005258041,0.015939372,0.07264548,0.38943523,0.5163324
31005,2025-02-04,3,D2,5,D4,4,D3,False,0.00052863226,0.006670103,0.019943038,0.08517952,0.3913598,0.49631888
31005,2025-02-11,3,D2,5,D4,4,D3,False,0.00070888054,0.008771614,0.024901114,0.0987266,0.3923816,0.47451022
31005,2025-02-18,3,D2,5,D4,4,D3,False,0.000895821,0.010979167,0.029129554,0.10437035,0.3876799,0.4669452
31005,2025-02-25,3,D2,5,D4,4,D3,False,0.0011193282,0.01263193,0.031993594,0.11377754,0.38139933,0.45907822
31005,2025-03-04,3,D2,5,D4,4,D3,False,0.0014905236,0.015287481,0.037511565,0.13044661,0.37240216,0.44286168
31005,2025-03-11,2,D1,5,D4,4,D3,False,0.0022468432,0.018839505,0.045052532,0.15740314,0.358836,0.41762194
31005,2025-03-18,2,D1,5,D4,4,D3,False,0.0034571437,0.024246253,0.058398467,0.1967604,0.34252867,0.37460902
31005,2025-03-25,2,D1,4,D3,4,D3,False,0.0055092988,0.033896778,0.07780911,0.2488963,0.31951237,0.31437615
31005,2025-04-01,2,D1,3,D2,4,D3,False,0.008040631,0.042842347,0.09522679,0.29576427,0.2901109,0.26801503
31005,2025-04-08,2,D1,3,D2,4,D3,False,0.0119560845,0.050705682,0.107262045,0.3173547,0.26854265,0.24417882
31005,2025-04-15,2,D1,3,D2,3,D2,False,0.014922305,0.05603935,0.12006205,0.33877787,0.2640954,0.20610309
31005,2025-04-22,2,D1,3,D2,3,D2,False,0.012603797,0.054702442,0.14374512,0.40354764,0.26591665,0.11948434
31005,2025-04-29,2,D1,3,D2,3,D2,False,0.007842644,0.040120225,0.14977324,0.46716222,0.28184664,0.053255048
31005,2025-05-06,2,D1,3,D2,3,D2,False,0.0057649575,0.03276987,0.14691307,0.49693248,0.2895266,0.028092926
31005,2025-05-13,3,D2,3,D2,3,D2,True,0.0046021133,0.02806047,0.16418162,0.52751064,0.26431283,0.011332292
31005,2025-05-20,3,D2,3,D2,3,D2,True,0.0033123118,0.02065205,0.16076748,0.54525393,0.2631983,0.0068159304
31005,2025-05-27,2,D1,3,D2,3,D2,False,0.0025235247,0.016633652,0.15445517,0.5666864,0.25555426,0.0041470197
31005,2025-06-03,2,D1,3,D2,3,D2,False,0.0029739412,0.018230844,0.17518418,0.5713987,0.22948012,0.0027321938
31005,2025-06-10,2,D1,3,D2,3,D2,False,0.0031260543,0.019136675,0.19862825,0.5659118,0.21153915,0.0016580485
31005,2025-06-17,1,D0,3,D2,3,D2,False,0.0027206922,0.017500343,0.2035922,0.5660992,0.20890306,0.0011844184
31005,2025-06-24,1,D0,3,D2,3,D2,False,0.0027774281,0.016645055,0.20014328,0.56766325,0.21172103,0.0010499653
31005,2025-07-01,1,D0,3,D2,3,D2,False,0.0030058932,0.01704627,0.19863065,0.56586725,0.2144073,0.0010427228
31005,2025-07-08,1,D0,3,D2,3,D2,False,0.0034325046,0.018528229,0.20223898,0.568432,0.20641539,0.0009529021
31005,2025-07-15,1,D0,3,D2,3,D2,False,0.003942553,0.019613042,0.20035297,0.5710596,0.20408507,0.0009467569
31005,2025-07-22,1,D0,3,D2,3,D2,False,0.0048410166,0.02183005,0.20314369,0.56711525,0.20208764,0.0009823029
31005,2025-07-29,1,D0,3,D2,3,D2,False,0.0058854143,0.024213856,0.20486426,0.56078225,0.20321627,0.0010379277
31005,2025-08-05,1,D0,3,D2,3,D2,False,0.0067621334,0.02566534,0.20062588,0.5617517,0.20412749,0.0010674488
31005,2025-08-12,1,D0,3,D2,3,D2,False,0.0078098173,0.027907128,0.19686227,0.5666158,0.1996808,0.001124129
31005,2025-08-19,1,D0,3,D2,3,D2,False,0.008952574,0.030818982,0.19779803,0.5670428,0.19423446,0.0011530407
31005,2025-08-26,1,D0,3,D2,3,D2,False,0.011763011,0.035720702,0.20159563,0.55603147,0.19338505,0.0015040393
31005,2025-09-02,1,D0,3,D2,3,D2,False,0.01513132,0.04341273,0.21218422,0.53527373,0.1919427,0.0020553402
31005,2025-09-09,1,D0,3,D2,3,D2,False,0.018817505,0.050874665,0.21552125,0.525221,0.18684457,0.0027210363
31005,2025-09-16,1,D0,3,D2,3,D2,False,0.02427518,0.06154151,0.21940066,0.51769096,0.17369506,0.003396719
31005,2025-09-23,1,D0,3,D2,3,D2,False,0.03467835,0.08334093,0.23242162,0.49643078,0.14908797,0.0040404284
31005,2025-09-30,1,D0,3,D2,3,D2,False,0.048924554,0.107243724,0.24549317,0.46682215,0.12676884,0.0047475793
31005,2025-10-07,1,D0,3,D2,3,D2,False,0.06393068,0.14001918,0.26067513,0.4295591,0.10032073,0.0054951264
31005,2025-10-14,1,D0,3,D2,3,D2,False,0.06579199,0.1542042,0.278516,0.41192514,0.084326625,0.0052360813
31005,2025-10-21,1,D0,3,D2,3,D2,False,0.07283279,0.17794585,0.29240203,0.3853744,0.06649346,0.0049514603
31005,2025-10-28,1,D0,3,D2,3,D2,False,0.06157126,0.17110616,0.29915437,0.39295635,0.07069351,0.004518367
31005,2025-11-04,1,D0,3,D2,3,D2,False,0.052141774,0.17026123,0.29906586,0.39951968,0.07485011,0.004161249
31005,2025-11-11,1,D0,3,D2,3,D2,False,0.04933668,0.16741002,0.29960066,0.4001077,0.079294465,0.0042504715
31005,2025-11-18,2,D1,3,D2,3,D2,False,0.053991742,0.18004248,0.3018612,0.38679025,0.07326467,0.0040497133
31005,2025-11-25,2,D1,3,D2,3,D2,False,0.051573973,0.1944137,0.3010073,0.38024765,0.069157615,0.0035997515
31005,2025-12-02,2,D1,3,D2,3,D2,False,0.056457955,0.21155675,0.299366,0.3638099,0.065107115,0.0037022785
31005,2025-12-09,2,D1,3,D2,3,D2,False,0.0572,0.21774234,0.29837492,0.35715172,0.06567311,0.003857934
31005,2025-12-16,2,D1,3,D2,3,D2,False,0.053494323,0.2117089,0.30086777,0.35749105,0.07201464,0.0044233506
31005,2025-12-23,2,D1,3,D2,3,D2,False,0.04647098,0.20029128,0.29912233,0.3712412,0.078628734,0.0042454693
31005,2025-12-30,2,D1,3,D2,3,D2,False,0.041754603,0.20190388,0.30217063,0.3730294,0.07723943,0.003901955
31007,2022-01-04,4,D3,3,D2,3,D2,False,0.036302052,0.21801366,0.32123235,0.34160045,0.073741406,0.009110046
31007,2022-01-11,4,D3,3,D2,2,D1,False,0.036437016,0.22503819,0.32646465,0.33281904,0.0711271,0.008114002
31007,2022-01-18,3,D2,2,D1,2,D1,False,0.034841992,0.23154451,0.33286214,0.32638395,0.067330025,0.00703733
31007,2022-01-25,3,D2,2,D1,2,D1,False,0.029958107,0.23900431,0.3396636,0.3234395,0.06188536,0.006049103
31007,2022-02-01,3,D2,2,D1,2,D1,False,0.027275745,0.2379475,0.34140363,0.32620466,0.06138645,0.005781995
31007,2022-02-08,3,D2,2,D1,2,D1,False,0.026315786,0.24408579,0.34148398,0.32554927,0.056940094,0.0056250524
31007,2022-02-15,3,D2,3,D2,2,D1,False,0.02555614,0.24328953,0.33369464,0.33874488,0.05312803,0.005586703
31007,2022-02-22,3,D2,2,D1,2,D1,False,0.026325943,0.25421932,0.33746386,0.3275759,0.048700374,0.0057145185
31007,2022-03-01,3,D2,2,D1,2,D1,False,0.027112287,0.25785482,0.33736643,0.3254458,0.047050368,0.0051703523
31007,2022-03-08,3,D2,2,D1,2,D1,False,0.027222857,0.24144988,0.34204113,0.33130965,0.052946467,0.0050300406
31007,2022-03-15,3,D2,3,D2,2,D1,False,0.026615188,0.22420068,0.33846706,0.35000038,0.055741746,0.00497493
31007,2022-03-22,3,D2,3,D2,3,D2,True,0.0247834,0.20429432,0.34079948,0.3677534,0.057392217,0.0049771667
31007,2022-03-29,3,D2,3,D2,3,D2,True,0.02427755,0.1989408,0.34517545,0.37036517,0.056626968,0.004614049
31007,2022-04-05,3,D2,3,D2,3,D2,True,0.020537034,0.1752677,0.3578028,0.38260972,0.059451733,0.0043310523
31007,2022-04-12,3,D2,3,D2,3,D2,True,0.018994182,0.16120327,0.36282605,0.39077732,0.06142909,0.004770111
31007,2022-04-19,3,D2,3,D2,3,D2,True,0.016984299,0.14210768,0.36458322,0.40467778,0.0670172,0.0046297573
31007,2022-04-26,3,D2,3,D2,3,D2,True,0.014471021,0.119292125,0.3595816,0.42730084,0.07549547,0.0038589532
31007,2022-05-03,3,D2,3,D2,3,D2,True,0.013048705,0.104509555,0.3574923,0.4409843,0.08079058,0.003174501
31007,2022-05-10,2,D1,3,D2,3,D2,False,0.013371539,0.08791202,0.3198948,0.46257612,0.11168964,0.0045558675
31007,2022-05-17,2,D1,3,D2,3,D2,False,0.0061784694,0.04077101,0.2395475,0.55328935,0.1568659,0.003347747
31007,2022-05-24,2,D1,3,D2,3,D2,False,0.004455267,0.028142793,0.21568449,0.5821944,0.16737512,0.002147926
31007,2022-05-31,2,D1,3,D2,3,D2,False,0.004512008,0.028299848,0.22302775,0.58433,0.15823448,0.0015959237
31007,2022-06-07,2,D1,3,D2,3,D2,False,0.0042675156,0.027712839,0.23490208,0.58033174,0.15164147,0.0011443795
31007,2022-06-14,2,D1,3,D2,3,D2,False,0.0037416292,0.026665857,0.24182074,0.5759911,0.15093282,0.0008478103
31007,2022-06-21,2,D1,3,D2,3,D2,False,0.0033345486,0.023118986,0.21367157,0.5843648,0.17443308,0.0010770609
31007,2022-06-28,3,D2,3,D2,3,D2,True,0.0034449107,0.023259751,0.20705442,0.5845074,0.18049887,0.0012347167
31007,2022-07-05,3,D2,3,D2,3,D2,True,0.0035425716,0.022571018,0.2040061,0.58275187,0.18581514,0.0013133171
31007,2022-07-12,3,D2,3,D2,3,D2,True,0.0030531702,0.019939816,0.17901951,0.58593947,0.21008874,0.0019592925
31007,2022-07-19,3,D2,3,D2,3,D2,True,0.0025242076,0.01695031,0.15230778,0.5798861,0.24503942,0.003292271
31007,2022-07-26,3,D2,3,D2,3,D2,True,0.0023792356,0.015347419,0.13022327,0.56476,0.28149748,0.005792531
31007,2022-08-02,3,D2,3,D2,3,D2,True,0.0018353817,0.012088586,0.1026497,0.5356986,0.33570126,0.012026459
31007,2022-08-09,3,D2,3,D2,4,D3,False,0.0011932984,0.008785892,0.07282674,0.46627784,0.42164862,0.02926758
31007,2022-08-16,3,D2,4,D3,4,D3,False,0.0006096512,0.0053471485,0.045048427,0.37572756,0.5077015,0.06556579
31007,2022-08-23,3,D2,4,D3,4,D3,False,0.0003356066,0.003191072,0.023907345,0.23770273,0.54180926,0.19305395
31007,2022-08-30,3,D2,4,D3,4,D3,False,0.00015614461,0.0017428211,0.011420804,0.13055919,0.48493835,0.37118274
31007,2022-09-06,3,D2,5,D4,4,D3,False,8.551526e-05,0.0012121325,0.0069124657,0.07802436,0.4366116,0.47715396
31007,2022-09-13,3,D2,5,D4,4,D3,False,5.518391e-05,0.0009097947,0.005103815,0.058956303,0.41893363,0.5160413
31007,2022-09-20,3,D2,5,D4,4,D3,False,3.3770008e-05,0.00070435053,0.0037227368,0.039837703,0.40795195,0.54774946
31007,2022-09-27,3,D2,5,D4,4,D3,False,3.0160098e-05,0.00067071,0.0034049368,0.03352062,0.40600517,0.5563684
31007,2022-10-04,3,D2,5,D4,4,D3,False,2.4243765e-05,0.00058975536,0.002941549,0.027847383,0.40396613,0.5646309
31007,2022-10-11,3,D2,5,D4,4,D3,False,2.3195336e-05,0.00058747025,0.0028283466,0.024884792,0.40189287,0.56978333
31007,2022-10-18,3,D2,5,D4,4,D3,False,2.8034327e-05,0.0006667484,0.0030741526,0.02560765,0.40319532,0.5674281
31007,2022-10-25,4,D3,5,D4,4,D3,True,2.5441392e-05,0.0006162403,0.002877833,0.02444489,0.40157485,0.57046074
31007,2022-11-01,4,D3,5,D4,4,D3,True,2.5413874e-05,0.0006236989,0.0028319529,0.023323843,0.39964065,0.57355446
31007,2022-11-08,4,D3,5,D4,4,D3,True,1.9340261e-05,0.0005183779,0.0024266595,0.020806065,0.3957318,0.5804977
31007,2022-11-15,4,D3,5,D4,4,D3,True,1.6005926e-05,0.00046870217,0.0021854166,0.018285012,0.39119846,0.58784646
31007,2022-11-22,4,D3,5,D4,4,D3,True,1.387665e-05,0.00043081882,0.0020203155,0.016884152,0.38856044,0.5920904
31007,2022-11-29,4,D3,5,D4,4,D3,True,1.2836659e-05,0.00041156833,0.0019492165,0.016232988,0.3867432,0.5946502
31007,2022-12-06,4,D3,5,D4,4,D3,True,9.507857e-06,0.0003357893,0.0016628453,0.01464131,0.384079,0.59927154
31007,2022-12-13,4,D3,5,D4,5,D4,False,7.330916e-06,0.00028404087,0.001490257,0.013644129,0.3814985,0.6030757
31007,2022-12-20,4,D3,5,D4,5,D4,False,5.7602706e-06,0.00024404234,0.0013302137,0.012661565,0.37857747,0.60718083
31007,2022-12-27,4,D3,5,D4,5,D4,False,4.597549e-06,0.00020749662,0.001177229,0.011992303,0.37815183,0.60846645
31007,2023-01-03,4,D3,5,D4,5,D4,False,3.697817e-06,0.00017687076,0.0010435272,0.011392247,0.3781302,0.6092535
31007,2023-01-10,4,D3,5,D4,5,D4,False,3.1453533e-06,0.00015669869,0.00095048675,0.011035774,0.37847653,0.6093773
31007,2023-01-17,4,D3,5,D4,5,D4,False,2.7474273e-06,0.00014143855,0.00088995614,0.010758901,0.37721872,0.6109883
31007,2023-01-24,4,D3,5,D4,5,D4,False,2.6625682e-06,0.00013982768,0.000884962,0.010828194,0.37690073,0.61124367
31007,2023-01-31,4,D3,5,D4,5,D4,False,2.8535528e-06,0.00014819561,0.0009206885,0.011345006,0.37748298,0.61010027
31007,2023-02-07,4,D3,5,D4,5,D4,False,3.392241e-06,0.00016778642,0.0010118223,0.012571456,0.37863925,0.60760635
31007,2023-02-14,4,D3,5,D4,5,D4,False,4.0653244e-06,0.0001896415,0.0011342288,0.014216246,0.37982163,0.6046342
31007,2023-02-21,4,D3,5,D4,5,D4,False,4.854988e-06,0.0002149005,0.0012667617,0.01596694,0.38190818,0.6006383
31007,2023-02-28,4,D3,5,D4,4,D3,True,5.8312726e-06,0.00024367544,0.0014080572,0.018034296,0.3840224,0.59628576
31007,2023-03-07,4,D3,5,D4,4,D3,True,6.3741923e-06,0.00025932209,0.0014798793,0.019203192,0.3849992,0.5940521
31007,2023-03-14,4,D3,5,D4,4,D3,True,9.142217e-06,0.00032991092,0.0018273209,0.023708515,0.38776547,0.5863596
31007,2023-03-21,4,D3,5,D4,4,D3,True,1.09516595e-05,0.0003732161,0.002035418,0.02640341,0.38887343,0.5823035
31007,2023-03-28,4,D3,5,D4,4,D3,True,1.8816278e-05,0.00052824384,0.0027901928,0.035582356,0.3916634,0.56941706
31007,2023-04-04,4,D3,5,D4,4,D3,True,3.6701094e-05,0.0007911566,0.0039975964,0.052389447,0.38980436,0.55298066
31007,2023-04-11,4,D3,5,D4,4,D3,True,8.699522e-05,0.0013258668,0.0065764072,0.07826542,0.39235035,0.52139497
31007,2023-04-18,4,D3,5,D4,4,D3,True,0.00021523186,0.0022570912,0.011636936,0.13427815,0.39253515,0.45907748
31007,2023-04-25,4,D3,4,D3,4,D3,True,0.00039645462,0.0030476414,0.020209176,0.22509187,0.4367569,0.3144979
31007,2023-05-02,4,D3,4,D3,4,D3,True,0.0005758102,0.003907338,0.035236694,0.35158896,0.46296033,0.14573091
31007,2023-05-09,4,D3,4,D3,4,D3,True,0.0006277138,0.004977872,0.052328836,0.4273254,0.44817156,0.06656862
31007,2023-05-16,3,D2,3,D2,4,D3,False,0.0007253448,0.006040212,0.07053575,0.4939563,0.40287355,0.025868895
31007,2023-05-23,3,D2,3,D2,3,D2,True,0.0008058222,0.00661181,0.086909585,0.53925234,0.35611063,0.010309839
31007,2023-05-30,3,D2,3,D2,3,D2,True,0.0010404111,0.008001223,0.10522891,0.56231356,0.31770322,0.005712741
31007,2023-06-06,2,D1,3,D2,3,D2,False,0.0015680215,0.011610984,0.14463991,0.5691558,0.27000198,0.0030232684
31007,2023-06-13,1,D0,3,D2,3,D2,False,0.0021544842,0.014946495,0.17777675,0.5621994,0.24102081,0.0019020654
31007,2023-06-20,1,D0,3,D2,3,D2,False,0.0025549363,0.016875649,0.19399743,0.5557959,0.22933929,0.0014367709
31007,2023-06-27,1,D0,3,D2,3,D2,False,0.0028479171,0.017547116,0.19781074,0.5583007,0.2222524,0.0012411337
31007,2023-07-04,0,None,3,D2,3,D2,False,0.0034034515,0.018228432,0.19772984,0.5648726,0.2146564,0.0011093011
31007,2023-07-11,0,None,3,D2,3,D2,False,0.004289675,0.02018785,0.20025606,0.5622734,0.2119083,0.0010846778
31007,2023-07-18,0,None,3,D2,3,D2,False,0.0049930583,0.021965232,0.20130078,0.55777025,0.21288769,0.0010830156
31007,2023-07-25,0,None,3,D2,3,D2,False,0.005789044,0.023646683,0.201418,0.55423707,0.21372369,0.0011855105
31007,2023-08-01,0,None,3,D2,3,D2,False,0.0064378045,0.024608247,0.19783881,0.55779016,0.21216978,0.0011551547
31007,2023-08-08,0,None,3,D2,3,D2,False,0.007718975,0.026814522,0.19546269,0.5502472,0.2183621,0.0013945159
31007,2023-08-15,0,None,3,D2,3,D2,False,0.008539172,0.029391794,0.20172103,0.54535717,0.21344495,0.00154583
31007,2023-08-22,0,None,3,D2,3,D2,False,0.00934253,0.03214558,0.21155645,0.53627956,0.20883976,0.0018361076
31007,2023-08-29,0,None,3,D2,3,D2,False,0.010119555,0.036581047,0.2237413,0.51501536,0.21198341,0.0025593552
31007,2023-09-05,0,None,3,D2,3,D2,False,0.01134628,0.041321274,0.22550373,0.5006465,0.21750908,0.0036731057
31007,2023-09-12,0,None,3,D2,3,D2,False,0.012969799,0.04693743,0.2187458,0.48556522,0.2295715,0.0062102983
31007,2023-09-19,0,None,3,D2,3,D2,False,0.015472439,0.053679723,0.22067213,0.48064402,0.22158515,0.00794649
31007,2023-09-26,0,None,3,D2,3,D2,False,0.018033264,0.061688777,0.21840666,0.46660542,0.2237661,0.011499776
31007,2023-10-03,0,None,3,D2,3,D2,False,0.02248775,0.075997904,0.2166824,0.44693285,0.22069229,0.017206704
31007,2023-10-10,0,None,3,D2,3,D2,False,0.026137216,0.08651215,0.22426544,0.44040272,0.20560795,0.017074464
31007,2023-10-17,0,None,3,D2,3,D2,False,0.03170323,0.10225043,0.22910312,0.41960746,0.19522554,0.022110175
31007,2023-10-24,0,None,3,D2,3,D2,False,0.03408792,0.12541477,0.24694459,0.40343663,0.16635844,0.023757659
31007,2023-10-31,0,None,3,D2,3,D2,False,0.03561378,0.13754725,0.25527847,0.3929579,0.15253153,0.026071105
31007,2023-11-07,0,None,3,D2,3,D2,False,0.035167262,0.14559764,0.25488603,0.3884417,0.14733662,0.028570682
31007,2023-11-14,0,None,3,D2,3,D2,False,0.036769886,0.16175455,0.26806623,0.37393916,0.13161418,0.027855977
31007,2023-11-21,0,None,3,D2,3,D2,False,0.037853956,0.18018341,0.2872891,0.3516088,0.11691757,0.026147118
31007,2023-11-28,0,None,3,D2,3,D2,False,0.040012836,0.19670509,0.30758744,0.32302922,0.107935935,0.024729509
31007,2023-12-05,0,None,2,D1,2,D1,False,0.043724727,0.20905645,0.31780225,0.3023978,0.10200573,0.025013011
31007,2023-12-12,0,None,2,D1,2,D1,False,0.041416824,0.20982029,0.31650847,0.3081905,0.10155026,0.02251365
31007,2023-12-19,0,None,2,D1,2,D1,False,0.04373435,0.22246265,0.31674972,0.30540046,0.092272215,0.019380525
31007,2023-12-26,0,None,3,D2,2,D1,False,0.044426225,0.2192223,0.3098354,0.31430772,0.0927097,0.019498574
31007,2024-01-02,0,None,3,D2,2,D1,False,0.048837576,0.21758515,0.30515307,0.31222755,0.09498766,0.021209037
31007,2024-01-09,0,None,3,D2,3,D2,False,0.050106186,0.21308687,0.2986239,0.3188445,0.09743693,0.021901648
31007,2024-01-16,0,None,3,D2,2,D1,False,0.057495084,0.20979343,0.29874218,0.30045992,0.10056231,0.03294703
31007,2024-01-23,0,None,2,D1,2,D1,False,0.072460905,0.2043594,0.27779928,0.26848897,0.11206927,0.06482215
31007,2024-01-30,0,None,2,D1,2,D1,False,0.088006176,0.20874144,0.2585467,0.24639139,0.11019827,0.08811606
31007,2024-02-06,0,None,2,D1,2,D1,False,0.10233103,0.22169751,0.26424855,0.23364699,0.095590234,0.082485706
31007,2024-02-13,0,None,2,D1,2,D1,False,0.10101161,0.22166033,0.26268986,0.23987833,0.09454817,0.080211625
31007,2024-02-20,0,None,3,D2,2,D1,False,0.092223965,0.20845988,0.25238585,0.25806653,0.10377061,0.08509316
31007,2024-02-27,0,None,3,D2,3,D2,False,0.07891392,0.20500726,0.25338176,0.27783975,0.10684747,0.0780098
31007,2024-03-05,0,None,3,D2,3,D2,False,0.055742256,0.17267214,0.22474492,0.3152128,0.13996421,0.09166367
31007,2024-03-12,0,None,3,D2,3,D2,False,0.06073355,0.18495429,0.24136731,0.31464303,0.12759472,0.070707165
31007,2024-03-19,0,None,3,D2,3,D2,False,0.048668876,0.17429827,0.22933581,0.33602446,0.14075747,0.07091512
31007,2024-03-26,0,None,3,D2,3,D2,False,0.048308656,0.18470249,0.24382,0.3394821,0.13113587,0.052550912
31007,2024-04-02,0,None,3,D2,3,D2,False,0.053421136,0.20611335,0.2731721,0.32688,0.10947077,0.030942632
31007,2024-04-09,0,None,3,D2,3,D2,False,0.05691978,0.21456419,0.29469994,0.32601514,0.09201786,0.015783088
31007,2024-04-16,0,None,3,D2,3,D2,False,0.050970465,0.21159837,0.31113234,0.33849102,0.078825004,0.008982776
31007,2024-04-23,0,None,3,D2,3,D2,False,0.046535354,0.1989911,0.31999984,0.35041785,0.07757015,0.0064856904
31007,2024-04-30,0,None,3,D2,3,D2,False,0.03963501,0.17755204,0.32392594,0.3681331,0.08528761,0.0054662265
31007,2024-05-07,1,D0,3,D2,3,D2,False,0.03001104,0.14691585,0.32630926,0.39232415,0.09941824,0.0050214585
31007,2024-05-14,1,D0,3,D2,3,D2,False,0.025522292,0.13321394,0.3390897,0.40010026,0.098436534,0.0036371807
31007,2024-05-21,0,None,3,D2,3,D2,False,0.017991355,0.101899534,0.33816394,0.42610088,0.11332142,0.0025228492
31007,2024-05-28,0,None,3,D2,3,D2,False,0.011426838,0.06905665,0.31548685,0.4689773,0.13364427,0.0014081977
31007,2024-06-04,0,None,3,D2,3,D2,False,0.0092414,0.057875928,0.30462041,0.49451885,0.13277826,0.0009652186
31007,2024-06-11,0,None,3,D2,3,D2,False,0.008741962,0.05508985,0.30053687,0.5035277,0.13126683,0.00083679083
31007,2024-06-18,0,None,3,D2,3,D2,False,0.007523699,0.04441448,0.2777212,0.52596295,0.14364095,0.0007367223
31007,2024-06-25,0,None,3,D2,3,D2,False,0.0068711247,0.03862586,0.26091743,0.53987867,0.15299043,0.0007165407
31007,2024-07-02,0,None,3,D2,3,D2,False,0.0068396027,0.034336172,0.24627568,0.5506079,0.16119897,0.0007416482
31007,2024-07-09,0,None,3,D2,3,D2,False,0.0068675866,0.03481721,0.24543385,0.55720186,0.1549857,0.0006937697
31007,2024-07-16,1,D0,3,D2,3,D2,False,0.007690534,0.035736904,0.24753095,0.55739015,0.15094478,0.0007066525
31007,2024-07-23,1,D0,3,D2,3,D2,False,0.008753419,0.039043304,0.24643677,0.54800177,0.15690233,0.000862397
31007,2024-07-30,2,D1,3,D2,3,D2,False,0.008373937,0.038396597,0.23865868,0.55231315,0.16136388,0.00089382014
31007,2024-08-06,2,D1,3,D2,3,D2,False,0.009258695,0.04001866,0.23535003,0.55380553,0.16046642,0.001100633
31007,2024-08-13,2,D1,3,D2,3,D2,False,0.012275007,0.04594826,0.2366861,0.5426157,0.16090786,0.0015671008
31007,2024-08-20,2,D1,3,D2,3,D2,False,0.016647825,0.054819945,0.23604563,0.5257958,0.16427656,0.0024142668
31007,2024-08-27,1,D0,3,D2,3,D2,False,0.022667345,0.06539389,0.2367325,0.5055215,0.16609816,0.0035866534
31007,2024-09-03,1,D0,3,D2,3,D2,False,0.026698254,0.07606065,0.23981994,0.487522,0.16511184,0.0047872937
31007,2024-09-10,1,D0,3,D2,3,D2,False,0.031041937,0.086994484,0.24171159,0.46579942,0.16738702,0.0070655467
31007,2024-09-17,1,D0,3,D2,3,D2,False,0.030982368,0.08884234,0.23274273,0.4519033,0.18440503,0.011124218
31007,2024-09-24,1,D0,3,D2,3,D2,False,0.030591207,0.08702688,0.20965359,0.42213374,0.22454292,0.026051637
31007,2024-10-01,1,D0,3,D2,4,D3,False,0.013172041,0.05775421,0.14475608,0.35141814,0.33295912,0.09994037
31007,2024-10-08,1,D0,4,D3,4,D3,False,0.0026640776,0.018348068,0.059468433,0.23364873,0.46531197,0.2205587
31007,2024-10-15,2,D1,4,D3,4,D3,False,0.0010317595,0.009406553,0.030887002,0.1379161,0.46802017,0.3527384
31007,2024-10-22,2,D1,5,D4,4,D3,False,0.0003070417,0.0035594504,0.013341041,0.0743857,0.4393809,0.46902597
31007,2024-10-29,2,D1,5,D4,4,D3,False,0.00031266463,0.0035963962,0.012517158,0.07326338,0.41021323,0.5000972
31007,2024-11-05,2,D1,5,D4,4,D3,False,0.00046764695,0.0046924786,0.0145485345,0.07451383,0.3959588,0.5098187
31007,2024-11-12,2,D1,5,D4,4,D3,False,0.00063042797,0.005697352,0.01699499,0.078658484,0.39174706,0.50627166
31007,2024-11-19,2,D1,5,D4,4,D3,False,0.00043631715,0.004495393,0.014308428,0.06665297,0.39053547,0.52357143
31007,2024-11-26,2,D1,5,D4,4,D3,False,0.0003489056,0.0038922427,0.012696857,0.057534095,0.38532537,0.54020256
31007,2024-12-03,2,D1,5,D4,4,D3,False,0.00029758707,0.0035622725,0.011806921,0.051471874,0.38207328,0.55078804
31007,2024-12-10,2,D1,5,D4,4,D3,False,0.000268878,0.0033912954,0.011327719,0.046784613,0.37920856,0.5590189
31007,2024-12-17,2,D1,5,D4,4,D3,False,0.00022428873,0.0030338396,0.010238993,0.044421967,0.37831575,0.5637651
31007,2024-12-24,3,D2,5,D4,4,D3,False,0.00022825187,0.0031716365,0.010304863,0.045919504,0.3783895,0.5619863
31007,2024-12-31,3,D2,5,D4,4,D3,False,0.00019462152,0.0028854837,0.009498877,0.04267273,0.37172168,0.57302666
31007,2025-01-07,3,D2,5,D4,4,D3,False,0.00017268935,0.0027036704,0.00886839,0.044065624,0.37314552,0.5710441
31007,2025-01-14,3,D2,5,D4,4,D3,False,0.00016243651,0.0027016038,0.008774104,0.046319682,0.37636214,0.56568
31007,2025-01-21,3,D2,5,D4,4,D3,False,0.000218914,0.0033858034,0.010565002,0.053493746,0.3817218,0.55061466
31007,2025-01-28,3,D2,5,D4,4,D3,False,0.0003894416,0.005258041,0.015939372,0.07264548,0.38943523,0.5163324
31007,2025-02-04,3,D2,5,D4,4,D3,False,0.00052863226,0.006670103,0.019943038,0.08517952,0.3913598,0.49631888
31007,2025-02-11,3,D2,5,D4,4,D3,False,0.00070888054,0.008771614,0.024901114,0.0987266,0.3923816,0.47451022
31007,2025-02-18,3,D2,5,D4,4,D3,False,0.000895821,0.010979167,0.029129554,0.10437035,0.3876799,0.4669452
31007,2025-02-25,3,D2,5,D4,4,D3,False,0.0011193282,0.01263193,0.031993594,0.11377754,0.38139933,0.45907822
31007,2025-03-04,3,D2,5,D4,4,D3,False,0.0014905236,0.015287481,0.037511565,0.13044661,0.37240216,0.44286168
31007,2025-03-11,3,D2,5,D4,4,D3,False,0.0022468432,0.018839505,0.045052532,0.15740314,0.358836,0.41762194
31007,2025-03-18,3,D2,5,D4,4,D3,False,0.0034571437,0.024246253,0.058398467,0.1967604,0.34252867,0.37460902
31007,2025-03-25,3,D2,4,D3,4,D3,False,0.0055092988,0.033896778,0.07780911,0.2488963,0.31951237,0.31437615
31007,2025-04-01,3,D2,3,D2,4,D3,False,0.008040631,0.042842347,0.09522679,0.29576427,0.2901109,0.26801503
31007,2025-04-08,3,D2,3,D2,4,D3,False,0.0119560845,0.050705682,0.107262045,0.3173547,0.26854265,0.24417882
31007,2025-04-15,3,D2,3,D2,3,D2,True,0.014922313,0.056039356,0.120062076,0.3387779,0.26409534,0.20610303
31007,2025-04-22,3,D2,3,D2,3,D2,True,0.012603797,0.05470245,0.14374512,0.40354764,0.26591665,0.119484335
31007,2025-04-29,3,D2,3,D2,3,D2,True,0.007842644,0.040120225,0.14977324,0.46716222,0.28184664,0.053255048
31007,2025-05-06,3,D2,3,D2,3,D2,True,0.0057649575,0.03276987,0.14691307,0.49693248,0.2895266,0.028092926
31007,2025-05-13,3,D2,3,D2,3,D2,True,0.0046021133,0.02806047,0.16418162,0.52751064,0.26431283,0.011332292
31007,2025-05-20,3,D2,3,D2,3,D2,True,0.0033123118,0.02065205,0.16076748,0.54525393,0.2631983,0.0068159304
31007,2025-05-27,3,D2,3,D2,3,D2,True,0.0025235247,0.016633652,0.15445517,0.5666864,0.25555426,0.0041470197
31007,2025-06-03,3,D2,3,D2,3,D2,True,0.0029739412,0.018230844,0.17518418,0.5713987,0.22948012,0.0027321938
31007,2025-06-10,3,D2,3,D2,3,D2,True,0.0031260543,0.019136675,0.19862825,0.5659118,0.21153915,0.0016580485
31007,2025-06-17,3,D2,3,D2,3,D2,True,0.0027206922,0.017500343,0.2035922,0.5660992,0.20890306,0.0011844184
31007,2025-06-24,3,D2,3,D2,3,D2,True,0.0027774281,0.016645055,0.20014328,0.56766325,0.21172103,0.0010499653
31007,2025-07-01,3,D2,3,D2,3,D2,True,0.0030058932,0.01704627,0.19863065,0.56586725,0.2144073,0.0010427228
31007,2025-07-08,3,D2,3,D2,3,D2,True,0.0034325046,0.018528229,0.20223898,0.568432,0.20641539,0.0009529021
31007,2025-07-15,3,D2,3,D2,3,D2,True,0.003942553,0.019613042,0.20035297,0.5710596,0.20408507,0.0009467569
31007,2025-07-22,3,D2,3,D2,3,D2,True,0.0048410166,0.02183005,0.20314369,0.56711525,0.20208764,0.0009823029
31007,2025-07-29,3,D2,3,D2,3,D2,True,0.0058854143,0.024213856,0.20486426,0.56078225,0.20321627,0.0010379277
31007,2025-08-05,2,D1,3,D2,3,D2,False,0.0067621334,0.02566534,0.20062588,0.5617517,0.20412749,0.0010674488
31007,2025-08-12,2,D1,3,D2,3,D2,False,0.0078098206,0.027907124,0.1968623,0.56661576,0.19968082,0.0011241285
31007,2025-08-19,2,D1,3,D2,3,D2,False,0.008952574,0.030818991,0.19779806,0.5670428,0.19423446,0.0011530407
31007,2025-08-26,2,D1,3,D2,3,D2,False,0.011763011,0.035720702,0.20159563,0.55603147,0.19338505,0.0015040393
31007,2025-09-02,1,D0,3,D2,3,D2,False,0.01513132,0.04341273,0.21218422,0.53527373,0.1919427,0.0020553402
31007,2025-09-09,1,D0,3,D2,3,D2,False,0.018817505,0.050874665,0.21552125,0.525221,0.18684457,0.0027210363
31007,2025-09-16,1,D0,3,D2,3,D2,False,0.02427518,0.06154151,0.21940066,0.51769096,0.17369506,0.003396719
31007,2025-09-23,1,D0,3,D2,3,D2,False,0.03467835,0.08334093,0.23242162,0.49643078,0.14908797,0.0040404284
31007,2025-09-30,1,D0,3,D2,3,D2,False,0.048924554,0.107243724,0.24549317,0.46682215,0.12676884,0.0047475793
31007,2025-10-07,1,D0,3,D2,3,D2,False,0.06393068,0.14001918,0.26067513,0.4295591,0.10032073,0.0054951264
31007,2025-10-14,1,D0,3,D2,3,D2,False,0.06579199,0.1542042,0.278516,0.41192514,0.084326625,0.0052360813
31007,2025-10-21,1,D0,3,D2,3,D2,False,0.07283279,0.17794585,0.29240203,0.3853744,0.06649346,0.0049514603
31007,2025-10-28,1,D0,3,D2,3,D2,False,0.06157126,0.17110616,0.29915437,0.39295635,0.07069351,0.004518367
31007,2025-11-04,1,D0,3,D2,3,D2,False,0.052141774,0.17026123,0.29906586,0.39951968,0.07485011,0.004161249
31007,2025-11-11,2,D1,3,D2,3,D2,False,0.04933668,0.16741002,0.29960066,0.4001077,0.079294465,0.0042504715
31007,2025-11-18,2,D1,3,D2,3,D2,False,0.053991742,0.18004248,0.3018612,0.38679025,0.07326467,0.0040497133
31007,2025-11-25,2,D1,3,D2,3,D2,False,0.051573973,0.1944137,0.3010073,0.38024765,0.069157615,0.0035997496
31007,2025-12-02,2,D1,3,D2,3,D2,False,0.056457948,0.21155673,0.29936603,0.36380994,0.06510713,0.0037022806
31007,2025-12-09,2,D1,3,D2,3,D2,False,0.0572,0.21774234,0.29837492,0.35715172,0.06567311,0.003857934
31007,2025-12-16,2,D1,3,D2,3,D2,False,0.053494323,0.2117089,0.30086777,0.35749105,0.07201464,0.0044233506
31007,2025-12-23,2,D1,3,D2,3,D2,False,0.04647098,0.20029128,0.29912233,0.3712412,0.078628734,0.0042454693
31007,2025-12-30,2,D1,3,D2,3,D2,False,0.041754603,0.20190388,0.30217063,0.3730294,0.07723943,0.003901955
31009,2022-01-04,0,None,3,D2,3,D2,False,0.036302052,0.21801366,0.32123235,0.34160045,0.073741406,0.009110046
31009,2022-01-11,0,None,3,D2,2,D1,False,0.036437016,0.22503819,0.32646465,0.33281904,0.0711271,0.008114002
31009,2022-01-18,0,None,2,D1,2,D1,False,0.034841992,0.23154451,0.33286214,0.32638395,0.067330025,0.00703733
31009,2022-01-25,1,D0,2,D1,2,D1,False,0.029958107,0.23900431,0.3396636,0.3234395,0.06188536,0.006049103
31009,2022-02-01,1,D0,2,D1,2,D1,False,0.027275745,0.2379475,0.34140363,0.32620466,0.06138645,0.005781995
31009,2022-02-08,1,D0,2,D1,2,D1,False,0.026315786,0.24408579,0.34148398,0.32554927,0.056940094,0.0056250524
31009,2022-02-15,2,D1,3,D2,2,D1,True,0.02555614,0.24328953,0.33369464,0.33874488,0.05312803,0.005586703
31009,2022-02-22,2,D1,2,D1,2,D1,True,0.026325943,0.25421932,0.33746386,0.3275759,0.048700374,0.0057145185
31009,2022-03-01,2,D1,2,D1,2,D1,True,0.027112287,0.25785482,0.33736643,0.3254458,0.047050368,0.0051703523
31009,2022-03-08,2,D1,2,D1,2,D1,True,0.027222857,0.24144988,0.34204113,0.33130965,0.052946467,0.0050300406
31009,2022-03-15,2,D1,3,D2,2,D1,True,0.026615188,0.22420068,0.33846706,0.35000038,0.055741746,0.00497493
31009,2022-03-22,2,D1,3,D2,3,D2,False,0.024783406,0.20429432,0.34079942,0.3677534,0.057392217,0.0049771667
31009,2022-03-29,3,D2,3,D2,3,D2,True,0.024277546,0.19894081,0.34517553,0.3703651,0.056626964,0.004614051
31009,2022-04-05,3,D2,3,D2,3,D2,True,0.020537034,0.1752677,0.3578028,0.38260972,0.059451733,0.0043310523
31009,2022-04-12,3,D2,3,D2,3,D2,True,0.018994182,0.16120327,0.36282605,0.39077732,0.06142909,0.004770111
31009,2022-04-19,3,D2,3,D2,3,D2,True,0.016984299,0.14210768,0.36458322,0.40467778,0.0670172,0.0046297573
31009,2022-04-26,3,D2,3,D2,3,D2,True,0.014471021,0.119292125,0.3595816,0.42730084,0.07549547,0.0038589532
31009,2022-05-03,3,D2,3,D2,3,D2,True,0.013048705,0.104509555,0.3574923,0.4409843,0.08079058,0.003174501
31009,2022-05-10,3,D2,3,D2,3,D2,True,0.013371539,0.08791202,0.3198948,0.46257612,0.11168964,0.0045558675
31009,2022-05-17,3,D2,3,D2,3,D2,True,0.0061784694,0.04077101,0.2395475,0.55328935,0.1568659,0.003347747
31009,2022-05-24,3,D2,3,D2,3,D2,True,0.004455267,0.028142793,0.21568449,0.5821944,0.16737512,0.002147926
31009,2022-05-31,3,D2,3,D2,3,D2,True,0.004512008,0.028299848,0.22302775,0.58433,0.15823448,0.0015959237
31009,2022-06-07,3,D2,3,D2,3,D2,True,0.0042675156,0.027712839,0.23490208,0.58033174,0.15164147,0.0011443795
31009,2022-06-14,3,D2,3,D2,3,D2,True,0.0037416292,0.026665857,0.24182074,0.5759911,0.15093282,0.0008478103
31009,2022-06-21,3,D2,3,D2,3,D2,True,0.0033345486,0.023118986,0.21367157,0.5843648,0.17443308,0.0010770609
31009,2022-06-28,3,D2,3,D2,3,D2,True,0.0034449107,0.023259751,0.20705442,0.5845074,0.18049887,0.0012347167
31009,2022-07-05,3,D2,3,D2,3,D2,True,0.0035425732,0.022571022,0.20400605,0.58275187,0.18581514,0.0013133178
31009,2022-07-12,3,D2,3,D2,3,D2,True,0.0030531697,0.019939814,0.17901954,0.5859394,0.21008877,0.001959294
31009,2022-07-19,3,D2,3,D2,3,D2,True,0.0025242076,0.01695031,0.15230778,0.5798861,0.24503942,0.003292271
31009,2022-07-26,3,D2,3,D2,3,D2,True,0.0023792356,0.015347419,0.13022327,0.56476,0.28149748,0.005792531
31009,2022-08-02,3,D2,3,D2,3,D2,True,0.0018353817,0.012088586,0.1026497,0.5356986,0.33570126,0.012026459
31009,2022-08-09,3,D2,3,D2,4,D3,False,0.0011932984,0.008785892,0.07282674,0.46627784,0.42164862,0.02926758
31009,2022-08-16,3,D2,4,D3,4,D3,False,0.0006096512,0.0053471485,0.045048427,0.37572756,0.5077015,0.06556579
31009,2022-08-23,3,D2,4,D3,4,D3,False,0.0003356066,0.003191072,0.023907345,0.23770273,0.54180926,0.19305395
31009,2022-08-30,3,D2,4,D3,4,D3,False,0.00015614461,0.0017428211,0.011420804,0.13055919,0.48493835,0.37118274
31009,2022-09-06,3,D2,5,D4,4,D3,False,8.551526e-05,0.0012121325,0.0069124657,0.07802436,0.4366116,0.47715396
31009,2022-09-13,3,D2,5,D4,4,D3,False,5.518391e-05,0.0009097947,0.005103815,0.058956303,0.41893363,0.5160413
31009,2022-09-20,3,D2,5,D4,4,D3,False,3.3770008e-05,0.00070435053,0.0037227368,0.039837703,0.40795195,0.54774946
31009,2022-09-27,3,D2,5,D4,4,D3,False,3.0160098e-05,0.00067071,0.0034049368,0.03352062,0.40600517,0.5563684
31009,2022-10-04,3,D2,5,D4,4,D3,False,2.4243765e-05,0.00058975536,0.002941549,0.027847383,0.40396613,0.5646309
31009,2022-10-11,3,D2,5,D4,4,D3,False,2.3195336e-05,0.00058747025,0.0028283466,0.024884792,0.40189287,0.56978333
31009,2022-10-18,4,D3,5,D4,4,D3,True,2.8034327e-05,0.0006667484,0.0030741526,0.02560765,0.40319532,0.5674281
31009,2022-10-25,4,D3,5,D4,4,D3,True,2.5441392e-05,0.0006162403,0.002877833,0.02444489,0.40157485,0.57046074
31009,2022-11-01,4,D3,5,D4,4,D3,True,2.541392e-05,0.0006236994,0.0028319536,0.023323849,0.39964077,0.57355434
31009,2022-11-08,4,D3,5,D4,4,D3,True,1.9340265e-05,0.0005183778,0.0024266574,0.020806061,0.39573172,0.5804978
31009,2022-11-15,4,D3,5,D4,4,D3,True,1.6005926e-05,0.00046870217,0.0021854166,0.018285012,0.39119846,0.58784646
31009,2022-11-22,4,D3,5,D4,4,D3,True,1.387665e-05,0.00043081882,0.0020203155,0.016884152,0.38856044,0.5920904
31009,2022-11-29,4,D3,5,D4,4,D3,True,1.2836659e-05,0.00041156833,0.0019492165,0.016232988,0.3867432,0.5946502
31009,2022-12-06,4,D3,5,D4,4,D3,True,9.507857e-06,0.0003357893,0.0016628453,0.01464131,0.384079,0.59927154
31009,2022-12-13,4,D3,5,D4,5,D4,False,7.330916e-06,0.00028404087,0.001490257,0.013644129,0.3814985,0.6030757
31009,2022-12-20,4,D3,5,D4,5,D4,False,5.7602706e-06,0.00024404234,0.0013302137,0.012661565,0.37857747,0.60718083
31009,2022-12-27,4,D3,5,D4,5,D4,False,4.597549e-06,0.00020749662,0.001177229,0.011992303,0.37815183,0.60846645
31009,2023-01-03,3,D2,5,D4,5,D4,False,3.697817e-06,0.00017687076,0.0010435272,0.011392247,0.3781302,0.6092535
31009,2023-01-10,3,D2,5,D4,5,D4,False,3.1453533e-06,0.00015669869,0.00095048675,0.011035774,0.37847653,0.6093773
31009,2023-01-17,3,D2,5,D4,5,D4,False,2.7474273e-06,0.00014143855,0.00088995614,0.010758901,0.37721872,0.6109883
31009,2023-01-24,3,D2,5,D4,5,D4,False,2.6625682e-06,0.00013982768,0.000884962,0.010828194,0.37690073,0.61124367
31009,2023-01-31,3,D2,5,D4,5,D4,False,2.8535528e-06,0.00014819561,0.0009206885,0.011345006,0.37748298,0.61010027
31009,2023-02-07,3,D2,5,D4,5,D4,False,3.392241e-06,0.00016778642,0.0010118223,0.012571456,0.37863925,0.60760635
31009,2023-02-14,3,D2,5,D4,5,D4,False,4.0653244e-06,0.0001896415,0.0011342294,0.014216249,0.37982163,0.6046342
31009,2023-02-21,3,D2,5,D4,5,D4,False,4.854988e-06,0.0002149005,0.0012667617,0.015966937,0.38190818,0.6006383
31009,2023-02-28,3,D2,5,D4,4,D3,False,5.8312726e-06,0.00024367544,0.0014080572,0.018034296,0.3840224,0.59628576
31009,2023-03-07,3,D2,5,D4,4,D3,False,6.3741923e-06,0.00025932209,0.0014798793,0.019203192,0.3849992,0.5940521
31009,2023-03-14,3,D2,5,D4,4,D3,False,9.142217e-06,0.00032991092,0.0018273209,0.023708515,0.38776547,0.5863596
31009,2023-03-21,3,D2,5,D4,4,D3,False,1.09516595e-05,0.0003732161,0.002035418,0.02640341,0.38887343,0.5823035
31009,2023-03-28,3,D2,5,D4,4,D3,False,1.8816278e-05,0.00052824384,0.0027901928,0.035582356,0.3916634,0.56941706
31009,2023-04-04,3,D2,5,D4,4,D3,False,3.6701094e-05,0.0007911566,0.0039975964,0.052389447,0.38980436,0.55298066
31009,2023-04-11,3,D2,5,D4,4,D3,False,8.699522e-05,0.0013258668,0.0065764072,0.07826542,0.39235035,0.52139497
31009,2023-04-18,3,D2,5,D4,4,D3,False,0.00021523186,0.0022570912,0.011636936,0.13427815,0.39253515,0.45907748
31009,2023-04-25,4,D3,4,D3,4,D3,True,0.00039645462,0.0030476414,0.020209176,0.22509187,0.4367569,0.3144979
31009,2023-05-02,4,D3,4,D3,4,D3,True,0.0005758102,0.003907338,0.035236694,0.35158896,0.46296033,0.14573091
31009,2023-05-09,4,D3,4,D3,4,D3,True,0.0006277138,0.004977872,0.052328836,0.4273254,0.44817156,0.06656862
31009,2023-05-16,3,D2,3,D2,4,D3,False,0.0007253448,0.006040212,0.07053575,0.4939563,0.40287355,0.025868895
31009,2023-05-23,3,D2,3,D2,3,D2,True,0.0008058222,0.00661181,0.086909585,0.53925234,0.35611063,0.010309839
31009,2023-05-30,3,D2,3,D2,3,D2,True,0.0010404111,0.008001223,0.10522891,0.56231356,0.31770322,0.005712741
31009,2023-06-06,3,D2,3,D2,3,D2,True,0.0015680215,0.011610984,0.14463991,0.5691558,0.27000198,0.0030232684
31009,2023-06-13,3,D2,3,D2,3,D2,True,0.0021544842,0.014946495,0.1777768,0.5621994,0.24102081,0.0019020663
31009,2023-06-20,3,D2,3,D2,3,D2,True,0.002554935,0.016875645,0.19399743,0.5557959,0.22933933,0.0014367709
31009,2023-06-27,3,D2,3,D2,3,D2,True,0.0028479171,0.017547116,0.19781074,0.5583007,0.2222524,0.0012411337
31009,2023-07-04,3,D2,3,D2,3,D2,True,0.0034034515,0.018228432,0.19772984,0.5648726,0.2146564,0.0011093011
31009,2023-07-11,3,D2,3,D2,3,D2,True,0.004289675,0.02018785,0.20025606,0.5622734,0.2119083,0.0010846778
31009,2023-07-18,3,D2,3,D2,3,D2,True,0.0049930583,0.021965232,0.20130078,0.55777025,0.21288769,0.0010830156
31009,2023-07-25,3,D2,3,D2,3,D2,True,0.005789044,0.023646683,0.201418,0.55423707,0.21372369,0.0011855105
31009,2023-08-01,3,D2,3,D2,3,D2,True,0.0064378045,0.024608247,0.19783881,0.55779016,0.21216978,0.0011551547
31009,2023-08-08,3,D2,3,D2,3,D2,True,0.007718975,0.026814522,0.19546269,0.5502472,0.2183621,0.0013945159
31009,2023-08-15,3,D2,3,D2,3,D2,True,0.008539172,0.029391794,0.20172103,0.54535717,0.21344495,0.00154583
31009,2023-08-22,3,D2,3,D2,3,D2,True,0.00934253,0.03214558,0.21155645,0.53627956,0.20883976,0.0018361076
31009,2023-08-29,3,D2,3,D2,3,D2,True,0.010119555,0.036581047,0.2237413,0.51501536,0.21198341,0.0025593552
31009,2023-09-05,3,D2,3,D2,3,D2,True,0.01134628,0.041321274,0.22550373,0.5006465,0.21750908,0.0036731057
31009,2023-09-12,3,D2,3,D2,3,D2,True,0.012969799,0.04693743,0.2187458,0.48556522,0.2295715,0.0062102983
31009,2023-09-19,3,D2,3,D2,3,D2,True,0.015472439,0.053679723,0.22067213,0.48064402,0.22158515,0.00794649
31009,2023-09-26,2,D1,3,D2,3,D2,False,0.018033264,0.061688777,0.21840663,0.46660542,0.22376607,0.01149977
31009,2023-10-03,2,D1,3,D2,3,D2,False,0.022487756,0.07599791,0.21668239,0.44693294,0.22069234,0.017206708
31009,2023-10-10,2,D1,3,D2,3,D2,False,0.026137216,0.08651215,0.22426544,0.44040272,0.20560795,0.017074464
31009,2023-10-17,1,D0,3,D2,3,D2,False,0.03170323,0.10225043,0.22910312,0.41960746,0.19522554,0.022110175
31009,2023-10-24,1,D0,3,D2,3,D2,False,0.03408792,0.12541477,0.24694459,0.40343663,0.16635844,0.023757659
31009,2023-10-31,0,None,3,D2,3,D2,False,0.03561378,0.13754725,0.25527847,0.3929579,0.15253153,0.026071105
31009,2023-11-07,0,None,3,D2,3,D2,False,0.035167262,0.14559764,0.25488603,0.3884417,0.14733662,0.028570682
31009,2023-11-14,0,None,3,D2,3,D2,False,0.036769886,0.16175455,0.26806623,0.37393916,0.13161418,0.027855977
31009,2023-11-21,0,None,3,D2,3,D2,False,0.037853956,0.18018341,0.2872891,0.3516088,0.11691757,0.026147118
31009,2023-11-28,0,None,3,D2,3,D2,False,0.040012836,0.19670509,0.30758744,0.32302922,0.107935935,0.024729509
31009,2023-12-05,0,None,2,D1,2,D1,False,0.043724727,0.20905645,0.31780225,0.3023978,0.10200573,0.025013011
31009,2023-12-12,0,None,2,D1,2,D1,False,0.041416824,0.20982029,0.31650847,0.3081905,0.10155026,0.02251365
31009,2023-12-19,0,None,2,D1,2,D1,False,0.04373435,0.22246265,0.31674972,0.30540046,0.092272215,0.019380525
31009,2023-12-26,0,None,3,D2,2,D1,False,0.044426225,0.2192223,0.3098354,0.31430772,0.0927097,0.019498574
31009,2024-01-02,0,None,3,D2,2,D1,False,0.048837576,0.21758515,0.30515307,0.31222755,0.09498766,0.021209037
31009,2024-01-09,0,None,3,D2,3,D2,False,0.050106186,0.21308687,0.2986239,0.3188445,0.09743693,0.021901648
31009,2024-01-16,0,None,3,D2,2,D1,False,0.057495084,0.20979343,0.29874218,0.30045992,0.10056231,0.03294703
31009,2024-01-23,0,None,2,D1,2,D1,False,0.07246088,0.20435935,0.27779925,0.26848897,0.11206931,0.06482223
31009,2024-01-30,0,None,2,D1,2,D1,False,0.08800616,0.20874143,0.25854665,0.24639133,0.110198274,0.08811612
31009,2024-02-06,0,None,2,D1,2,D1,False,0.10233103,0.22169751,0.26424855,0.23364699,0.095590234,0.082485706
31009,2024-02-13,0,None,2,D1,2,D1,False,0.10101161,0.22166033,0.26268986,0.23987833,0.09454817,0.080211625
31009,2024-02-20,0,None,3,D2,2,D1,False,0.092223965,0.20845988,0.25238585,0.25806653,0.10377061,0.08509316
31009,2024-02-27,0,None,3,D2,3,D2,False,0.07891392,0.20500726,0.25338176,0.27783975,0.10684747,0.0780098
31009,2024-03-05,0,None,3,D2,3,D2,False,0.055742256,0.17267214,0.22474492,0.3152128,0.13996421,0.09166367
31009,2024-03-12,0,None,3,D2,3,D2,False,0.06073355,0.18495429,0.24136731,0.31464303,0.12759472,0.070707165
31009,2024-03-19,0,None,3,D2,3,D2,False,0.048668876,0.17429827,0.22933581,0.33602446,0.14075747,0.07091512
31009,2024-03-26,0,None,3,D2,3,D2,False,0.048308656,0.18470249,0.24382,0.3394821,0.13113587,0.052550912
31009,2024-04-02,0,None,3,D2,3,D2,False,0.053421136,0.20611335,0.2731721,0.32688,0.10947077,0.030942632
31009,2024-04-09,0,None,3,D2,3,D2,False,0.05691978,0.21456419,0.29469994,0.32601514,0.09201786,0.015783088
31009,2024-04-16,0,None,3,D2,3,D2,False,0.050970465,0.21159837,0.31113234,0.33849102,0.078825004,0.008982776
31009,2024-04-23,0,None,3,D2,3,D2,False,0.046535354,0.1989911,0.31999984,0.35041785,0.07757015,0.0064856904
31009,2024-04-30,0,None,3,D2,3,D2,False,0.03963501,0.17755204,0.32392594,0.3681331,0.08528761,0.0054662265
31009,2024-05-07,0,None,3,D2,3,D2,False,0.030011037,0.14691584,0.32630923,0.39232418,0.099418275,0.0050214613
31009,2024-05-14,0,None,3,D2,3,D2,False,0.025522307,0.13321397,0.3390897,0.40010032,0.09843655,0.0036371814
31009,2024-05-21,0,None,3,D2,3,D2,False,0.017991355,0.101899534,0.33816394,0.42610088,0.11332142,0.0025228492
31009,2024-05-28,0,None,3,D2,3,D2,False,0.011426838,0.06905665,0.31548685,0.4689773,0.13364427,0.0014081977
31009,2024-06-04,0,None,3,D2,3,D2,False,0.0092414,0.057875928,0.30462041,0.49451885,0.13277826,0.0009652186
31009,2024-06-11,0,None,3,D2,3,D2,False,0.008741962,0.05508985,0.30053687,0.5035277,0.13126683,0.00083679083
31009,2024-06-18,0,None,3,D2,3,D2,False,0.007523699,0.04441448,0.2777212,0.52596295,0.14364095,0.0007367223
31009,2024-06-25,0,None,3,D2,3,D2,False,0.0068711247,0.03862586,0.26091743,0.53987867,0.15299043,0.0007165407
31009,2024-07-02,0,None,3,D2,3,D2,False,0.0068396027,0.034336172,0.24627568,0.5506079,0.16119897,0.0007416482
31009,2024-07-09,0,None,3,D2,3,D2,False,0.0068675866,0.03481721,0.24543385,0.55720186,0.1549857,0.0006937697
31009,2024-07-16,0,None,3,D2,3,D2,False,0.007690534,0.035736904,0.24753095,0.55739015,0.15094478,0.0007066525
31009,2024-07-23,0,None,3,D2,3,D2,False,0.008753419,0.039043304,0.24643677,0.54800177,0.15690233,0.000862397
31009,2024-07-30,0,None,3,D2,3,D2,False,0.008373937,0.038396597,0.23865868,0.55231315,0.16136388,0.00089382014
31009,2024-08-06,0,None,3,D2,3,D2,False,0.009258695,0.04001866,0.23535003,0.55380553,0.16046642,0.001100633
31009,2024-08-13,0,None,3,D2,3,D2,False,0.012275007,0.04594826,0.2366861,0.5426157,0.16090786,0.0015671008
31009,2024-08-20,0,None,3,D2,3,D2,False,0.016647825,0.054819945,0.23604563,0.5257958,0.16427656,0.0024142668
31009,2024-08-27,0,None,3,D2,3,D2,False,0.022667345,0.06539389,0.2367325,0.5055215,0.16609816,0.0035866534
31009,2024-09-03,1,D0,3,D2,3,D2,False,0.026698256,0.07606066,0.23981997,0.48752195,0.16511182,0.0047872956
31009,2024-09-10,1,D0,3,D2,3,D2,False,0.031041931,0.086994484,0.24171159,0.46579942,0.167387,0.0070655467
31009,2024-09-17,1,D0,3,D2,3,D2,False,0.030982368,0.08884234,0.23274273,0.4519033,0.18440503,0.011124218
31009,2024-09-24,2,D1,3,D2,3,D2,False,0.030591207,0.08702688,0.20965359,0.42213374,0.22454292,0.026051637
31009,2024-10-01,2,D1,3,D2,4,D3,False,0.013172041,0.05775421,0.14475608,0.35141814,0.33295912,0.09994037
31009,2024-10-08,2,D1,4,D3,4,D3,False,0.0026640776,0.018348068,0.059468433,0.23364873,0.46531197,0.2205587
31009,2024-10-15,3,D2,4,D3,4,D3,False,0.0010317595,0.009406553,0.030887002,0.1379161,0.46802017,0.3527384
31009,2024-10-22,3,D2,5,D4,4,D3,False,0.0003070417,0.0035594504,0.013341041,0.0743857,0.4393809,0.46902597
31009,2024-10-29,3,D2,5,D4,4,D3,False,0.00031266463,0.0035963962,0.012517158,0.07326338,0.41021323,0.5000972
31009,2024-11-05,3,D2,5,D4,4,D3,False,0.00046764695,0.0046924786,0.0145485345,0.07451383,0.3959588,0.5098187
31009,2024-11-12,3,D2,5,D4,4,D3,False,0.00063042797,0.005697352,0.01699499,0.078658484,0.39174706,0.50627166
31009,2024-11-19,3,D2,5,D4,4,D3,False,0.00043631715,0.004495393,0.014308428,0.06665297,0.39053547,0.52357143
31009,2024-11-26,3,D2,5,D4,4,D3,False,0.0003489056,0.0038922427,0.012696857,0.057534095,0.38532537,0.54020256
31009,2024-12-03,3,D2,5,D4,4,D3,False,0.00029758707,0.0035622725,0.011806921,0.051471874,0.38207328,0.55078804
31009,2024-12-10,3,D2,5,D4,4,D3,False,0.000268878,0.0033912954,0.011327719,0.046784613,0.37920856,0.5590189
31009,2024-12-17,3,D2,5,D4,4,D3,False,0.00022428895,0.0030338413,0.010238999,0.044422,0.37831587,0.5637651
31009,2024-12-24,3,D2,5,D4,4,D3,False,0.000228252,0.003171637,0.0103048645,0.0459195,0.3783896,0.56198615
31009,2024-12-31,3,D2,5,D4,4,D3,False,0.00019462152,0.0028854837,0.009498877,0.04267273,0.37172168,0.57302666
31009,2025-01-07,3,D2,5,D4,4,D3,False,0.00017268935,0.0027036704,0.00886839,0.044065624,0.37314552,0.5710441
31009,2025-01-14,3,D2,5,D4,4,D3,False,0.00016243651,0.0027016038,0.008774104,0.046319682,0.37636214,0.56568
31009,2025-01-21,3,D2,5,D4,4,D3,False,0.000218914,0.0033858034,0.010565002,0.053493746,0.3817218,0.55061466
31009,2025-01-28,3,D2,5,D4,4,D3,False,0.0003894416,0.005258041,0.015939372,0.07264548,0.38943523,0.5163324
31009,2025-02-04,3,D2,5,D4,4,D3,False,0.00052863226,0.006670103,0.019943038,0.08517952,0.3913598,0.49631888
31009,2025-02-11,3,D2,5,D4,4,D3,False,0.00070888054,0.008771614,0.024901114,0.0987266,0.3923816,0.47451022
31009,2025-02-18,3,D2,5,D4,4,D3,False,0.000895821,0.010979167,0.029129554,0.10437035,0.3876799,0.4669452
31009,2025-02-25,3,D2,5,D4,4,D3,False,0.0011193282,0.01263193,0.031993594,0.11377754,0.38139933,0.45907822
31009,2025-03-04,3,D2,5,D4,4,D3,False,0.0014905236,0.015287481,0.037511565,0.13044661,0.37240216,0.44286168
31009,2025-03-11,3,D2,5,D4,4,D3,False,0.0022468432,0.018839505,0.045052532,0.15740314,0.358836,0.41762194
31009,2025-03-18,3,D2,5,D4,4,D3,False,0.0034571437,0.024246253,0.058398467,0.1967604,0.34252867,0.37460902
31009,2025-03-25,3,D2,4,D3,4,D3,False,0.0055092988,0.033896778,0.07780911,0.2488963,0.31951237,0.31437615
31009,2025-04-01,3,D2,3,D2,4,D3,False,0.008040631,0.042842347,0.09522679,0.29576427,0.2901109,0.26801503
31009,2025-04-08,3,D2,3,D2,4,D3,False,0.0119560845,0.050705682,0.107262045,0.3173547,0.26854265,0.24417882
31009,2025-04-15,3,D2,3,D2,3,D2,True,0.014922305,0.05603935,0.12006205,0.33877787,0.2640954,0.20610309
31009,2025-04-22,3,D2,3,D2,3,D2,True,0.012603797,0.054702442,0.14374512,0.40354764,0.26591665,0.11948434
31009,2025-04-29,3,D2,3,D2,3,D2,True,0.007842644,0.040120225,0.14977324,0.46716222,0.28184664,0.053255048
31009,2025-05-06,3,D2,3,D2,3,D2,True,0.0057649575,0.03276987,0.14691307,0.49693248,0.2895266,0.028092926
31009,2025-05-13,3,D2,3,D2,3,D2,True,0.0046021133,0.02806047,0.16418162,0.52751064,0.26431283,0.011332292
31009,2025-05-20,3,D2,3,D2,3,D2,True,0.0033123118,0.02065205,0.16076748,0.54525393,0.2631983,0.0068159304
31009,2025-05-27,3,D2,3,D2,3,D2,True,0.0025235247,0.016633652,0.15445517,0.5666864,0.25555426,0.0041470197
31009,2025-06-03,3,D2,3,D2,3,D2,True,0.0029739412,0.018230844,0.17518418,0.5713987,0.22948012,0.0027321938
31009,2025-06-10,3,D2,3,D2,3,D2,True,0.0031260543,0.019136675,0.19862825,0.5659118,0.21153915,0.0016580485
31009,2025-06-17,3,D2,3,D2,3,D2,True,0.0027206922,0.017500343,0.2035922,0.5660992,0.20890306,0.0011844184
31009,2025-06-24,2,D1,3,D2,3,D2,False,0.0027774281,0.016645055,0.20014328,0.56766325,0.21172103,0.0010499653
31009,2025-07-01,2,D1,3,D2,3,D2,False,0.0030058932,0.01704627,0.19863065,0.56586725,0.2144073,0.0010427228
31009,2025-07-08,2,D1,3,D2,3,D2,False,0.0034325046,0.018528229,0.20223898,0.568432,0.20641539,0.0009529021
31009,2025-07-15,1,D0,3,D2,3,D2,False,0.003942553,0.019613042,0.20035297,0.5710596,0.20408507,0.0009467569
31009,2025-07-22,1,D0,3,D2,3,D2,False,0.0048410166,0.02183005,0.20314369,0.56711525,0.20208764,0.0009823029
31009,2025-07-29,1,D0,3,D2,3,D2,False,0.005885413,0.024213845,0.20486428,0.5607824,0.20321622,0.0010379269
31009,2025-08-05,1,D0,3,D2,3,D2,False,0.006762132,0.025665341,0.20062596,0.5617516,0.20412755,0.0010674491
31009,2025-08-12,1,D0,3,D2,3,D2,False,0.0078098206,0.027907124,0.1968623,0.56661576,0.19968082,0.0011241285
31009,2025-08-19,1,D0,3,D2,3,D2,False,0.008952574,0.030818991,0.19779806,0.5670428,0.19423446,0.0011530407
31009,2025-08-26,1,D0,3,D2,3,D2,False,0.011763011,0.035720702,0.20159563,0.55603147,0.19338505,0.0015040393
31009,2025-09-02,1,D0,3,D2,3,D2,False,0.01513132,0.04341273,0.21218422,0.53527373,0.1919427,0.0020553402
31009,2025-09-09,1,D0,3,D2,3,D2,False,0.018817505,0.050874665,0.21552125,0.525221,0.18684457,0.0027210363
31009,2025-09-16,1,D0,3,D2,3,D2,False,0.02427518,0.06154151,0.21940066,0.51769096,0.17369506,0.003396719
31009,2025-09-23,1,D0,3,D2,3,D2,False,0.03467835,0.08334093,0.23242162,0.49643078,0.14908797,0.0040404284
31009,2025-09-30,1,D0,3,D2,3,D2,False,0.048924554,0.107243724,0.24549317,0.46682215,0.12676884,0.0047475793
31009,2025-10-07,1,D0,3,D2,3,D2,False,0.06393068,0.14001918,0.26067513,0.4295591,0.10032073,0.0054951264
31009,2025-10-14,1,D0,3,D2,3,D2,False,0.06579199,0.1542042,0.278516,0.41192514,0.084326625,0.0052360813
31009,2025-10-21,0,None,3,D2,3,D2,False,0.07283279,0.17794585,0.29240203,0.3853744,0.06649346,0.0049514603
31009,2025-10-28,0,None,3,D2,3,D2,False,0.06157126,0.17110616,0.29915437,0.39295635,0.07069351,0.004518367
31009,2025-11-04,0,None,3,D2,3,D2,False,0.052141774,0.17026123,0.29906586,0.39951968,0.07485011,0.004161249
31009,2025-11-11,0,None,3,D2,3,D2,False,0.04933668,0.16741002,0.29960066,0.4001077,0.079294465,0.0042504715
31009,2025-11-18,0,None,3,D2,3,D2,False,0.053991742,0.18004248,0.3018612,0.38679025,0.07326467,0.0040497133
31009,2025-11-25,0,None,3,D2,3,D2,False,0.051573973,0.1944137,0.3010073,0.38024765,0.069157615,0.0035997515
31009,2025-12-02,0,None,3,D2,3,D2,False,0.056457955,0.21155675,0.299366,0.3638099,0.065107115,0.0037022785
31009,2025-12-09,0,None,3,D2,3,D2,False,0.0572,0.21774234,0.29837492,0.35715172,0.06567311,0.003857934
31009,2025-12-16,0,None,3,D2,3,D2,False,0.053494323,0.2117089,0.30086777,0.35749105,0.07201464,0.0044233506
31009,2025-12-23,1,D0,3,D2,3,D2,False,0.04647098,0.20029128,0.29912233,0.3712412,0.078628734,0.0042454693
31009,2025-12-30,1,D0,3,D2,3,D2,False,0.041754603,0.20190388,0.30217063,0.3730294,0.07723943,0.003901955
31011,2022-01-04,1,D0,3,D2,3,D2,False,0.036302052,0.21801366,0.32123235,0.34160045,0.073741406,0.009110046
31011,2022-01-11,1,D0,3,D2,2,D1,False,0.036437016,0.22503819,0.32646465,0.33281904,0.0711271,0.008114002
31011,2022-01-18,1,D0,2,D1,2,D1,False,0.034841992,0.23154451,0.33286214,0.32638395,0.067330025,0.00703733
31011,2022-01-25,1,D0,2,D1,2,D1,False,0.029958107,0.23900431,0.3396636,0.3234395,0.06188536,0.006049103
31011,2022-02-01,1,D0,2,D1,2,D1,False,0.027275745,0.2379475,0.34140363,0.32620466,0.06138645,0.005781995
31011,2022-02-08,2,D1,2,D1,2,D1,True,0.026315786,0.24408579,0.34148398,0.32554927,0.056940094,0.0056250524
31011,2022-02-15,2,D1,3,D2,2,D1,True,0.02555614,0.24328953,0.33369464,0.33874488,0.05312803,0.005586703
31011,2022-02-22,2,D1,2,D1,2,D1,True,0.026325943,0.25421932,0.33746386,0.3275759,0.048700374,0.0057145185
31011,2022-03-01,3,D2,2,D1,2,D1,False,0.027112287,0.25785482,0.33736643,0.3254458,0.047050368,0.0051703523
31011,2022-03-08,3,D2,2,D1,2,D1,False,0.027222868,0.2414499,0.34204116,0.3313096,0.052946467,0.005030041
31011,2022-03-15,3,D2,3,D2,2,D1,False,0.026615195,0.2242007,0.33846706,0.3500004,0.05574175,0.0049749305
31011,2022-03-22,3,D2,3,D2,3,D2,True,0.024783406,0.20429432,0.34079942,0.3677534,0.057392217,0.0049771667
31011,2022-03-29,3,D2,3,D2,3,D2,True,0.024277546,0.19894081,0.34517553,0.3703651,0.056626964,0.004614051
31011,2022-04-05,3,D2,3,D2,3,D2,True,0.020537034,0.1752677,0.3578028,0.38260972,0.059451733,0.0043310523
31011,2022-04-12,4,D3,3,D2,3,D2,False,0.018994182,0.16120327,0.36282605,0.39077732,0.06142909,0.004770111
31011,2022-04-19,4,D3,3,D2,3,D2,False,0.016984299,0.14210768,0.36458322,0.40467778,0.0670172,0.0046297573
31011,2022-04-26,4,D3,3,D2,3,D2,False,0.014471021,0.119292125,0.3595816,0.42730084,0.07549547,0.0038589532
31011,2022-05-03,4,D3,3,D2,3,D2,False,0.013048705,0.104509555,0.3574923,0.4409843,0.08079058,0.003174501
31011,2022-05-10,3,D2,3,D2,3,D2,True,0.013371539,0.08791202,0.3198948,0.46257612,0.11168964,0.0045558675
31011,2022-05-17,3,D2,3,D2,3,D2,True,0.0061784694,0.04077101,0.2395475,0.55328935,0.1568659,0.003347747
31011,2022-05-24,3,D2,3,D2,3,D2,True,0.004455267,0.028142793,0.21568449,0.5821944,0.16737512,0.002147926
31011,2022-05-31,3,D2,3,D2,3,D2,True,0.004512008,0.028299848,0.22302775,0.58433,0.15823448,0.0015959237
31011,2022-06-07,3,D2,3,D2,3,D2,True,0.0042675156,0.027712839,0.23490208,0.58033174,0.15164147,0.0011443795
31011,2022-06-14,3,D2,3,D2,3,D2,True,0.0037416292,0.026665857,0.24182074,0.5759911,0.15093282,0.0008478103
31011,2022-06-21,3,D2,3,D2,3,D2,True,0.0033345486,0.023118986,0.21367157,0.5843648,0.17443308,0.0010770609
31011,2022-06-28,3,D2,3,D2,3,D2,True,0.0034449107,0.023259751,0.20705442,0.5845074,0.18049887,0.0012347167
31011,2022-07-05,2,D1,3,D2,3,D2,False,0.0035425716,0.022571018,0.2040061,0.58275187,0.18581514,0.0013133171
31011,2022-07-12,2,D1,3,D2,3,D2,False,0.0030531702,0.019939816,0.17901951,0.58593947,0.21008874,0.0019592925
31011,2022-07-19,2,D1,3,D2,3,D2,False,0.0025242076,0.01695031,0.15230778,0.5798861,0.24503942,0.003292271
31011,2022-07-26,2,D1,3,D2,3,D2,False,0.0023792356,0.015347419,0.13022327,0.56476,0.28149748,0.005792531
31011,2022-08-02,2,D1,3,D2,3,D2,False,0.0018353817,0.012088586,0.1026497,0.5356986,0.33570126,0.012026459
31011,2022-08-09,2,D1,3,D2,4,D3,False,0.0011932984,0.008785892,0.07282674,0.46627784,0.42164862,0.02926758
31011,2022-08-16,2,D1,4,D3,4,D3,False,0.0006096512,0.0053471485,0.045048427,0.37572756,0.5077015,0.06556579
31011,2022-08-23,2,D1,4,D3,4,D3,False,0.0003356066,0.003191072,0.023907345,0.23770273,0.54180926,0.19305395
31011,2022-08-30,3,D2,4,D3,4,D3,False,0.00015614461,0.0017428211,0.011420804,0.13055919,0.48493835,0.37118274
31011,2022-09-06,3,D2,5,D4,4,D3,False,8.551526e-05,0.0012121325,0.0069124657,0.07802436,0.4366116,0.47715396
31011,2022-09-13,3,D2,5,D4,4,D3,False,5.518391e-05,0.0009097947,0.005103815,0.058956303,0.41893363,0.5160413
31011,2022-09-20,3,D2,5,D4,4,D3,False,3.3770008e-05,0.00070435053,0.0037227368,0.039837703,0.40795195,0.54774946
31011,2022-09-27,3,D2,5,D4,4,D3,False,3.0160098e-05,0.00067071,0.0034049368,0.03352062,0.40600517,0.5563684
31011,2022-10-04,3,D2,5,D4,4,D3,False,2.4243765e-05,0.00058975536,0.002941549,0.027847383,0.40396613,0.5646309
31011,2022-10-11,4,D3,5,D4,4,D3,True,2.3195336e-05,0.00058747025,0.0028283466,0.024884792,0.40189287,0.56978333
31011,2022-10-18,4,D3,5,D4,4,D3,True,2.8034307e-05,0.00066674815,0.0030741517,0.025607655,0.4031952,0.56742823
31011,2022-10-25,4,D3,5,D4,4,D3,True,2.5441344e-05,0.0006162403,0.0028778317,0.02444488,0.40157485,0.57046074
31011,2022-11-01,4,D3,5,D4,4,D3,True,2.541392e-05,0.0006236994,0.0028319536,0.023323849,0.39964077,0.57355434
31011,2022-11-08,4,D3,5,D4,4,D3,True,1.9340265e-05,0.0005183778,0.0024266574,0.020806061,0.39573172,0.5804978
31011,2022-11-15,4,D3,5,D4,4,D3,True,1.6005926e-05,0.00046870217,0.0021854166,0.018285012,0.39119846,0.58784646
31011,2022-11-22,4,D3,5,D4,4,D3,True,1.387665e-05,0.00043081882,0.0020203155,0.016884152,0.38856044,0.5920904
31011,2022-11-29,4,D3,5,D4,4,D3,True,1.2836659e-05,0.00041156833,0.0019492165,0.016232988,0.3867432,0.5946502
31011,2022-12-06,4,D3,5,D4,4,D3,True,9.507857e-06,0.0003357893,0.0016628453,0.01464131,0.384079,0.59927154
31011,2022-12-13,4,D3,5,D4,5,D4,False,7.330916e-06,0.00028404087,0.001490257,0.013644129,0.3814985,0.6030757
31011,2022-12-20,4,D3,5,D4,5,D4,False,5.7602706e-06,0.00024404234,0.0013302137,0.012661565,0.37857747,0.60718083
31011,2022-12-27,4,D3,5,D4,5,D4,False,4.597549e-06,0.00020749662,0.001177229,0.011992303,0.37815183,0.60846645
31011,2023-01-03,4,D3,5,D4,5,D4,False,3.697817e-06,0.00017687076,0.0010435272,0.011392247,0.3781302,0.6092535
31011,2023-01-10,4,D3,5,D4,5,D4,False,3.1453533e-06,0.00015669869,0.00095048675,0.011035774,0.37847653,0.6093773
31011,2023-01-17,4,D3,5,D4,5,D4,False,2.7474273e-06,0.00014143855,0.00088995614,0.010758901,0.37721872,0.6109883
31011,2023-01-24,4,D3,5,D4,5,D4,False,2.6625682e-06,0.00013982768,0.000884962,0.010828194,0.37690073,0.61124367
31011,2023-01-31,4,D3,5,D4,5,D4,False,2.8535528e-06,0.00014819561,0.0009206885,0.011345006,0.37748298,0.61010027
31011,2023-02-07,4,D3,5,D4,5,D4,False,3.392241e-06,0.00016778642,0.0010118223,0.012571456,0.37863925,0.60760635
31011,2023-02-14,4,D3,5,D4,5,D4,False,4.0653244e-06,0.0001896415,0.0011342288,0.014216246,0.37982163,0.6046342
31011,2023-02-21,4,D3,5,D4,5,D4,False,4.854988e-06,0.0002149005,0.0012667617,0.01596694,0.38190818,0.6006383
31011,2023-02-28,4,D3,5,D4,4,D3,True,5.8312726e-06,0.00024367544,0.0014080572,0.018034296,0.3840224,0.59628576
31011,2023-03-07,4,D3,5,D4,4,D3,True,6.3741923e-06,0.00025932209,0.0014798793,0.019203192,0.3849992,0.5940521
31011,2023-03-14,4,D3,5,D4,4,D3,True,9.142217e-06,0.00032991092,0.0018273209,0.023708515,0.38776547,0.5863596
31011,2023-03-21,4,D3,5,D4,4,D3,True,1.09516595e-05,0.0003732161,0.002035418,0.02640341,0.38887343,0.5823035
31011,2023-03-28,4,D3,5,D4,4,D3,True,1.8816278e-05,0.00052824384,0.0027901928,0.035582356,0.3916634,0.56941706
31011,2023-04-04,4,D3,5,D4,4,D3,True,3.6701094e-05,0.0007911566,0.0039975964,0.052389447,0.38980436,0.55298066
31011,2023-04-11,4,D3,5,D4,4,D3,True,8.699522e-05,0.0013258668,0.0065764072,0.07826542,0.39235035,0.52139497
31011,2023-04-18,4,D3,5,D4,4,D3,True,0.00021523186,0.0022570912,0.011636936,0.13427815,0.39253515,0.45907748
31011,2023-04-25,4,D3,4,D3,4,D3,True,0.00039645462,0.0030476414,0.020209176,0.22509187,0.4367569,0.3144979
31011,2023-05-02,4,D3,4,D3,4,D3,True,0.0005758102,0.003907338,0.035236694,0.35158896,0.46296033,0.14573091
31011,2023-05-09,4,D3,4,D3,4,D3,True,0.0006277138,0.004977872,0.052328836,0.4273254,0.44817156,0.06656862
31011,2023-05-16,4,D3,3,D2,4,D3,True,0.0007253448,0.006040212,0.07053575,0.4939563,0.40287355,0.025868895
31011,2023-05-23,4,D3,3,D2,3,D2,False,0.0008058222,0.00661181,0.086909585,0.53925234,0.35611063,0.010309839
31011,2023-05-30,4,D3,3,D2,3,D2,False,0.0010404115,0.008001223,0.10522888,0.56231356,0.31770322,0.005712741
31011,2023-06-06,4,D3,3,D2,3,D2,False,0.0015680211,0.011610983,0.14463997,0.5691557,0.27000198,0.0030232677
31011,2023-06-13,4,D3,3,D2,3,D2,False,0.0021544842,0.014946495,0.1777768,0.5621994,0.24102081,0.0019020663
31011,2023-06-20,4,D3,3,D2,3,D2,False,0.002554935,0.016875645,0.19399743,0.5557959,0.22933933,0.0014367709
31011,2023-06-27,4,D3,3,D2,3,D2,False,0.0028479171,0.017547116,0.19781074,0.5583007,0.2222524,0.0012411337
31011,2023-07-04,4,D3,3,D2,3,D2,False,0.0034034515,0.018228432,0.19772984,0.5648726,0.2146564,0.0011093011
31011,2023-07-11,3,D2,3,D2,3,D2,True,0.004289675,0.02018785,0.20025606,0.5622734,0.2119083,0.0010846778
31011,2023-07-18,3,D2,3,D2,3,D2,True,0.0049930583,0.021965232,0.20130078,0.55777025,0.21288769,0.0010830156
31011,2023-07-25,3,D2,3,D2,3,D2,True,0.005789044,0.023646683,0.201418,0.55423707,0.21372369,0.0011855105
31011,2023-08-01,2,D1,3,D2,3,D2,False,0.0064378045,0.024608247,0.19783881,0.55779016,0.21216978,0.0011551547
31011,2023-08-08,2,D1,3,D2,3,D2,False,0.007718975,0.026814522,0.19546269,0.5502472,0.2183621,0.0013945159
31011,2023-08-15,2,D1,3,D2,3,D2,False,0.008539172,0.029391794,0.20172103,0.54535717,0.21344495,0.00154583
31011,2023-08-22,2,D1,3,D2,3,D2,False,0.00934253,0.03214558,0.21155645,0.53627956,0.20883976,0.0018361076
31011,2023-08-29,2,D1,3,D2,3,D2,False,0.010119555,0.036581047,0.2237413,0.51501536,0.21198341,0.0025593552
31011,2023-09-05,2,D1,3,D2,3,D2,False,0.01134628,0.041321274,0.22550373,0.5006465,0.21750908,0.0036731057
31011,2023-09-12,2,D1,3,D2,3,D2,False,0.012969799,0.04693743,0.2187458,0.48556522,0.2295715,0.0062102983
31011,2023-09-19,2,D1,3,D2,3,D2,False,0.015472439,0.053679723,0.22067213,0.48064402,0.22158515,0.00794649
31011,2023-09-26,2,D1,3,D2,3,D2,False,0.018033264,0.061688777,0.21840666,0.46660542,0.2237661,0.011499776
31011,2023-10-03,2,D1,3,D2,3,D2,False,0.02248775,0.075997904,0.2166824,0.44693285,0.22069229,0.017206704
31011,2023-10-10,2,D1,3,D2,3,D2,False,0.026137216,0.08651215,0.22426544,0.44040272,0.20560795,0.017074464
31011,2023-10-17,2,D1,3,D2,3,D2,False,0.03170323,0.10225043,0.22910312,0.41960746,0.19522554,0.022110175
31011,2023-10-24,2,D1,3,D2,3,D2,False,0.03408792,0.12541477,0.24694459,0.40343663,0.16635844,0.023757659
31011,2023-10-31,1,D0,3,D2,3,D2,False,0.03561378,0.13754725,0.25527847,0.3929579,0.15253153,0.026071105
31011,2023-11-07,1,D0,3,D2,3,D2,False,0.035167262,0.14559764,0.25488603,0.3884417,0.14733662,0.028570682
31011,2023-11-14,1,D0,3,D2,3,D2,False,0.036769886,0.16175455,0.26806623,0.37393916,0.13161418,0.027855977
31011,2023-11-21,1,D0,3,D2,3,D2,False,0.037853956,0.18018341,0.2872891,0.3516088,0.11691757,0.026147118
31011,2023-11-28,1,D0,3,D2,3,D2,False,0.040012836,0.19670509,0.30758744,0.32302922,0.107935935,0.024729509
31011,2023-12-05,1,D0,2,D1,2,D1,False,0.043724727,0.20905645,0.31780225,0.3023978,0.10200573,0.025013011
31011,2023-12-12,1,D0,2,D1,2,D1,False,0.041416824,0.20982029,0.31650847,0.3081905,0.10155026,0.02251365
31011,2023-12-19,1,D0,2,D1,2,D1,False,0.04373435,0.22246265,0.31674972,0.30540046,0.092272215,0.019380525
31011,2023-12-26,1,D0,3,D2,2,D1,False,0.044426225,0.2192223,0.3098354,0.31430772,0.0927097,0.019498574
31011,2024-01-02,3,D2,3,D2,2,D1,False,0.048837576,0.21758515,0.30515307,0.31222755,0.09498766,0.021209037
31011,2024-01-09,0,None,3,D2,3,D2,False,0.05010619,0.2130869,0.2986239,0.31884453,0.0974369,0.021901628
31011,2024-01-16,0,None,3,D2,2,D1,False,0.057495095,0.20979343,0.29874218,0.30045992,0.10056231,0.032947045
31011,2024-01-23,0,None,2,D1,2,D1,False,0.07246088,0.20435935,0.27779925,0.26848897,0.11206931,0.06482223
31011,2024-01-30,0,None,2,D1,2,D1,False,0.08800616,0.20874143,0.25854665,0.24639133,0.110198274,0.08811612
31011,2024-02-06,0,None,2,D1,2,D1,False,0.10233103,0.22169751,0.26424855,0.23364699,0.095590234,0.082485706
31011,2024-02-13,0,None,2,D1,2,D1,False,0.10101161,0.22166033,0.26268986,0.23987833,0.09454817,0.080211625
31011,2024-02-20,0,None,3,D2,2,D1,False,0.092223965,0.20845988,0.25238585,0.25806653,0.10377061,0.08509316
31011,2024-02-27,0,None,3,D2,3,D2,False,0.07891392,0.20500726,0.25338176,0.27783975,0.10684747,0.0780098
31011,2024-03-05,0,None,3,D2,3,D2,False,0.055742256,0.17267214,0.22474492,0.3152128,0.13996421,0.09166367
31011,2024-03-12,1,D0,3,D2,3,D2,False,0.06073355,0.18495429,0.24136731,0.31464303,0.12759472,0.070707165
31011,2024-03-19,1,D0,3,D2,3,D2,False,0.048668876,0.17429827,0.22933581,0.33602446,0.14075747,0.07091512
31011,2024-03-26,0,None,3,D2,3,D2,False,0.048308656,0.18470249,0.24382,0.3394821,0.13113587,0.052550912
31011,2024-04-02,0,None,3,D2,3,D2,False,0.053421136,0.20611335,0.2731721,0.32688,0.10947077,0.030942632
31011,2024-04-09,0,None,3,D2,3,D2,False,0.05691978,0.21456419,0.29469994,0.32601514,0.09201786,0.015783088
31011,2024-04-16,0,None,3,D2,3,D2,False,0.050970465,0.21159837,0.31113234,0.33849102,0.078825004,0.008982776
31011,2024-04-23,0,None,3,D2,3,D2,False,0.046535354,0.1989911,0.31999984,0.35041785,0.07757015,0.0064856904
31011,2024-04-30,0,None,3,D2,3,D2,False,0.03963501,0.17755204,0.32392594,0.3681331,0.08528761,0.0054662265
31011,2024-05-07,0,None,3,D2,3,D2,False,0.03001104,0.14691585,0.32630926,0.39232415,0.09941824,0.0050214585
31011,2024-05-14,0,None,3,D2,3,D2,False,0.025522292,0.13321394,0.3390897,0.40010026,0.098436534,0.0036371807
31011,2024-05-21,0,None,3,D2,3,D2,False,0.017991355,0.101899534,0.33816394,0.42610088,0.11332142,0.0025228492
31011,2024-05-28,0,None,3,D2,3,D2,False,0.011426838,0.06905665,0.31548685,0.4689773,0.13364427,0.0014081977
31011,2024-06-04,0,None,3,D2,3,D2,False,0.0092414,0.057875928,0.30462041,0.49451885,0.13277826,0.0009652186
31011,2024-06-11,0,None,3,D2,3,D2,False,0.008741962,0.05508985,0.30053687,0.5035277,0.13126683,0.00083679083
31011,2024-06-18,0,None,3,D2,3,D2,False,0.007523699,0.04441448,0.2777212,0.52596295,0.14364095,0.0007367223
31011,2024-06-25,0,None,3,D2,3,D2,False,0.0068711247,0.03862586,0.26091743,0.53987867,0.15299043,0.0007165407
31011,2024-07-02,0,None,3,D2,3,D2,False,0.0068396027,0.034336172,0.24627568,0.5506079,0.16119897,0.0007416482
31011,2024-07-09,0,None,3,D2,3,D2,False,0.0068675866,0.03481721,0.24543385,0.55720186,0.1549857,0.0006937697
31011,2024-07-16,0,None,3,D2,3,D2,False,0.007690534,0.035736904,0.24753095,0.55739015,0.15094478,0.0007066525
31011,2024-07-23,0,None,3,D2,3,D2,False,0.008753419,0.039043304,0.24643677,0.54800177,0.15690233,0.000862397
31011,2024-07-30,0,None,3,D2,3,D2,False,0.008373937,0.038396597,0.23865868,0.55231315,0.16136388,0.00089382014
31011,2024-08-06,0,None,3,D2,3,D2,False,0.009258695,0.04001866,0.23535003,0.55380553,0.16046642,0.001100633
31011,2024-08-13,0,None,3,D2,3,D2,False,0.012275007,0.04594826,0.2366861,0.5426157,0.16090786,0.0015671008
31011,2024-08-20,0,None,3,D2,3,D2,False,0.016647827,0.054819953,0.23604561,0.5257959,0.16427656,0.002414267
31011,2024-08-27,0,None,3,D2,3,D2,False,0.022667341,0.06539388,0.2367325,0.5055214,0.16609819,0.003586653
31011,2024-09-03,0,None,3,D2,3,D2,False,0.026698256,0.07606066,0.23981997,0.48752195,0.16511182,0.0047872956
31011,2024-09-10,0,None,3,D2,3,D2,False,0.031041931,0.086994484,0.24171159,0.46579942,0.167387,0.0070655467
31011,2024-09-17,0,None,3,D2,3,D2,False,0.030982368,0.08884234,0.23274273,0.4519033,0.18440503,0.011124218
31011,2024-09-24,0,None,3,D2,3,D2,False,0.030591207,0.08702688,0.20965359,0.42213374,0.22454292,0.026051637
31011,2024-10-01,1,D0,3,D2,4,D3,False,0.013172041,0.05775421,0.14475608,0.35141814,0.33295912,0.09994037
31011,2024-10-08,2,D1,4,D3,4,D3,False,0.0026640776,0.018348068,0.059468433,0.23364873,0.46531197,0.2205587
31011,2024-10-15,2,D1,4,D3,4,D3,False,0.0010317595,0.009406553,0.030887002,0.1379161,0.46802017,0.3527384
31011,2024-10-22,2,D1,5,D4,4,D3,False,0.0003070417,0.0035594504,0.013341041,0.0743857,0.4393809,0.46902597
31011,2024-10-29,3,D2,5,D4,4,D3,False,0.00031266463,0.0035963962,0.012517158,0.07326338,0.41021323,0.5000972
31011,2024-11-05,3,D2,5,D4,4,D3,False,0.00046764695,0.0046924786,0.0145485345,0.07451383,0.3959588,0.5098187
31011,2024-11-12,3,D2,5,D4,4,D3,False,0.00063042797,0.005697352,0.01699499,0.078658484,0.39174706,0.50627166
31011,2024-11-19,3,D2,5,D4,4,D3,False,0.00043631715,0.004495393,0.014308428,0.06665297,0.39053547,0.52357143
31011,2024-11-26,2,D1,5,D4,4,D3,False,0.0003489056,0.0038922427,0.012696857,0.057534095,0.38532537,0.54020256
31011,2024-12-03,2,D1,5,D4,4,D3,False,0.00029758707,0.0035622725,0.011806921,0.051471874,0.38207328,0.55078804
31011,2024-12-10,2,D1,5,D4,4,D3,False,0.000268878,0.0033912954,0.011327719,0.046784613,0.37920856,0.5590189
31011,2024-12-17,2,D1,5,D4,4,D3,False,0.00022428873,0.0030338396,0.010238993,0.044421967,0.37831575,0.5637651
31011,2024-12-24,2,D1,5,D4,4,D3,False,0.00022825187,0.0031716365,0.010304863,0.045919504,0.3783895,0.5619863
31011,2024-12-31,2,D1,5,D4,4,D3,False,0.00019462152,0.0028854837,0.009498877,0.04267273,0.37172168,0.57302666
31011,2025-01-07,2,D1,5,D4,4,D3,False,0.00017268935,0.0027036704,0.00886839,0.044065624,0.37314552,0.5710441
31011,2025-01-14,2,D1,5,D4,4,D3,False,0.00016243651,0.0027016038,0.008774104,0.046319682,0.37636214,0.56568
31011,2025-01-21,2,D1,5,D4,4,D3,False,0.000218914,0.0033858034,0.010565002,0.053493746,0.3817218,0.55061466
31011,2025-01-28,2,D1,5,D4,4,D3,False,0.0003894416,0.005258041,0.015939372,0.07264548,0.38943523,0.5163324
31011,2025-02-04,2,D1,5,D4,4,D3,False,0.00052863226,0.006670103,0.019943038,0.08517952,0.3913598,0.49631888
31011,2025-02-11,2,D1,5,D4,4,D3,False,0.00070888054,0.008771614,0.024901114,0.0987266,0.3923816,0.47451022
31011,2025-02-18,2,D1,5,D4,4,D3,False,0.000895821,0.010979167,0.029129554,0.10437035,0.3876799,0.4669452
31011,2025-02-25,2,D1,5,D4,4,D3,False,0.0011193282,0.01263193,0.031993594,0.11377754,0.38139933,0.45907822
31011,2025-03-04,2,D1,5,D4,4,D3,False,0.0014905236,0.015287481,0.037511565,0.13044661,0.37240216,0.44286168
31011,2025-03-11,2,D1,5,D4,4,D3,False,0.0022468432,0.018839505,0.045052532,0.15740314,0.358836,0.41762194
31011,2025-03-18,2,D1,5,D4,4,D3,False,0.0034571437,0.024246253,0.058398467,0.1967604,0.34252867,0.37460902
31011,2025-03-25,2,D1,4,D3,4,D3,False,0.0055092988,0.033896778,0.07780911,0.2488963,0.31951237,0.31437615
31011,2025-04-01,2,D1,3,D2,4,D3,False,0.008040625,0.04284232,0.09522674,0.29576418,0.29011095,0.26801515
31011,2025-04-08,2,D1,3,D2,4,D3,False,0.011956092,0.050705694,0.10726206,0.31735474,0.26854262,0.24417879
31011,2025-04-15,2,D1,3,D2,3,D2,False,0.014922305,0.05603935,0.12006205,0.33877787,0.2640954,0.20610309
31011,2025-04-22,3,D2,3,D2,3,D2,True,0.012603797,0.054702442,0.14374512,0.40354764,0.26591665,0.11948434
31011,2025-04-29,3,D2,3,D2,3,D2,True,0.007842644,0.040120225,0.14977324,0.46716222,0.28184664,0.053255048
31011,2025-05-06,3,D2,3,D2,3,D2,True,0.0057649575,0.03276987,0.14691307,0.49693248,0.2895266,0.028092926
31011,2025-05-13,3,D2,3,D2,3,D2,True,0.0046021133,0.02806047,0.16418162,0.52751064,0.26431283,0.011332292
31011,2025-05-20,3,D2,3,D2,3,D2,True,0.0033123118,0.02065205,0.16076748,0.54525393,0.2631983,0.0068159304
31011,2025-05-27,3,D2,3,D2,3,D2,True,0.0025235247,0.016633652,0.15445517,0.5666864,0.25555426,0.0041470197
31011,2025-06-03,3,D2,3,D2,3,D2,True,0.0029739412,0.018230844,0.17518418,0.5713987,0.22948012,0.0027321938
31011,2025-06-10,2,D1,3,D2,3,D2,False,0.0031260543,0.019136675,0.19862825,0.5659118,0.21153915,0.0016580485
31011,2025-06-17,2,D1,3,D2,3,D2,False,0.0027206922,0.017500343,0.2035922,0.5660992,0.20890306,0.0011844184
31011,2025-06-24,2,D1,3,D2,3,D2,False,0.0027774281,0.016645055,0.20014328,0.56766325,0.21172103,0.0010499653
31011,2025-07-01,1,D0,3,D2,3,D2,False,0.0030058932,0.01704627,0.19863065,0.56586725,0.2144073,0.0010427228
31011,2025-07-08,0,None,3,D2,3,D2,False,0.0034325046,0.018528229,0.20223898,0.568432,0.20641539,0.0009529021
31011,2025-07-15,0,None,3,D2,3,D2,False,0.003942553,0.019613042,0.20035297,0.5710596,0.20408507,0.0009467569
31011,2025-07-22,0,None,3,D2,3,D2,False,0.0048410166,0.02183005,0.20314369,0.56711525,0.20208764,0.0009823029
31011,2025-07-29,0,None,3,D2,3,D2,False,0.0058854143,0.024213856,0.20486426,0.56078225,0.20321627,0.0010379277
31011,2025-08-05,0,None,3,D2,3,D2,False,0.0067621334,0.02566534,0.20062588,0.5617517,0.20412749,0.0010674488
31011,2025-08-12,0,None,3,D2,3,D2,False,0.0078098206,0.027907124,0.1968623,0.56661576,0.19968082,0.0011241285
31011,2025-08-19,0,None,3,D2,3,D2,False,0.008952574,0.030818991,0.19779806,0.5670428,0.19423446,0.0011530407
31011,2025-08-26,0,None,3,D2,3,D2,False,0.011763011,0.035720702,0.20159563,0.55603147,0.19338505,0.0015040393
31011,2025-09-02,0,None,3,D2,3,D2,False,0.01513132,0.04341273,0.21218422,0.53527373,0.1919427,0.0020553402
31011,2025-09-09,0,None,3,D2,3,D2,False,0.018817505,0.050874665,0.21552125,0.525221,0.18684457,0.0027210363
31011,2025-09-16,0,None,3,D2,3,D2,False,0.02427518,0.06154151,0.21940066,0.51769096,0.17369506,0.003396719
31011,2025-09-23,0,None,3,D2,3,D2,False,0.03467835,0.08334093,0.23242162,0.49643078,0.14908797,0.0040404284
31011,2025-09-30,0,None,3,D2,3,D2,False,0.048924554,0.107243724,0.24549317,0.46682215,0.12676884,0.0047475793
31011,2025-10-07,0,None,3,D2,3,D2,False,0.06393068,0.14001918,0.26067513,0.4295591,0.10032073,0.0054951264
31011,2025-10-14,0,None,3,D2,3,D2,False,0.06579199,0.1542042,0.278516,0.41192514,0.084326625,0.0052360813
31011,2025-10-21,0,None,3,D2,3,D2,False,0.07283279,0.17794585,0.29240203,0.3853744,0.06649346,0.0049514603
31011,2025-10-28,0,None,3,D2,3,D2,False,0.06157126,0.17110616,0.29915437,0.39295635,0.07069351,0.004518367
31011,2025-11-04,0,None,3,D2,3,D2,False,0.052141774,0.17026123,0.29906586,0.39951968,0.07485011,0.004161249
31011,2025-11-11,0,None,3,D2,3,D2,False,0.049336687,0.16741003,0.29960066,0.40010768,0.07929449,0.004250471
31011,2025-11-18,1,D0,3,D2,3,D2,False,0.05399174,0.18004246,0.30186114,0.38679025,0.073264666,0.0040497133
31011,2025-11-25,1,D0,3,D2,3,D2,False,0.051573973,0.1944137,0.3010073,0.38024765,0.069157615,0.0035997515
31011,2025-12-02,1,D0,3,D2,3,D2,False,0.056457955,0.21155675,0.299366,0.3638099,0.065107115,0.0037022785
31011,2025-12-09,1,D0,3,D2,3,D2,False,0.0572,0.21774234,0.29837492,0.35715172,0.06567311,0.003857934
31011,2025-12-16,1,D0,3,D2,3,D2,False,0.053494323,0.2117089,0.30086777,0.35749105,0.07201464,0.0044233506
31011,2025-12-23,2,D1,3,D2,3,D2,False,0.04647098,0.20029128,0.29912233,0.3712412,0.078628734,0.0042454693
31011,2025-12-30,2,D1,3,D2,3,D2,False,0.041754603,0.20190388,0.30217063,0.3730294,0.07723943,0.003901955
31013,2022-01-04,3,D2,3,D2,3,D2,True,0.036302052,0.21801366,0.32123235,0.34160045,0.073741406,0.009110046
31013,2022-01-11,3,D2,3,D2,2,D1,False,0.036437016,0.22503819,0.32646465,0.33281904,0.0711271,0.008114002
31013,2022-01-18,3,D2,2,D1,2,D1,False,0.034841992,0.23154451,0.33286214,0.32638395,0.067330025,0.00703733
31013,2022-01-25,3,D2,2,D1,2,D1,False,0.029958107,0.23900431,0.3396636,0.3234395,0.06188536,0.006049103
31013,2022-02-01,3,D2,2,D1,2,D1,False,0.027275745,0.2379475,0.34140363,0.32620466,0.06138645,0.005781995
31013,2022-02-08,3,D2,2,D1,2,D1,False,0.026315786,0.24408579,0.34148398,0.32554927,0.056940094,0.0056250524
31013,2022-02-15,3,D2,3,D2,2,D1,False,0.02555614,0.24328953,0.33369464,0.33874488,0.05312803,0.005586703
31013,2022-02-22,3,D2,2,D1,2,D1,False,0.026325943,0.25421932,0.33746386,0.3275759,0.048700374,0.0057145185
31013,2022-03-01,3,D2,2,D1,2,D1,False,0.027112287,0.25785482,0.33736643,0.3254458,0.047050368,0.0051703523
31013,2022-03-08,3,D2,2,D1,2,D1,False,0.027222857,0.24144988,0.34204113,0.33130965,0.052946467,0.0050300406
31013,2022-03-15,3,D2,3,D2,2,D1,False,0.026615188,0.22420068,0.33846706,0.35000038,0.055741746,0.00497493
31013,2022-03-22,3,D2,3,D2,3,D2,True,0.024783406,0.20429432,0.34079942,0.3677534,0.057392217,0.0049771667
31013,2022-03-29,3,D2,3,D2,3,D2,True,0.024277546,0.19894081,0.34517553,0.3703651,0.056626964,0.004614051
31013,2022-04-05,3,D2,3,D2,3,D2,True,0.020537034,0.1752677,0.3578028,0.38260972,0.059451733,0.0043310523
31013,2022-04-12,3,D2,3,D2,3,D2,True,0.018994182,0.16120327,0.36282605,0.39077732,0.06142909,0.004770111
31013,2022-04-19,3,D2,3,D2,3,D2,True,0.016984299,0.14210768,0.36458322,0.40467778,0.0670172,0.0046297573
31013,2022-04-26,3,D2,3,D2,3,D2,True,0.014471021,0.119292125,0.3595816,0.42730084,0.07549547,0.0038589532
31013,2022-05-03,2,D1,3,D2,3,D2,False,0.013048705,0.104509555,0.3574923,0.4409843,0.08079058,0.003174501
31013,2022-05-10,2,D1,3,D2,3,D2,False,0.013371539,0.08791202,0.3198948,0.46257612,0.11168964,0.0045558675
31013,2022-05-17,2,D1,3,D2,3,D2,False,0.0061784694,0.04077101,0.2395475,0.55328935,0.1568659,0.003347747
31013,2022-05-24,2,D1,3,D2,3,D2,False,0.004455267,0.028142793,0.21568449,0.5821944,0.16737512,0.002147926
31013,2022-05-31,2,D1,3,D2,3,D2,False,0.004512008,0.028299848,0.22302775,0.58433,0.15823448,0.0015959237
31013,2022-06-07,2,D1,3,D2,3,D2,False,0.0042675156,0.027712839,0.23490208,0.58033174,0.15164147,0.0011443795
31013,2022-06-14,2,D1,3,D2,3,D2,False,0.0037416292,0.026665857,0.24182074,0.5759911,0.15093282,0.0008478103
31013,2022-06-21,2,D1,3,D2,3,D2,False,0.0033345486,0.023118986,0.21367157,0.5843648,0.17443308,0.0010770609
31013,2022-06-28,2,D1,3,D2,3,D2,False,0.0034449107,0.023259751,0.20705439,0.5845074,0.18049881,0.0012347173
31013,2022-07-05,2,D1,3,D2,3,D2,False,0.0035425716,0.022571018,0.2040061,0.58275187,0.18581514,0.0013133171
31013,2022-07-12,2,D1,3,D2,3,D2,False,0.0030531702,0.019939816,0.17901951,0.58593947,0.21008874,0.0019592925
31013,2022-07-19,2,D1,3,D2,3,D2,False,0.0025242076,0.01695031,0.15230778,0.5798861,0.24503942,0.003292271
31013,2022-07-26,2,D1,3,D2,3,D2,False,0.0023792356,0.015347419,0.13022327,0.56476,0.28149748,0.005792531
31013,2022-08-02,2,D1,3,D2,3,D2,False,0.0018353817,0.012088586,0.1026497,0.5356986,0.33570126,0.012026459
31013,2022-08-09,2,D1,3,D2,4,D3,False,0.0011932984,0.008785892,0.07282674,0.46627784,0.42164862,0.02926758
31013,2022-08-16,1,D0,4,D3,4,D3,False,0.0006096512,0.0053471485,0.045048427,0.37572756,0.5077015,0.06556579
31013,2022-08-23,1,D0,4,D3,4,D3,False,0.0003356066,0.003191072,0.023907345,0.23770273,0.54180926,0.19305395
31013,2022-08-30,1,D0,4,D3,4,D3,False,0.00015614461,0.0017428211,0.011420804,0.13055919,0.48493835,0.37118274
31013,2022-09-06,1,D0,5,D4,4,D3,False,8.551526e-05,0.0012121325,0.0069124657,0.07802436,0.4366116,0.47715396
31013,2022-09-13,1,D0,5,D4,4,D3,False,5.518391e-05,0.0009097947,0.005103815,0.058956303,0.41893363,0.5160413
31013,2022-09-20,2,D1,5,D4,4,D3,False,3.3770008e-05,0.00070435053,0.0037227368,0.039837703,0.40795195,0.54774946
31013,2022-09-27,2,D1,5,D4,4,D3,False,3.0160098e-05,0.00067071,0.0034049368,0.03352062,0.40600517,0.5563684
31013,2022-10-04,2,D1,5,D4,4,D3,False,2.4243765e-05,0.00058975536,0.002941549,0.027847383,0.40396613,0.5646309
31013,2022-10-11,2,D1,5,D4,4,D3,False,2.3195336e-05,0.00058747025,0.0028283466,0.024884792,0.40189287,0.56978333
31013,2022-10-18,2,D1,5,D4,4,D3,False,2.8034327e-05,0.0006667484,0.0030741526,0.02560765,0.40319532,0.5674281
31013,2022-10-25,3,D2,5,D4,4,D3,False,2.5441392e-05,0.0006162403,0.002877833,0.02444489,0.40157485,0.57046074
31013,2022-11-01,3,D2,5,D4,4,D3,False,2.541392e-05,0.0006236994,0.0028319536,0.023323849,0.39964077,0.57355434
31013,2022-11-08,3,D2,5,D4,4,D3,False,1.9340265e-05,0.0005183778,0.0024266574,0.020806061,0.39573172,0.5804978
31013,2022-11-15,3,D2,5,D4,4,D3,False,1.6005926e-05,0.00046870217,0.0021854166,0.018285012,0.39119846,0.58784646
31013,2022-11-22,3,D2,5,D4,4,D3,False,1.387665e-05,0.00043081882,0.0020203155,0.016884152,0.38856044,0.5920904
31013,2022-11-29,3,D2,5,D4,4,D3,False,1.2836659e-05,0.00041156833,0.0019492165,0.016232988,0.3867432,0.5946502
31013,2022-12-06,3,D2,5,D4,4,D3,False,9.507857e-06,0.0003357893,0.0016628453,0.01464131,0.384079,0.59927154
31013,2022-12-13,3,D2,5,D4,5,D4,False,7.330916e-06,0.00028404087,0.001490257,0.013644129,0.3814985,0.6030757
31013,2022-12-20,3,D2,5,D4,5,D4,False,5.7602706e-06,0.00024404234,0.0013302137,0.012661565,0.37857747,0.60718083
31013,2022-12-27,3,D2,5,D4,5,D4,False,4.597549e-06,0.00020749662,0.001177229,0.011992303,0.37815183,0.60846645
31013,2023-01-03,3,D2,5,D4,5,D4,False,3.697817e-06,0.00017687076,0.0010435272,0.011392247,0.3781302,0.6092535
31013,2023-01-10,3,D2,5,D4,5,D4,False,3.1453533e-06,0.00015669869,0.00095048675,0.011035774,0.37847653,0.6093773
31013,2023-01-17,3,D2,5,D4,5,D4,False,2.7474273e-06,0.00014143855,0.00088995614,0.010758901,0.37721872,0.6109883
31013,2023-01-24,3,D2,5,D4,5,D4,False,2.6625682e-06,0.00013982768,0.000884962,0.010828194,0.37690073,0.61124367
31013,2023-01-31,3,D2,5,D4,5,D4,False,2.8535517e-06,0.0001481957,0.0009206895,0.011345018,0.3774832,0.61010003
31013,2023-02-07,3,D2,5,D4,5,D4,False,3.3922404e-06,0.00016778638,0.0010118221,0.012571451,0.37863934,0.60760623
31013,2023-02-14,3,D2,5,D4,5,D4,False,4.0653244e-06,0.0001896415,0.0011342288,0.014216246,0.37982163,0.6046342
31013,2023-02-21,3,D2,5,D4,5,D4,False,4.854988e-06,0.0002149005,0.0012667617,0.01596694,0.38190818,0.6006383
31013,2023-02-28,3,D2,5,D4,4,D3,False,5.8312726e-06,0.00024367544,0.0014080572,0.018034296,0.3840224,0.59628576
31013,2023-03-07,3,D2,5,D4,4,D3,False,6.3741923e-06,0.00025932209,0.0014798793,0.019203192,0.3849992,0.5940521
31013,2023-03-14,3,D2,5,D4,4,D3,False,9.142217e-06,0.00032991092,0.0018273209,0.023708515,0.38776547,0.5863596
31013,2023-03-21,3,D2,5,D4,4,D3,False,1.09516595e-05,0.0003732161,0.002035418,0.02640341,0.38887343,0.5823035
31013,2023-03-28,3,D2,5,D4,4,D3,False,1.8816278e-05,0.00052824384,0.0027901928,0.035582356,0.3916634,0.56941706
31013,2023-04-04,3,D2,5,D4,4,D3,False,3.6701094e-05,0.0007911566,0.0039975964,0.052389447,0.38980436,0.55298066
31013,2023-04-11,3,D2,5,D4,4,D3,False,8.699522e-05,0.0013258668,0.0065764072,0.07826542,0.39235035,0.52139497
31013,2023-04-18,3,D2,5,D4,4,D3,False,0.00021523186,0.0022570912,0.011636936,0.13427815,0.39253515,0.45907748
31013,2023-04-25,3,D2,4,D3,4,D3,False,0.00039645462,0.0030476414,0.020209176,0.22509187,0.4367569,0.3144979
31013,2023-05-02,3,D2,4,D3,4,D3,False,0.0005758102,0.003907338,0.035236694,0.35158896,0.46296033,0.14573091
31013,2023-05-09,3,D2,4,D3,4,D3,False,0.0006277138,0.004977872,0.052328836,0.4273254,0.44817156,0.06656862
31013,2023-05-16,2,D1,3,D2,4,D3,False,0.0007253448,0.006040212,0.07053575,0.4939563,0.40287355,0.025868895
31013,2023-05-23,2,D1,3,D2,3,D2,False,0.0008058222,0.00661181,0.086909585,0.53925234,0.35611063,0.010309839
31013,2023-05-30,2,D1,3,D2,3,D2,False,0.0010404111,0.008001223,0.10522891,0.56231356,0.31770322,0.005712741
31013,2023-06-06,2,D1,3,D2,3,D2,False,0.0015680215,0.011610984,0.14463991,0.5691558,0.27000198,0.0030232684
31013,2023-06-13,1,D0,3,D2,3,D2,False,0.0021544842,0.014946495,0.1777768,0.5621994,0.24102081,0.0019020663
31013,2023-06-20,1,D0,3,D2,3,D2,False,0.002554935,0.016875645,0.19399743,0.5557959,0.22933933,0.0014367709
31013,2023-06-27,1,D0,3,D2,3,D2,False,0.0028479171,0.017547116,0.19781074,0.5583007,0.2222524,0.0012411337
31013,2023-07-04,0,None,3,D2,3,D2,False,0.0034034515,0.018228432,0.19772984,0.5648726,0.2146564,0.0011093011
31013,2023-07-11,0,None,3,D2,3,D2,False,0.004289675,0.02018785,0.20025606,0.5622734,0.2119083,0.0010846778
31013,2023-07-18,0,None,3,D2,3,D2,False,0.0049930583,0.021965232,0.20130078,0.55777025,0.21288769,0.0010830156
31013,2023-07-25,0,None,3,D2,3,D2,False,0.005789044,0.023646683,0.201418,0.55423707,0.21372369,0.0011855105
31013,2023-08-01,0,None,3,D2,3,D2,False,0.0064378045,0.024608247,0.19783881,0.55779016,0.21216978,0.0011551547
31013,2023-08-08,0,None,3,D2,3,D2,False,0.007718975,0.026814522,0.19546269,0.5502472,0.2183621,0.0013945159
31013,2023-08-15,0,None,3,D2,3,D2,False,0.008539172,0.029391794,0.20172103,0.54535717,0.21344495,0.00154583
31013,2023-08-22,0,None,3,D2,3,D2,False,0.00934253,0.03214558,0.21155645,0.53627956,0.20883976,0.0018361076
31013,2023-08-29,0,None,3,D2,3,D2,False,0.010119555,0.036581047,0.2237413,0.51501536,0.21198341,0.0025593552
31013,2023-09-05,0,None,3,D2,3,D2,False,0.01134628,0.041321274,0.22550373,0.5006465,0.21750908,0.0036731057
31013,2023-09-12,0,None,3,D2,3,D2,False,0.012969798,0.04693742,0.21874578,0.48556516,0.22957154,0.0062102973
31013,2023-09-19,0,None,3,D2,3,D2,False,0.015472439,0.053679723,0.22067213,0.48064402,0.22158515,0.00794649
31013,2023-09-26,0,None,3,D2,3,D2,False,0.018033264,0.061688777,0.21840666,0.46660542,0.2237661,0.011499776
31013,2023-10-03,0,None,3,D2,3,D2,False,0.02248775,0.075997904,0.2166824,0.44693285,0.22069229,0.017206704
31013,2023-10-10,0,None,3,D2,3,D2,False,0.026137216,0.08651215,0.22426544,0.44040272,0.20560795,0.017074464
31013,2023-10-17,0,None,3,D2,3,D2,False,0.03170323,0.10225043,0.22910312,0.41960746,0.19522554,0.022110175
31013,2023-10-24,0,None,3,D2,3,D2,False,0.03408792,0.12541477,0.24694459,0.40343663,0.16635844,0.023757659
31013,2023-10-31,0,None,3,D2,3,D2,False,0.03561378,0.13754725,0.25527847,0.3929579,0.15253153,0.026071105
31013,2023-11-07,0,None,3,D2,3,D2,False,0.035167262,0.14559764,0.25488603,0.3884417,0.14733662,0.028570682
31013,2023-11-14,0,None,3,D2,3,D2,False,0.036769886,0.16175455,0.26806623,0.37393916,0.13161418,0.027855977
31013,2023-11-21,0,None,3,D2,3,D2,False,0.037853956,0.18018341,0.2872891,0.3516088,0.11691757,0.026147118
31013,2023-11-28,0,None,3,D2,3,D2,False,0.040012836,0.19670509,0.30758744,0.32302922,0.107935935,0.024729509
31013,2023-12-05,0,None,2,D1,2,D1,False,0.043724727,0.20905645,0.31780225,0.3023978,0.10200573,0.025013011
31013,2023-12-12,0,None,2,D1,2,D1,False,0.041416824,0.20982029,0.31650847,0.3081905,0.10155026,0.02251365
31013,2023-12-19,0,None,2,D1,2,D1,False,0.04373435,0.22246265,0.31674972,0.30540046,0.092272215,0.019380525
31013,2023-12-26,0,None,3,D2,2,D1,False,0.044426225,0.2192223,0.3098354,0.31430772,0.0927097,0.019498574
31013,2024-01-02,0,None,3,D2,2,D1,False,0.048837576,0.21758515,0.30515307,0.31222755,0.09498766,0.021209037
31013,2024-01-09,0,None,3,D2,3,D2,False,0.050106186,0.21308687,0.2986239,0.3188445,0.09743693,0.021901648
31013,2024-01-16,0,None,3,D2,2,D1,False,0.057495084,0.20979343,0.29874218,0.30045992,0.10056231,0.03294703
31013,2024-01-23,0,None,2,D1,2,D1,False,0.07246088,0.20435935,0.27779925,0.26848897,0.11206931,0.06482223
31013,2024-01-30,0,None,2,D1,2,D1,False,0.08800616,0.20874143,0.25854665,0.24639133,0.110198274,0.08811612
31013,2024-02-06,0,None,2,D1,2,D1,False,0.10233103,0.22169751,0.26424855,0.23364699,0.095590234,0.082485706
31013,2024-02-13,0,None,2,D1,2,D1,False,0.10101161,0.22166033,0.26268986,0.23987833,0.09454817,0.080211625
31013,2024-02-20,0,None,3,D2,2,D1,False,0.092223965,0.20845988,0.25238585,0.25806653,0.10377061,0.08509316
31013,2024-02-27,0,None,3,D2,3,D2,False,0.07891392,0.20500726,0.25338176,0.27783975,0.10684747,0.0780098
31013,2024-03-05,0,None,3,D2,3,D2,False,0.055742256,0.17267214,0.22474492,0.3152128,0.13996421,0.09166367
31013,2024-03-12,0,None,3,D2,3,D2,False,0.06073355,0.18495429,0.24136731,0.31464303,0.12759472,0.070707165
31013,2024-03-19,0,None,3,D2,3,D2,False,0.048668876,0.17429827,0.22933581,0.33602446,0.14075747,0.07091512
31013,2024-03-26,0,None,3,D2,3,D2,False,0.048308656,0.18470249,0.24382,0.3394821,0.13113587,0.052550912
31013,2024-04-02,0,None,3,D2,3,D2,False,0.053421136,0.20611335,0.2731721,0.32688,0.10947077,0.030942632
31013,2024-04-09,0,None,3,D2,3,D2,False,0.05691978,0.21456419,0.29469994,0.32601514,0.09201786,0.015783088
31013,2024-04-16,0,None,3,D2,3,D2,False,0.050970465,0.21159837,0.31113234,0.33849102,0.078825004,0.008982776
31013,2024-04-23,0,None,3,D2,3,D2,False,0.046535358,0.1989911,0.3199999,0.3504178,0.077570155,0.0064856927
31013,2024-04-30,0,None,3,D2,3,D2,False,0.039635025,0.17755206,0.32392597,0.36813307,0.085287616,0.005466226
31013,2024-05-07,0,None,3,D2,3,D2,False,0.03001104,0.14691585,0.32630926,0.39232415,0.09941824,0.0050214585
31013,2024-05-14,0,None,3,D2,3,D2,False,0.025522292,0.13321394,0.3390897,0.40010026,0.098436534,0.0036371807
31013,2024-05-21,0,None,3,D2,3,D2,False,0.017991355,0.101899534,0.33816394,0.42610088,0.11332142,0.0025228492
31013,2024-05-28,0,None,3,D2,3,D2,False,0.011426838,0.06905665,0.31548685,0.4689773,0.13364427,0.0014081977
31013,2024-06-04,0,None,3,D2,3,D2,False,0.0092414,0.057875928,0.30462041,0.49451885,0.13277826,0.0009652186
31013,2024-06-11,1,D0,3,D2,3,D2,False,0.008741962,0.05508985,0.30053687,0.5035277,0.13126683,0.00083679083
31013,2024-06-18,1,D0,3,D2,3,D2,False,0.007523699,0.04441448,0.2777212,0.52596295,0.14364095,0.0007367223
31013,2024-06-25,0,None,3,D2,3,D2,False,0.0068711247,0.03862586,0.26091743,0.53987867,0.15299043,0.0007165407
31013,2024-07-02,1,D0,3,D2,3,D2,False,0.0068396027,0.034336172,0.24627568,0.5506079,0.16119897,0.0007416482
31013,2024-07-09,1,D0,3,D2,3,D2,False,0.0068675866,0.03481721,0.24543385,0.55720186,0.1549857,0.0006937697
31013,2024-07-16,1,D0,3,D2,3,D2,False,0.007690534,0.035736904,0.24753095,0.55739015,0.15094478,0.0007066525
31013,2024-07-23,1,D0,3,D2,3,D2,False,0.008753419,0.039043304,0.24643677,0.54800177,0.15690233,0.000862397
31013,2024-07-30,2,D1,3,D2,3,D2,False,0.008373937,0.038396597,0.23865868,0.55231315,0.16136388,0.00089382014
31013,2024-08-06,2,D1,3,D2,3,D2,False,0.009258695,0.04001866,0.23535003,0.55380553,0.16046642,0.001100633
31013,2024-08-13,2,D1,3,D2,3,D2,False,0.012275007,0.04594826,0.2366861,0.5426157,0.16090786,0.0015671008
31013,2024-08-20,3,D2,3,D2,3,D2,True,0.016647825,0.054819945,0.23604563,0.5257958,0.16427656,0.0024142668
31013,2024-08-27,3,D2,3,D2,3,D2,True,0.022667345,0.06539389,0.2367325,0.5055215,0.16609816,0.0035866534
31013,2024-09-03,3,D2,3,D2,3,D2,True,0.026698256,0.07606066,0.23981997,0.48752195,0.16511182,0.0047872956
31013,2024-09-10,3,D2,3,D2,3,D2,True,0.031041931,0.086994484,0.24171159,0.46579942,0.167387,0.0070655467
31013,2024-09-17,3,D2,3,D2,3,D2,True,0.030982368,0.08884234,0.23274273,0.4519033,0.18440503,0.011124218
31013,2024-09-24,3,D2,3,D2,3,D2,True,0.030591207,0.08702688,0.20965359,0.42213374,0.22454292,0.026051637
31013,2024-10-01,3,D2,3,D2,4,D3,False,0.013172041,0.05775421,0.14475608,0.35141814,0.33295912,0.09994037
31013,2024-10-08,3,D2,4,D3,4,D3,False,0.0026640776,0.018348068,0.059468433,0.23364873,0.46531197,0.2205587
31013,2024-10-15,3,D2,4,D3,4,D3,False,0.0010317595,0.009406553,0.030887002,0.1379161,0.46802017,0.3527384
31013,2024-10-22,3,D2,5,D4,4,D3,False,0.0003070417,0.0035594504,0.013341041,0.0743857,0.4393809,0.46902597
31013,2024-10-29,4,D3,5,D4,4,D3,True,0.00031266463,0.0035963962,0.012517158,0.07326338,0.41021323,0.5000972
31013,2024-11-05,4,D3,5,D4,4,D3,True,0.00046764695,0.0046924786,0.0145485345,0.07451383,0.3959588,0.5098187
31013,2024-11-12,4,D3,5,D4,4,D3,True,0.00063042797,0.005697352,0.01699499,0.078658484,0.39174706,0.50627166
31013,2024-11-19,4,D3,5,D4,4,D3,True,0.00043631715,0.004495393,0.014308428,0.06665297,0.39053547,0.52357143
31013,2024-11-26,4,D3,5,D4,4,D3,True,0.0003489056,0.0038922427,0.012696857,0.057534095,0.38532537,0.54020256
31013,2024-12-03,4,D3,5,D4,4,D3,True,0.00029758707,0.0035622725,0.011806921,0.051471874,0.38207328,0.55078804
31013,2024-12-10,4,D3,5,D4,4,D3,True,0.0002688782,0.0033912966,0.011327725,0.04678462,0.37920853,0.55901885
31013,2024-12-17,4,D3,5,D4,4,D3,True,0.00022428873,0.0030338396,0.010238993,0.044421967,0.37831575,0.5637651
31013,2024-12-24,4,D3,5,D4,4,D3,True,0.00022825187,0.0031716365,0.010304863,0.045919504,0.3783895,0.5619863
31013,2024-12-31,4,D3,5,D4,4,D3,True,0.00019462152,0.0028854837,0.009498877,0.04267273,0.37172168,0.57302666
31013,2025-01-07,4,D3,5,D4,4,D3,True,0.00017268935,0.0027036704,0.00886839,0.044065624,0.37314552,0.5710441
31013,2025-01-14,4,D3,5,D4,4,D3,True,0.00016243651,0.0027016038,0.008774104,0.046319682,0.37636214,0.56568
31013,2025-01-21,4,D3,5,D4,4,D3,True,0.000218914,0.0033858034,0.010565002,0.053493746,0.3817218,0.55061466
31013,2025-01-28,4,D3,5,D4,4,D3,True,0.0003894416,0.005258041,0.015939372,0.07264548,0.38943523,0.5163324
31013,2025-02-04,4,D3,5,D4,4,D3,True,0.00052863226,0.006670103,0.019943038,0.08517952,0.3913598,0.49631888
31013,2025-02-11,4,D3,5,D4,4,D3,True,0.00070888054,0.008771614,0.024901114,0.0987266,0.3923816,0.47451022
31013,2025-02-18,4,D3,5,D4,4,D3,True,0.000895821,0.010979167,0.029129554,0.10437035,0.3876799,0.4669452
31013,2025-02-25,4,D3,5,D4,4,D3,True,0.0011193282,0.01263193,0.031993594,0.11377754,0.38139933,0.45907822
31013,2025-03-04,4,D3,5,D4,4,D3,True,0.0014905236,0.015287481,0.037511565,0.13044661,0.37240216,0.44286168
31013,2025-03-11,4,D3,5,D4,4,D3,True,0.0022468432,0.018839505,0.045052532,0.15740314,0.358836,0.41762194
31013,2025-03-18,4,D3,5,D4,4,D3,True,0.0034571437,0.024246253,0.058398467,0.1967604,0.34252867,0.37460902
31013,2025-03-25,4,D3,4,D3,4,D3,True,0.0055092988,0.033896778,0.07780911,0.2488963,0.31951237,0.31437615
31013,2025-04-01,4,D3,3,D2,4,D3,True,0.008040631,0.042842347,0.09522679,0.29576427,0.2901109,0.26801503
31013,2025-04-08,4,D3,3,D2,4,D3,True,0.0119560845,0.050705682,0.107262045,0.3173547,0.26854265,0.24417882
31013,2025-04-15,4,D3,3,D2,3,D2,False,0.014922305,0.05603935,0.12006205,0.33877787,0.2640954,0.20610309
31013,2025-04-22,4,D3,3,D2,3,D2,False,0.012603797,0.054702442,0.14374512,0.40354764,0.26591665,0.11948434
31013,2025-04-29,4,D3,3,D2,3,D2,False,0.007842644,0.040120225,0.14977324,0.46716222,0.28184664,0.053255048
31013,2025-05-06,4,D3,3,D2,3,D2,False,0.0057649575,0.03276987,0.14691307,0.49693248,0.2895266,0.028092926
31013,2025-05-13,4,D3,3,D2,3,D2,False,0.0046021133,0.02806047,0.16418162,0.52751064,0.26431283,0.011332292
31013,2025-05-20,4,D3,3,D2,3,D2,False,0.0033123118,0.02065205,0.16076748,0.54525393,0.2631983,0.0068159304
31013,2025-05-27,3,D2,3,D2,3,D2,True,0.0025235247,0.016633652,0.15445517,0.5666864,0.25555426,0.0041470197
31013,2025-06-03,3,D2,3,D2,3,D2,True,0.0029739412,0.018230844,0.17518418,0.5713987,0.22948012,0.0027321938
31013,2025-06-10,2,D1,3,D2,3,D2,False,0.0031260543,0.019136675,0.19862825,0.5659118,0.21153915,0.0016580485
31013,2025-06-17,2,D1,3,D2,3,D2,False,0.0027206922,0.017500343,0.2035922,0.5660992,0.20890306,0.0011844184
31013,2025-06-24,2,D1,3,D2,3,D2,False,0.0027774281,0.016645055,0.20014328,0.56766325,0.21172103,0.0010499653
31013,2025-07-01,2,D1,3,D2,3,D2,False,0.0030058932,0.01704627,0.19863065,0.56586725,0.2144073,0.0010427228
31013,2025-07-08,2,D1,3,D2,3,D2,False,0.0034325046,0.018528229,0.20223898,0.568432,0.20641539,0.0009529021
31013,2025-07-15,2,D1,3,D2,3,D2,False,0.0039425534,0.019613033,0.20035295,0.57105964,0.20408504,0.0009467561
31013,2025-07-22,2,D1,3,D2,3,D2,False,0.0048410143,0.02183005,0.20314369,0.56711525,0.20208769,0.0009823034
31013,2025-07-29,2,D1,3,D2,3,D2,False,0.0058854143,0.024213856,0.20486426,0.56078225,0.20321627,0.0010379277
31013,2025-08-05,2,D1,3,D2,3,D2,False,0.0067621334,0.02566534,0.20062588,0.5617517,0.20412749,0.0010674488
31013,2025-08-12,2,D1,3,D2,3,D2,False,0.0078098206,0.027907124,0.1968623,0.56661576,0.19968082,0.0011241285
31013,2025-08-19,2,D1,3,D2,3,D2,False,0.008952574,0.030818991,0.19779806,0.5670428,0.19423446,0.0011530407
31013,2025-08-26,2,D1,3,D2,3,D2,False,0.011763011,0.035720702,0.20159563,0.55603147,0.19338505,0.0015040393
31013,2025-09-02,2,D1,3,D2,3,D2,False,0.01513132,0.04341273,0.21218422,0.53527373,0.1919427,0.0020553402
31013,2025-09-09,2,D1,3,D2,3,D2,False,0.018817505,0.050874665,0.21552125,0.525221,0.18684457,0.0027210363
31013,2025-09-16,2,D1,3,D2,3,D2,False,0.02427518,0.06154151,0.21940066,0.51769096,0.17369506,0.003396719
31013,2025-09-23,2,D1,3,D2,3,D2,False,0.03467835,0.08334093,0.23242162,0.49643078,0.14908797,0.0040404284
31013,2025-09-30,2,D1,3,D2,3,D2,False,0.048924554,0.107243724,0.24549317,0.46682215,0.12676884,0.0047475793
31013,2025-10-07,2,D1,3,D2,3,D2,False,0.06393068,0.14001918,0.26067513,0.4295591,0.10032073,0.0054951264
31013,2025-10-14,2,D1,3,D2,3,D2,False,0.06579199,0.1542042,0.278516,0.41192514,0.084326625,0.0052360813
31013,2025-10-21,2,D1,3,D2,3,D2,False,0.07283279,0.17794585,0.29240203,0.3853744,0.06649346,0.0049514603
31013,2025-10-28,2,D1,3,D2,3,D2,False,0.06157126,0.17110616,0.29915437,0.39295635,0.07069351,0.004518367
31013,2025-11-04,2,D1,3,D2,3,D2,False,0.052141774,0.17026123,0.29906586,0.39951968,0.07485011,0.004161249
31013,2025-11-11,2,D1,3,D2,3,D2,False,0.04933668,0.16741002,0.29960066,0.4001077,0.079294465,0.0042504715
31013,2025-11-18,2,D1,3,D2,3,D2,False,0.053991742,0.18004248,0.3018612,0.38679025,0.07326467,0.0040497133
31013,2025-11-25,2,D1,3,D2,3,D2,False,0.051573973,0.1944137,0.3010073,0.38024765,0.069157615,0.0035997515
31013,2025-12-02,2,D1,3,D2,3,D2,False,0.056457955,0.21155675,0.299366,0.3638099,0.065107115,0.0037022785
31013,2025-12-09,2,D1,3,D2,3,D2,False,0.0572,0.21774234,0.29837492,0.35715172,0.06567311,0.003857934
31013,2025-12-16,2,D1,3,D2,3,D2,False,0.053494323,0.2117089,0.30086777,0.35749105,0.07201464,0.0044233506
31013,2025-12-23,2,D1,3,D2,3,D2,False,0.04647098,0.20029128,0.29912233,0.3712412,0.078628734,0.0042454693
31013,2025-12-30,2,D1,3,D2,3,D2,False,0.041754603,0.20190388,0.30217063,0.3730294,0.07723943,0.003901955
31015,2022-01-04,3,D2,3,D2,3,D2,True,0.036302052,0.21801366,0.32123235,0.34160045,0.073741406,0.009110046
31015,2022-01-11,3,D2,3,D2,2,D1,False,0.036437016,0.22503819,0.32646465,0.33281904,0.0711271,0.008114002
31015,2022-01-18,3,D2,2,D1,2,D1,False,0.034841992,0.23154451,0.33286214,0.32638395,0.067330025,0.00703733
31015,2022-01-25,3,D2,2,D1,2,D1,False,0.029958107,0.23900431,0.3396636,0.3234395,0.06188536,0.006049103
31015,2022-02-01,3,D2,2,D1,2,D1,False,0.027275745,0.2379475,0.34140363,0.32620466,0.06138645,0.005781995
31015,2022-02-08,3,D2,2,D1,2,D1,False,0.026315786,0.24408579,0.34148398,0.32554927,0.056940094,0.0056250524
31015,2022-02-15,2,D1,3,D2,2,D1,True,0.02555614,0.24328953,0.33369464,0.33874488,0.05312803,0.005586703
31015,2022-02-22,2,D1,2,D1,2,D1,True,0.026325949,0.25421938,0.33746386,0.32757586,0.048700392,0.0057145185
31015,2022-03-01,2,D1,2,D1,2,D1,True,0.027112283,0.25785485,0.3373665,0.3254457,0.047050346,0.0051703486
31015,2022-03-08,2,D1,2,D1,2,D1,True,0.027222857,0.24144988,0.34204113,0.33130965,0.052946467,0.0050300406
31015,2022-03-15,2,D1,3,D2,2,D1,True,0.026615188,0.22420068,0.33846706,0.35000038,0.055741746,0.00497493
31015,2022-03-22,3,D2,3,D2,3,D2,True,0.024783406,0.20429432,0.34079942,0.3677534,0.057392217,0.0049771667
31015,2022-03-29,3,D2,3,D2,3,D2,True,0.024277546,0.19894081,0.34517553,0.3703651,0.056626964,0.004614051
31015,2022-04-05,3,D2,3,D2,3,D2,True,0.020537034,0.1752677,0.3578028,0.38260972,0.059451733,0.0043310523
31015,2022-04-12,3,D2,3,D2,3,D2,True,0.018994182,0.16120327,0.36282605,0.39077732,0.06142909,0.004770111
31015,2022-04-19,4,D3,3,D2,3,D2,False,0.016984299,0.14210768,0.36458322,0.40467778,0.0670172,0.0046297573
31015,2022-04-26,4,D3,3,D2,3,D2,False,0.014471021,0.119292125,0.3595816,0.42730084,0.07549547,0.0038589532
31015,2022-05-03,3,D2,3,D2,3,D2,True,0.013048705,0.104509555,0.3574923,0.4409843,0.08079058,0.003174501
31015,2022-05-10,3,D2,3,D2,3,D2,True,0.013371539,0.08791202,0.3198948,0.46257612,0.11168964,0.0045558675
31015,2022-05-17,3,D2,3,D2,3,D2,True,0.0061784694,0.04077101,0.2395475,0.55328935,0.1568659,0.003347747
31015,2022-05-24,3,D2,3,D2,3,D2,True,0.004455267,0.028142793,0.21568449,0.5821944,0.16737512,0.002147926
31015,2022-05-31,3,D2,3,D2,3,D2,True,0.004512008,0.028299848,0.22302775,0.58433,0.15823448,0.0015959237
31015,2022-06-07,3,D2,3,D2,3,D2,True,0.0042675156,0.027712839,0.23490208,0.58033174,0.15164147,0.0011443795
31015,2022-06-14,3,D2,3,D2,3,D2,True,0.0037416292,0.026665857,0.24182074,0.5759911,0.15093282,0.0008478103
31015,2022-06-21,3,D2,3,D2,3,D2,True,0.0033345486,0.023118986,0.21367157,0.5843648,0.17443308,0.0010770609
31015,2022-06-28,3,D2,3,D2,3,D2,True,0.0034449107,0.023259751,0.20705442,0.5845074,0.18049887,0.0012347167
31015,2022-07-05,3,D2,3,D2,3,D2,True,0.0035425716,0.022571018,0.2040061,0.58275187,0.18581514,0.0013133171
31015,2022-07-12,3,D2,3,D2,3,D2,True,0.0030531702,0.019939816,0.17901951,0.58593947,0.21008874,0.0019592925
31015,2022-07-19,3,D2,3,D2,3,D2,True,0.0025242076,0.01695031,0.15230778,0.5798861,0.24503942,0.003292271
31015,2022-07-26,3,D2,3,D2,3,D2,True,0.0023792356,0.015347419,0.13022327,0.56476,0.28149748,0.005792531
31015,2022-08-02,3,D2,3,D2,3,D2,True,0.0018353817,0.012088586,0.1026497,0.5356986,0.33570126,0.012026459
31015,2022-08-09,3,D2,3,D2,4,D3,False,0.0011932984,0.008785892,0.07282674,0.46627784,0.42164862,0.02926758
31015,2022-08-16,3,D2,4,D3,4,D3,False,0.0006096512,0.0053471485,0.045048427,0.37572756,0.5077015,0.06556579
31015,2022-08-23,3,D2,4,D3,4,D3,False,0.0003356066,0.003191072,0.023907345,0.23770273,0.54180926,0.19305395
31015,2022-08-30,3,D2,4,D3,4,D3,False,0.00015614461,0.0017428211,0.011420804,0.13055919,0.48493835,0.37118274
31015,2022-09-06,3,D2,5,D4,4,D3,False,8.551526e-05,0.0012121325,0.0069124657,0.07802436,0.4366116,0.47715396
31015,2022-09-13,3,D2,5,D4,4,D3,False,5.518391e-05,0.0009097947,0.005103815,0.058956303,0.41893363,0.5160413
31015,2022-09-20,3,D2,5,D4,4,D3,False,3.3770008e-05,0.00070435053,0.0037227368,0.039837703,0.40795195,0.54774946
31015,2022-09-27,3,D2,5,D4,4,D3,False,3.0160098e-05,0.00067071,0.0034049368,0.03352062,0.40600517,0.5563684
31015,2022-10-04,3,D2,5,D4,4,D3,False,2.4243789e-05,0.00058975536,0.002941549,0.027847378,0.40396613,0.5646309
31015,2022-10-11,3,D2,5,D4,4,D3,False,2.3195342e-05,0.00058747065,0.0028283487,0.024884796,0.40189278,0.56978345
31015,2022-10-18,4,D3,5,D4,4,D3,True,2.8034327e-05,0.0006667484,0.0030741526,0.02560765,0.40319532,0.5674281
31015,2022-10-25,4,D3,5,D4,4,D3,True,2.5441392e-05,0.0006162403,0.002877833,0.02444489,0.40157485,0.57046074
31015,2022-11-01,4,D3,5,D4,4,D3,True,2.541392e-05,0.0006236994,0.0028319536,0.023323849,0.39964077,0.57355434
31015,2022-11-08,4,D3,5,D4,4,D3,True,1.9340265e-05,0.0005183778,0.0024266574,0.020806061,0.39573172,0.5804978
31015,2022-11-15,4,D3,5,D4,4,D3,True,1.6005926e-05,0.00046870217,0.0021854166,0.018285012,0.39119846,0.58784646
31015,2022-11-22,4,D3,5,D4,4,D3,True,1.387665e-05,0.00043081882,0.0020203155,0.016884152,0.38856044,0.5920904
31015,2022-11-29,4,D3,5,D4,4,D3,True,1.2836659e-05,0.00041156833,0.0019492165,0.016232988,0.3867432,0.5946502
31015,2022-12-06,4,D3,5,D4,4,D3,True,9.507857e-06,0.0003357893,0.0016628453,0.01464131,0.384079,0.59927154
31015,2022-12-13,4,D3,5,D4,5,D4,False,7.330916e-06,0.00028404087,0.001490257,0.013644129,0.3814985,0.6030757
31015,2022-12-20,4,D3,5,D4,5,D4,False,5.7602706e-06,0.00024404234,0.0013302137,0.012661565,0.37857747,0.60718083
31015,2022-12-27,4,D3,5,D4,5,D4,False,4.597549e-06,0.00020749662,0.001177229,0.011992303,0.37815183,0.60846645
31015,2023-01-03,4,D3,5,D4,5,D4,False,3.697817e-06,0.00017687076,0.0010435272,0.011392247,0.3781302,0.6092535
31015,2023-01-10,3,D2,5,D4,5,D4,False,3.1453533e-06,0.00015669869,0.00095048675,0.011035774,0.37847653,0.6093773
31015,2023-01-17,3,D2,5,D4,5,D4,False,2.7474273e-06,0.00014143855,0.00088995614,0.010758901,0.37721872,0.6109883
31015,2023-01-24,3,D2,5,D4,5,D4,False,2.6625682e-06,0.00013982768,0.000884962,0.010828194,0.37690073,0.61124367
31015,2023-01-31,3,D2,5,D4,5,D4,False,2.8535528e-06,0.00014819561,0.0009206885,0.011345006,0.37748298,0.61010027
31015,2023-02-07,3,D2,5,D4,5,D4,False,3.392241e-06,0.00016778642,0.0010118223,0.012571456,0.37863925,0.60760635
31015,2023-02-14,3,D2,5,D4,5,D4,False,4.0653244e-06,0.0001896415,0.0011342288,0.014216246,0.37982163,0.6046342
31015,2023-02-21,3,D2,5,D4,5,D4,False,4.854988e-06,0.0002149005,0.0012667617,0.01596694,0.38190818,0.6006383
31015,2023-02-28,3,D2,5,D4,4,D3,False,5.8312726e-06,0.00024367544,0.0014080572,0.018034296,0.3840224,0.59628576
31015,2023-03-07,3,D2,5,D4,4,D3,False,6.3741923e-06,0.00025932209,0.0014798793,0.019203192,0.3849992,0.5940521
31015,2023-03-14,3,D2,5,D4,4,D3,False,9.142217e-06,0.00032991092,0.0018273209,0.023708515,0.38776547,0.5863596
31015,2023-03-21,3,D2,5,D4,4,D3,False,1.09516595e-05,0.0003732161,0.002035418,0.02640341,0.38887343,0.5823035
31015,2023-03-28,3,D2,5,D4,4,D3,False,1.8816278e-05,0.00052824384,0.0027901928,0.035582356,0.3916634,0.56941706
31015,2023-04-04,2,D1,5,D4,4,D3,False,3.6701094e-05,0.0007911566,0.0039975964,0.052389447,0.38980436,0.55298066
31015,2023-04-11,2,D1,5,D4,4,D3,False,8.699522e-05,0.0013258668,0.0065764072,0.07826542,0.39235035,0.52139497
31015,2023-04-18,3,D2,5,D4,4,D3,False,0.00021523186,0.0022570912,0.011636936,0.13427815,0.39253515,0.45907748
31015,2023-04-25,3,D2,4,D3,4,D3,False,0.00039645462,0.0030476414,0.020209176,0.22509187,0.4367569,0.3144979
31015,2023-05-02,3,D2,4,D3,4,D3,False,0.0005758102,0.003907338,0.035236694,0.35158896,0.46296033,0.14573091
31015,2023-05-09,3,D2,4,D3,4,D3,False,0.0006277138,0.004977872,0.052328836,0.4273254,0.44817156,0.06656862
31015,2023-05-16,2,D1,3,D2,4,D3,False,0.0007253439,0.00604021,0.07053576,0.49395636,0.4028734,0.025868874
31015,2023-05-23,2,D1,3,D2,3,D2,False,0.00080582185,0.00661181,0.086909585,0.53925234,0.35611063,0.010309842
31015,2023-05-30,2,D1,3,D2,3,D2,False,0.0010404111,0.008001223,0.10522891,0.56231356,0.31770322,0.005712741
31015,2023-06-06,3,D2,3,D2,3,D2,True,0.0015680215,0.011610984,0.14463991,0.5691558,0.27000198,0.0030232684
31015,2023-06-13,3,D2,3,D2,3,D2,True,0.0021544842,0.014946495,0.1777768,0.5621994,0.24102081,0.0019020663
31015,2023-06-20,4,D3,3,D2,3,D2,False,0.002554935,0.016875645,0.19399743,0.5557959,0.22933933,0.0014367709
31015,2023-06-27,2,D1,3,D2,3,D2,False,0.0028479171,0.017547116,0.19781074,0.5583007,0.2222524,0.0012411337
31015,2023-07-04,2,D1,3,D2,3,D2,False,0.0034034515,0.018228432,0.19772984,0.5648726,0.2146564,0.0011093011
31015,2023-07-11,2,D1,3,D2,3,D2,False,0.004289675,0.02018785,0.20025606,0.5622734,0.2119083,0.0010846778
31015,2023-07-18,2,D1,3,D2,3,D2,False,0.0049930583,0.021965232,0.20130078,0.55777025,0.21288769,0.0010830156
31015,2023-07-25,2,D1,3,D2,3,D2,False,0.005789044,0.023646683,0.201418,0.55423707,0.21372369,0.0011855105
31015,2023-08-01,1,D0,3,D2,3,D2,False,0.0064378045,0.024608247,0.19783881,0.55779016,0.21216978,0.0011551547
31015,2023-08-08,1,D0,3,D2,3,D2,False,0.007718975,0.026814522,0.19546269,0.5502472,0.2183621,0.0013945159
31015,2023-08-15,0,None,3,D2,3,D2,False,0.008539172,0.029391794,0.20172103,0.54535717,0.21344495,0.00154583
31015,2023-08-22,0,None,3,D2,3,D2,False,0.00934253,0.03214558,0.21155645,0.53627956,0.20883976,0.0018361076
31015,2023-08-29,0,None,3,D2,3,D2,False,0.010119555,0.036581047,0.2237413,0.51501536,0.21198341,0.0025593552
31015,2023-09-05,1,D0,3,D2,3,D2,False,0.01134628,0.041321274,0.22550373,0.5006465,0.21750908,0.0036731057
31015,2023-09-12,1,D0,3,D2,3,D2,False,0.012969799,0.04693743,0.2187458,0.48556522,0.2295715,0.0062102983
31015,2023-09-19,1,D0,3,D2,3,D2,False,0.015472439,0.053679723,0.22067213,0.48064402,0.22158515,0.00794649
31015,2023-09-26,0,None,3,D2,3,D2,False,0.018033264,0.061688777,0.21840666,0.46660542,0.2237661,0.011499776
31015,2023-10-03,0,None,3,D2,3,D2,False,0.02248775,0.075997904,0.2166824,0.44693285,0.22069229,0.017206704
31015,2023-10-10,0,None,3,D2,3,D2,False,0.026137216,0.08651215,0.22426544,0.44040272,0.20560795,0.017074464
31015,2023-10-17,0,None,3,D2,3,D2,False,0.03170323,0.10225043,0.22910312,0.41960746,0.19522554,0.022110175
31015,2023-10-24,0,None,3,D2,3,D2,False,0.03408792,0.12541477,0.24694459,0.40343663,0.16635844,0.023757659
31015,2023-10-31,0,None,3,D2,3,D2,False,0.03561378,0.13754725,0.25527847,0.3929579,0.15253153,0.026071105
31015,2023-11-07,0,None,3,D2,3,D2,False,0.035167262,0.14559764,0.25488603,0.3884417,0.14733662,0.028570682
31015,2023-11-14,0,None,3,D2,3,D2,False,0.036769886,0.16175455,0.26806623,0.37393916,0.13161418,0.027855977
31015,2023-11-21,0,None,3,D2,3,D2,False,0.037853956,0.18018341,0.2872891,0.3516088,0.11691757,0.026147118
31015,2023-11-28,0,None,3,D2,3,D2,False,0.040012836,0.19670509,0.30758744,0.32302922,0.107935935,0.024729509
31015,2023-12-05,0,None,2,D1,2,D1,False,0.043724727,0.20905645,0.31780225,0.3023978,0.10200573,0.025013011
31015,2023-12-12,0,None,2,D1,2,D1,False,0.041416824,0.20982029,0.31650847,0.3081905,0.10155026,0.02251365
31015,2023-12-19,0,None,2,D1,2,D1,False,0.04373435,0.22246265,0.31674972,0.30540046,0.092272215,0.019380525
31015,2023-12-26,0,None,3,D2,2,D1,False,0.044426233,0.21922235,0.3098354,0.31430778,0.0927097,0.019498568
31015,2024-01-02,0,None,3,D2,2,D1,False,0.048837584,0.21758515,0.30515307,0.31222755,0.09498762,0.021209026
31015,2024-01-09,0,None,3,D2,3,D2,False,0.050106186,0.21308687,0.2986239,0.3188445,0.09743693,0.021901648
31015,2024-01-16,0,None,3,D2,2,D1,False,0.057495084,0.20979343,0.29874218,0.30045992,0.10056231,0.03294703
31015,2024-01-23,0,None,2,D1,2,D1,False,0.07246088,0.20435935,0.27779925,0.26848897,0.11206931,0.06482223
31015,2024-01-30,0,None,2,D1,2,D1,False,0.08800616,0.20874143,0.25854665,0.24639133,0.110198274,0.08811612
31015,2024-02-06,0,None,2,D1,2,D1,False,0.10233103,0.22169751,0.26424855,0.23364699,0.095590234,0.082485706
31015,2024-02-13,0,None,2,D1,2,D1,False,0.10101161,0.22166033,0.26268986,0.23987833,0.09454817,0.080211625
31015,2024-02-20,0,None,3,D2,2,D1,False,0.092223965,0.20845988,0.25238585,0.25806653,0.10377061,0.08509316
31015,2024-02-27,0,None,3,D2,3,D2,False,0.07891392,0.20500726,0.25338176,0.27783975,0.10684747,0.0780098
31015,2024-03-05,0,None,3,D2,3,D2,False,0.055742256,0.17267214,0.22474492,0.3152128,0.13996421,0.09166367
31015,2024-03-12,0,None,3,D2,3,D2,False,0.06073355,0.18495429,0.24136731,0.31464303,0.12759472,0.070707165
31015,2024-03-19,1,D0,3,D2,3,D2,False,0.048668876,0.17429827,0.22933581,0.33602446,0.14075747,0.07091512
31015,2024-03-26,0,None,3,D2,3,D2,False,0.048308656,0.18470249,0.24382,0.3394821,0.13113587,0.052550912
31015,2024-04-02,0,None,3,D2,3,D2,False,0.053421136,0.20611335,0.2731721,0.32688,0.10947077,0.030942632
31015,2024-04-09,0,None,3,D2,3,D2,False,0.05691978,0.21456419,0.29469994,0.32601514,0.09201786,0.015783088
31015,2024-04-16,0,None,3,D2,3,D2,False,0.050970465,0.21159837,0.31113234,0.33849102,0.078825004,0.008982776
31015,2024-04-23,0,None,3,D2,3,D2,False,0.046535354,0.1989911,0.31999984,0.35041785,0.07757015,0.0064856904
31015,2024-04-30,0,None,3,D2,3,D2,False,0.03963501,0.17755204,0.32392594,0.3681331,0.08528761,0.0054662265
31015,2024-05-07,0,None,3,D2,3,D2,False,0.03001104,0.14691585,0.32630926,0.39232415,0.09941824,0.0050214585
31015,2024-05-14,0,None,3,D2,3,D2,False,0.025522292,0.13321394,0.3390897,0.40010026,0.098436534,0.0036371807
31015,2024-05-21,0,None,3,D2,3,D2,False,0.017991355,0.101899534,0.33816394,0.42610088,0.11332142,0.0025228492
31015,2024-05-28,0,None,3,D2,3,D2,False,0.011426838,0.06905665,0.31548685,0.4689773,0.13364427,0.0014081977
31015,2024-06-04,0,None,3,D2,3,D2,False,0.0092414,0.057875928,0.30462041,0.49451885,0.13277826,0.0009652186
31015,2024-06-11,0,None,3,D2,3,D2,False,0.008741962,0.05508985,0.30053687,0.5035277,0.13126683,0.00083679083
31015,2024-06-18,0,None,3,D2,3,D2,False,0.007523699,0.04441448,0.2777212,0.52596295,0.14364095,0.0007367223
31015,2024-06-25,0,None,3,D2,3,D2,False,0.0068711247,0.03862586,0.26091743,0.53987867,0.15299043,0.0007165407
31015,2024-07-02,0,None,3,D2,3,D2,False,0.0068396027,0.034336172,0.24627568,0.5506079,0.16119897,0.0007416482
31015,2024-07-09,0,None,3,D2,3,D2,False,0.0068675866,0.03481721,0.24543385,0.55720186,0.1549857,0.0006937697
31015,2024-07-16,0,None,3,D2,3,D2,False,0.007690534,0.035736904,0.24753095,0.55739015,0.15094478,0.0007066525
31015,2024-07-23,0,None,3,D2,3,D2,False,0.008753419,0.039043304,0.24643677,0.54800177,0.15690233,0.000862397
31015,2024-07-30,0,None,3,D2,3,D2,False,0.008373937,0.038396597,0.23865868,0.55231315,0.16136388,0.00089382014
31015,2024-08-06,0,None,3,D2,3,D2,False,0.009258694,0.040018655,0.2353501,0.5538055,0.16046645,0.0011006339
31015,2024-08-13,0,None,3,D2,3,D2,False,0.012275003,0.045948274,0.23668613,0.5426157,0.16090783,0.0015671008
31015,2024-08-20,1,D0,3,D2,3,D2,False,0.016647825,0.054819945,0.23604563,0.5257958,0.16427656,0.0024142668
31015,2024-08-27,1,D0,3,D2,3,D2,False,0.022667345,0.06539389,0.2367325,0.5055215,0.16609816,0.0035866534
31015,2024-09-03,1,D0,3,D2,3,D2,False,0.026698256,0.07606066,0.23981997,0.48752195,0.16511182,0.0047872956
31015,2024-09-10,1,D0,3,D2,3,D2,False,0.031041931,0.086994484,0.24171159,0.46579942,0.167387,0.0070655467
31015,2024-09-17,1,D0,3,D2,3,D2,False,0.030982368,0.08884234,0.23274273,0.4519033,0.18440503,0.011124218
31015,2024-09-24,1,D0,3,D2,3,D2,False,0.030591207,0.08702688,0.20965359,0.42213374,0.22454292,0.026051637
31015,2024-10-01,1,D0,3,D2,4,D3,False,0.013172041,0.05775421,0.14475608,0.35141814,0.33295912,0.09994037
31015,2024-10-08,2,D1,4,D3,4,D3,False,0.0026640776,0.018348068,0.059468433,0.23364873,0.46531197,0.2205587
31015,2024-10-15,2,D1,4,D3,4,D3,False,0.0010317595,0.009406553,0.030887002,0.1379161,0.46802017,0.3527384
31015,2024-10-22,2,D1,5,D4,4,D3,False,0.0003070417,0.0035594504,0.013341041,0.0743857,0.4393809,0.46902597
31015,2024-10-29,3,D2,5,D4,4,D3,False,0.00031266463,0.0035963962,0.012517158,0.07326338,0.41021323,0.5000972
31015,2024-11-05,3,D2,5,D4,4,D3,False,0.00046764695,0.0046924786,0.0145485345,0.07451383,0.3959588,0.5098187
31015,2024-11-12,3,D2,5,D4,4,D3,False,0.00063042797,0.005697352,0.01699499,0.078658484,0.39174706,0.50627166
31015,2024-11-19,3,D2,5,D4,4,D3,False,0.00043631715,0.004495393,0.014308428,0.06665297,0.39053547,0.52357143
31015,2024-11-26,3,D2,5,D4,4,D3,False,0.0003489056,0.0038922427,0.012696857,0.057534095,0.38532537,0.54020256
31015,2024-12-03,3,D2,5,D4,4,D3,False,0.00029758707,0.0035622725,0.011806921,0.051471874,0.38207328,0.55078804
31015,2024-12-10,3,D2,5,D4,4,D3,False,0.000268878,0.0033912954,0.011327719,0.046784613,0.37920856,0.5590189
31015,2024-12-17,3,D2,5,D4,4,D3,False,0.00022428873,0.0030338396,0.010238993,0.044421967,0.37831575,0.5637651
31015,2024-12-24,3,D2,5,D4,4,D3,False,0.00022825187,0.0031716365,0.010304863,0.045919504,0.3783895,0.5619863
31015,2024-12-31,3,D2,5,D4,4,D3,False,0.00019462152,0.0028854837,0.009498877,0.04267273,0.37172168,0.57302666
31015,2025-01-07,3,D2,5,D4,4,D3,False,0.00017268935,0.0027036704,0.00886839,0.044065624,0.37314552,0.5710441
31015,2025-01-14,3,D2,5,D4,4,D3,False,0.00016243651,0.0027016038,0.008774104,0.046319682,0.37636214,0.56568
31015,2025-01-21,3,D2,5,D4,4,D3,False,0.000218914,0.0033858034,0.010565002,0.053493746,0.3817218,0.55061466
31015,2025-01-28,3,D2,5,D4,4,D3,False,0.0003894416,0.005258041,0.015939372,0.07264548,0.38943523,0.5163324
31015,2025-02-04,3,D2,5,D4,4,D3,False,0.00052863226,0.006670103,0.019943038,0.08517952,0.3913598,0.49631888
31015,2025-02-11,3,D2,5,D4,4,D3,False,0.00070888054,0.008771614,0.024901114,0.0987266,0.3923816,0.47451022
31015,2025-02-18,3,D2,5,D4,4,D3,False,0.000895821,0.010979167,0.029129554,0.10437035,0.3876799,0.4669452
31015,2025-02-25,3,D2,5,D4,4,D3,False,0.0011193282,0.01263193,0.031993594,0.11377754,0.38139933,0.45907822
31015,2025-03-04,3,D2,5,D4,4,D3,False,0.0014905236,0.015287481,0.037511565,0.13044661,0.37240216,0.44286168
31015,2025-03-11,3,D2,5,D4,4,D3,False,0.0022468432,0.018839505,0.045052532,0.15740314,0.358836,0.41762194
31015,2025-03-18,3,D2,5,D4,4,D3,False,0.0034571444,0.024246251,0.058398463,0.19676042,0.34252864,0.37460908
31015,2025-03-25,3,D2,4,D3,4,D3,False,0.005509297,0.033896774,0.07780911,0.24889624,0.3195124,0.3143762
31015,2025-04-01,3,D2,3,D2,4,D3,False,0.008040631,0.042842347,0.09522679,0.29576427,0.2901109,0.26801503
31015,2025-04-08,3,D2,3,D2,4,D3,False,0.0119560845,0.050705682,0.107262045,0.3173547,0.26854265,0.24417882
31015,2025-04-15,3,D2,3,D2,3,D2,True,0.014922305,0.05603935,0.12006205,0.33877787,0.2640954,0.20610309
31015,2025-04-22,3,D2,3,D2,3,D2,True,0.012603797,0.054702442,0.14374512,0.40354764,0.26591665,0.11948434
31015,2025-04-29,2,D1,3,D2,3,D2,False,0.007842644,0.040120225,0.14977324,0.46716222,0.28184664,0.053255048
31015,2025-05-06,2,D1,3,D2,3,D2,False,0.0057649575,0.03276987,0.14691307,0.49693248,0.2895266,0.028092926
31015,2025-05-13,2,D1,3,D2,3,D2,False,0.0046021133,0.02806047,0.16418162,0.52751064,0.26431283,0.011332292
31015,2025-05-20,2,D1,3,D2,3,D2,False,0.0033123118,0.02065205,0.16076748,0.54525393,0.2631983,0.0068159304
31015,2025-05-27,2,D1,3,D2,3,D2,False,0.0025235247,0.016633652,0.15445517,0.5666864,0.25555426,0.0041470197
31015,2025-06-03,2,D1,3,D2,3,D2,False,0.0029739412,0.018230844,0.17518418,0.5713987,0.22948012,0.0027321938
31015,2025-06-10,2,D1,3,D2,3,D2,False,0.0031260543,0.019136675,0.19862825,0.5659118,0.21153915,0.0016580485
31015,2025-06-17,2,D1,3,D2,3,D2,False,0.0027206922,0.017500343,0.2035922,0.5660992,0.20890306,0.0011844184
31015,2025-06-24,2,D1,3,D2,3,D2,False,0.0027774281,0.016645055,0.20014328,0.56766325,0.21172103,0.0010499653
31015,2025-07-01,2,D1,3,D2,3,D2,False,0.0030058932,0.01704627,0.19863065,0.56586725,0.2144073,0.0010427228
31015,2025-07-08,2,D1,3,D2,3,D2,False,0.0034325046,0.018528229,0.20223898,0.568432,0.20641539,0.0009529021
31015,2025-07-15,1,D0,3,D2,3,D2,False,0.003942553,0.019613042,0.20035297,0.5710596,0.20408507,0.0009467569
31015,2025-07-22,1,D0,3,D2,3,D2,False,0.0048410166,0.02183005,0.20314369,0.56711525,0.20208764,0.0009823029
31015,2025-07-29,1,D0,3,D2,3,D2,False,0.0058854143,0.024213856,0.20486426,0.56078225,0.20321627,0.0010379277
31015,2025-08-05,1,D0,3,D2,3,D2,False,0.0067621334,0.02566534,0.20062588,0.5617517,0.20412749,0.0010674488
31015,2025-08-12,1,D0,3,D2,3,D2,False,0.0078098206,0.027907124,0.1968623,0.56661576,0.19968082,0.0011241285
31015,2025-08-19,1,D0,3,D2,3,D2,False,0.008952574,0.030818991,0.19779806,0.5670428,0.19423446,0.0011530407
31015,2025-08-26,1,D0,3,D2,3,D2,False,0.011763011,0.035720702,0.20159563,0.55603147,0.19338505,0.0015040393
31015,2025-09-02,1,D0,3,D2,3,D2,False,0.01513132,0.04341273,0.21218422,0.53527373,0.1919427,0.0020553402
31015,2025-09-09,1,D0,3,D2,3,D2,False,0.018817505,0.050874665,0.21552125,0.525221,0.18684457,0.0027210363
31015,2025-09-16,1,D0,3,D2,3,D2,False,0.02427518,0.06154151,0.21940066,0.51769096,0.17369506,0.003396719
31015,2025-09-23,1,D0,3,D2,3,D2,False,0.03467835,0.08334093,0.23242162,0.49643078,0.14908797,0.0040404284
31015,2025-09-30,1,D0,3,D2,3,D2,False,0.048924554,0.107243724,0.24549317,0.46682215,0.12676884,0.0047475793
31015,2025-10-07,1,D0,3,D2,3,D2,False,0.06393068,0.14001918,0.26067513,0.4295591,0.10032073,0.0054951264
31015,2025-10-14,1,D0,3,D2,3,D2,False,0.06579199,0.1542042,0.278516,0.41192514,0.084326625,0.0052360813
31015,2025-10-21,2,D1,3,D2,3,D2,False,0.07283279,0.17794585,0.29240203,0.3853744,0.06649346,0.0049514603
31015,2025-10-28,2,D1,3,D2,3,D2,False,0.061571248,0.17110614,0.2991544,0.39295638,0.07069349,0.004518365
31015,2025-11-04,2,D1,3,D2,3,D2,False,0.052141793,0.17026123,0.29906592,0.39951974,0.07485011,0.0041612475
31015,2025-11-11,2,D1,3,D2,3,D2,False,0.04933668,0.16741002,0.29960066,0.4001077,0.079294465,0.0042504715
31015,2025-11-18,2,D1,3,D2,3,D2,False,0.053991742,0.18004248,0.3018612,0.38679025,0.07326467,0.0040497133
31015,2025-11-25,2,D1,3,D2,3,D2,False,0.051573973,0.1944137,0.3010073,0.38024765,0.069157615,0.0035997515
31015,2025-12-02,2,D1,3,D2,3,D2,False,0.056457955,0.21155675,0.299366,0.3638099,0.065107115,0.0037022785
31015,2025-12-09,2,D1,3,D2,3,D2,False,0.0572,0.21774234,0.29837492,0.35715172,0.06567311,0.003857934
31015,2025-12-16,2,D1,3,D2,3,D2,False,0.053494323,0.2117089,0.30086777,0.35749105,0.07201464,0.0044233506
31015,2025-12-23,2,D1,3,D2,3,D2,False,0.04647098,0.20029128,0.29912233,0.3712412,0.078628734,0.0042454693
31015,2025-12-30,2,D1,3,D2,3,D2,False,0.041754603,0.20190388,0.30217063,0.3730294,0.07723943,0.003901955
31017,2022-01-04,0,None,3,D2,3,D2,False,0.036302052,0.21801366,0.32123235,0.34160045,0.073741406,0.009110046
31017,2022-01-11,0,None,3,D2,2,D1,False,0.036437016,0.22503819,0.32646465,0.33281904,0.0711271,0.008114002
31017,2022-01-18,0,None,2,D1,2,D1,False,0.034841992,0.23154451,0.33286214,0.32638395,0.067330025,0.00703733
31017,2022-01-25,1,D0,2,D1,2,D1,False,0.029958107,0.23900431,0.3396636,0.3234395,0.06188536,0.006049103
31017,2022-02-01,1,D0,2,D1,2,D1,False,0.027275745,0.2379475,0.34140363,0.32620466,0.06138645,0.005781995
31017,2022-02-08,1,D0,2,D1,2,D1,False,0.026315786,0.24408579,0.34148398,0.32554927,0.056940094,0.0056250524
31017,2022-02-15,2,D1,3,D2,2,D1,True,0.02555614,0.24328953,0.33369464,0.33874488,0.05312803,0.005586703
31017,2022-02-22,2,D1,2,D1,2,D1,True,0.026325943,0.25421932,0.33746386,0.3275759,0.048700374,0.0057145185
31017,2022-03-01,2,D1,2,D1,2,D1,True,0.027112287,0.25785482,0.33736643,0.3254458,0.047050368,0.0051703523
31017,2022-03-08,2,D1,2,D1,2,D1,True,0.027222857,0.24144988,0.34204113,0.33130965,0.052946467,0.0050300406
31017,2022-03-15,2,D1,3,D2,2,D1,True,0.026615188,0.22420068,0.33846706,0.35000038,0.055741746,0.00497493
31017,2022-03-22,2,D1,3,D2,3,D2,False,0.024783406,0.20429432,0.34079942,0.3677534,0.057392217,0.0049771667
31017,2022-03-29,3,D2,3,D2,3,D2,True,0.024277546,0.19894081,0.34517553,0.3703651,0.056626964,0.004614051
31017,2022-04-05,3,D2,3,D2,3,D2,True,0.020537034,0.1752677,0.3578028,0.38260972,0.059451733,0.0043310523
31017,2022-04-12,3,D2,3,D2,3,D2,True,0.018994182,0.16120327,0.36282605,0.39077732,0.06142909,0.004770111
31017,2022-04-19,3,D2,3,D2,3,D2,True,0.016984299,0.14210768,0.36458322,0.40467778,0.0670172,0.0046297573
31017,2022-04-26,3,D2,3,D2,3,D2,True,0.014471021,0.119292125,0.3595816,0.42730084,0.07549547,0.0038589532
31017,2022-05-03,3,D2,3,D2,3,D2,True,0.013048705,0.104509555,0.3574923,0.4409843,0.08079058,0.003174501
31017,2022-05-10,3,D2,3,D2,3,D2,True,0.013371539,0.08791202,0.3198948,0.46257612,0.11168964,0.0045558675
31017,2022-05-17,3,D2,3,D2,3,D2,True,0.0061784694,0.04077101,0.2395475,0.55328935,0.1568659,0.003347747
31017,2022-05-24,3,D2,3,D2,3,D2,True,0.004455267,0.028142793,0.21568449,0.5821944,0.16737512,0.002147926
31017,2022-05-31,3,D2,3,D2,3,D2,True,0.004512008,0.028299848,0.22302775,0.58433,0.15823448,0.0015959237
31017,2022-06-07,3,D2,3,D2,3,D2,True,0.0042675133,0.027712826,0.23490202,0.58033174,0.15164144,0.001144379
31017,2022-06-14,3,D2,3,D2,3,D2,True,0.0037416306,0.026665866,0.24182084,0.57599103,0.15093286,0.0008478102
31017,2022-06-21,3,D2,3,D2,3,D2,True,0.0033345486,0.023118986,0.21367157,0.5843648,0.17443308,0.0010770609
31017,2022-06-28,3,D2,3,D2,3,D2,True,0.0034449107,0.023259751,0.20705442,0.5845074,0.18049887,0.0012347167
31017,2022-07-05,3,D2,3,D2,3,D2,True,0.0035425716,0.022571018,0.2040061,0.58275187,0.18581514,0.0013133171
31017,2022-07-12,3,D2,3,D2,3,D2,True,0.0030531702,0.019939816,0.17901951,0.58593947,0.21008874,0.0019592925
31017,2022-07-19,3,D2,3,D2,3,D2,True,0.0025242076,0.01695031,0.15230778,0.5798861,0.24503942,0.003292271
31017,2022-07-26,3,D2,3,D2,3,D2,True,0.0023792356,0.015347419,0.13022327,0.56476,0.28149748,0.005792531
31017,2022-08-02,3,D2,3,D2,3,D2,True,0.0018353817,0.012088586,0.1026497,0.5356986,0.33570126,0.012026459
31017,2022-08-09,3,D2,3,D2,4,D3,False,0.0011932984,0.008785892,0.07282674,0.46627784,0.42164862,0.02926758
31017,2022-08-16,3,D2,4,D3,4,D3,False,0.0006096512,0.0053471485,0.045048427,0.37572756,0.5077015,0.06556579
31017,2022-08-23,3,D2,4,D3,4,D3,False,0.0003356066,0.003191072,0.023907345,0.23770273,0.54180926,0.19305395
31017,2022-08-30,3,D2,4,D3,4,D3,False,0.00015614461,0.0017428211,0.011420804,0.13055919,0.48493835,0.37118274
31017,2022-09-06,4,D3,5,D4,4,D3,True,8.551526e-05,0.0012121325,0.0069124657,0.07802436,0.4366116,0.47715396
31017,2022-09-13,4,D3,5,D4,4,D3,True,5.518391e-05,0.0009097947,0.005103815,0.058956303,0.41893363,0.5160413
31017,2022-09-20,4,D3,5,D4,4,D3,True,3.3770008e-05,0.00070435053,0.0037227368,0.039837703,0.40795195,0.54774946
31017,2022-09-27,4,D3,5,D4,4,D3,True,3.0160098e-05,0.00067071,0.0034049368,0.03352062,0.40600517,0.5563684
31017,2022-10-04,4,D3,5,D4,4,D3,True,2.4243765e-05,0.00058975536,0.002941549,0.027847383,0.40396613,0.5646309
31017,2022-10-11,4,D3,5,D4,4,D3,True,2.3195336e-05,0.00058747025,0.0028283466,0.024884792,0.40189287,0.56978333
31017,2022-10-18,4,D3,5,D4,4,D3,True,2.8034327e-05,0.0006667484,0.0030741526,0.02560765,0.40319532,0.5674281
31017,2022-10-25,4,D3,5,D4,4,D3,True,2.5441392e-05,0.0006162403,0.002877833,0.02444489,0.40157485,0.57046074
31017,2022-11-01,4,D3,5,D4,4,D3,True,2.541392e-05,0.0006236994,0.0028319536,0.023323849,0.39964077,0.57355434
31017,2022-11-08,4,D3,5,D4,4,D3,True,1.9340265e-05,0.0005183778,0.0024266574,0.020806061,0.39573172,0.5804978
31017,2022-11-15,5,D4,5,D4,4,D3,False,1.6005926e-05,0.00046870217,0.0021854166,0.018285012,0.39119846,0.58784646
31017,2022-11-22,5,D4,5,D4,4,D3,False,1.387665e-05,0.00043081882,0.0020203155,0.016884152,0.38856044,0.5920904
31017,2022-11-29,5,D4,5,D4,4,D3,False,1.2836659e-05,0.00041156833,0.0019492165,0.016232988,0.3867432,0.5946502
31017,2022-12-06,5,D4,5,D4,4,D3,False,9.507857e-06,0.0003357893,0.0016628453,0.01464131,0.384079,0.59927154
31017,2022-12-13,5,D4,5,D4,5,D4,True,7.330916e-06,0.00028404087,0.001490257,0.013644129,0.3814985,0.6030757
31017,2022-12-20,5,D4,5,D4,5,D4,True,5.7602706e-06,0.00024404234,0.0013302137,0.012661565,0.37857747,0.60718083
31017,2022-12-27,5,D4,5,D4,5,D4,True,4.597549e-06,0.00020749662,0.001177229,0.011992303,0.37815183,0.60846645
31017,2023-01-03,5,D4,5,D4,5,D4,True,3.697817e-06,0.00017687076,0.0010435272,0.011392247,0.3781302,0.6092535
31017,2023-01-10,4,D3,5,D4,5,D4,False,3.1453533e-06,0.00015669869,0.00095048675,0.011035774,0.37847653,0.6093773
31017,2023-01-17,4,D3,5,D4,5,D4,False,2.747425e-06,0.00014143856,0.0008899554,0.010758898,0.3772186,0.6109884
31017,2023-01-24,4,D3,5,D4,5,D4,False,2.662566e-06,0.00013982758,0.00088496174,0.010828196,0.3769006,0.6112438
31017,2023-01-31,4,D3,5,D4,5,D4,False,2.8535528e-06,0.00014819561,0.0009206885,0.011345006,0.37748298,0.61010027
31017,2023-02-07,4,D3,5,D4,5,D4,False,3.392241e-06,0.00016778642,0.0010118223,0.012571456,0.37863925,0.60760635
31017,2023-02-14,4,D3,5,D4,5,D4,False,4.0653244e-06,0.0001896415,0.0011342288,0.014216246,0.37982163,0.6046342
31017,2023-02-21,4,D3,5,D4,5,D4,False,4.854988e-06,0.0002149005,0.0012667617,0.01596694,0.38190818,0.6006383
31017,2023-02-28,4,D3,5,D4,4,D3,True,5.8312726e-06,0.00024367544,0.0014080572,0.018034296,0.3840224,0.59628576
31017,2023-03-07,4,D3,5,D4,4,D3,True,6.3741923e-06,0.00025932209,0.0014798793,0.019203192,0.3849992,0.5940521
31017,2023-03-14,4,D3,5,D4,4,D3,True,9.142217e-06,0.00032991092,0.0018273209,0.023708515,0.38776547,0.5863596
31017,2023-03-21,4,D3,5,D4,4,D3,True,1.09516595e-05,0.0003732161,0.002035418,0.02640341,0.38887343,0.5823035
31017,2023-03-28,4,D3,5,D4,4,D3,True,1.8816278e-05,0.00052824384,0.0027901928,0.035582356,0.3916634,0.56941706
31017,2023-04-04,4,D3,5,D4,4,D3,True,3.6701094e-05,0.0007911566,0.0039975964,0.052389447,0.38980436,0.55298066
31017,2023-04-11,4,D3,5,D4,4,D3,True,8.699522e-05,0.0013258668,0.0065764072,0.07826542,0.39235035,0.52139497
31017,2023-04-18,4,D3,5,D4,4,D3,True,0.00021523186,0.0022570912,0.011636936,0.13427815,0.39253515,0.45907748
31017,2023-04-25,4,D3,4,D3,4,D3,True,0.00039645462,0.0030476414,0.020209176,0.22509187,0.4367569,0.3144979
31017,2023-05-02,4,D3,4,D3,4,D3,True,0.0005758102,0.003907338,0.035236694,0.35158896,0.46296033,0.14573091
31017,2023-05-09,4,D3,4,D3,4,D3,True,0.0006277138,0.004977872,0.052328836,0.4273254,0.44817156,0.06656862
31017,2023-05-16,3,D2,3,D2,4,D3,False,0.0007253448,0.006040212,0.07053575,0.4939563,0.40287355,0.025868895
31017,2023-05-23,3,D2,3,D2,3,D2,True,0.0008058222,0.00661181,0.086909585,0.53925234,0.35611063,0.010309839
31017,2023-05-30,3,D2,3,D2,3,D2,True,0.0010404111,0.008001223,0.10522891,0.56231356,0.31770322,0.005712741
31017,2023-06-06,3,D2,3,D2,3,D2,True,0.0015680215,0.011610984,0.14463991,0.5691558,0.27000198,0.0030232684
31017,2023-06-13,3,D2,3,D2,3,D2,True,0.0021544842,0.014946495,0.1777768,0.5621994,0.24102081,0.0019020663
31017,2023-06-20,3,D2,3,D2,3,D2,True,0.002554935,0.016875645,0.19399743,0.5557959,0.22933933,0.0014367709
31017,2023-06-27,3,D2,3,D2,3,D2,True,0.0028479171,0.017547116,0.19781074,0.5583007,0.2222524,0.0012411337
31017,2023-07-04,2,D1,3,D2,3,D2,False,0.0034034515,0.018228432,0.19772984,0.5648726,0.2146564,0.0011093011
31017,2023-07-11,2,D1,3,D2,3,D2,False,0.004289675,0.02018785,0.20025606,0.5622734,0.2119083,0.0010846778
31017,2023-07-18,2,D1,3,D2,3,D2,False,0.0049930583,0.021965232,0.20130078,0.55777025,0.21288769,0.0010830156
31017,2023-07-25,2,D1,3,D2,3,D2,False,0.005789044,0.023646683,0.201418,0.55423707,0.21372369,0.0011855105
31017,2023-08-01,1,D0,3,D2,3,D2,False,0.0064378045,0.024608247,0.19783881,0.55779016,0.21216978,0.0011551547
31017,2023-08-08,1,D0,3,D2,3,D2,False,0.007718975,0.026814522,0.19546269,0.5502472,0.2183621,0.0013945159
31017,2023-08-15,2,D1,3,D2,3,D2,False,0.008539172,0.029391794,0.20172103,0.54535717,0.21344495,0.00154583
31017,2023-08-22,2,D1,3,D2,3,D2,False,0.00934253,0.03214558,0.21155645,0.53627956,0.20883976,0.0018361076
31017,2023-08-29,2,D1,3,D2,3,D2,False,0.010119559,0.036581054,0.22374131,0.51501536,0.2119834,0.0025593552
31017,2023-09-05,2,D1,3,D2,3,D2,False,0.011346277,0.041321274,0.22550373,0.5006465,0.2175091,0.0036731057
31017,2023-09-12,1,D0,3,D2,3,D2,False,0.012969799,0.04693743,0.2187458,0.48556522,0.2295715,0.0062102983
31017,2023-09-19,1,D0,3,D2,3,D2,False,0.015472439,0.053679723,0.22067213,0.48064402,0.22158515,0.00794649
31017,2023-09-26,0,None,3,D2,3,D2,False,0.018033264,0.061688777,0.21840666,0.46660542,0.2237661,0.011499776
31017,2023-10-03,0,None,3,D2,3,D2,False,0.02248775,0.075997904,0.2166824,0.44693285,0.22069229,0.017206704
31017,2023-10-10,0,None,3,D2,3,D2,False,0.026137216,0.08651215,0.22426544,0.44040272,0.20560795,0.017074464
31017,2023-10-17,0,None,3,D2,3,D2,False,0.03170323,0.10225043,0.22910312,0.41960746,0.19522554,0.022110175
31017,2023-10-24,0,None,3,D2,3,D2,False,0.03408792,0.12541477,0.24694459,0.40343663,0.16635844,0.023757659
31017,2023-10-31,0,None,3,D2,3,D2,False,0.03561378,0.13754725,0.25527847,0.3929579,0.15253153,0.026071105
31017,2023-11-07,0,None,3,D2,3,D2,False,0.035167262,0.14559764,0.25488603,0.3884417,0.14733662,0.028570682
31017,2023-11-14,0,None,3,D2,3,D2,False,0.036769886,0.16175455,0.26806623,0.37393916,0.13161418,0.027855977
31017,2023-11-21,0,None,3,D2,3,D2,False,0.037853956,0.18018341,0.2872891,0.3516088,0.11691757,0.026147118
31017,2023-11-28,0,None,3,D2,3,D2,False,0.040012836,0.19670509,0.30758744,0.32302922,0.107935935,0.024729509
31017,2023-12-05,0,None,2,D1,2,D1,False,0.043724727,0.20905645,0.31780225,0.3023978,0.10200573,0.025013011
31017,2023-12-12,0,None,2,D1,2,D1,False,0.041416824,0.20982029,0.31650847,0.3081905,0.10155026,0.02251365
31017,2023-12-19,0,None,2,D1,2,D1,False,0.04373435,0.22246265,0.31674972,0.30540046,0.092272215,0.019380525
31017,2023-12-26,0,None,3,D2,2,D1,False,0.044426225,0.2192223,0.3098354,0.31430772,0.0927097,0.019498574
31017,2024-01-02,0,None,3,D2,2,D1,False,0.048837576,0.21758515,0.30515307,0.31222755,0.09498766,0.021209037
31017,2024-01-09,0,None,3,D2,3,D2,False,0.050106186,0.21308687,0.2986239,0.3188445,0.09743693,0.021901648
31017,2024-01-16,0,None,3,D2,2,D1,False,0.057495084,0.20979343,0.29874218,0.30045992,0.10056231,0.03294703
31017,2024-01-23,0,None,2,D1,2,D1,False,0.07246088,0.20435935,0.27779925,0.26848897,0.11206931,0.06482223
31017,2024-01-30,0,None,2,D1,2,D1,False,0.08800616,0.20874143,0.25854665,0.24639133,0.110198274,0.08811612
31017,2024-02-06,0,None,2,D1,2,D1,False,0.10233103,0.22169751,0.26424855,0.23364699,0.095590234,0.082485706
31017,2024-02-13,0,None,2,D1,2,D1,False,0.10101161,0.22166033,0.26268986,0.23987833,0.09454817,0.080211625
31017,2024-02-20,0,None,3,D2,2,D1,False,0.092223965,0.20845988,0.25238585,0.25806653,0.10377061,0.08509316
31017,2024-02-27,0,None,3,D2,3,D2,False,0.07891392,0.20500726,0.25338176,0.27783975,0.10684747,0.0780098
31017,2024-03-05,0,None,3,D2,3,D2,False,0.055742256,0.17267214,0.22474492,0.3152128,0.13996421,0.09166367
31017,2024-03-12,0,None,3,D2,3,D2,False,0.06073355,0.18495429,0.24136731,0.31464303,0.12759472,0.070707165
31017,2024-03-19,0,None,3,D2,3,D2,False,0.048668876,0.17429827,0.22933581,0.33602446,0.14075747,0.07091512
31017,2024-03-26,0,None,3,D2,3,D2,False,0.048308656,0.18470249,0.24382,0.3394821,0.13113587,0.052550912
31017,2024-04-02,0,None,3,D2,3,D2,False,0.053421136,0.20611335,0.2731721,0.32688,0.10947077,0.030942632
31017,2024-04-09,0,None,3,D2,3,D2,False,0.05691978,0.21456417,0.2946999,0.32601514,0.09201787,0.015783088
31017,2024-04-16,0,None,3,D2,3,D2,False,0.050970465,0.21159837,0.31113234,0.33849102,0.07882499,0.008982769
31017,2024-04-23,0,None,3,D2,3,D2,False,0.046535354,0.1989911,0.31999984,0.35041785,0.07757015,0.0064856904
31017,2024-04-30,0,None,3,D2,3,D2,False,0.03963501,0.17755204,0.32392594,0.3681331,0.08528761,0.0054662265
31017,2024-05-07,0,None,3,D2,3,D2,False,0.03001104,0.14691585,0.32630926,0.39232415,0.09941824,0.0050214585
31017,2024-05-14,0,None,3,D2,3,D2,False,0.025522292,0.13321394,0.3390897,0.40010026,0.098436534,0.0036371807
31017,2024-05-21,0,None,3,D2,3,D2,False,0.017991355,0.101899534,0.33816394,0.42610088,0.11332142,0.0025228492
31017,2024-05-28,0,None,3,D2,3,D2,False,0.011426838,0.06905665,0.31548685,0.4689773,0.13364427,0.0014081977
31017,2024-06-04,0,None,3,D2,3,D2,False,0.0092414,0.057875928,0.30462041,0.49451885,0.13277826,0.0009652186
31017,2024-06-11,0,None,3,D2,3,D2,False,0.008741962,0.05508985,0.30053687,0.5035277,0.13126683,0.00083679083
31017,2024-06-18,0,None,3,D2,3,D2,False,0.007523699,0.04441448,0.2777212,0.52596295,0.14364095,0.0007367223
31017,2024-06-25,0,None,3,D2,3,D2,False,0.0068711247,0.03862586,0.26091743,0.53987867,0.15299043,0.0007165407
31017,2024-07-02,0,None,3,D2,3,D2,False,0.0068396027,0.034336172,0.24627568,0.5506079,0.16119897,0.0007416482
31017,2024-07-09,0,None,3,D2,3,D2,False,0.0068675866,0.03481721,0.24543385,0.55720186,0.1549857,0.0006937697
31017,2024-07-16,0,None,3,D2,3,D2,False,0.007690534,0.035736904,0.24753095,0.55739015,0.15094478,0.0007066525
31017,2024-07-23,0,None,3,D2,3,D2,False,0.008753419,0.039043304,0.24643677,0.54800177,0.15690233,0.000862397
31017,2024-07-30,0,None,3,D2,3,D2,False,0.008373937,0.038396597,0.23865868,0.55231315,0.16136388,0.00089382014
31017,2024-08-06,0,None,3,D2,3,D2,False,0.009258695,0.04001866,0.23535003,0.55380553,0.16046642,0.001100633
31017,2024-08-13,0,None,3,D2,3,D2,False,0.012275007,0.04594826,0.2366861,0.5426157,0.16090786,0.0015671008
31017,2024-08-20,1,D0,3,D2,3,D2,False,0.016647825,0.054819945,0.23604563,0.5257958,0.16427656,0.0024142668
31017,2024-08-27,1,D0,3,D2,3,D2,False,0.022667345,0.06539389,0.2367325,0.5055215,0.16609816,0.0035866534
31017,2024-09-03,1,D0,3,D2,3,D2,False,0.026698256,0.07606066,0.23981997,0.48752195,0.16511182,0.0047872956
31017,2024-09-10,1,D0,3,D2,3,D2,False,0.031041931,0.086994484,0.24171159,0.46579942,0.167387,0.0070655467
31017,2024-09-17,2,D1,3,D2,3,D2,False,0.030982368,0.08884234,0.23274273,0.4519033,0.18440503,0.011124218
31017,2024-09-24,2,D1,3,D2,3,D2,False,0.030591207,0.08702688,0.20965359,0.42213374,0.22454292,0.026051637
31017,2024-10-01,3,D2,3,D2,4,D3,False,0.013172041,0.05775421,0.14475608,0.35141814,0.33295912,0.09994037
31017,2024-10-08,3,D2,4,D3,4,D3,False,0.0026640776,0.018348068,0.059468433,0.23364873,0.46531197,0.2205587
31017,2024-10-15,3,D2,4,D3,4,D3,False,0.0010317595,0.009406553,0.030887002,0.1379161,0.46802017,0.3527384
31017,2024-10-22,3,D2,5,D4,4,D3,False,0.0003070417,0.0035594504,0.013341041,0.0743857,0.4393809,0.46902597
31017,2024-10-29,3,D2,5,D4,4,D3,False,0.00031266463,0.0035963962,0.012517158,0.07326338,0.41021323,0.5000972
31017,2024-11-05,3,D2,5,D4,4,D3,False,0.00046764695,0.0046924786,0.0145485345,0.07451383,0.3959588,0.5098187
31017,2024-11-12,3,D2,5,D4,4,D3,False,0.00063042797,0.005697352,0.01699499,0.078658484,0.39174706,0.50627166
31017,2024-11-19,3,D2,5,D4,4,D3,False,0.00043631764,0.0044953953,0.014308434,0.066652976,0.3905354,0.5235715
31017,2024-11-26,3,D2,5,D4,4,D3,False,0.00034890554,0.0038922424,0.012696851,0.05753409,0.38532543,0.5402025
31017,2024-12-03,3,D2,5,D4,4,D3,False,0.00029758707,0.0035622725,0.011806921,0.051471874,0.38207328,0.55078804
31017,2024-12-10,3,D2,5,D4,4,D3,False,0.000268878,0.0033912954,0.011327719,0.046784613,0.37920856,0.5590189
31017,2024-12-17,3,D2,5,D4,4,D3,False,0.00022428873,0.0030338396,0.010238993,0.044421967,0.37831575,0.5637651
31017,2024-12-24,3,D2,5,D4,4,D3,False,0.00022825187,0.0031716365,0.010304863,0.045919504,0.3783895,0.5619863
31017,2024-12-31,3,D2,5,D4,4,D3,False,0.00019462152,0.0028854837,0.009498877,0.04267273,0.37172168,0.57302666
31017,2025-01-07,3,D2,5,D4,4,D3,False,0.00017268935,0.0027036704,0.00886839,0.044065624,0.37314552,0.5710441
31017,2025-01-14,3,D2,5,D4,4,D3,False,0.00016243651,0.0027016038,0.008774104,0.046319682,0.37636214,0.56568
31017,2025-01-21,3,D2,5,D4,4,D3,False,0.000218914,0.0033858034,0.010565002,0.053493746,0.3817218,0.55061466
31017,2025-01-28,3,D2,5,D4,4,D3,False,0.0003894416,0.005258041,0.015939372,0.07264548,0.38943523,0.5163324
31017,2025-02-04,3,D2,5,D4,4,D3,False,0.00052863226,0.006670103,0.019943038,0.08517952,0.3913598,0.49631888
31017,2025-02-11,3,D2,5,D4,4,D3,False,0.00070888054,0.008771614,0.024901114,0.0987266,0.3923816,0.47451022
31017,2025-02-18,3,D2,5,D4,4,D3,False,0.000895821,0.010979167,0.029129554,0.10437035,0.3876799,0.4669452
31017,2025-02-25,3,D2,5,D4,4,D3,False,0.0011193282,0.01263193,0.031993594,0.11377754,0.38139933,0.45907822
31017,2025-03-04,3,D2,5,D4,4,D3,False,0.0014905236,0.015287481,0.037511565,0.13044661,0.37240216,0.44286168
31017,2025-03-11,3,D2,5,D4,4,D3,False,0.0022468432,0.018839505,0.045052532,0.15740314,0.358836,0.41762194
31017,2025-03-18,3,D2,5,D4,4,D3,False,0.0034571437,0.024246253,0.058398467,0.1967604,0.34252867,0.37460902
31017,2025-03-25,3,D2,4,D3,4,D3,False,0.0055092988,0.033896778,0.07780911,0.2488963,0.31951237,0.31437615
31017,2025-04-01,3,D2,3,D2,4,D3,False,0.008040631,0.042842347,0.09522679,0.29576427,0.2901109,0.26801503
31017,2025-04-08,2,D1,3,D2,4,D3,False,0.0119560845,0.050705682,0.107262045,0.3173547,0.26854265,0.24417882
31017,2025-04-15,2,D1,3,D2,3,D2,False,0.014922305,0.05603935,0.12006205,0.33877787,0.2640954,0.20610309
31017,2025-04-22,2,D1,3,D2,3,D2,False,0.012603797,0.054702442,0.14374512,0.40354764,0.26591665,0.11948434
31017,2025-04-29,2,D1,3,D2,3,D2,False,0.007842644,0.040120225,0.14977324,0.46716222,0.28184664,0.053255048
31017,2025-05-06,2,D1,3,D2,3,D2,False,0.0057649575,0.03276987,0.14691307,0.49693248,0.2895266,0.028092926
31017,2025-05-13,2,D1,3,D2,3,D2,False,0.0046021133,0.02806047,0.16418162,0.52751064,0.26431283,0.011332292
31017,2025-05-20,2,D1,3,D2,3,D2,False,0.0033123118,0.02065205,0.16076748,0.54525393,0.2631983,0.0068159304
31017,2025-05-27,2,D1,3,D2,3,D2,False,0.0025235247,0.016633652,0.15445517,0.5666864,0.25555426,0.0041470197
31017,2025-06-03,2,D1,3,D2,3,D2,False,0.0029739412,0.018230844,0.17518418,0.5713987,0.22948012,0.0027321938
31017,2025-06-10,2,D1,3,D2,3,D2,False,0.0031260543,0.019136675,0.19862825,0.5659118,0.21153915,0.0016580485
31017,2025-06-17,2,D1,3,D2,3,D2,False,0.0027206922,0.017500343,0.2035922,0.5660992,0.20890306,0.0011844184
31017,2025-06-24,2,D1,3,D2,3,D2,False,0.0027774281,0.016645055,0.20014328,0.56766325,0.21172103,0.0010499653
31017,2025-07-01,2,D1,3,D2,3,D2,False,0.0030058934,0.017046269,0.19863056,0.5658673,0.21440732,0.001042723
31017,2025-07-08,2,D1,3,D2,3,D2,False,0.0034325041,0.018528232,0.202239,0.5684319,0.20641546,0.00095290196
31017,2025-07-15,1,D0,3,D2,3,D2,False,0.003942553,0.019613042,0.20035297,0.5710596,0.20408507,0.0009467569
31017,2025-07-22,1,D0,3,D2,3,D2,False,0.0048410166,0.02183005,0.20314369,0.56711525,0.20208764,0.0009823029
31017,2025-07-29,1,D0,3,D2,3,D2,False,0.0058854143,0.024213856,0.20486426,0.56078225,0.20321627,0.0010379277
31017,2025-08-05,1,D0,3,D2,3,D2,False,0.0067621334,0.02566534,0.20062588,0.5617517,0.20412749,0.0010674488
31017,2025-08-12,1,D0,3,D2,3,D2,False,0.0078098206,0.027907124,0.1968623,0.56661576,0.19968082,0.0011241285
31017,2025-08-19,1,D0,3,D2,3,D2,False,0.008952574,0.030818991,0.19779806,0.5670428,0.19423446,0.0011530407
31017,2025-08-26,1,D0,3,D2,3,D2,False,0.011763011,0.035720702,0.20159563,0.55603147,0.19338505,0.0015040393
31017,2025-09-02,1,D0,3,D2,3,D2,False,0.01513132,0.04341273,0.21218422,0.53527373,0.1919427,0.0020553402
31017,2025-09-09,1,D0,3,D2,3,D2,False,0.018817505,0.050874665,0.21552125,0.525221,0.18684457,0.0027210363
31017,2025-09-16,1,D0,3,D2,3,D2,False,0.02427518,0.06154151,0.21940066,0.51769096,0.17369506,0.003396719
31017,2025-09-23,1,D0,3,D2,3,D2,False,0.03467835,0.08334093,0.23242162,0.49643078,0.14908797,0.0040404284
31017,2025-09-30,1,D0,3,D2,3,D2,False,0.048924554,0.107243724,0.24549317,0.46682215,0.12676884,0.0047475793
31017,2025-10-07,1,D0,3,D2,3,D2,False,0.06393068,0.14001918,0.26067513,0.4295591,0.10032073,0.0054951264
31017,2025-10-14,1,D0,3,D2,3,D2,False,0.06579199,0.1542042,0.278516,0.41192514,0.084326625,0.0052360813
31017,2025-10-21,0,None,3,D2,3,D2,False,0.07283279,0.17794585,0.29240203,0.3853744,0.06649346,0.0049514603
31017,2025-10-28,0,None,3,D2,3,D2,False,0.06157126,0.17110616,0.29915437,0.39295635,0.07069351,0.004518367
31017,2025-11-04,0,None,3,D2,3,D2,False,0.052141774,0.17026123,0.29906586,0.39951968,0.07485011,0.004161249
31017,2025-11-11,0,None,3,D2,3,D2,False,0.04933668,0.16741002,0.29960066,0.4001077,0.079294465,0.0042504715
31017,2025-11-18,0,None,3,D2,3,D2,False,0.053991742,0.18004248,0.3018612,0.38679025,0.07326467,0.0040497133
31017,2025-11-25,0,None,3,D2,3,D2,False,0.051573973,0.1944137,0.3010073,0.38024765,0.069157615,0.0035997515
31017,2025-12-02,0,None,3,D2,3,D2,False,0.056457955,0.21155675,0.299366,0.3638099,0.065107115,0.0037022785
31017,2025-12-09,0,None,3,D2,3,D2,False,0.0572,0.21774234,0.29837492,0.35715172,0.06567311,0.003857934
31017,2025-12-16,0,None,3,D2,3,D2,False,0.053494323,0.2117089,0.30086777,0.35749105,0.07201464,0.0044233506
31017,2025-12-23,1,D0,3,D2,3,D2,False,0.04647098,0.20029128,0.29912233,0.3712412,0.078628734,0.0042454693
31017,2025-12-30,1,D0,3,D2,3,D2,False,0.041754603,0.20190388,0.30217063,0.3730294,0.07723943,0.003901955
31019,2022-01-04,1,D0,3,D2,3,D2,False,0.036302052,0.21801366,0.32123235,0.34160045,0.073741406,0.009110046
31019,2022-01-11,1,D0,3,D2,2,D1,False,0.036437016,0.22503819,0.32646465,0.33281904,0.0711271,0.008114002
31019,2022-01-18,1,D0,2,D1,2,D1,False,0.034841992,0.23154451,0.33286214,0.32638395,0.067330025,0.00703733
31019,2022-01-25,1,D0,2,D1,2,D1,False,0.029958107,0.23900431,0.3396636,0.3234395,0.06188536,0.006049103
31019,2022-02-01,2,D1,2,D1,2,D1,True,0.027275745,0.2379475,0.34140363,0.32620466,0.06138645,0.005781995
31019,2022-02-08,2,D1,2,D1,2,D1,True,0.02631578,0.24408579,0.341484,0.32554927,0.05694008,0.0056250477
31019,2022-02-15,2,D1,3,D2,2,D1,True,0.025556142,0.24328955,0.33369467,0.3387449,0.05312802,0.0055867033
31019,2022-02-22,2,D1,2,D1,2,D1,True,0.026325943,0.25421932,0.33746386,0.3275759,0.048700374,0.0057145185
31019,2022-03-01,2,D1,2,D1,2,D1,True,0.027112287,0.25785482,0.33736643,0.3254458,0.047050368,0.0051703523
31019,2022-03-08,2,D1,2,D1,2,D1,True,0.027222857,0.24144988,0.34204113,0.33130965,0.052946467,0.0050300406
31019,2022-03-15,2,D1,3,D2,2,D1,True,0.026615188,0.22420068,0.33846706,0.35000038,0.055741746,0.00497493
31019,2022-03-22,2,D1,3,D2,3,D2,False,0.024783406,0.20429432,0.34079942,0.3677534,0.057392217,0.0049771667
31019,2022-03-29,3,D2,3,D2,3,D2,True,0.024277546,0.19894081,0.34517553,0.3703651,0.056626964,0.004614051
31019,2022-04-05,3,D2,3,D2,3,D2,True,0.020537034,0.1752677,0.3578028,0.38260972,0.059451733,0.0043310523
31019,2022-04-12,3,D2,3,D2,3,D2,True,0.018994182,0.16120327,0.36282605,0.39077732,0.06142909,0.004770111
31019,2022-04-19,3,D2,3,D2,3,D2,True,0.016984299,0.14210768,0.36458322,0.40467778,0.0670172,0.0046297573
31019,2022-04-26,3,D2,3,D2,3,D2,True,0.014471021,0.119292125,0.3595816,0.42730084,0.07549547,0.0038589532
31019,2022-05-03,3,D2,3,D2,3,D2,True,0.013048705,0.104509555,0.3574923,0.4409843,0.08079058,0.003174501
31019,2022-05-10,3,D2,3,D2,3,D2,True,0.013371539,0.08791202,0.3198948,0.46257612,0.11168964,0.0045558675
31019,2022-05-17,3,D2,3,D2,3,D2,True,0.0061784694,0.04077101,0.2395475,0.55328935,0.1568659,0.003347747
31019,2022-05-24,3,D2,3,D2,3,D2,True,0.004455267,0.028142793,0.21568449,0.5821944,0.16737512,0.002147926
31019,2022-05-31,3,D2,3,D2,3,D2,True,0.004512008,0.028299848,0.22302775,0.58433,0.15823448,0.0015959237
31019,2022-06-07,3,D2,3,D2,3,D2,True,0.0042675156,0.027712839,0.23490208,0.58033174,0.15164147,0.0011443795
31019,2022-06-14,3,D2,3,D2,3,D2,True,0.0037416292,0.026665857,0.24182074,0.5759911,0.15093282,0.0008478103
31019,2022-06-21,3,D2,3,D2,3,D2,True,0.0033345486,0.023118986,0.21367157,0.5843648,0.17443308,0.0010770609
31019,2022-06-28,3,D2,3,D2,3,D2,True,0.0034449107,0.023259751,0.20705442,0.5845074,0.18049887,0.0012347167
31019,2022-07-05,3,D2,3,D2,3,D2,True,0.0035425716,0.022571018,0.2040061,0.58275187,0.18581514,0.0013133171
31019,2022-07-12,3,D2,3,D2,3,D2,True,0.0030531702,0.019939816,0.17901951,0.58593947,0.21008874,0.0019592925
31019,2022-07-19,3,D2,3,D2,3,D2,True,0.0025242076,0.01695031,0.15230778,0.5798861,0.24503942,0.003292271
31019,2022-07-26,2,D1,3,D2,3,D2,False,0.0023792356,0.015347419,0.13022327,0.56476,0.28149748,0.005792531
31019,2022-08-02,2,D1,3,D2,3,D2,False,0.0018353817,0.012088586,0.1026497,0.5356986,0.33570126,0.012026459
31019,2022-08-09,2,D1,3,D2,4,D3,False,0.0011932984,0.008785892,0.07282674,0.46627784,0.42164862,0.02926758
31019,2022-08-16,2,D1,4,D3,4,D3,False,0.0006096512,0.0053471485,0.045048427,0.37572756,0.5077015,0.06556579
31019,2022-08-23,2,D1,4,D3,4,D3,False,0.0003356066,0.003191072,0.023907345,0.23770273,0.54180926,0.19305395
31019,2022-08-30,3,D2,4,D3,4,D3,False,0.00015614461,0.0017428211,0.011420804,0.13055919,0.48493835,0.37118274
31019,2022-09-06,3,D2,5,D4,4,D3,False,8.551526e-05,0.0012121325,0.0069124657,0.07802436,0.4366116,0.47715396
31019,2022-09-13,3,D2,5,D4,4,D3,False,5.518391e-05,0.0009097947,0.005103815,0.058956303,0.41893363,0.5160413
31019,2022-09-20,3,D2,5,D4,4,D3,False,3.3770015e-05,0.00070435036,0.003722736,0.03983771,0.40795186,0.5477496
31019,2022-09-27,3,D2,5,D4,4,D3,False,3.0160103e-05,0.0006707102,0.0034049377,0.033520628,0.40600505,0.5563685
31019,2022-10-04,3,D2,5,D4,4,D3,False,2.4243765e-05,0.00058975536,0.002941549,0.027847383,0.40396613,0.5646309
31019,2022-10-11,3,D2,5,D4,4,D3,False,2.3195336e-05,0.00058747025,0.0028283466,0.024884792,0.40189287,0.56978333
31019,2022-10-18,3,D2,5,D4,4,D3,False,2.8034327e-05,0.0006667484,0.0030741526,0.02560765,0.40319532,0.5674281
31019,2022-10-25,3,D2,5,D4,4,D3,False,2.5441392e-05,0.0006162403,0.002877833,0.02444489,0.40157485,0.57046074
31019,2022-11-01,3,D2,5,D4,4,D3,False,2.541392e-05,0.0006236994,0.0028319536,0.023323849,0.39964077,0.57355434
31019,2022-11-08,3,D2,5,D4,4,D3,False,1.9340265e-05,0.0005183778,0.0024266574,0.020806061,0.39573172,0.5804978
31019,2022-11-15,3,D2,5,D4,4,D3,False,1.6005926e-05,0.00046870217,0.0021854166,0.018285012,0.39119846,0.58784646
31019,2022-11-22,3,D2,5,D4,4,D3,False,1.387665e-05,0.00043081882,0.0020203155,0.016884152,0.38856044,0.5920904
31019,2022-11-29,3,D2,5,D4,4,D3,False,1.2836659e-05,0.00041156833,0.0019492165,0.016232988,0.3867432,0.5946502
31019,2022-12-06,3,D2,5,D4,4,D3,False,9.507857e-06,0.0003357893,0.0016628453,0.01464131,0.384079,0.59927154
31019,2022-12-13,3,D2,5,D4,5,D4,False,7.330916e-06,0.00028404087,0.001490257,0.013644129,0.3814985,0.6030757
31019,2022-12-20,3,D2,5,D4,5,D4,False,5.7602706e-06,0.00024404234,0.0013302137,0.012661565,0.37857747,0.60718083
31019,2022-12-27,3,D2,5,D4,5,D4,False,4.597549e-06,0.00020749662,0.001177229,0.011992303,0.37815183,0.60846645
31019,2023-01-03,3,D2,5,D4,5,D4,False,3.697817e-06,0.00017687076,0.0010435272,0.011392247,0.3781302,0.6092535
31019,2023-01-10,3,D2,5,D4,5,D4,False,3.1453533e-06,0.00015669869,0.00095048675,0.011035774,0.37847653,0.6093773
31019,2023-01-17,3,D2,5,D4,5,D4,False,2.7474273e-06,0.00014143855,0.00088995614,0.010758901,0.37721872,0.6109883
31019,2023-01-24,3,D2,5,D4,5,D4,False,2.6625682e-06,0.00013982768,0.000884962,0.010828194,0.37690073,0.61124367
31019,2023-01-31,3,D2,5,D4,5,D4,False,2.8535528e-06,0.00014819561,0.0009206885,0.011345006,0.37748298,0.61010027
31019,2023-02-07,3,D2,5,D4,5,D4,False,3.392241e-06,0.00016778642,0.0010118223,0.012571456,0.37863925,0.60760635
31019,2023-02-14,3,D2,5,D4,5,D4,False,4.0653244e-06,0.0001896415,0.0011342288,0.014216246,0.37982163,0.6046342
31019,2023-02-21,3,D2,5,D4,5,D4,False,4.854988e-06,0.0002149005,0.0012667617,0.01596694,0.38190818,0.6006383
31019,2023-02-28,3,D2,5,D4,4,D3,False,5.8312726e-06,0.00024367544,0.0014080572,0.018034296,0.3840224,0.59628576
31019,2023-03-07,3,D2,5,D4,4,D3,False,6.3741923e-06,0.00025932209,0.0014798793,0.019203192,0.3849992,0.5940521
31019,2023-03-14,3,D2,5,D4,4,D3,False,9.142217e-06,0.00032991092,0.0018273209,0.023708515,0.38776547,0.5863596
31019,2023-03-21,3,D2,5,D4,4,D3,False,1.09516595e-05,0.0003732161,0.002035418,0.02640341,0.38887343,0.5823035
31019,2023-03-28,3,D2,5,D4,4,D3,False,1.8816278e-05,0.00052824384,0.0027901928,0.035582356,0.3916634,0.56941706
31019,2023-04-04,3,D2,5,D4,4,D3,False,3.6701094e-05,0.0007911566,0.0039975964,0.052389447,0.38980436,0.55298066
31019,2023-04-11,3,D2,5,D4,4,D3,False,8.699522e-05,0.0013258668,0.0065764072,0.07826542,0.39235035,0.52139497
31019,2023-04-18,3,D2,5,D4,4,D3,False,0.00021523186,0.0022570912,0.011636936,0.13427815,0.39253515,0.45907748
31019,2023-04-25,3,D2,4,D3,4,D3,False,0.00039645462,0.0030476414,0.020209176,0.22509187,0.4367569,0.3144979
31019,2023-05-02,3,D2,4,D3,4,D3,False,0.00057581003,0.0039073387,0.035236698,0.35158902,0.46296018,0.14573097
31019,2023-05-09,3,D2,4,D3,4,D3,False,0.00062771357,0.00497787,0.05232882,0.42732552,0.44817156,0.066568606
31019,2023-05-16,3,D2,3,D2,4,D3,False,0.0007253448,0.006040212,0.07053575,0.4939563,0.40287355,0.025868895
31019,2023-05-23,3,D2,3,D2,3,D2,True,0.0008058222,0.00661181,0.086909585,0.53925234,0.35611063,0.010309839
31019,2023-05-30,3,D2,3,D2,3,D2,True,0.0010404111,0.008001223,0.10522891,0.56231356,0.31770322,0.005712741
31019,2023-06-06,3,D2,3,D2,3,D2,True,0.0015680215,0.011610984,0.14463991,0.5691558,0.27000198,0.0030232684
31019,2023-06-13,3,D2,3,D2,3,D2,True,0.0021544842,0.014946495,0.1777768,0.5621994,0.24102081,0.0019020663
31019,2023-06-20,3,D2,3,D2,3,D2,True,0.002554935,0.016875645,0.19399743,0.5557959,0.22933933,0.0014367709
31019,2023-06-27,3,D2,3,D2,3,D2,True,0.0028479171,0.017547116,0.19781074,0.5583007,0.2222524,0.0012411337
31019,2023-07-04,3,D2,3,D2,3,D2,True,0.0034034515,0.018228432,0.19772984,0.5648726,0.2146564,0.0011093011
31019,2023-07-11,3,D2,3,D2,3,D2,True,0.004289675,0.02018785,0.20025606,0.5622734,0.2119083,0.0010846778
31019,2023-07-18,3,D2,3,D2,3,D2,True,0.0049930583,0.021965232,0.20130078,0.55777025,0.21288769,0.0010830156
31019,2023-07-25,3,D2,3,D2,3,D2,True,0.005789044,0.023646683,0.201418,0.55423707,0.21372369,0.0011855105
31019,2023-08-01,3,D2,3,D2,3,D2,True,0.0064378045,0.024608247,0.19783881,0.55779016,0.21216978,0.0011551547
31019,2023-08-08,3,D2,3,D2,3,D2,True,0.007718975,0.026814522,0.19546269,0.5502472,0.2183621,0.0013945159
31019,2023-08-15,3,D2,3,D2,3,D2,True,0.008539172,0.029391794,0.20172103,0.54535717,0.21344495,0.00154583
31019,2023-08-22,3,D2,3,D2,3,D2,True,0.00934253,0.03214558,0.21155645,0.53627956,0.20883976,0.0018361076
31019,2023-08-29,3,D2,3,D2,3,D2,True,0.010119555,0.036581047,0.2237413,0.51501536,0.21198341,0.0025593552
31019,2023-09-05,3,D2,3,D2,3,D2,True,0.01134628,0.041321274,0.22550373,0.5006465,0.21750908,0.0036731057
31019,2023-09-12,3,D2,3,D2,3,D2,True,0.012969799,0.04693743,0.2187458,0.48556522,0.2295715,0.0062102983
31019,2023-09-19,3,D2,3,D2,3,D2,True,0.015472439,0.053679723,0.22067213,0.48064402,0.22158515,0.00794649
31019,2023-09-26,2,D1,3,D2,3,D2,False,0.018033264,0.061688777,0.21840666,0.46660542,0.2237661,0.011499776
31019,2023-10-03,2,D1,3,D2,3,D2,False,0.02248775,0.075997904,0.2166824,0.44693285,0.22069229,0.017206704
31019,2023-10-10,2,D1,3,D2,3,D2,False,0.026137216,0.08651215,0.22426544,0.44040272,0.20560795,0.017074464
31019,2023-10-17,2,D1,3,D2,3,D2,False,0.03170323,0.10225043,0.22910312,0.41960746,0.19522554,0.022110175
31019,2023-10-24,2,D1,3,D2,3,D2,False,0.03408792,0.12541477,0.24694459,0.40343663,0.16635844,0.023757659
31019,2023-10-31,1,D0,3,D2,3,D2,False,0.03561378,0.13754725,0.25527847,0.3929579,0.15253153,0.026071105
31019,2023-11-07,1,D0,3,D2,3,D2,False,0.035167262,0.14559764,0.25488603,0.3884417,0.14733662,0.028570682
31019,2023-11-14,1,D0,3,D2,3,D2,False,0.036769886,0.16175455,0.26806623,0.37393916,0.13161418,0.027855977
31019,2023-11-21,1,D0,3,D2,3,D2,False,0.037853956,0.18018341,0.2872891,0.3516088,0.11691757,0.026147118
31019,2023-11-28,1,D0,3,D2,3,D2,False,0.040012836,0.19670509,0.30758744,0.32302922,0.107935935,0.024729509
31019,2023-12-05,1,D0,2,D1,2,D1,False,0.043724727,0.20905645,0.31780225,0.3023978,0.10200573,0.025013011
31019,2023-12-12,1,D0,2,D1,2,D1,False,0.041416828,0.2098203,0.3165085,0.30819052,0.10155022,0.02251364
31019,2023-12-19,1,D0,2,D1,2,D1,False,0.04373435,0.22246268,0.3167498,0.30540046,0.09227216,0.019380493
31019,2023-12-26,1,D0,3,D2,2,D1,False,0.044426225,0.2192223,0.3098354,0.31430772,0.0927097,0.019498574
31019,2024-01-02,1,D0,3,D2,2,D1,False,0.048837576,0.21758515,0.30515307,0.31222755,0.09498766,0.021209037
31019,2024-01-09,1,D0,3,D2,3,D2,False,0.050106186,0.21308687,0.2986239,0.3188445,0.09743693,0.021901648
31019,2024-01-16,1,D0,3,D2,2,D1,False,0.057495084,0.20979343,0.29874218,0.30045992,0.10056231,0.03294703
31019,2024-01-23,1,D0,2,D1,2,D1,False,0.07246088,0.20435935,0.27779925,0.26848897,0.11206931,0.06482223
31019,2024-01-30,1,D0,2,D1,2,D1,False,0.08800616,0.20874143,0.25854665,0.24639133,0.110198274,0.08811612
31019,2024-02-06,0,None,2,D1,2,D1,False,0.10233103,0.22169751,0.26424855,0.23364699,0.095590234,0.082485706
31019,2024-02-13,0,None,2,D1,2,D1,False,0.10101161,0.22166033,0.26268986,0.23987833,0.09454817,0.080211625
31019,2024-02-20,0,None,3,D2,2,D1,False,0.092223965,0.20845988,0.25238585,0.25806653,0.10377061,0.08509316
31019,2024-02-27,0,None,3,D2,3,D2,False,0.07891392,0.20500726,0.25338176,0.27783975,0.10684747,0.0780098
31019,2024-03-05,0,None,3,D2,3,D2,False,0.055742256,0.17267214,0.22474492,0.3152128,0.13996421,0.09166367
31019,2024-03-12,0,None,3,D2,3,D2,False,0.06073355,0.18495429,0.24136731,0.31464303,0.12759472,0.070707165
31019,2024-03-19,0,None,3,D2,3,D2,False,0.048668876,0.17429827,0.22933581,0.33602446,0.14075747,0.07091512
31019,2024-03-26,0,None,3,D2,3,D2,False,0.048308656,0.18470249,0.24382,0.3394821,0.13113587,0.052550912
31019,2024-04-02,0,None,3,D2,3,D2,False,0.053421136,0.20611335,0.2731721,0.32688,0.10947077,0.030942632
31019,2024-04-09,0,None,3,D2,3,D2,False,0.05691978,0.21456419,0.29469994,0.32601514,0.09201786,0.015783088
31019,2024-04-16,0,None,3,D2,3,D2,False,0.050970465,0.21159837,0.31113234,0.33849102,0.078825004,0.008982776
31019,2024-04-23,0,None,3,D2,3,D2,False,0.046535354,0.1989911,0.31999984,0.35041785,0.07757015,0.0064856904
31019,2024-04-30,0,None,3,D2,3,D2,False,0.03963501,0.17755204,0.32392594,0.3681331,0.08528761,0.0054662265
31019,2024-05-07,0,None,3,D2,3,D2,False,0.03001104,0.14691585,0.32630926,0.39232415,0.09941824,0.0050214585
31019,2024-05-14,0,None,3,D2,3,D2,False,0.025522292,0.13321394,0.3390897,0.40010026,0.098436534,0.0036371807
31019,2024-05-21,0,None,3,D2,3,D2,False,0.017991355,0.101899534,0.33816394,0.42610088,0.11332142,0.0025228492
31019,2024-05-28,0,None,3,D2,3,D2,False,0.011426838,0.06905665,0.31548685,0.4689773,0.13364427,0.0014081977
31019,2024-06-04,0,None,3,D2,3,D2,False,0.0092414,0.057875928,0.30462041,0.49451885,0.13277826,0.0009652186
31019,2024-06-11,0,None,3,D2,3,D2,False,0.008741962,0.05508985,0.30053687,0.5035277,0.13126683,0.00083679083
31019,2024-06-18,0,None,3,D2,3,D2,False,0.007523699,0.04441448,0.2777212,0.52596295,0.14364095,0.0007367223
31019,2024-06-25,0,None,3,D2,3,D2,False,0.0068711247,0.03862586,0.26091743,0.53987867,0.15299043,0.0007165407
31019,2024-07-02,0,None,3,D2,3,D2,False,0.0068396027,0.034336172,0.24627568,0.5506079,0.16119897,0.0007416482
31019,2024-07-09,0,None,3,D2,3,D2,False,0.0068675866,0.03481721,0.24543385,0.55720186,0.1549857,0.0006937697
31019,2024-07-16,0,None,3,D2,3,D2,False,0.007690534,0.035736904,0.24753095,0.55739015,0.15094478,0.0007066525
31019,2024-07-23,0,None,3,D2,3,D2,False,0.008753422,0.0390433,0.24643677,0.5480017,0.15690234,0.0008623961
31019,2024-07-30,0,None,3,D2,3,D2,False,0.008373932,0.038396593,0.23865871,0.5523131,0.16136386,0.00089382
31019,2024-08-06,0,None,3,D2,3,D2,False,0.009258695,0.04001866,0.23535003,0.55380553,0.16046642,0.001100633
31019,2024-08-13,0,None,3,D2,3,D2,False,0.012275007,0.04594826,0.2366861,0.5426157,0.16090786,0.0015671008
31019,2024-08-20,0,None,3,D2,3,D2,False,0.016647825,0.054819945,0.23604563,0.5257958,0.16427656,0.0024142668
31019,2024-08-27,0,None,3,D2,3,D2,False,0.022667345,0.06539389,0.2367325,0.5055215,0.16609816,0.0035866534
31019,2024-09-03,0,None,3,D2,3,D2,False,0.026698256,0.07606066,0.23981997,0.48752195,0.16511182,0.0047872956
31019,2024-09-10,0,None,3,D2,3,D2,False,0.031041931,0.086994484,0.24171159,0.46579942,0.167387,0.0070655467
31019,2024-09-17,0,None,3,D2,3,D2,False,0.030982368,0.08884234,0.23274273,0.4519033,0.18440503,0.011124218
31019,2024-09-24,0,None,3,D2,3,D2,False,0.030591207,0.08702688,0.20965359,0.42213374,0.22454292,0.026051637
31019,2024-10-01,1,D0,3,D2,4,D3,False,0.013172041,0.05775421,0.14475608,0.35141814,0.33295912,0.09994037
31019,2024-10-08,2,D1,4,D3,4,D3,False,0.0026640776,0.018348068,0.059468433,0.23364873,0.46531197,0.2205587
31019,2024-10-15,2,D1,4,D3,4,D3,False,0.0010317595,0.009406553,0.030887002,0.1379161,0.46802017,0.3527384
31019,2024-10-22,2,D1,5,D4,4,D3,False,0.0003070417,0.0035594504,0.013341041,0.0743857,0.4393809,0.46902597
31019,2024-10-29,3,D2,5,D4,4,D3,False,0.00031266463,0.0035963962,0.012517158,0.07326338,0.41021323,0.5000972
31019,2024-11-05,3,D2,5,D4,4,D3,False,0.00046764695,0.0046924786,0.0145485345,0.07451383,0.3959588,0.5098187
31019,2024-11-12,3,D2,5,D4,4,D3,False,0.00063042797,0.005697352,0.01699499,0.078658484,0.39174706,0.50627166
31019,2024-11-19,2,D1,5,D4,4,D3,False,0.00043631715,0.004495393,0.014308428,0.06665297,0.39053547,0.52357143
31019,2024-11-26,2,D1,5,D4,4,D3,False,0.0003489056,0.0038922427,0.012696857,0.057534095,0.38532537,0.54020256
31019,2024-12-03,2,D1,5,D4,4,D3,False,0.00029758707,0.0035622725,0.011806921,0.051471874,0.38207328,0.55078804
31019,2024-12-10,2,D1,5,D4,4,D3,False,0.000268878,0.0033912954,0.011327719,0.046784613,0.37920856,0.5590189
31019,2024-12-17,2,D1,5,D4,4,D3,False,0.00022428873,0.0030338396,0.010238993,0.044421967,0.37831575,0.5637651
31019,2024-12-24,2,D1,5,D4,4,D3,False,0.00022825187,0.0031716365,0.010304863,0.045919504,0.3783895,0.5619863
31019,2024-12-31,2,D1,5,D4,4,D3,False,0.00019462152,0.0028854837,0.009498877,0.04267273,0.37172168,0.57302666
31019,2025-01-07,2,D1,5,D4,4,D3,False,0.00017268935,0.0027036704,0.00886839,0.044065624,0.37314552,0.5710441
31019,2025-01-14,2,D1,5,D4,4,D3,False,0.00016243651,0.0027016038,0.008774104,0.046319682,0.37636214,0.56568
31019,2025-01-21,2,D1,5,D4,4,D3,False,0.000218914,0.0033858034,0.010565002,0.053493746,0.3817218,0.55061466
31019,2025-01-28,2,D1,5,D4,4,D3,False,0.0003894416,0.005258041,0.015939372,0.07264548,0.38943523,0.5163324
31019,2025-02-04,2,D1,5,D4,4,D3,False,0.00052863226,0.006670103,0.019943038,0.08517952,0.3913598,0.49631888
31019,2025-02-11,2,D1,5,D4,4,D3,False,0.00070888054,0.008771614,0.024901114,0.0987266,0.3923816,0.47451022
31019,2025-02-18,2,D1,5,D4,4,D3,False,0.000895821,0.010979167,0.029129554,0.10437035,0.3876799,0.4669452
31019,2025-02-25,2,D1,5,D4,4,D3,False,0.0011193282,0.01263193,0.031993594,0.11377754,0.38139933,0.45907822
31019,2025-03-04,2,D1,5,D4,4,D3,False,0.0014905249,0.015287495,0.037511583,0.13044667,0.37240213,0.44286165
31019,2025-03-11,2,D1,5,D4,4,D3,False,0.0022468441,0.018839506,0.045052536,0.15740316,0.35883605,0.41762188
31019,2025-03-18,2,D1,5,D4,4,D3,False,0.0034571437,0.024246253,0.058398467,0.1967604,0.34252867,0.37460902
31019,2025-03-25,2,D1,4,D3,4,D3,False,0.0055092988,0.033896778,0.07780911,0.2488963,0.31951237,0.31437615
31019,2025-04-01,2,D1,3,D2,4,D3,False,0.008040631,0.042842347,0.09522679,0.29576427,0.2901109,0.26801503
31019,2025-04-08,2,D1,3,D2,4,D3,False,0.0119560845,0.050705682,0.107262045,0.3173547,0.26854265,0.24417882
31019,2025-04-15,2,D1,3,D2,3,D2,False,0.014922305,0.05603935,0.12006205,0.33877787,0.2640954,0.20610309
31019,2025-04-22,2,D1,3,D2,3,D2,False,0.012603797,0.054702442,0.14374512,0.40354764,0.26591665,0.11948434
31019,2025-04-29,2,D1,3,D2,3,D2,False,0.007842644,0.040120225,0.14977324,0.46716222,0.28184664,0.053255048
31019,2025-05-06,3,D2,3,D2,3,D2,True,0.0057649575,0.03276987,0.14691307,0.49693248,0.2895266,0.028092926
31019,2025-05-13,3,D2,3,D2,3,D2,True,0.0046021133,0.02806047,0.16418162,0.52751064,0.26431283,0.011332292
31019,2025-05-20,3,D2,3,D2,3,D2,True,0.0033123118,0.02065205,0.16076748,0.54525393,0.2631983,0.0068159304
31019,2025-05-27,3,D2,3,D2,3,D2,True,0.0025235247,0.016633652,0.15445517,0.5666864,0.25555426,0.0041470197
31019,2025-06-03,3,D2,3,D2,3,D2,True,0.0029739412,0.018230844,0.17518418,0.5713987,0.22948012,0.0027321938
31019,2025-06-10,3,D2,3,D2,3,D2,True,0.0031260543,0.019136675,0.19862825,0.5659118,0.21153915,0.0016580485
31019,2025-06-17,3,D2,3,D2,3,D2,True,0.0027206922,0.017500343,0.2035922,0.5660992,0.20890306,0.0011844184
31019,2025-06-24,3,D2,3,D2,3,D2,True,0.0027774281,0.016645055,0.20014328,0.56766325,0.21172103,0.0010499653
31019,2025-07-01,1,D0,3,D2,3,D2,False,0.0030058932,0.01704627,0.19863065,0.56586725,0.2144073,0.0010427228
31019,2025-07-08,1,D0,3,D2,3,D2,False,0.0034325046,0.018528229,0.20223898,0.568432,0.20641539,0.0009529021
31019,2025-07-15,0,None,3,D2,3,D2,False,0.003942553,0.019613042,0.20035297,0.5710596,0.20408507,0.0009467569
31019,2025-07-22,0,None,3,D2,3,D2,False,0.0048410166,0.02183005,0.20314369,0.56711525,0.20208764,0.0009823029
31019,2025-07-29,0,None,3,D2,3,D2,False,0.0058854143,0.024213856,0.20486426,0.56078225,0.20321627,0.0010379277
31019,2025-08-05,0,None,3,D2,3,D2,False,0.0067621334,0.02566534,0.20062588,0.5617517,0.20412749,0.0010674488
31019,2025-08-12,0,None,3,D2,3,D2,False,0.0078098206,0.027907124,0.1968623,0.56661576,0.19968082,0.0011241285
31019,2025-08-19,0,None,3,D2,3,D2,False,0.008952574,0.030818991,0.19779806,0.5670428,0.19423446,0.0011530407
31019,2025-08-26,1,D0,3,D2,3,D2,False,0.011763011,0.035720702,0.20159563,0.55603147,0.19338505,0.0015040393
31019,2025-09-02,1,D0,3,D2,3,D2,False,0.01513132,0.04341273,0.21218422,0.53527373,0.1919427,0.0020553402
31019,2025-09-09,1,D0,3,D2,3,D2,False,0.018817505,0.050874665,0.21552125,0.525221,0.18684457,0.0027210363
31019,2025-09-16,1,D0,3,D2,3,D2,False,0.02427518,0.06154151,0.21940066,0.51769096,0.17369506,0.003396719
31019,2025-09-23,0,None,3,D2,3,D2,False,0.03467835,0.08334093,0.23242162,0.49643078,0.14908797,0.0040404284
31019,2025-09-30,0,None,3,D2,3,D2,False,0.048924554,0.107243724,0.24549317,0.46682215,0.12676884,0.0047475793
31019,2025-10-07,0,None,3,D2,3,D2,False,0.06393068,0.14001918,0.26067513,0.4295591,0.10032073,0.0054951264
31019,2025-10-14,0,None,3,D2,3,D2,False,0.06579198,0.15420419,0.278516,0.41192508,0.084326625,0.0052360827
31019,2025-10-21,0,None,3,D2,3,D2,False,0.07283281,0.17794585,0.29240197,0.3853744,0.06649347,0.0049514626
31019,2025-10-28,0,None,3,D2,3,D2,False,0.06157126,0.17110616,0.29915437,0.39295635,0.07069351,0.004518367
31019,2025-11-04,0,None,3,D2,3,D2,False,0.052141774,0.17026123,0.29906586,0.39951968,0.07485011,0.004161249
31019,2025-11-11,0,None,3,D2,3,D2,False,0.04933668,0.16741002,0.29960066,0.4001077,0.079294465,0.0042504715
31019,2025-11-18,0,None,3,D2,3,D2,False,0.053991742,0.18004248,0.3018612,0.38679025,0.07326467,0.0040497133
31019,2025-11-25,1,D0,3,D2,3,D2,False,0.051573973,0.1944137,0.3010073,0.38024765,0.069157615,0.0035997515
31019,2025-12-02,1,D0,3,D2,3,D2,False,0.056457955,0.21155675,0.299366,0.3638099,0.065107115,0.0037022785
31019,2025-12-09,1,D0,3,D2,3,D2,False,0.0572,0.21774234,0.29837492,0.35715172,0.06567311,0.003857934
31019,2025-12-16,1,D0,3,D2,3,D2,False,0.053494323,0.2117089,0.30086777,0.35749105,0.07201464,0.0044233506
31019,2025-12-23,1,D0,3,D2,3,D2,False,0.04647098,0.20029128,0.29912233,0.3712412,0.078628734,0.0042454693
31019,2025-12-30,1,D0,3,D2,3,D2,False,0.041754603,0.20190388,0.30217063,0.3730294,0.07723943,0.003901955
31021,2022-01-04,0,None,3,D2,3,D2,False,0.036302052,0.21801366,0.32123235,0.34160045,0.073741406,0.009110046
31021,2022-01-11,0,None,3,D2,2,D1,False,0.036437016,0.22503819,0.32646465,0.33281904,0.0711271,0.008114002
31021,2022-01-18,0,None,2,D1,2,D1,False,0.034841992,0.23154451,0.33286214,0.32638395,0.067330025,0.00703733
31021,2022-01-25,0,None,2,D1,2,D1,False,0.029958107,0.23900431,0.3396636,0.3234395,0.06188536,0.006049103
31021,2022-02-01,1,D0,2,D1,2,D1,False,0.027275745,0.2379475,0.34140363,0.32620466,0.06138645,0.005781995
31021,2022-02-08,2,D1,2,D1,2,D1,True,0.026315786,0.24408579,0.34148398,0.32554927,0.056940094,0.0056250524
31021,2022-02-15,2,D1,3,D2,2,D1,True,0.02555614,0.24328953,0.33369464,0.33874488,0.05312803,0.005586703
31021,2022-02-22,2,D1,2,D1,2,D1,True,0.026325943,0.25421932,0.33746386,0.3275759,0.048700374,0.0057145185
31021,2022-03-01,2,D1,2,D1,2,D1,True,0.027112287,0.25785482,0.33736643,0.3254458,0.047050368,0.0051703523
31021,2022-03-08,2,D1,2,D1,2,D1,True,0.027222857,0.24144988,0.34204113,0.33130965,0.052946467,0.0050300406
31021,2022-03-15,3,D2,3,D2,2,D1,False,0.026615188,0.22420068,0.33846706,0.35000038,0.055741746,0.00497493
31021,2022-03-22,3,D2,3,D2,3,D2,True,0.024783406,0.20429432,0.34079942,0.3677534,0.057392217,0.0049771667
31021,2022-03-29,3,D2,3,D2,3,D2,True,0.024277546,0.19894081,0.34517553,0.3703651,0.056626964,0.004614051
31021,2022-04-05,3,D2,3,D2,3,D2,True,0.020537034,0.1752677,0.3578028,0.38260972,0.059451733,0.0043310523
31021,2022-04-12,3,D2,3,D2,3,D2,True,0.018994182,0.16120327,0.36282605,0.39077732,0.06142909,0.004770111
31021,2022-04-19,3,D2,3,D2,3,D2,True,0.016984299,0.14210768,0.36458322,0.40467778,0.0670172,0.0046297573
31021,2022-04-26,3,D2,3,D2,3,D2,True,0.014471021,0.119292125,0.3595816,0.42730084,0.07549547,0.0038589532
31021,2022-05-03,3,D2,3,D2,3,D2,True,0.013048705,0.104509555,0.3574923,0.4409843,0.08079058,0.003174501
31021,2022-05-10,2,D1,3,D2,3,D2,False,0.013371539,0.08791202,0.3198948,0.46257612,0.11168964,0.0045558675
31021,2022-05-17,2,D1,3,D2,3,D2,False,0.0061784694,0.04077101,0.2395475,0.55328935,0.1568659,0.003347747
31021,2022-05-24,2,D1,3,D2,3,D2,False,0.004455267,0.028142788,0.21568449,0.5821944,0.16737509,0.0021479242
31021,2022-05-31,2,D1,3,D2,3,D2,False,0.0045120073,0.028299844,0.22302784,0.58432996,0.15823449,0.0015959236
31021,2022-06-07,2,D1,3,D2,3,D2,False,0.0042675156,0.027712839,0.23490208,0.58033174,0.15164147,0.0011443795
31021,2022-06-14,2,D1,3,D2,3,D2,False,0.0037416292,0.026665857,0.24182074,0.5759911,0.15093282,0.0008478103
31021,2022-06-21,2,D1,3,D2,3,D2,False,0.0033345486,0.023118986,0.21367157,0.5843648,0.17443308,0.0010770609
31021,2022-06-28,2,D1,3,D2,3,D2,False,0.0034449107,0.023259751,0.20705442,0.5845074,0.18049887,0.0012347167
31021,2022-07-05,2,D1,3,D2,3,D2,False,0.0035425716,0.022571018,0.2040061,0.58275187,0.18581514,0.0013133171
31021,2022-07-12,2,D1,3,D2,3,D2,False,0.0030531702,0.019939816,0.17901951,0.58593947,0.21008874,0.0019592925
31021,2022-07-19,2,D1,3,D2,3,D2,False,0.0025242076,0.01695031,0.15230778,0.5798861,0.24503942,0.003292271
31021,2022-07-26,2,D1,3,D2,3,D2,False,0.0023792356,0.015347419,0.13022327,0.56476,0.28149748,0.005792531
31021,2022-08-02,3,D2,3,D2,3,D2,True,0.0018353817,0.012088586,0.1026497,0.5356986,0.33570126,0.012026459
31021,2022-08-09,3,D2,3,D2,4,D3,False,0.0011932984,0.008785892,0.07282674,0.46627784,0.42164862,0.02926758
31021,2022-08-16,3,D2,4,D3,4,D3,False,0.0006096512,0.0053471485,0.045048427,0.37572756,0.5077015,0.06556579
31021,2022-08-23,3,D2,4,D3,4,D3,False,0.0003356066,0.003191072,0.023907345,0.23770273,0.54180926,0.19305395
31021,2022-08-30,3,D2,4,D3,4,D3,False,0.00015614461,0.0017428211,0.011420804,0.13055919,0.48493835,0.37118274
31021,2022-09-06,3,D2,5,D4,4,D3,False,8.551526e-05,0.0012121325,0.0069124657,0.07802436,0.4366116,0.47715396
31021,2022-09-13,3,D2,5,D4,4,D3,False,5.518391e-05,0.0009097947,0.005103815,0.058956303,0.41893363,0.5160413
31021,2022-09-20,3,D2,5,D4,4,D3,False,3.3770008e-05,0.00070435053,0.0037227368,0.039837703,0.40795195,0.54774946
31021,2022-09-27,3,D2,5,D4,4,D3,False,3.0160098e-05,0.00067071,0.0034049368,0.03352062,0.40600517,0.5563684
31021,2022-10-04,3,D2,5,D4,4,D3,False,2.4243765e-05,0.00058975536,0.002941549,0.027847383,0.40396613,0.5646309
31021,2022-10-11,3,D2,5,D4,4,D3,False,2.3195336e-05,0.00058747025,0.0028283466,0.024884792,0.40189287,0.56978333
31021,2022-10-18,4,D3,5,D4,4,D3,True,2.8034327e-05,0.0006667484,0.0030741526,0.02560765,0.40319532,0.5674281
31021,2022-10-25,4,D3,5,D4,4,D3,True,2.5441392e-05,0.0006162403,0.002877833,0.02444489,0.40157485,0.57046074
31021,2022-11-01,4,D3,5,D4,4,D3,True,2.541392e-05,0.0006236994,0.0028319536,0.023323849,0.39964077,0.57355434
31021,2022-11-08,4,D3,5,D4,4,D3,True,1.9340265e-05,0.0005183778,0.0024266574,0.020806061,0.39573172,0.5804978
31021,2022-11-15,4,D3,5,D4,4,D3,True,1.6005926e-05,0.00046870217,0.0021854166,0.018285012,0.39119846,0.58784646
31021,2022-11-22,4,D3,5,D4,4,D3,True,1.387665e-05,0.00043081882,0.0020203155,0.016884152,0.38856044,0.5920904
31021,2022-11-29,4,D3,5,D4,4,D3,True,1.2836659e-05,0.00041156833,0.0019492165,0.016232988,0.3867432,0.5946502
31021,2022-12-06,4,D3,5,D4,4,D3,True,9.507857e-06,0.0003357893,0.0016628453,0.01464131,0.384079,0.59927154
31021,2022-12-13,4,D3,5,D4,5,D4,False,7.330916e-06,0.00028404087,0.001490257,0.013644129,0.3814985,0.6030757
31021,2022-12-20,4,D3,5,D4,5,D4,False,5.7602706e-06,0.00024404234,0.0013302137,0.012661565,0.37857747,0.60718083
31021,2022-12-27,4,D3,5,D4,5,D4,False,4.597549e-06,0.00020749662,0.001177229,0.011992303,0.37815183,0.60846645
31021,2023-01-03,4,D3,5,D4,5,D4,False,3.697817e-06,0.00017687076,0.0010435272,0.011392243,0.3781302,0.6092535
31021,2023-01-10,4,D3,5,D4,5,D4,False,3.1453533e-06,0.00015669853,0.00095048634,0.011035774,0.37847653,0.6093773
31021,2023-01-17,4,D3,5,D4,5,D4,False,2.7474273e-06,0.00014143855,0.00088995614,0.010758901,0.37721872,0.6109883
31021,2023-01-24,4,D3,5,D4,5,D4,False,2.6625682e-06,0.00013982768,0.000884962,0.010828194,0.37690073,0.61124367
31021,2023-01-31,4,D3,5,D4,5,D4,False,2.8535528e-06,0.00014819561,0.0009206885,0.011345006,0.37748298,0.61010027
31021,2023-02-07,4,D3,5,D4,5,D4,False,3.392241e-06,0.00016778642,0.0010118223,0.012571456,0.37863925,0.60760635
31021,2023-02-14,4,D3,5,D4,5,D4,False,4.0653244e-06,0.0001896415,0.0011342288,0.014216246,0.37982163,0.6046342
31021,2023-02-21,4,D3,5,D4,5,D4,False,4.854988e-06,0.0002149005,0.0012667617,0.01596694,0.38190818,0.6006383
31021,2023-02-28,4,D3,5,D4,4,D3,True,5.8312726e-06,0.00024367544,0.0014080572,0.018034296,0.3840224,0.59628576
31021,2023-03-07,4,D3,5,D4,4,D3,True,6.3741923e-06,0.00025932209,0.0014798793,0.019203192,0.3849992,0.5940521
31021,2023-03-14,4,D3,5,D4,4,D3,True,9.142217e-06,0.00032991092,0.0018273209,0.023708515,0.38776547,0.5863596
31021,2023-03-21,4,D3,5,D4,4,D3,True,1.09516595e-05,0.0003732161,0.002035418,0.02640341,0.38887343,0.5823035
31021,2023-03-28,4,D3,5,D4,4,D3,True,1.8816278e-05,0.00052824384,0.0027901928,0.035582356,0.3916634,0.56941706
31021,2023-04-04,4,D3,5,D4,4,D3,True,3.6701094e-05,0.0007911566,0.0039975964,0.052389447,0.38980436,0.55298066
31021,2023-04-11,4,D3,5,D4,4,D3,True,8.699522e-05,0.0013258668,0.0065764072,0.07826542,0.39235035,0.52139497
31021,2023-04-18,4,D3,5,D4,4,D3,True,0.00021523186,0.0022570912,0.011636936,0.13427815,0.39253515,0.45907748
31021,2023-04-25,4,D3,4,D3,4,D3,True,0.00039645462,0.0030476414,0.020209176,0.22509187,0.4367569,0.3144979
31021,2023-05-02,4,D3,4,D3,4,D3,True,0.0005758102,0.003907338,0.035236694,0.35158896,0.46296033,0.14573091
31021,2023-05-09,4,D3,4,D3,4,D3,True,0.0006277138,0.004977872,0.052328836,0.4273254,0.44817156,0.06656862
31021,2023-05-16,3,D2,3,D2,4,D3,False,0.0007253448,0.006040212,0.07053575,0.4939563,0.40287355,0.025868895
31021,2023-05-23,3,D2,3,D2,3,D2,True,0.0008058222,0.00661181,0.086909585,0.53925234,0.35611063,0.010309839
31021,2023-05-30,3,D2,3,D2,3,D2,True,0.0010404111,0.008001223,0.10522891,0.56231356,0.31770322,0.005712741
31021,2023-06-06,4,D3,3,D2,3,D2,False,0.0015680215,0.011610984,0.14463991,0.5691558,0.27000198,0.0030232684
31021,2023-06-13,4,D3,3,D2,3,D2,False,0.0021544842,0.014946495,0.1777768,0.5621994,0.24102081,0.0019020663
31021,2023-06-20,4,D3,3,D2,3,D2,False,0.002554935,0.016875645,0.19399743,0.5557959,0.22933933,0.0014367709
31021,2023-06-27,4,D3,3,D2,3,D2,False,0.0028479171,0.017547116,0.19781074,0.5583007,0.2222524,0.0012411337
31021,2023-07-04,4,D3,3,D2,3,D2,False,0.0034034515,0.018228432,0.19772984,0.5648726,0.2146564,0.0011093011
31021,2023-07-11,4,D3,3,D2,3,D2,False,0.004289675,0.02018785,0.20025606,0.5622734,0.2119083,0.0010846778
31021,2023-07-18,4,D3,3,D2,3,D2,False,0.0049930583,0.021965232,0.20130078,0.55777025,0.21288769,0.0010830156
31021,2023-07-25,4,D3,3,D2,3,D2,False,0.005789044,0.023646683,0.201418,0.55423707,0.21372369,0.0011855105
31021,2023-08-01,4,D3,3,D2,3,D2,False,0.0064378045,0.024608247,0.19783881,0.55779016,0.21216978,0.0011551547
31021,2023-08-08,3,D2,3,D2,3,D2,True,0.007718975,0.026814522,0.19546269,0.5502472,0.2183621,0.0013945159
31021,2023-08-15,3,D2,3,D2,3,D2,True,0.00853917,0.029391786,0.20172097,0.5453573,0.21344495,0.0015458289
31021,2023-08-22,3,D2,3,D2,3,D2,True,0.009342528,0.03214557,0.21155639,0.5362797,0.20883971,0.0018361061
31021,2023-08-29,3,D2,3,D2,3,D2,True,0.010119555,0.036581047,0.2237413,0.51501536,0.21198341,0.0025593552
31021,2023-09-05,3,D2,3,D2,3,D2,True,0.01134628,0.041321274,0.22550373,0.5006465,0.21750908,0.0036731057
31021,2023-09-12,3,D2,3,D2,3,D2,True,0.012969799,0.04693743,0.2187458,0.48556522,0.2295715,0.0062102983
31021,2023-09-19,3,D2,3,D2,3,D2,True,0.015472439,0.053679723,0.22067213,0.48064402,0.22158515,0.00794649
31021,2023-09-26,3,D2,3,D2,3,D2,True,0.018033264,0.061688777,0.21840666,0.46660542,0.2237661,0.011499776
31021,2023-10-03,3,D2,3,D2,3,D2,True,0.02248775,0.075997904,0.2166824,0.44693285,0.22069229,0.017206704
31021,2023-10-10,3,D2,3,D2,3,D2,True,0.026137216,0.08651215,0.22426544,0.44040272,0.20560795,0.017074464
31021,2023-10-17,3,D2,3,D2,3,D2,True,0.03170323,0.10225043,0.22910312,0.41960746,0.19522554,0.022110175
31021,2023-10-24,3,D2,3,D2,3,D2,True,0.03408792,0.12541477,0.24694459,0.40343663,0.16635844,0.023757659
31021,2023-10-31,3,D2,3,D2,3,D2,True,0.03561378,0.13754725,0.25527847,0.3929579,0.15253153,0.026071105
31021,2023-11-07,3,D2,3,D2,3,D2,True,0.035167262,0.14559764,0.25488603,0.3884417,0.14733662,0.028570682
31021,2023-11-14,3,D2,3,D2,3,D2,True,0.036769886,0.16175455,0.26806623,0.37393916,0.13161418,0.027855977
31021,2023-11-21,3,D2,3,D2,3,D2,True,0.037853956,0.18018341,0.2872891,0.3516088,0.11691757,0.026147118
31021,2023-11-28,3,D2,3,D2,3,D2,True,0.040012836,0.19670509,0.30758744,0.32302922,0.107935935,0.024729509
31021,2023-12-05,3,D2,2,D1,2,D1,False,0.043724727,0.20905645,0.31780225,0.3023978,0.10200573,0.025013011
31021,2023-12-12,3,D2,2,D1,2,D1,False,0.041416824,0.20982029,0.31650847,0.3081905,0.10155026,0.02251365
31021,2023-12-19,3,D2,2,D1,2,D1,False,0.04373435,0.22246265,0.31674972,0.30540046,0.092272215,0.019380525
31021,2023-12-26,3,D2,3,D2,2,D1,False,0.044426225,0.2192223,0.3098354,0.31430772,0.0927097,0.019498574
31021,2024-01-02,3,D2,3,D2,2,D1,False,0.048837576,0.21758515,0.30515307,0.31222755,0.09498766,0.021209037
31021,2024-01-09,3,D2,3,D2,3,D2,True,0.050106186,0.21308687,0.2986239,0.3188445,0.09743693,0.021901648
31021,2024-01-16,2,D1,3,D2,2,D1,True,0.057495084,0.20979343,0.29874218,0.30045992,0.10056231,0.03294703
31021,2024-01-23,2,D1,2,D1,2,D1,True,0.07246088,0.20435935,0.27779925,0.26848897,0.11206931,0.06482223
31021,2024-01-30,2,D1,2,D1,2,D1,True,0.08800616,0.20874143,0.25854665,0.24639133,0.110198274,0.08811612
31021,2024-02-06,2,D1,2,D1,2,D1,True,0.10233103,0.22169751,0.26424855,0.23364699,0.095590234,0.082485706
31021,2024-02-13,2,D1,2,D1,2,D1,True,0.10101161,0.22166033,0.26268986,0.23987833,0.09454817,0.080211625
31021,2024-02-20,2,D1,3,D2,2,D1,True,0.092223965,0.20845988,0.25238585,0.25806653,0.10377061,0.08509316
31021,2024-02-27,2,D1,3,D2,3,D2,False,0.07891392,0.20500726,0.25338176,0.27783975,0.10684747,0.0780098
31021,2024-03-05,2,D1,3,D2,3,D2,False,0.055742256,0.17267214,0.22474492,0.3152128,0.13996421,0.09166367
31021,2024-03-12,2,D1,3,D2,3,D2,False,0.06073355,0.18495429,0.24136731,0.31464303,0.12759472,0.070707165
31021,2024-03-19,2,D1,3,D2,3,D2,False,0.048668876,0.17429827,0.22933581,0.33602446,0.14075747,0.07091512
31021,2024-03-26,1,D0,3,D2,3,D2,False,0.048308656,0.18470249,0.24382003,0.33948213,0.13113584,0.052550882
31021,2024-04-02,1,D0,3,D2,3,D2,False,0.05342113,0.20611335,0.27317214,0.32687998,0.109470725,0.030942615
31021,2024-04-09,1,D0,3,D2,3,D2,False,0.05691978,0.21456419,0.29469994,0.32601514,0.09201786,0.015783088
31021,2024-04-16,1,D0,3,D2,3,D2,False,0.050970465,0.21159837,0.31113234,0.33849102,0.078825004,0.008982776
31021,2024-04-23,1,D0,3,D2,3,D2,False,0.046535354,0.1989911,0.31999984,0.35041785,0.07757015,0.0064856904
31021,2024-04-30,0,None,3,D2,3,D2,False,0.03963501,0.17755204,0.32392594,0.3681331,0.08528761,0.0054662265
31021,2024-05-07,0,None,3,D2,3,D2,False,0.03001104,0.14691585,0.32630926,0.39232415,0.09941824,0.0050214585
31021,2024-05-14,0,None,3,D2,3,D2,False,0.025522292,0.13321394,0.3390897,0.40010026,0.098436534,0.0036371807
31021,2024-05-21,0,None,3,D2,3,D2,False,0.017991355,0.101899534,0.33816394,0.42610088,0.11332142,0.0025228492
31021,2024-05-28,0,None,3,D2,3,D2,False,0.011426838,0.06905665,0.31548685,0.4689773,0.13364427,0.0014081977
31021,2024-06-04,0,None,3,D2,3,D2,False,0.0092414,0.057875928,0.30462041,0.49451885,0.13277826,0.0009652186
31021,2024-06-11,0,None,3,D2,3,D2,False,0.008741962,0.05508985,0.30053687,0.5035277,0.13126683,0.00083679083
31021,2024-06-18,0,None,3,D2,3,D2,False,0.007523699,0.04441448,0.2777212,0.52596295,0.14364095,0.0007367223
31021,2024-06-25,0,None,3,D2,3,D2,False,0.0068711247,0.03862586,0.26091743,0.53987867,0.15299043,0.0007165407
31021,2024-07-02,0,None,3,D2,3,D2,False,0.0068396027,0.034336172,0.24627568,0.5506079,0.16119897,0.0007416482
31021,2024-07-09,0,None,3,D2,3,D2,False,0.0068675866,0.03481721,0.24543385,0.55720186,0.1549857,0.0006937697
31021,2024-07-16,0,None,3,D2,3,D2,False,0.007690534,0.035736904,0.24753095,0.55739015,0.15094478,0.0007066525
31021,2024-07-23,0,None,3,D2,3,D2,False,0.008753419,0.039043304,0.24643677,0.54800177,0.15690233,0.000862397
31021,2024-07-30,0,None,3,D2,3,D2,False,0.008373937,0.038396597,0.23865868,0.55231315,0.16136388,0.00089382014
31021,2024-08-06,0,None,3,D2,3,D2,False,0.009258695,0.04001866,0.23535003,0.55380553,0.16046642,0.001100633
31021,2024-08-13,0,None,3,D2,3,D2,False,0.012275007,0.04594826,0.2366861,0.5426157,0.16090786,0.0015671008
31021,2024-08-20,1,D0,3,D2,3,D2,False,0.016647825,0.054819945,0.23604563,0.5257958,0.16427656,0.0024142668
31021,2024-08-27,1,D0,3,D2,3,D2,False,0.022667345,0.06539389,0.2367325,0.5055215,0.16609816,0.0035866534
31021,2024-09-03,1,D0,3,D2,3,D2,False,0.026698256,0.07606066,0.23981997,0.48752195,0.16511182,0.0047872956
31021,2024-09-10,1,D0,3,D2,3,D2,False,0.031041931,0.086994484,0.24171159,0.46579942,0.167387,0.0070655467
31021,2024-09-17,2,D1,3,D2,3,D2,False,0.030982368,0.08884234,0.23274273,0.4519033,0.18440503,0.011124218
31021,2024-09-24,2,D1,3,D2,3,D2,False,0.030591207,0.08702688,0.20965359,0.42213374,0.22454292,0.026051637
31021,2024-10-01,3,D2,3,D2,4,D3,False,0.013172041,0.05775421,0.14475608,0.35141814,0.33295912,0.09994037
31021,2024-10-08,3,D2,4,D3,4,D3,False,0.0026640776,0.018348068,0.059468433,0.23364873,0.46531197,0.2205587
31021,2024-10-15,3,D2,4,D3,4,D3,False,0.0010317595,0.009406553,0.030887002,0.1379161,0.46802017,0.3527384
31021,2024-10-22,3,D2,5,D4,4,D3,False,0.0003070417,0.0035594504,0.013341041,0.0743857,0.4393809,0.46902597
31021,2024-10-29,3,D2,5,D4,4,D3,False,0.00031266463,0.0035963962,0.012517158,0.07326338,0.41021323,0.5000972
31021,2024-11-05,3,D2,5,D4,4,D3,False,0.00046764713,0.00469248,0.01454854,0.07451383,0.3959587,0.50981885
31021,2024-11-12,3,D2,5,D4,4,D3,False,0.00063042797,0.005697352,0.016994985,0.07865848,0.39174706,0.50627166
31021,2024-11-19,2,D1,5,D4,4,D3,False,0.00043631715,0.004495393,0.014308428,0.06665297,0.39053547,0.52357143
31021,2024-11-26,2,D1,5,D4,4,D3,False,0.0003489056,0.0038922427,0.012696857,0.057534095,0.38532537,0.54020256
31021,2024-12-03,2,D1,5,D4,4,D3,False,0.00029758707,0.0035622725,0.011806921,0.051471874,0.38207328,0.55078804
31021,2024-12-10,2,D1,5,D4,4,D3,False,0.000268878,0.0033912954,0.011327719,0.046784613,0.37920856,0.5590189
31021,2024-12-17,2,D1,5,D4,4,D3,False,0.00022428873,0.0030338396,0.010238993,0.044421967,0.37831575,0.5637651
31021,2024-12-24,2,D1,5,D4,4,D3,False,0.00022825187,0.0031716365,0.010304863,0.045919504,0.3783895,0.5619863
31021,2024-12-31,2,D1,5,D4,4,D3,False,0.00019462152,0.0028854837,0.009498877,0.04267273,0.37172168,0.57302666
31021,2025-01-07,2,D1,5,D4,4,D3,False,0.00017268935,0.0027036704,0.00886839,0.044065624,0.37314552,0.5710441
31021,2025-01-14,2,D1,5,D4,4,D3,False,0.00016243651,0.0027016038,0.008774104,0.046319682,0.37636214,0.56568
31021,2025-01-21,2,D1,5,D4,4,D3,False,0.000218914,0.0033858034,0.010565002,0.053493746,0.3817218,0.55061466
31021,2025-01-28,2,D1,5,D4,4,D3,False,0.0003894416,0.005258041,0.015939372,0.07264548,0.38943523,0.5163324
31021,2025-02-04,2,D1,5,D4,4,D3,False,0.00052863226,0.006670103,0.019943038,0.08517952,0.3913598,0.49631888
31021,2025-02-11,2,D1,5,D4,4,D3,False,0.00070888054,0.008771614,0.024901114,0.0987266,0.3923816,0.47451022
31021,2025-02-18,2,D1,5,D4,4,D3,False,0.000895821,0.010979167,0.029129554,0.10437035,0.3876799,0.4669452
31021,2025-02-25,2,D1,5,D4,4,D3,False,0.0011193282,0.01263193,0.031993594,0.11377754,0.38139933,0.45907822
31021,2025-03-04,2,D1,5,D4,4,D3,False,0.0014905236,0.015287481,0.037511565,0.13044661,0.37240216,0.44286168
31021,2025-03-11,2,D1,5,D4,4,D3,False,0.0022468432,0.018839505,0.045052532,0.15740314,0.358836,0.41762194
31021,2025-03-18,2,D1,5,D4,4,D3,False,0.0034571437,0.024246253,0.058398467,0.1967604,0.34252867,0.37460902
31021,2025-03-25,1,D0,4,D3,4,D3,False,0.0055092988,0.033896778,0.07780911,0.2488963,0.31951237,0.31437615
31021,2025-04-01,1,D0,3,D2,4,D3,False,0.008040631,0.042842347,0.09522679,0.29576427,0.2901109,0.26801503
31021,2025-04-08,1,D0,3,D2,4,D3,False,0.0119560845,0.050705682,0.107262045,0.3173547,0.26854265,0.24417882
31021,2025-04-15,1,D0,3,D2,3,D2,False,0.014922305,0.05603935,0.12006205,0.33877787,0.2640954,0.20610309
31021,2025-04-22,1,D0,3,D2,3,D2,False,0.012603797,0.054702442,0.14374512,0.40354764,0.26591665,0.11948434
31021,2025-04-29,1,D0,3,D2,3,D2,False,0.007842644,0.040120225,0.14977324,0.46716222,0.28184664,0.053255048
31021,2025-05-06,1,D0,3,D2,3,D2,False,0.0057649575,0.03276987,0.14691307,0.49693248,0.2895266,0.028092926
31021,2025-05-13,2,D1,3,D2,3,D2,False,0.0046021133,0.02806047,0.16418162,0.52751064,0.26431283,0.011332292
31021,2025-05-20,1,D0,3,D2,3,D2,False,0.0033123118,0.02065205,0.16076748,0.54525393,0.2631983,0.0068159304
31021,2025-05-27,1,D0,3,D2,3,D2,False,0.0025235247,0.016633652,0.15445517,0.5666864,0.25555426,0.0041470197
31021,2025-06-03,1,D0,3,D2,3,D2,False,0.0029739412,0.018230844,0.17518418,0.5713987,0.22948012,0.0027321938
31021,2025-06-10,1,D0,3,D2,3,D2,False,0.0031260543,0.019136675,0.19862825,0.5659118,0.21153915,0.0016580485
31021,2025-06-17,1,D0,3,D2,3,D2,False,0.0027206915,0.017500337,0.20359214,0.56609935,0.20890306,0.0011844175
31021,2025-06-24,1,D0,3,D2,3,D2,False,0.0027774281,0.01664506,0.20014328,0.56766325,0.21172103,0.0010499653
31021,2025-07-01,0,None,3,D2,3,D2,False,0.0030058932,0.01704627,0.19863065,0.56586725,0.2144073,0.0010427228
31021,2025-07-08,0,None,3,D2,3,D2,False,0.0034325046,0.018528229,0.20223898,0.568432,0.20641539,0.0009529021
31021,2025-07-15,0,None,3,D2,3,D2,False,0.003942553,0.019613042,0.20035297,0.5710596,0.20408507,0.0009467569
31021,2025-07-22,0,None,3,D2,3,D2,False,0.0048410166,0.02183005,0.20314369,0.56711525,0.20208764,0.0009823029
31021,2025-07-29,0,None,3,D2,3,D2,False,0.0058854143,0.024213856,0.20486426,0.56078225,0.20321627,0.0010379277
31021,2025-08-05,0,None,3,D2,3,D2,False,0.0067621334,0.02566534,0.20062588,0.5617517,0.20412749,0.0010674488
31021,2025-08-12,0,None,3,D2,3,D2,False,0.0078098206,0.027907124,0.1968623,0.56661576,0.19968082,0.0011241285
31021,2025-08-19,0,None,3,D2,3,D2,False,0.008952574,0.030818991,0.19779806,0.5670428,0.19423446,0.0011530407
31021,2025-08-26,0,None,3,D2,3,D2,False,0.011763011,0.035720702,0.20159563,0.55603147,0.19338505,0.0015040393
31021,2025-09-02,0,None,3,D2,3,D2,False,0.01513132,0.04341273,0.21218422,0.53527373,0.1919427,0.0020553402
31021,2025-09-09,0,None,3,D2,3,D2,False,0.018817505,0.050874665,0.21552125,0.525221,0.18684457,0.0027210363
31021,2025-09-16,0,None,3,D2,3,D2,False,0.02427518,0.06154151,0.21940066,0.51769096,0.17369506,0.003396719
31021,2025-09-23,0,None,3,D2,3,D2,False,0.03467835,0.08334093,0.23242162,0.49643078,0.14908797,0.0040404284
31021,2025-09-30,0,None,3,D2,3,D2,False,0.048924554,0.107243724,0.24549317,0.46682215,0.12676884,0.0047475793
31021,2025-10-07,0,None,3,D2,3,D2,False,0.06393068,0.14001918,0.26067513,0.4295591,0.10032073,0.0054951264
31021,2025-10-14,0,None,3,D2,3,D2,False,0.06579199,0.1542042,0.278516,0.41192514,0.084326625,0.0052360813
31021,2025-10-21,0,None,3,D2,3,D2,False,0.07283279,0.17794585,0.29240203,0.3853744,0.06649346,0.0049514603
31021,2025-10-28,0,None,3,D2,3,D2,False,0.06157126,0.17110616,0.29915437,0.39295635,0.07069351,0.004518367
31021,2025-11-04,0,None,3,D2,3,D2,False,0.052141774,0.17026123,0.29906586,0.39951968,0.07485011,0.004161249
31021,2025-11-11,0,None,3,D2,3,D2,False,0.04933668,0.16741002,0.29960066,0.4001077,0.079294465,0.0042504715
31021,2025-11-18,0,None,3,D2,3,D2,False,0.053991742,0.18004248,0.3018612,0.38679025,0.07326467,0.0040497133
31021,2025-11-25,0,None,3,D2,3,D2,False,0.051573973,0.1944137,0.3010073,0.38024765,0.069157615,0.0035997515
31021,2025-12-02,0,None,3,D2,3,D2,False,0.056457955,0.21155675,0.299366,0.3638099,0.065107115,0.0037022785
31021,2025-12-09,0,None,3,D2,3,D2,False,0.0572,0.21774234,0.29837492,0.35715172,0.06567311,0.003857934
31021,2025-12-16,0,None,3,D2,3,D2,False,0.053494323,0.2117089,0.30086777,0.35749105,0.07201464,0.0044233506
31021,2025-12-23,0,None,3,D2,3,D2,False,0.04647098,0.20029128,0.29912233,0.3712412,0.078628734,0.0042454693
31021,2025-12-30,0,None,3,D2,3,D2,False,0.041754603,0.20190388,0.30217063,0.3730294,0.07723943,0.003901955
31023,2022-01-04,0,None,3,D2,3,D2,False,0.036302052,0.21801366,0.32123235,0.34160045,0.073741406,0.009110046
31023,2022-01-11,0,None,3,D2,2,D1,False,0.036437016,0.22503819,0.32646465,0.33281904,0.0711271,0.008114002
31023,2022-01-18,0,None,2,D1,2,D1,False,0.034841992,0.23154451,0.33286214,0.32638395,0.067330025,0.00703733
31023,2022-01-25,1,D0,2,D1,2,D1,False,0.029958095,0.23900433,0.33966362,0.32343948,0.061885357,0.0060491036
31023,2022-02-01,1,D0,2,D1,2,D1,False,0.027275737,0.2379475,0.3414037,0.3262047,0.06138643,0.00578199
31023,2022-02-08,2,D1,2,D1,2,D1,True,0.026315786,0.24408579,0.34148398,0.32554927,0.056940094,0.0056250524
31023,2022-02-15,2,D1,3,D2,2,D1,True,0.02555614,0.24328953,0.33369464,0.33874488,0.05312803,0.005586703
31023,2022-02-22,2,D1,2,D1,2,D1,True,0.026325943,0.25421932,0.33746386,0.3275759,0.048700374,0.0057145185
31023,2022-03-01,2,D1,2,D1,2,D1,True,0.027112287,0.25785482,0.33736643,0.3254458,0.047050368,0.0051703523
31023,2022-03-08,2,D1,2,D1,2,D1,True,0.027222857,0.24144988,0.34204113,0.33130965,0.052946467,0.0050300406
31023,2022-03-15,3,D2,3,D2,2,D1,False,0.026615188,0.22420068,0.33846706,0.35000038,0.055741746,0.00497493
31023,2022-03-22,3,D2,3,D2,3,D2,True,0.024783406,0.20429432,0.34079942,0.3677534,0.057392217,0.0049771667
31023,2022-03-29,3,D2,3,D2,3,D2,True,0.024277546,0.19894081,0.34517553,0.3703651,0.056626964,0.004614051
31023,2022-04-05,3,D2,3,D2,3,D2,True,0.020537034,0.1752677,0.3578028,0.38260972,0.059451733,0.0043310523
31023,2022-04-12,3,D2,3,D2,3,D2,True,0.018994182,0.16120327,0.36282605,0.39077732,0.06142909,0.004770111
31023,2022-04-19,3,D2,3,D2,3,D2,True,0.016984299,0.14210768,0.36458322,0.40467778,0.0670172,0.0046297573
31023,2022-04-26,3,D2,3,D2,3,D2,True,0.014471021,0.119292125,0.3595816,0.42730084,0.07549547,0.0038589532
31023,2022-05-03,2,D1,3,D2,3,D2,False,0.013048705,0.104509555,0.3574923,0.4409843,0.08079058,0.003174501
31023,2022-05-10,2,D1,3,D2,3,D2,False,0.013371539,0.08791202,0.3198948,0.46257612,0.11168964,0.0045558675
31023,2022-05-17,2,D1,3,D2,3,D2,False,0.0061784694,0.04077101,0.2395475,0.55328935,0.1568659,0.003347747
31023,2022-05-24,2,D1,3,D2,3,D2,False,0.004455267,0.028142793,0.21568449,0.5821944,0.16737512,0.002147926
31023,2022-05-31,2,D1,3,D2,3,D2,False,0.004512008,0.028299848,0.22302775,0.58433,0.15823448,0.0015959237
31023,2022-06-07,2,D1,3,D2,3,D2,False,0.0042675156,0.027712839,0.23490208,0.58033174,0.15164147,0.0011443795
31023,2022-06-14,1,D0,3,D2,3,D2,False,0.0037416292,0.026665857,0.24182074,0.5759911,0.15093282,0.0008478103
31023,2022-06-21,0,None,3,D2,3,D2,False,0.0033345486,0.023118986,0.21367157,0.5843648,0.17443308,0.0010770609
31023,2022-06-28,0,None,3,D2,3,D2,False,0.0034449107,0.023259751,0.20705442,0.5845074,0.18049887,0.0012347167
31023,2022-07-05,0,None,3,D2,3,D2,False,0.0035425716,0.022571018,0.2040061,0.58275187,0.18581514,0.0013133171
31023,2022-07-12,0,None,3,D2,3,D2,False,0.0030531702,0.019939816,0.17901951,0.58593947,0.21008874,0.0019592925
31023,2022-07-19,0,None,3,D2,3,D2,False,0.0025242076,0.01695031,0.15230778,0.5798861,0.24503942,0.003292271
31023,2022-07-26,1,D0,3,D2,3,D2,False,0.0023792356,0.015347419,0.13022327,0.56476,0.28149748,0.005792531
31023,2022-08-02,1,D0,3,D2,3,D2,False,0.0018353817,0.012088586,0.1026497,0.5356986,0.33570126,0.012026459
31023,2022-08-09,2,D1,3,D2,4,D3,False,0.0011932984,0.008785892,0.07282674,0.46627784,0.42164862,0.02926758
31023,2022-08-16,2,D1,4,D3,4,D3,False,0.0006096512,0.0053471485,0.045048427,0.37572756,0.5077015,0.06556579
31023,2022-08-23,2,D1,4,D3,4,D3,False,0.0003356066,0.003191072,0.023907345,0.23770273,0.54180926,0.19305395
31023,2022-08-30,2,D1,4,D3,4,D3,False,0.00015614461,0.0017428211,0.011420804,0.13055919,0.48493835,0.37118274
31023,2022-09-06,2,D1,5,D4,4,D3,False,8.5515305e-05,0.0012121324,0.006912465,0.078024335,0.43661138,0.47715417
31023,2022-09-13,2,D1,5,D4,4,D3,False,5.518391e-05,0.00090979517,0.005103815,0.058956303,0.41893363,0.5160413
31023,2022-09-20,3,D2,5,D4,4,D3,False,3.3770008e-05,0.00070435053,0.0037227368,0.039837703,0.40795195,0.54774946
31023,2022-09-27,3,D2,5,D4,4,D3,False,3.0160098e-05,0.00067071,0.0034049368,0.03352062,0.40600517,0.5563684
31023,2022-10-04,3,D2,5,D4,4,D3,False,2.4243765e-05,0.00058975536,0.002941549,0.027847383,0.40396613,0.5646309
31023,2022-10-11,3,D2,5,D4,4,D3,False,2.3195336e-05,0.00058747025,0.0028283466,0.024884792,0.40189287,0.56978333
31023,2022-10-18,3,D2,5,D4,4,D3,False,2.8034327e-05,0.0006667484,0.0030741526,0.02560765,0.40319532,0.5674281
31023,2022-10-25,3,D2,5,D4,4,D3,False,2.5441392e-05,0.0006162403,0.002877833,0.02444489,0.40157485,0.57046074
31023,2022-11-01,3,D2,5,D4,4,D3,False,2.541392e-05,0.0006236994,0.0028319536,0.023323849,0.39964077,0.57355434
31023,2022-11-08,4,D3,5,D4,4,D3,True,1.9340265e-05,0.0005183778,0.0024266574,0.020806061,0.39573172,0.5804978
31023,2022-11-15,4,D3,5,D4,4,D3,True,1.6005926e-05,0.00046870217,0.0021854166,0.018285012,0.39119846,0.58784646
31023,2022-11-22,4,D3,5,D4,4,D3,True,1.387665e-05,0.00043081882,0.0020203155,0.016884152,0.38856044,0.5920904
31023,2022-11-29,4,D3,5,D4,4,D3,True,1.2836659e-05,0.00041156833,0.0019492165,0.016232988,0.3867432,0.5946502
31023,2022-12-06,4,D3,5,D4,4,D3,True,9.507857e-06,0.0003357893,0.0016628453,0.01464131,0.384079,0.59927154
31023,2022-12-13,4,D3,5,D4,5,D4,False,7.330916e-06,0.00028404087,0.001490257,0.013644129,0.3814985,0.6030757
31023,2022-12-20,4,D3,5,D4,5,D4,False,5.7602706e-06,0.00024404234,0.0013302137,0.012661565,0.37857747,0.60718083
31023,2022-12-27,4,D3,5,D4,5,D4,False,4.597549e-06,0.00020749662,0.001177229,0.011992303,0.37815183,0.60846645
31023,2023-01-03,4,D3,5,D4,5,D4,False,3.697817e-06,0.00017687076,0.0010435272,0.011392247,0.3781302,0.6092535
31023,2023-01-10,4,D3,5,D4,5,D4,False,3.1453533e-06,0.00015669869,0.00095048675,0.011035774,0.37847653,0.6093773
31023,2023-01-17,4,D3,5,D4,5,D4,False,2.7474273e-06,0.00014143855,0.00088995614,0.010758901,0.37721872,0.6109883
31023,2023-01-24,4,D3,5,D4,5,D4,False,2.6625682e-06,0.00013982768,0.000884962,0.010828194,0.37690073,0.61124367
31023,2023-01-31,4,D3,5,D4,5,D4,False,2.8535528e-06,0.00014819561,0.0009206885,0.011345006,0.37748298,0.61010027
31023,2023-02-07,4,D3,5,D4,5,D4,False,3.392241e-06,0.00016778642,0.0010118223,0.012571456,0.37863925,0.60760635
31023,2023-02-14,4,D3,5,D4,5,D4,False,4.0653244e-06,0.0001896415,0.0011342288,0.014216246,0.37982163,0.6046342
31023,2023-02-21,4,D3,5,D4,5,D4,False,4.854988e-06,0.0002149005,0.0012667617,0.01596694,0.38190818,0.6006383
31023,2023-02-28,4,D3,5,D4,4,D3,True,5.8312726e-06,0.00024367544,0.0014080572,0.018034296,0.3840224,0.59628576
31023,2023-03-07,4,D3,5,D4,4,D3,True,6.3741923e-06,0.00025932209,0.0014798793,0.019203192,0.3849992,0.5940521
31023,2023-03-14,4,D3,5,D4,4,D3,True,9.142217e-06,0.00032991092,0.0018273209,0.023708515,0.38776547,0.5863596
31023,2023-03-21,4,D3,5,D4,4,D3,True,1.09516595e-05,0.0003732161,0.002035418,0.02640341,0.38887343,0.5823035
31023,2023-03-28,4,D3,5,D4,4,D3,True,1.8816278e-05,0.00052824384,0.0027901928,0.035582356,0.3916634,0.56941706
31023,2023-04-04,4,D3,5,D4,4,D3,True,3.6701094e-05,0.0007911566,0.0039975964,0.052389447,0.38980436,0.55298066
31023,2023-04-11,4,D3,5,D4,4,D3,True,8.699522e-05,0.0013258668,0.0065764072,0.07826542,0.39235035,0.52139497
31023,2023-04-18,4,D3,5,D4,4,D3,True,0.00021523169,0.0022570903,0.011636938,0.13427813,0.3925351,0.45907754
31023,2023-04-25,5,D4,4,D3,4,D3,False,0.00039645494,0.0030476425,0.02020919,0.22509204,0.43675685,0.31449777
31023,2023-05-02,5,D4,4,D3,4,D3,False,0.0005758102,0.003907338,0.035236694,0.35158896,0.46296033,0.14573091
31023,2023-05-09,5,D4,4,D3,4,D3,False,0.0006277138,0.004977872,0.052328836,0.4273254,0.44817156,0.06656862
31023,2023-05-16,5,D4,3,D2,4,D3,False,0.0007253448,0.006040212,0.07053575,0.4939563,0.40287355,0.025868895
31023,2023-05-23,5,D4,3,D2,3,D2,False,0.0008058222,0.00661181,0.086909585,0.53925234,0.35611063,0.010309839
31023,2023-05-30,5,D4,3,D2,3,D2,False,0.0010404111,0.008001223,0.10522891,0.56231356,0.31770322,0.005712741
31023,2023-06-06,5,D4,3,D2,3,D2,False,0.0015680215,0.011610984,0.14463991,0.5691558,0.27000198,0.0030232684
31023,2023-06-13,5,D4,3,D2,3,D2,False,0.0021544842,0.014946495,0.1777768,0.5621994,0.24102081,0.0019020663
31023,2023-06-20,5,D4,3,D2,3,D2,False,0.002554935,0.016875645,0.19399743,0.5557959,0.22933933,0.0014367709
31023,2023-06-27,5,D4,3,D2,3,D2,False,0.0028479171,0.017547116,0.19781074,0.5583007,0.2222524,0.0012411337
31023,2023-07-04,5,D4,3,D2,3,D2,False,0.0034034515,0.018228432,0.19772984,0.5648726,0.2146564,0.0011093011
31023,2023-07-11,4,D3,3,D2,3,D2,False,0.004289675,0.02018785,0.20025606,0.5622734,0.2119083,0.0010846778
31023,2023-07-18,4,D3,3,D2,3,D2,False,0.0049930583,0.021965232,0.20130078,0.55777025,0.21288769,0.0010830156
31023,2023-07-25,4,D3,3,D2,3,D2,False,0.005789044,0.023646683,0.201418,0.55423707,0.21372369,0.0011855105
31023,2023-08-01,4,D3,3,D2,3,D2,False,0.0064378045,0.024608247,0.19783881,0.55779016,0.21216978,0.0011551547
31023,2023-08-08,4,D3,3,D2,3,D2,False,0.007718975,0.026814522,0.19546269,0.5502472,0.2183621,0.0013945159
31023,2023-08-15,4,D3,3,D2,3,D2,False,0.008539172,0.029391794,0.20172103,0.54535717,0.21344495,0.00154583
31023,2023-08-22,4,D3,3,D2,3,D2,False,0.00934253,0.03214558,0.21155645,0.53627956,0.20883976,0.0018361076
31023,2023-08-29,4,D3,3,D2,3,D2,False,0.010119555,0.036581047,0.2237413,0.51501536,0.21198341,0.0025593552
31023,2023-09-05,4,D3,3,D2,3,D2,False,0.01134628,0.041321274,0.22550373,0.5006465,0.21750908,0.0036731057
31023,2023-09-12,4,D3,3,D2,3,D2,False,0.012969799,0.04693743,0.2187458,0.48556522,0.2295715,0.0062102983
31023,2023-09-19,5,D4,3,D2,3,D2,False,0.015472439,0.053679723,0.22067213,0.48064402,0.22158515,0.00794649
31023,2023-09-26,5,D4,3,D2,3,D2,False,0.018033264,0.061688777,0.21840666,0.46660542,0.2237661,0.011499776
31023,2023-10-03,5,D4,3,D2,3,D2,False,0.02248775,0.075997904,0.2166824,0.44693285,0.22069229,0.017206704
31023,2023-10-10,5,D4,3,D2,3,D2,False,0.026137216,0.08651215,0.22426544,0.44040272,0.20560795,0.017074464
31023,2023-10-17,5,D4,3,D2,3,D2,False,0.03170323,0.10225043,0.22910312,0.41960746,0.19522554,0.022110175
31023,2023-10-24,5,D4,3,D2,3,D2,False,0.03408792,0.12541477,0.24694459,0.40343663,0.16635844,0.023757659
31023,2023-10-31,5,D4,3,D2,3,D2,False,0.03561378,0.13754725,0.25527847,0.3929579,0.15253153,0.026071105
31023,2023-11-07,5,D4,3,D2,3,D2,False,0.035167262,0.14559764,0.25488603,0.3884417,0.14733662,0.028570682
31023,2023-11-14,5,D4,3,D2,3,D2,False,0.036769886,0.16175455,0.26806623,0.37393916,0.13161418,0.027855977
31023,2023-11-21,5,D4,3,D2,3,D2,False,0.037853956,0.18018341,0.2872891,0.3516088,0.11691757,0.026147118
31023,2023-11-28,5,D4,3,D2,3,D2,False,0.040012836,0.19670509,0.30758744,0.32302922,0.107935935,0.024729509
31023,2023-12-05,5,D4,2,D1,2,D1,False,0.04372474,0.20905648,0.3178023,0.30239782,0.102005705,0.025013003
31023,2023-12-12,5,D4,2,D1,2,D1,False,0.041416824,0.20982029,0.31650847,0.3081905,0.10155026,0.02251365
31023,2023-12-19,5,D4,2,D1,2,D1,False,0.04373435,0.22246265,0.31674972,0.30540046,0.092272215,0.019380525
31023,2023-12-26,5,D4,3,D2,2,D1,False,0.044426225,0.2192223,0.3098354,0.31430772,0.0927097,0.019498574
31023,2024-01-02,4,D3,3,D2,2,D1,False,0.048837576,0.21758515,0.30515307,0.31222755,0.09498766,0.021209037
31023,2024-01-09,4,D3,3,D2,3,D2,False,0.050106186,0.21308687,0.2986239,0.3188445,0.09743693,0.021901648
31023,2024-01-16,4,D3,3,D2,2,D1,False,0.057495084,0.20979343,0.29874218,0.30045992,0.10056231,0.03294703
31023,2024-01-23,3,D2,2,D1,2,D1,False,0.07246088,0.20435935,0.27779925,0.26848897,0.11206931,0.06482223
31023,2024-01-30,3,D2,2,D1,2,D1,False,0.08800616,0.20874143,0.25854665,0.24639133,0.110198274,0.08811612
31023,2024-02-06,3,D2,2,D1,2,D1,False,0.10233103,0.22169751,0.26424855,0.23364699,0.095590234,0.082485706
31023,2024-02-13,3,D2,2,D1,2,D1,False,0.10101161,0.22166033,0.26268986,0.23987833,0.09454817,0.080211625
31023,2024-02-20,3,D2,3,D2,2,D1,False,0.092223965,0.20845988,0.25238585,0.25806653,0.10377061,0.08509316
31023,2024-02-27,3,D2,3,D2,3,D2,True,0.07891392,0.20500726,0.25338176,0.27783975,0.10684747,0.0780098
31023,2024-03-05,3,D2,3,D2,3,D2,True,0.055742256,0.17267214,0.22474492,0.3152128,0.13996421,0.09166367
31023,2024-03-12,3,D2,3,D2,3,D2,True,0.06073355,0.18495429,0.24136731,0.31464303,0.12759472,0.070707165
31023,2024-03-19,3,D2,3,D2,3,D2,True,0.048668876,0.17429827,0.22933581,0.33602446,0.14075747,0.07091512
31023,2024-03-26,3,D2,3,D2,3,D2,True,0.048308656,0.18470249,0.24382,0.3394821,0.13113587,0.052550912
31023,2024-04-02,3,D2,3,D2,3,D2,True,0.053421136,0.20611335,0.2731721,0.32688,0.10947077,0.030942632
31023,2024-04-09,3,D2,3,D2,3,D2,True,0.05691978,0.21456419,0.29469994,0.32601514,0.09201786,0.015783088
31023,2024-04-16,3,D2,3,D2,3,D2,True,0.050970465,0.21159837,0.31113234,0.33849102,0.078825004,0.008982776
31023,2024-04-23,3,D2,3,D2,3,D2,True,0.046535354,0.1989911,0.31999984,0.35041785,0.07757015,0.0064856904
31023,2024-04-30,3,D2,3,D2,3,D2,True,0.03963501,0.17755204,0.32392594,0.3681331,0.08528761,0.0054662265
31023,2024-05-07,2,D1,3,D2,3,D2,False,0.03001104,0.14691585,0.32630926,0.39232415,0.09941824,0.0050214585
31023,2024-05-14,2,D1,3,D2,3,D2,False,0.025522292,0.13321394,0.3390897,0.40010026,0.098436534,0.0036371807
31023,2024-05-21,1,D0,3,D2,3,D2,False,0.017991355,0.101899534,0.33816394,0.42610088,0.11332142,0.0025228492
31023,2024-05-28,1,D0,3,D2,3,D2,False,0.011426838,0.06905665,0.31548685,0.4689773,0.13364427,0.0014081977
31023,2024-06-04,0,None,3,D2,3,D2,False,0.0092414,0.057875928,0.30462041,0.49451885,0.13277826,0.0009652186
31023,2024-06-11,0,None,3,D2,3,D2,False,0.008741962,0.05508985,0.30053687,0.5035277,0.13126683,0.00083679083
31023,2024-06-18,0,None,3,D2,3,D2,False,0.007523699,0.04441448,0.2777212,0.52596295,0.14364095,0.0007367223
31023,2024-06-25,0,None,3,D2,3,D2,False,0.0068711247,0.03862586,0.26091743,0.53987867,0.15299043,0.0007165407
31023,2024-07-02,0,None,3,D2,3,D2,False,0.0068396027,0.034336172,0.24627568,0.5506079,0.16119897,0.0007416482
31023,2024-07-09,0,None,3,D2,3,D2,False,0.0068675866,0.03481722,0.24543385,0.55720186,0.1549857,0.00069377007
31023,2024-07-16,0,None,3,D2,3,D2,False,0.007690535,0.035736907,0.24753098,0.5573902,0.15094478,0.00070665265
31023,2024-07-23,0,None,3,D2,3,D2,False,0.008753419,0.039043304,0.24643677,0.54800177,0.15690233,0.000862397
31023,2024-07-30,0,None,3,D2,3,D2,False,0.008373937,0.038396597,0.23865868,0.55231315,0.16136388,0.00089382014
31023,2024-08-06,0,None,3,D2,3,D2,False,0.009258695,0.04001866,0.23535003,0.55380553,0.16046642,0.001100633
31023,2024-08-13,0,None,3,D2,3,D2,False,0.012275007,0.04594826,0.2366861,0.5426157,0.16090786,0.0015671008
31023,2024-08-20,0,None,3,D2,3,D2,False,0.016647825,0.054819945,0.23604563,0.5257958,0.16427656,0.0024142668
31023,2024-08-27,0,None,3,D2,3,D2,False,0.022667345,0.06539389,0.2367325,0.5055215,0.16609816,0.0035866534
31023,2024-09-03,0,None,3,D2,3,D2,False,0.026698256,0.07606066,0.23981997,0.48752195,0.16511182,0.0047872956
31023,2024-09-10,1,D0,3,D2,3,D2,False,0.031041931,0.086994484,0.24171159,0.46579942,0.167387,0.0070655467
31023,2024-09-17,1,D0,3,D2,3,D2,False,0.030982368,0.08884234,0.23274273,0.4519033,0.18440503,0.011124218
31023,2024-09-24,1,D0,3,D2,3,D2,False,0.030591207,0.08702688,0.20965359,0.42213374,0.22454292,0.026051637
31023,2024-10-01,2,D1,3,D2,4,D3,False,0.013172041,0.05775421,0.14475608,0.35141814,0.33295912,0.09994037
31023,2024-10-08,2,D1,4,D3,4,D3,False,0.0026640776,0.018348068,0.059468433,0.23364873,0.46531197,0.2205587
31023,2024-10-15,2,D1,4,D3,4,D3,False,0.0010317595,0.009406553,0.030887002,0.1379161,0.46802017,0.3527384
31023,2024-10-22,2,D1,5,D4,4,D3,False,0.0003070417,0.0035594504,0.013341041,0.0743857,0.4393809,0.46902597
31023,2024-10-29,3,D2,5,D4,4,D3,False,0.00031266463,0.0035963962,0.012517158,0.07326338,0.41021323,0.5000972
31023,2024-11-05,3,D2,5,D4,4,D3,False,0.00046764695,0.0046924786,0.0145485345,0.07451383,0.3959588,0.5098187
31023,2024-11-12,3,D2,5,D4,4,D3,False,0.00063042797,0.005697352,0.01699499,0.078658484,0.39174706,0.50627166
31023,2024-11-19,2,D1,5,D4,4,D3,False,0.00043631715,0.004495393,0.014308428,0.06665297,0.39053547,0.52357143
31023,2024-11-26,2,D1,5,D4,4,D3,False,0.0003489056,0.0038922427,0.012696857,0.057534095,0.38532537,0.54020256
31023,2024-12-03,2,D1,5,D4,4,D3,False,0.00029758707,0.0035622725,0.011806921,0.051471874,0.38207328,0.55078804
31023,2024-12-10,2,D1,5,D4,4,D3,False,0.000268878,0.0033912954,0.011327719,0.046784613,0.37920856,0.5590189
31023,2024-12-17,2,D1,5,D4,4,D3,False,0.00022428873,0.0030338396,0.010238993,0.044421967,0.37831575,0.5637651
31023,2024-12-24,2,D1,5,D4,4,D3,False,0.00022825187,0.0031716365,0.010304863,0.045919504,0.3783895,0.5619863
31023,2024-12-31,2,D1,5,D4,4,D3,False,0.00019462152,0.0028854837,0.009498877,0.04267273,0.37172168,0.57302666
31023,2025-01-07,2,D1,5,D4,4,D3,False,0.00017268935,0.0027036704,0.00886839,0.044065624,0.37314552,0.5710441
31023,2025-01-14,2,D1,5,D4,4,D3,False,0.00016243651,0.0027016038,0.008774104,0.046319682,0.37636214,0.56568
31023,2025-01-21,2,D1,5,D4,4,D3,False,0.000218914,0.0033858034,0.010565002,0.053493746,0.3817218,0.55061466
31023,2025-01-28,2,D1,5,D4,4,D3,False,0.0003894416,0.005258041,0.015939372,0.07264548,0.38943523,0.5163324
31023,2025-02-04,2,D1,5,D4,4,D3,False,0.00052863226,0.006670103,0.019943038,0.08517952,0.3913598,0.49631888
31023,2025-02-11,2,D1,5,D4,4,D3,False,0.00070888054,0.008771614,0.024901114,0.0987266,0.3923816,0.47451022
31023,2025-02-18,2,D1,5,D4,4,D3,False,0.00089582073,0.010979168,0.02912955,0.10437029,0.38767987,0.46694526
31023,2025-02-25,2,D1,5,D4,4,D3,False,0.0011193294,0.012631939,0.03199361,0.113777585,0.38139933,0.45907822
31023,2025-03-04,2,D1,5,D4,4,D3,False,0.0014905236,0.015287481,0.037511565,0.13044661,0.37240216,0.44286168
31023,2025-03-11,2,D1,5,D4,4,D3,False,0.0022468432,0.018839505,0.045052532,0.15740314,0.358836,0.41762194
31023,2025-03-18,2,D1,5,D4,4,D3,False,0.0034571437,0.024246253,0.058398467,0.1967604,0.34252867,0.37460902
31023,2025-03-25,1,D0,4,D3,4,D3,False,0.0055092988,0.033896778,0.07780911,0.2488963,0.31951237,0.31437615
31023,2025-04-01,1,D0,3,D2,4,D3,False,0.008040631,0.042842347,0.09522679,0.29576427,0.2901109,0.26801503
31023,2025-04-08,1,D0,3,D2,4,D3,False,0.0119560845,0.050705682,0.107262045,0.3173547,0.26854265,0.24417882
31023,2025-04-15,2,D1,3,D2,3,D2,False,0.014922305,0.05603935,0.12006205,0.33877787,0.2640954,0.20610309
31023,2025-04-22,2,D1,3,D2,3,D2,False,0.012603797,0.054702442,0.14374512,0.40354764,0.26591665,0.11948434
31023,2025-04-29,2,D1,3,D2,3,D2,False,0.007842644,0.040120225,0.14977324,0.46716222,0.28184664,0.053255048
31023,2025-05-06,2,D1,3,D2,3,D2,False,0.0057649575,0.03276987,0.14691307,0.49693248,0.2895266,0.028092926
31023,2025-05-13,2,D1,3,D2,3,D2,False,0.0046021133,0.02806047,0.16418162,0.52751064,0.26431283,0.011332292
31023,2025-05-20,2,D1,3,D2,3,D2,False,0.0033123118,0.02065205,0.16076748,0.54525393,0.2631983,0.0068159304
31023,2025-05-27,2,D1,3,D2,3,D2,False,0.0025235247,0.016633652,0.15445517,0.5666864,0.25555426,0.0041470197
31023,2025-06-03,2,D1,3,D2,3,D2,False,0.0029739412,0.018230844,0.17518418,0.5713987,0.22948012,0.0027321938
31023,2025-06-10,2,D1,3,D2,3,D2,False,0.0031260543,0.019136675,0.19862825,0.5659118,0.21153915,0.0016580485
31023,2025-06-17,2,D1,3,D2,3,D2,False,0.0027206922,0.017500343,0.2035922,0.5660992,0.20890306,0.0011844184
31023,2025-06-24,2,D1,3,D2,3,D2,False,0.0027774281,0.016645055,0.20014328,0.56766325,0.21172103,0.0010499653
31023,2025-07-01,2,D1,3,D2,3,D2,False,0.0030058932,0.01704627,0.19863065,0.56586725,0.2144073,0.0010427228
31023,2025-07-08,1,D0,3,D2,3,D2,False,0.0034325046,0.018528229,0.20223898,0.568432,0.20641539,0.0009529021
31023,2025-07-15,0,None,3,D2,3,D2,False,0.003942553,0.019613042,0.20035297,0.5710596,0.20408507,0.0009467569
31023,2025-07-22,0,None,3,D2,3,D2,False,0.0048410166,0.02183005,0.20314369,0.56711525,0.20208764,0.0009823029
31023,2025-07-29,0,None,3,D2,3,D2,False,0.0058854143,0.024213856,0.20486426,0.56078225,0.20321627,0.0010379277
31023,2025-08-05,0,None,3,D2,3,D2,False,0.0067621334,0.02566534,0.20062588,0.5617517,0.20412749,0.0010674488
31023,2025-08-12,0,None,3,D2,3,D2,False,0.0078098206,0.027907124,0.1968623,0.56661576,0.19968082,0.0011241285
31023,2025-08-19,0,None,3,D2,3,D2,False,0.008952574,0.030818991,0.19779806,0.5670428,0.19423446,0.0011530407
31023,2025-08-26,0,None,3,D2,3,D2,False,0.011763011,0.035720702,0.20159563,0.55603147,0.19338505,0.0015040393
31023,2025-09-02,0,None,3,D2,3,D2,False,0.01513132,0.04341273,0.21218422,0.53527373,0.1919427,0.0020553402
31023,2025-09-09,0,None,3,D2,3,D2,False,0.018817505,0.050874665,0.21552125,0.525221,0.18684457,0.0027210363
31023,2025-09-16,0,None,3,D2,3,D2,False,0.02427518,0.06154151,0.21940066,0.51769096,0.17369506,0.003396719
31023,2025-09-23,0,None,3,D2,3,D2,False,0.03467835,0.08334093,0.23242162,0.49643078,0.14908797,0.0040404284
31023,2025-09-30,0,None,3,D2,3,D2,False,0.048924576,0.107243724,0.24549314,0.46682215,0.12676883,0.0047475817
31023,2025-10-07,0,None,3,D2,3,D2,False,0.06393067,0.1400192,0.26067516,0.42955914,0.100320734,0.0054951296
31023,2025-10-14,0,None,3,D2,3,D2,False,0.06579199,0.1542042,0.278516,0.41192514,0.084326625,0.0052360813
31023,2025-10-21,0,None,3,D2,3,D2,False,0.07283279,0.17794585,0.29240203,0.3853744,0.06649346,0.0049514603
31023,2025-10-28,0,None,3,D2,3,D2,False,0.06157126,0.17110616,0.29915437,0.39295635,0.07069351,0.004518367
31023,2025-11-04,0,None,3,D2,3,D2,False,0.052141774,0.17026123,0.29906586,0.39951968,0.07485011,0.004161249
31023,2025-11-11,1,D0,3,D2,3,D2,False,0.04933668,0.16741002,0.29960066,0.4001077,0.079294465,0.0042504715
31023,2025-11-18,1,D0,3,D2,3,D2,False,0.053991742,0.18004248,0.3018612,0.38679025,0.07326467,0.0040497133
31023,2025-11-25,1,D0,3,D2,3,D2,False,0.051573973,0.1944137,0.3010073,0.38024765,0.069157615,0.0035997515
31023,2025-12-02,1,D0,3,D2,3,D2,False,0.056457955,0.21155675,0.299366,0.3638099,0.065107115,0.0037022785
31023,2025-12-09,1,D0,3,D2,3,D2,False,0.0572,0.21774234,0.29837492,0.35715172,0.06567311,0.003857934
31023,2025-12-16,1,D0,3,D2,3,D2,False,0.053494323,0.2117089,0.30086777,0.35749105,0.07201464,0.0044233506
31023,2025-12-23,1,D0,3,D2,3,D2,False,0.04647098,0.20029128,0.29912233,0.3712412,0.078628734,0.0042454693
31023,2025-12-30,1,D0,3,D2,3,D2,False,0.041754603,0.20190388,0.30217063,0.3730294,0.07723943,0.003901955
31025,2022-01-04,0,None,3,D2,3,D2,False,0.036302052,0.21801366,0.32123235,0.34160045,0.073741406,0.009110046
31025,2022-01-11,0,None,3,D2,2,D1,False,0.036437016,0.22503819,0.32646465,0.33281904,0.0711271,0.008114002
31025,2022-01-18,0,None,2,D1,2,D1,False,0.034841992,0.23154451,0.33286214,0.32638395,0.067330025,0.00703733
31025,2022-01-25,0,None,2,D1,2,D1,False,0.029958107,0.23900431,0.3396636,0.3234395,0.06188536,0.006049103
31025,2022-02-01,0,None,2,D1,2,D1,False,0.027275745,0.2379475,0.34140363,0.32620466,0.06138645,0.005781995
31025,2022-02-08,0,None,2,D1,2,D1,False,0.026315786,0.24408579,0.34148398,0.32554927,0.056940094,0.0056250524
31025,2022-02-15,1,D0,3,D2,2,D1,False,0.02555614,0.24328953,0.33369464,0.33874488,0.05312803,0.005586703
31025,2022-02-22,1,D0,2,D1,2,D1,False,0.026325943,0.25421932,0.33746386,0.3275759,0.048700374,0.0057145185
31025,2022-03-01,2,D1,2,D1,2,D1,True,0.027112287,0.25785482,0.33736643,0.3254458,0.047050368,0.0051703523
31025,2022-03-08,2,D1,2,D1,2,D1,True,0.027222857,0.24144988,0.34204113,0.33130965,0.052946467,0.0050300406
31025,2022-03-15,2,D1,3,D2,2,D1,True,0.026615188,0.22420068,0.33846706,0.35000038,0.055741746,0.00497493
31025,2022-03-22,1,D0,3,D2,3,D2,False,0.024783406,0.20429432,0.34079942,0.3677534,0.057392217,0.0049771667
31025,2022-03-29,1,D0,3,D2,3,D2,False,0.024277546,0.19894081,0.34517553,0.3703651,0.056626964,0.004614051
31025,2022-04-05,1,D0,3,D2,3,D2,False,0.020537034,0.1752677,0.3578028,0.38260972,0.059451733,0.0043310523
31025,2022-04-12,1,D0,3,D2,3,D2,False,0.018994182,0.16120327,0.36282605,0.39077732,0.06142909,0.004770111
31025,2022-04-19,1,D0,3,D2,3,D2,False,0.016984299,0.14210768,0.36458322,0.40467778,0.0670172,0.0046297573
31025,2022-04-26,1,D0,3,D2,3,D2,False,0.014471021,0.119292125,0.3595816,0.42730084,0.07549547,0.0038589532
31025,2022-05-03,1,D0,3,D2,3,D2,False,0.013048705,0.104509555,0.3574923,0.4409843,0.08079058,0.003174501
31025,2022-05-10,1,D0,3,D2,3,D2,False,0.013371535,0.087912,0.31989476,0.46257618,0.11168966,0.0045558657
31025,2022-05-17,1,D0,3,D2,3,D2,False,0.0061784713,0.040771015,0.23954755,0.5532893,0.1568659,0.0033477482
31025,2022-05-24,1,D0,3,D2,3,D2,False,0.004455267,0.028142793,0.21568449,0.5821944,0.16737512,0.002147926
31025,2022-05-31,0,None,3,D2,3,D2,False,0.004512008,0.028299848,0.22302775,0.58433,0.15823448,0.0015959237
31025,2022-06-07,0,None,3,D2,3,D2,False,0.0042675156,0.027712839,0.23490208,0.58033174,0.15164147,0.0011443795
31025,2022-06-14,0,None,3,D2,3,D2,False,0.0037416292,0.026665857,0.24182074,0.5759911,0.15093282,0.0008478103
31025,2022-06-21,0,None,3,D2,3,D2,False,0.0033345486,0.023118986,0.21367157,0.5843648,0.17443308,0.0010770609
31025,2022-06-28,0,None,3,D2,3,D2,False,0.0034449107,0.023259751,0.20705442,0.5845074,0.18049887,0.0012347167
31025,2022-07-05,0,None,3,D2,3,D2,False,0.0035425716,0.022571018,0.2040061,0.58275187,0.18581514,0.0013133171
31025,2022-07-12,0,None,3,D2,3,D2,False,0.0030531702,0.019939816,0.17901951,0.58593947,0.21008874,0.0019592925
31025,2022-07-19,0,None,3,D2,3,D2,False,0.0025242076,0.01695031,0.15230778,0.5798861,0.24503942,0.003292271
31025,2022-07-26,0,None,3,D2,3,D2,False,0.0023792356,0.015347419,0.13022327,0.56476,0.28149748,0.005792531
31025,2022-08-02,1,D0,3,D2,3,D2,False,0.0018353817,0.012088586,0.1026497,0.5356986,0.33570126,0.012026459
31025,2022-08-09,1,D0,3,D2,4,D3,False,0.0011932984,0.008785892,0.07282674,0.46627784,0.42164862,0.02926758
31025,2022-08-16,1,D0,4,D3,4,D3,False,0.0006096512,0.0053471485,0.045048427,0.37572756,0.5077015,0.06556579
31025,2022-08-23,1,D0,4,D3,4,D3,False,0.0003356066,0.003191072,0.023907345,0.23770273,0.54180926,0.19305395
31025,2022-08-30,1,D0,4,D3,4,D3,False,0.00015614461,0.0017428211,0.011420804,0.13055919,0.48493835,0.37118274
31025,2022-09-06,1,D0,5,D4,4,D3,False,8.551526e-05,0.0012121325,0.0069124657,0.07802436,0.4366116,0.47715396
31025,2022-09-13,1,D0,5,D4,4,D3,False,5.518391e-05,0.0009097947,0.005103815,0.058956303,0.41893363,0.5160413
31025,2022-09-20,2,D1,5,D4,4,D3,False,3.3770008e-05,0.00070435053,0.0037227368,0.039837703,0.40795195,0.54774946
31025,2022-09-27,2,D1,5,D4,4,D3,False,3.0160098e-05,0.00067071,0.0034049368,0.03352062,0.40600517,0.5563684
31025,2022-10-04,2,D1,5,D4,4,D3,False,2.4243765e-05,0.00058975536,0.002941549,0.027847383,0.40396613,0.5646309
31025,2022-10-11,2,D1,5,D4,4,D3,False,2.3195336e-05,0.00058747025,0.0028283466,0.024884792,0.40189287,0.56978333
31025,2022-10-18,2,D1,5,D4,4,D3,False,2.8034327e-05,0.0006667484,0.0030741526,0.02560765,0.40319532,0.5674281
31025,2022-10-25,2,D1,5,D4,4,D3,False,2.5441392e-05,0.0006162403,0.002877833,0.02444489,0.40157485,0.57046074
31025,2022-11-01,2,D1,5,D4,4,D3,False,2.541392e-05,0.0006236994,0.0028319536,0.023323849,0.39964077,0.57355434
31025,2022-11-08,2,D1,5,D4,4,D3,False,1.9340265e-05,0.0005183778,0.0024266574,0.020806061,0.39573172,0.5804978
31025,2022-11-15,2,D1,5,D4,4,D3,False,1.6005926e-05,0.00046870217,0.0021854166,0.018285012,0.39119846,0.58784646
31025,2022-11-22,2,D1,5,D4,4,D3,False,1.387665e-05,0.00043081882,0.0020203155,0.016884152,0.38856044,0.5920904
31025,2022-11-29,2,D1,5,D4,4,D3,False,1.2836659e-05,0.00041156833,0.0019492165,0.016232988,0.3867432,0.5946502
31025,2022-12-06,2,D1,5,D4,4,D3,False,9.507857e-06,0.0003357893,0.0016628453,0.01464131,0.384079,0.59927154
31025,2022-12-13,2,D1,5,D4,5,D4,False,7.330916e-06,0.00028404087,0.001490257,0.013644129,0.3814985,0.6030757
31025,2022-12-20,2,D1,5,D4,5,D4,False,5.760265e-06,0.00024404211,0.001330213,0.012661568,0.37857747,0.60718083
31025,2022-12-27,2,D1,5,D4,5,D4,False,4.5975444e-06,0.00020749652,0.001177229,0.011992303,0.37815183,0.60846645
31025,2023-01-03,2,D1,5,D4,5,D4,False,3.697817e-06,0.00017687076,0.0010435272,0.011392247,0.3781302,0.6092535
31025,2023-01-10,2,D1,5,D4,5,D4,False,3.1453533e-06,0.00015669869,0.00095048675,0.011035774,0.37847653,0.6093773
31025,2023-01-17,2,D1,5,D4,5,D4,False,2.7474273e-06,0.00014143855,0.00088995614,0.010758901,0.37721872,0.6109883
31025,2023-01-24,2,D1,5,D4,5,D4,False,2.6625682e-06,0.00013982768,0.000884962,0.010828194,0.37690073,0.61124367
31025,2023-01-31,2,D1,5,D4,5,D4,False,2.8535528e-06,0.00014819561,0.0009206885,0.011345006,0.37748298,0.61010027
31025,2023-02-07,2,D1,5,D4,5,D4,False,3.392241e-06,0.00016778642,0.0010118223,0.012571456,0.37863925,0.60760635
31025,2023-02-14,2,D1,5,D4,5,D4,False,4.0653244e-06,0.0001896415,0.0011342288,0.014216246,0.37982163,0.6046342
31025,2023-02-21,2,D1,5,D4,5,D4,False,4.854988e-06,0.0002149005,0.0012667617,0.01596694,0.38190818,0.6006383
31025,2023-02-28,2,D1,5,D4,4,D3,False,5.8312726e-06,0.00024367544,0.0014080572,0.018034296,0.3840224,0.59628576
31025,2023-03-07,2,D1,5,D4,4,D3,False,6.3741923e-06,0.00025932209,0.0014798793,0.019203192,0.3849992,0.5940521
31025,2023-03-14,2,D1,5,D4,4,D3,False,9.142217e-06,0.00032991092,0.0018273209,0.023708515,0.38776547,0.5863596
31025,2023-03-21,2,D1,5,D4,4,D3,False,1.09516595e-05,0.0003732161,0.002035418,0.02640341,0.38887343,0.5823035
31025,2023-03-28,2,D1,5,D4,4,D3,False,1.8816278e-05,0.00052824384,0.0027901928,0.035582356,0.3916634,0.56941706
31025,2023-04-04,2,D1,5,D4,4,D3,False,3.6701094e-05,0.0007911566,0.0039975964,0.052389447,0.38980436,0.55298066
31025,2023-04-11,2,D1,5,D4,4,D3,False,8.699522e-05,0.0013258668,0.0065764072,0.07826542,0.39235035,0.52139497
31025,2023-04-18,2,D1,5,D4,4,D3,False,0.00021523186,0.0022570912,0.011636936,0.13427815,0.39253515,0.45907748
31025,2023-04-25,2,D1,4,D3,4,D3,False,0.00039645462,0.0030476414,0.020209176,0.22509187,0.4367569,0.3144979
31025,2023-05-02,2,D1,4,D3,4,D3,False,0.0005758102,0.003907338,0.035236694,0.35158896,0.46296033,0.14573091
31025,2023-05-09,2,D1,4,D3,4,D3,False,0.0006277138,0.004977872,0.052328836,0.4273254,0.44817156,0.06656862
31025,2023-05-16,2,D1,3,D2,4,D3,False,0.0007253448,0.006040212,0.07053575,0.4939563,0.40287355,0.025868895
31025,2023-05-23,2,D1,3,D2,3,D2,False,0.0008058222,0.00661181,0.086909585,0.53925234,0.35611063,0.010309839
31025,2023-05-30,3,D2,3,D2,3,D2,True,0.0010404111,0.008001223,0.10522891,0.56231356,0.31770322,0.005712741
31025,2023-06-06,3,D2,3,D2,3,D2,True,0.0015680215,0.011610984,0.14463991,0.5691558,0.27000198,0.0030232684
31025,2023-06-13,3,D2,3,D2,3,D2,True,0.0021544842,0.014946495,0.1777768,0.5621994,0.24102081,0.0019020663
31025,2023-06-20,4,D3,3,D2,3,D2,False,0.002554935,0.016875645,0.19399743,0.5557959,0.22933933,0.0014367709
31025,2023-06-27,4,D3,3,D2,3,D2,False,0.0028479171,0.017547116,0.19781074,0.5583007,0.2222524,0.0012411337
31025,2023-07-04,3,D2,3,D2,3,D2,True,0.0034034515,0.018228432,0.19772984,0.5648726,0.2146564,0.0011093011
31025,2023-07-11,3,D2,3,D2,3,D2,True,0.004289675,0.02018785,0.20025606,0.5622734,0.2119083,0.0010846778
31025,2023-07-18,3,D2,3,D2,3,D2,True,0.0049930583,0.021965232,0.20130078,0.55777025,0.21288769,0.0010830156
31025,2023-07-25,3,D2,3,D2,3,D2,True,0.005789044,0.023646683,0.201418,0.55423707,0.21372369,0.0011855105
31025,2023-08-01,3,D2,3,D2,3,D2,True,0.0064378027,0.024608253,0.1978388,0.5577903,0.2121697,0.0011551544
31025,2023-08-08,3,D2,3,D2,3,D2,True,0.0077189784,0.026814522,0.19546273,0.5502472,0.2183621,0.0013945164
31025,2023-08-15,3,D2,3,D2,3,D2,True,0.008539172,0.029391794,0.20172103,0.54535717,0.21344495,0.00154583
31025,2023-08-22,3,D2,3,D2,3,D2,True,0.00934253,0.03214558,0.21155645,0.53627956,0.20883976,0.0018361076
31025,2023-08-29,1,D0,3,D2,3,D2,False,0.010119555,0.036581047,0.2237413,0.51501536,0.21198341,0.0025593552
31025,2023-09-05,1,D0,3,D2,3,D2,False,0.01134628,0.041321274,0.22550373,0.5006465,0.21750908,0.0036731057
31025,2023-09-12,1,D0,3,D2,3,D2,False,0.012969799,0.04693743,0.2187458,0.48556522,0.2295715,0.0062102983
31025,2023-09-19,1,D0,3,D2,3,D2,False,0.015472439,0.053679723,0.22067213,0.48064402,0.22158515,0.00794649
31025,2023-09-26,1,D0,3,D2,3,D2,False,0.018033264,0.061688777,0.21840666,0.46660542,0.2237661,0.011499776
31025,2023-10-03,1,D0,3,D2,3,D2,False,0.02248775,0.075997904,0.2166824,0.44693285,0.22069229,0.017206704
31025,2023-10-10,1,D0,3,D2,3,D2,False,0.026137216,0.08651215,0.22426544,0.44040272,0.20560795,0.017074464
31025,2023-10-17,1,D0,3,D2,3,D2,False,0.03170323,0.10225043,0.22910312,0.41960746,0.19522554,0.022110175
31025,2023-10-24,1,D0,3,D2,3,D2,False,0.03408792,0.12541477,0.24694459,0.40343663,0.16635844,0.023757659
31025,2023-10-31,2,D1,3,D2,3,D2,False,0.03561378,0.13754725,0.25527847,0.3929579,0.15253153,0.026071105
31025,2023-11-07,2,D1,3,D2,3,D2,False,0.035167262,0.14559764,0.25488603,0.3884417,0.14733662,0.028570682
31025,2023-11-14,2,D1,3,D2,3,D2,False,0.036769886,0.16175455,0.26806623,0.37393916,0.13161418,0.027855977
31025,2023-11-21,2,D1,3,D2,3,D2,False,0.037853956,0.18018341,0.2872891,0.3516088,0.11691757,0.026147118
31025,2023-11-28,2,D1,3,D2,3,D2,False,0.040012836,0.19670509,0.30758744,0.32302922,0.107935935,0.024729509
31025,2023-12-05,2,D1,2,D1,2,D1,True,0.043724727,0.20905645,0.31780225,0.3023978,0.10200573,0.025013011
31025,2023-12-12,2,D1,2,D1,2,D1,True,0.041416824,0.20982029,0.31650847,0.3081905,0.10155026,0.02251365
31025,2023-12-19,2,D1,2,D1,2,D1,True,0.04373435,0.22246265,0.31674972,0.30540046,0.092272215,0.019380525
31025,2023-12-26,2,D1,3,D2,2,D1,True,0.044426225,0.2192223,0.3098354,0.31430772,0.0927097,0.019498574
31025,2024-01-02,2,D1,3,D2,2,D1,True,0.048837576,0.21758515,0.30515307,0.31222755,0.09498766,0.021209037
31025,2024-01-09,2,D1,3,D2,3,D2,False,0.050106186,0.21308687,0.2986239,0.3188445,0.09743693,0.021901648
31025,2024-01-16,2,D1,3,D2,2,D1,True,0.057495084,0.20979343,0.29874218,0.30045992,0.10056231,0.03294703
31025,2024-01-23,2,D1,2,D1,2,D1,True,0.07246088,0.20435935,0.27779925,0.26848897,0.11206931,0.06482223
31025,2024-01-30,2,D1,2,D1,2,D1,True,0.08800616,0.20874143,0.25854665,0.24639133,0.110198274,0.08811612
31025,2024-02-06,2,D1,2,D1,2,D1,True,0.10233103,0.22169751,0.26424855,0.23364699,0.095590234,0.082485706
31025,2024-02-13,2,D1,2,D1,2,D1,True,0.10101161,0.22166033,0.26268986,0.23987833,0.09454817,0.080211625
31025,2024-02-20,2,D1,3,D2,2,D1,True,0.092223965,0.20845988,0.25238585,0.25806653,0.10377061,0.08509316
31025,2024-02-27,2,D1,3,D2,3,D2,False,0.07891392,0.20500726,0.25338176,0.27783975,0.10684747,0.0780098
31025,2024-03-05,2,D1,3,D2,3,D2,False,0.055742256,0.17267214,0.22474492,0.3152128,0.13996421,0.09166367
31025,2024-03-12,2,D1,3,D2,3,D2,False,0.060733564,0.18495433,0.24136737,0.31464303,0.12759471,0.07070713
31025,2024-03-19,2,D1,3,D2,3,D2,False,0.04866888,0.1742983,0.22933589,0.3360244,0.14075743,0.07091508
31025,2024-03-26,2,D1,3,D2,3,D2,False,0.048308656,0.18470249,0.24382,0.3394821,0.13113587,0.052550912
31025,2024-04-02,2,D1,3,D2,3,D2,False,0.053421136,0.20611335,0.2731721,0.32688,0.10947077,0.030942632
31025,2024-04-09,2,D1,3,D2,3,D2,False,0.05691978,0.21456419,0.29469994,0.32601514,0.09201786,0.015783088
31025,2024-04-16,2,D1,3,D2,3,D2,False,0.050970465,0.21159837,0.31113234,0.33849102,0.078825004,0.008982776
31025,2024-04-23,2,D1,3,D2,3,D2,False,0.046535354,0.1989911,0.31999984,0.35041785,0.07757015,0.0064856904
31025,2024-04-30,2,D1,3,D2,3,D2,False,0.03963501,0.17755204,0.32392594,0.3681331,0.08528761,0.0054662265
31025,2024-05-07,2,D1,3,D2,3,D2,False,0.03001104,0.14691585,0.32630926,0.39232415,0.09941824,0.0050214585
31025,2024-05-14,2,D1,3,D2,3,D2,False,0.025522292,0.13321394,0.3390897,0.40010026,0.098436534,0.0036371807
31025,2024-05-21,2,D1,3,D2,3,D2,False,0.017991355,0.101899534,0.33816394,0.42610088,0.11332142,0.0025228492
31025,2024-05-28,2,D1,3,D2,3,D2,False,0.011426838,0.06905665,0.31548685,0.4689773,0.13364427,0.0014081977
31025,2024-06-04,2,D1,3,D2,3,D2,False,0.0092414,0.057875928,0.30462041,0.49451885,0.13277826,0.0009652186
31025,2024-06-11,1,D0,3,D2,3,D2,False,0.008741962,0.05508985,0.30053687,0.5035277,0.13126683,0.00083679083
31025,2024-06-18,0,None,3,D2,3,D2,False,0.007523699,0.04441448,0.2777212,0.52596295,0.14364095,0.0007367223
31025,2024-06-25,0,None,3,D2,3,D2,False,0.0068711247,0.03862586,0.26091743,0.53987867,0.15299043,0.0007165407
31025,2024-07-02,0,None,3,D2,3,D2,False,0.0068396027,0.034336172,0.24627568,0.5506079,0.16119897,0.0007416482
31025,2024-07-09,0,None,3,D2,3,D2,False,0.0068675866,0.03481721,0.24543385,0.55720186,0.1549857,0.0006937697
31025,2024-07-16,0,None,3,D2,3,D2,False,0.007690534,0.035736904,0.24753095,0.55739015,0.15094478,0.0007066525
31025,2024-07-23,0,None,3,D2,3,D2,False,0.008753419,0.039043304,0.24643677,0.54800177,0.15690233,0.000862397
31025,2024-07-30,0,None,3,D2,3,D2,False,0.008373937,0.038396597,0.23865868,0.55231315,0.16136388,0.00089382014
31025,2024-08-06,0,None,3,D2,3,D2,False,0.009258695,0.04001866,0.23535003,0.55380553,0.16046642,0.001100633
31025,2024-08-13,0,None,3,D2,3,D2,False,0.012275007,0.04594826,0.2366861,0.5426157,0.16090786,0.0015671008
31025,2024-08-20,0,None,3,D2,3,D2,False,0.016647825,0.054819945,0.23604563,0.5257958,0.16427656,0.0024142668
31025,2024-08-27,0,None,3,D2,3,D2,False,0.022667345,0.06539389,0.2367325,0.5055215,0.16609816,0.0035866534
31025,2024-09-03,1,D0,3,D2,3,D2,False,0.026698256,0.07606066,0.23981997,0.48752195,0.16511182,0.0047872956
31025,2024-09-10,1,D0,3,D2,3,D2,False,0.031041931,0.086994484,0.24171159,0.46579942,0.167387,0.0070655467
31025,2024-09-17,2,D1,3,D2,3,D2,False,0.030982368,0.08884234,0.23274273,0.4519033,0.18440503,0.011124218
31025,2024-09-24,2,D1,3,D2,3,D2,False,0.030591207,0.08702688,0.20965359,0.42213374,0.22454292,0.026051637
31025,2024-10-01,2,D1,3,D2,4,D3,False,0.013172041,0.05775421,0.14475608,0.35141814,0.33295912,0.09994037
31025,2024-10-08,2,D1,4,D3,4,D3,False,0.0026640776,0.018348068,0.059468433,0.23364873,0.46531197,0.2205587
31025,2024-10-15,3,D2,4,D3,4,D3,False,0.0010317595,0.009406553,0.030887002,0.1379161,0.46802017,0.3527384
31025,2024-10-22,3,D2,5,D4,4,D3,False,0.00030704206,0.0035594527,0.013341051,0.074385725,0.4393809,0.46902585
31025,2024-10-29,3,D2,5,D4,4,D3,False,0.00031266443,0.0035963953,0.012517151,0.073263355,0.4102133,0.5000971
31025,2024-11-05,3,D2,5,D4,4,D3,False,0.00046764695,0.0046924786,0.0145485345,0.07451383,0.3959588,0.5098187
31025,2024-11-12,3,D2,5,D4,4,D3,False,0.00063042797,0.005697352,0.01699499,0.078658484,0.39174706,0.50627166
31025,2024-11-19,2,D1,5,D4,4,D3,False,0.00043631715,0.004495393,0.014308428,0.06665297,0.39053547,0.52357143
31025,2024-11-26,2,D1,5,D4,4,D3,False,0.0003489056,0.0038922427,0.012696857,0.057534095,0.38532537,0.54020256
31025,2024-12-03,2,D1,5,D4,4,D3,False,0.00029758707,0.0035622725,0.011806921,0.051471874,0.38207328,0.55078804
31025,2024-12-10,2,D1,5,D4,4,D3,False,0.000268878,0.0033912954,0.011327719,0.046784613,0.37920856,0.5590189
31025,2024-12-17,2,D1,5,D4,4,D3,False,0.00022428873,0.0030338396,0.010238993,0.044421967,0.37831575,0.5637651
31025,2024-12-24,2,D1,5,D4,4,D3,False,0.00022825187,0.0031716365,0.010304863,0.045919504,0.3783895,0.5619863
31025,2024-12-31,2,D1,5,D4,4,D3,False,0.00019462152,0.0028854837,0.009498877,0.04267273,0.37172168,0.57302666
31025,2025-01-07,2,D1,5,D4,4,D3,False,0.00017268935,0.0027036704,0.00886839,0.044065624,0.37314552,0.5710441
31025,2025-01-14,2,D1,5,D4,4,D3,False,0.00016243651,0.0027016038,0.008774104,0.046319682,0.37636214,0.56568
31025,2025-01-21,2,D1,5,D4,4,D3,False,0.000218914,0.0033858034,0.010565002,0.053493746,0.3817218,0.55061466
31025,2025-01-28,2,D1,5,D4,4,D3,False,0.0003894416,0.005258041,0.015939372,0.07264548,0.38943523,0.5163324
31025,2025-02-04,2,D1,5,D4,4,D3,False,0.00052863226,0.006670103,0.019943038,0.08517952,0.3913598,0.49631888
31025,2025-02-11,2,D1,5,D4,4,D3,False,0.00070888054,0.008771614,0.024901114,0.0987266,0.3923816,0.47451022
31025,2025-02-18,2,D1,5,D4,4,D3,False,0.000895821,0.010979167,0.029129554,0.10437035,0.3876799,0.4669452
31025,2025-02-25,2,D1,5,D4,4,D3,False,0.0011193282,0.01263193,0.031993594,0.11377754,0.38139933,0.45907822
31025,2025-03-04,2,D1,5,D4,4,D3,False,0.0014905236,0.015287481,0.037511565,0.13044661,0.37240216,0.44286168
31025,2025-03-11,2,D1,5,D4,4,D3,False,0.0022468432,0.018839505,0.045052532,0.15740314,0.358836,0.41762194
31025,2025-03-18,2,D1,5,D4,4,D3,False,0.0034571437,0.024246253,0.058398467,0.1967604,0.34252867,0.37460902
31025,2025-03-25,2,D1,4,D3,4,D3,False,0.0055092988,0.033896778,0.07780911,0.2488963,0.31951237,0.31437615
31025,2025-04-01,2,D1,3,D2,4,D3,False,0.008040631,0.042842347,0.09522679,0.29576427,0.2901109,0.26801503
31025,2025-04-08,2,D1,3,D2,4,D3,False,0.0119560845,0.050705682,0.107262045,0.3173547,0.26854265,0.24417882
31025,2025-04-15,2,D1,3,D2,3,D2,False,0.014922305,0.05603935,0.12006205,0.33877787,0.2640954,0.20610309
31025,2025-04-22,2,D1,3,D2,3,D2,False,0.012603797,0.054702442,0.14374512,0.40354764,0.26591665,0.11948434
31025,2025-04-29,2,D1,3,D2,3,D2,False,0.007842644,0.040120225,0.14977324,0.46716222,0.28184664,0.053255048
31025,2025-05-06,2,D1,3,D2,3,D2,False,0.0057649575,0.03276987,0.14691307,0.49693248,0.2895266,0.028092926
31025,2025-05-13,2,D1,3,D2,3,D2,False,0.0046021133,0.02806047,0.16418162,0.52751064,0.26431283,0.011332292
31025,2025-05-20,2,D1,3,D2,3,D2,False,0.0033123118,0.02065205,0.16076748,0.54525393,0.2631983,0.0068159304
31025,2025-05-27,2,D1,3,D2,3,D2,False,0.0025235247,0.016633652,0.15445517,0.5666864,0.25555426,0.0041470197
31025,2025-06-03,2,D1,3,D2,3,D2,False,0.0029739407,0.018230846,0.17518419,0.5713986,0.22948019,0.0027321936
31025,2025-06-10,2,D1,3,D2,3,D2,False,0.0031260543,0.019136682,0.19862825,0.5659118,0.21153909,0.0016580485
31025,2025-06-17,2,D1,3,D2,3,D2,False,0.0027206922,0.017500343,0.2035922,0.5660992,0.20890306,0.0011844184
31025,2025-06-24,2,D1,3,D2,3,D2,False,0.0027774281,0.016645055,0.20014328,0.56766325,0.21172103,0.0010499653
31025,2025-07-01,2,D1,3,D2,3,D2,False,0.0030058932,0.01704627,0.19863065,0.56586725,0.2144073,0.0010427228
31025,2025-07-08,2,D1,3,D2,3,D2,False,0.0034325046,0.018528229,0.20223898,0.568432,0.20641539,0.0009529021
31025,2025-07-15,2,D1,3,D2,3,D2,False,0.003942553,0.019613042,0.20035297,0.5710596,0.20408507,0.0009467569
31025,2025-07-22,2,D1,3,D2,3,D2,False,0.0048410166,0.02183005,0.20314369,0.56711525,0.20208764,0.0009823029
31025,2025-07-29,2,D1,3,D2,3,D2,False,0.0058854143,0.024213856,0.20486426,0.56078225,0.20321627,0.0010379277
31025,2025-08-05,2,D1,3,D2,3,D2,False,0.0067621334,0.02566534,0.20062588,0.5617517,0.20412749,0.0010674488
31025,2025-08-12,0,None,3,D2,3,D2,False,0.0078098206,0.027907124,0.1968623,0.56661576,0.19968082,0.0011241285
31025,2025-08-19,0,None,3,D2,3,D2,False,0.008952574,0.030818991,0.19779806,0.5670428,0.19423446,0.0011530407
31025,2025-08-26,0,None,3,D2,3,D2,False,0.011763011,0.035720702,0.20159563,0.55603147,0.19338505,0.0015040393
31025,2025-09-02,0,None,3,D2,3,D2,False,0.01513132,0.04341273,0.21218422,0.53527373,0.1919427,0.0020553402
31025,2025-09-09,0,None,3,D2,3,D2,False,0.018817505,0.050874665,0.21552125,0.525221,0.18684457,0.0027210363
31025,2025-09-16,0,None,3,D2,3,D2,False,0.02427518,0.06154151,0.21940066,0.51769096,0.17369506,0.003396719
31025,2025-09-23,0,None,3,D2,3,D2,False,0.03467835,0.08334093,0.23242162,0.49643078,0.14908797,0.0040404284
31025,2025-09-30,0,None,3,D2,3,D2,False,0.048924554,0.107243724,0.24549317,0.46682215,0.12676884,0.0047475793
31025,2025-10-07,0,None,3,D2,3,D2,False,0.06393068,0.14001918,0.26067513,0.4295591,0.10032073,0.0054951264
31025,2025-10-14,0,None,3,D2,3,D2,False,0.06579199,0.1542042,0.278516,0.41192514,0.084326625,0.0052360813
31025,2025-10-21,0,None,3,D2,3,D2,False,0.07283279,0.17794585,0.29240203,0.3853744,0.06649346,0.0049514603
31025,2025-10-28,0,None,3,D2,3,D2,False,0.06157126,0.17110616,0.29915437,0.39295635,0.07069351,0.004518367
31025,2025-11-04,0,None,3,D2,3,D2,False,0.052141774,0.17026123,0.29906586,0.39951968,0.07485011,0.004161249
31025,2025-11-11,0,None,3,D2,3,D2,False,0.04933668,0.16741002,0.29960066,0.4001077,0.079294465,0.0042504715
31025,2025-11-18,0,None,3,D2,3,D2,False,0.053991742,0.18004248,0.3018612,0.38679025,0.07326467,0.0040497133
31025,2025-11-25,0,None,3,D2,3,D2,False,0.051573973,0.1944137,0.3010073,0.38024765,0.069157615,0.0035997515
31025,2025-12-02,0,None,3,D2,3,D2,False,0.056457955,0.21155675,0.299366,0.3638099,0.065107115,0.0037022785
31025,2025-12-09,0,None,3,D2,3,D2,False,0.0572,0.21774234,0.29837492,0.35715172,0.06567311,0.003857934
31025,2025-12-16,0,None,3,D2,3,D2,False,0.053494323,0.2117089,0.30086777,0.35749105,0.07201464,0.0044233506
31025,2025-12-23,0,None,3,D2,3,D2,False,0.04647098,0.20029128,0.29912233,0.3712412,0.078628734,0.0042454693
31025,2025-12-30,1,D0,3,D2,3,D2,False,0.041754603,0.20190388,0.30217063,0.3730294,0.07723943,0.003901955
31027,2022-01-04,2,D1,3,D2,3,D2,False,0.036302052,0.21801366,0.32123235,0.34160045,0.073741406,0.009110046
31027,2022-01-11,2,D1,3,D2,2,D1,True,0.036437012,0.22503817,0.32646462,0.3328191,0.071127094,0.008114
31027,2022-01-18,2,D1,2,D1,2,D1,True,0.034842003,0.2315445,0.3328621,0.326384,0.06733004,0.0070373314
31027,2022-01-25,2,D1,2,D1,2,D1,True,0.029958107,0.23900431,0.3396636,0.3234395,0.06188536,0.006049103
31027,2022-02-01,2,D1,2,D1,2,D1,True,0.027275745,0.2379475,0.34140363,0.32620466,0.06138645,0.005781995
31027,2022-02-08,2,D1,2,D1,2,D1,True,0.026315786,0.24408579,0.34148398,0.32554927,0.056940094,0.0056250524
31027,2022-02-15,2,D1,3,D2,2,D1,True,0.02555614,0.24328953,0.33369464,0.33874488,0.05312803,0.005586703
31027,2022-02-22,2,D1,2,D1,2,D1,True,0.026325943,0.25421932,0.33746386,0.3275759,0.048700374,0.0057145185
31027,2022-03-01,2,D1,2,D1,2,D1,True,0.027112287,0.25785482,0.33736643,0.3254458,0.047050368,0.0051703523
31027,2022-03-08,2,D1,2,D1,2,D1,True,0.027222857,0.24144988,0.34204113,0.33130965,0.052946467,0.0050300406
31027,2022-03-15,2,D1,3,D2,2,D1,True,0.026615188,0.22420068,0.33846706,0.35000038,0.055741746,0.00497493
31027,2022-03-22,2,D1,3,D2,3,D2,False,0.024783406,0.20429432,0.34079942,0.3677534,0.057392217,0.0049771667
31027,2022-03-29,3,D2,3,D2,3,D2,True,0.024277546,0.19894081,0.34517553,0.3703651,0.056626964,0.004614051
31027,2022-04-05,3,D2,3,D2,3,D2,True,0.020537034,0.1752677,0.3578028,0.38260972,0.059451733,0.0043310523
31027,2022-04-12,3,D2,3,D2,3,D2,True,0.018994182,0.16120327,0.36282605,0.39077732,0.06142909,0.004770111
31027,2022-04-19,3,D2,3,D2,3,D2,True,0.016984299,0.14210768,0.36458322,0.40467778,0.0670172,0.0046297573
31027,2022-04-26,3,D2,3,D2,3,D2,True,0.014471021,0.119292125,0.3595816,0.42730084,0.07549547,0.0038589532
31027,2022-05-03,3,D2,3,D2,3,D2,True,0.013048705,0.104509555,0.3574923,0.4409843,0.08079058,0.003174501
31027,2022-05-10,3,D2,3,D2,3,D2,True,0.013371539,0.08791202,0.3198948,0.46257612,0.11168964,0.0045558675
31027,2022-05-17,3,D2,3,D2,3,D2,True,0.0061784694,0.04077101,0.2395475,0.55328935,0.1568659,0.003347747
31027,2022-05-24,3,D2,3,D2,3,D2,True,0.004455267,0.028142793,0.21568449,0.5821944,0.16737512,0.002147926
31027,2022-05-31,3,D2,3,D2,3,D2,True,0.004512008,0.028299848,0.22302775,0.58433,0.15823448,0.0015959237
31027,2022-06-07,3,D2,3,D2,3,D2,True,0.0042675156,0.027712839,0.23490208,0.58033174,0.15164147,0.0011443795
31027,2022-06-14,3,D2,3,D2,3,D2,True,0.0037416292,0.026665857,0.24182074,0.5759911,0.15093282,0.0008478103
31027,2022-06-21,3,D2,3,D2,3,D2,True,0.0033345486,0.023118986,0.21367157,0.5843648,0.17443308,0.0010770609
31027,2022-06-28,3,D2,3,D2,3,D2,True,0.0034449107,0.023259751,0.20705442,0.5845074,0.18049887,0.0012347167
31027,2022-07-05,3,D2,3,D2,3,D2,True,0.0035425716,0.022571018,0.2040061,0.58275187,0.18581514,0.0013133171
31027,2022-07-12,3,D2,3,D2,3,D2,True,0.0030531702,0.019939816,0.17901951,0.58593947,0.21008874,0.0019592925
31027,2022-07-19,3,D2,3,D2,3,D2,True,0.0025242076,0.01695031,0.15230778,0.5798861,0.24503942,0.003292271
31027,2022-07-26,3,D2,3,D2,3,D2,True,0.0023792356,0.015347419,0.13022327,0.56476,0.28149748,0.005792531
31027,2022-08-02,3,D2,3,D2,3,D2,True,0.0018353817,0.012088586,0.1026497,0.5356986,0.33570126,0.012026459
31027,2022-08-09,4,D3,3,D2,4,D3,True,0.0011932984,0.008785892,0.07282674,0.46627784,0.42164862,0.02926758
31027,2022-08-16,3,D2,4,D3,4,D3,False,0.0006096512,0.0053471485,0.045048427,0.37572756,0.5077015,0.06556579
31027,2022-08-23,3,D2,4,D3,4,D3,False,0.00033560648,0.0031910709,0.023907341,0.23770276,0.5418093,0.19305398
31027,2022-08-30,3,D2,4,D3,4,D3,False,0.00015614461,0.0017428211,0.011420801,0.13055919,0.48493835,0.37118274
31027,2022-09-06,3,D2,5,D4,4,D3,False,8.551526e-05,0.0012121325,0.0069124657,0.07802436,0.4366116,0.47715396
31027,2022-09-13,4,D3,5,D4,4,D3,True,5.518391e-05,0.0009097947,0.005103815,0.058956303,0.41893363,0.5160413
31027,2022-09-20,4,D3,5,D4,4,D3,True,3.3770008e-05,0.00070435053,0.0037227368,0.039837703,0.40795195,0.54774946
31027,2022-09-27,4,D3,5,D4,4,D3,True,3.0160098e-05,0.00067071,0.0034049368,0.03352062,0.40600517,0.5563684
31027,2022-10-04,4,D3,5,D4,4,D3,True,2.4243765e-05,0.00058975536,0.002941549,0.027847383,0.40396613,0.5646309
31027,2022-10-11,4,D3,5,D4,4,D3,True,2.3195336e-05,0.00058747025,0.0028283466,0.024884792,0.40189287,0.56978333
31027,2022-10-18,4,D3,5,D4,4,D3,True,2.8034327e-05,0.0006667484,0.0030741526,0.02560765,0.40319532,0.5674281
31027,2022-10-25,4,D3,5,D4,4,D3,True,2.5441392e-05,0.0006162403,0.002877833,0.02444489,0.40157485,0.57046074
31027,2022-11-01,4,D3,5,D4,4,D3,True,2.541392e-05,0.0006236994,0.0028319536,0.023323849,0.39964077,0.57355434
31027,2022-11-08,4,D3,5,D4,4,D3,True,1.9340265e-05,0.0005183778,0.0024266574,0.020806061,0.39573172,0.5804978
31027,2022-11-15,4,D3,5,D4,4,D3,True,1.6005926e-05,0.00046870217,0.0021854166,0.018285012,0.39119846,0.58784646
31027,2022-11-22,4,D3,5,D4,4,D3,True,1.387665e-05,0.00043081882,0.0020203155,0.016884152,0.38856044,0.5920904
31027,2022-11-29,4,D3,5,D4,4,D3,True,1.2836659e-05,0.00041156833,0.0019492165,0.016232988,0.3867432,0.5946502
31027,2022-12-06,4,D3,5,D4,4,D3,True,9.507857e-06,0.0003357893,0.0016628453,0.01464131,0.384079,0.59927154
31027,2022-12-13,4,D3,5,D4,5,D4,False,7.330916e-06,0.00028404087,0.001490257,0.013644129,0.3814985,0.6030757
31027,2022-12-20,4,D3,5,D4,5,D4,False,5.7602706e-06,0.00024404234,0.0013302137,0.012661565,0.37857747,0.60718083
31027,2022-12-27,4,D3,5,D4,5,D4,False,4.597549e-06,0.00020749662,0.001177229,0.011992303,0.37815183,0.60846645
31027,2023-01-03,4,D3,5,D4,5,D4,False,3.697817e-06,0.00017687076,0.0010435272,0.011392247,0.3781302,0.6092535
31027,2023-01-10,4,D3,5,D4,5,D4,False,3.1453533e-06,0.00015669869,0.00095048675,0.011035774,0.37847653,0.6093773
31027,2023-01-17,4,D3,5,D4,5,D4,False,2.7474273e-06,0.00014143855,0.00088995614,0.010758901,0.37721872,0.6109883
31027,2023-01-24,4,D3,5,D4,5,D4,False,2.6625682e-06,0.00013982768,0.000884962,0.010828194,0.37690073,0.61124367
31027,2023-01-31,4,D3,5,D4,5,D4,False,2.8535528e-06,0.00014819561,0.0009206885,0.011345006,0.37748298,0.61010027
31027,2023-02-07,4,D3,5,D4,5,D4,False,3.392241e-06,0.00016778642,0.0010118223,0.012571456,0.37863925,0.60760635
31027,2023-02-14,3,D2,5,D4,5,D4,False,4.0653244e-06,0.0001896415,0.0011342288,0.014216246,0.37982163,0.6046342
31027,2023-02-21,3,D2,5,D4,5,D4,False,4.854988e-06,0.0002149005,0.0012667617,0.01596694,0.38190818,0.6006383
31027,2023-02-28,4,D3,5,D4,4,D3,True,5.8312726e-06,0.00024367544,0.0014080572,0.018034296,0.3840224,0.59628576
31027,2023-03-07,3,D2,5,D4,4,D3,False,6.3741923e-06,0.00025932209,0.0014798793,0.019203192,0.3849992,0.5940521
31027,2023-03-14,3,D2,5,D4,4,D3,False,9.142217e-06,0.00032991092,0.0018273209,0.023708515,0.38776547,0.5863596
31027,2023-03-21,3,D2,5,D4,4,D3,False,1.09516595e-05,0.0003732161,0.002035418,0.02640341,0.38887343,0.5823035
31027,2023-03-28,3,D2,5,D4,4,D3,False,1.8816278e-05,0.00052824384,0.0027901928,0.035582356,0.3916634,0.56941706
31027,2023-04-04,3,D2,5,D4,4,D3,False,3.6701105e-05,0.0007911568,0.003997597,0.052389458,0.38980424,0.5529808
31027,2023-04-11,3,D2,5,D4,4,D3,False,8.6995235e-05,0.0013258663,0.006576408,0.07826541,0.3923502,0.521395
31027,2023-04-18,3,D2,5,D4,4,D3,False,0.00021523186,0.0022570912,0.011636936,0.13427815,0.39253515,0.45907748
31027,2023-04-25,2,D1,4,D3,4,D3,False,0.00039645462,0.0030476414,0.020209176,0.22509187,0.4367569,0.3144979
31027,2023-05-02,2,D1,4,D3,4,D3,False,0.0005758102,0.003907338,0.035236694,0.35158896,0.46296033,0.14573091
31027,2023-05-09,2,D1,4,D3,4,D3,False,0.0006277138,0.004977872,0.052328836,0.4273254,0.44817156,0.06656862
31027,2023-05-16,2,D1,3,D2,4,D3,False,0.0007253448,0.006040212,0.07053575,0.4939563,0.40287355,0.025868895
31027,2023-05-23,2,D1,3,D2,3,D2,False,0.0008058222,0.00661181,0.086909585,0.53925234,0.35611063,0.010309839
31027,2023-05-30,2,D1,3,D2,3,D2,False,0.0010404111,0.008001223,0.10522891,0.56231356,0.31770322,0.005712741
31027,2023-06-06,3,D2,3,D2,3,D2,True,0.0015680215,0.011610984,0.14463991,0.5691558,0.27000198,0.0030232684
31027,2023-06-13,3,D2,3,D2,3,D2,True,0.0021544842,0.014946495,0.1777768,0.5621994,0.24102081,0.0019020663
31027,2023-06-20,3,D2,3,D2,3,D2,True,0.002554935,0.016875645,0.19399743,0.5557959,0.22933933,0.0014367709
31027,2023-06-27,3,D2,3,D2,3,D2,True,0.0028479171,0.017547116,0.19781074,0.5583007,0.2222524,0.0012411337
31027,2023-07-04,3,D2,3,D2,3,D2,True,0.0034034515,0.018228432,0.19772984,0.5648726,0.2146564,0.0011093011
31027,2023-07-11,3,D2,3,D2,3,D2,True,0.004289675,0.02018785,0.20025606,0.5622734,0.2119083,0.0010846778
31027,2023-07-18,3,D2,3,D2,3,D2,True,0.0049930583,0.021965232,0.20130078,0.55777025,0.21288769,0.0010830156
31027,2023-07-25,3,D2,3,D2,3,D2,True,0.005789044,0.023646683,0.201418,0.55423707,0.21372369,0.0011855105
31027,2023-08-01,2,D1,3,D2,3,D2,False,0.0064378045,0.024608247,0.19783881,0.55779016,0.21216978,0.0011551547
31027,2023-08-08,2,D1,3,D2,3,D2,False,0.007718975,0.026814522,0.19546269,0.5502472,0.2183621,0.0013945159
31027,2023-08-15,1,D0,3,D2,3,D2,False,0.008539172,0.029391794,0.20172103,0.54535717,0.21344495,0.00154583
31027,2023-08-22,1,D0,3,D2,3,D2,False,0.00934253,0.03214558,0.21155645,0.53627956,0.20883976,0.0018361076
31027,2023-08-29,1,D0,3,D2,3,D2,False,0.010119555,0.036581047,0.2237413,0.51501536,0.21198341,0.0025593552
31027,2023-09-05,1,D0,3,D2,3,D2,False,0.01134628,0.041321274,0.22550373,0.5006465,0.21750908,0.0036731057
31027,2023-09-12,2,D1,3,D2,3,D2,False,0.012969799,0.04693743,0.2187458,0.48556522,0.2295715,0.0062102983
31027,2023-09-19,2,D1,3,D2,3,D2,False,0.015472439,0.053679723,0.22067213,0.48064402,0.22158515,0.00794649
31027,2023-09-26,2,D1,3,D2,3,D2,False,0.018033264,0.061688777,0.21840666,0.46660542,0.2237661,0.011499776
31027,2023-10-03,2,D1,3,D2,3,D2,False,0.02248775,0.075997904,0.2166824,0.44693285,0.22069229,0.017206704
31027,2023-10-10,2,D1,3,D2,3,D2,False,0.026137216,0.08651215,0.22426544,0.44040272,0.20560795,0.017074464
31027,2023-10-17,2,D1,3,D2,3,D2,False,0.03170323,0.10225043,0.22910312,0.41960746,0.19522554,0.022110175
31027,2023-10-24,2,D1,3,D2,3,D2,False,0.03408792,0.12541477,0.24694459,0.40343663,0.16635844,0.023757659
31027,2023-10-31,1,D0,3,D2,3,D2,False,0.03561378,0.13754725,0.25527847,0.3929579,0.15253153,0.026071105
31027,2023-11-07,1,D0,3,D2,3,D2,False,0.035167262,0.14559764,0.25488603,0.3884417,0.14733662,0.028570682
31027,2023-11-14,1,D0,3,D2,3,D2,False,0.036769893,0.16175455,0.26806626,0.37393916,0.13161415,0.027855966
31027,2023-11-21,1,D0,3,D2,3,D2,False,0.03785396,0.18018341,0.28728914,0.35160884,0.11691753,0.026147103
31027,2023-11-28,1,D0,3,D2,3,D2,False,0.040012836,0.19670509,0.30758744,0.32302922,0.107935935,0.024729509
31027,2023-12-05,1,D0,2,D1,2,D1,False,0.043724727,0.20905645,0.31780225,0.3023978,0.10200573,0.025013011
31027,2023-12-12,1,D0,2,D1,2,D1,False,0.041416824,0.20982029,0.31650847,0.3081905,0.10155026,0.02251365
31027,2023-12-19,1,D0,2,D1,2,D1,False,0.04373435,0.22246265,0.31674972,0.30540046,0.092272215,0.019380525
31027,2023-12-26,0,None,3,D2,2,D1,False,0.044426225,0.2192223,0.3098354,0.31430772,0.0927097,0.019498574
31027,2024-01-02,0,None,3,D2,2,D1,False,0.048837576,0.21758515,0.30515307,0.31222755,0.09498766,0.021209037
31027,2024-01-09,0,None,3,D2,3,D2,False,0.050106186,0.21308687,0.2986239,0.3188445,0.09743693,0.021901648
31027,2024-01-16,0,None,3,D2,2,D1,False,0.057495084,0.20979343,0.29874218,0.30045992,0.10056231,0.03294703
31027,2024-01-23,0,None,2,D1,2,D1,False,0.07246088,0.20435935,0.27779925,0.26848897,0.11206931,0.06482223
31027,2024-01-30,0,None,2,D1,2,D1,False,0.08800616,0.20874143,0.25854665,0.24639133,0.110198274,0.08811612
31027,2024-02-06,0,None,2,D1,2,D1,False,0.10233103,0.22169751,0.26424855,0.23364699,0.095590234,0.082485706
31027,2024-02-13,0,None,2,D1,2,D1,False,0.10101161,0.22166033,0.26268986,0.23987833,0.09454817,0.080211625
31027,2024-02-20,0,None,3,D2,2,D1,False,0.092223965,0.20845988,0.25238585,0.25806653,0.10377061,0.08509316
31027,2024-02-27,0,None,3,D2,3,D2,False,0.07891392,0.20500726,0.25338176,0.27783975,0.10684747,0.0780098
31027,2024-03-05,0,None,3,D2,3,D2,False,0.055742256,0.17267214,0.22474492,0.3152128,0.13996421,0.09166367
31027,2024-03-12,1,D0,3,D2,3,D2,False,0.06073355,0.18495429,0.24136731,0.31464303,0.12759472,0.070707165
31027,2024-03-19,1,D0,3,D2,3,D2,False,0.048668876,0.17429827,0.22933581,0.33602446,0.14075747,0.07091512
31027,2024-03-26,0,None,3,D2,3,D2,False,0.048308656,0.18470249,0.24382,0.3394821,0.13113587,0.052550912
31027,2024-04-02,0,None,3,D2,3,D2,False,0.053421136,0.20611335,0.2731721,0.32688,0.10947077,0.030942632
31027,2024-04-09,0,None,3,D2,3,D2,False,0.05691978,0.21456419,0.29469994,0.32601514,0.09201786,0.015783088
31027,2024-04-16,0,None,3,D2,3,D2,False,0.050970465,0.21159837,0.31113234,0.33849102,0.078825004,0.008982776
31027,2024-04-23,0,None,3,D2,3,D2,False,0.046535354,0.1989911,0.31999984,0.35041785,0.07757015,0.0064856904
31027,2024-04-30,0,None,3,D2,3,D2,False,0.03963501,0.17755204,0.32392594,0.3681331,0.08528761,0.0054662265
31027,2024-05-07,0,None,3,D2,3,D2,False,0.03001104,0.14691585,0.32630926,0.39232415,0.09941824,0.0050214585
31027,2024-05-14,0,None,3,D2,3,D2,False,0.025522292,0.13321394,0.3390897,0.40010026,0.098436534,0.0036371807
31027,2024-05-21,0,None,3,D2,3,D2,False,0.017991355,0.101899534,0.33816394,0.42610088,0.11332142,0.0025228492
31027,2024-05-28,0,None,3,D2,3,D2,False,0.011426838,0.06905665,0.31548685,0.4689773,0.13364427,0.0014081977
31027,2024-06-04,0,None,3,D2,3,D2,False,0.0092414,0.057875928,0.30462041,0.49451885,0.13277826,0.0009652186
31027,2024-06-11,0,None,3,D2,3,D2,False,0.008741962,0.05508985,0.30053687,0.5035277,0.13126683,0.00083679083
31027,2024-06-18,0,None,3,D2,3,D2,False,0.007523699,0.04441448,0.2777212,0.52596295,0.14364095,0.0007367223
31027,2024-06-25,0,None,3,D2,3,D2,False,0.0068711275,0.038625866,0.26091745,0.5398786,0.15299042,0.00071654096
31027,2024-07-02,0,None,3,D2,3,D2,False,0.006839599,0.034336157,0.2462757,0.55060786,0.16119896,0.0007416481
31027,2024-07-09,0,None,3,D2,3,D2,False,0.0068675866,0.03481721,0.24543385,0.55720186,0.1549857,0.0006937697
31027,2024-07-16,0,None,3,D2,3,D2,False,0.007690534,0.035736904,0.24753095,0.55739015,0.15094478,0.0007066525
31027,2024-07-23,0,None,3,D2,3,D2,False,0.008753419,0.039043304,0.24643677,0.54800177,0.15690233,0.000862397
31027,2024-07-30,0,None,3,D2,3,D2,False,0.008373937,0.038396597,0.23865868,0.55231315,0.16136388,0.00089382014
31027,2024-08-06,0,None,3,D2,3,D2,False,0.009258695,0.04001866,0.23535003,0.55380553,0.16046642,0.001100633
31027,2024-08-13,0,None,3,D2,3,D2,False,0.012275007,0.04594826,0.2366861,0.5426157,0.16090786,0.0015671008
31027,2024-08-20,0,None,3,D2,3,D2,False,0.016647825,0.054819945,0.23604563,0.5257958,0.16427656,0.0024142668
31027,2024-08-27,1,D0,3,D2,3,D2,False,0.022667345,0.06539389,0.2367325,0.5055215,0.16609816,0.0035866534
31027,2024-09-03,1,D0,3,D2,3,D2,False,0.026698256,0.07606066,0.23981997,0.48752195,0.16511182,0.0047872956
31027,2024-09-10,1,D0,3,D2,3,D2,False,0.031041931,0.086994484,0.24171159,0.46579942,0.167387,0.0070655467
31027,2024-09-17,1,D0,3,D2,3,D2,False,0.030982368,0.08884234,0.23274273,0.4519033,0.18440503,0.011124218
31027,2024-09-24,2,D1,3,D2,3,D2,False,0.030591207,0.08702688,0.20965359,0.42213374,0.22454292,0.026051637
31027,2024-10-01,2,D1,3,D2,4,D3,False,0.013172041,0.05775421,0.14475608,0.35141814,0.33295912,0.09994037
31027,2024-10-08,3,D2,4,D3,4,D3,False,0.0026640776,0.018348068,0.059468433,0.23364873,0.46531197,0.2205587
31027,2024-10-15,3,D2,4,D3,4,D3,False,0.0010317595,0.009406553,0.030887002,0.1379161,0.46802017,0.3527384
31027,2024-10-22,3,D2,5,D4,4,D3,False,0.0003070417,0.0035594504,0.013341041,0.0743857,0.4393809,0.46902597
31027,2024-10-29,3,D2,5,D4,4,D3,False,0.00031266463,0.0035963962,0.012517158,0.07326338,0.41021323,0.5000972
31027,2024-11-05,3,D2,5,D4,4,D3,False,0.00046764695,0.0046924786,0.0145485345,0.07451383,0.3959588,0.5098187
31027,2024-11-12,4,D3,5,D4,4,D3,True,0.00063042797,0.005697352,0.01699499,0.078658484,0.39174706,0.50627166
31027,2024-11-19,3,D2,5,D4,4,D3,False,0.00043631715,0.004495393,0.014308428,0.06665297,0.39053547,0.52357143
31027,2024-11-26,3,D2,5,D4,4,D3,False,0.0003489056,0.0038922427,0.012696857,0.057534095,0.38532537,0.54020256
31027,2024-12-03,3,D2,5,D4,4,D3,False,0.00029758707,0.0035622725,0.011806921,0.051471874,0.38207328,0.55078804
31027,2024-12-10,3,D2,5,D4,4,D3,False,0.000268878,0.0033912954,0.011327719,0.046784613,0.37920856,0.5590189
31027,2024-12-17,3,D2,5,D4,4,D3,False,0.00022428873,0.0030338396,0.010238993,0.044421967,0.37831575,0.5637651
31027,2024-12-24,3,D2,5,D4,4,D3,False,0.00022825187,0.0031716365,0.010304863,0.045919504,0.3783895,0.5619863
31027,2024-12-31,3,D2,5,D4,4,D3,False,0.00019462152,0.0028854837,0.009498877,0.04267273,0.37172168,0.57302666
31027,2025-01-07,3,D2,5,D4,4,D3,False,0.00017268935,0.0027036704,0.00886839,0.044065624,0.37314552,0.5710441
31027,2025-01-14,3,D2,5,D4,4,D3,False,0.00016243651,0.0027016038,0.008774104,0.046319682,0.37636214,0.56568
31027,2025-01-21,3,D2,5,D4,4,D3,False,0.000218914,0.0033858034,0.010565002,0.053493746,0.3817218,0.55061466
31027,2025-01-28,3,D2,5,D4,4,D3,False,0.0003894416,0.005258041,0.015939372,0.07264548,0.38943523,0.5163324
31027,2025-02-04,3,D2,5,D4,4,D3,False,0.00052863255,0.0066701104,0.019943055,0.08517955,0.39135975,0.49631894
31027,2025-02-11,3,D2,5,D4,4,D3,False,0.00070888054,0.008771612,0.024901109,0.09872662,0.3923816,0.47451022
31027,2025-02-18,3,D2,5,D4,4,D3,False,0.000895821,0.010979167,0.029129554,0.10437035,0.3876799,0.4669452
31027,2025-02-25,3,D2,5,D4,4,D3,False,0.0011193282,0.01263193,0.031993594,0.11377754,0.38139933,0.45907822
31027,2025-03-04,3,D2,5,D4,4,D3,False,0.0014905236,0.015287481,0.037511565,0.13044661,0.37240216,0.44286168
31027,2025-03-11,3,D2,5,D4,4,D3,False,0.0022468432,0.018839505,0.045052532,0.15740314,0.358836,0.41762194
31027,2025-03-18,3,D2,5,D4,4,D3,False,0.0034571437,0.024246253,0.058398467,0.1967604,0.34252867,0.37460902
31027,2025-03-25,2,D1,4,D3,4,D3,False,0.0055092988,0.033896778,0.07780911,0.2488963,0.31951237,0.31437615
31027,2025-04-01,2,D1,3,D2,4,D3,False,0.008040631,0.042842347,0.09522679,0.29576427,0.2901109,0.26801503
31027,2025-04-08,2,D1,3,D2,4,D3,False,0.0119560845,0.050705682,0.107262045,0.3173547,0.26854265,0.24417882
31027,2025-04-15,2,D1,3,D2,3,D2,False,0.014922305,0.05603935,0.12006205,0.33877787,0.2640954,0.20610309
31027,2025-04-22,2,D1,3,D2,3,D2,False,0.012603797,0.054702442,0.14374512,0.40354764,0.26591665,0.11948434
31027,2025-04-29,2,D1,3,D2,3,D2,False,0.007842644,0.040120225,0.14977324,0.46716222,0.28184664,0.053255048
31027,2025-05-06,2,D1,3,D2,3,D2,False,0.0057649575,0.03276987,0.14691307,0.49693248,0.2895266,0.028092926
31027,2025-05-13,2,D1,3,D2,3,D2,False,0.0046021133,0.02806047,0.16418162,0.52751064,0.26431283,0.011332292
31027,2025-05-20,2,D1,3,D2,3,D2,False,0.0033123118,0.02065205,0.16076748,0.54525393,0.2631983,0.0068159304
31027,2025-05-27,2,D1,3,D2,3,D2,False,0.0025235247,0.016633652,0.15445517,0.5666864,0.25555426,0.0041470197
31027,2025-06-03,2,D1,3,D2,3,D2,False,0.0029739412,0.018230844,0.17518418,0.5713987,0.22948012,0.0027321938
31027,2025-06-10,2,D1,3,D2,3,D2,False,0.0031260543,0.019136675,0.19862825,0.5659118,0.21153915,0.0016580485
31027,2025-06-17,2,D1,3,D2,3,D2,False,0.0027206922,0.017500343,0.2035922,0.5660992,0.20890306,0.0011844184
31027,2025-06-24,2,D1,3,D2,3,D2,False,0.0027774281,0.016645055,0.20014328,0.56766325,0.21172103,0.0010499653
31027,2025-07-01,1,D0,3,D2,3,D2,False,0.0030058932,0.01704627,0.19863065,0.56586725,0.2144073,0.0010427228
31027,2025-07-08,1,D0,3,D2,3,D2,False,0.0034325046,0.018528229,0.20223898,0.568432,0.20641539,0.0009529021
31027,2025-07-15,0,None,3,D2,3,D2,False,0.003942553,0.019613042,0.20035297,0.5710596,0.20408507,0.0009467569
31027,2025-07-22,0,None,3,D2,3,D2,False,0.0048410166,0.02183005,0.20314369,0.56711525,0.20208764,0.0009823029
31027,2025-07-29,0,None,3,D2,3,D2,False,0.0058854143,0.024213856,0.20486426,0.56078225,0.20321627,0.0010379277
31027,2025-08-05,0,None,3,D2,3,D2,False,0.0067621334,0.02566534,0.20062588,0.5617517,0.20412749,0.0010674488
31027,2025-08-12,0,None,3,D2,3,D2,False,0.0078098206,0.027907124,0.1968623,0.56661576,0.19968082,0.0011241285
31027,2025-08-19,0,None,3,D2,3,D2,False,0.008952574,0.030818991,0.19779806,0.5670428,0.19423446,0.0011530407
31027,2025-08-26,0,None,3,D2,3,D2,False,0.011763011,0.035720702,0.20159563,0.55603147,0.19338505,0.0015040393
31027,2025-09-02,0,None,3,D2,3,D2,False,0.01513132,0.04341273,0.21218422,0.53527373,0.1919427,0.0020553402
31027,2025-09-09,0,None,3,D2,3,D2,False,0.018817505,0.050874665,0.21552125,0.525221,0.18684457,0.0027210363
31027,2025-09-16,0,None,3,D2,3,D2,False,0.024275176,0.0615415,0.21940067,0.5176909,0.17369501,0.0033967188
31027,2025-09-23,0,None,3,D2,3,D2,False,0.03467837,0.08334093,0.23242159,0.49643078,0.14908797,0.004040426
31027,2025-09-30,0,None,3,D2,3,D2,False,0.048924554,0.107243724,0.24549317,0.46682215,0.12676884,0.0047475793
31027,2025-10-07,1,D0,3,D2,3,D2,False,0.06393068,0.14001918,0.26067513,0.4295591,0.10032073,0.0054951264
31027,2025-10-14,1,D0,3,D2,3,D2,False,0.06579199,0.1542042,0.278516,0.41192514,0.084326625,0.0052360813
31027,2025-10-21,2,D1,3,D2,3,D2,False,0.07283279,0.17794585,0.29240203,0.3853744,0.06649346,0.0049514603
31027,2025-10-28,2,D1,3,D2,3,D2,False,0.06157126,0.17110616,0.29915437,0.39295635,0.07069351,0.004518367
31027,2025-11-04,2,D1,3,D2,3,D2,False,0.052141774,0.17026123,0.29906586,0.39951968,0.07485011,0.004161249
31027,2025-11-11,2,D1,3,D2,3,D2,False,0.04933668,0.16741002,0.29960066,0.4001077,0.079294465,0.0042504715
31027,2025-11-18,2,D1,3,D2,3,D2,False,0.053991742,0.18004248,0.3018612,0.38679025,0.07326467,0.0040497133
31027,2025-11-25,2,D1,3,D2,3,D2,False,0.051573973,0.1944137,0.3010073,0.38024765,0.069157615,0.0035997515
31027,2025-12-02,2,D1,3,D2,3,D2,False,0.056457955,0.21155675,0.299366,0.3638099,0.065107115,0.0037022785
31027,2025-12-09,2,D1,3,D2,3,D2,False,0.0572,0.21774234,0.29837492,0.35715172,0.06567311,0.003857934
31027,2025-12-16,2,D1,3,D2,3,D2,False,0.053494323,0.2117089,0.30086777,0.35749105,0.07201464,0.0044233506
31027,2025-12-23,2,D1,3,D2,3,D2,False,0.04647098,0.20029128,0.29912233,0.3712412,0.078628734,0.0042454693
31027,2025-12-30,2,D1,3,D2,3,D2,False,0.041754603,0.20190388,0.30217063,0.3730294,0.07723943,0.003901955
31029,2022-01-04,2,D1,3,D2,3,D2,False,0.036302052,0.21801366,0.32123235,0.34160045,0.073741406,0.009110046
31029,2022-01-11,2,D1,3,D2,2,D1,True,0.036437016,0.22503819,0.32646465,0.33281904,0.0711271,0.008114002
31029,2022-01-18,2,D1,2,D1,2,D1,True,0.034841992,0.23154451,0.33286214,0.32638395,0.067330025,0.00703733
31029,2022-01-25,2,D1,2,D1,2,D1,True,0.029958107,0.23900431,0.3396636,0.3234395,0.06188536,0.006049103
31029,2022-02-01,2,D1,2,D1,2,D1,True,0.027275745,0.2379475,0.34140363,0.32620466,0.06138645,0.005781995
31029,2022-02-08,2,D1,2,D1,2,D1,True,0.026315786,0.24408579,0.34148398,0.32554927,0.056940094,0.0056250524
31029,2022-02-15,2,D1,3,D2,2,D1,True,0.02555614,0.24328953,0.33369464,0.33874488,0.05312803,0.005586703
31029,2022-02-22,2,D1,2,D1,2,D1,True,0.026325943,0.25421932,0.33746386,0.3275759,0.048700374,0.0057145185
31029,2022-03-01,3,D2,2,D1,2,D1,False,0.027112287,0.25785482,0.33736643,0.3254458,0.047050368,0.0051703523
31029,2022-03-08,3,D2,2,D1,2,D1,False,0.027222857,0.24144988,0.34204113,0.33130965,0.052946467,0.0050300406
31029,2022-03-15,3,D2,3,D2,2,D1,False,0.026615188,0.22420068,0.33846706,0.35000038,0.055741746,0.00497493
31029,2022-03-22,3,D2,3,D2,3,D2,True,0.024783406,0.20429432,0.34079942,0.3677534,0.057392217,0.0049771667
31029,2022-03-29,3,D2,3,D2,3,D2,True,0.024277546,0.19894081,0.34517553,0.3703651,0.056626964,0.004614051
31029,2022-04-05,3,D2,3,D2,3,D2,True,0.020537034,0.1752677,0.3578028,0.38260972,0.059451733,0.0043310523
31029,2022-04-12,3,D2,3,D2,3,D2,True,0.018994182,0.16120327,0.36282605,0.39077732,0.06142909,0.004770111
31029,2022-04-19,3,D2,3,D2,3,D2,True,0.016984299,0.14210768,0.36458322,0.40467778,0.0670172,0.0046297573
31029,2022-04-26,3,D2,3,D2,3,D2,True,0.014471021,0.119292125,0.35958153,0.42730084,0.075495444,0.0038589532
31029,2022-05-03,3,D2,3,D2,3,D2,True,0.013048708,0.10450955,0.3574923,0.4409843,0.08079058,0.003174501
31029,2022-05-10,3,D2,3,D2,3,D2,True,0.013371539,0.08791202,0.3198948,0.46257612,0.11168964,0.0045558675
31029,2022-05-17,3,D2,3,D2,3,D2,True,0.0061784694,0.04077101,0.2395475,0.55328935,0.1568659,0.003347747
31029,2022-05-24,3,D2,3,D2,3,D2,True,0.004455267,0.028142793,0.21568449,0.5821944,0.16737512,0.002147926
31029,2022-05-31,3,D2,3,D2,3,D2,True,0.004512008,0.028299848,0.22302775,0.58433,0.15823448,0.0015959237
31029,2022-06-07,3,D2,3,D2,3,D2,True,0.0042675156,0.027712839,0.23490208,0.58033174,0.15164147,0.0011443795
31029,2022-06-14,3,D2,3,D2,3,D2,True,0.0037416292,0.026665857,0.24182074,0.5759911,0.15093282,0.0008478103
31029,2022-06-21,3,D2,3,D2,3,D2,True,0.0033345486,0.023118986,0.21367157,0.5843648,0.17443308,0.0010770609
31029,2022-06-28,4,D3,3,D2,3,D2,False,0.0034449107,0.023259751,0.20705442,0.5845074,0.18049887,0.0012347167
31029,2022-07-05,4,D3,3,D2,3,D2,False,0.0035425716,0.022571018,0.2040061,0.58275187,0.18581514,0.0013133171
31029,2022-07-12,4,D3,3,D2,3,D2,False,0.0030531702,0.019939816,0.17901951,0.58593947,0.21008874,0.0019592925
31029,2022-07-19,4,D3,3,D2,3,D2,False,0.0025242076,0.01695031,0.15230778,0.5798861,0.24503942,0.003292271
31029,2022-07-26,4,D3,3,D2,3,D2,False,0.0023792356,0.015347419,0.13022327,0.56476,0.28149748,0.005792531
31029,2022-08-02,4,D3,3,D2,3,D2,False,0.0018353817,0.012088586,0.1026497,0.5356986,0.33570126,0.012026459
31029,2022-08-09,4,D3,3,D2,4,D3,True,0.0011932984,0.008785892,0.07282674,0.46627784,0.42164862,0.02926758
31029,2022-08-16,4,D3,4,D3,4,D3,True,0.0006096512,0.0053471485,0.045048427,0.37572756,0.5077015,0.06556579
31029,2022-08-23,4,D3,4,D3,4,D3,True,0.0003356066,0.003191072,0.023907345,0.23770273,0.54180926,0.19305395
31029,2022-08-30,5,D4,4,D3,4,D3,False,0.00015614461,0.0017428211,0.011420804,0.13055919,0.48493835,0.37118274
31029,2022-09-06,5,D4,5,D4,4,D3,False,8.551526e-05,0.0012121325,0.0069124657,0.07802436,0.4366116,0.47715396
31029,2022-09-13,4,D3,5,D4,4,D3,True,5.518391e-05,0.0009097947,0.005103815,0.058956303,0.41893363,0.5160413
31029,2022-09-20,4,D3,5,D4,4,D3,True,3.3770008e-05,0.00070435053,0.0037227368,0.039837703,0.40795195,0.54774946
31029,2022-09-27,4,D3,5,D4,4,D3,True,3.0160098e-05,0.00067071,0.0034049368,0.03352062,0.40600517,0.5563684
31029,2022-10-04,4,D3,5,D4,4,D3,True,2.4243765e-05,0.00058975536,0.002941549,0.027847383,0.40396613,0.5646309
31029,2022-10-11,4,D3,5,D4,4,D3,True,2.3195336e-05,0.00058747025,0.0028283466,0.024884792,0.40189287,0.56978333
31029,2022-10-18,4,D3,5,D4,4,D3,True,2.8034327e-05,0.0006667484,0.0030741526,0.02560765,0.40319532,0.5674281
31029,2022-10-25,4,D3,5,D4,4,D3,True,2.5441392e-05,0.0006162403,0.002877833,0.02444489,0.40157485,0.57046074
31029,2022-11-01,4,D3,5,D4,4,D3,True,2.541392e-05,0.0006236994,0.0028319536,0.023323849,0.39964077,0.57355434
31029,2022-11-08,4,D3,5,D4,4,D3,True,1.9340265e-05,0.0005183778,0.0024266574,0.020806061,0.39573172,0.5804978
31029,2022-11-15,4,D3,5,D4,4,D3,True,1.6005926e-05,0.00046870217,0.0021854166,0.018285012,0.39119846,0.58784646
31029,2022-11-22,4,D3,5,D4,4,D3,True,1.387665e-05,0.00043081882,0.0020203155,0.016884152,0.38856044,0.5920904
31029,2022-11-29,4,D3,5,D4,4,D3,True,1.2836659e-05,0.00041156833,0.0019492165,0.016232988,0.3867432,0.5946502
31029,2022-12-06,4,D3,5,D4,4,D3,True,9.507873e-06,0.00033578952,0.0016628464,0.01464132,0.38407925,0.59927136
31029,2022-12-13,4,D3,5,D4,5,D4,False,7.330915e-06,0.00028404084,0.0014902576,0.0136441365,0.38149863,0.6030756
31029,2022-12-20,4,D3,5,D4,5,D4,False,5.7602706e-06,0.00024404234,0.0013302137,0.012661565,0.37857747,0.60718083
31029,2022-12-27,4,D3,5,D4,5,D4,False,4.597549e-06,0.00020749662,0.001177229,0.011992303,0.37815183,0.60846645
31029,2023-01-03,4,D3,5,D4,5,D4,False,3.697817e-06,0.00017687076,0.0010435272,0.011392247,0.3781302,0.6092535
31029,2023-01-10,4,D3,5,D4,5,D4,False,3.1453533e-06,0.00015669869,0.00095048675,0.011035774,0.37847653,0.6093773
31029,2023-01-17,4,D3,5,D4,5,D4,False,2.7474273e-06,0.00014143855,0.00088995614,0.010758901,0.37721872,0.6109883
31029,2023-01-24,4,D3,5,D4,5,D4,False,2.6625682e-06,0.00013982768,0.000884962,0.010828194,0.37690073,0.61124367
31029,2023-01-31,4,D3,5,D4,5,D4,False,2.8535528e-06,0.00014819561,0.0009206885,0.011345006,0.37748298,0.61010027
31029,2023-02-07,4,D3,5,D4,5,D4,False,3.392241e-06,0.00016778642,0.0010118223,0.012571456,0.37863925,0.60760635
31029,2023-02-14,4,D3,5,D4,5,D4,False,4.0653244e-06,0.0001896415,0.0011342288,0.014216246,0.37982163,0.6046342
31029,2023-02-21,4,D3,5,D4,5,D4,False,4.854988e-06,0.0002149005,0.0012667617,0.01596694,0.38190818,0.6006383
31029,2023-02-28,4,D3,5,D4,4,D3,True,5.8312726e-06,0.00024367544,0.0014080572,0.018034296,0.3840224,0.59628576
31029,2023-03-07,4,D3,5,D4,4,D3,True,6.3741923e-06,0.00025932209,0.0014798793,0.019203192,0.3849992,0.5940521
31029,2023-03-14,4,D3,5,D4,4,D3,True,9.142217e-06,0.00032991092,0.0018273209,0.023708515,0.38776547,0.5863596
31029,2023-03-21,4,D3,5,D4,4,D3,True,1.09516595e-05,0.0003732161,0.002035418,0.02640341,0.38887343,0.5823035
31029,2023-03-28,4,D3,5,D4,4,D3,True,1.8816278e-05,0.00052824384,0.0027901928,0.035582356,0.3916634,0.56941706
31029,2023-04-04,4,D3,5,D4,4,D3,True,3.6701094e-05,0.0007911566,0.0039975964,0.052389447,0.38980436,0.55298066
31029,2023-04-11,4,D3,5,D4,4,D3,True,8.699522e-05,0.0013258668,0.0065764072,0.07826542,0.39235035,0.52139497
31029,2023-04-18,4,D3,5,D4,4,D3,True,0.00021523186,0.0022570912,0.011636936,0.13427815,0.39253515,0.45907748
31029,2023-04-25,4,D3,4,D3,4,D3,True,0.00039645462,0.0030476414,0.020209176,0.22509187,0.4367569,0.3144979
31029,2023-05-02,4,D3,4,D3,4,D3,True,0.0005758102,0.003907338,0.035236694,0.35158896,0.46296033,0.14573091
31029,2023-05-09,4,D3,4,D3,4,D3,True,0.0006277138,0.004977872,0.052328836,0.4273254,0.44817156,0.06656862
31029,2023-05-16,3,D2,3,D2,4,D3,False,0.0007253448,0.006040212,0.07053575,0.4939563,0.40287355,0.025868895
31029,2023-05-23,3,D2,3,D2,3,D2,True,0.0008058222,0.00661181,0.086909585,0.53925234,0.35611063,0.010309839
31029,2023-05-30,2,D1,3,D2,3,D2,False,0.0010404111,0.008001223,0.10522891,0.56231356,0.31770322,0.005712741
31029,2023-06-06,2,D1,3,D2,3,D2,False,0.0015680215,0.011610984,0.14463991,0.5691558,0.27000198,0.0030232684
31029,2023-06-13,2,D1,3,D2,3,D2,False,0.0021544842,0.014946495,0.1777768,0.5621994,0.24102081,0.0019020663
31029,2023-06-20,2,D1,3,D2,3,D2,False,0.002554935,0.016875645,0.19399743,0.5557959,0.22933933,0.0014367709
31029,2023-06-27,2,D1,3,D2,3,D2,False,0.0028479171,0.017547116,0.19781074,0.5583007,0.2222524,0.0012411337
31029,2023-07-04,2,D1,3,D2,3,D2,False,0.0034034515,0.018228432,0.19772984,0.5648726,0.2146564,0.0011093011
31029,2023-07-11,1,D0,3,D2,3,D2,False,0.004289675,0.02018785,0.20025606,0.5622734,0.2119083,0.0010846778
31029,2023-07-18,1,D0,3,D2,3,D2,False,0.0049930573,0.02196524,0.20130077,0.5577702,0.21288772,0.0010830155
31029,2023-07-25,1,D0,3,D2,3,D2,False,0.005789043,0.023646679,0.20141803,0.554237,0.21372367,0.0011855104
31029,2023-08-01,1,D0,3,D2,3,D2,False,0.0064378045,0.024608247,0.19783881,0.55779016,0.21216978,0.0011551547
31029,2023-08-08,0,None,3,D2,3,D2,False,0.007718975,0.026814522,0.19546269,0.5502472,0.2183621,0.0013945159
31029,2023-08-15,0,None,3,D2,3,D2,False,0.008539172,0.029391794,0.20172103,0.54535717,0.21344495,0.00154583
31029,2023-08-22,0,None,3,D2,3,D2,False,0.00934253,0.03214558,0.21155645,0.53627956,0.20883976,0.0018361076
31029,2023-08-29,0,None,3,D2,3,D2,False,0.010119555,0.036581047,0.2237413,0.51501536,0.21198341,0.0025593552
31029,2023-09-05,0,None,3,D2,3,D2,False,0.01134628,0.041321274,0.22550373,0.5006465,0.21750908,0.0036731057
31029,2023-09-12,0,None,3,D2,3,D2,False,0.012969799,0.04693743,0.2187458,0.48556522,0.2295715,0.0062102983
31029,2023-09-19,0,None,3,D2,3,D2,False,0.015472439,0.053679723,0.22067213,0.48064402,0.22158515,0.00794649
31029,2023-09-26,0,None,3,D2,3,D2,False,0.018033264,0.061688777,0.21840666,0.46660542,0.2237661,0.011499776
31029,2023-10-03,0,None,3,D2,3,D2,False,0.02248775,0.075997904,0.2166824,0.44693285,0.22069229,0.017206704
31029,2023-10-10,1,D0,3,D2,3,D2,False,0.026137216,0.08651215,0.22426544,0.44040272,0.20560795,0.017074464
31029,2023-10-17,1,D0,3,D2,3,D2,False,0.03170323,0.10225043,0.22910312,0.41960746,0.19522554,0.022110175
31029,2023-10-24,1,D0,3,D2,3,D2,False,0.03408792,0.12541477,0.24694459,0.40343663,0.16635844,0.023757659
31029,2023-10-31,1,D0,3,D2,3,D2,False,0.03561378,0.13754725,0.25527847,0.3929579,0.15253153,0.026071105
31029,2023-11-07,1,D0,3,D2,3,D2,False,0.035167262,0.14559764,0.25488603,0.3884417,0.14733662,0.028570682
31029,2023-11-14,1,D0,3,D2,3,D2,False,0.036769886,0.16175455,0.26806623,0.37393916,0.13161418,0.027855977
31029,2023-11-21,1,D0,3,D2,3,D2,False,0.037853956,0.18018341,0.2872891,0.3516088,0.11691757,0.026147118
31029,2023-11-28,1,D0,3,D2,3,D2,False,0.040012836,0.19670509,0.30758744,0.32302922,0.107935935,0.024729509
31029,2023-12-05,1,D0,2,D1,2,D1,False,0.043724727,0.20905645,0.31780225,0.3023978,0.10200573,0.025013011
31029,2023-12-12,1,D0,2,D1,2,D1,False,0.041416824,0.20982029,0.31650847,0.3081905,0.10155026,0.02251365
31029,2023-12-19,1,D0,2,D1,2,D1,False,0.04373435,0.22246265,0.31674972,0.30540046,0.092272215,0.019380525
31029,2023-12-26,1,D0,3,D2,2,D1,False,0.044426225,0.2192223,0.3098354,0.31430772,0.0927097,0.019498574
31029,2024-01-02,1,D0,3,D2,2,D1,False,0.048837576,0.21758515,0.30515307,0.31222755,0.09498766,0.021209037
31029,2024-01-09,1,D0,3,D2,3,D2,False,0.050106186,0.21308687,0.2986239,0.3188445,0.09743693,0.021901648
31029,2024-01-16,1,D0,3,D2,2,D1,False,0.057495084,0.20979343,0.29874218,0.30045992,0.10056231,0.03294703
31029,2024-01-23,1,D0,2,D1,2,D1,False,0.07246088,0.20435935,0.27779925,0.26848897,0.11206931,0.06482223
31029,2024-01-30,1,D0,2,D1,2,D1,False,0.08800616,0.20874143,0.25854665,0.24639133,0.110198274,0.08811612
31029,2024-02-06,1,D0,2,D1,2,D1,False,0.10233103,0.22169751,0.26424855,0.23364699,0.095590234,0.082485706
31029,2024-02-13,1,D0,2,D1,2,D1,False,0.10101161,0.22166033,0.26268986,0.23987833,0.09454817,0.080211625
31029,2024-02-20,1,D0,3,D2,2,D1,False,0.092223965,0.20845988,0.25238585,0.25806653,0.10377061,0.08509316
31029,2024-02-27,1,D0,3,D2,3,D2,False,0.078913935,0.20500733,0.25338182,0.27783975,0.10684744,0.07800978
31029,2024-03-05,1,D0,3,D2,3,D2,False,0.055742323,0.17267224,0.22474498,0.31521273,0.13996413,0.091663636
31029,2024-03-12,0,None,3,D2,3,D2,False,0.06073355,0.18495429,0.24136731,0.31464303,0.12759472,0.070707165
31029,2024-03-19,0,None,3,D2,3,D2,False,0.048668876,0.17429827,0.22933581,0.33602446,0.14075747,0.07091512
31029,2024-03-26,0,None,3,D2,3,D2,False,0.048308656,0.18470249,0.24382,0.3394821,0.13113587,0.052550912
31029,2024-04-02,0,None,3,D2,3,D2,False,0.053421136,0.20611335,0.2731721,0.32688,0.10947077,0.030942632
31029,2024-04-09,0,None,3,D2,3,D2,False,0.05691978,0.21456419,0.29469994,0.32601514,0.09201786,0.015783088
31029,2024-04-16,0,None,3,D2,3,D2,False,0.050970465,0.21159837,0.31113234,0.33849102,0.078825004,0.008982776
31029,2024-04-23,0,None,3,D2,3,D2,False,0.046535354,0.1989911,0.31999984,0.35041785,0.07757015,0.0064856904
31029,2024-04-30,0,None,3,D2,3,D2,False,0.03963501,0.17755204,0.32392594,0.3681331,0.08528761,0.0054662265
31029,2024-05-07,0,None,3,D2,3,D2,False,0.03001104,0.14691585,0.32630926,0.39232415,0.09941824,0.0050214585
31029,2024-05-14,1,D0,3,D2,3,D2,False,0.025522292,0.13321394,0.3390897,0.40010026,0.098436534,0.0036371807
31029,2024-05-21,0,None,3,D2,3,D2,False,0.017991355,0.101899534,0.33816394,0.42610088,0.11332142,0.0025228492
31029,2024-05-28,0,None,3,D2,3,D2,False,0.011426838,0.06905665,0.31548685,0.4689773,0.13364427,0.0014081977
31029,2024-06-04,0,None,3,D2,3,D2,False,0.0092414,0.057875928,0.30462041,0.49451885,0.13277826,0.0009652186
31029,2024-06-11,0,None,3,D2,3,D2,False,0.008741962,0.05508985,0.30053687,0.5035277,0.13126683,0.00083679083
31029,2024-06-18,0,None,3,D2,3,D2,False,0.007523699,0.04441448,0.2777212,0.52596295,0.14364095,0.0007367223
31029,2024-06-25,0,None,3,D2,3,D2,False,0.0068711247,0.03862586,0.26091743,0.53987867,0.15299043,0.0007165407
31029,2024-07-02,1,D0,3,D2,3,D2,False,0.0068396027,0.034336172,0.24627568,0.5506079,0.16119897,0.0007416482
31029,2024-07-09,1,D0,3,D2,3,D2,False,0.0068675866,0.03481721,0.24543385,0.55720186,0.1549857,0.0006937697
31029,2024-07-16,1,D0,3,D2,3,D2,False,0.007690534,0.035736904,0.24753095,0.55739015,0.15094478,0.0007066525
31029,2024-07-23,2,D1,3,D2,3,D2,False,0.008753419,0.039043304,0.24643677,0.54800177,0.15690233,0.000862397
31029,2024-07-30,2,D1,3,D2,3,D2,False,0.008373937,0.038396597,0.23865868,0.55231315,0.16136388,0.00089382014
31029,2024-08-06,2,D1,3,D2,3,D2,False,0.009258695,0.04001866,0.23535003,0.55380553,0.16046642,0.001100633
31029,2024-08-13,1,D0,3,D2,3,D2,False,0.012275007,0.04594826,0.2366861,0.5426157,0.16090786,0.0015671008
31029,2024-08-20,0,None,3,D2,3,D2,False,0.016647825,0.054819945,0.23604563,0.5257958,0.16427656,0.0024142668
31029,2024-08-27,0,None,3,D2,3,D2,False,0.022667345,0.06539389,0.2367325,0.5055215,0.16609816,0.0035866534
31029,2024-09-03,0,None,3,D2,3,D2,False,0.026698256,0.07606066,0.23981997,0.48752195,0.16511182,0.0047872956
31029,2024-09-10,0,None,3,D2,3,D2,False,0.031041931,0.086994484,0.24171159,0.46579942,0.167387,0.0070655467
31029,2024-09-17,0,None,3,D2,3,D2,False,0.030982368,0.08884234,0.23274273,0.4519033,0.18440503,0.011124218
31029,2024-09-24,0,None,3,D2,3,D2,False,0.030591207,0.08702688,0.20965359,0.42213374,0.22454292,0.026051637
31029,2024-10-01,0,None,3,D2,4,D3,False,0.013172041,0.05775421,0.14475608,0.35141814,0.33295912,0.09994037
31029,2024-10-08,0,None,4,D3,4,D3,False,0.0026640752,0.018348053,0.05946841,0.2336487,0.46531203,0.22055873
31029,2024-10-15,1,D0,4,D3,4,D3,False,0.0010317606,0.009406556,0.03088701,0.13791613,0.46802017,0.35273832
31029,2024-10-22,1,D0,5,D4,4,D3,False,0.0003070417,0.0035594504,0.013341041,0.0743857,0.4393809,0.46902597
31029,2024-10-29,1,D0,5,D4,4,D3,False,0.00031266463,0.0035963962,0.012517158,0.07326338,0.41021323,0.5000972
31029,2024-11-05,1,D0,5,D4,4,D3,False,0.00046764695,0.0046924786,0.0145485345,0.07451383,0.3959588,0.5098187
31029,2024-11-12,0,None,5,D4,4,D3,False,0.00063042797,0.005697352,0.01699499,0.078658484,0.39174706,0.50627166
31029,2024-11-19,0,None,5,D4,4,D3,False,0.00043631715,0.004495393,0.014308428,0.06665297,0.39053547,0.52357143
31029,2024-11-26,0,None,5,D4,4,D3,False,0.0003489056,0.0038922427,0.012696857,0.057534095,0.38532537,0.54020256
31029,2024-12-03,0,None,5,D4,4,D3,False,0.00029758707,0.0035622725,0.011806921,0.051471874,0.38207328,0.55078804
31029,2024-12-10,0,None,5,D4,4,D3,False,0.000268878,0.0033912954,0.011327719,0.046784613,0.37920856,0.5590189
31029,2024-12-17,0,None,5,D4,4,D3,False,0.00022428873,0.0030338396,0.010238993,0.044421967,0.37831575,0.5637651
31029,2024-12-24,0,None,5,D4,4,D3,False,0.00022825187,0.0031716365,0.010304863,0.045919504,0.3783895,0.5619863
31029,2024-12-31,0,None,5,D4,4,D3,False,0.00019462152,0.0028854837,0.009498877,0.04267273,0.37172168,0.57302666
31029,2025-01-07,0,None,5,D4,4,D3,False,0.00017268935,0.0027036704,0.00886839,0.044065624,0.37314552,0.5710441
31029,2025-01-14,0,None,5,D4,4,D3,False,0.00016243651,0.0027016038,0.008774104,0.046319682,0.37636214,0.56568
31029,2025-01-21,0,None,5,D4,4,D3,False,0.000218914,0.0033858034,0.010565002,0.053493746,0.3817218,0.55061466
31029,2025-01-28,0,None,5,D4,4,D3,False,0.0003894416,0.005258041,0.015939372,0.07264548,0.38943523,0.5163324
31029,2025-02-04,0,None,5,D4,4,D3,False,0.00052863226,0.006670103,0.019943038,0.08517952,0.3913598,0.49631888
31029,2025-02-11,1,D0,5,D4,4,D3,False,0.00070888054,0.008771614,0.024901114,0.0987266,0.3923816,0.47451022
31029,2025-02-18,1,D0,5,D4,4,D3,False,0.000895821,0.010979167,0.029129554,0.10437035,0.3876799,0.4669452
31029,2025-02-25,1,D0,5,D4,4,D3,False,0.0011193282,0.01263193,0.031993594,0.11377754,0.38139933,0.45907822
31029,2025-03-04,1,D0,5,D4,4,D3,False,0.0014905236,0.015287481,0.037511565,0.13044661,0.37240216,0.44286168
31029,2025-03-11,1,D0,5,D4,4,D3,False,0.0022468432,0.018839505,0.045052532,0.15740314,0.358836,0.41762194
31029,2025-03-18,1,D0,5,D4,4,D3,False,0.0034571437,0.024246253,0.058398467,0.1967604,0.34252867,0.37460902
31029,2025-03-25,1,D0,4,D3,4,D3,False,0.0055092988,0.033896778,0.07780911,0.2488963,0.31951237,0.31437615
31029,2025-04-01,1,D0,3,D2,4,D3,False,0.008040631,0.042842347,0.09522679,0.29576427,0.2901109,0.26801503
31029,2025-04-08,0,None,3,D2,4,D3,False,0.0119560845,0.050705682,0.107262045,0.3173547,0.26854265,0.24417882
31029,2025-04-15,0,None,3,D2,3,D2,False,0.014922305,0.05603935,0.12006205,0.33877787,0.2640954,0.20610309
31029,2025-04-22,0,None,3,D2,3,D2,False,0.012603797,0.054702442,0.14374512,0.40354764,0.26591665,0.11948434
31029,2025-04-29,0,None,3,D2,3,D2,False,0.007842644,0.040120225,0.14977324,0.46716222,0.28184664,0.053255048
31029,2025-05-06,1,D0,3,D2,3,D2,False,0.0057649575,0.03276987,0.14691307,0.49693248,0.2895266,0.028092926
31029,2025-05-13,2,D1,3,D2,3,D2,False,0.0046021133,0.02806047,0.16418162,0.52751064,0.26431283,0.011332292
31029,2025-05-20,2,D1,3,D2,3,D2,False,0.0033123118,0.020652043,0.16076747,0.54525393,0.2631983,0.0068159304
31029,2025-05-27,2,D1,3,D2,3,D2,False,0.0025235254,0.016633654,0.15445513,0.5666865,0.2555542,0.004147019
31029,2025-06-03,1,D0,3,D2,3,D2,False,0.0029739412,0.018230844,0.17518418,0.5713987,0.22948012,0.0027321938
31029,2025-06-10,1,D0,3,D2,3,D2,False,0.0031260543,0.019136675,0.19862825,0.5659118,0.21153915,0.0016580485
31029,2025-06-17,1,D0,3,D2,3,D2,False,0.0027206922,0.017500343,0.2035922,0.5660992,0.20890306,0.0011844184
31029,2025-06-24,1,D0,3,D2,3,D2,False,0.0027774281,0.016645055,0.20014328,0.56766325,0.21172103,0.0010499653
31029,2025-07-01,0,None,3,D2,3,D2,False,0.0030058932,0.01704627,0.19863065,0.56586725,0.2144073,0.0010427228
31029,2025-07-08,0,None,3,D2,3,D2,False,0.0034325046,0.018528229,0.20223898,0.568432,0.20641539,0.0009529021
31029,2025-07-15,0,None,3,D2,3,D2,False,0.003942553,0.019613042,0.20035297,0.5710596,0.20408507,0.0009467569
31029,2025-07-22,0,None,3,D2,3,D2,False,0.0048410166,0.02183005,0.20314369,0.56711525,0.20208764,0.0009823029
31029,2025-07-29,0,None,3,D2,3,D2,False,0.0058854143,0.024213856,0.20486426,0.56078225,0.20321627,0.0010379277
31029,2025-08-05,0,None,3,D2,3,D2,False,0.0067621334,0.02566534,0.20062588,0.5617517,0.20412749,0.0010674488
31029,2025-08-12,0,None,3,D2,3,D2,False,0.0078098206,0.027907124,0.1968623,0.56661576,0.19968082,0.0011241285
31029,2025-08-19,0,None,3,D2,3,D2,False,0.008952574,0.030818991,0.19779806,0.5670428,0.19423446,0.0011530407
31029,2025-08-26,0,None,3,D2,3,D2,False,0.011763011,0.035720702,0.20159563,0.55603147,0.19338505,0.0015040393
31029,2025-09-02,0,None,3,D2,3,D2,False,0.01513132,0.04341273,0.21218422,0.53527373,0.1919427,0.0020553402
31029,2025-09-09,0,None,3,D2,3,D2,False,0.018817505,0.050874665,0.21552125,0.525221,0.18684457,0.0027210363
31029,2025-09-16,0,None,3,D2,3,D2,False,0.02427518,0.06154151,0.21940066,0.51769096,0.17369506,0.003396719
31029,2025-09-23,0,None,3,D2,3,D2,False,0.03467835,0.08334093,0.23242162,0.49643078,0.14908797,0.0040404284
31029,2025-09-30,0,None,3,D2,3,D2,False,0.048924554,0.107243724,0.24549317,0.46682215,0.12676884,0.0047475793
31029,2025-10-07,0,None,3,D2,3,D2,False,0.06393068,0.14001918,0.26067513,0.4295591,0.10032073,0.0054951264
31029,2025-10-14,0,None,3,D2,3,D2,False,0.06579199,0.1542042,0.278516,0.41192514,0.084326625,0.0052360813
31029,2025-10-21,0,None,3,D2,3,D2,False,0.07283279,0.17794585,0.29240203,0.3853744,0.06649346,0.0049514603
31029,2025-10-28,0,None,3,D2,3,D2,False,0.06157126,0.17110616,0.29915437,0.39295635,0.07069351,0.004518367
31029,2025-11-04,0,None,3,D2,3,D2,False,0.052141774,0.17026123,0.29906586,0.39951968,0.07485011,0.004161249
31029,2025-11-11,0,None,3,D2,3,D2,False,0.04933668,0.16741002,0.29960066,0.4001077,0.079294465,0.0042504715
31029,2025-11-18,0,None,3,D2,3,D2,False,0.053991742,0.18004248,0.3018612,0.38679025,0.07326467,0.0040497133
31029,2025-11-25,1,D0,3,D2,3,D2,False,0.051573973,0.1944137,0.3010073,0.38024765,0.069157615,0.0035997515
31029,2025-12-02,1,D0,3,D2,3,D2,False,0.056457955,0.21155675,0.299366,0.3638099,0.065107115,0.0037022785
31029,2025-12-09,1,D0,3,D2,3,D2,False,0.0572,0.21774234,0.29837492,0.35715172,0.06567311,0.003857934
31029,2025-12-16,1,D0,3,D2,3,D2,False,0.053494323,0.2117089,0.30086777,0.35749105,0.07201464,0.0044233506
31029,2025-12-23,1,D0,3,D2,3,D2,False,0.04647098,0.20029128,0.29912233,0.3712412,0.078628734,0.0042454693
31029,2025-12-30,1,D0,3,D2,3,D2,False,0.041754607,0.20190386,0.3021707,0.3730295,0.07723943,0.003901952
31031,2022-01-04,1,D0,3,D2,3,D2,False,0.036302052,0.21801361,0.32123238,0.34160045,0.07374141,0.0091100475
31031,2022-01-11,1,D0,3,D2,2,D1,False,0.036437016,0.22503819,0.32646465,0.33281904,0.0711271,0.008114002
31031,2022-01-18,1,D0,2,D1,2,D1,False,0.034841992,0.23154451,0.33286214,0.32638395,0.067330025,0.00703733
31031,2022-01-25,1,D0,2,D1,2,D1,False,0.029958107,0.23900431,0.3396636,0.3234395,0.06188536,0.006049103
31031,2022-02-01,1,D0,2,D1,2,D1,False,0.027275745,0.2379475,0.34140363,0.32620466,0.06138645,0.005781995
31031,2022-02-08,1,D0,2,D1,2,D1,False,0.026315786,0.24408579,0.34148398,0.32554927,0.056940094,0.0056250524
31031,2022-02-15,2,D1,3,D2,2,D1,True,0.02555614,0.24328953,0.33369464,0.33874488,0.05312803,0.005586703
31031,2022-02-22,2,D1,2,D1,2,D1,True,0.026325943,0.25421932,0.33746386,0.3275759,0.048700374,0.0057145185
31031,2022-03-01,2,D1,2,D1,2,D1,True,0.027112287,0.25785482,0.33736643,0.3254458,0.047050368,0.0051703523
31031,2022-03-08,2,D1,2,D1,2,D1,True,0.027222857,0.24144988,0.34204113,0.33130965,0.052946467,0.0050300406
31031,2022-03-15,2,D1,3,D2,2,D1,True,0.026615188,0.22420068,0.33846706,0.35000038,0.055741746,0.00497493
31031,2022-03-22,2,D1,3,D2,3,D2,False,0.024783406,0.20429432,0.34079942,0.3677534,0.057392217,0.0049771667
31031,2022-03-29,2,D1,3,D2,3,D2,False,0.024277546,0.19894081,0.34517553,0.3703651,0.056626964,0.004614051
31031,2022-04-05,2,D1,3,D2,3,D2,False,0.020537034,0.1752677,0.3578028,0.38260972,0.059451733,0.0043310523
31031,2022-04-12,2,D1,3,D2,3,D2,False,0.018994182,0.16120327,0.36282605,0.39077732,0.06142909,0.004770111
31031,2022-04-19,2,D1,3,D2,3,D2,False,0.016984299,0.14210768,0.36458322,0.40467778,0.0670172,0.0046297573
31031,2022-04-26,2,D1,3,D2,3,D2,False,0.014471021,0.119292125,0.3595816,0.42730084,0.07549547,0.0038589532
31031,2022-05-03,2,D1,3,D2,3,D2,False,0.013048705,0.104509555,0.3574923,0.4409843,0.08079058,0.003174501
31031,2022-05-10,2,D1,3,D2,3,D2,False,0.013371539,0.08791202,0.3198948,0.46257612,0.11168964,0.0045558675
31031,2022-05-17,2,D1,3,D2,3,D2,False,0.0061784694,0.04077101,0.2395475,0.55328935,0.1568659,0.003347747
31031,2022-05-24,2,D1,3,D2,3,D2,False,0.004455267,0.028142793,0.21568449,0.5821944,0.16737512,0.002147926
31031,2022-05-31,2,D1,3,D2,3,D2,False,0.004512008,0.028299848,0.22302775,0.58433,0.15823448,0.0015959237
31031,2022-06-07,2,D1,3,D2,3,D2,False,0.0042675156,0.027712839,0.23490208,0.58033174,0.15164147,0.0011443795
31031,2022-06-14,2,D1,3,D2,3,D2,False,0.0037416292,0.026665857,0.24182074,0.5759911,0.15093282,0.0008478103
31031,2022-06-21,2,D1,3,D2,3,D2,False,0.0033345486,0.023118986,0.21367157,0.5843648,0.17443308,0.0010770609
31031,2022-06-28,2,D1,3,D2,3,D2,False,0.0034449107,0.023259751,0.20705442,0.5845074,0.18049887,0.0012347167
31031,2022-07-05,2,D1,3,D2,3,D2,False,0.0035425716,0.022571018,0.2040061,0.58275187,0.18581514,0.0013133171
31031,2022-07-12,2,D1,3,D2,3,D2,False,0.0030531702,0.019939816,0.17901951,0.58593947,0.21008874,0.0019592925
31031,2022-07-19,3,D2,3,D2,3,D2,True,0.0025242076,0.01695031,0.15230778,0.5798861,0.24503942,0.003292271
31031,2022-07-26,3,D2,3,D2,3,D2,True,0.0023792356,0.015347419,0.13022327,0.56476,0.28149748,0.005792531
31031,2022-08-02,3,D2,3,D2,3,D2,True,0.0018353817,0.012088586,0.1026497,0.5356986,0.33570126,0.012026459
31031,2022-08-09,3,D2,3,D2,4,D3,False,0.0011932981,0.008785888,0.07282673,0.46627775,0.42164877,0.029267589
31031,2022-08-16,3,D2,4,D3,4,D3,False,0.0006096512,0.0053471485,0.045048416,0.37572756,0.5077015,0.06556579
31031,2022-08-23,3,D2,4,D3,4,D3,False,0.0003356066,0.003191072,0.023907345,0.23770273,0.54180926,0.19305395
31031,2022-08-30,3,D2,4,D3,4,D3,False,0.00015614461,0.0017428211,0.011420804,0.13055919,0.48493835,0.37118274
31031,2022-09-06,2,D1,5,D4,4,D3,False,8.551526e-05,0.0012121325,0.0069124657,0.07802436,0.4366116,0.47715396
31031,2022-09-13,2,D1,5,D4,4,D3,False,5.518391e-05,0.0009097947,0.005103815,0.058956303,0.41893363,0.5160413
31031,2022-09-20,3,D2,5,D4,4,D3,False,3.3770008e-05,0.00070435053,0.0037227368,0.039837703,0.40795195,0.54774946
31031,2022-09-27,3,D2,5,D4,4,D3,False,3.0160098e-05,0.00067071,0.0034049368,0.03352062,0.40600517,0.5563684
31031,2022-10-04,3,D2,5,D4,4,D3,False,2.4243765e-05,0.00058975536,0.002941549,0.027847383,0.40396613,0.5646309
31031,2022-10-11,3,D2,5,D4,4,D3,False,2.3195336e-05,0.00058747025,0.0028283466,0.024884792,0.40189287,0.56978333
31031,2022-10-18,3,D2,5,D4,4,D3,False,2.8034327e-05,0.0006667484,0.0030741526,0.02560765,0.40319532,0.5674281
31031,2022-10-25,3,D2,5,D4,4,D3,False,2.5441392e-05,0.0006162403,0.002877833,0.02444489,0.40157485,0.57046074
31031,2022-11-01,3,D2,5,D4,4,D3,False,2.541392e-05,0.0006236994,0.0028319536,0.023323849,0.39964077,0.57355434
31031,2022-11-08,3,D2,5,D4,4,D3,False,1.9340265e-05,0.0005183778,0.0024266574,0.020806061,0.39573172,0.5804978
31031,2022-11-15,3,D2,5,D4,4,D3,False,1.6005926e-05,0.00046870217,0.0021854166,0.018285012,0.39119846,0.58784646
31031,2022-11-22,3,D2,5,D4,4,D3,False,1.387665e-05,0.00043081882,0.0020203155,0.016884152,0.38856044,0.5920904
31031,2022-11-29,3,D2,5,D4,4,D3,False,1.2836659e-05,0.00041156833,0.0019492165,0.016232988,0.3867432,0.5946502
31031,2022-12-06,3,D2,5,D4,4,D3,False,9.507857e-06,0.0003357893,0.0016628453,0.01464131,0.384079,0.59927154
31031,2022-12-13,3,D2,5,D4,5,D4,False,7.330916e-06,0.00028404087,0.001490257,0.013644129,0.3814985,0.6030757
31031,2022-12-20,3,D2,5,D4,5,D4,False,5.7602706e-06,0.00024404234,0.0013302137,0.012661565,0.37857747,0.60718083
31031,2022-12-27,3,D2,5,D4,5,D4,False,4.597549e-06,0.00020749662,0.001177229,0.011992303,0.37815183,0.60846645
31031,2023-01-03,3,D2,5,D4,5,D4,False,3.697817e-06,0.00017687076,0.0010435272,0.011392247,0.3781302,0.6092535
31031,2023-01-10,3,D2,5,D4,5,D4,False,3.1453533e-06,0.00015669869,0.00095048675,0.011035774,0.37847653,0.6093773
31031,2023-01-17,3,D2,5,D4,5,D4,False,2.7474273e-06,0.00014143855,0.00088995614,0.010758901,0.37721872,0.6109883
31031,2023-01-24,3,D2,5,D4,5,D4,False,2.6625682e-06,0.00013982768,0.000884962,0.010828194,0.37690073,0.61124367
31031,2023-01-31,3,D2,5,D4,5,D4,False,2.8535528e-06,0.00014819561,0.0009206885,0.011345006,0.37748298,0.61010027
31031,2023-02-07,3,D2,5,D4,5,D4,False,3.392241e-06,0.00016778642,0.0010118223,0.012571456,0.37863925,0.60760635
31031,2023-02-14,2,D1,5,D4,5,D4,False,4.0653244e-06,0.0001896415,0.0011342288,0.014216246,0.37982163,0.6046342
31031,2023-02-21,2,D1,5,D4,5,D4,False,4.854988e-06,0.0002149005,0.0012667617,0.01596694,0.38190818,0.6006383
31031,2023-02-28,2,D1,5,D4,4,D3,False,5.8312726e-06,0.00024367544,0.0014080572,0.018034296,0.3840224,0.59628576
31031,2023-03-07,2,D1,5,D4,4,D3,False,6.3741923e-06,0.00025932209,0.0014798793,0.019203192,0.3849992,0.5940521
31031,2023-03-14,2,D1,5,D4,4,D3,False,9.142217e-06,0.00032991092,0.0018273209,0.023708515,0.38776547,0.5863596
31031,2023-03-21,2,D1,5,D4,4,D3,False,1.0951649e-05,0.0003732159,0.0020354171,0.026403397,0.38887343,0.5823035
31031,2023-03-28,2,D1,5,D4,4,D3,False,1.8816274e-05,0.0005282432,0.0027901924,0.035582338,0.39166352,0.56941694
31031,2023-04-04,2,D1,5,D4,4,D3,False,3.6701094e-05,0.0007911566,0.0039975964,0.052389447,0.38980436,0.55298066
31031,2023-04-11,2,D1,5,D4,4,D3,False,8.699522e-05,0.0013258668,0.0065764072,0.07826542,0.39235035,0.52139497
31031,2023-04-18,2,D1,5,D4,4,D3,False,0.00021523186,0.0022570912,0.011636936,0.13427815,0.39253515,0.45907748
31031,2023-04-25,2,D1,4,D3,4,D3,False,0.00039645462,0.0030476414,0.020209176,0.22509187,0.4367569,0.3144979
31031,2023-05-02,2,D1,4,D3,4,D3,False,0.0005758102,0.003907338,0.035236694,0.35158896,0.46296033,0.14573091
31031,2023-05-09,2,D1,4,D3,4,D3,False,0.0006277138,0.004977872,0.052328836,0.4273254,0.44817156,0.06656862
31031,2023-05-16,1,D0,3,D2,4,D3,False,0.0007253448,0.006040212,0.07053575,0.4939563,0.40287355,0.025868895
31031,2023-05-23,1,D0,3,D2,3,D2,False,0.0008058222,0.00661181,0.086909585,0.53925234,0.35611063,0.010309839
31031,2023-05-30,1,D0,3,D2,3,D2,False,0.0010404111,0.008001223,0.10522891,0.56231356,0.31770322,0.005712741
31031,2023-06-06,1,D0,3,D2,3,D2,False,0.0015680215,0.011610984,0.14463991,0.5691558,0.27000198,0.0030232684
31031,2023-06-13,1,D0,3,D2,3,D2,False,0.0021544842,0.014946495,0.1777768,0.5621994,0.24102081,0.0019020663
31031,2023-06-20,1,D0,3,D2,3,D2,False,0.002554935,0.016875645,0.19399743,0.5557959,0.22933933,0.0014367709
31031,2023-06-27,0,None,3,D2,3,D2,False,0.0028479171,0.017547116,0.19781074,0.5583007,0.2222524,0.0012411337
31031,2023-07-04,0,None,3,D2,3,D2,False,0.0034034515,0.018228432,0.19772984,0.5648726,0.2146564,0.0011093011
31031,2023-07-11,0,None,3,D2,3,D2,False,0.004289675,0.02018785,0.20025606,0.5622734,0.2119083,0.0010846778
31031,2023-07-18,0,None,3,D2,3,D2,False,0.0049930583,0.021965232,0.20130078,0.55777025,0.21288769,0.0010830156
31031,2023-07-25,0,None,3,D2,3,D2,False,0.005789044,0.023646683,0.201418,0.55423707,0.21372369,0.0011855105
31031,2023-08-01,0,None,3,D2,3,D2,False,0.0064378045,0.024608247,0.19783881,0.55779016,0.21216978,0.0011551547
31031,2023-08-08,0,None,3,D2,3,D2,False,0.007718975,0.026814522,0.19546269,0.5502472,0.2183621,0.0013945159
31031,2023-08-15,0,None,3,D2,3,D2,False,0.008539172,0.029391794,0.20172103,0.54535717,0.21344495,0.00154583
31031,2023-08-22,0,None,3,D2,3,D2,False,0.00934253,0.03214558,0.21155645,0.53627956,0.20883976,0.0018361076
31031,2023-08-29,0,None,3,D2,3,D2,False,0.010119555,0.036581047,0.2237413,0.51501536,0.21198341,0.0025593552
31031,2023-09-05,0,None,3,D2,3,D2,False,0.01134628,0.041321274,0.22550373,0.5006465,0.21750908,0.0036731057
31031,2023-09-12,0,None,3,D2,3,D2,False,0.012969799,0.04693743,0.2187458,0.48556522,0.2295715,0.0062102983
31031,2023-09-19,0,None,3,D2,3,D2,False,0.015472439,0.053679723,0.22067213,0.48064402,0.22158515,0.00794649
31031,2023-09-26,0,None,3,D2,3,D2,False,0.018033264,0.061688777,0.21840666,0.46660542,0.2237661,0.011499776
31031,2023-10-03,0,None,3,D2,3,D2,False,0.02248775,0.075997904,0.2166824,0.44693285,0.22069229,0.017206704
31031,2023-10-10,0,None,3,D2,3,D2,False,0.026137216,0.08651215,0.22426544,0.44040272,0.20560795,0.017074464
31031,2023-10-17,0,None,3,D2,3,D2,False,0.03170323,0.10225043,0.22910312,0.41960746,0.19522554,0.022110175
31031,2023-10-24,0,None,3,D2,3,D2,False,0.03408792,0.12541477,0.24694459,0.40343663,0.16635844,0.023757659
31031,2023-10-31,0,None,3,D2,3,D2,False,0.03561378,0.13754727,0.25527847,0.39295793,0.15253153,0.026071092
31031,2023-11-07,0,None,3,D2,3,D2,False,0.035167277,0.14559765,0.25488606,0.38844168,0.14733662,0.028570672
31031,2023-11-14,0,None,3,D2,3,D2,False,0.036769886,0.16175455,0.26806623,0.37393916,0.13161418,0.027855977
31031,2023-11-21,0,None,3,D2,3,D2,False,0.037853956,0.18018341,0.2872891,0.3516088,0.11691757,0.026147118
31031,2023-11-28,0,None,3,D2,3,D2,False,0.040012836,0.19670509,0.30758744,0.32302922,0.107935935,0.024729509
31031,2023-12-05,0,None,2,D1,2,D1,False,0.043724727,0.20905645,0.31780225,0.3023978,0.10200573,0.025013011
31031,2023-12-12,0,None,2,D1,2,D1,False,0.041416824,0.20982029,0.31650847,0.3081905,0.10155026,0.02251365
31031,2023-12-19,0,None,2,D1,2,D1,False,0.04373435,0.22246265,0.31674972,0.30540046,0.092272215,0.019380525
31031,2023-12-26,0,None,3,D2,2,D1,False,0.044426225,0.2192223,0.3098354,0.31430772,0.0927097,0.019498574
31031,2024-01-02,0,None,3,D2,2,D1,False,0.048837576,0.21758515,0.30515307,0.31222755,0.09498766,0.021209037
31031,2024-01-09,0,None,3,D2,3,D2,False,0.050106186,0.21308687,0.2986239,0.3188445,0.09743693,0.021901648
31031,2024-01-16,0,None,3,D2,2,D1,False,0.057495084,0.20979343,0.29874218,0.30045992,0.10056231,0.03294703
31031,2024-01-23,0,None,2,D1,2,D1,False,0.07246088,0.20435935,0.27779925,0.26848897,0.11206931,0.06482223
31031,2024-01-30,0,None,2,D1,2,D1,False,0.08800616,0.20874143,0.25854665,0.24639133,0.110198274,0.08811612
31031,2024-02-06,0,None,2,D1,2,D1,False,0.10233103,0.22169751,0.26424855,0.23364699,0.095590234,0.082485706
31031,2024-02-13,0,None,2,D1,2,D1,False,0.10101161,0.22166033,0.26268986,0.23987833,0.09454817,0.080211625
31031,2024-02-20,0,None,3,D2,2,D1,False,0.092223965,0.20845988,0.25238585,0.25806653,0.10377061,0.08509316
31031,2024-02-27,0,None,3,D2,3,D2,False,0.07891392,0.20500726,0.25338176,0.27783975,0.10684747,0.0780098
31031,2024-03-05,0,None,3,D2,3,D2,False,0.055742256,0.17267214,0.22474492,0.3152128,0.13996421,0.09166367
31031,2024-03-12,0,None,3,D2,3,D2,False,0.06073355,0.18495429,0.24136731,0.31464303,0.12759472,0.070707165
31031,2024-03-19,0,None,3,D2,3,D2,False,0.048668876,0.17429827,0.22933581,0.33602446,0.14075747,0.07091512
31031,2024-03-26,0,None,3,D2,3,D2,False,0.048308656,0.18470249,0.24382,0.3394821,0.13113587,0.052550912
31031,2024-04-02,0,None,3,D2,3,D2,False,0.053421136,0.20611335,0.2731721,0.32688,0.10947077,0.030942632
31031,2024-04-09,0,None,3,D2,3,D2,False,0.05691978,0.21456419,0.29469994,0.32601514,0.09201786,0.015783088
31031,2024-04-16,0,None,3,D2,3,D2,False,0.050970465,0.21159837,0.31113234,0.33849102,0.078825004,0.008982776
31031,2024-04-23,0,None,3,D2,3,D2,False,0.046535354,0.1989911,0.31999984,0.35041785,0.07757015,0.0064856904
31031,2024-04-30,0,None,3,D2,3,D2,False,0.03963501,0.17755204,0.32392594,0.3681331,0.08528761,0.0054662265
31031,2024-05-07,0,None,3,D2,3,D2,False,0.03001104,0.14691585,0.32630926,0.39232415,0.09941824,0.0050214585
31031,2024-05-14,0,None,3,D2,3,D2,False,0.025522292,0.13321394,0.3390897,0.40010026,0.098436534,0.0036371807
31031,2024-05-21,0,None,3,D2,3,D2,False,0.017991355,0.101899534,0.33816394,0.42610088,0.11332142,0.0025228492
31031,2024-05-28,0,None,3,D2,3,D2,False,0.011426838,0.06905665,0.31548685,0.4689773,0.13364427,0.0014081977
31031,2024-06-04,0,None,3,D2,3,D2,False,0.0092414,0.057875928,0.30462041,0.49451885,0.13277826,0.0009652186
31031,2024-06-11,0,None,3,D2,3,D2,False,0.008741966,0.055089857,0.30053684,0.50352776,0.13126683,0.0008367905
31031,2024-06-18,0,None,3,D2,3,D2,False,0.007523701,0.044414487,0.2777213,0.5259628,0.14364098,0.0007367222
31031,2024-06-25,0,None,3,D2,3,D2,False,0.0068711247,0.03862586,0.26091743,0.53987867,0.15299043,0.0007165407
31031,2024-07-02,0,None,3,D2,3,D2,False,0.0068396027,0.034336172,0.24627568,0.5506079,0.16119897,0.0007416482
31031,2024-07-09,0,None,3,D2,3,D2,False,0.0068675866,0.03481721,0.24543385,0.55720186,0.1549857,0.0006937697
31031,2024-07-16,0,None,3,D2,3,D2,False,0.007690534,0.035736904,0.24753095,0.55739015,0.15094478,0.0007066525
31031,2024-07-23,0,None,3,D2,3,D2,False,0.008753419,0.039043304,0.24643677,0.54800177,0.15690233,0.000862397
31031,2024-07-30,0,None,3,D2,3,D2,False,0.008373937,0.038396597,0.23865868,0.55231315,0.16136388,0.00089382014
31031,2024-08-06,1,D0,3,D2,3,D2,False,0.009258695,0.04001866,0.23535003,0.55380553,0.16046642,0.001100633
31031,2024-08-13,1,D0,3,D2,3,D2,False,0.012275007,0.04594826,0.2366861,0.5426157,0.16090786,0.0015671008
31031,2024-08-20,1,D0,3,D2,3,D2,False,0.016647825,0.054819945,0.23604563,0.5257958,0.16427656,0.0024142668
31031,2024-08-27,2,D1,3,D2,3,D2,False,0.022667345,0.06539389,0.2367325,0.5055215,0.16609816,0.0035866534
31031,2024-09-03,2,D1,3,D2,3,D2,False,0.026698256,0.07606066,0.23981997,0.48752195,0.16511182,0.0047872956
31031,2024-09-10,2,D1,3,D2,3,D2,False,0.031041931,0.086994484,0.24171159,0.46579942,0.167387,0.0070655467
31031,2024-09-17,2,D1,3,D2,3,D2,False,0.030982368,0.08884234,0.23274273,0.4519033,0.18440503,0.011124218
31031,2024-09-24,2,D1,3,D2,3,D2,False,0.030591207,0.08702688,0.20965359,0.42213374,0.22454292,0.026051637
31031,2024-10-01,2,D1,3,D2,4,D3,False,0.013172041,0.05775421,0.14475608,0.35141814,0.33295912,0.09994037
31031,2024-10-08,2,D1,4,D3,4,D3,False,0.0026640776,0.018348068,0.059468433,0.23364873,0.46531197,0.2205587
31031,2024-10-15,3,D2,4,D3,4,D3,False,0.0010317595,0.009406553,0.030887002,0.1379161,0.46802017,0.3527384
31031,2024-10-22,3,D2,5,D4,4,D3,False,0.0003070417,0.0035594504,0.013341041,0.0743857,0.4393809,0.46902597
31031,2024-10-29,3,D2,5,D4,4,D3,False,0.00031266463,0.0035963962,0.012517158,0.07326338,0.41021323,0.5000972
31031,2024-11-05,3,D2,5,D4,4,D3,False,0.00046764695,0.0046924786,0.0145485345,0.07451383,0.3959588,0.5098187
31031,2024-11-12,3,D2,5,D4,4,D3,False,0.00063042797,0.005697352,0.01699499,0.078658484,0.39174706,0.50627166
31031,2024-11-19,3,D2,5,D4,4,D3,False,0.00043631715,0.004495393,0.014308428,0.06665297,0.39053547,0.52357143
31031,2024-11-26,3,D2,5,D4,4,D3,False,0.0003489056,0.0038922427,0.012696857,0.057534095,0.38532537,0.54020256
31031,2024-12-03,3,D2,5,D4,4,D3,False,0.00029758707,0.0035622725,0.011806921,0.051471874,0.38207328,0.55078804
31031,2024-12-10,3,D2,5,D4,4,D3,False,0.000268878,0.0033912954,0.011327719,0.046784613,0.37920856,0.5590189
31031,2024-12-17,3,D2,5,D4,4,D3,False,0.00022428873,0.0030338396,0.010238993,0.044421967,0.37831575,0.5637651
31031,2024-12-24,3,D2,5,D4,4,D3,False,0.00022825187,0.0031716365,0.010304863,0.045919504,0.3783895,0.5619863
31031,2024-12-31,3,D2,5,D4,4,D3,False,0.00019462152,0.0028854837,0.009498877,0.04267273,0.37172168,0.57302666
31031,2025-01-07,3,D2,5,D4,4,D3,False,0.00017268935,0.0027036704,0.00886839,0.044065624,0.37314552,0.5710441
31031,2025-01-14,3,D2,5,D4,4,D3,False,0.00016243651,0.0027016038,0.008774104,0.046319682,0.37636214,0.56568
31031,2025-01-21,3,D2,5,D4,4,D3,False,0.00021891385,0.0033858009,0.010565,0.05349373,0.38172176,0.5506148
31031,2025-01-28,3,D2,5,D4,4,D3,False,0.00038944167,0.0052580424,0.01593938,0.07264551,0.38943532,0.51633227
31031,2025-02-04,3,D2,5,D4,4,D3,False,0.00052863226,0.006670103,0.019943038,0.08517952,0.3913598,0.49631888
31031,2025-02-11,3,D2,5,D4,4,D3,False,0.00070888054,0.008771614,0.024901114,0.0987266,0.3923816,0.47451022
31031,2025-02-18,3,D2,5,D4,4,D3,False,0.000895821,0.010979167,0.029129554,0.10437035,0.3876799,0.4669452
31031,2025-02-25,3,D2,5,D4,4,D3,False,0.0011193282,0.01263193,0.031993594,0.11377754,0.38139933,0.45907822
31031,2025-03-04,3,D2,5,D4,4,D3,False,0.0014905236,0.015287481,0.037511565,0.13044661,0.37240216,0.44286168
31031,2025-03-11,3,D2,5,D4,4,D3,False,0.0022468432,0.018839505,0.045052532,0.15740314,0.358836,0.41762194
31031,2025-03-18,3,D2,5,D4,4,D3,False,0.0034571437,0.024246253,0.058398467,0.1967604,0.34252867,0.37460902
31031,2025-03-25,3,D2,4,D3,4,D3,False,0.0055092988,0.033896778,0.07780911,0.2488963,0.31951237,0.31437615
31031,2025-04-01,2,D1,3,D2,4,D3,False,0.008040631,0.042842347,0.09522679,0.29576427,0.2901109,0.26801503
31031,2025-04-08,2,D1,3,D2,4,D3,False,0.0119560845,0.050705682,0.107262045,0.3173547,0.26854265,0.24417882
31031,2025-04-15,2,D1,3,D2,3,D2,False,0.014922305,0.05603935,0.12006205,0.33877787,0.2640954,0.20610309
31031,2025-04-22,2,D1,3,D2,3,D2,False,0.012603797,0.054702442,0.14374512,0.40354764,0.26591665,0.11948434
31031,2025-04-29,2,D1,3,D2,3,D2,False,0.007842644,0.040120225,0.14977324,0.46716222,0.28184664,0.053255048
31031,2025-05-06,2,D1,3,D2,3,D2,False,0.0057649575,0.03276987,0.14691307,0.49693248,0.2895266,0.028092926
31031,2025-05-13,2,D1,3,D2,3,D2,False,0.0046021133,0.02806047,0.16418162,0.52751064,0.26431283,0.011332292
31031,2025-05-20,2,D1,3,D2,3,D2,False,0.0033123118,0.02065205,0.16076748,0.54525393,0.2631983,0.0068159304
31031,2025-05-27,2,D1,3,D2,3,D2,False,0.0025235247,0.016633652,0.15445517,0.5666864,0.25555426,0.0041470197
31031,2025-06-03,2,D1,3,D2,3,D2,False,0.0029739412,0.018230844,0.17518418,0.5713987,0.22948012,0.0027321938
31031,2025-06-10,2,D1,3,D2,3,D2,False,0.0031260543,0.019136675,0.19862825,0.5659118,0.21153915,0.0016580485
31031,2025-06-17,1,D0,3,D2,3,D2,False,0.0027206922,0.017500343,0.2035922,0.5660992,0.20890306,0.0011844184
31031,2025-06-24,1,D0,3,D2,3,D2,False,0.0027774281,0.016645055,0.20014328,0.56766325,0.21172103,0.0010499653
31031,2025-07-01,1,D0,3,D2,3,D2,False,0.0030058932,0.01704627,0.19863065,0.56586725,0.2144073,0.0010427228
31031,2025-07-08,1,D0,3,D2,3,D2,False,0.0034325046,0.018528229,0.20223898,0.568432,0.20641539,0.0009529021
31031,2025-07-15,0,None,3,D2,3,D2,False,0.003942553,0.019613042,0.20035297,0.5710596,0.20408507,0.0009467569
31031,2025-07-22,1,D0,3,D2,3,D2,False,0.0048410166,0.02183005,0.20314369,0.56711525,0.20208764,0.0009823029
31031,2025-07-29,1,D0,3,D2,3,D2,False,0.0058854143,0.024213856,0.20486426,0.56078225,0.20321627,0.0010379277
31031,2025-08-05,1,D0,3,D2,3,D2,False,0.0067621334,0.02566534,0.20062588,0.5617517,0.20412749,0.0010674488
31031,2025-08-12,1,D0,3,D2,3,D2,False,0.0078098206,0.027907124,0.1968623,0.56661576,0.19968082,0.0011241285
31031,2025-08-19,1,D0,3,D2,3,D2,False,0.008952574,0.030818991,0.19779806,0.5670428,0.19423446,0.0011530407
31031,2025-08-26,1,D0,3,D2,3,D2,False,0.011763011,0.035720702,0.20159563,0.55603147,0.19338505,0.0015040393
31031,2025-09-02,1,D0,3,D2,3,D2,False,0.015131319,0.043412738,0.21218419,0.5352737,0.19194266,0.0020553388
31031,2025-09-09,1,D0,3,D2,3,D2,False,0.018817505,0.050874665,0.21552123,0.525221,0.18684453,0.0027210338
31031,2025-09-16,1,D0,3,D2,3,D2,False,0.02427518,0.06154151,0.21940066,0.51769096,0.17369506,0.003396719
31031,2025-09-23,0,None,3,D2,3,D2,False,0.03467835,0.08334093,0.23242162,0.49643078,0.14908797,0.0040404284
31031,2025-09-30,0,None,3,D2,3,D2,False,0.048924554,0.107243724,0.24549317,0.46682215,0.12676884,0.0047475793
31031,2025-10-07,0,None,3,D2,3,D2,False,0.06393068,0.14001918,0.26067513,0.4295591,0.10032073,0.0054951264
31031,2025-10-14,0,None,3,D2,3,D2,False,0.06579199,0.1542042,0.278516,0.41192514,0.084326625,0.0052360813
31031,2025-10-21,0,None,3,D2,3,D2,False,0.07283279,0.17794585,0.29240203,0.3853744,0.06649346,0.0049514603
31031,2025-10-28,0,None,3,D2,3,D2,False,0.06157126,0.17110616,0.29915437,0.39295635,0.07069351,0.004518367
31031,2025-11-04,0,None,3,D2,3,D2,False,0.052141774,0.17026123,0.29906586,0.39951968,0.07485011,0.004161249
31031,2025-11-11,0,None,3,D2,3,D2,False,0.04933668,0.16741002,0.29960066,0.4001077,0.079294465,0.0042504715
31031,2025-11-18,1,D0,3,D2,3,D2,False,0.053991742,0.18004248,0.3018612,0.38679025,0.07326467,0.0040497133
31031,2025-11-25,1,D0,3,D2,3,D2,False,0.051573973,0.1944137,0.3010073,0.38024765,0.069157615,0.0035997515
31031,2025-12-02,1,D0,3,D2,3,D2,False,0.056457955,0.21155675,0.299366,0.3638099,0.065107115,0.0037022785
31031,2025-12-09,1,D0,3,D2,3,D2,False,0.0572,0.21774234,0.29837492,0.35715172,0.06567311,0.003857934
31031,2025-12-16,1,D0,3,D2,3,D2,False,0.053494323,0.2117089,0.30086777,0.35749105,0.07201464,0.0044233506
31031,2025-12-23,1,D0,3,D2,3,D2,False,0.04647098,0.20029128,0.29912233,0.3712412,0.078628734,0.0042454693
31031,2025-12-30,1,D0,3,D2,3,D2,False,0.041754603,0.20190388,0.30217063,0.3730294,0.07723943,0.003901955
31033,2022-01-04,3,D2,3,D2,3,D2,True,0.036302052,0.21801366,0.32123235,0.34160045,0.073741406,0.009110046
31033,2022-01-11,3,D2,3,D2,2,D1,False,0.036437016,0.22503819,0.32646465,0.33281904,0.0711271,0.008114002
31033,2022-01-18,3,D2,2,D1,2,D1,False,0.034841992,0.23154451,0.33286214,0.32638395,0.067330025,0.00703733
31033,2022-01-25,3,D2,2,D1,2,D1,False,0.029958107,0.23900431,0.3396636,0.3234395,0.06188536,0.006049103
31033,2022-02-01,3,D2,2,D1,2,D1,False,0.027275745,0.2379475,0.34140363,0.32620466,0.06138645,0.005781995
31033,2022-02-08,3,D2,2,D1,2,D1,False,0.026315786,0.24408579,0.34148398,0.32554927,0.056940094,0.0056250524
31033,2022-02-15,3,D2,3,D2,2,D1,False,0.02555614,0.24328953,0.33369464,0.33874488,0.05312803,0.005586703
31033,2022-02-22,3,D2,2,D1,2,D1,False,0.026325943,0.25421932,0.33746386,0.3275759,0.048700374,0.0057145185
31033,2022-03-01,3,D2,2,D1,2,D1,False,0.027112287,0.25785482,0.33736643,0.3254458,0.047050368,0.0051703523
31033,2022-03-08,3,D2,2,D1,2,D1,False,0.027222857,0.24144988,0.34204113,0.33130965,0.052946467,0.0050300406
31033,2022-03-15,3,D2,3,D2,2,D1,False,0.026615188,0.22420068,0.33846706,0.35000038,0.055741746,0.00497493
31033,2022-03-22,3,D2,3,D2,3,D2,True,0.024783406,0.20429432,0.34079942,0.3677534,0.057392217,0.0049771667
31033,2022-03-29,3,D2,3,D2,3,D2,True,0.024277546,0.19894081,0.34517553,0.3703651,0.056626964,0.004614051
31033,2022-04-05,3,D2,3,D2,3,D2,True,0.020537034,0.1752677,0.3578028,0.38260972,0.059451733,0.0043310523
31033,2022-04-12,3,D2,3,D2,3,D2,True,0.018994186,0.1612033,0.36282608,0.3907773,0.0614291,0.0047701104
31033,2022-04-19,3,D2,3,D2,3,D2,True,0.016984304,0.14210771,0.36458325,0.40467778,0.06701719,0.0046297573
31033,2022-04-26,3,D2,3,D2,3,D2,True,0.014471021,0.119292125,0.3595816,0.42730084,0.07549547,0.0038589532
31033,2022-05-03,3,D2,3,D2,3,D2,True,0.013048705,0.104509555,0.3574923,0.4409843,0.08079058,0.003174501
31033,2022-05-10,3,D2,3,D2,3,D2,True,0.013371539,0.08791202,0.3198948,0.46257612,0.11168964,0.0045558675
31033,2022-05-17,3,D2,3,D2,3,D2,True,0.0061784694,0.04077101,0.2395475,0.55328935,0.1568659,0.003347747
31033,2022-05-24,3,D2,3,D2,3,D2,True,0.004455267,0.028142793,0.21568449,0.5821944,0.16737512,0.002147926
31033,2022-05-31,3,D2,3,D2,3,D2,True,0.004512008,0.028299848,0.22302775,0.58433,0.15823448,0.0015959237
31033,2022-06-07,3,D2,3,D2,3,D2,True,0.0042675156,0.027712839,0.23490208,0.58033174,0.15164147,0.0011443795
31033,2022-06-14,3,D2,3,D2,3,D2,True,0.0037416292,0.026665857,0.24182074,0.5759911,0.15093282,0.0008478103
31033,2022-06-21,3,D2,3,D2,3,D2,True,0.0033345486,0.023118986,0.21367157,0.5843648,0.17443308,0.0010770609
31033,2022-06-28,3,D2,3,D2,3,D2,True,0.0034449107,0.023259751,0.20705442,0.5845074,0.18049887,0.0012347167
31033,2022-07-05,3,D2,3,D2,3,D2,True,0.0035425716,0.022571018,0.2040061,0.58275187,0.18581514,0.0013133171
31033,2022-07-12,3,D2,3,D2,3,D2,True,0.0030531702,0.019939816,0.17901951,0.58593947,0.21008874,0.0019592925
31033,2022-07-19,3,D2,3,D2,3,D2,True,0.0025242076,0.01695031,0.15230778,0.5798861,0.24503942,0.003292271
31033,2022-07-26,3,D2,3,D2,3,D2,True,0.0023792356,0.015347419,0.13022327,0.56476,0.28149748,0.005792531
31033,2022-08-02,3,D2,3,D2,3,D2,True,0.0018353817,0.012088586,0.1026497,0.5356986,0.33570126,0.012026459
31033,2022-08-09,3,D2,3,D2,4,D3,False,0.0011932984,0.008785892,0.07282674,0.46627784,0.42164862,0.02926758
31033,2022-08-16,3,D2,4,D3,4,D3,False,0.0006096512,0.0053471485,0.045048427,0.37572756,0.5077015,0.06556579
31033,2022-08-23,3,D2,4,D3,4,D3,False,0.0003356066,0.003191072,0.023907345,0.23770273,0.54180926,0.19305395
31033,2022-08-30,3,D2,4,D3,4,D3,False,0.00015614461,0.0017428211,0.011420804,0.13055919,0.48493835,0.37118274
31033,2022-09-06,3,D2,5,D4,4,D3,False,8.551526e-05,0.0012121325,0.0069124657,0.07802436,0.4366116,0.47715396
31033,2022-09-13,3,D2,5,D4,4,D3,False,5.518391e-05,0.0009097947,0.005103815,0.058956303,0.41893363,0.5160413
31033,2022-09-20,3,D2,5,D4,4,D3,False,3.3770008e-05,0.00070435053,0.0037227368,0.039837703,0.40795195,0.54774946
31033,2022-09-27,3,D2,5,D4,4,D3,False,3.0160098e-05,0.00067071,0.0034049368,0.03352062,0.40600517,0.5563684
31033,2022-10-04,3,D2,5,D4,4,D3,False,2.4243765e-05,0.00058975536,0.002941549,0.027847383,0.40396613,0.5646309
31033,2022-10-11,3,D2,5,D4,4,D3,False,2.3195336e-05,0.00058747025,0.0028283466,0.024884792,0.40189287,0.56978333
31033,2022-10-18,3,D2,5,D4,4,D3,False,2.8034327e-05,0.0006667484,0.0030741526,0.02560765,0.40319532,0.5674281
31033,2022-10-25,4,D3,5,D4,4,D3,True,2.5441392e-05,0.0006162403,0.002877833,0.02444489,0.40157485,0.57046074
31033,2022-11-01,4,D3,5,D4,4,D3,True,2.541392e-05,0.0006236994,0.0028319536,0.023323849,0.39964077,0.57355434
31033,2022-11-08,4,D3,5,D4,4,D3,True,1.9340265e-05,0.0005183778,0.0024266574,0.020806061,0.39573172,0.5804978
31033,2022-11-15,4,D3,5,D4,4,D3,True,1.6005926e-05,0.00046870217,0.0021854166,0.018285012,0.39119846,0.58784646
31033,2022-11-22,4,D3,5,D4,4,D3,True,1.3876652e-05,0.00043081932,0.0020203167,0.016884154,0.38856027,0.5920905
31033,2022-11-29,4,D3,5,D4,4,D3,True,1.2836662e-05,0.00041156824,0.0019492168,0.016232988,0.3867431,0.5946503
31033,2022-12-06,4,D3,5,D4,4,D3,True,9.507857e-06,0.0003357893,0.0016628453,0.01464131,0.384079,0.59927154
31033,2022-12-13,4,D3,5,D4,5,D4,False,7.330916e-06,0.00028404087,0.001490257,0.013644129,0.3814985,0.6030757
31033,2022-12-20,4,D3,5,D4,5,D4,False,5.7602706e-06,0.00024404234,0.0013302137,0.012661565,0.37857747,0.60718083
31033,2022-12-27,4,D3,5,D4,5,D4,False,4.597549e-06,0.00020749662,0.001177229,0.011992303,0.37815183,0.60846645
31033,2023-01-03,4,D3,5,D4,5,D4,False,3.697817e-06,0.00017687076,0.0010435272,0.011392247,0.3781302,0.6092535
31033,2023-01-10,4,D3,5,D4,5,D4,False,3.1453533e-06,0.00015669869,0.00095048675,0.011035774,0.37847653,0.6093773
31033,2023-01-17,4,D3,5,D4,5,D4,False,2.7474273e-06,0.00014143855,0.00088995614,0.010758901,0.37721872,0.6109883
31033,2023-01-24,4,D3,5,D4,5,D4,False,2.6625682e-06,0.00013982768,0.000884962,0.010828194,0.37690073,0.61124367
31033,2023-01-31,4,D3,5,D4,5,D4,False,2.8535528e-06,0.00014819561,0.0009206885,0.011345006,0.37748298,0.61010027
31033,2023-02-07,4,D3,5,D4,5,D4,False,3.392241e-06,0.00016778642,0.0010118223,0.012571456,0.37863925,0.60760635
31033,2023-02-14,4,D3,5,D4,5,D4,False,4.0653244e-06,0.0001896415,0.0011342288,0.014216246,0.37982163,0.6046342
31033,2023-02-21,4,D3,5,D4,5,D4,False,4.854988e-06,0.0002149005,0.0012667617,0.01596694,0.38190818,0.6006383
31033,2023-02-28,4,D3,5,D4,4,D3,True,5.8312726e-06,0.00024367544,0.0014080572,0.018034296,0.3840224,0.59628576
31033,2023-03-07,4,D3,5,D4,4,D3,True,6.3741923e-06,0.00025932209,0.0014798793,0.019203192,0.3849992,0.5940521
31033,2023-03-14,4,D3,5,D4,4,D3,True,9.142217e-06,0.00032991092,0.0018273209,0.023708515,0.38776547,0.5863596
31033,2023-03-21,4,D3,5,D4,4,D3,True,1.09516595e-05,0.0003732161,0.002035418,0.02640341,0.38887343,0.5823035
31033,2023-03-28,4,D3,5,D4,4,D3,True,1.8816278e-05,0.00052824384,0.0027901928,0.035582356,0.3916634,0.56941706
31033,2023-04-04,4,D3,5,D4,4,D3,True,3.6701094e-05,0.0007911566,0.0039975964,0.052389447,0.38980436,0.55298066
31033,2023-04-11,3,D2,5,D4,4,D3,False,8.699522e-05,0.0013258668,0.0065764072,0.07826542,0.39235035,0.52139497
31033,2023-04-18,3,D2,5,D4,4,D3,False,0.00021523186,0.0022570912,0.011636936,0.13427815,0.39253515,0.45907748
31033,2023-04-25,3,D2,4,D3,4,D3,False,0.00039645462,0.0030476414,0.020209176,0.22509187,0.4367569,0.3144979
31033,2023-05-02,3,D2,4,D3,4,D3,False,0.0005758102,0.003907338,0.035236694,0.35158896,0.46296033,0.14573091
31033,2023-05-09,3,D2,4,D3,4,D3,False,0.0006277138,0.004977872,0.052328836,0.4273254,0.44817156,0.06656862
31033,2023-05-16,3,D2,3,D2,4,D3,False,0.0007253448,0.006040212,0.07053575,0.4939563,0.40287355,0.025868895
31033,2023-05-23,3,D2,3,D2,3,D2,True,0.0008058222,0.00661181,0.086909585,0.53925234,0.35611063,0.010309839
31033,2023-05-30,2,D1,3,D2,3,D2,False,0.0010404111,0.008001223,0.10522891,0.56231356,0.31770322,0.005712741
31033,2023-06-06,1,D0,3,D2,3,D2,False,0.0015680215,0.011610984,0.14463991,0.5691558,0.27000198,0.0030232684
31033,2023-06-13,1,D0,3,D2,3,D2,False,0.0021544842,0.014946495,0.1777768,0.5621994,0.24102081,0.0019020663
31033,2023-06-20,1,D0,3,D2,3,D2,False,0.002554935,0.016875645,0.19399743,0.5557959,0.22933933,0.0014367709
31033,2023-06-27,1,D0,3,D2,3,D2,False,0.0028479171,0.017547116,0.19781074,0.5583007,0.2222524,0.0012411337
31033,2023-07-04,0,None,3,D2,3,D2,False,0.003403451,0.018228436,0.19772983,0.56487256,0.21465649,0.001109301
31033,2023-07-11,0,None,3,D2,3,D2,False,0.004289677,0.020187855,0.20025611,0.5622734,0.21190834,0.0010846782
31033,2023-07-18,0,None,3,D2,3,D2,False,0.0049930583,0.021965232,0.20130078,0.55777025,0.21288769,0.0010830156
31033,2023-07-25,0,None,3,D2,3,D2,False,0.005789044,0.023646683,0.201418,0.55423707,0.21372369,0.0011855105
31033,2023-08-01,0,None,3,D2,3,D2,False,0.0064378045,0.024608247,0.19783881,0.55779016,0.21216978,0.0011551547
31033,2023-08-08,0,None,3,D2,3,D2,False,0.007718975,0.026814522,0.19546269,0.5502472,0.2183621,0.0013945159
31033,2023-08-15,0,None,3,D2,3,D2,False,0.008539172,0.029391794,0.20172103,0.54535717,0.21344495,0.00154583
31033,2023-08-22,0,None,3,D2,3,D2,False,0.00934253,0.03214558,0.21155645,0.53627956,0.20883976,0.0018361076
31033,2023-08-29,0,None,3,D2,3,D2,False,0.010119555,0.036581047,0.2237413,0.51501536,0.21198341,0.0025593552
31033,2023-09-05,0,None,3,D2,3,D2,False,0.01134628,0.041321274,0.22550373,0.5006465,0.21750908,0.0036731057
31033,2023-09-12,0,None,3,D2,3,D2,False,0.012969799,0.04693743,0.2187458,0.48556522,0.2295715,0.0062102983
31033,2023-09-19,0,None,3,D2,3,D2,False,0.015472439,0.053679723,0.22067213,0.48064402,0.22158515,0.00794649
31033,2023-09-26,0,None,3,D2,3,D2,False,0.018033264,0.061688777,0.21840666,0.46660542,0.2237661,0.011499776
31033,2023-10-03,0,None,3,D2,3,D2,False,0.02248775,0.075997904,0.2166824,0.44693285,0.22069229,0.017206704
31033,2023-10-10,0,None,3,D2,3,D2,False,0.026137216,0.08651215,0.22426544,0.44040272,0.20560795,0.017074464
31033,2023-10-17,0,None,3,D2,3,D2,False,0.03170323,0.10225043,0.22910312,0.41960746,0.19522554,0.022110175
31033,2023-10-24,0,None,3,D2,3,D2,False,0.03408792,0.12541477,0.24694459,0.40343663,0.16635844,0.023757659
31033,2023-10-31,0,None,3,D2,3,D2,False,0.03561378,0.13754725,0.25527847,0.3929579,0.15253153,0.026071105
31033,2023-11-07,0,None,3,D2,3,D2,False,0.035167262,0.14559764,0.25488603,0.3884417,0.14733662,0.028570682
31033,2023-11-14,0,None,3,D2,3,D2,False,0.036769886,0.16175455,0.26806623,0.37393916,0.13161418,0.027855977
31033,2023-11-21,0,None,3,D2,3,D2,False,0.037853956,0.18018341,0.2872891,0.3516088,0.11691757,0.026147118
31033,2023-11-28,0,None,3,D2,3,D2,False,0.040012836,0.19670509,0.30758744,0.32302922,0.107935935,0.024729509
31033,2023-12-05,0,None,2,D1,2,D1,False,0.043724727,0.20905645,0.31780225,0.3023978,0.10200573,0.025013011
31033,2023-12-12,0,None,2,D1,2,D1,False,0.041416824,0.20982029,0.31650847,0.3081905,0.10155026,0.02251365
31033,2023-12-19,0,None,2,D1,2,D1,False,0.04373435,0.22246265,0.31674972,0.30540046,0.092272215,0.019380525
31033,2023-12-26,0,None,3,D2,2,D1,False,0.044426225,0.2192223,0.3098354,0.31430772,0.0927097,0.019498574
31033,2024-01-02,0,None,3,D2,2,D1,False,0.048837576,0.21758515,0.30515307,0.31222755,0.09498766,0.021209037
31033,2024-01-09,0,None,3,D2,3,D2,False,0.050106186,0.21308687,0.2986239,0.3188445,0.09743693,0.021901648
31033,2024-01-16,0,None,3,D2,2,D1,False,0.057495084,0.20979343,0.29874218,0.30045992,0.10056231,0.03294703
31033,2024-01-23,0,None,2,D1,2,D1,False,0.07246088,0.20435935,0.27779925,0.26848897,0.11206931,0.06482223
31033,2024-01-30,0,None,2,D1,2,D1,False,0.08800616,0.20874143,0.25854665,0.24639133,0.110198274,0.08811612
31033,2024-02-06,0,None,2,D1,2,D1,False,0.10233103,0.22169751,0.26424855,0.23364699,0.095590234,0.082485706
31033,2024-02-13,0,None,2,D1,2,D1,False,0.101011634,0.2216604,0.26269,0.23987834,0.09454811,0.08021151
31033,2024-02-20,0,None,3,D2,2,D1,False,0.09222399,0.20845991,0.25238588,0.25806648,0.103770554,0.085093096
31033,2024-02-27,0,None,3,D2,3,D2,False,0.07891392,0.20500726,0.25338176,0.27783975,0.10684747,0.0780098
31033,2024-03-05,0,None,3,D2,3,D2,False,0.055742256,0.17267214,0.22474492,0.3152128,0.13996421,0.09166367
31033,2024-03-12,0,None,3,D2,3,D2,False,0.06073355,0.18495429,0.24136731,0.31464303,0.12759472,0.070707165
31033,2024-03-19,0,None,3,D2,3,D2,False,0.048668876,0.17429827,0.22933581,0.33602446,0.14075747,0.07091512
31033,2024-03-26,0,None,3,D2,3,D2,False,0.048308656,0.18470249,0.24382,0.3394821,0.13113587,0.052550912
31033,2024-04-02,0,None,3,D2,3,D2,False,0.053421136,0.20611335,0.2731721,0.32688,0.10947077,0.030942632
31033,2024-04-09,0,None,3,D2,3,D2,False,0.05691978,0.21456419,0.29469994,0.32601514,0.09201786,0.015783088
31033,2024-04-16,0,None,3,D2,3,D2,False,0.050970465,0.21159837,0.31113234,0.33849102,0.078825004,0.008982776
31033,2024-04-23,0,None,3,D2,3,D2,False,0.046535354,0.1989911,0.31999984,0.35041785,0.07757015,0.0064856904
31033,2024-04-30,0,None,3,D2,3,D2,False,0.03963501,0.17755204,0.32392594,0.3681331,0.08528761,0.0054662265
31033,2024-05-07,0,None,3,D2,3,D2,False,0.03001104,0.14691585,0.32630926,0.39232415,0.09941824,0.0050214585
31033,2024-05-14,0,None,3,D2,3,D2,False,0.025522292,0.13321394,0.3390897,0.40010026,0.098436534,0.0036371807
31033,2024-05-21,0,None,3,D2,3,D2,False,0.017991355,0.101899534,0.33816394,0.42610088,0.11332142,0.0025228492
31033,2024-05-28,0,None,3,D2,3,D2,False,0.011426838,0.06905665,0.31548685,0.4689773,0.13364427,0.0014081977
31033,2024-06-04,0,None,3,D2,3,D2,False,0.0092414,0.057875928,0.30462041,0.49451885,0.13277826,0.0009652186
31033,2024-06-11,0,None,3,D2,3,D2,False,0.008741962,0.05508985,0.30053687,0.5035277,0.13126683,0.00083679083
31033,2024-06-18,0,None,3,D2,3,D2,False,0.007523699,0.04441448,0.2777212,0.52596295,0.14364095,0.0007367223
31033,2024-06-25,0,None,3,D2,3,D2,False,0.0068711247,0.03862586,0.26091743,0.53987867,0.15299043,0.0007165407
31033,2024-07-02,0,None,3,D2,3,D2,False,0.0068396027,0.034336172,0.24627568,0.5506079,0.16119897,0.0007416482
31033,2024-07-09,0,None,3,D2,3,D2,False,0.0068675866,0.03481721,0.24543385,0.55720186,0.1549857,0.0006937697
31033,2024-07-16,0,None,3,D2,3,D2,False,0.007690534,0.035736904,0.24753095,0.55739015,0.15094478,0.0007066525
31033,2024-07-23,0,None,3,D2,3,D2,False,0.008753419,0.039043304,0.24643677,0.54800177,0.15690233,0.000862397
31033,2024-07-30,0,None,3,D2,3,D2,False,0.008373937,0.038396597,0.23865868,0.55231315,0.16136388,0.00089382014
31033,2024-08-06,1,D0,3,D2,3,D2,False,0.009258695,0.04001866,0.23535003,0.55380553,0.16046642,0.001100633
31033,2024-08-13,1,D0,3,D2,3,D2,False,0.012275007,0.04594826,0.2366861,0.5426157,0.16090786,0.0015671008
31033,2024-08-20,1,D0,3,D2,3,D2,False,0.016647825,0.054819945,0.23604563,0.5257958,0.16427656,0.0024142668
31033,2024-08-27,0,None,3,D2,3,D2,False,0.022667345,0.06539389,0.2367325,0.5055215,0.16609816,0.0035866534
31033,2024-09-03,0,None,3,D2,3,D2,False,0.026698256,0.07606066,0.23981997,0.48752195,0.16511182,0.0047872956
31033,2024-09-10,0,None,3,D2,3,D2,False,0.031041931,0.086994484,0.24171159,0.46579942,0.167387,0.0070655467
31033,2024-09-17,0,None,3,D2,3,D2,False,0.030982368,0.08884234,0.23274273,0.4519033,0.18440503,0.011124218
31033,2024-09-24,0,None,3,D2,3,D2,False,0.0305912,0.087026864,0.20965357,0.42213374,0.22454292,0.026051637
31033,2024-10-01,0,None,3,D2,4,D3,False,0.013172042,0.057754226,0.14475606,0.35141817,0.33295915,0.09994037
31033,2024-10-08,1,D0,4,D3,4,D3,False,0.0026640776,0.018348068,0.059468433,0.23364873,0.46531197,0.2205587
31033,2024-10-15,1,D0,4,D3,4,D3,False,0.0010317595,0.009406553,0.030887002,0.1379161,0.46802017,0.3527384
31033,2024-10-22,2,D1,5,D4,4,D3,False,0.0003070417,0.0035594504,0.013341041,0.0743857,0.4393809,0.46902597
31033,2024-10-29,2,D1,5,D4,4,D3,False,0.00031266463,0.0035963962,0.012517158,0.07326338,0.41021323,0.5000972
31033,2024-11-05,2,D1,5,D4,4,D3,False,0.00046764695,0.0046924786,0.0145485345,0.07451383,0.3959588,0.5098187
31033,2024-11-12,2,D1,5,D4,4,D3,False,0.00063042797,0.005697352,0.01699499,0.078658484,0.39174706,0.50627166
31033,2024-11-19,2,D1,5,D4,4,D3,False,0.00043631715,0.004495393,0.014308428,0.06665297,0.39053547,0.52357143
31033,2024-11-26,2,D1,5,D4,4,D3,False,0.0003489056,0.0038922427,0.012696857,0.057534095,0.38532537,0.54020256
31033,2024-12-03,2,D1,5,D4,4,D3,False,0.00029758707,0.0035622725,0.011806921,0.051471874,0.38207328,0.55078804
31033,2024-12-10,2,D1,5,D4,4,D3,False,0.000268878,0.0033912954,0.011327719,0.046784613,0.37920856,0.5590189
31033,2024-12-17,2,D1,5,D4,4,D3,False,0.00022428873,0.0030338396,0.010238993,0.044421967,0.37831575,0.5637651
31033,2024-12-24,2,D1,5,D4,4,D3,False,0.00022825187,0.0031716365,0.010304863,0.045919504,0.3783895,0.5619863
31033,2024-12-31,2,D1,5,D4,4,D3,False,0.00019462152,0.0028854837,0.009498877,0.04267273,0.37172168,0.57302666
31033,2025-01-07,2,D1,5,D4,4,D3,False,0.00017268935,0.0027036704,0.00886839,0.044065624,0.37314552,0.5710441
31033,2025-01-14,2,D1,5,D4,4,D3,False,0.00016243651,0.0027016038,0.008774104,0.046319682,0.37636214,0.56568
31033,2025-01-21,2,D1,5,D4,4,D3,False,0.000218914,0.0033858034,0.010565002,0.053493746,0.3817218,0.55061466
31033,2025-01-28,2,D1,5,D4,4,D3,False,0.0003894416,0.005258041,0.015939372,0.07264548,0.38943523,0.5163324
31033,2025-02-04,2,D1,5,D4,4,D3,False,0.00052863226,0.006670103,0.019943038,0.08517952,0.3913598,0.49631888
31033,2025-02-11,2,D1,5,D4,4,D3,False,0.00070888054,0.008771614,0.024901114,0.0987266,0.3923816,0.47451022
31033,2025-02-18,2,D1,5,D4,4,D3,False,0.000895821,0.010979167,0.029129554,0.10437035,0.3876799,0.4669452
31033,2025-02-25,2,D1,5,D4,4,D3,False,0.0011193282,0.01263193,0.031993594,0.11377754,0.38139933,0.45907822
31033,2025-03-04,2,D1,5,D4,4,D3,False,0.0014905236,0.015287481,0.037511565,0.13044661,0.37240216,0.44286168
31033,2025-03-11,2,D1,5,D4,4,D3,False,0.0022468432,0.018839505,0.045052532,0.15740314,0.358836,0.41762194
31033,2025-03-18,2,D1,5,D4,4,D3,False,0.0034571437,0.024246253,0.058398467,0.1967604,0.34252867,0.37460902
31033,2025-03-25,3,D2,4,D3,4,D3,False,0.0055092988,0.033896778,0.07780911,0.2488963,0.31951237,0.31437615
31033,2025-04-01,3,D2,3,D2,4,D3,False,0.008040631,0.042842347,0.09522679,0.29576427,0.2901109,0.26801503
31033,2025-04-08,3,D2,3,D2,4,D3,False,0.0119560845,0.050705682,0.107262045,0.3173547,0.26854265,0.24417882
31033,2025-04-15,3,D2,3,D2,3,D2,True,0.014922305,0.05603935,0.12006205,0.33877787,0.2640954,0.20610309
31033,2025-04-22,3,D2,3,D2,3,D2,True,0.012603797,0.054702442,0.14374512,0.40354764,0.26591665,0.11948434
31033,2025-04-29,3,D2,3,D2,3,D2,True,0.007842644,0.040120225,0.14977324,0.46716222,0.28184664,0.053255048
31033,2025-05-06,3,D2,3,D2,3,D2,True,0.005764956,0.03276987,0.1469131,0.4969326,0.28952658,0.02809292
31033,2025-05-13,4,D3,3,D2,3,D2,False,0.0046021137,0.02806048,0.16418165,0.5275107,0.26431277,0.011332287
31033,2025-05-20,4,D3,3,D2,3,D2,False,0.0033123118,0.02065205,0.16076748,0.54525393,0.2631983,0.0068159304
31033,2025-05-27,3,D2,3,D2,3,D2,True,0.0025235247,0.016633652,0.15445517,0.5666864,0.25555426,0.0041470197
31033,2025-06-03,3,D2,3,D2,3,D2,True,0.0029739412,0.018230844,0.17518418,0.5713987,0.22948012,0.0027321938
31033,2025-06-10,3,D2,3,D2,3,D2,True,0.0031260543,0.019136675,0.19862825,0.5659118,0.21153915,0.0016580485
31033,2025-06-17,2,D1,3,D2,3,D2,False,0.0027206922,0.017500343,0.2035922,0.5660992,0.20890306,0.0011844184
31033,2025-06-24,2,D1,3,D2,3,D2,False,0.0027774281,0.016645055,0.20014328,0.56766325,0.21172103,0.0010499653
31033,2025-07-01,2,D1,3,D2,3,D2,False,0.0030058932,0.01704627,0.19863065,0.56586725,0.2144073,0.0010427228
31033,2025-07-08,2,D1,3,D2,3,D2,False,0.0034325046,0.018528229,0.20223898,0.568432,0.20641539,0.0009529021
31033,2025-07-15,2,D1,3,D2,3,D2,False,0.003942553,0.019613042,0.20035297,0.5710596,0.20408507,0.0009467569
31033,2025-07-22,2,D1,3,D2,3,D2,False,0.0048410166,0.02183005,0.20314369,0.56711525,0.20208764,0.0009823029
31033,2025-07-29,2,D1,3,D2,3,D2,False,0.0058854143,0.024213856,0.20486426,0.56078225,0.20321627,0.0010379277
31033,2025-08-05,2,D1,3,D2,3,D2,False,0.0067621334,0.02566534,0.20062588,0.5617517,0.20412749,0.0010674488
31033,2025-08-12,2,D1,3,D2,3,D2,False,0.0078098206,0.027907124,0.1968623,0.56661576,0.19968082,0.0011241285
31033,2025-08-19,2,D1,3,D2,3,D2,False,0.008952574,0.030818991,0.19779806,0.5670428,0.19423446,0.0011530407
31033,2025-08-26,2,D1,3,D2,3,D2,False,0.011763011,0.035720702,0.20159563,0.55603147,0.19338505,0.0015040393
31033,2025-09-02,2,D1,3,D2,3,D2,False,0.01513132,0.04341273,0.21218422,0.53527373,0.1919427,0.0020553402
31033,2025-09-09,2,D1,3,D2,3,D2,False,0.018817505,0.050874665,0.21552125,0.525221,0.18684457,0.0027210363
31033,2025-09-16,2,D1,3,D2,3,D2,False,0.02427518,0.06154151,0.21940066,0.51769096,0.17369506,0.003396719
31033,2025-09-23,2,D1,3,D2,3,D2,False,0.03467835,0.08334093,0.23242162,0.49643078,0.14908797,0.0040404284
31033,2025-09-30,2,D1,3,D2,3,D2,False,0.048924554,0.107243724,0.24549317,0.46682215,0.12676884,0.0047475793
31033,2025-10-07,2,D1,3,D2,3,D2,False,0.06393068,0.14001918,0.26067513,0.4295591,0.10032073,0.0054951264
31033,2025-10-14,2,D1,3,D2,3,D2,False,0.06579199,0.1542042,0.278516,0.41192514,0.084326625,0.0052360813
31033,2025-10-21,2,D1,3,D2,3,D2,False,0.07283279,0.17794585,0.29240203,0.3853744,0.06649346,0.0049514603
31033,2025-10-28,2,D1,3,D2,3,D2,False,0.06157126,0.17110616,0.29915437,0.39295635,0.07069351,0.004518367
31033,2025-11-04,2,D1,3,D2,3,D2,False,0.052141774,0.17026123,0.29906586,0.39951968,0.07485011,0.004161249
31033,2025-11-11,2,D1,3,D2,3,D2,False,0.04933668,0.16741002,0.29960066,0.4001077,0.079294465,0.0042504715
31033,2025-11-18,2,D1,3,D2,3,D2,False,0.053991742,0.18004248,0.3018612,0.38679025,0.07326467,0.0040497133
31033,2025-11-25,2,D1,3,D2,3,D2,False,0.051573973,0.1944137,0.3010073,0.38024765,0.069157615,0.0035997515
31033,2025-12-02,2,D1,3,D2,3,D2,False,0.056457955,0.21155675,0.299366,0.3638099,0.065107115,0.0037022785
31033,2025-12-09,2,D1,3,D2,3,D2,False,0.0572,0.21774234,0.29837492,0.35715172,0.06567311,0.003857934
31033,2025-12-16,2,D1,3,D2,3,D2,False,0.05349433,0.2117089,0.30086777,0.35749105,0.072014645,0.0044233548
31033,2025-12-23,2,D1,3,D2,3,D2,False,0.04647099,0.20029126,0.2991223,0.37124127,0.07862874,0.004245468
31033,2025-12-30,2,D1,3,D2,3,D2,False,0.041754603,0.20190388,0.30217063,0.3730294,0.07723943,0.003901955
31035,2022-01-04,1,D0,3,D2,3,D2,False,0.036302052,0.21801366,0.32123235,0.34160045,0.073741406,0.009110046
31035,2022-01-11,1,D0,3,D2,2,D1,False,0.036437016,0.22503819,0.32646465,0.33281904,0.0711271,0.008114002
31035,2022-01-18,1,D0,2,D1,2,D1,False,0.034841992,0.23154451,0.33286214,0.32638395,0.067330025,0.00703733
31035,2022-01-25,1,D0,2,D1,2,D1,False,0.029958107,0.23900431,0.3396636,0.3234395,0.06188536,0.006049103
31035,2022-02-01,1,D0,2,D1,2,D1,False,0.027275745,0.2379475,0.34140363,0.32620466,0.06138645,0.005781995
31035,2022-02-08,2,D1,2,D1,2,D1,True,0.026315786,0.24408579,0.34148398,0.32554927,0.056940094,0.0056250524
31035,2022-02-15,2,D1,3,D2,2,D1,True,0.02555614,0.24328953,0.33369464,0.33874488,0.05312803,0.005586703
31035,2022-02-22,2,D1,2,D1,2,D1,True,0.026325943,0.25421932,0.33746386,0.3275759,0.048700374,0.0057145185
31035,2022-03-01,2,D1,2,D1,2,D1,True,0.027112287,0.25785482,0.33736643,0.3254458,0.047050368,0.0051703523
31035,2022-03-08,2,D1,2,D1,2,D1,True,0.027222857,0.24144988,0.34204113,0.33130965,0.052946467,0.0050300406
31035,2022-03-15,2,D1,3,D2,2,D1,True,0.026615188,0.22420068,0.33846706,0.35000038,0.055741746,0.00497493
31035,2022-03-22,2,D1,3,D2,3,D2,False,0.024783406,0.20429432,0.34079942,0.3677534,0.057392217,0.0049771667
31035,2022-03-29,2,D1,3,D2,3,D2,False,0.024277546,0.19894081,0.34517553,0.3703651,0.056626964,0.004614051
31035,2022-04-05,2,D1,3,D2,3,D2,False,0.020537034,0.1752677,0.3578028,0.38260972,0.059451733,0.0043310523
31035,2022-04-12,2,D1,3,D2,3,D2,False,0.018994182,0.16120327,0.36282605,0.39077732,0.06142909,0.004770111
31035,2022-04-19,3,D2,3,D2,3,D2,True,0.016984299,0.14210768,0.36458322,0.40467778,0.0670172,0.0046297573
31035,2022-04-26,3,D2,3,D2,3,D2,True,0.014471021,0.119292125,0.3595816,0.42730084,0.07549547,0.0038589532
31035,2022-05-03,3,D2,3,D2,3,D2,True,0.013048705,0.104509555,0.3574923,0.4409843,0.08079058,0.003174501
31035,2022-05-10,3,D2,3,D2,3,D2,True,0.013371539,0.08791202,0.3198948,0.46257612,0.11168964,0.0045558675
31035,2022-05-17,3,D2,3,D2,3,D2,True,0.0061784694,0.04077101,0.2395475,0.55328935,0.1568659,0.003347747
31035,2022-05-24,3,D2,3,D2,3,D2,True,0.004455267,0.028142793,0.21568449,0.5821944,0.16737512,0.002147926
31035,2022-05-31,2,D1,3,D2,3,D2,False,0.004512008,0.028299848,0.22302775,0.58433,0.15823448,0.0015959237
31035,2022-06-07,2,D1,3,D2,3,D2,False,0.0042675156,0.027712839,0.23490208,0.58033174,0.15164147,0.0011443795
31035,2022-06-14,1,D0,3,D2,3,D2,False,0.0037416292,0.026665857,0.24182074,0.5759911,0.15093282,0.0008478103
31035,2022-06-21,1,D0,3,D2,3,D2,False,0.0033345486,0.023118986,0.21367157,0.5843648,0.17443308,0.0010770609
31035,2022-06-28,1,D0,3,D2,3,D2,False,0.0034449107,0.023259751,0.20705442,0.5845074,0.18049887,0.0012347167
31035,2022-07-05,1,D0,3,D2,3,D2,False,0.0035425716,0.022571018,0.2040061,0.58275187,0.18581514,0.0013133171
31035,2022-07-12,1,D0,3,D2,3,D2,False,0.0030531702,0.019939816,0.17901951,0.58593947,0.21008874,0.0019592925
31035,2022-07-19,1,D0,3,D2,3,D2,False,0.0025242076,0.01695031,0.15230778,0.5798861,0.24503942,0.003292271
31035,2022-07-26,1,D0,3,D2,3,D2,False,0.0023792365,0.015347419,0.1302233,0.56476,0.28149742,0.0057925284
31035,2022-08-02,1,D0,3,D2,3,D2,False,0.0018353825,0.012088588,0.10264973,0.5356986,0.33570126,0.012026453
31035,2022-08-09,1,D0,3,D2,4,D3,False,0.0011932984,0.008785892,0.07282674,0.46627784,0.42164862,0.02926758
31035,2022-08-16,1,D0,4,D3,4,D3,False,0.0006096512,0.0053471485,0.045048427,0.37572756,0.5077015,0.06556579
31035,2022-08-23,1,D0,4,D3,4,D3,False,0.0003356066,0.003191072,0.023907345,0.23770273,0.54180926,0.19305395
31035,2022-08-30,2,D1,4,D3,4,D3,False,0.00015614461,0.0017428211,0.011420804,0.13055919,0.48493835,0.37118274
31035,2022-09-06,2,D1,5,D4,4,D3,False,8.551526e-05,0.0012121325,0.0069124657,0.07802436,0.4366116,0.47715396
31035,2022-09-13,2,D1,5,D4,4,D3,False,5.518391e-05,0.0009097947,0.005103815,0.058956303,0.41893363,0.5160413
31035,2022-09-20,2,D1,5,D4,4,D3,False,3.3770008e-05,0.00070435053,0.0037227368,0.039837703,0.40795195,0.54774946
31035,2022-09-27,2,D1,5,D4,4,D3,False,3.0160098e-05,0.00067071,0.0034049368,0.03352062,0.40600517,0.5563684
31035,2022-10-04,2,D1,5,D4,4,D3,False,2.4243765e-05,0.00058975536,0.002941549,0.027847383,0.40396613,0.5646309
31035,2022-10-11,3,D2,5,D4,4,D3,False,2.3195336e-05,0.00058747025,0.0028283466,0.024884792,0.40189287,0.56978333
31035,2022-10-18,3,D2,5,D4,4,D3,False,2.8034327e-05,0.0006667484,0.0030741526,0.02560765,0.40319532,0.5674281
31035,2022-10-25,3,D2,5,D4,4,D3,False,2.5441392e-05,0.0006162403,0.002877833,0.02444489,0.40157485,0.57046074
31035,2022-11-01,3,D2,5,D4,4,D3,False,2.541392e-05,0.0006236994,0.0028319536,0.023323849,0.39964077,0.57355434
31035,2022-11-08,3,D2,5,D4,4,D3,False,1.9340265e-05,0.0005183778,0.0024266574,0.020806061,0.39573172,0.5804978
31035,2022-11-15,3,D2,5,D4,4,D3,False,1.6005926e-05,0.00046870217,0.0021854166,0.018285012,0.39119846,0.58784646
31035,2022-11-22,3,D2,5,D4,4,D3,False,1.387665e-05,0.00043081882,0.0020203155,0.016884152,0.38856044,0.5920904
31035,2022-11-29,3,D2,5,D4,4,D3,False,1.2836659e-05,0.00041156833,0.0019492165,0.016232988,0.3867432,0.5946502
31035,2022-12-06,3,D2,5,D4,4,D3,False,9.507857e-06,0.0003357893,0.0016628453,0.01464131,0.384079,0.59927154
31035,2022-12-13,3,D2,5,D4,5,D4,False,7.330916e-06,0.00028404087,0.001490257,0.013644129,0.3814985,0.6030757
31035,2022-12-20,3,D2,5,D4,5,D4,False,5.7602706e-06,0.00024404234,0.0013302137,0.012661565,0.37857747,0.60718083
31035,2022-12-27,3,D2,5,D4,5,D4,False,4.597549e-06,0.00020749662,0.001177229,0.011992303,0.37815183,0.60846645
31035,2023-01-03,3,D2,5,D4,5,D4,False,3.697817e-06,0.00017687076,0.0010435272,0.011392247,0.3781302,0.6092535
31035,2023-01-10,3,D2,5,D4,5,D4,False,3.1453533e-06,0.00015669869,0.00095048675,0.011035774,0.37847653,0.6093773
31035,2023-01-17,3,D2,5,D4,5,D4,False,2.7474273e-06,0.00014143855,0.00088995614,0.010758901,0.37721872,0.6109883
31035,2023-01-24,3,D2,5,D4,5,D4,False,2.6625682e-06,0.00013982768,0.000884962,0.010828194,0.37690073,0.61124367
31035,2023-01-31,3,D2,5,D4,5,D4,False,2.8535528e-06,0.00014819561,0.0009206885,0.011345006,0.37748298,0.61010027
31035,2023-02-07,3,D2,5,D4,5,D4,False,3.392241e-06,0.00016778642,0.0010118223,0.012571456,0.37863925,0.60760635
31035,2023-02-14,3,D2,5,D4,5,D4,False,4.0653244e-06,0.0001896415,0.0011342288,0.014216246,0.37982163,0.6046342
31035,2023-02-21,3,D2,5,D4,5,D4,False,4.854988e-06,0.0002149005,0.0012667617,0.01596694,0.38190818,0.6006383
31035,2023-02-28,3,D2,5,D4,4,D3,False,5.8312726e-06,0.00024367544,0.0014080572,0.018034296,0.3840224,0.59628576
31035,2023-03-07,3,D2,5,D4,4,D3,False,6.3741913e-06,0.00025932203,0.0014798789,0.019203182,0.38499928,0.59405196
31035,2023-03-14,3,D2,5,D4,4,D3,False,9.142228e-06,0.00032991116,0.0018273221,0.023708535,0.38776535,0.58635974
31035,2023-03-21,3,D2,5,D4,4,D3,False,1.09516595e-05,0.0003732161,0.002035418,0.02640341,0.38887343,0.5823035
31035,2023-03-28,3,D2,5,D4,4,D3,False,1.8816278e-05,0.00052824384,0.0027901928,0.035582356,0.3916634,0.56941706
31035,2023-04-04,3,D2,5,D4,4,D3,False,3.6701094e-05,0.0007911566,0.0039975964,0.052389447,0.38980436,0.55298066
31035,2023-04-11,3,D2,5,D4,4,D3,False,8.699522e-05,0.0013258668,0.0065764072,0.07826542,0.39235035,0.52139497
31035,2023-04-18,3,D2,5,D4,4,D3,False,0.00021523186,0.0022570912,0.011636936,0.13427815,0.39253515,0.45907748
31035,2023-04-25,3,D2,4,D3,4,D3,False,0.00039645462,0.0030476414,0.020209176,0.22509187,0.4367569,0.3144979
31035,2023-05-02,3,D2,4,D3,4,D3,False,0.0005758102,0.003907338,0.035236694,0.35158896,0.46296033,0.14573091
31035,2023-05-09,4,D3,4,D3,4,D3,True,0.0006277138,0.004977872,0.052328836,0.4273254,0.44817156,0.06656862
31035,2023-05-16,4,D3,3,D2,4,D3,True,0.0007253448,0.006040212,0.07053575,0.4939563,0.40287355,0.025868895
31035,2023-05-23,4,D3,3,D2,3,D2,False,0.0008058222,0.00661181,0.086909585,0.53925234,0.35611063,0.010309839
31035,2023-05-30,5,D4,3,D2,3,D2,False,0.0010404111,0.008001223,0.10522891,0.56231356,0.31770322,0.005712741
31035,2023-06-06,5,D4,3,D2,3,D2,False,0.0015680215,0.011610984,0.14463991,0.5691558,0.27000198,0.0030232684
31035,2023-06-13,5,D4,3,D2,3,D2,False,0.0021544842,0.014946495,0.1777768,0.5621994,0.24102081,0.0019020663
31035,2023-06-20,5,D4,3,D2,3,D2,False,0.002554935,0.016875645,0.19399743,0.5557959,0.22933933,0.0014367709
31035,2023-06-27,5,D4,3,D2,3,D2,False,0.0028479171,0.017547116,0.19781074,0.5583007,0.2222524,0.0012411337
31035,2023-07-04,5,D4,3,D2,3,D2,False,0.0034034515,0.018228432,0.19772984,0.5648726,0.2146564,0.0011093011
31035,2023-07-11,4,D3,3,D2,3,D2,False,0.004289675,0.02018785,0.20025606,0.5622734,0.2119083,0.0010846778
31035,2023-07-18,4,D3,3,D2,3,D2,False,0.0049930583,0.021965232,0.20130078,0.55777025,0.21288769,0.0010830156
31035,2023-07-25,4,D3,3,D2,3,D2,False,0.005789044,0.023646683,0.201418,0.55423707,0.21372369,0.0011855105
31035,2023-08-01,4,D3,3,D2,3,D2,False,0.0064378045,0.024608247,0.19783881,0.55779016,0.21216978,0.0011551547
31035,2023-08-08,4,D3,3,D2,3,D2,False,0.007718975,0.026814522,0.19546269,0.5502472,0.2183621,0.0013945159
31035,2023-08-15,4,D3,3,D2,3,D2,False,0.008539172,0.029391794,0.20172103,0.54535717,0.21344495,0.00154583
31035,2023-08-22,4,D3,3,D2,3,D2,False,0.00934253,0.03214558,0.21155645,0.53627956,0.20883976,0.0018361076
31035,2023-08-29,4,D3,3,D2,3,D2,False,0.010119555,0.036581047,0.2237413,0.51501536,0.21198341,0.0025593552
31035,2023-09-05,4,D3,3,D2,3,D2,False,0.01134628,0.041321274,0.22550373,0.5006465,0.21750908,0.0036731057
31035,2023-09-12,4,D3,3,D2,3,D2,False,0.012969799,0.04693743,0.2187458,0.48556522,0.2295715,0.0062102983
31035,2023-09-19,5,D4,3,D2,3,D2,False,0.015472439,0.053679723,0.22067213,0.48064402,0.22158515,0.00794649
31035,2023-09-26,5,D4,3,D2,3,D2,False,0.018033264,0.061688777,0.21840666,0.46660542,0.2237661,0.011499776
31035,2023-10-03,5,D4,3,D2,3,D2,False,0.02248775,0.075997904,0.2166824,0.44693285,0.22069229,0.017206704
31035,2023-10-10,5,D4,3,D2,3,D2,False,0.026137216,0.08651215,0.22426544,0.44040272,0.20560795,0.017074464
31035,2023-10-17,5,D4,3,D2,3,D2,False,0.03170323,0.10225044,0.22910312,0.41960746,0.19522557,0.022110175
31035,2023-10-24,5,D4,3,D2,3,D2,False,0.03408793,0.12541479,0.24694465,0.40343657,0.16635843,0.02375766
31035,2023-10-31,5,D4,3,D2,3,D2,False,0.03561378,0.13754725,0.25527847,0.3929579,0.15253153,0.026071105
31035,2023-11-07,5,D4,3,D2,3,D2,False,0.035167262,0.14559764,0.25488603,0.3884417,0.14733662,0.028570682
31035,2023-11-14,5,D4,3,D2,3,D2,False,0.036769886,0.16175455,0.26806623,0.37393916,0.13161418,0.027855977
31035,2023-11-21,5,D4,3,D2,3,D2,False,0.037853956,0.18018341,0.2872891,0.3516088,0.11691757,0.026147118
31035,2023-11-28,5,D4,3,D2,3,D2,False,0.040012836,0.19670509,0.30758744,0.32302922,0.107935935,0.024729509
31035,2023-12-05,5,D4,2,D1,2,D1,False,0.043724727,0.20905645,0.31780225,0.3023978,0.10200573,0.025013011
31035,2023-12-12,5,D4,2,D1,2,D1,False,0.041416824,0.20982029,0.31650847,0.3081905,0.10155026,0.02251365
31035,2023-12-19,4,D3,2,D1,2,D1,False,0.04373435,0.22246265,0.31674972,0.30540046,0.092272215,0.019380525
31035,2023-12-26,4,D3,3,D2,2,D1,False,0.044426225,0.2192223,0.3098354,0.31430772,0.0927097,0.019498574
31035,2024-01-02,4,D3,3,D2,2,D1,False,0.048837576,0.21758515,0.30515307,0.31222755,0.09498766,0.021209037
31035,2024-01-09,4,D3,3,D2,3,D2,False,0.050106186,0.21308687,0.2986239,0.3188445,0.09743693,0.021901648
31035,2024-01-16,4,D3,3,D2,2,D1,False,0.057495084,0.20979343,0.29874218,0.30045992,0.10056231,0.03294703
31035,2024-01-23,3,D2,2,D1,2,D1,False,0.07246088,0.20435935,0.27779925,0.26848897,0.11206931,0.06482223
31035,2024-01-30,3,D2,2,D1,2,D1,False,0.08800616,0.20874143,0.25854665,0.24639133,0.110198274,0.08811612
31035,2024-02-06,3,D2,2,D1,2,D1,False,0.10233103,0.22169751,0.26424855,0.23364699,0.095590234,0.082485706
31035,2024-02-13,3,D2,2,D1,2,D1,False,0.10101161,0.22166033,0.26268986,0.23987833,0.09454817,0.080211625
31035,2024-02-20,3,D2,3,D2,2,D1,False,0.092223965,0.20845988,0.25238585,0.25806653,0.10377061,0.08509316
31035,2024-02-27,3,D2,3,D2,3,D2,True,0.07891392,0.20500726,0.25338176,0.27783975,0.10684747,0.0780098
31035,2024-03-05,3,D2,3,D2,3,D2,True,0.055742256,0.17267214,0.22474492,0.3152128,0.13996421,0.09166367
31035,2024-03-12,3,D2,3,D2,3,D2,True,0.06073355,0.18495429,0.24136731,0.31464303,0.12759472,0.070707165
31035,2024-03-19,3,D2,3,D2,3,D2,True,0.048668876,0.17429827,0.22933581,0.33602446,0.14075747,0.07091512
31035,2024-03-26,3,D2,3,D2,3,D2,True,0.048308656,0.18470249,0.24382,0.3394821,0.13113587,0.052550912
31035,2024-04-02,3,D2,3,D2,3,D2,True,0.053421136,0.20611335,0.2731721,0.32688,0.10947077,0.030942632
31035,2024-04-09,3,D2,3,D2,3,D2,True,0.05691978,0.21456419,0.29469994,0.32601514,0.09201786,0.015783088
31035,2024-04-16,3,D2,3,D2,3,D2,True,0.050970465,0.21159837,0.31113234,0.33849102,0.078825004,0.008982776
31035,2024-04-23,3,D2,3,D2,3,D2,True,0.046535354,0.1989911,0.31999984,0.35041785,0.07757015,0.0064856904
31035,2024-04-30,3,D2,3,D2,3,D2,True,0.03963501,0.17755204,0.32392594,0.3681331,0.08528761,0.0054662265
31035,2024-05-07,2,D1,3,D2,3,D2,False,0.03001104,0.14691585,0.32630926,0.39232415,0.09941824,0.0050214585
31035,2024-05-14,2,D1,3,D2,3,D2,False,0.025522292,0.13321394,0.3390897,0.40010026,0.098436534,0.0036371807
31035,2024-05-21,2,D1,3,D2,3,D2,False,0.017991355,0.101899534,0.33816394,0.42610088,0.11332142,0.0025228492
31035,2024-05-28,2,D1,3,D2,3,D2,False,0.011426838,0.06905667,0.3154868,0.4689773,0.13364425,0.0014081977
31035,2024-06-04,1,D0,3,D2,3,D2,False,0.009241401,0.05787594,0.30462041,0.4945188,0.13277826,0.00096521934
31035,2024-06-11,1,D0,3,D2,3,D2,False,0.008741962,0.05508985,0.30053687,0.5035277,0.13126683,0.00083679083
31035,2024-06-18,1,D0,3,D2,3,D2,False,0.007523699,0.04441448,0.2777212,0.52596295,0.14364095,0.0007367223
31035,2024-06-25,1,D0,3,D2,3,D2,False,0.0068711247,0.03862586,0.26091743,0.53987867,0.15299043,0.0007165407
31035,2024-07-02,0,None,3,D2,3,D2,False,0.0068396027,0.034336172,0.24627568,0.5506079,0.16119897,0.0007416482
31035,2024-07-09,0,None,3,D2,3,D2,False,0.0068675866,0.03481721,0.24543385,0.55720186,0.1549857,0.0006937697
31035,2024-07-16,0,None,3,D2,3,D2,False,0.007690534,0.035736904,0.24753095,0.55739015,0.15094478,0.0007066525
31035,2024-07-23,0,None,3,D2,3,D2,False,0.008753419,0.039043304,0.24643677,0.54800177,0.15690233,0.000862397
31035,2024-07-30,0,None,3,D2,3,D2,False,0.008373937,0.038396597,0.23865868,0.55231315,0.16136388,0.00089382014
31035,2024-08-06,0,None,3,D2,3,D2,False,0.009258695,0.04001866,0.23535003,0.55380553,0.16046642,0.001100633
31035,2024-08-13,1,D0,3,D2,3,D2,False,0.012275007,0.04594826,0.2366861,0.5426157,0.16090786,0.0015671008
31035,2024-08-20,1,D0,3,D2,3,D2,False,0.016647825,0.054819945,0.23604563,0.5257958,0.16427656,0.0024142668
31035,2024-08-27,1,D0,3,D2,3,D2,False,0.022667345,0.06539389,0.2367325,0.5055215,0.16609816,0.0035866534
31035,2024-09-03,2,D1,3,D2,3,D2,False,0.026698256,0.07606066,0.23981997,0.48752195,0.16511182,0.0047872956
31035,2024-09-10,2,D1,3,D2,3,D2,False,0.031041931,0.086994484,0.24171159,0.46579942,0.167387,0.0070655467
31035,2024-09-17,2,D1,3,D2,3,D2,False,0.030982368,0.08884234,0.23274273,0.4519033,0.18440503,0.011124218
31035,2024-09-24,2,D1,3,D2,3,D2,False,0.030591207,0.08702688,0.20965359,0.42213374,0.22454292,0.026051637
31035,2024-10-01,2,D1,3,D2,4,D3,False,0.013172041,0.05775421,0.14475608,0.35141814,0.33295912,0.09994037
31035,2024-10-08,3,D2,4,D3,4,D3,False,0.0026640776,0.018348068,0.059468433,0.23364873,0.46531197,0.2205587
31035,2024-10-15,3,D2,4,D3,4,D3,False,0.0010317595,0.009406553,0.030887002,0.1379161,0.46802017,0.3527384
31035,2024-10-22,3,D2,5,D4,4,D3,False,0.0003070417,0.0035594504,0.013341041,0.0743857,0.4393809,0.46902597
31035,2024-10-29,3,D2,5,D4,4,D3,False,0.00031266463,0.0035963962,0.012517158,0.07326338,0.41021323,0.5000972
31035,2024-11-05,3,D2,5,D4,4,D3,False,0.00046764695,0.0046924786,0.0145485345,0.07451383,0.3959588,0.5098187
31035,2024-11-12,3,D2,5,D4,4,D3,False,0.00063042797,0.005697352,0.01699499,0.078658484,0.39174706,0.50627166
31035,2024-11-19,2,D1,5,D4,4,D3,False,0.00043631715,0.004495393,0.014308428,0.06665297,0.39053547,0.52357143
31035,2024-11-26,2,D1,5,D4,4,D3,False,0.0003489056,0.0038922427,0.012696857,0.057534095,0.38532537,0.54020256
31035,2024-12-03,2,D1,5,D4,4,D3,False,0.00029758707,0.0035622725,0.011806921,0.051471874,0.38207328,0.55078804
31035,2024-12-10,2,D1,5,D4,4,D3,False,0.000268878,0.0033912954,0.011327719,0.046784613,0.37920856,0.5590189
31035,2024-12-17,2,D1,5,D4,4,D3,False,0.00022428873,0.0030338396,0.010238993,0.044421967,0.37831575,0.5637651
31035,2024-12-24,2,D1,5,D4,4,D3,False,0.00022825187,0.0031716365,0.010304863,0.045919504,0.3783895,0.5619863
31035,2024-12-31,2,D1,5,D4,4,D3,False,0.00019462152,0.0028854837,0.009498877,0.04267273,0.37172168,0.57302666
31035,2025-01-07,2,D1,5,D4,4,D3,False,0.00017268969,0.0027036718,0.0088683935,0.044065636,0.37314552,0.5710441
31035,2025-01-14,2,D1,5,D4,4,D3,False,0.00016243648,0.0027016061,0.008774107,0.04631969,0.37636217,0.56567997
31035,2025-01-21,2,D1,5,D4,4,D3,False,0.000218914,0.0033858034,0.010565002,0.053493746,0.3817218,0.55061466
31035,2025-01-28,2,D1,5,D4,4,D3,False,0.0003894416,0.005258041,0.015939372,0.07264548,0.38943523,0.5163324
31035,2025-02-04,2,D1,5,D4,4,D3,False,0.00052863226,0.006670103,0.019943038,0.08517952,0.3913598,0.49631888
31035,2025-02-11,2,D1,5,D4,4,D3,False,0.00070888054,0.008771614,0.024901114,0.0987266,0.3923816,0.47451022
31035,2025-02-18,2,D1,5,D4,4,D3,False,0.000895821,0.010979167,0.029129554,0.10437035,0.3876799,0.4669452
31035,2025-02-25,2,D1,5,D4,4,D3,False,0.0011193282,0.01263193,0.031993594,0.11377754,0.38139933,0.45907822
31035,2025-03-04,2,D1,5,D4,4,D3,False,0.0014905236,0.015287481,0.037511565,0.13044661,0.37240216,0.44286168
31035,2025-03-11,2,D1,5,D4,4,D3,False,0.0022468432,0.018839505,0.045052532,0.15740314,0.358836,0.41762194
31035,2025-03-18,2,D1,5,D4,4,D3,False,0.0034571437,0.024246253,0.058398467,0.1967604,0.34252867,0.37460902
31035,2025-03-25,1,D0,4,D3,4,D3,False,0.0055092988,0.033896778,0.07780911,0.2488963,0.31951237,0.31437615
31035,2025-04-01,1,D0,3,D2,4,D3,False,0.008040631,0.042842347,0.09522679,0.29576427,0.2901109,0.26801503
31035,2025-04-08,1,D0,3,D2,4,D3,False,0.0119560845,0.050705682,0.107262045,0.3173547,0.26854265,0.24417882
31035,2025-04-15,2,D1,3,D2,3,D2,False,0.014922305,0.05603935,0.12006205,0.33877787,0.2640954,0.20610309
31035,2025-04-22,2,D1,3,D2,3,D2,False,0.012603797,0.054702442,0.14374512,0.40354764,0.26591665,0.11948434
31035,2025-04-29,2,D1,3,D2,3,D2,False,0.007842644,0.040120225,0.14977324,0.46716222,0.28184664,0.053255048
31035,2025-05-06,2,D1,3,D2,3,D2,False,0.0057649575,0.03276987,0.14691307,0.49693248,0.2895266,0.028092926
31035,2025-05-13,3,D2,3,D2,3,D2,True,0.0046021133,0.02806047,0.16418162,0.52751064,0.26431283,0.011332292
31035,2025-05-20,3,D2,3,D2,3,D2,True,0.0033123118,0.02065205,0.16076748,0.54525393,0.2631983,0.0068159304
31035,2025-05-27,3,D2,3,D2,3,D2,True,0.0025235247,0.016633652,0.15445517,0.5666864,0.25555426,0.0041470197
31035,2025-06-03,3,D2,3,D2,3,D2,True,0.0029739412,0.018230844,0.17518418,0.5713987,0.22948012,0.0027321938
31035,2025-06-10,3,D2,3,D2,3,D2,True,0.0031260543,0.019136675,0.19862825,0.5659118,0.21153915,0.0016580485
31035,2025-06-17,3,D2,3,D2,3,D2,True,0.0027206922,0.017500343,0.2035922,0.5660992,0.20890306,0.0011844184
31035,2025-06-24,3,D2,3,D2,3,D2,True,0.0027774281,0.016645055,0.20014328,0.56766325,0.21172103,0.0010499653
31035,2025-07-01,3,D2,3,D2,3,D2,True,0.0030058932,0.01704627,0.19863065,0.56586725,0.2144073,0.0010427228
31035,2025-07-08,3,D2,3,D2,3,D2,True,0.0034325046,0.018528229,0.20223898,0.568432,0.20641539,0.0009529021
31035,2025-07-15,3,D2,3,D2,3,D2,True,0.003942553,0.019613042,0.20035297,0.5710596,0.20408507,0.0009467569
31035,2025-07-22,2,D1,3,D2,3,D2,False,0.0048410166,0.02183005,0.20314369,0.56711525,0.20208764,0.0009823029
31035,2025-07-29,2,D1,3,D2,3,D2,False,0.0058854143,0.024213856,0.20486426,0.56078225,0.20321627,0.0010379277
31035,2025-08-05,1,D0,3,D2,3,D2,False,0.0067621334,0.02566534,0.20062588,0.5617517,0.20412749,0.0010674488
31035,2025-08-12,0,None,3,D2,3,D2,False,0.0078098206,0.027907124,0.1968623,0.56661576,0.19968082,0.0011241285
31035,2025-08-19,0,None,3,D2,3,D2,False,0.008952574,0.030818982,0.19779803,0.5670428,0.19423446,0.0011530407
31035,2025-08-26,0,None,3,D2,3,D2,False,0.011763014,0.03572071,0.20159566,0.55603147,0.19338506,0.00150404
31035,2025-09-02,0,None,3,D2,3,D2,False,0.01513132,0.04341273,0.21218422,0.53527373,0.1919427,0.0020553402
31035,2025-09-09,0,None,3,D2,3,D2,False,0.018817505,0.050874665,0.21552125,0.525221,0.18684457,0.0027210363
31035,2025-09-16,0,None,3,D2,3,D2,False,0.02427518,0.06154151,0.21940066,0.51769096,0.17369506,0.003396719
31035,2025-09-23,0,None,3,D2,3,D2,False,0.03467835,0.08334093,0.23242162,0.49643078,0.14908797,0.0040404284
31035,2025-09-30,0,None,3,D2,3,D2,False,0.048924554,0.107243724,0.24549317,0.46682215,0.12676884,0.0047475793
31035,2025-10-07,0,None,3,D2,3,D2,False,0.06393068,0.14001918,0.26067513,0.4295591,0.10032073,0.0054951264
31035,2025-10-14,0,None,3,D2,3,D2,False,0.06579199,0.1542042,0.278516,0.41192514,0.084326625,0.0052360813
31035,2025-10-21,0,None,3,D2,3,D2,False,0.07283279,0.17794585,0.29240203,0.3853744,0.06649346,0.0049514603
31035,2025-10-28,0,None,3,D2,3,D2,False,0.06157126,0.17110616,0.29915437,0.39295635,0.07069351,0.004518367
31035,2025-11-04,0,None,3,D2,3,D2,False,0.052141774,0.17026123,0.29906586,0.39951968,0.07485011,0.004161249
31035,2025-11-11,0,None,3,D2,3,D2,False,0.04933668,0.16741002,0.29960066,0.4001077,0.079294465,0.0042504715
31035,2025-11-18,0,None,3,D2,3,D2,False,0.053991742,0.18004248,0.3018612,0.38679025,0.07326467,0.0040497133
31035,2025-11-25,0,None,3,D2,3,D2,False,0.051573973,0.1944137,0.3010073,0.38024765,0.069157615,0.0035997515
31035,2025-12-02,0,None,3,D2,3,D2,False,0.056457955,0.21155675,0.299366,0.3638099,0.065107115,0.0037022785
31035,2025-12-09,0,None,3,D2,3,D2,False,0.0572,0.21774234,0.29837492,0.35715172,0.06567311,0.003857934
31035,2025-12-16,0,None,3,D2,3,D2,False,0.053494323,0.2117089,0.30086777,0.35749105,0.07201464,0.0044233506
31035,2025-12-23,0,None,3,D2,3,D2,False,0.04647098,0.20029128,0.29912233,0.3712412,0.078628734,0.0042454693
31035,2025-12-30,1,D0,3,D2,3,D2,False,0.041754603,0.20190388,0.30217063,0.3730294,0.07723943,0.003901955
31037,2022-01-04,0,None,3,D2,3,D2,False,0.036302052,0.21801366,0.32123235,0.34160045,0.073741406,0.009110046
31037,2022-01-11,0,None,3,D2,2,D1,False,0.036437016,0.22503819,0.32646465,0.33281904,0.0711271,0.008114002
31037,2022-01-18,0,None,2,D1,2,D1,False,0.034841992,0.23154451,0.33286214,0.32638395,0.067330025,0.00703733
31037,2022-01-25,1,D0,2,D1,2,D1,False,0.029958107,0.23900431,0.3396636,0.3234395,0.06188536,0.006049103
31037,2022-02-01,1,D0,2,D1,2,D1,False,0.027275745,0.2379475,0.34140363,0.32620466,0.06138645,0.005781995
31037,2022-02-08,2,D1,2,D1,2,D1,True,0.026315786,0.24408579,0.34148398,0.32554927,0.056940094,0.0056250524
31037,2022-02-15,2,D1,3,D2,2,D1,True,0.02555614,0.24328953,0.33369464,0.33874488,0.05312803,0.005586703
31037,2022-02-22,2,D1,2,D1,2,D1,True,0.026325943,0.25421932,0.33746386,0.3275759,0.048700374,0.0057145185
31037,2022-03-01,2,D1,2,D1,2,D1,True,0.027112287,0.25785482,0.33736643,0.3254458,0.047050368,0.0051703523
31037,2022-03-08,2,D1,2,D1,2,D1,True,0.027222857,0.24144988,0.34204113,0.33130965,0.052946467,0.0050300406
31037,2022-03-15,3,D2,3,D2,2,D1,False,0.026615188,0.22420068,0.33846706,0.35000038,0.055741746,0.00497493
31037,2022-03-22,3,D2,3,D2,3,D2,True,0.024783406,0.20429432,0.34079942,0.3677534,0.057392217,0.0049771667
31037,2022-03-29,3,D2,3,D2,3,D2,True,0.02427755,0.1989408,0.34517545,0.37036517,0.056626968,0.004614049
31037,2022-04-05,3,D2,3,D2,3,D2,True,0.020537034,0.17526767,0.35780278,0.38260972,0.059451733,0.0043310523
31037,2022-04-12,3,D2,3,D2,3,D2,True,0.018994182,0.16120327,0.36282605,0.39077732,0.06142909,0.004770111
31037,2022-04-19,3,D2,3,D2,3,D2,True,0.016984299,0.14210768,0.36458322,0.40467778,0.0670172,0.0046297573
31037,2022-04-26,3,D2,3,D2,3,D2,True,0.014471021,0.119292125,0.3595816,0.42730084,0.07549547,0.0038589532
31037,2022-05-03,2,D1,3,D2,3,D2,False,0.013048705,0.104509555,0.3574923,0.4409843,0.08079058,0.003174501
31037,2022-05-10,2,D1,3,D2,3,D2,False,0.013371539,0.08791202,0.3198948,0.46257612,0.11168964,0.0045558675
31037,2022-05-17,2,D1,3,D2,3,D2,False,0.0061784694,0.04077101,0.2395475,0.55328935,0.1568659,0.003347747
31037,2022-05-24,2,D1,3,D2,3,D2,False,0.004455267,0.028142793,0.21568449,0.5821944,0.16737512,0.002147926
31037,2022-05-31,2,D1,3,D2,3,D2,False,0.004512008,0.028299848,0.22302775,0.58433,0.15823448,0.0015959237
31037,2022-06-07,2,D1,3,D2,3,D2,False,0.0042675156,0.027712839,0.23490208,0.58033174,0.15164147,0.0011443795
31037,2022-06-14,2,D1,3,D2,3,D2,False,0.0037416292,0.026665857,0.24182074,0.5759911,0.15093282,0.0008478103
31037,2022-06-21,2,D1,3,D2,3,D2,False,0.0033345486,0.023118986,0.21367157,0.5843648,0.17443308,0.0010770609
31037,2022-06-28,2,D1,3,D2,3,D2,False,0.0034449107,0.023259751,0.20705442,0.5845074,0.18049887,0.0012347167
31037,2022-07-05,2,D1,3,D2,3,D2,False,0.0035425716,0.022571018,0.2040061,0.58275187,0.18581514,0.0013133171
31037,2022-07-12,2,D1,3,D2,3,D2,False,0.0030531702,0.019939816,0.17901951,0.58593947,0.21008874,0.0019592925
31037,2022-07-19,2,D1,3,D2,3,D2,False,0.0025242076,0.01695031,0.15230778,0.5798861,0.24503942,0.003292271
31037,2022-07-26,2,D1,3,D2,3,D2,False,0.0023792356,0.015347419,0.13022327,0.56476,0.28149748,0.005792531
31037,2022-08-02,3,D2,3,D2,3,D2,True,0.0018353817,0.012088586,0.1026497,0.5356986,0.33570126,0.012026459
31037,2022-08-09,3,D2,3,D2,4,D3,False,0.0011932984,0.008785892,0.07282674,0.46627784,0.42164862,0.02926758
31037,2022-08-16,3,D2,4,D3,4,D3,False,0.0006096512,0.0053471485,0.045048427,0.37572756,0.5077015,0.06556579
31037,2022-08-23,3,D2,4,D3,4,D3,False,0.0003356066,0.003191072,0.023907345,0.23770273,0.54180926,0.19305395
31037,2022-08-30,4,D3,4,D3,4,D3,True,0.00015614461,0.0017428211,0.011420804,0.13055919,0.48493835,0.37118274
31037,2022-09-06,4,D3,5,D4,4,D3,True,8.551526e-05,0.0012121325,0.0069124657,0.07802436,0.4366116,0.47715396
31037,2022-09-13,4,D3,5,D4,4,D3,True,5.518391e-05,0.0009097947,0.005103815,0.058956303,0.41893363,0.5160413
31037,2022-09-20,4,D3,5,D4,4,D3,True,3.3770008e-05,0.00070435053,0.0037227368,0.039837703,0.40795195,0.54774946
31037,2022-09-27,4,D3,5,D4,4,D3,True,3.0160098e-05,0.00067071,0.0034049368,0.03352062,0.40600517,0.5563684
31037,2022-10-04,4,D3,5,D4,4,D3,True,2.4243765e-05,0.00058975536,0.002941549,0.027847383,0.40396613,0.5646309
31037,2022-10-11,4,D3,5,D4,4,D3,True,2.3195336e-05,0.00058747025,0.0028283466,0.024884792,0.40189287,0.56978333
31037,2022-10-18,4,D3,5,D4,4,D3,True,2.8034327e-05,0.0006667484,0.0030741526,0.02560765,0.40319532,0.5674281
31037,2022-10-25,4,D3,5,D4,4,D3,True,2.5441392e-05,0.0006162403,0.002877833,0.02444489,0.40157485,0.57046074
31037,2022-11-01,4,D3,5,D4,4,D3,True,2.541392e-05,0.0006236994,0.0028319536,0.023323849,0.39964077,0.57355434
31037,2022-11-08,5,D4,5,D4,4,D3,False,1.9340261e-05,0.0005183779,0.0024266595,0.020806065,0.3957318,0.5804977
31037,2022-11-15,5,D4,5,D4,4,D3,False,1.6005908e-05,0.00046870208,0.0021854162,0.018285016,0.39119855,0.58784634
31037,2022-11-22,5,D4,5,D4,4,D3,False,1.387665e-05,0.00043081882,0.0020203155,0.016884152,0.38856044,0.5920904
31037,2022-11-29,5,D4,5,D4,4,D3,False,1.2836659e-05,0.00041156833,0.0019492165,0.016232988,0.3867432,0.5946502
31037,2022-12-06,5,D4,5,D4,4,D3,False,9.507857e-06,0.0003357893,0.0016628453,0.01464131,0.384079,0.59927154
31037,2022-12-13,5,D4,5,D4,5,D4,True,7.330916e-06,0.00028404087,0.001490257,0.013644129,0.3814985,0.6030757
31037,2022-12-20,5,D4,5,D4,5,D4,True,5.7602706e-06,0.00024404234,0.0013302137,0.012661565,0.37857747,0.60718083
31037,2022-12-27,5,D4,5,D4,5,D4,True,4.597549e-06,0.00020749662,0.001177229,0.011992303,0.37815183,0.60846645
31037,2023-01-03,5,D4,5,D4,5,D4,True,3.697817e-06,0.00017687076,0.0010435272,0.011392247,0.3781302,0.6092535
31037,2023-01-10,5,D4,5,D4,5,D4,True,3.1453533e-06,0.00015669869,0.00095048675,0.011035774,0.37847653,0.6093773
31037,2023-01-17,5,D4,5,D4,5,D4,True,2.7474273e-06,0.00014143855,0.00088995614,0.010758901,0.37721872,0.6109883
31037,2023-01-24,5,D4,5,D4,5,D4,True,2.6625682e-06,0.00013982768,0.000884962,0.010828194,0.37690073,0.61124367
31037,2023-01-31,5,D4,5,D4,5,D4,True,2.8535528e-06,0.00014819561,0.0009206885,0.011345006,0.37748298,0.61010027
31037,2023-02-07,5,D4,5,D4,5,D4,True,3.392241e-06,0.00016778642,0.0010118223,0.012571456,0.37863925,0.60760635
31037,2023-02-14,5,D4,5,D4,5,D4,True,4.0653244e-06,0.0001896415,0.0011342288,0.014216246,0.37982163,0.6046342
31037,2023-02-21,5,D4,5,D4,5,D4,True,4.854988e-06,0.0002149005,0.0012667617,0.01596694,0.38190818,0.6006383
31037,2023-02-28,5,D4,5,D4,4,D3,False,5.8312726e-06,0.00024367544,0.0014080572,0.018034296,0.3840224,0.59628576
31037,2023-03-07,5,D4,5,D4,4,D3,False,6.3741923e-06,0.00025932209,0.0014798793,0.019203192,0.3849992,0.5940521
31037,2023-03-14,5,D4,5,D4,4,D3,False,9.142217e-06,0.00032991092,0.0018273209,0.023708515,0.38776547,0.5863596
31037,2023-03-21,5,D4,5,D4,4,D3,False,1.09516595e-05,0.0003732161,0.002035418,0.02640341,0.38887343,0.5823035
31037,2023-03-28,5,D4,5,D4,4,D3,False,1.8816278e-05,0.00052824384,0.0027901928,0.035582356,0.3916634,0.56941706
31037,2023-04-04,5,D4,5,D4,4,D3,False,3.6701094e-05,0.0007911566,0.0039975964,0.052389447,0.38980436,0.55298066
31037,2023-04-11,5,D4,5,D4,4,D3,False,8.699522e-05,0.0013258668,0.0065764072,0.07826542,0.39235035,0.52139497
31037,2023-04-18,5,D4,5,D4,4,D3,False,0.00021523186,0.0022570912,0.011636936,0.13427815,0.39253515,0.45907748
31037,2023-04-25,5,D4,4,D3,4,D3,False,0.00039645462,0.0030476414,0.020209176,0.22509187,0.4367569,0.3144979
31037,2023-05-02,5,D4,4,D3,4,D3,False,0.0005758102,0.003907338,0.035236694,0.35158896,0.46296033,0.14573091
31037,2023-05-09,5,D4,4,D3,4,D3,False,0.0006277138,0.004977872,0.052328836,0.4273254,0.44817156,0.06656862
31037,2023-05-16,5,D4,3,D2,4,D3,False,0.0007253448,0.006040212,0.07053575,0.4939563,0.40287355,0.025868895
31037,2023-05-23,5,D4,3,D2,3,D2,False,0.0008058222,0.00661181,0.086909585,0.53925234,0.35611063,0.010309839
31037,2023-05-30,5,D4,3,D2,3,D2,False,0.0010404111,0.008001223,0.10522891,0.56231356,0.31770322,0.005712741
31037,2023-06-06,5,D4,3,D2,3,D2,False,0.0015680215,0.011610984,0.14463991,0.5691558,0.27000198,0.0030232684
31037,2023-06-13,5,D4,3,D2,3,D2,False,0.0021544842,0.014946495,0.1777768,0.5621994,0.24102081,0.0019020663
31037,2023-06-20,5,D4,3,D2,3,D2,False,0.0025549363,0.016875649,0.19399743,0.5557959,0.22933929,0.0014367709
31037,2023-06-27,5,D4,3,D2,3,D2,False,0.0028479178,0.017547116,0.19781077,0.55830055,0.22225246,0.0012411346
31037,2023-07-04,5,D4,3,D2,3,D2,False,0.0034034515,0.018228432,0.19772984,0.5648726,0.2146564,0.0011093011
31037,2023-07-11,4,D3,3,D2,3,D2,False,0.004289675,0.02018785,0.20025606,0.5622734,0.2119083,0.0010846778
31037,2023-07-18,4,D3,3,D2,3,D2,False,0.0049930583,0.021965232,0.20130078,0.55777025,0.21288769,0.0010830156
31037,2023-07-25,4,D3,3,D2,3,D2,False,0.005789044,0.023646683,0.201418,0.55423707,0.21372369,0.0011855105
31037,2023-08-01,4,D3,3,D2,3,D2,False,0.0064378045,0.024608247,0.19783881,0.55779016,0.21216978,0.0011551547
31037,2023-08-08,4,D3,3,D2,3,D2,False,0.007718975,0.026814522,0.19546269,0.5502472,0.2183621,0.0013945159
31037,2023-08-15,4,D3,3,D2,3,D2,False,0.008539172,0.029391794,0.20172103,0.54535717,0.21344495,0.00154583
31037,2023-08-22,4,D3,3,D2,3,D2,False,0.00934253,0.03214558,0.21155645,0.53627956,0.20883976,0.0018361076
31037,2023-08-29,4,D3,3,D2,3,D2,False,0.010119555,0.036581047,0.2237413,0.51501536,0.21198341,0.0025593552
31037,2023-09-05,4,D3,3,D2,3,D2,False,0.01134628,0.041321274,0.22550373,0.5006465,0.21750908,0.0036731057
31037,2023-09-12,4,D3,3,D2,3,D2,False,0.012969799,0.04693743,0.2187458,0.48556522,0.2295715,0.0062102983
31037,2023-09-19,4,D3,3,D2,3,D2,False,0.015472439,0.053679723,0.22067213,0.48064402,0.22158515,0.00794649
31037,2023-09-26,4,D3,3,D2,3,D2,False,0.018033264,0.061688777,0.21840666,0.46660542,0.2237661,0.011499776
31037,2023-10-03,4,D3,3,D2,3,D2,False,0.02248775,0.075997904,0.2166824,0.44693285,0.22069229,0.017206704
31037,2023-10-10,4,D3,3,D2,3,D2,False,0.026137216,0.08651215,0.22426544,0.44040272,0.20560795,0.017074464
31037,2023-10-17,4,D3,3,D2,3,D2,False,0.03170323,0.10225043,0.22910312,0.41960746,0.19522554,0.022110175
31037,2023-10-24,4,D3,3,D2,3,D2,False,0.03408792,0.12541477,0.24694459,0.40343663,0.16635844,0.023757659
31037,2023-10-31,4,D3,3,D2,3,D2,False,0.03561378,0.13754725,0.25527847,0.3929579,0.15253153,0.026071105
31037,2023-11-07,4,D3,3,D2,3,D2,False,0.035167262,0.14559764,0.25488603,0.3884417,0.14733662,0.028570682
31037,2023-11-14,4,D3,3,D2,3,D2,False,0.036769886,0.16175455,0.26806623,0.37393916,0.13161418,0.027855977
31037,2023-11-21,4,D3,3,D2,3,D2,False,0.037853956,0.18018341,0.2872891,0.3516088,0.11691757,0.026147118
31037,2023-11-28,4,D3,3,D2,3,D2,False,0.040012836,0.19670509,0.30758744,0.32302922,0.107935935,0.024729509
31037,2023-12-05,4,D3,2,D1,2,D1,False,0.043724727,0.20905645,0.31780225,0.3023978,0.10200573,0.025013011
31037,2023-12-12,4,D3,2,D1,2,D1,False,0.041416824,0.20982029,0.31650847,0.3081905,0.10155026,0.02251365
31037,2023-12-19,4,D3,2,D1,2,D1,False,0.04373435,0.22246265,0.31674972,0.30540046,0.092272215,0.019380525
31037,2023-12-26,4,D3,3,D2,2,D1,False,0.044426225,0.2192223,0.3098354,0.31430772,0.0927097,0.019498574
31037,2024-01-02,3,D2,3,D2,2,D1,False,0.048837576,0.21758515,0.30515307,0.31222755,0.09498766,0.021209037
31037,2024-01-09,2,D1,3,D2,3,D2,False,0.050106186,0.21308687,0.2986239,0.3188445,0.09743693,0.021901648
31037,2024-01-16,2,D1,3,D2,2,D1,True,0.057495084,0.20979343,0.29874218,0.30045992,0.10056231,0.03294703
31037,2024-01-23,2,D1,2,D1,2,D1,True,0.07246088,0.20435935,0.27779925,0.26848897,0.11206931,0.06482223
31037,2024-01-30,2,D1,2,D1,2,D1,True,0.088006176,0.20874144,0.2585467,0.24639139,0.11019827,0.08811606
31037,2024-02-06,2,D1,2,D1,2,D1,True,0.10233103,0.2216975,0.26424864,0.23364699,0.09559018,0.082485616
31037,2024-02-13,2,D1,2,D1,2,D1,True,0.10101161,0.22166033,0.26268986,0.23987833,0.09454817,0.080211625
31037,2024-02-20,2,D1,3,D2,2,D1,True,0.092223965,0.20845988,0.25238585,0.25806653,0.10377061,0.08509316
31037,2024-02-27,2,D1,3,D2,3,D2,False,0.07891392,0.20500726,0.25338176,0.27783975,0.10684747,0.0780098
31037,2024-03-05,2,D1,3,D2,3,D2,False,0.055742256,0.17267214,0.22474492,0.3152128,0.13996421,0.09166367
31037,2024-03-12,2,D1,3,D2,3,D2,False,0.06073355,0.18495429,0.24136731,0.31464303,0.12759472,0.070707165
31037,2024-03-19,2,D1,3,D2,3,D2,False,0.048668876,0.17429827,0.22933581,0.33602446,0.14075747,0.07091512
31037,2024-03-26,2,D1,3,D2,3,D2,False,0.048308656,0.18470249,0.24382,0.3394821,0.13113587,0.052550912
31037,2024-04-02,2,D1,3,D2,3,D2,False,0.053421136,0.20611335,0.2731721,0.32688,0.10947077,0.030942632
31037,2024-04-09,2,D1,3,D2,3,D2,False,0.05691978,0.21456419,0.29469994,0.32601514,0.09201786,0.015783088
31037,2024-04-16,2,D1,3,D2,3,D2,False,0.050970465,0.21159837,0.31113234,0.33849102,0.078825004,0.008982776
31037,2024-04-23,2,D1,3,D2,3,D2,False,0.046535354,0.1989911,0.31999984,0.35041785,0.07757015,0.0064856904
31037,2024-04-30,2,D1,3,D2,3,D2,False,0.03963501,0.17755204,0.32392594,0.3681331,0.08528761,0.0054662265
31037,2024-05-07,1,D0,3,D2,3,D2,False,0.03001104,0.14691585,0.32630926,0.39232415,0.09941824,0.0050214585
31037,2024-05-14,1,D0,3,D2,3,D2,False,0.025522292,0.13321394,0.3390897,0.40010026,0.098436534,0.0036371807
31037,2024-05-21,0,None,3,D2,3,D2,False,0.017991355,0.101899534,0.33816394,0.42610088,0.11332142,0.0025228492
31037,2024-05-28,0,None,3,D2,3,D2,False,0.011426838,0.06905665,0.31548685,0.4689773,0.13364427,0.0014081977
31037,2024-06-04,0,None,3,D2,3,D2,False,0.0092414,0.057875928,0.30462041,0.49451885,0.13277826,0.0009652186
31037,2024-06-11,0,None,3,D2,3,D2,False,0.008741962,0.05508985,0.30053687,0.5035277,0.13126683,0.00083679083
31037,2024-06-18,0,None,3,D2,3,D2,False,0.007523699,0.04441448,0.2777212,0.52596295,0.14364095,0.0007367223
31037,2024-06-25,0,None,3,D2,3,D2,False,0.0068711247,0.03862586,0.26091743,0.53987867,0.15299043,0.0007165407
31037,2024-07-02,0,None,3,D2,3,D2,False,0.0068396027,0.034336172,0.24627568,0.5506079,0.16119897,0.0007416482
31037,2024-07-09,0,None,3,D2,3,D2,False,0.0068675866,0.03481721,0.24543385,0.55720186,0.1549857,0.0006937697
31037,2024-07-16,0,None,3,D2,3,D2,False,0.007690534,0.035736904,0.24753095,0.55739015,0.15094478,0.0007066525
31037,2024-07-23,0,None,3,D2,3,D2,False,0.008753419,0.039043304,0.24643677,0.54800177,0.15690233,0.000862397
31037,2024-07-30,0,None,3,D2,3,D2,False,0.008373937,0.038396597,0.23865868,0.55231315,0.16136388,0.00089382014
31037,2024-08-06,0,None,3,D2,3,D2,False,0.009258695,0.04001866,0.23535003,0.55380553,0.16046642,0.001100633
31037,2024-08-13,0,None,3,D2,3,D2,False,0.012275007,0.04594826,0.2366861,0.5426157,0.16090786,0.0015671008
31037,2024-08-20,0,None,3,D2,3,D2,False,0.016647825,0.054819945,0.23604563,0.5257958,0.16427656,0.0024142668
31037,2024-08-27,0,None,3,D2,3,D2,False,0.022667345,0.06539389,0.2367325,0.5055215,0.16609816,0.0035866534
31037,2024-09-03,0,None,3,D2,3,D2,False,0.026698256,0.07606066,0.23981997,0.48752195,0.16511182,0.0047872956
31037,2024-09-10,1,D0,3,D2,3,D2,False,0.031041937,0.086994484,0.24171159,0.46579942,0.16738702,0.0070655467
31037,2024-09-17,1,D0,3,D2,3,D2,False,0.030982362,0.08884234,0.23274273,0.4519033,0.18440503,0.011124223
31037,2024-09-24,1,D0,3,D2,3,D2,False,0.030591207,0.08702688,0.20965359,0.42213374,0.22454292,0.026051637
31037,2024-10-01,2,D1,3,D2,4,D3,False,0.013172041,0.05775421,0.14475608,0.35141814,0.33295912,0.09994037
31037,2024-10-08,2,D1,4,D3,4,D3,False,0.0026640776,0.018348068,0.059468433,0.23364873,0.46531197,0.2205587
31037,2024-10-15,3,D2,4,D3,4,D3,False,0.0010317595,0.009406553,0.030887002,0.1379161,0.46802017,0.3527384
31037,2024-10-22,3,D2,5,D4,4,D3,False,0.0003070417,0.0035594504,0.013341041,0.0743857,0.4393809,0.46902597
31037,2024-10-29,3,D2,5,D4,4,D3,False,0.00031266463,0.0035963962,0.012517158,0.07326338,0.41021323,0.5000972
31037,2024-11-05,3,D2,5,D4,4,D3,False,0.00046764695,0.0046924786,0.0145485345,0.07451383,0.3959588,0.5098187
31037,2024-11-12,3,D2,5,D4,4,D3,False,0.00063042797,0.005697352,0.01699499,0.078658484,0.39174706,0.50627166
31037,2024-11-19,3,D2,5,D4,4,D3,False,0.00043631715,0.004495393,0.014308428,0.06665297,0.39053547,0.52357143
31037,2024-11-26,2,D1,5,D4,4,D3,False,0.0003489056,0.0038922427,0.012696857,0.057534095,0.38532537,0.54020256
31037,2024-12-03,2,D1,5,D4,4,D3,False,0.00029758707,0.0035622725,0.011806921,0.051471874,0.38207328,0.55078804
31037,2024-12-10,2,D1,5,D4,4,D3,False,0.000268878,0.0033912954,0.011327719,0.046784613,0.37920856,0.5590189
31037,2024-12-17,2,D1,5,D4,4,D3,False,0.00022428873,0.0030338396,0.010238993,0.044421967,0.37831575,0.5637651
31037,2024-12-24,2,D1,5,D4,4,D3,False,0.00022825187,0.0031716365,0.010304863,0.045919504,0.3783895,0.5619863
31037,2024-12-31,2,D1,5,D4,4,D3,False,0.00019462152,0.0028854837,0.009498877,0.04267273,0.37172168,0.57302666
31037,2025-01-07,2,D1,5,D4,4,D3,False,0.00017268935,0.0027036704,0.00886839,0.044065624,0.37314552,0.5710441
31037,2025-01-14,2,D1,5,D4,4,D3,False,0.00016243651,0.0027016038,0.008774104,0.046319682,0.37636214,0.56568
31037,2025-01-21,2,D1,5,D4,4,D3,False,0.000218914,0.0033858034,0.010565002,0.053493746,0.3817218,0.55061466
31037,2025-01-28,2,D1,5,D4,4,D3,False,0.0003894416,0.005258041,0.015939372,0.07264548,0.38943523,0.5163324
31037,2025-02-04,2,D1,5,D4,4,D3,False,0.00052863226,0.006670103,0.019943038,0.08517952,0.3913598,0.49631888
31037,2025-02-11,2,D1,5,D4,4,D3,False,0.00070888054,0.008771614,0.024901114,0.0987266,0.3923816,0.47451022
31037,2025-02-18,2,D1,5,D4,4,D3,False,0.000895821,0.010979167,0.029129554,0.10437035,0.3876799,0.4669452
31037,2025-02-25,2,D1,5,D4,4,D3,False,0.0011193282,0.01263193,0.031993594,0.11377754,0.38139933,0.45907822
31037,2025-03-04,2,D1,5,D4,4,D3,False,0.0014905236,0.015287481,0.037511565,0.13044661,0.37240216,0.44286168
31037,2025-03-11,2,D1,5,D4,4,D3,False,0.0022468432,0.018839505,0.045052532,0.15740314,0.358836,0.41762194
31037,2025-03-18,2,D1,5,D4,4,D3,False,0.0034571437,0.024246253,0.058398467,0.1967604,0.34252867,0.37460902
31037,2025-03-25,1,D0,4,D3,4,D3,False,0.0055092988,0.033896778,0.07780911,0.2488963,0.31951237,0.31437615
31037,2025-04-01,1,D0,3,D2,4,D3,False,0.008040631,0.042842347,0.09522679,0.29576427,0.2901109,0.26801503
31037,2025-04-08,1,D0,3,D2,4,D3,False,0.0119560845,0.050705682,0.107262045,0.3173547,0.26854265,0.24417882
31037,2025-04-15,1,D0,3,D2,3,D2,False,0.014922305,0.05603935,0.12006205,0.33877787,0.2640954,0.20610309
31037,2025-04-22,1,D0,3,D2,3,D2,False,0.012603797,0.05470245,0.14374512,0.40354764,0.26591665,0.119484335
31037,2025-04-29,1,D0,3,D2,3,D2,False,0.007842648,0.040120233,0.14977328,0.46716222,0.28184658,0.053255025
31037,2025-05-06,1,D0,3,D2,3,D2,False,0.0057649575,0.03276987,0.14691307,0.49693248,0.2895266,0.028092926
31037,2025-05-13,2,D1,3,D2,3,D2,False,0.0046021133,0.02806047,0.16418162,0.52751064,0.26431283,0.011332292
31037,2025-05-20,1,D0,3,D2,3,D2,False,0.0033123118,0.02065205,0.16076748,0.54525393,0.2631983,0.0068159304
31037,2025-05-27,1,D0,3,D2,3,D2,False,0.0025235247,0.016633652,0.15445517,0.5666864,0.25555426,0.0041470197
31037,2025-06-03,1,D0,3,D2,3,D2,False,0.0029739412,0.018230844,0.17518418,0.5713987,0.22948012,0.0027321938
31037,2025-06-10,1,D0,3,D2,3,D2,False,0.0031260543,0.019136675,0.19862825,0.5659118,0.21153915,0.0016580485
31037,2025-06-17,1,D0,3,D2,3,D2,False,0.0027206922,0.017500343,0.2035922,0.5660992,0.20890306,0.0011844184
31037,2025-06-24,1,D0,3,D2,3,D2,False,0.0027774281,0.016645055,0.20014328,0.56766325,0.21172103,0.0010499653
31037,2025-07-01,1,D0,3,D2,3,D2,False,0.0030058932,0.01704627,0.19863065,0.56586725,0.2144073,0.0010427228
31037,2025-07-08,0,None,3,D2,3,D2,False,0.0034325046,0.018528229,0.20223898,0.568432,0.20641539,0.0009529021
31037,2025-07-15,0,None,3,D2,3,D2,False,0.003942553,0.019613042,0.20035297,0.5710596,0.20408507,0.0009467569
31037,2025-07-22,0,None,3,D2,3,D2,False,0.0048410166,0.02183005,0.20314369,0.56711525,0.20208764,0.0009823029
31037,2025-07-29,0,None,3,D2,3,D2,False,0.0058854143,0.024213856,0.20486426,0.56078225,0.20321627,0.0010379277
31037,2025-08-05,0,None,3,D2,3,D2,False,0.0067621334,0.02566534,0.20062588,0.5617517,0.20412749,0.0010674488
31037,2025-08-12,0,None,3,D2,3,D2,False,0.0078098206,0.027907124,0.1968623,0.56661576,0.19968082,0.0011241285
31037,2025-08-19,0,None,3,D2,3,D2,False,0.008952574,0.030818991,0.19779806,0.5670428,0.19423446,0.0011530407
31037,2025-08-26,0,None,3,D2,3,D2,False,0.011763011,0.035720702,0.20159563,0.55603147,0.19338505,0.0015040393
31037,2025-09-02,0,None,3,D2,3,D2,False,0.01513132,0.04341273,0.21218422,0.53527373,0.1919427,0.0020553402
31037,2025-09-09,0,None,3,D2,3,D2,False,0.018817505,0.050874665,0.21552125,0.525221,0.18684457,0.0027210363
31037,2025-09-16,0,None,3,D2,3,D2,False,0.02427518,0.06154151,0.21940066,0.51769096,0.17369506,0.003396719
31037,2025-09-23,0,None,3,D2,3,D2,False,0.03467835,0.08334093,0.23242162,0.49643078,0.14908797,0.0040404284
31037,2025-09-30,0,None,3,D2,3,D2,False,0.048924554,0.107243724,0.24549317,0.46682215,0.12676884,0.0047475793
31037,2025-10-07,0,None,3,D2,3,D2,False,0.06393068,0.14001918,0.26067513,0.4295591,0.10032073,0.0054951264
31037,2025-10-14,0,None,3,D2,3,D2,False,0.06579199,0.1542042,0.278516,0.41192514,0.084326625,0.0052360813
31037,2025-10-21,0,None,3,D2,3,D2,False,0.07283279,0.17794585,0.29240203,0.3853744,0.06649346,0.0049514603
31037,2025-10-28,0,None,3,D2,3,D2,False,0.06157126,0.17110616,0.29915437,0.39295635,0.07069351,0.004518367
31037,2025-11-04,0,None,3,D2,3,D2,False,0.052141774,0.17026123,0.29906586,0.39951968,0.07485011,0.004161249
31037,2025-11-11,1,D0,3,D2,3,D2,False,0.04933668,0.16741002,0.29960066,0.4001077,0.079294465,0.0042504715
31037,2025-11-18,1,D0,3,D2,3,D2,False,0.053991742,0.18004248,0.3018612,0.38679025,0.07326467,0.0040497133
31037,2025-11-25,1,D0,3,D2,3,D2,False,0.051573973,0.1944137,0.3010073,0.38024765,0.069157615,0.0035997515
31037,2025-12-02,1,D0,3,D2,3,D2,False,0.056457948,0.21155673,0.29936603,0.36380994,0.06510713,0.0037022806
31037,2025-12-09,1,D0,3,D2,3,D2,False,0.057199985,0.21774235,0.29837495,0.35715172,0.06567311,0.0038579318
31037,2025-12-16,1,D0,3,D2,3,D2,False,0.053494323,0.2117089,0.30086777,0.35749105,0.07201464,0.0044233506
31037,2025-12-23,1,D0,3,D2,3,D2,False,0.04647098,0.20029128,0.29912233,0.3712412,0.078628734,0.0042454693
31037,2025-12-30,1,D0,3,D2,3,D2,False,0.041754603,0.20190388,0.30217063,0.3730294,0.07723943,0.003901955
31039,2022-01-04,0,None,3,D2,3,D2,False,0.036302052,0.21801366,0.32123235,0.34160045,0.073741406,0.009110046
31039,2022-01-11,0,None,3,D2,2,D1,False,0.036437016,0.22503819,0.32646465,0.33281904,0.0711271,0.008114002
31039,2022-01-18,0,None,2,D1,2,D1,False,0.034841992,0.23154451,0.33286214,0.32638395,0.067330025,0.00703733
31039,2022-01-25,1,D0,2,D1,2,D1,False,0.029958107,0.23900431,0.3396636,0.3234395,0.06188536,0.006049103
31039,2022-02-01,1,D0,2,D1,2,D1,False,0.027275745,0.2379475,0.34140363,0.32620466,0.06138645,0.005781995
31039,2022-02-08,2,D1,2,D1,2,D1,True,0.026315786,0.24408579,0.34148398,0.32554927,0.056940094,0.0056250524
31039,2022-02-15,2,D1,3,D2,2,D1,True,0.02555614,0.24328953,0.33369464,0.33874488,0.05312803,0.005586703
31039,2022-02-22,2,D1,2,D1,2,D1,True,0.026325943,0.25421932,0.33746386,0.3275759,0.048700374,0.0057145185
31039,2022-03-01,2,D1,2,D1,2,D1,True,0.027112287,0.25785482,0.33736643,0.3254458,0.047050368,0.0051703523
31039,2022-03-08,2,D1,2,D1,2,D1,True,0.027222857,0.24144988,0.34204113,0.33130965,0.052946467,0.0050300406
31039,2022-03-15,3,D2,3,D2,2,D1,False,0.026615188,0.22420068,0.33846706,0.35000038,0.055741746,0.00497493
31039,2022-03-22,3,D2,3,D2,3,D2,True,0.024783406,0.20429432,0.34079942,0.3677534,0.057392217,0.0049771667
31039,2022-03-29,3,D2,3,D2,3,D2,True,0.024277546,0.19894081,0.34517553,0.3703651,0.056626964,0.004614051
31039,2022-04-05,3,D2,3,D2,3,D2,True,0.020537034,0.1752677,0.3578028,0.38260972,0.059451733,0.0043310523
31039,2022-04-12,3,D2,3,D2,3,D2,True,0.018994182,0.16120327,0.36282605,0.39077732,0.06142909,0.004770111
31039,2022-04-19,3,D2,3,D2,3,D2,True,0.016984299,0.14210768,0.36458322,0.40467778,0.0670172,0.0046297573
31039,2022-04-26,3,D2,3,D2,3,D2,True,0.014471021,0.119292125,0.3595816,0.42730084,0.07549547,0.0038589532
31039,2022-05-03,3,D2,3,D2,3,D2,True,0.013048705,0.104509555,0.3574923,0.4409843,0.08079058,0.003174501
31039,2022-05-10,3,D2,3,D2,3,D2,True,0.013371539,0.08791202,0.3198948,0.46257612,0.11168964,0.0045558675
31039,2022-05-17,3,D2,3,D2,3,D2,True,0.0061784694,0.04077101,0.2395475,0.55328935,0.1568659,0.003347747
31039,2022-05-24,3,D2,3,D2,3,D2,True,0.004455267,0.028142793,0.21568449,0.5821944,0.16737512,0.002147926
31039,2022-05-31,3,D2,3,D2,3,D2,True,0.004512008,0.028299848,0.22302775,0.58433,0.15823448,0.0015959237
31039,2022-06-07,3,D2,3,D2,3,D2,True,0.0042675156,0.027712839,0.23490208,0.58033174,0.15164147,0.0011443795
31039,2022-06-14,3,D2,3,D2,3,D2,True,0.0037416292,0.026665857,0.24182074,0.5759911,0.15093282,0.0008478103
31039,2022-06-21,3,D2,3,D2,3,D2,True,0.0033345486,0.023118986,0.21367157,0.5843648,0.17443308,0.0010770609
31039,2022-06-28,3,D2,3,D2,3,D2,True,0.0034449107,0.023259751,0.20705442,0.5845074,0.18049887,0.0012347167
31039,2022-07-05,3,D2,3,D2,3,D2,True,0.0035425716,0.022571018,0.2040061,0.58275187,0.18581514,0.0013133171
31039,2022-07-12,3,D2,3,D2,3,D2,True,0.0030531697,0.019939814,0.17901954,0.5859394,0.21008877,0.001959294
31039,2022-07-19,3,D2,3,D2,3,D2,True,0.0025242076,0.016950313,0.1523078,0.5798861,0.24503942,0.003292271
31039,2022-07-26,3,D2,3,D2,3,D2,True,0.0023792356,0.015347419,0.13022327,0.56476,0.28149748,0.005792531
31039,2022-08-02,3,D2,3,D2,3,D2,True,0.0018353817,0.012088586,0.1026497,0.5356986,0.33570126,0.012026459
31039,2022-08-09,3,D2,3,D2,4,D3,False,0.0011932984,0.008785892,0.07282674,0.46627784,0.42164862,0.02926758
31039,2022-08-16,3,D2,4,D3,4,D3,False,0.0006096512,0.0053471485,0.045048427,0.37572756,0.5077015,0.06556579
31039,2022-08-23,3,D2,4,D3,4,D3,False,0.0003356066,0.003191072,0.023907345,0.23770273,0.54180926,0.19305395
31039,2022-08-30,4,D3,4,D3,4,D3,True,0.00015614461,0.0017428211,0.011420804,0.13055919,0.48493835,0.37118274
31039,2022-09-06,4,D3,5,D4,4,D3,True,8.551526e-05,0.0012121325,0.0069124657,0.07802436,0.4366116,0.47715396
31039,2022-09-13,4,D3,5,D4,4,D3,True,5.518391e-05,0.0009097947,0.005103815,0.058956303,0.41893363,0.5160413
31039,2022-09-20,4,D3,5,D4,4,D3,True,3.3770008e-05,0.00070435053,0.0037227368,0.039837703,0.40795195,0.54774946
31039,2022-09-27,4,D3,5,D4,4,D3,True,3.0160098e-05,0.00067071,0.0034049368,0.03352062,0.40600517,0.5563684
31039,2022-10-04,4,D3,5,D4,4,D3,True,2.4243765e-05,0.00058975536,0.002941549,0.027847383,0.40396613,0.5646309
31039,2022-10-11,4,D3,5,D4,4,D3,True,2.3195336e-05,0.00058747025,0.0028283466,0.024884792,0.40189287,0.56978333
31039,2022-10-18,4,D3,5,D4,4,D3,True,2.8034327e-05,0.0006667484,0.0030741526,0.02560765,0.40319532,0.5674281
31039,2022-10-25,4,D3,5,D4,4,D3,True,2.5441392e-05,0.0006162403,0.002877833,0.02444489,0.40157485,0.57046074
31039,2022-11-01,4,D3,5,D4,4,D3,True,2.541392e-05,0.0006236994,0.0028319536,0.023323849,0.39964077,0.57355434
31039,2022-11-08,5,D4,5,D4,4,D3,False,1.9340265e-05,0.0005183778,0.0024266574,0.020806061,0.39573172,0.5804978
31039,2022-11-15,5,D4,5,D4,4,D3,False,1.6005926e-05,0.00046870217,0.0021854166,0.018285012,0.39119846,0.58784646
31039,2022-11-22,5,D4,5,D4,4,D3,False,1.387665e-05,0.00043081882,0.0020203155,0.016884152,0.38856044,0.5920904
31039,2022-11-29,5,D4,5,D4,4,D3,False,1.2836659e-05,0.00041156833,0.0019492165,0.016232988,0.3867432,0.5946502
31039,2022-12-06,5,D4,5,D4,4,D3,False,9.507857e-06,0.0003357893,0.0016628453,0.01464131,0.384079,0.59927154
31039,2022-12-13,5,D4,5,D4,5,D4,True,7.330916e-06,0.00028404087,0.001490257,0.013644129,0.3814985,0.6030757
31039,2022-12-20,5,D4,5,D4,5,D4,True,5.7602706e-06,0.00024404234,0.0013302137,0.012661565,0.37857747,0.60718083
31039,2022-12-27,5,D4,5,D4,5,D4,True,4.597549e-06,0.00020749662,0.001177229,0.011992303,0.37815183,0.60846645
31039,2023-01-03,5,D4,5,D4,5,D4,True,3.697817e-06,0.00017687076,0.0010435272,0.011392247,0.3781302,0.6092535
31039,2023-01-10,5,D4,5,D4,5,D4,True,3.1453533e-06,0.00015669869,0.00095048675,0.011035774,0.37847653,0.6093773
31039,2023-01-17,5,D4,5,D4,5,D4,True,2.7474273e-06,0.00014143855,0.00088995614,0.010758901,0.37721872,0.6109883
31039,2023-01-24,5,D4,5,D4,5,D4,True,2.6625682e-06,0.00013982768,0.000884962,0.010828194,0.37690073,0.61124367
31039,2023-01-31,5,D4,5,D4,5,D4,True,2.8535528e-06,0.00014819561,0.0009206885,0.011345006,0.37748298,0.61010027
31039,2023-02-07,5,D4,5,D4,5,D4,True,3.392241e-06,0.00016778642,0.0010118223,0.012571456,0.37863925,0.60760635
31039,2023-02-14,5,D4,5,D4,5,D4,True,4.0653244e-06,0.0001896415,0.0011342288,0.014216246,0.37982163,0.6046342
31039,2023-02-21,5,D4,5,D4,5,D4,True,4.854988e-06,0.0002149005,0.0012667617,0.015966937,0.38190818,0.6006383
31039,2023-02-28,5,D4,5,D4,4,D3,False,5.831263e-06,0.00024367528,0.0014080568,0.018034287,0.38402218,0.59628594
31039,2023-03-07,5,D4,5,D4,4,D3,False,6.3741923e-06,0.00025932209,0.0014798793,0.019203192,0.3849992,0.5940521
31039,2023-03-14,5,D4,5,D4,4,D3,False,9.142217e-06,0.00032991092,0.0018273209,0.023708515,0.38776547,0.5863596
31039,2023-03-21,5,D4,5,D4,4,D3,False,1.09516595e-05,0.0003732161,0.002035418,0.02640341,0.38887343,0.5823035
31039,2023-03-28,5,D4,5,D4,4,D3,False,1.8816278e-05,0.00052824384,0.0027901928,0.035582356,0.3916634,0.56941706
31039,2023-04-04,5,D4,5,D4,4,D3,False,3.6701094e-05,0.0007911566,0.0039975964,0.052389447,0.38980436,0.55298066
31039,2023-04-11,5,D4,5,D4,4,D3,False,8.699522e-05,0.0013258668,0.0065764072,0.07826542,0.39235035,0.52139497
31039,2023-04-18,5,D4,5,D4,4,D3,False,0.00021523186,0.0022570912,0.011636936,0.13427815,0.39253515,0.45907748
31039,2023-04-25,5,D4,4,D3,4,D3,False,0.00039645462,0.0030476414,0.020209176,0.22509187,0.4367569,0.3144979
31039,2023-05-02,5,D4,4,D3,4,D3,False,0.0005758102,0.003907338,0.035236694,0.35158896,0.46296033,0.14573091
31039,2023-05-09,5,D4,4,D3,4,D3,False,0.0006277138,0.004977872,0.052328836,0.4273254,0.44817156,0.06656862
31039,2023-05-16,5,D4,3,D2,4,D3,False,0.0007253448,0.006040212,0.07053575,0.4939563,0.40287355,0.025868895
31039,2023-05-23,5,D4,3,D2,3,D2,False,0.0008058222,0.00661181,0.086909585,0.53925234,0.35611063,0.010309839
31039,2023-05-30,5,D4,3,D2,3,D2,False,0.0010404111,0.008001223,0.10522891,0.56231356,0.31770322,0.005712741
31039,2023-06-06,5,D4,3,D2,3,D2,False,0.0015680215,0.011610984,0.14463991,0.5691558,0.27000198,0.0030232684
31039,2023-06-13,5,D4,3,D2,3,D2,False,0.0021544842,0.014946495,0.1777768,0.5621994,0.24102081,0.0019020663
31039,2023-06-20,5,D4,3,D2,3,D2,False,0.002554935,0.016875645,0.19399743,0.5557959,0.22933933,0.0014367709
31039,2023-06-27,5,D4,3,D2,3,D2,False,0.0028479171,0.017547116,0.19781074,0.5583007,0.2222524,0.0012411337
31039,2023-07-04,5,D4,3,D2,3,D2,False,0.0034034515,0.018228432,0.19772984,0.5648726,0.2146564,0.0011093011
31039,2023-07-11,5,D4,3,D2,3,D2,False,0.004289675,0.02018785,0.20025606,0.5622734,0.2119083,0.0010846778
31039,2023-07-18,5,D4,3,D2,3,D2,False,0.0049930583,0.021965232,0.20130078,0.55777025,0.21288769,0.0010830156
31039,2023-07-25,5,D4,3,D2,3,D2,False,0.005789044,0.023646683,0.201418,0.55423707,0.21372369,0.0011855105
31039,2023-08-01,5,D4,3,D2,3,D2,False,0.0064378045,0.024608247,0.19783881,0.55779016,0.21216978,0.0011551547
31039,2023-08-08,4,D3,3,D2,3,D2,False,0.007718975,0.026814522,0.19546269,0.5502472,0.2183621,0.0013945159
31039,2023-08-15,4,D3,3,D2,3,D2,False,0.008539172,0.029391794,0.20172103,0.54535717,0.21344495,0.00154583
31039,2023-08-22,4,D3,3,D2,3,D2,False,0.00934253,0.03214558,0.21155645,0.53627956,0.20883976,0.0018361076
31039,2023-08-29,4,D3,3,D2,3,D2,False,0.010119555,0.036581047,0.2237413,0.51501536,0.21198341,0.0025593552
31039,2023-09-05,4,D3,3,D2,3,D2,False,0.01134628,0.041321274,0.22550373,0.5006465,0.21750908,0.0036731057
31039,2023-09-12,4,D3,3,D2,3,D2,False,0.012969799,0.04693743,0.2187458,0.48556522,0.2295715,0.0062102983
31039,2023-09-19,4,D3,3,D2,3,D2,False,0.015472439,0.053679723,0.22067213,0.48064402,0.22158515,0.00794649
31039,2023-09-26,4,D3,3,D2,3,D2,False,0.018033264,0.061688777,0.21840666,0.46660542,0.2237661,0.011499776
31039,2023-10-03,4,D3,3,D2,3,D2,False,0.022487756,0.07599791,0.21668239,0.44693294,0.22069234,0.017206708
31039,2023-10-10,4,D3,3,D2,3,D2,False,0.026137216,0.08651215,0.22426541,0.44040272,0.20560792,0.017074458
31039,2023-10-17,3,D2,3,D2,3,D2,True,0.03170323,0.10225043,0.22910312,0.41960746,0.19522554,0.022110175
31039,2023-10-24,3,D2,3,D2,3,D2,True,0.03408792,0.12541477,0.24694459,0.40343663,0.16635844,0.023757659
31039,2023-10-31,3,D2,3,D2,3,D2,True,0.03561378,0.13754725,0.25527847,0.3929579,0.15253153,0.026071105
31039,2023-11-07,3,D2,3,D2,3,D2,True,0.035167262,0.14559764,0.25488603,0.3884417,0.14733662,0.028570682
31039,2023-11-14,3,D2,3,D2,3,D2,True,0.036769886,0.16175455,0.26806623,0.37393916,0.13161418,0.027855977
31039,2023-11-21,3,D2,3,D2,3,D2,True,0.037853956,0.18018341,0.2872891,0.3516088,0.11691757,0.026147118
31039,2023-11-28,3,D2,3,D2,3,D2,True,0.040012836,0.19670509,0.30758744,0.32302922,0.107935935,0.024729509
31039,2023-12-05,3,D2,2,D1,2,D1,False,0.043724727,0.20905645,0.31780225,0.3023978,0.10200573,0.025013011
31039,2023-12-12,3,D2,2,D1,2,D1,False,0.041416824,0.20982029,0.31650847,0.3081905,0.10155026,0.02251365
31039,2023-12-19,3,D2,2,D1,2,D1,False,0.04373435,0.22246265,0.31674972,0.30540046,0.092272215,0.019380525
31039,2023-12-26,3,D2,3,D2,2,D1,False,0.044426225,0.2192223,0.3098354,0.31430772,0.0927097,0.019498574
31039,2024-01-02,3,D2,3,D2,2,D1,False,0.048837576,0.21758515,0.30515307,0.31222755,0.09498766,0.021209037
31039,2024-01-09,2,D1,3,D2,3,D2,False,0.050106186,0.21308687,0.2986239,0.3188445,0.09743693,0.021901648
31039,2024-01-16,2,D1,3,D2,2,D1,True,0.057495084,0.20979343,0.29874218,0.30045992,0.10056231,0.03294703
31039,2024-01-23,2,D1,2,D1,2,D1,True,0.07246088,0.20435935,0.27779925,0.26848897,0.11206931,0.06482223
31039,2024-01-30,2,D1,2,D1,2,D1,True,0.08800616,0.20874143,0.25854665,0.24639133,0.110198274,0.08811612
31039,2024-02-06,2,D1,2,D1,2,D1,True,0.10233103,0.22169751,0.26424855,0.23364699,0.095590234,0.082485706
31039,2024-02-13,2,D1,2,D1,2,D1,True,0.10101161,0.22166033,0.26268986,0.23987833,0.09454817,0.080211625
31039,2024-02-20,2,D1,3,D2,2,D1,True,0.092223965,0.20845988,0.25238585,0.25806653,0.10377061,0.08509316
31039,2024-02-27,2,D1,3,D2,3,D2,False,0.07891392,0.20500726,0.25338176,0.27783975,0.10684747,0.0780098
31039,2024-03-05,2,D1,3,D2,3,D2,False,0.055742256,0.17267214,0.22474492,0.3152128,0.13996421,0.09166367
31039,2024-03-12,2,D1,3,D2,3,D2,False,0.06073355,0.18495429,0.24136731,0.31464303,0.12759472,0.070707165
31039,2024-03-19,2,D1,3,D2,3,D2,False,0.048668876,0.17429827,0.22933581,0.33602446,0.14075747,0.07091512
31039,2024-03-26,1,D0,3,D2,3,D2,False,0.048308656,0.18470249,0.24382,0.3394821,0.13113587,0.052550912
31039,2024-04-02,1,D0,3,D2,3,D2,False,0.053421136,0.20611335,0.2731721,0.32688,0.10947077,0.030942632
31039,2024-04-09,1,D0,3,D2,3,D2,False,0.05691978,0.21456419,0.29469994,0.32601514,0.09201786,0.015783088
31039,2024-04-16,1,D0,3,D2,3,D2,False,0.050970465,0.21159837,0.31113234,0.33849102,0.078825004,0.008982776
31039,2024-04-23,1,D0,3,D2,3,D2,False,0.046535354,0.1989911,0.31999984,0.35041785,0.07757015,0.0064856904
31039,2024-04-30,1,D0,3,D2,3,D2,False,0.03963501,0.17755204,0.32392594,0.3681331,0.08528761,0.0054662265
31039,2024-05-07,0,None,3,D2,3,D2,False,0.03001104,0.14691585,0.32630926,0.39232415,0.09941824,0.0050214585
31039,2024-05-14,0,None,3,D2,3,D2,False,0.025522307,0.13321397,0.3390897,0.40010032,0.09843655,0.0036371814
31039,2024-05-21,0,None,3,D2,3,D2,False,0.017991362,0.10189956,0.33816394,0.42610085,0.113321446,0.0025228504
31039,2024-05-28,0,None,3,D2,3,D2,False,0.011426838,0.06905665,0.31548685,0.4689773,0.13364427,0.0014081977
31039,2024-06-04,0,None,3,D2,3,D2,False,0.0092414,0.057875928,0.30462041,0.49451885,0.13277826,0.0009652186
31039,2024-06-11,0,None,3,D2,3,D2,False,0.008741962,0.05508985,0.30053687,0.5035277,0.13126683,0.00083679083
31039,2024-06-18,0,None,3,D2,3,D2,False,0.007523699,0.04441448,0.2777212,0.52596295,0.14364095,0.0007367223
31039,2024-06-25,0,None,3,D2,3,D2,False,0.0068711247,0.03862586,0.26091743,0.53987867,0.15299043,0.0007165407
31039,2024-07-02,0,None,3,D2,3,D2,False,0.0068396027,0.034336172,0.24627568,0.5506079,0.16119897,0.0007416482
31039,2024-07-09,0,None,3,D2,3,D2,False,0.0068675866,0.03481721,0.24543385,0.55720186,0.1549857,0.0006937697
31039,2024-07-16,0,None,3,D2,3,D2,False,0.007690534,0.035736904,0.24753095,0.55739015,0.15094478,0.0007066525
31039,2024-07-23,0,None,3,D2,3,D2,False,0.008753419,0.039043304,0.24643677,0.54800177,0.15690233,0.000862397
31039,2024-07-30,0,None,3,D2,3,D2,False,0.008373937,0.038396597,0.23865868,0.55231315,0.16136388,0.00089382014
31039,2024-08-06,0,None,3,D2,3,D2,False,0.009258695,0.04001866,0.23535003,0.55380553,0.16046642,0.001100633
31039,2024-08-13,0,None,3,D2,3,D2,False,0.012275007,0.04594826,0.2366861,0.5426157,0.16090786,0.0015671008
31039,2024-08-20,1,D0,3,D2,3,D2,False,0.016647825,0.054819945,0.23604563,0.5257958,0.16427656,0.0024142668
31039,2024-08-27,1,D0,3,D2,3,D2,False,0.022667345,0.06539389,0.2367325,0.5055215,0.16609816,0.0035866534
31039,2024-09-03,1,D0,3,D2,3,D2,False,0.026698256,0.07606066,0.23981997,0.48752195,0.16511182,0.0047872956
31039,2024-09-10,1,D0,3,D2,3,D2,False,0.031041931,0.086994484,0.24171159,0.46579942,0.167387,0.0070655467
31039,2024-09-17,2,D1,3,D2,3,D2,False,0.030982368,0.08884234,0.23274273,0.4519033,0.18440503,0.011124218
31039,2024-09-24,2,D1,3,D2,3,D2,False,0.030591207,0.08702688,0.20965359,0.42213374,0.22454292,0.026051637
31039,2024-10-01,2,D1,3,D2,4,D3,False,0.013172041,0.05775421,0.14475608,0.35141814,0.33295912,0.09994037
31039,2024-10-08,3,D2,4,D3,4,D3,False,0.0026640776,0.018348068,0.059468433,0.23364873,0.46531197,0.2205587
31039,2024-10-15,3,D2,4,D3,4,D3,False,0.0010317595,0.009406553,0.030887002,0.1379161,0.46802017,0.3527384
31039,2024-10-22,3,D2,5,D4,4,D3,False,0.0003070417,0.0035594504,0.013341041,0.0743857,0.4393809,0.46902597
31039,2024-10-29,3,D2,5,D4,4,D3,False,0.00031266463,0.0035963962,0.012517158,0.07326338,0.41021323,0.5000972
31039,2024-11-05,3,D2,5,D4,4,D3,False,0.00046764695,0.0046924786,0.0145485345,0.07451383,0.3959588,0.5098187
31039,2024-11-12,3,D2,5,D4,4,D3,False,0.00063042797,0.005697352,0.01699499,0.078658484,0.39174706,0.50627166
31039,2024-11-19,2,D1,5,D4,4,D3,False,0.00043631715,0.004495393,0.014308428,0.06665297,0.39053547,0.52357143
31039,2024-11-26,2,D1,5,D4,4,D3,False,0.0003489056,0.0038922427,0.012696857,0.057534095,0.38532537,0.54020256
31039,2024-12-03,2,D1,5,D4,4,D3,False,0.00029758707,0.0035622725,0.011806921,0.051471874,0.38207328,0.55078804
31039,2024-12-10,2,D1,5,D4,4,D3,False,0.000268878,0.0033912954,0.011327719,0.046784613,0.37920856,0.5590189
31039,2024-12-17,2,D1,5,D4,4,D3,False,0.00022428873,0.0030338396,0.010238993,0.044421967,0.37831575,0.5637651
31039,2024-12-24,2,D1,5,D4,4,D3,False,0.000228252,0.003171637,0.0103048645,0.0459195,0.3783896,0.56198615
31039,2024-12-31,2,D1,5,D4,4,D3,False,0.00019462174,0.0028854841,0.009498878,0.04267274,0.3717217,0.5730265
31039,2025-01-07,2,D1,5,D4,4,D3,False,0.00017268935,0.0027036704,0.00886839,0.044065624,0.37314552,0.5710441
31039,2025-01-14,2,D1,5,D4,4,D3,False,0.00016243651,0.0027016038,0.008774104,0.046319682,0.37636214,0.56568
31039,2025-01-21,2,D1,5,D4,4,D3,False,0.000218914,0.0033858034,0.010565002,0.053493746,0.3817218,0.55061466
31039,2025-01-28,2,D1,5,D4,4,D3,False,0.0003894416,0.005258041,0.015939372,0.07264548,0.38943523,0.5163324
31039,2025-02-04,2,D1,5,D4,4,D3,False,0.00052863226,0.006670103,0.019943038,0.08517952,0.3913598,0.49631888
31039,2025-02-11,2,D1,5,D4,4,D3,False,0.00070888054,0.008771614,0.024901114,0.0987266,0.3923816,0.47451022
31039,2025-02-18,2,D1,5,D4,4,D3,False,0.000895821,0.010979167,0.029129554,0.10437035,0.3876799,0.4669452
31039,2025-02-25,2,D1,5,D4,4,D3,False,0.0011193282,0.01263193,0.031993594,0.11377754,0.38139933,0.45907822
31039,2025-03-04,2,D1,5,D4,4,D3,False,0.0014905236,0.015287481,0.037511565,0.13044661,0.37240216,0.44286168
31039,2025-03-11,2,D1,5,D4,4,D3,False,0.0022468432,0.018839505,0.045052532,0.15740314,0.358836,0.41762194
31039,2025-03-18,2,D1,5,D4,4,D3,False,0.0034571437,0.024246253,0.058398467,0.1967604,0.34252867,0.37460902
31039,2025-03-25,1,D0,4,D3,4,D3,False,0.0055092988,0.033896778,0.07780911,0.2488963,0.31951237,0.31437615
31039,2025-04-01,1,D0,3,D2,4,D3,False,0.008040631,0.042842347,0.09522679,0.29576427,0.2901109,0.26801503
31039,2025-04-08,1,D0,3,D2,4,D3,False,0.0119560845,0.050705682,0.107262045,0.3173547,0.26854265,0.24417882
31039,2025-04-15,1,D0,3,D2,3,D2,False,0.014922305,0.05603935,0.12006205,0.33877787,0.2640954,0.20610309
31039,2025-04-22,1,D0,3,D2,3,D2,False,0.012603797,0.054702442,0.14374512,0.40354764,0.26591665,0.11948434
31039,2025-04-29,1,D0,3,D2,3,D2,False,0.007842644,0.040120225,0.14977324,0.46716222,0.28184664,0.053255048
31039,2025-05-06,1,D0,3,D2,3,D2,False,0.0057649575,0.03276987,0.14691307,0.49693248,0.2895266,0.028092926
31039,2025-05-13,2,D1,3,D2,3,D2,False,0.0046021133,0.02806047,0.16418162,0.52751064,0.26431283,0.011332292
31039,2025-05-20,1,D0,3,D2,3,D2,False,0.0033123118,0.02065205,0.16076748,0.54525393,0.2631983,0.0068159304
31039,2025-05-27,1,D0,3,D2,3,D2,False,0.0025235247,0.016633652,0.15445517,0.5666864,0.25555426,0.0041470197
31039,2025-06-03,1,D0,3,D2,3,D2,False,0.0029739412,0.018230844,0.17518418,0.5713987,0.22948012,0.0027321938
31039,2025-06-10,1,D0,3,D2,3,D2,False,0.0031260543,0.019136675,0.19862825,0.5659118,0.21153915,0.0016580485
31039,2025-06-17,1,D0,3,D2,3,D2,False,0.0027206922,0.017500343,0.2035922,0.5660992,0.20890306,0.0011844184
31039,2025-06-24,1,D0,3,D2,3,D2,False,0.0027774281,0.016645055,0.20014328,0.56766325,0.21172103,0.0010499653
31039,2025-07-01,1,D0,3,D2,3,D2,False,0.0030058932,0.01704627,0.19863065,0.56586725,0.2144073,0.0010427228
31039,2025-07-08,0,None,3,D2,3,D2,False,0.0034325046,0.018528229,0.20223898,0.568432,0.20641539,0.0009529021
31039,2025-07-15,0,None,3,D2,3,D2,False,0.003942553,0.019613042,0.20035297,0.5710596,0.20408507,0.0009467569
31039,2025-07-22,0,None,3,D2,3,D2,False,0.0048410166,0.02183005,0.20314369,0.56711525,0.20208764,0.0009823029
31039,2025-07-29,0,None,3,D2,3,D2,False,0.0058854143,0.024213856,0.20486426,0.56078225,0.20321627,0.0010379277
31039,2025-08-05,0,None,3,D2,3,D2,False,0.006762132,0.025665341,0.20062596,0.5617516,0.20412755,0.0010674491
31039,2025-08-12,0,None,3,D2,3,D2,False,0.0078098173,0.027907128,0.19686227,0.5666158,0.1996808,0.001124129
31039,2025-08-19,0,None,3,D2,3,D2,False,0.008952577,0.030818993,0.1977981,0.56704277,0.1942345,0.0011530416
31039,2025-08-26,0,None,3,D2,3,D2,False,0.011763014,0.03572071,0.20159562,0.5560316,0.19338508,0.0015040402
31039,2025-09-02,0,None,3,D2,3,D2,False,0.015131325,0.043412738,0.21218419,0.5352737,0.1919427,0.00205534
31039,2025-09-09,0,None,3,D2,3,D2,False,0.018817505,0.050874665,0.21552125,0.525221,0.18684457,0.0027210363
31039,2025-09-16,0,None,3,D2,3,D2,False,0.024275176,0.061541516,0.21940067,0.5176909,0.17369506,0.0033967188
31039,2025-09-23,0,None,3,D2,3,D2,False,0.034678366,0.083340935,0.23242164,0.49643072,0.14908795,0.0040404256
31039,2025-09-30,0,None,3,D2,3,D2,False,0.04892457,0.10724373,0.24549316,0.46682218,0.12676883,0.0047475817
31039,2025-10-07,0,None,3,D2,3,D2,False,0.06393068,0.14001918,0.26067513,0.4295591,0.10032073,0.005495129
31039,2025-10-14,0,None,3,D2,3,D2,False,0.06579199,0.15420422,0.278516,0.41192508,0.08432662,0.0052360827
31039,2025-10-21,0,None,3,D2,3,D2,False,0.072832786,0.17794585,0.29240197,0.3853744,0.06649345,0.004951458
31039,2025-10-28,0,None,3,D2,3,D2,False,0.06157125,0.17110614,0.29915443,0.39295635,0.07069348,0.0045183646
31039,2025-11-04,0,None,3,D2,3,D2,False,0.052141786,0.17026126,0.2990659,0.39951968,0.074850105,0.0041612466
31039,2025-11-11,0,None,3,D2,3,D2,False,0.04933667,0.16741,0.29960063,0.40010774,0.07929445,0.004250472
31039,2025-11-18,0,None,3,D2,3,D2,False,0.05399174,0.18004249,0.30186117,0.3867902,0.07326466,0.004049715
31039,2025-11-25,1,D0,3,D2,3,D2,False,0.051573966,0.19441369,0.3010073,0.3802477,0.06915762,0.003599749
31039,2025-12-02,1,D0,3,D2,3,D2,False,0.05645796,0.21155675,0.29936603,0.3638099,0.065107115,0.0037022785
31039,2025-12-09,1,D0,3,D2,3,D2,False,0.057199996,0.21774237,0.29837492,0.35715166,0.0656731,0.0038579311
31039,2025-12-16,1,D0,3,D2,3,D2,False,0.05349433,0.2117089,0.3008678,0.35749102,0.072014615,0.00442335
31039,2025-12-23,1,D0,3,D2,3,D2,False,0.046471,0.20029128,0.2991223,0.37124118,0.07862875,0.004245471
31039,2025-12-30,1,D0,3,D2,3,D2,False,0.041754596,0.20190386,0.3021707,0.3730295,0.07723943,0.003901952
