FIPS,target_week,actual_label,actual_class,pred_label_raw,pred_class_raw,pred_label,pred_class,is_correct,prob_None,prob_D0,prob_D1,prob_D2,prob_D3,prob_D4
20001,2022-01-04,0,None,0,None,0,None,True,0.6805227,0.3194005,7.323724e-05,1.255072e-06,1.2009411e-06,1.089519e-06
20001,2022-01-11,0,None,0,None,0,None,True,0.6642847,0.33563364,7.555402e-05,1.1864638e-06,1.6374278e-06,3.2318674e-06
20001,2022-01-18,0,None,0,None,0,None,True,0.6580667,0.34186754,6.0271374e-05,6.70481e-07,1.3451329e-06,3.5466983e-06
20001,2022-01-25,0,None,0,None,0,None,True,0.65682834,0.34311,5.6610796e-05,4.1032337e-07,1.0980109e-06,3.5530593e-06
20001,2022-02-01,0,None,0,None,0,None,True,0.6439851,0.35595044,5.9892314e-05,3.9920633e-07,9.555251e-07,3.2880357e-06
20001,2022-02-08,0,None,1,D0,1,D0,False,0.35238245,0.63616097,0.011440941,1.1006721e-05,4.995684e-07,4.1617263e-06
20001,2022-02-15,0,None,0,None,0,None,True,0.6503906,0.3495362,6.9125184e-05,3.4403274e-07,8.2882855e-07,2.860201e-06
20001,2022-02-22,0,None,0,None,0,None,True,0.6520203,0.34792903,4.78808e-05,2.5233643e-07,5.9748515e-07,1.9331658e-06
20001,2022-03-01,1,D0,0,None,0,None,False,0.65114695,0.34879488,5.4780063e-05,2.9320867e-07,7.0077044e-07,2.3159803e-06
20001,2022-03-08,1,D0,1,D0,1,D0,True,0.053641826,0.7255297,0.220781,4.725913e-05,4.722986e-08,2.3859803e-07
20001,2022-03-15,1,D0,1,D0,1,D0,True,0.041693524,0.6374452,0.32055464,0.00030466833,7.7245187e-07,1.1847769e-06
20001,2022-03-22,0,None,1,D0,1,D0,False,0.060791675,0.6526116,0.28642362,0.00017098887,7.119703e-07,1.3934784e-06
20001,2022-03-29,0,None,0,None,0,None,True,0.65932167,0.3404887,0.00018678255,3.690788e-07,8.8660596e-07,1.6899024e-06
20001,2022-04-05,0,None,0,None,0,None,True,0.669273,0.33063287,9.194213e-05,2.5956058e-07,6.05109e-07,1.2761822e-06
20001,2022-04-12,0,None,0,None,0,None,True,0.6622939,0.33760917,9.3438306e-05,3.7700283e-07,9.295916e-07,2.1639637e-06
20001,2022-04-19,0,None,0,None,0,None,True,0.6606026,0.33930546,8.684608e-05,4.938308e-07,1.3537334e-06,3.2558137e-06
20001,2022-04-26,0,None,0,None,0,None,True,0.5976327,0.4016838,0.0006647833,2.8288528e-06,3.67187e-06,1.2207826e-05
20001,2022-05-03,0,None,0,None,0,None,True,0.5970138,0.402111,0.0008537913,3.71344e-06,3.6396195e-06,1.4088254e-05
20001,2022-05-10,0,None,0,None,0,None,True,0.6036102,0.3956431,0.0007264574,3.1984127e-06,3.5239896e-06,1.3443007e-05
20001,2022-05-17,0,None,0,None,0,None,True,0.68103784,0.3188963,5.9980328e-05,4.3539762e-07,1.6699954e-06,3.739829e-06
20001,2022-05-24,0,None,0,None,0,None,True,0.66790175,0.33202344,6.81156e-05,5.521274e-07,1.8086702e-06,4.2571965e-06
20001,2022-05-31,0,None,0,None,0,None,True,0.6602284,0.33967692,8.6262306e-05,7.644122e-07,2.2324946e-06,5.4878815e-06
20001,2022-06-07,0,None,0,None,0,None,True,0.6600403,0.33985588,9.378066e-05,9.1509924e-07,2.6674024e-06,6.464383e-06
20001,2022-06-14,0,None,0,None,0,None,True,0.66150737,0.33838293,9.826274e-05,1.0387564e-06,3.0814667e-06,7.333173e-06
20001,2022-06-21,0,None,0,None,0,None,True,0.6740394,0.32584703,9.9220146e-05,1.2237385e-06,4.0711184e-06,8.937548e-06
20001,2022-06-28,0,None,0,None,0,None,True,0.66517603,0.33470413,0.00010510906,1.3018482e-06,4.05907e-06,9.378905e-06
20001,2022-07-05,0,None,0,None,0,None,True,0.6595103,0.34036,0.00011472353,1.4147885e-06,4.015303e-06,9.560244e-06
20001,2022-07-12,0,None,0,None,0,None,True,0.6596927,0.34017372,0.00011818477,1.4867592e-06,4.154271e-06,9.771159e-06
20001,2022-07-19,1,D0,0,None,0,None,False,0.55540216,0.44308043,0.0014728698,8.7521075e-06,8.643283e-06,2.7041173e-05
20001,2022-07-26,2,D1,1,D0,1,D0,False,0.029340247,0.6019629,0.3677896,0.00090203807,2.7075348e-06,2.475888e-06
20001,2022-08-02,2,D1,2,D1,2,D1,True,0.004556976,0.32306764,0.5687611,0.10254528,0.0009901265,7.886297e-05
20001,2022-08-09,2,D1,2,D1,2,D1,True,0.0051188767,0.3110171,0.58572364,0.09719488,0.0008401013,0.000105428044
20001,2022-08-16,3,D2,2,D1,2,D1,False,0.0032906916,0.22486113,0.618453,0.15037051,0.0028773297,0.0001473625
20001,2022-08-23,3,D2,3,D2,3,D2,True,8.79017e-06,6.818813e-05,0.053648606,0.59203345,0.35378835,0.00045265423
20001,2022-08-30,3,D2,3,D2,3,D2,True,4.0886956e-05,0.00031439643,0.09746161,0.6073426,0.29407495,0.00076554896
20001,2022-09-06,3,D2,3,D2,3,D2,True,6.3913554e-05,0.00026907097,0.05581531,0.5473379,0.39121717,0.005296715
20001,2022-09-13,3,D2,3,D2,3,D2,True,0.000101225385,0.00041417274,0.06425089,0.5303611,0.39734718,0.0075254166
20001,2022-09-20,4,D3,3,D2,3,D2,False,9.901979e-05,0.0004153978,0.071656026,0.54710054,0.3743907,0.0063383454
20001,2022-09-27,4,D3,4,D3,4,D3,True,8.78378e-06,7.0848805e-06,0.0005092018,0.06332087,0.66915154,0.26700264
20001,2022-10-04,4,D3,4,D3,4,D3,True,1.8929422e-05,1.585654e-05,0.0007130137,0.049817402,0.657801,0.2916338
20001,2022-10-11,4,D3,4,D3,4,D3,True,1.5864214e-05,1.2808442e-05,0.0004972777,0.03457351,0.6345802,0.3303203
20001,2022-10-18,4,D3,4,D3,4,D3,True,6.836901e-06,5.4823713e-06,0.00021584018,0.021216825,0.60039747,0.37815747
20001,2022-10-25,4,D3,4,D3,4,D3,True,1.0227224e-05,7.5326298e-06,0.00025852286,0.024713738,0.5808414,0.39416853
20001,2022-11-01,4,D3,4,D3,4,D3,True,1.3700495e-05,9.071907e-06,0.00030929313,0.031926457,0.5828792,0.38486242
20001,2022-11-08,4,D3,4,D3,4,D3,True,1.903648e-05,1.1544725e-05,0.00039853505,0.04375515,0.5930608,0.36275497
20001,2022-11-15,4,D3,4,D3,4,D3,True,4.4550292e-05,2.5559159e-05,0.0013228529,0.11429022,0.6039399,0.28037688
20001,2022-11-22,4,D3,4,D3,4,D3,True,5.003924e-05,2.9115261e-05,0.0023549304,0.17923914,0.60322016,0.21510652
20001,2022-11-29,4,D3,4,D3,4,D3,True,5.260099e-05,3.049687e-05,0.0027319745,0.20587489,0.5959331,0.19537704
20001,2022-12-06,4,D3,4,D3,4,D3,True,6.155303e-05,3.666617e-05,0.0030564182,0.21930821,0.582072,0.19546516
20001,2022-12-13,3,D2,4,D3,4,D3,False,7.722247e-05,4.886075e-05,0.00377822,0.23919532,0.567598,0.1893024
20001,2022-12-20,3,D2,3,D2,3,D2,True,8.616192e-05,0.0007257363,0.158768,0.6367783,0.20343964,0.00020211333
20001,2022-12-27,3,D2,3,D2,3,D2,True,3.0553663e-05,0.00039751883,0.14654766,0.66381466,0.18915558,5.4004406e-05
20001,2023-01-03,3,D2,3,D2,3,D2,True,3.0176025e-05,0.00054964423,0.16798712,0.6647231,0.16668467,2.5315892e-05
20001,2023-01-10,3,D2,3,D2,3,D2,True,2.7103642e-05,0.0005332296,0.16280138,0.6597913,0.17683014,1.6873433e-05
20001,2023-01-17,3,D2,3,D2,3,D2,True,2.4870946e-05,0.00053756323,0.16279194,0.6561515,0.18048394,1.0203969e-05
20001,2023-01-24,3,D2,3,D2,3,D2,True,2.2528013e-05,0.0004937209,0.15850605,0.65662605,0.1843449,6.7397264e-06
20001,2023-01-31,3,D2,3,D2,3,D2,True,2.1075433e-05,0.00037776332,0.14677416,0.66645885,0.18636309,5.077784e-06
20001,2023-02-07,3,D2,3,D2,3,D2,True,1.9532661e-05,0.00035625923,0.14908062,0.67607486,0.1744647,3.9958413e-06
20001,2023-02-14,2,D1,3,D2,3,D2,False,2.0826103e-05,0.00031625814,0.15502548,0.68766433,0.15696926,3.817078e-06
20001,2023-02-21,2,D1,3,D2,3,D2,False,0.0034405717,0.05211732,0.43728763,0.49111307,0.016015526,2.5832072e-05
20001,2023-02-28,2,D1,3,D2,3,D2,False,0.0015551235,0.01749901,0.35870162,0.5879798,0.034226444,3.805794e-05
20001,2023-03-07,2,D1,3,D2,3,D2,False,0.0008854458,0.013796743,0.37497947,0.5869216,0.023398424,1.8420284e-05
20001,2023-03-14,3,D2,3,D2,3,D2,True,0.00073988305,0.014856106,0.4140302,0.55149466,0.018858528,2.0657944e-05
20001,2023-03-21,2,D1,3,D2,3,D2,False,0.0007148154,0.020312136,0.46357363,0.5067959,0.008591386,1.2198519e-05
20001,2023-03-28,2,D1,3,D2,3,D2,False,0.00019689584,0.008142688,0.42917037,0.5535032,0.008983866,2.9338985e-06
20001,2023-04-04,2,D1,3,D2,3,D2,False,0.00022252716,0.008795449,0.42434636,0.5576204,0.009012183,3.150872e-06
20001,2023-04-11,2,D1,3,D2,3,D2,False,0.00027290333,0.009104732,0.4072999,0.57193124,0.011387037,4.164967e-06
20001,2023-04-18,2,D1,3,D2,3,D2,False,0.00025508375,0.007833108,0.38638768,0.5907353,0.01478524,3.5505855e-06
20001,2023-04-25,3,D2,3,D2,3,D2,True,0.00031190398,0.0076628183,0.3651289,0.60402757,0.022863105,5.748895e-06
20001,2023-05-02,4,D3,3,D2,3,D2,False,6.012108e-05,0.0008707432,0.20848238,0.68402666,0.10655283,7.2655716e-06
20001,2023-05-09,4,D3,4,D3,4,D3,True,2.536413e-06,1.9686054e-06,0.0029846278,0.17660502,0.8190818,0.0013241027
20001,2023-05-16,3,D2,4,D3,4,D3,False,9.165587e-06,7.656571e-06,0.004002299,0.13488819,0.8546271,0.0064655924
20001,2023-05-23,3,D2,3,D2,3,D2,True,6.768692e-05,0.00034579413,0.09557191,0.52691364,0.37697935,0.00012158668
20001,2023-05-30,3,D2,3,D2,3,D2,True,1.8570632e-05,0.00013718214,0.093833126,0.5926055,0.31336305,4.256925e-05
20001,2023-06-06,3,D2,3,D2,3,D2,True,1.4803619e-05,0.00019044304,0.1231043,0.6329051,0.24376477,2.0487349e-05
20001,2023-06-13,3,D2,3,D2,3,D2,True,1.0101283e-05,0.00016128209,0.11845267,0.6255868,0.2557721,1.7049597e-05
20001,2023-06-20,3,D2,3,D2,3,D2,True,3.9020174e-06,4.9027927e-05,0.077145614,0.5941444,0.32864287,1.4252095e-05
20001,2023-06-27,3,D2,3,D2,3,D2,True,4.293817e-06,5.9424303e-05,0.085485205,0.610715,0.30372453,1.1522739e-05
20001,2023-07-04,4,D3,3,D2,3,D2,False,2.370642e-06,2.3981647e-05,0.059051756,0.58472896,0.35617808,1.4902574e-05
20001,2023-07-11,4,D3,4,D3,4,D3,True,8.8534915e-07,1.127005e-06,0.0011983862,0.15676208,0.8251443,0.016893283
20001,2023-07-18,4,D3,4,D3,4,D3,True,1.1413977e-06,1.6308995e-06,0.000528533,0.10784373,0.8134774,0.078147605
20001,2023-07-25,4,D3,4,D3,4,D3,True,7.514047e-07,1.0264805e-06,0.00043251834,0.11233174,0.78282976,0.104404196
20001,2023-08-01,4,D3,4,D3,4,D3,True,4.493171e-07,6.3283545e-07,0.00039583413,0.13110115,0.8029938,0.06550812
20001,2023-08-08,4,D3,4,D3,4,D3,True,4.406232e-07,6.090821e-07,0.00047564082,0.14462067,0.81191176,0.04299089
20001,2023-08-15,3,D2,4,D3,4,D3,False,3.2710477e-07,4.5830203e-07,0.00048873125,0.14439723,0.83226436,0.022848925
20001,2023-08-22,3,D2,3,D2,3,D2,True,3.8325034e-06,0.000115051225,0.09082752,0.68910074,0.21994328,9.538768e-06
20001,2023-08-29,3,D2,3,D2,3,D2,True,2.3711407e-06,0.0001259695,0.12734576,0.7160093,0.15651366,2.8422799e-06
20001,2023-09-05,3,D2,3,D2,3,D2,True,5.369357e-06,0.00036006843,0.19625099,0.70061725,0.102764346,1.9658048e-06
20001,2023-09-12,3,D2,3,D2,3,D2,True,3.3637318e-06,0.0001753929,0.16195336,0.715715,0.122150324,2.5326547e-06
20001,2023-09-19,3,D2,3,D2,3,D2,True,6.7593937e-06,0.00032752557,0.19978659,0.70112354,0.09875368,1.967792e-06
20001,2023-09-26,3,D2,3,D2,3,D2,True,9.606539e-06,0.00035706954,0.19520113,0.6950021,0.10942735,2.7341946e-06
20001,2023-10-03,3,D2,3,D2,3,D2,True,1.2952475e-05,0.0004107048,0.19839235,0.69080037,0.11038011,3.5338749e-06
20001,2023-10-10,3,D2,3,D2,3,D2,True,1.9202516e-05,0.0004618984,0.20115642,0.68192554,0.116433546,3.3914957e-06
20001,2023-10-17,3,D2,3,D2,3,D2,True,2.5512301e-05,0.00054112164,0.20652032,0.67001826,0.12289149,3.3109127e-06
20001,2023-10-24,3,D2,3,D2,3,D2,True,2.9411362e-05,0.0006083639,0.2102074,0.66271627,0.12643516,3.4246816e-06
20001,2023-10-31,2,D1,3,D2,3,D2,False,3.4871115e-05,0.0006909636,0.21817413,0.65155846,0.12953775,3.7889386e-06
20001,2023-11-07,2,D1,1,D0,1,D0,False,0.016125692,0.4969485,0.48048428,0.006439623,8.711965e-07,1.1037117e-06
20001,2023-11-14,2,D1,2,D1,2,D1,True,0.0022812989,0.26571772,0.679504,0.052493427,2.876952e-06,6.770296e-07
20001,2023-11-21,2,D1,2,D1,2,D1,True,0.0011186418,0.21965031,0.7019,0.07732763,3.001825e-06,3.4879764e-07
20001,2023-11-28,2,D1,2,D1,2,D1,True,0.0011539817,0.22489811,0.6929589,0.08098461,3.9983006e-06,4.2794883e-07
20001,2023-12-05,2,D1,2,D1,2,D1,True,0.0010410744,0.21403867,0.6844725,0.100440264,6.809991e-06,7.2530383e-07
20001,2023-12-12,2,D1,2,D1,2,D1,True,0.0013272882,0.23096037,0.6820482,0.08565502,7.598243e-06,1.4807596e-06
20001,2023-12-19,2,D1,2,D1,2,D1,True,0.0007593256,0.18358847,0.6892685,0.12636769,1.4277433e-05,1.7013627e-06
20001,2023-12-26,2,D1,2,D1,2,D1,True,0.0007680008,0.1813414,0.6835733,0.13429832,1.6989554e-05,1.9922456e-06
20001,2024-01-02,2,D1,2,D1,2,D1,True,0.0011316774,0.20104995,0.668769,0.12902504,2.1074435e-05,3.1838342e-06
20001,2024-01-09,2,D1,2,D1,2,D1,True,0.0012022763,0.20267645,0.6629655,0.13312665,2.5279553e-05,3.9111883e-06
20001,2024-01-16,2,D1,2,D1,2,D1,True,0.0011668174,0.19912247,0.65876734,0.14090866,3.0125439e-05,4.507798e-06
20001,2024-01-23,2,D1,2,D1,2,D1,True,0.001114852,0.19478689,0.65513533,0.14892197,3.5834008e-05,5.075799e-06
20001,2024-01-30,2,D1,2,D1,2,D1,True,0.0010489792,0.19012403,0.65186334,0.15691628,4.1794272e-05,5.6142185e-06
20001,2024-02-06,2,D1,2,D1,2,D1,True,0.0009679914,0.18590628,0.6475646,0.16550776,4.728114e-05,6.0983584e-06
20001,2024-02-13,2,D1,2,D1,2,D1,True,0.00094659044,0.1937834,0.63518083,0.17003942,4.3058724e-05,6.7495034e-06
20001,2024-02-20,2,D1,2,D1,2,D1,True,0.0009436939,0.1971377,0.6318058,0.17006244,4.3121865e-05,7.2555767e-06
20001,2024-02-27,2,D1,2,D1,2,D1,True,0.0009015164,0.19442025,0.63160837,0.17301863,4.4082848e-05,7.144884e-06
20001,2024-03-05,2,D1,2,D1,2,D1,True,0.0008605113,0.19106564,0.63286537,0.17515694,4.45603e-05,6.9555695e-06
20001,2024-03-12,1,D0,2,D1,2,D1,False,0.000838239,0.18983255,0.63931715,0.1699639,4.1876727e-05,6.249706e-06
20001,2024-03-19,1,D0,1,D0,1,D0,True,0.32495886,0.6277171,0.04732159,1.908001e-06,3.6790134e-08,5.7748804e-07
20001,2024-03-26,1,D0,1,D0,1,D0,True,0.31079656,0.6526291,0.036573447,6.010414e-07,1.7348851e-08,2.6361425e-07
20001,2024-04-02,1,D0,1,D0,1,D0,True,0.21204607,0.7060347,0.081917115,1.8885476e-06,1.6399335e-08,2.8984002e-07
20001,2024-04-09,1,D0,1,D0,1,D0,True,0.14023548,0.717828,0.1419311,5.215224e-06,1.9118685e-08,2.6530824e-07
20001,2024-04-16,2,D1,1,D0,1,D0,False,0.10738508,0.7032942,0.18931064,9.835013e-06,2.1675051e-08,2.453391e-07
20001,2024-04-23,2,D1,2,D1,2,D1,True,0.0008988246,0.21420223,0.70574623,0.079141706,1.035999e-05,5.5790093e-07
20001,2024-04-30,0,None,2,D1,2,D1,False,0.00030355557,0.14125448,0.7573407,0.101095974,5.1106863e-06,1.6364946e-07
20001,2024-05-07,0,None,0,None,0,None,True,0.6505713,0.3483755,0.0010515229,3.8196518e-07,5.4002743e-07,7.8115085e-07
20001,2024-05-14,0,None,0,None,0,None,True,0.7121841,0.28769952,0.00011618554,7.408172e-08,1.2214781e-07,4.7599592e-08
20001,2024-05-21,0,None,0,None,0,None,True,0.69928557,0.30056885,0.0001450164,1.9419029e-07,2.634043e-07,9.5950725e-08
20001,2024-05-28,0,None,0,None,0,None,True,0.6829292,0.31681716,0.00025196938,6.293472e-07,7.4664297e-07,3.1885278e-07
20001,2024-06-04,0,None,0,None,0,None,True,0.66654146,0.3330882,0.00036708193,1.203049e-06,1.2554453e-06,7.5611837e-07
20001,2024-06-11,0,None,0,None,0,None,True,0.6504074,0.34918886,0.0003998706,1.4879851e-06,1.3230364e-06,1.2169519e-06
20001,2024-06-18,0,None,0,None,0,None,True,0.6390334,0.36057383,0.00038848718,1.5596684e-06,1.1826899e-06,1.503215e-06
20001,2024-06-25,0,None,0,None,0,None,True,0.6377217,0.36189255,0.00038187785,1.5726082e-06,9.602971e-07,1.3501068e-06
20001,2024-07-02,0,None,0,None,0,None,True,0.64991176,0.3497502,0.00033576187,1.0953978e-06,5.2236857e-07,6.524429e-07
20001,2024-07-09,0,None,0,None,0,None,True,0.6539941,0.3457606,0.00024433696,4.1317122e-07,1.9912981e-07,2.6350062e-07
20001,2024-07-16,0,None,0,None,0,None,True,0.65170205,0.34807795,0.00021931395,3.1492164e-07,1.8128459e-07,3.011085e-07
20001,2024-07-23,0,None,0,None,0,None,True,0.64921993,0.35057506,0.00020410141,2.4657166e-07,2.1963042e-07,4.214884e-07
20001,2024-07-30,1,D0,0,None,0,None,False,0.65202254,0.34780702,0.0001695282,1.7451329e-07,2.1917486e-07,4.5259438e-07
20001,2024-08-06,1,D0,1,D0,1,D0,True,0.10018343,0.6484724,0.2512791,6.445707e-05,6.044914e-08,5.1619674e-07
20001,2024-08-13,1,D0,1,D0,1,D0,True,0.10415767,0.63826925,0.25734517,0.0002209767,1.2846443e-06,5.621857e-06
20001,2024-08-20,1,D0,1,D0,1,D0,True,0.14341435,0.6538862,0.20263182,6.165575e-05,8.8782576e-07,5.0982408e-06
20001,2024-08-27,1,D0,1,D0,1,D0,True,0.14895242,0.6605789,0.1904324,3.247595e-05,6.561223e-07,3.2424318e-06
20001,2024-09-03,1,D0,1,D0,1,D0,True,0.14796214,0.6639762,0.1880331,2.5615018e-05,5.50139e-07,2.3376215e-06
20001,2024-09-10,2,D1,1,D0,1,D0,False,0.1405464,0.65934783,0.20007664,2.667886e-05,5.186282e-07,1.9698327e-06
20001,2024-09-17,2,D1,2,D1,2,D1,True,0.011728223,0.33261463,0.6126872,0.042660672,0.00030167613,7.711301e-06
20001,2024-09-24,1,D0,2,D1,2,D1,False,0.0010932944,0.12657896,0.679295,0.1924451,0.0005856198,2.003515e-06
20001,2024-10-01,1,D0,1,D0,1,D0,True,0.20993555,0.55733526,0.2325722,0.0001435023,2.8893262e-06,1.0629546e-05
20001,2024-10-08,2,D1,1,D0,1,D0,False,0.2550115,0.5718803,0.17307803,2.5218334e-05,8.136999e-07,4.1561407e-06
20001,2024-10-15,2,D1,2,D1,2,D1,True,0.0014531228,0.12871544,0.68607783,0.18310755,0.00064399064,2.1096314e-06
20001,2024-10-22,3,D2,2,D1,2,D1,False,0.00042012244,0.08122363,0.7246961,0.19347927,0.00018076817,1.06787006e-07
20001,2024-10-29,3,D2,3,D2,3,D2,True,8.281253e-07,1.2683577e-05,0.060407076,0.6880692,0.2515101,5.644887e-08
20001,2024-11-05,2,D1,3,D2,3,D2,False,1.5892495e-06,2.5045609e-05,0.06616515,0.69843113,0.235377,1.0471286e-07
20001,2024-11-12,1,D0,2,D1,2,D1,False,0.012014591,0.36627704,0.59651864,0.025164722,2.4659346e-05,3.3527107e-07
20001,2024-11-19,1,D0,1,D0,1,D0,True,0.39186704,0.56705517,0.04107474,2.8843035e-06,5.6976134e-08,5.680902e-08
20001,2024-11-26,1,D0,1,D0,1,D0,True,0.361416,0.61050117,0.028082278,5.37489e-07,7.599344e-09,1.1625207e-08
20001,2024-12-03,1,D0,1,D0,1,D0,True,0.24037461,0.6742627,0.085360594,2.1047078e-06,8.174995e-09,1.3650284e-08
20001,2024-12-10,1,D0,1,D0,1,D0,True,0.15822382,0.69037855,0.15139203,5.5887735e-06,1.17205925e-08,1.339944e-08
20001,2024-12-17,1,D0,1,D0,1,D0,True,0.11976734,0.6888543,0.19136848,9.818367e-06,1.5813718e-08,1.2268141e-08
20001,2024-12-24,1,D0,1,D0,1,D0,True,0.10104029,0.68571633,0.21322875,1.4638654e-05,2.0651086e-08,1.198583e-08
20001,2024-12-31,1,D0,1,D0,1,D0,True,0.09131983,0.680664,0.2279963,1.989753e-05,2.6215531e-08,1.2309418e-08
20001,2025-01-07,1,D0,1,D0,1,D0,True,0.0860417,0.67661226,0.237321,2.4947967e-05,3.1828534e-08,1.2786272e-08
20001,2025-01-14,1,D0,1,D0,1,D0,True,0.082583815,0.6747173,0.24266937,2.9427172e-05,3.6468187e-08,1.2839049e-08
20001,2025-01-21,1,D0,1,D0,1,D0,True,0.0799045,0.6751481,0.2449142,3.3178352e-05,3.937129e-08,1.2284065e-08
20001,2025-01-28,1,D0,1,D0,1,D0,True,0.078167975,0.6749985,0.24679746,3.6018835e-05,4.004456e-08,1.1631868e-08
20001,2025-02-04,1,D0,1,D0,1,D0,True,0.07843413,0.67185366,0.24967442,3.7822952e-05,3.9494743e-08,1.219527e-08
20001,2025-02-11,1,D0,1,D0,1,D0,True,0.08414637,0.66395634,0.25185686,4.036111e-05,4.2711555e-08,1.5326602e-08
20001,2025-02-18,1,D0,1,D0,1,D0,True,0.09180975,0.6515657,0.25658208,4.2384476e-05,4.3460883e-08,1.729998e-08
20001,2025-02-25,1,D0,1,D0,1,D0,True,0.097783424,0.64065194,0.2615201,4.456088e-05,4.0249738e-08,1.6013873e-08
20001,2025-03-04,1,D0,1,D0,1,D0,True,0.08407131,0.61479187,0.30102777,0.00010898532,8.318199e-08,2.1306297e-08
20001,2025-03-11,0,None,1,D0,1,D0,False,0.08593487,0.6051125,0.3087706,0.00018175936,1.2353482e-07,4.5343757e-08
20001,2025-03-18,0,None,0,None,0,None,True,0.6997129,0.2999382,0.00034816787,4.823211e-07,2.6749174e-07,1.8209429e-08
20001,2025-03-25,0,None,0,None,0,None,True,0.7206869,0.27903455,0.00027724748,8.6149606e-07,4.592885e-07,3.6650835e-08
20001,2025-04-01,0,None,0,None,0,None,True,0.69721824,0.30221134,0.00056696974,2.3167443e-06,8.811227e-07,1.2305904e-07
20001,2025-04-08,0,None,0,None,0,None,True,0.67146385,0.32769692,0.0008338085,3.677022e-06,1.3451238e-06,3.5511502e-07
20001,2025-04-15,0,None,0,None,0,None,True,0.69190156,0.30768105,0.00041328682,2.2552722e-06,1.4923421e-06,2.8404432e-07
20001,2025-04-22,0,None,0,None,0,None,True,0.6618281,0.33758736,0.0005736601,4.917606e-06,3.7503482e-06,2.156642e-06
20001,2025-04-29,0,None,0,None,0,None,True,0.657864,0.3418773,0.0002501255,2.591716e-06,3.1084166e-06,2.9036971e-06
20001,2025-05-06,0,None,0,None,0,None,True,0.6571475,0.34264857,0.0001960434,2.167626e-06,2.7590447e-06,2.890693e-06
20001,2025-05-13,0,None,0,None,0,None,True,0.65205145,0.34776473,0.00017675539,1.7745346e-06,2.2854529e-06,3.0059105e-06
20001,2025-05-20,0,None,0,None,0,None,True,0.6481797,0.3516553,0.00015879016,1.3949514e-06,1.8560664e-06,2.957066e-06
20001,2025-05-27,0,None,0,None,0,None,True,0.64571506,0.3541401,0.00013943586,1.0731799e-06,1.516197e-06,2.7601216e-06
20001,2025-06-03,0,None,0,None,0,None,True,0.64400244,0.35587788,0.00011537186,7.691801e-07,1.1953788e-06,2.3912146e-06
20001,2025-06-10,0,None,0,None,0,None,True,0.6419808,0.35791993,9.5987394e-05,5.126352e-07,8.784909e-07,1.9531592e-06
20001,2025-06-17,0,None,0,None,0,None,True,0.6396276,0.36028406,8.6150205e-05,3.6084262e-07,6.302126e-07,1.3090814e-06
20001,2025-06-24,0,None,0,None,0,None,True,0.63556147,0.36435717,7.9781144e-05,2.796082e-07,5.1168723e-07,7.7593285e-07
20001,2025-07-01,0,None,0,None,0,None,True,0.6319531,0.36797538,7.036941e-05,2.0742583e-07,3.819484e-07,5.7926763e-07
20001,2025-07-08,0,None,0,None,0,None,True,0.6287721,0.371165,6.1976454e-05,1.6496668e-07,3.0158367e-07,4.8388057e-07
20001,2025-07-15,0,None,0,None,0,None,True,0.6270073,0.3729319,5.984075e-05,1.5840607e-07,2.7192672e-07,4.1270175e-07
20001,2025-07-22,0,None,0,None,0,None,True,0.6271801,0.37274808,7.0948e-05,1.8673144e-07,2.9808822e-07,3.7997495e-07
20001,2025-07-29,0,None,0,None,0,None,True,0.6370946,0.36282006,8.4302286e-05,2.1255114e-07,3.9853194e-07,3.8937046e-07
20001,2025-08-05,0,None,0,None,0,None,True,0.6466661,0.35324383,8.9130524e-05,2.3732726e-07,4.4204268e-07,3.1175261e-07
20001,2025-08-12,0,None,0,None,0,None,True,0.6531843,0.3467163,9.844031e-05,2.7150404e-07,4.55634e-07,2.56104e-07
20001,2025-08-19,0,None,0,None,0,None,True,0.65891993,0.34095952,0.00011951211,3.4680505e-07,5.2082356e-07,2.075043e-07
20001,2025-08-26,0,None,0,None,0,None,True,0.6654754,0.3343796,0.00014382714,4.2644518e-07,5.796734e-07,1.6029499e-07
20001,2025-09-02,0,None,0,None,0,None,True,0.67263895,0.3271968,0.00016302773,5.0664613e-07,6.461627e-07,1.3263359e-07
20001,2025-09-09,0,None,0,None,0,None,True,0.683162,0.31664687,0.00018954002,6.880158e-07,8.5119126e-07,1.2266771e-07
20001,2025-09-16,1,D0,0,None,0,None,False,0.6798088,0.3199781,0.00021112511,8.720339e-07,9.729382e-07,1.4640094e-07
20001,2025-09-23,1,D0,1,D0,1,D0,True,0.05771322,0.6413852,0.3008217,7.949038e-05,1.622359e-07,2.3718626e-07
20001,2025-09-30,1,D0,1,D0,1,D0,True,0.24059495,0.588954,0.17039599,4.7094527e-05,1.4645711e-06,6.5192285e-06
20001,2025-10-07,1,D0,1,D0,1,D0,True,0.35959056,0.57530487,0.0650813,1.5119284e-05,1.189411e-06,6.908416e-06
20001,2025-10-14,1,D0,1,D0,1,D0,True,0.23142552,0.57349455,0.1950353,3.997639e-05,5.9069384e-07,4.0382656e-06
20001,2025-10-21,1,D0,1,D0,1,D0,True,0.17737994,0.56944406,0.2530447,0.00012856566,4.7038998e-07,2.2532322e-06
20001,2025-10-28,1,D0,1,D0,1,D0,True,0.17463411,0.58977145,0.23548183,0.00010951711,4.3350084e-07,2.67128e-06
20001,2025-11-04,1,D0,1,D0,1,D0,True,0.11139836,0.6602529,0.2282869,6.010112e-05,3.0022156e-07,1.3728355e-06
20001,2025-11-11,2,D1,1,D0,1,D0,False,0.08989903,0.6919029,0.21815783,3.906456e-05,1.871537e-07,9.94066e-07
20001,2025-11-18,2,D1,2,D1,2,D1,True,0.01120853,0.46292117,0.5088725,0.016968168,2.605618e-05,3.5206551e-06
20001,2025-11-25,2,D1,2,D1,2,D1,True,0.004712205,0.34018612,0.60700977,0.048054777,3.4360248e-05,2.7701212e-06
20001,2025-12-02,2,D1,2,D1,2,D1,True,0.011763697,0.43580687,0.53184503,0.020554572,2.4969946e-05,4.884183e-06
20001,2025-12-09,2,D1,2,D1,2,D1,True,0.018656885,0.4824379,0.4871997,0.011680603,1.9898287e-05,5.071835e-06
20001,2025-12-16,2,D1,1,D0,1,D0,False,0.022652907,0.49804324,0.47076994,0.008513549,1.6611677e-05,3.8247836e-06
20001,2025-12-23,2,D1,2,D1,2,D1,True,0.017304933,0.46549144,0.50603825,0.011144061,1.902229e-05,2.2636164e-06
20001,2025-12-30,2,D1,2,D1,2,D1,True,0.01143986,0.42593718,0.5471411,0.01546171,1.9148916e-05,1.0757547e-06
20003,2022-01-04,0,None,0,None,0,None,True,0.70619386,0.29375297,5.2275613e-05,4.864257e-07,3.525647e-07,7.032731e-08
20003,2022-01-11,0,None,0,None,0,None,True,0.6792964,0.3206577,4.370793e-05,5.270016e-07,6.971577e-07,9.2137395e-07
20003,2022-01-18,0,None,0,None,0,None,True,0.67481947,0.32513365,4.276628e-05,4.859559e-07,1.1427987e-06,2.4872056e-06
20003,2022-01-25,0,None,0,None,0,None,True,0.68287516,0.317073,4.6485544e-05,3.597493e-07,1.3817166e-06,3.5546543e-06
20003,2022-02-01,0,None,0,None,0,None,True,0.66952974,0.3304124,5.2717787e-05,3.4466305e-07,1.1844455e-06,3.5232458e-06
20003,2022-02-08,0,None,0,None,0,None,True,0.66434,0.33559212,6.218985e-05,3.8741032e-07,1.2788901e-06,4.0316913e-06
20003,2022-02-15,0,None,0,None,0,None,True,0.6677762,0.3321653,5.352276e-05,3.4085755e-07,1.1504525e-06,3.4628627e-06
20003,2022-02-22,0,None,0,None,0,None,True,0.6681144,0.3318281,5.260635e-05,3.3638017e-07,1.134361e-06,3.4033158e-06
20003,2022-03-01,1,D0,0,None,0,None,False,0.6680313,0.33191085,5.3046835e-05,3.402783e-07,1.1476674e-06,3.4493244e-06
20003,2022-03-08,1,D0,1,D0,1,D0,True,0.05492437,0.72895634,0.216061,5.7781454e-05,7.0869916e-08,3.9684627e-07
20003,2022-03-15,1,D0,1,D0,1,D0,True,0.04393462,0.62978446,0.3259175,0.00036041025,1.074007e-06,1.910109e-06
20003,2022-03-22,0,None,1,D0,1,D0,False,0.06797015,0.64745194,0.28438786,0.00018665996,9.84192e-07,2.4395156e-06
20003,2022-03-29,0,None,0,None,0,None,True,0.6776912,0.32215574,0.000148876,3.867426e-07,1.2683186e-06,2.4329581e-06
20003,2022-04-05,0,None,0,None,0,None,True,0.6823809,0.31755003,6.667051e-05,2.118832e-07,6.977367e-07,1.4124257e-06
20003,2022-04-12,0,None,0,None,0,None,True,0.6730359,0.3268915,6.905528e-05,2.856659e-07,9.697161e-07,2.2382553e-06
20003,2022-04-19,0,None,0,None,0,None,True,0.66952324,0.33040354,6.837167e-05,3.629689e-07,1.3009382e-06,3.1688635e-06
20003,2022-04-26,0,None,0,None,0,None,True,0.6674886,0.332436,6.938042e-05,4.4308922e-07,1.6246127e-06,4.0348064e-06
20003,2022-05-03,0,None,0,None,0,None,True,0.6661964,0.3337254,7.103617e-05,5.214647e-07,1.8972758e-06,4.719021e-06
20003,2022-05-10,0,None,0,None,0,None,True,0.6650118,0.3349066,7.352884e-05,6.103579e-07,2.1529145e-06,5.3057015e-06
20003,2022-05-17,0,None,0,None,0,None,True,0.66333884,0.33657405,7.804763e-05,7.2259604e-07,2.4349342e-06,5.908863e-06
20003,2022-05-24,0,None,0,None,0,None,True,0.6618364,0.3380689,8.446806e-05,8.559866e-07,2.7491355e-06,6.5709783e-06
20003,2022-05-31,0,None,0,None,0,None,True,0.66051936,0.33937824,9.1221395e-05,9.837607e-07,3.0271779e-06,7.1735863e-06
20003,2022-06-07,0,None,0,None,0,None,True,0.6599504,0.3399402,9.7361655e-05,1.0886594e-06,3.2417822e-06,7.666067e-06
20003,2022-06-14,0,None,0,None,0,None,True,0.65973127,0.3401537,0.00010241316,1.166635e-06,3.3899141e-06,8.056802e-06
20003,2022-06-21,0,None,0,None,0,None,True,0.6596419,0.34023866,0.00010639783,1.223268e-06,3.4940408e-06,8.377628e-06
20003,2022-06-28,0,None,0,None,0,None,True,0.65956515,0.34031186,0.000109666114,1.2662133e-06,3.5575417e-06,8.502182e-06
20003,2022-07-05,0,None,0,None,0,None,True,0.65952075,0.34035352,0.00011222719,1.2989067e-06,3.6072931e-06,8.601652e-06
20003,2022-07-12,0,None,0,None,0,None,True,0.6595533,0.34031886,0.0001141667,1.323559e-06,3.652861e-06,8.712717e-06
20003,2022-07-19,1,D0,0,None,0,None,False,0.65970165,0.3401689,0.0001155648,1.3412208e-06,3.6946153e-06,8.835239e-06
20003,2022-07-26,1,D0,1,D0,1,D0,True,0.042001724,0.6799969,0.27785188,0.00014853656,2.802556e-07,6.479244e-07
20003,2022-08-02,1,D0,1,D0,1,D0,True,0.039040286,0.6032081,0.3569898,0.0007551252,3.3057092e-06,3.3962006e-06
20003,2022-08-09,2,D1,1,D0,1,D0,False,0.06297053,0.63420546,0.30253336,0.00028581094,1.7291801e-06,3.1851691e-06
20003,2022-08-16,2,D1,2,D1,2,D1,True,0.0077442746,0.38888577,0.5558037,0.04734509,0.00017718575,4.3977925e-05
20003,2022-08-23,2,D1,2,D1,2,D1,True,0.0032368887,0.2795437,0.624117,0.09274356,0.00030298173,5.581711e-05
20003,2022-08-30,1,D0,2,D1,2,D1,False,0.004406085,0.28164795,0.61839175,0.095193386,0.00028916885,7.164766e-05
20003,2022-09-06,1,D0,1,D0,1,D0,True,0.1153163,0.59353745,0.29059196,0.00053776935,4.3398804e-06,1.21884905e-05
20003,2022-09-13,1,D0,1,D0,1,D0,True,0.16226482,0.6166921,0.22089943,0.00013759032,1.2883178e-06,4.653329e-06
20003,2022-09-20,2,D1,1,D0,1,D0,False,0.04044339,0.5142992,0.43933165,0.0058893207,2.0125537e-05,1.6380165e-05
20003,2022-09-27,2,D1,2,D1,2,D1,True,0.0003084433,0.084060036,0.6977387,0.21775705,0.00013280031,2.9726332e-06
20003,2022-10-04,3,D2,2,D1,2,D1,False,0.000317606,0.07498655,0.68242544,0.24200767,0.00025817344,4.520234e-06
20003,2022-10-11,3,D2,3,D2,3,D2,True,2.530456e-06,4.577043e-05,0.12103581,0.6568379,0.2220458,3.2197688e-05
20003,2022-10-18,3,D2,3,D2,3,D2,True,5.1791235e-06,2.5219948e-05,0.042131647,0.6089423,0.34796986,0.0009258283
20003,2022-10-25,3,D2,3,D2,3,D2,True,3.162761e-05,8.7636654e-05,0.035943147,0.5339779,0.4158061,0.01415362
20003,2022-11-01,3,D2,3,D2,3,D2,True,8.686963e-05,0.00025597183,0.045657493,0.50353545,0.40896186,0.041502338
20003,2022-11-08,2,D1,3,D2,3,D2,False,0.00012687125,0.0003826231,0.05482,0.50558734,0.39593205,0.043151107
20003,2022-11-15,2,D1,2,D1,2,D1,True,0.0051897136,0.12745482,0.5327432,0.32467365,0.009152709,0.0007859192
20003,2022-11-22,2,D1,2,D1,2,D1,True,0.0013780246,0.068976015,0.5530269,0.36642233,0.009970397,0.00022628873
20003,2022-11-29,2,D1,2,D1,2,D1,True,0.0006508579,0.06395932,0.5878098,0.3437962,0.0037495175,3.4252746e-05
20003,2022-12-06,2,D1,2,D1,2,D1,True,0.0005565095,0.065858044,0.6042009,0.32671154,0.0026539352,1.9153244e-05
20003,2022-12-13,2,D1,2,D1,2,D1,True,0.00049550284,0.06592017,0.61203516,0.31907886,0.0024575498,1.2670559e-05
20003,2022-12-20,2,D1,2,D1,2,D1,True,0.0008508092,0.15094717,0.7261534,0.12198676,5.8953712e-05,2.8767918e-06
20003,2022-12-27,2,D1,2,D1,2,D1,True,0.00042762273,0.12771392,0.7544634,0.11735213,4.1741623e-05,1.21179e-06
20003,2023-01-03,2,D1,2,D1,2,D1,True,0.0003663769,0.12839665,0.76015216,0.11104969,3.4395925e-05,7.3048534e-07
20003,2023-01-10,2,D1,2,D1,2,D1,True,0.00037143636,0.13380384,0.7578708,0.10792092,3.2489443e-05,5.341565e-07
20003,2023-01-17,2,D1,2,D1,2,D1,True,0.0003902908,0.13750026,0.75217474,0.109900676,3.365891e-05,4.005347e-07
20003,2023-01-24,2,D1,2,D1,2,D1,True,0.00042884448,0.14009012,0.74358016,0.1158647,3.579487e-05,3.3844492e-07
20003,2023-01-31,2,D1,2,D1,2,D1,True,0.0005071626,0.13920195,0.73111314,0.12913743,3.9998926e-05,3.5614886e-07
20003,2023-02-07,2,D1,2,D1,2,D1,True,0.0006416989,0.13476776,0.71513885,0.14940453,4.674143e-05,4.9313877e-07
20003,2023-02-14,1,D0,2,D1,2,D1,False,0.0007847439,0.12295384,0.6998204,0.17638421,5.5904053e-05,8.5876843e-07
20003,2023-02-21,1,D0,1,D0,1,D0,True,0.31895402,0.6295398,0.051500227,5.765326e-06,1.9907228e-08,1.369984e-07
20003,2023-02-28,1,D0,1,D0,0,None,False,0.4807469,0.5160119,0.0032410654,1.2800453e-07,4.973628e-09,2.7648912e-08
20003,2023-03-07,1,D0,1,D0,1,D0,True,0.39026713,0.5980989,0.011633477,4.6727783e-07,6.023255e-09,5.8982224e-08
20003,2023-03-14,0,None,1,D0,1,D0,False,0.31538403,0.643122,0.04149142,2.3628165e-06,1.8575234e-08,2.566617e-07
20003,2023-03-21,0,None,0,None,0,None,True,0.5320267,0.46643737,0.0015350897,3.0180865e-07,6.282993e-08,4.836324e-07
20003,2023-03-28,0,None,0,None,0,None,True,0.5034309,0.4930352,0.003531068,1.2199671e-06,1.4517553e-07,1.4009539e-06
20003,2023-04-04,0,None,0,None,0,None,True,0.4990333,0.49538335,0.005577194,2.8800098e-06,3.2270012e-07,3.0255412e-06
20003,2023-04-11,0,None,0,None,0,None,True,0.49790856,0.4944618,0.0076175462,5.768065e-06,6.2212695e-07,5.807619e-06
20003,2023-04-18,0,None,1,D0,0,None,True,0.45953593,0.5089955,0.03137236,5.6768895e-05,3.84069e-06,3.5540586e-05
20003,2023-04-25,1,D0,1,D0,0,None,False,0.4610093,0.50072974,0.038106333,8.795199e-05,6.888977e-06,5.986438e-05
20003,2023-05-02,1,D0,1,D0,1,D0,True,0.10326178,0.46159458,0.42263827,0.0124220615,4.4431814e-05,3.883407e-05
20003,2023-05-09,2,D1,2,D1,2,D1,True,0.11961802,0.42564562,0.4292234,0.025247911,0.000141194,0.00012381317
20003,2023-05-16,2,D1,2,D1,2,D1,True,0.020088011,0.25551984,0.51486427,0.20805153,0.001243328,0.00023304232
20003,2023-05-23,2,D1,1,D0,1,D0,False,0.10133292,0.4530441,0.42040828,0.024836581,0.00021868608,0.00015944193
20003,2023-05-30,2,D1,1,D0,1,D0,False,0.12759058,0.5333581,0.3343895,0.004552357,5.1969077e-05,5.755245e-05
20003,2023-06-06,1,D0,2,D1,2,D1,False,0.004337704,0.24066223,0.5720355,0.18140674,0.0015336125,2.4151523e-05
20003,2023-06-13,1,D0,1,D0,1,D0,True,0.14579222,0.632058,0.22190942,0.0002325847,1.8205258e-06,6.031274e-06
20003,2023-06-20,2,D1,1,D0,1,D0,False,0.16643623,0.68844694,0.14508471,3.0321562e-05,3.7121214e-07,1.4828136e-06
20003,2023-06-27,2,D1,2,D1,2,D1,True,0.0017473688,0.2317897,0.63301665,0.13282111,0.0006239679,1.2248337e-06
20003,2023-07-04,3,D2,2,D1,2,D1,False,0.0010576874,0.20344748,0.6485536,0.14641947,0.00052121165,5.769064e-07
20003,2023-07-11,3,D2,3,D2,3,D2,True,8.650311e-07,2.1011863e-05,0.05737648,0.5480742,0.3945263,1.055946e-06
20003,2023-07-18,3,D2,3,D2,3,D2,True,2.1840478e-06,4.636229e-05,0.06369844,0.6039723,0.3322795,1.1741382e-06
20003,2023-07-25,3,D2,3,D2,3,D2,True,5.9590234e-06,7.7308294e-05,0.045656346,0.5864073,0.36784494,8.15727e-06
20003,2023-08-01,3,D2,3,D2,3,D2,True,7.0790943e-06,8.193896e-05,0.039173342,0.5778343,0.38288012,2.3201808e-05
20003,2023-08-08,3,D2,3,D2,3,D2,True,6.3545695e-06,6.754346e-05,0.032761052,0.58817637,0.37894902,3.968407e-05
20003,2023-08-15,3,D2,3,D2,3,D2,True,5.715827e-06,6.261777e-05,0.031201104,0.58722174,0.38145384,5.502078e-05
20003,2023-08-22,3,D2,3,D2,3,D2,True,5.575511e-06,8.2490296e-05,0.03947199,0.580207,0.3801674,6.559187e-05
20003,2023-08-29,3,D2,3,D2,3,D2,True,4.5979054e-06,8.008523e-05,0.042905804,0.5454052,0.41149995,0.00010430431
20003,2023-09-05,3,D2,3,D2,3,D2,True,4.16024e-06,7.305589e-05,0.047103677,0.53494126,0.41778073,9.7156306e-05
20003,2023-09-12,3,D2,3,D2,3,D2,True,3.9291153e-06,5.5648583e-05,0.047250226,0.53703237,0.4155825,7.535976e-05
20003,2023-09-19,4,D3,3,D2,3,D2,False,5.2987893e-06,5.628943e-05,0.057429668,0.5516792,0.39078948,4.004593e-05
20003,2023-09-26,4,D3,4,D3,4,D3,True,5.509759e-06,5.4587076e-06,0.0027537555,0.2830515,0.7026786,0.011505204
20003,2023-10-03,4,D3,4,D3,4,D3,True,3.4854565e-05,4.138905e-05,0.0069040894,0.3311365,0.6476798,0.014203394
20003,2023-10-10,4,D3,4,D3,4,D3,True,5.1808343e-05,5.7591427e-05,0.007871721,0.3324,0.6499096,0.00970929
20003,2023-10-17,4,D3,4,D3,4,D3,True,3.4519813e-05,3.206417e-05,0.005181312,0.29790518,0.68781596,0.009031001
20003,2023-10-24,4,D3,4,D3,4,D3,True,1.7564662e-05,1.4532958e-05,0.0033905534,0.27634627,0.71272236,0.0075087477
20003,2023-10-31,3,D2,4,D3,4,D3,False,1.2403804e-05,9.859221e-06,0.0032441986,0.28601497,0.70493656,0.005781995
20003,2023-11-07,3,D2,3,D2,3,D2,True,9.511305e-05,0.0026903916,0.3137286,0.5092832,0.17419818,4.449022e-06
20003,2023-11-14,3,D2,3,D2,3,D2,True,3.4470348e-05,0.0017900026,0.33587265,0.5456106,0.11669148,7.466051e-07
20003,2023-11-21,3,D2,3,D2,3,D2,True,3.3908957e-05,0.0026807443,0.38390213,0.54088783,0.072495095,3.1423673e-07
20003,2023-11-28,3,D2,3,D2,3,D2,True,2.8477514e-05,0.002136637,0.3730031,0.5550253,0.06980627,2.0366078e-07
20003,2023-12-05,2,D1,3,D2,3,D2,False,2.5639862e-05,0.0017578244,0.35810372,0.5736956,0.06641705,1.2731711e-07
20003,2023-12-12,2,D1,2,D1,2,D1,True,0.010232327,0.40869963,0.57748514,0.0035803714,2.2641516e-06,2.7545107e-07
20003,2023-12-19,2,D1,2,D1,2,D1,True,0.0022741267,0.24871492,0.7351221,0.0138848,4.022622e-06,7.197441e-08
20003,2023-12-26,2,D1,1,D0,1,D0,False,0.044466108,0.537774,0.4174642,0.00029541148,2.1958569e-07,9.0549825e-08
20003,2024-01-02,2,D1,1,D0,1,D0,False,0.062203415,0.60004413,0.33763427,0.00011799921,7.377969e-08,3.9770875e-08
20003,2024-01-09,2,D1,1,D0,1,D0,False,0.059070796,0.5943808,0.34637946,0.00016892765,6.6070264e-08,3.1118972e-08
20003,2024-01-16,2,D1,1,D0,1,D0,False,0.05948658,0.5907507,0.34954435,0.0002183311,5.5446392e-08,3.0409883e-08
20003,2024-01-23,2,D1,1,D0,1,D0,False,0.06076879,0.5890745,0.34984517,0.00031141817,7.17749e-08,6.007756e-08
20003,2024-01-30,2,D1,1,D0,1,D0,False,0.05914402,0.59081197,0.34960243,0.00044114623,1.4428487e-07,2.7143815e-07
20003,2024-02-06,2,D1,1,D0,1,D0,False,0.054824065,0.61900085,0.32579675,0.0003771179,2.5289668e-07,9.07541e-07
20003,2024-02-13,1,D0,1,D0,1,D0,True,0.05208367,0.634099,0.31347516,0.00033957913,4.122326e-07,2.1774244e-06
20003,2024-02-20,1,D0,1,D0,1,D0,True,0.22305082,0.7212794,0.05566866,9.943009e-07,8.539824e-09,1.9417614e-07
20003,2024-02-27,1,D0,1,D0,1,D0,True,0.19981594,0.738276,0.06190686,9.2481497e-07,8.530403e-09,1.6821839e-07
20003,2024-03-05,1,D0,1,D0,1,D0,True,0.15628913,0.7542464,0.08946239,2.0214611e-06,1.04299716e-08,1.3352516e-07
20003,2024-03-12,1,D0,1,D0,1,D0,True,0.11267242,0.76397485,0.123348095,4.541004e-06,1.1132443e-08,7.3152925e-08
20003,2024-03-19,1,D0,1,D0,1,D0,True,0.19522478,0.7603754,0.044399444,3.7236595e-07,1.8915112e-09,1.7823895e-08
20003,2024-03-26,1,D0,1,D0,1,D0,True,0.18082203,0.7660266,0.05315093,4.727204e-07,1.8230851e-09,1.537742e-08
20003,2024-04-02,1,D0,1,D0,1,D0,True,0.13585524,0.77514327,0.08900042,1.1510948e-06,2.5714466e-09,1.5911338e-08
20003,2024-04-09,1,D0,1,D0,1,D0,True,0.11031001,0.7771975,0.112490125,2.2868123e-06,4.134314e-09,1.9921558e-08
20003,2024-04-16,2,D1,1,D0,1,D0,False,0.10221176,0.7653355,0.13244845,4.2511115e-06,7.978077e-09,3.503281e-08
20003,2024-04-23,2,D1,2,D1,2,D1,True,0.0004976922,0.22546731,0.7122048,0.061823204,7.0009496e-06,5.22073e-08
20003,2024-04-30,0,None,2,D1,2,D1,False,0.00026954553,0.15834902,0.7493502,0.0920236,7.671281e-06,3.674898e-08
20003,2024-05-07,0,None,0,None,0,None,True,0.690123,0.30932117,0.00055406336,4.821995e-07,9.968829e-07,2.7899523e-07
20003,2024-05-14,0,None,0,None,0,None,True,0.73609746,0.2638262,7.598236e-05,7.4803175e-08,2.232261e-07,2.1056191e-08
20003,2024-05-21,0,None,0,None,0,None,True,0.718727,0.2811631,0.000108507964,2.3047488e-07,9.0217793e-07,1.9259741e-07
20003,2024-05-28,0,None,0,None,0,None,True,0.6842433,0.3155464,0.00020265627,9.64876e-07,3.363322e-06,3.2979958e-06
20003,2024-06-04,0,None,0,None,0,None,True,0.6519032,0.3477762,0.00030087362,1.8577689e-06,5.532875e-06,1.2291866e-05
20003,2024-06-11,0,None,0,None,0,None,True,0.6419991,0.35763344,0.00033670888,2.8326888e-06,7.428434e-06,2.0387584e-05
20003,2024-06-18,0,None,0,None,0,None,True,0.63631636,0.36329186,0.00034718338,3.4113239e-06,8.538935e-06,3.2621454e-05
20003,2024-06-25,0,None,0,None,0,None,True,0.631716,0.367908,0.0003359869,2.985277e-06,7.0206797e-06,2.9996221e-05
20003,2024-07-02,0,None,0,None,0,None,True,0.6406307,0.35907194,0.00027352505,2.3259784e-06,5.2466844e-06,1.623241e-05
20003,2024-07-09,0,None,0,None,0,None,True,0.6490796,0.35065544,0.00024527143,1.9924075e-06,5.0649264e-06,1.2607534e-05
20003,2024-07-16,0,None,0,None,0,None,True,0.64901394,0.35072464,0.00024327428,1.9326349e-06,4.749263e-06,1.1560542e-05
20003,2024-07-23,0,None,0,None,0,None,True,0.64877063,0.35096616,0.0002465569,1.9212923e-06,4.507175e-06,1.0250123e-05
20003,2024-07-30,1,D0,0,None,0,None,False,0.64770734,0.35202658,0.0002509722,1.9035342e-06,4.252362e-06,8.958974e-06
20003,2024-08-06,1,D0,1,D0,1,D0,True,0.061791472,0.5821476,0.3555752,0.00048314844,6.720655e-07,1.8892056e-06
20003,2024-08-13,1,D0,1,D0,1,D0,True,0.071213536,0.5639115,0.36322984,0.0016249699,8.553374e-06,1.1546984e-05
20003,2024-08-20,1,D0,1,D0,1,D0,True,0.10565971,0.5909569,0.30293247,0.00043790118,3.5588141e-06,9.4351235e-06
20003,2024-08-27,1,D0,1,D0,1,D0,True,0.1315637,0.6122206,0.2560837,0.00012496552,1.3713225e-06,5.7162583e-06
20003,2024-09-03,1,D0,1,D0,1,D0,True,0.12831813,0.6263683,0.24522854,8.144379e-05,5.8539933e-07,2.9949317e-06
20003,2024-09-10,1,D0,1,D0,1,D0,True,0.1403424,0.63601416,0.2235867,5.431087e-05,3.3965125e-07,2.0976909e-06
20003,2024-09-17,1,D0,1,D0,1,D0,True,0.16204123,0.6466424,0.19128096,3.3928758e-05,1.5358485e-07,1.3165825e-06
20003,2024-09-24,1,D0,1,D0,1,D0,True,0.10939579,0.6186362,0.27178708,0.0001786079,4.43906e-07,1.8983668e-06
20003,2024-10-01,1,D0,1,D0,1,D0,True,0.42173797,0.5413144,0.036938652,3.4517918e-06,3.9309265e-07,5.1648262e-06
20003,2024-10-08,1,D0,1,D0,1,D0,True,0.15765695,0.6429769,0.19933194,3.3185883e-05,9.8623815e-08,9.895879e-07
20003,2024-10-15,1,D0,1,D0,1,D0,True,0.12908876,0.6401169,0.2306868,0.00010387665,5.2342403e-07,3.1981676e-06
20003,2024-10-22,2,D1,1,D0,1,D0,False,0.13062665,0.63271505,0.23654236,0.00010992552,8.8702024e-07,5.2002424e-06
20003,2024-10-29,2,D1,2,D1,2,D1,True,0.0035246608,0.17248884,0.6216453,0.20118593,0.0011353594,1.9944797e-05
20003,2024-11-05,1,D0,2,D1,2,D1,False,0.0012738531,0.12557673,0.641345,0.23084855,0.00094691094,8.947721e-06
20003,2024-11-12,1,D0,1,D0,1,D0,True,0.19805002,0.548054,0.2537466,0.00013899134,2.2585145e-06,8.166054e-06
20003,2024-11-19,1,D0,1,D0,1,D0,True,0.26961026,0.58958787,0.14079049,1.074304e-05,1.5603446e-07,4.8085883e-07
20003,2024-11-26,1,D0,1,D0,1,D0,True,0.19988865,0.61605155,0.1840449,1.4506705e-05,9.787302e-08,2.0561336e-07
20003,2024-12-03,1,D0,1,D0,1,D0,True,0.13445765,0.6583263,0.20719959,1.6335716e-05,4.3559222e-08,8.635533e-08
20003,2024-12-10,1,D0,1,D0,1,D0,True,0.10563544,0.6747415,0.21960412,1.87105e-05,3.585399e-08,6.9436204e-08
20003,2024-12-17,1,D0,1,D0,1,D0,True,0.083167754,0.68562317,0.23118532,2.3619437e-05,4.2030273e-08,6.8326564e-08
20003,2024-12-24,1,D0,1,D0,1,D0,True,0.069541596,0.6832199,0.24720635,3.2105625e-05,5.3466117e-08,6.476449e-08
20003,2024-12-31,1,D0,1,D0,1,D0,True,0.06399626,0.67054236,0.26541692,4.4344615e-05,7.2198375e-08,6.4698085e-08
20003,2025-01-07,1,D0,1,D0,1,D0,True,0.061407164,0.6596893,0.27884534,5.803157e-05,9.38148e-08,6.2894244e-08
20003,2025-01-14,1,D0,1,D0,1,D0,True,0.060466398,0.64989245,0.28956878,7.216355e-05,1.150867e-07,6.022045e-08
20003,2025-01-21,1,D0,1,D0,1,D0,True,0.060970925,0.6411465,0.29779562,8.6750246e-05,1.3288681e-07,5.6703513e-08
20003,2025-01-28,1,D0,1,D0,1,D0,True,0.06272457,0.6344309,0.3027441,0.00010024794,1.4349182e-07,5.1658436e-08
20003,2025-02-04,1,D0,1,D0,1,D0,True,0.06614335,0.6301769,0.30357164,0.00010786716,1.4231819e-07,4.323859e-08
20003,2025-02-11,1,D0,1,D0,1,D0,True,0.06747924,0.63130665,0.30110416,0.000109802444,1.3050042e-07,3.851351e-08
20003,2025-02-18,1,D0,1,D0,1,D0,True,0.07181153,0.62640625,0.3016689,0.00011308103,1.208763e-07,3.7837122e-08
20003,2025-02-25,1,D0,1,D0,1,D0,True,0.0781278,0.6184044,0.30334562,0.00012198205,1.1922447e-07,3.8347988e-08
20003,2025-03-04,1,D0,1,D0,1,D0,True,0.08557087,0.6138134,0.30049005,0.00012552901,1.1686143e-07,4.0630226e-08
20003,2025-03-11,1,D0,1,D0,1,D0,True,0.097818136,0.62320155,0.2788463,0.00013383286,1.414067e-07,7.353153e-08
20003,2025-03-18,1,D0,1,D0,1,D0,True,0.16123064,0.61663914,0.22203508,9.467047e-05,1.920955e-07,2.1988642e-07
20003,2025-03-25,1,D0,1,D0,1,D0,True,0.1679491,0.6057795,0.22616035,0.00011055409,1.8298653e-07,2.6631133e-07
20003,2025-04-01,1,D0,1,D0,1,D0,True,0.17655677,0.5950858,0.22822925,0.00012765126,1.9920617e-07,3.761899e-07
20003,2025-04-08,1,D0,1,D0,1,D0,True,0.18195793,0.5883258,0.22958127,0.00013426784,2.18942e-07,5.548863e-07
20003,2025-04-15,1,D0,1,D0,1,D0,True,0.1843878,0.5854936,0.22999567,0.00012207923,1.9032808e-07,6.2142897e-07
20003,2025-04-22,0,None,1,D0,1,D0,False,0.19371033,0.56413764,0.24197404,0.00017579414,4.1363108e-07,1.7559823e-06
20003,2025-04-29,0,None,0,None,0,None,True,0.67185074,0.3279708,0.00017701363,4.6674455e-07,5.6559793e-07,4.4790298e-07
20003,2025-05-06,0,None,0,None,0,None,True,0.6771522,0.32271945,0.00012659196,6.340596e-07,6.852648e-07,4.3812682e-07
20003,2025-05-13,0,None,0,None,0,None,True,0.66434395,0.33546308,0.00018920739,1.340511e-06,1.3568223e-06,1.0536261e-06
20003,2025-05-20,0,None,0,None,0,None,True,0.6570872,0.34266323,0.00024326467,2.2013196e-06,2.136021e-06,1.9287447e-06
20003,2025-05-27,0,None,0,None,0,None,True,0.6539374,0.3458088,0.0002456871,2.6700684e-06,2.6378266e-06,2.7544368e-06
20003,2025-06-03,0,None,0,None,0,None,True,0.6492394,0.35055482,0.00019780779,2.3239181e-06,2.4184521e-06,3.2255734e-06
20003,2025-06-10,0,None,0,None,0,None,True,0.64399016,0.35585478,0.00014882277,1.567853e-06,1.70808e-06,2.9852436e-06
20003,2025-06-17,0,None,0,None,0,None,True,0.64006364,0.35981643,0.0001153765,1.0286703e-06,1.1477036e-06,2.4116384e-06
20003,2025-06-24,0,None,0,None,0,None,True,0.6378342,0.36206394,9.847842e-05,7.6590544e-07,8.3418456e-07,1.8072079e-06
20003,2025-07-01,0,None,0,None,0,None,True,0.6376721,0.3622311,9.4092466e-05,6.6256064e-07,6.7679247e-07,1.3407869e-06
20003,2025-07-08,0,None,0,None,0,None,True,0.63926774,0.36063948,9.054719e-05,5.945387e-07,5.709155e-07,1.0750889e-06
20003,2025-07-15,0,None,0,None,0,None,True,0.6431297,0.3567794,8.9021276e-05,5.495625e-07,5.020247e-07,8.807011e-07
20003,2025-07-22,0,None,0,None,0,None,True,0.645268,0.35463434,9.589218e-05,5.319631e-07,4.8445037e-07,7.828492e-07
20003,2025-07-29,0,None,0,None,0,None,True,0.65122885,0.34866875,0.00010057852,4.8975625e-07,5.939585e-07,7.0786604e-07
20003,2025-08-05,0,None,0,None,0,None,True,0.6527411,0.34715897,9.8215e-05,4.780358e-07,6.229365e-07,6.57698e-07
20003,2025-08-12,0,None,0,None,0,None,True,0.6508825,0.3490191,9.661692e-05,4.6253442e-07,6.113291e-07,6.7899504e-07
20003,2025-08-19,0,None,0,None,0,None,True,0.6484883,0.3514173,9.263482e-05,4.3840714e-07,5.848576e-07,7.251192e-07
20003,2025-08-26,0,None,0,None,0,None,True,0.64774936,0.3521577,9.119157e-05,4.3044187e-07,5.748896e-07,7.477052e-07
20003,2025-09-02,0,None,0,None,0,None,True,0.6492316,0.35067466,9.206046e-05,4.3586883e-07,5.760892e-07,7.204941e-07
20003,2025-09-09,0,None,0,None,0,None,True,0.65167916,0.34822574,9.33797e-05,4.4718226e-07,5.8331904e-07,6.6790153e-07
20003,2025-09-16,1,D0,0,None,0,None,False,0.6550947,0.3448084,9.531988e-05,4.5296053e-07,5.724074e-07,5.5541454e-07
20003,2025-09-23,0,None,1,D0,1,D0,False,0.3212581,0.6451912,0.033516586,2.8484155e-05,4.785818e-07,5.211607e-06
20003,2025-09-30,0,None,0,None,0,None,True,0.6527138,0.3471698,0.00011522274,3.1948966e-07,4.272489e-07,5.362439e-07
20003,2025-10-07,0,None,0,None,0,None,True,0.6616626,0.33825323,8.316426e-05,3.09981e-07,3.9630163e-07,3.100993e-07
20003,2025-10-14,1,D0,0,None,0,None,False,0.6564346,0.34345675,0.00010724552,4.5208685e-07,5.438079e-07,4.2854188e-07
20003,2025-10-21,1,D0,1,D0,1,D0,True,0.07703385,0.66803026,0.25481746,0.00011765212,1.2408272e-07,6.7313476e-07
20003,2025-10-28,1,D0,1,D0,1,D0,True,0.083894074,0.6285805,0.28724495,0.0002771523,8.4057297e-07,2.4633305e-06
20003,2025-11-04,1,D0,1,D0,1,D0,True,0.11348999,0.6509922,0.23542607,8.897905e-05,3.958613e-07,2.3053253e-06
20003,2025-11-11,1,D0,1,D0,1,D0,True,0.11395051,0.6686161,0.21738121,5.031715e-05,2.3821468e-07,1.6657643e-06
20003,2025-11-18,1,D0,1,D0,1,D0,True,0.08175034,0.67156756,0.24656409,0.000115522795,4.907182e-07,2.0192506e-06
20003,2025-11-25,1,D0,1,D0,1,D0,True,0.07132627,0.67442995,0.25410715,0.00013410553,5.43817e-07,1.9713857e-06
20003,2025-12-02,1,D0,1,D0,1,D0,True,0.069980934,0.67900467,0.2508999,0.000112194764,4.684477e-07,1.7737599e-06
20003,2025-12-09,1,D0,1,D0,1,D0,True,0.069593914,0.6834415,0.2468705,9.217572e-05,3.7770332e-07,1.4823955e-06
20003,2025-12-16,1,D0,1,D0,1,D0,True,0.069464855,0.6898929,0.2405641,7.6622266e-05,2.9567428e-07,1.1512328e-06
20003,2025-12-23,1,D0,1,D0,1,D0,True,0.06957558,0.69310415,0.23725094,6.828018e-05,2.419569e-07,8.9175677e-07
20003,2025-12-30,1,D0,1,D0,1,D0,True,0.0707462,0.69022375,0.23896097,6.8135916e-05,2.2191004e-07,7.37316e-07
20005,2022-01-04,0,None,0,None,0,None,True,0.71237916,0.2874341,0.00018304003,2.2405775e-06,1.4436487e-06,3.2639313e-08
20005,2022-01-11,0,None,0,None,0,None,True,0.7139907,0.28584734,0.00015876463,1.8836478e-06,1.300568e-06,3.537337e-08
20005,2022-01-18,0,None,0,None,0,None,True,0.71868736,0.2812008,0.00010946555,1.2744705e-06,9.710668e-07,5.63943e-08
20005,2022-01-25,0,None,0,None,0,None,True,0.7093135,0.29060805,7.6793425e-05,9.109346e-07,7.080826e-07,1.16805964e-07
20005,2022-02-01,0,None,0,None,0,None,True,0.678107,0.3218059,8.262739e-05,1.442184e-06,1.5579458e-06,1.4378088e-06
20005,2022-02-08,0,None,0,None,0,None,True,0.66566324,0.33422178,0.0001031922,1.98083e-06,3.5306794e-06,6.3709817e-06
20005,2022-02-15,0,None,0,None,0,None,True,0.6626668,0.33720943,0.00011016008,1.4381467e-06,3.7946681e-06,8.380811e-06
20005,2022-02-22,0,None,0,None,0,None,True,0.65540993,0.3444574,0.00011994456,1.399687e-06,3.3530703e-06,8.003547e-06
20005,2022-03-01,1,D0,0,None,0,None,False,0.65929693,0.34057936,0.00011155272,1.3163238e-06,3.3124968e-06,7.605526e-06
20005,2022-03-08,1,D0,1,D0,1,D0,True,0.058256082,0.6701778,0.2713582,0.00020643676,3.3857268e-07,1.111456e-06
20005,2022-03-15,1,D0,1,D0,1,D0,True,0.042885605,0.60183334,0.3545694,0.00070538174,2.7924912e-06,3.4798952e-06
20005,2022-03-22,1,D0,1,D0,1,D0,True,0.04608644,0.6138904,0.33943877,0.00057785027,2.8909253e-06,3.6930182e-06
20005,2022-03-29,0,None,1,D0,1,D0,False,0.07592281,0.6525327,0.2713978,0.00014359545,8.492113e-07,2.1707797e-06
20005,2022-04-05,0,None,0,None,0,None,True,0.67568314,0.3241459,0.00016673775,4.1514917e-07,1.2787835e-06,2.540188e-06
20005,2022-04-12,0,None,0,None,0,None,True,0.6807981,0.31908807,0.00010987131,4.4313262e-07,1.2378387e-06,2.2861286e-06
20005,2022-04-19,0,None,0,None,0,None,True,0.6717825,0.32806373,0.00014486027,9.621701e-07,2.6391847e-06,5.2653704e-06
20005,2022-04-26,0,None,0,None,0,None,True,0.6656496,0.33418018,0.00015515031,1.5476592e-06,4.3255254e-06,9.15354e-06
20005,2022-05-03,0,None,0,None,0,None,True,0.66265893,0.33716863,0.0001536209,1.963457e-06,5.2768596e-06,1.1530921e-05
20005,2022-05-10,0,None,0,None,0,None,True,0.6592324,0.34059978,0.0001482058,2.1452684e-06,5.416936e-06,1.2087989e-05
20005,2022-05-17,0,None,0,None,0,None,True,0.65577465,0.34406498,0.00014139479,2.137226e-06,5.0995923e-06,1.16977335e-05
20005,2022-05-24,0,None,0,None,0,None,True,0.65320176,0.34664625,0.00013421297,2.044227e-06,4.6576183e-06,1.0939899e-05
20005,2022-05-31,0,None,0,None,0,None,True,0.65076226,0.34909365,0.00012784135,1.9233917e-06,4.2124025e-06,1.0140575e-05
20005,2022-06-07,0,None,0,None,0,None,True,0.6487954,0.35106644,0.00012307288,1.8146649e-06,3.8329467e-06,9.436708e-06
20005,2022-06-14,0,None,0,None,0,None,True,0.64548135,0.354382,0.00012270456,1.7118557e-06,3.473051e-06,8.74791e-06
20005,2022-06-21,0,None,0,None,0,None,True,0.6451902,0.35467643,0.00012061328,1.5806804e-06,3.1891184e-06,8.002805e-06
20005,2022-06-28,0,None,0,None,0,None,True,0.6459151,0.35395113,0.00012184077,1.5073804e-06,2.978446e-06,7.457881e-06
20005,2022-07-05,0,None,0,None,0,None,True,0.6454963,0.35436586,0.00012649223,1.4643048e-06,2.7899118e-06,7.0276246e-06
20005,2022-07-12,0,None,0,None,0,None,True,0.6438987,0.35595664,0.00013387071,1.4394577e-06,2.6356722e-06,6.7582496e-06
20005,2022-07-19,0,None,0,None,0,None,True,0.6412371,0.35861096,0.00014180613,1.3982159e-06,2.4516391e-06,6.3329844e-06
20005,2022-07-26,0,None,0,None,0,None,True,0.6378183,0.36202383,0.0001484149,1.3393751e-06,2.2603283e-06,5.8868695e-06
20005,2022-08-02,0,None,0,None,0,None,True,0.6360691,0.36376944,0.00015271532,1.306769e-06,2.126043e-06,5.3503745e-06
20005,2022-08-09,0,None,0,None,0,None,True,0.64336306,0.35649064,0.00013742535,1.3492482e-06,2.3849707e-06,5.0904173e-06
20005,2022-08-16,0,None,1,D0,1,D0,False,0.3303176,0.643252,0.026374288,4.43426e-05,2.0517464e-06,9.762986e-06
20005,2022-08-23,0,None,1,D0,1,D0,False,0.3511344,0.6172965,0.0315275,3.270779e-05,1.5872266e-06,7.3779147e-06
20005,2022-08-30,0,None,1,D0,1,D0,False,0.41185474,0.57177424,0.016346881,1.6494287e-05,1.3747671e-06,6.280247e-06
20005,2022-09-06,1,D0,0,None,0,None,False,0.55030257,0.4480732,0.0016120456,4.1013955e-06,1.865351e-06,6.2362355e-06
20005,2022-09-13,1,D0,1,D0,1,D0,True,0.17147562,0.66444075,0.16400512,7.3878255e-05,6.689459e-07,3.856717e-06
20005,2022-09-20,2,D1,1,D0,1,D0,False,0.06822516,0.6122375,0.3191836,0.00035072994,1.0450176e-06,1.9521412e-06
20005,2022-09-27,2,D1,2,D1,2,D1,True,0.0031219665,0.20956802,0.58653665,0.20036805,0.00038731712,1.8016126e-05
20005,2022-10-04,2,D1,2,D1,2,D1,True,0.0014993614,0.14390627,0.6200449,0.23419657,0.00034240508,1.0516205e-05
20005,2022-10-11,2,D1,2,D1,2,D1,True,0.0013654656,0.12456348,0.6247818,0.24881762,0.00045337796,1.8232313e-05
20005,2022-10-18,3,D2,2,D1,2,D1,False,0.0011693819,0.1139739,0.64776695,0.23654583,0.0005238292,2.0102394e-05
20005,2022-10-25,3,D2,3,D2,3,D2,True,2.1386006e-06,2.3017223e-05,0.07113786,0.66960984,0.2591429,8.418346e-05
20005,2022-11-01,3,D2,3,D2,3,D2,True,1.0233418e-05,8.956234e-05,0.10500902,0.6545077,0.24017914,0.00020437212
20005,2022-11-08,2,D1,3,D2,3,D2,False,2.5629282e-05,0.00015771811,0.099753775,0.64133763,0.2578065,0.0009186361
20005,2022-11-15,2,D1,2,D1,2,D1,True,0.0209145,0.31792635,0.59568137,0.06519883,0.00018397513,9.487413e-05
20005,2022-11-22,2,D1,2,D1,2,D1,True,0.0045207185,0.17341536,0.6496687,0.17196113,0.0003441745,8.989304e-05
20005,2022-11-29,2,D1,2,D1,2,D1,True,0.0010845909,0.11048991,0.70122325,0.1870444,0.00014631172,1.1571777e-05
20005,2022-12-06,2,D1,2,D1,2,D1,True,0.000922524,0.10981328,0.71807164,0.17108679,9.8433324e-05,7.3487904e-06
20005,2022-12-13,2,D1,2,D1,2,D1,True,0.0008476777,0.112621546,0.72570205,0.1607345,8.8325294e-05,5.8398687e-06
20005,2022-12-20,2,D1,2,D1,2,D1,True,0.00094870146,0.12963928,0.72818726,0.14113715,8.227727e-05,5.302054e-06
20005,2022-12-27,2,D1,2,D1,2,D1,True,0.0011189426,0.15710871,0.7220236,0.11966422,8.0114696e-05,4.411922e-06
20005,2023-01-03,2,D1,2,D1,2,D1,True,0.001226082,0.1814079,0.71541566,0.10187608,7.129976e-05,3.0332476e-06
20005,2023-01-10,2,D1,2,D1,2,D1,True,0.0011997343,0.19528511,0.7148,0.088656195,5.7194633e-05,1.764333e-06
20005,2023-01-17,2,D1,2,D1,2,D1,True,0.001071013,0.20331961,0.71703607,0.07852929,4.3182452e-05,8.3708403e-07
20005,2023-01-24,2,D1,2,D1,2,D1,True,0.00096436555,0.20567313,0.72044784,0.07287991,3.4414246e-05,3.758458e-07
20005,2023-01-31,2,D1,2,D1,2,D1,True,0.0009527762,0.20739998,0.72057205,0.07104478,3.0181023e-05,2.394696e-07
20005,2023-02-07,2,D1,2,D1,2,D1,True,0.0010089859,0.20711705,0.71822333,0.07362176,2.8614868e-05,2.1754367e-07
20005,2023-02-14,1,D0,2,D1,2,D1,False,0.001126855,0.20389041,0.71252453,0.082428545,2.9403105e-05,2.6870126e-07
20005,2023-02-21,0,None,1,D0,1,D0,False,0.34666237,0.61672497,0.036610305,2.3079756e-06,8.423794e-09,3.4145955e-08
20005,2023-02-28,0,None,0,None,0,None,True,0.74905896,0.25088075,6.027543e-05,3.0949952e-08,2.8064926e-08,5.0880673e-09
20005,2023-03-07,0,None,0,None,0,None,True,0.7532083,0.24674727,4.4303702e-05,5.7186114e-08,5.1722598e-08,6.204377e-09
20005,2023-03-14,0,None,0,None,0,None,True,0.73715156,0.26274976,9.7883174e-05,3.9389613e-07,3.8997294e-07,5.8587542e-08
20005,2023-03-21,0,None,0,None,0,None,True,0.7060119,0.29373512,0.00024684938,2.589525e-06,2.7177148e-06,8.3804605e-07
20005,2023-03-28,0,None,0,None,0,None,True,0.66788477,0.33150104,0.0005835781,1.1702434e-05,1.1700257e-05,7.184224e-06
20005,2023-04-04,0,None,0,None,0,None,True,0.65125436,0.3479493,0.00074384117,1.8170373e-05,1.7813658e-05,1.6552567e-05
20005,2023-04-11,0,None,0,None,0,None,True,0.6452618,0.35396934,0.00070982345,1.9244999e-05,1.9285713e-05,2.0419795e-05
20005,2023-04-18,0,None,0,None,0,None,True,0.6435459,0.35580674,0.00060328,1.3127278e-05,1.4675966e-05,1.6258326e-05
20005,2023-04-25,0,None,0,None,0,None,True,0.6444952,0.35500583,0.00047048109,8.033016e-06,9.617104e-06,1.0862773e-05
20005,2023-05-02,0,None,0,None,0,None,True,0.6448881,0.35476676,0.0003267482,5.0185795e-06,5.7861075e-06,7.553413e-06
20005,2023-05-09,1,D0,0,None,0,None,False,0.6446687,0.35505518,0.00026311696,3.4586897e-06,3.9150586e-06,5.6424174e-06
20005,2023-05-16,0,None,1,D0,1,D0,False,0.4146579,0.5282095,0.056819692,0.0002373684,6.5214053e-06,6.9047775e-05
20005,2023-05-23,0,None,0,None,0,None,True,0.63475084,0.3650952,0.00014880534,8.5557224e-07,1.1443332e-06,3.0956253e-06
20005,2023-05-30,1,D0,0,None,0,None,False,0.58557135,0.4135286,0.00087677146,4.5936663e-06,2.741837e-06,1.6025186e-05
20005,2023-06-06,0,None,1,D0,1,D0,False,0.21958324,0.5297666,0.25034565,0.00029423588,1.1055706e-06,9.15939e-06
20005,2023-06-13,0,None,0,None,0,None,True,0.63213813,0.36772117,0.00013723515,3.9058304e-07,6.8147665e-07,2.4322414e-06
20005,2023-06-20,1,D0,0,None,0,None,False,0.64493936,0.35498837,7.040493e-05,2.5365964e-07,4.2758867e-07,1.090325e-06
20005,2023-06-27,2,D1,1,D0,1,D0,False,0.25836146,0.56716824,0.17432971,0.0001341643,5.3240035e-07,5.8985697e-06
20005,2023-07-04,2,D1,2,D1,2,D1,True,0.021267183,0.34125462,0.49653187,0.13967639,0.0011343078,0.00013555013
20005,2023-07-11,2,D1,2,D1,2,D1,True,0.016661298,0.3564309,0.46783453,0.15750073,0.0013835692,0.00018908684
20005,2023-07-18,2,D1,1,D0,1,D0,False,0.0325273,0.50714463,0.42964163,0.030312113,0.00027109275,0.000103325256
20005,2023-07-25,2,D1,1,D0,1,D0,False,0.038524337,0.5526858,0.39831793,0.010327107,9.147232e-05,5.3239084e-05
20005,2023-08-01,1,D0,1,D0,1,D0,True,0.04030568,0.57263225,0.38201627,0.0049839523,3.9434162e-05,2.2478514e-05
20005,2023-08-08,1,D0,1,D0,1,D0,True,0.041585762,0.6113197,0.34548426,0.0015962345,9.0440935e-06,4.955584e-06
20005,2023-08-15,1,D0,1,D0,1,D0,True,0.03106954,0.6052808,0.36232385,0.0013200345,4.5504507e-06,1.2540738e-06
20005,2023-08-22,1,D0,1,D0,0,None,False,0.44709548,0.55025244,0.0026519673,7.433601e-08,1.1584984e-08,1.8583826e-08
20005,2023-08-29,0,None,0,None,0,None,True,0.5021238,0.49633634,0.001539769,7.894322e-08,1.3060565e-08,2.4655689e-08
20005,2023-09-05,1,D0,0,None,0,None,False,0.7081821,0.29171905,9.872686e-05,5.1364804e-08,5.735681e-08,8.042436e-09
20005,2023-09-12,1,D0,1,D0,1,D0,True,0.29889292,0.6334588,0.06762226,2.303555e-05,8.9342996e-07,2.1173403e-06
20005,2023-09-19,1,D0,1,D0,1,D0,True,0.043348536,0.61141324,0.3449668,0.00026898022,1.4167437e-06,1.0158756e-06
20005,2023-09-26,1,D0,1,D0,1,D0,True,0.073601805,0.6031815,0.32293382,0.0002748783,3.6026865e-06,4.327225e-06
20005,2023-10-03,2,D1,1,D0,1,D0,False,0.08886988,0.6141532,0.2968002,0.00016875003,3.0546546e-06,4.929758e-06
20005,2023-10-10,2,D1,2,D1,2,D1,True,0.0006670117,0.09301588,0.7011565,0.20398997,0.001168682,1.9494798e-06
20005,2023-10-17,2,D1,2,D1,2,D1,True,0.0004566036,0.05670457,0.6512235,0.28794682,0.0036663406,2.1585522e-06
20005,2023-10-24,3,D2,2,D1,2,D1,False,0.0002733622,0.022763973,0.5780065,0.38054758,0.018407606,1.0358395e-06
20005,2023-10-31,2,D1,3,D2,3,D2,False,4.6579572e-07,7.575236e-06,0.057745695,0.64058036,0.30166584,3.3740772e-08
20005,2023-11-07,2,D1,2,D1,2,D1,True,0.0029000884,0.16762598,0.6865973,0.14236228,0.0005140388,3.2167614e-07
20005,2023-11-14,3,D2,2,D1,2,D1,False,0.0018330748,0.12483252,0.717467,0.15534215,0.00052499794,2.0132384e-07
20005,2023-11-21,3,D2,3,D2,3,D2,True,8.407278e-06,0.00022545185,0.16489753,0.6335611,0.20130756,8.607291e-08
20005,2023-11-28,3,D2,3,D2,3,D2,True,2.5039857e-05,0.0007233236,0.21670663,0.6101493,0.1723955,1.7859253e-07
20005,2023-12-05,3,D2,3,D2,3,D2,True,3.240235e-05,0.0008098997,0.20074512,0.60089856,0.19751357,4.0121796e-07
20005,2023-12-12,3,D2,3,D2,3,D2,True,4.699015e-05,0.0012294307,0.21500851,0.5996077,0.18410692,4.4140927e-07
20005,2023-12-19,3,D2,3,D2,3,D2,True,8.391704e-05,0.0018921541,0.23961508,0.6082309,0.15017754,4.3852822e-07
20005,2023-12-26,2,D1,3,D2,3,D2,False,0.00011121895,0.0022718238,0.25250322,0.6100587,0.1350546,3.7954652e-07
20005,2024-01-02,2,D1,2,D1,2,D1,True,0.011408873,0.36354798,0.6006474,0.024370443,2.5200601e-05,1.3491803e-07
20005,2024-01-09,2,D1,2,D1,2,D1,True,0.002331315,0.21248305,0.7291509,0.05600315,3.158914e-05,3.0979315e-08
20005,2024-01-16,2,D1,2,D1,2,D1,True,0.00758305,0.29326487,0.668183,0.030958116,1.0905935e-05,7.429793e-08
20005,2024-01-23,2,D1,2,D1,2,D1,True,0.007822584,0.2722684,0.67692685,0.042970624,1.1484987e-05,1.0521503e-07
20005,2024-01-30,2,D1,2,D1,2,D1,True,0.0053749816,0.23462464,0.69401324,0.06597568,1.1356312e-05,1.3241493e-07
20005,2024-02-06,2,D1,2,D1,2,D1,True,0.0041229245,0.19855957,0.7205517,0.07675236,1.2828589e-05,6.045969e-07
20005,2024-02-13,2,D1,2,D1,2,D1,True,0.003197097,0.1377064,0.69347924,0.16552266,7.781025e-05,1.6726017e-05
20005,2024-02-20,2,D1,2,D1,2,D1,True,0.0039547067,0.14055125,0.65979767,0.1954561,0.00019805379,4.219983e-05
20005,2024-02-27,2,D1,2,D1,2,D1,True,0.0052476353,0.15554942,0.66038525,0.1785129,0.0002460586,5.8758065e-05
20005,2024-03-05,2,D1,2,D1,2,D1,True,0.0064222533,0.17206684,0.66058105,0.16061066,0.0002516964,6.754431e-05
20005,2024-03-12,2,D1,2,D1,2,D1,True,0.0023803012,0.12532069,0.6708604,0.20111129,0.00029090085,3.6493944e-05
20005,2024-03-19,2,D1,2,D1,2,D1,True,0.00266578,0.13711,0.67108047,0.18882707,0.00027635708,4.0328905e-05
20005,2024-03-26,2,D1,2,D1,2,D1,True,0.0038327158,0.16427039,0.6661138,0.16547245,0.0002574683,5.3262884e-05
20005,2024-04-02,2,D1,2,D1,2,D1,True,0.004543306,0.18860991,0.66487384,0.14169766,0.00022191879,5.3360513e-05
20005,2024-04-09,2,D1,2,D1,2,D1,True,0.0049170493,0.21076924,0.6640686,0.12001892,0.00017897424,4.7201098e-05
20005,2024-04-16,2,D1,2,D1,2,D1,True,0.0051285555,0.22987486,0.6629048,0.101914085,0.00013887719,3.881993e-05
20005,2024-04-23,1,D0,2,D1,2,D1,False,0.005228984,0.24677727,0.6611071,0.08675182,0.000104595805,3.022938e-05
20005,2024-04-30,1,D0,1,D0,1,D0,True,0.3300842,0.6416161,0.028298818,8.1433467e-07,4.6784314e-09,7.684005e-08
20005,2024-05-07,1,D0,1,D0,1,D0,True,0.33120823,0.65675366,0.0120379105,1.2026734e-07,1.2799583e-09,2.138301e-08
20005,2024-05-14,1,D0,1,D0,1,D0,True,0.25614437,0.7095877,0.034267638,3.6790982e-07,1.7831027e-09,2.6984441e-08
20005,2024-05-21,0,None,1,D0,1,D0,False,0.19880237,0.7340191,0.067177795,7.605248e-07,2.0726203e-09,2.4362961e-08
20005,2024-05-28,0,None,0,None,0,None,True,0.64530516,0.35464022,5.4685283e-05,6.145248e-09,5.8313345e-09,2.6289502e-09
20005,2024-06-04,0,None,0,None,0,None,True,0.6666978,0.3332397,6.241604e-05,2.8110057e-08,2.0318021e-08,4.4327515e-09
20005,2024-06-11,0,None,0,None,0,None,True,0.66497916,0.33489,0.0001305213,1.5584816e-07,1.04357866e-07,1.6791166e-08
20005,2024-06-18,0,None,0,None,0,None,True,0.6841157,0.31564963,0.00023340937,5.5775854e-07,5.7822365e-07,6.712217e-08
20005,2024-06-25,0,None,0,None,0,None,True,0.6940146,0.30569407,0.00028900563,1.0729565e-06,1.1672753e-06,1.06111735e-07
20005,2024-07-02,0,None,0,None,0,None,True,0.69341224,0.30633685,0.00024802863,1.2564876e-06,1.4276184e-06,1.9550305e-07
20005,2024-07-09,0,None,0,None,0,None,True,0.68400246,0.31580165,0.00019322717,9.776638e-07,1.3494462e-06,3.0595552e-07
20005,2024-07-16,0,None,0,None,0,None,True,0.67475784,0.325088,0.00015210368,6.2129357e-07,1.0126696e-06,3.5669956e-07
20005,2024-07-23,0,None,0,None,0,None,True,0.6624911,0.33739132,0.00011627501,3.2537952e-07,6.6934774e-07,3.4581214e-07
20005,2024-07-30,0,None,0,None,0,None,True,0.6487038,0.35120484,9.028581e-05,1.7406985e-07,4.4606873e-07,3.826239e-07
20005,2024-08-06,0,None,0,None,0,None,True,0.6207704,0.37903854,0.00018896576,2.8649333e-07,6.6886054e-07,1.1471598e-06
20005,2024-08-13,0,None,0,None,0,None,True,0.57444304,0.42482594,0.0007273506,8.6673305e-07,6.9292963e-07,2.1272247e-06
20005,2024-08-20,1,D0,0,None,0,None,False,0.5807781,0.41858536,0.00063504657,5.834093e-07,3.6594193e-07,5.803002e-07
20005,2024-08-27,1,D0,1,D0,1,D0,True,0.06359516,0.7110852,0.22527382,4.5628913e-05,1.06917525e-07,1.8840889e-07
20005,2024-09-03,1,D0,1,D0,1,D0,True,0.039637707,0.6772777,0.2829309,0.00015276913,5.698997e-07,4.0575955e-07
20005,2024-09-10,1,D0,1,D0,1,D0,True,0.05199884,0.6770854,0.27079192,0.00012175989,8.6072345e-07,1.213215e-06
20005,2024-09-17,1,D0,1,D0,1,D0,True,0.064590424,0.68321335,0.25210994,8.359927e-05,8.7392317e-07,1.8251018e-06
20005,2024-09-24,1,D0,1,D0,1,D0,True,0.07331141,0.6782298,0.2483815,7.406762e-05,9.160865e-07,2.3615246e-06
20005,2024-10-01,2,D1,1,D0,1,D0,False,0.076306485,0.66519344,0.25841334,8.2101804e-05,1.150361e-06,3.578004e-06
20005,2024-10-08,2,D1,2,D1,2,D1,True,0.0071490575,0.38394508,0.57032305,0.038438197,0.00012576199,1.881653e-05
20005,2024-10-15,3,D2,2,D1,2,D1,False,0.000740798,0.122922346,0.67705137,0.198937,0.000343736,4.8025395e-06
20005,2024-10-22,3,D2,3,D2,3,D2,True,2.2426771e-05,0.0004119401,0.14504431,0.5219839,0.3325009,3.644389e-05
20005,2024-10-29,3,D2,3,D2,3,D2,True,1.3952133e-05,0.00021518866,0.11926137,0.5284008,0.35207072,3.7995407e-05
20005,2024-11-05,2,D1,3,D2,3,D2,False,1.0055372e-05,0.00011200906,0.07359708,0.534141,0.39201513,0.0001246797
20005,2024-11-12,2,D1,1,D0,1,D0,False,0.061605506,0.501739,0.42844436,0.008006267,0.00010198234,0.00010285014
20005,2024-11-19,2,D1,2,D1,2,D1,True,0.044868384,0.4223266,0.5141971,0.018263113,0.00023744824,0.00010726428
20005,2024-11-26,2,D1,2,D1,2,D1,True,0.010158264,0.28514576,0.6383205,0.066059455,0.00029389467,2.2088665e-05
20005,2024-12-03,2,D1,2,D1,2,D1,True,0.005083743,0.24629405,0.6864559,0.06207059,9.404211e-05,1.6382336e-06
20005,2024-12-10,2,D1,2,D1,2,D1,True,0.0028709613,0.19742416,0.73339003,0.06626766,4.6986977e-05,2.0908807e-07
20005,2024-12-17,2,D1,2,D1,2,D1,True,0.0023816875,0.18263516,0.75018823,0.064758636,3.6083988e-05,9.195122e-08
20005,2024-12-24,2,D1,2,D1,2,D1,True,0.002892225,0.21383095,0.7357966,0.047461547,1.8672814e-05,5.5553993e-08
20005,2024-12-31,2,D1,2,D1,2,D1,True,0.0029089132,0.21702923,0.7349889,0.04505595,1.691334e-05,4.8033808e-08
20005,2025-01-07,2,D1,2,D1,2,D1,True,0.0027116805,0.21493228,0.73661333,0.045724835,1.785081e-05,4.5697437e-08
20005,2025-01-14,2,D1,2,D1,2,D1,True,0.0025315802,0.20969483,0.7415711,0.046183694,1.870349e-05,4.158791e-08
20005,2025-01-21,2,D1,2,D1,2,D1,True,0.002406076,0.19979389,0.75040525,0.04737471,1.992299e-05,3.7517818e-08
20005,2025-01-28,2,D1,2,D1,2,D1,True,0.0023367717,0.19341283,0.7571346,0.04709609,1.9705727e-05,3.3559743e-08
20005,2025-02-04,1,D0,2,D1,2,D1,False,0.002313839,0.1908232,0.7623438,0.0445013,1.7831864e-05,2.9133906e-08
20005,2025-02-11,1,D0,1,D0,1,D0,True,0.29138872,0.63433427,0.07427256,4.487008e-06,1.8322396e-08,9.228205e-09
20005,2025-02-18,0,None,1,D0,1,D0,False,0.2826974,0.66062945,0.05667164,1.4630334e-06,7.2272797e-09,4.7971915e-09
20005,2025-02-25,0,None,0,None,0,None,True,0.68766534,0.31205493,0.00027969046,6.5872435e-08,2.4523583e-08,8.829775e-10
20005,2025-03-04,0,None,0,None,0,None,True,0.67555064,0.32397714,0.0004718364,2.7395367e-07,7.538039e-08,2.5297315e-09
20005,2025-03-11,0,None,0,None,0,None,True,0.6407297,0.35804388,0.0012248908,1.2330062e-06,2.351892e-07,9.47432e-09
20005,2025-03-18,0,None,0,None,0,None,True,0.71715534,0.28251603,0.00032750465,8.3073485e-07,3.1637197e-07,4.282803e-09
20005,2025-03-25,0,None,0,None,0,None,True,0.71258914,0.28681692,0.0005900541,2.7348833e-06,1.1015312e-06,1.5239944e-08
20005,2025-04-01,1,D0,0,None,0,None,False,0.7074605,0.29178712,0.00074462243,5.251073e-06,2.427524e-06,4.7868816e-08
20005,2025-04-08,0,None,1,D0,1,D0,False,0.3907082,0.5586425,0.050549794,9.724739e-05,1.6125762e-06,6.7734413e-07
20005,2025-04-15,0,None,0,None,0,None,True,0.7424394,0.257415,0.00014318454,1.3384697e-06,1.0666674e-06,5.056831e-08
20005,2025-04-22,1,D0,0,None,0,None,False,0.7133731,0.28649804,0.00012529429,1.7900381e-06,1.6201623e-06,2.0386871e-07
20005,2025-04-29,1,D0,1,D0,1,D0,True,0.1511884,0.58425903,0.26399115,0.0005585578,5.492852e-07,2.2497527e-06
20005,2025-05-06,1,D0,1,D0,1,D0,True,0.19075026,0.5121479,0.29607135,0.001010085,5.267537e-06,1.5215079e-05
20005,2025-05-13,2,D1,1,D0,1,D0,False,0.20978507,0.51857394,0.27106562,0.00055446685,3.9773845e-06,1.6963788e-05
20005,2025-05-20,1,D0,2,D1,2,D1,False,0.006631807,0.12785478,0.5301999,0.33193335,0.0032672766,0.00011291873
20005,2025-05-27,1,D0,1,D0,1,D0,True,0.24333915,0.4712913,0.28422987,0.0010865178,7.514915e-06,4.5624693e-05
20005,2025-06-03,1,D0,1,D0,1,D0,True,0.25948,0.5468135,0.19361101,8.392605e-05,1.0653806e-06,1.0455962e-05
20005,2025-06-10,1,D0,1,D0,1,D0,True,0.24858285,0.5637713,0.18756966,6.93235e-05,6.134877e-07,6.2281642e-06
20005,2025-06-17,1,D0,1,D0,1,D0,True,0.24159613,0.5799939,0.17835213,5.359158e-05,3.754631e-07,3.928357e-06
20005,2025-06-24,1,D0,1,D0,1,D0,True,0.24671185,0.5909284,0.1623223,3.4329383e-05,2.6810253e-07,2.9504772e-06
20005,2025-07-01,0,None,1,D0,1,D0,False,0.23007953,0.61006445,0.15982464,2.9194822e-05,1.7925309e-07,2.0058503e-06
20005,2025-07-08,0,None,0,None,0,None,True,0.5717233,0.4275956,0.00067946635,2.1459462e-07,2.415084e-07,1.1318068e-06
20005,2025-07-15,0,None,0,None,0,None,True,0.5786508,0.42083672,0.0005111084,2.495193e-07,2.589735e-07,8.928704e-07
20005,2025-07-22,0,None,0,None,0,None,True,0.5506471,0.4484946,0.00085677224,4.235527e-07,3.1683447e-07,8.279816e-07
20005,2025-07-29,0,None,0,None,0,None,True,0.65082943,0.3491062,6.424071e-05,5.2945698e-08,1.01244495e-07,8.189401e-08
20005,2025-08-05,0,None,0,None,0,None,True,0.6524043,0.34751716,7.799252e-05,1.1971449e-07,2.3795697e-07,1.3946861e-07
20005,2025-08-12,0,None,0,None,0,None,True,0.65220124,0.34770182,9.602016e-05,2.3288973e-07,4.6407706e-07,2.3283908e-07
20005,2025-08-19,0,None,0,None,0,None,True,0.6630994,0.33679703,0.00010230546,3.3250734e-07,6.930788e-07,2.823345e-07
20005,2025-08-26,1,D0,0,None,0,None,False,0.6668868,0.3330136,9.816398e-05,3.733229e-07,7.4589036e-07,2.8322958e-07
20005,2025-09-02,1,D0,1,D0,1,D0,True,0.04200122,0.67493486,0.28291363,0.00014979167,2.3579983e-07,2.4300712e-07
20005,2025-09-09,1,D0,1,D0,1,D0,True,0.03361142,0.6150314,0.3507747,0.0005791764,2.3635926e-06,8.6056883e-07
20005,2025-09-16,1,D0,1,D0,1,D0,True,0.053209007,0.64721936,0.2993624,0.00020719296,1.1011765e-06,1.0284865e-06
20005,2025-09-23,1,D0,1,D0,1,D0,True,0.064268425,0.65341985,0.28217024,0.00013898284,1.0390113e-06,1.4657327e-06
20005,2025-09-30,1,D0,1,D0,1,D0,True,0.057752363,0.6175747,0.32434618,0.0003196165,3.5635455e-06,3.5793425e-06
20005,2025-10-07,1,D0,1,D0,1,D0,True,0.07264806,0.6026933,0.32438686,0.00026197056,4.3245886e-06,5.4632583e-06
20005,2025-10-14,1,D0,1,D0,1,D0,True,0.06701361,0.55109566,0.38139513,0.00048600425,6.798048e-06,2.7274746e-06
20005,2025-10-21,1,D0,1,D0,1,D0,True,0.062364932,0.5127576,0.42419434,0.0006765099,5.745765e-06,8.695049e-07
20005,2025-10-28,1,D0,1,D0,1,D0,True,0.06503357,0.5179225,0.4164868,0.00055352383,3.0988429e-06,4.203818e-07
20005,2025-11-04,1,D0,1,D0,1,D0,True,0.03940746,0.5337904,0.42606822,0.0007320876,1.6266672e-06,1.784301e-07
20005,2025-11-11,1,D0,1,D0,1,D0,True,0.03798261,0.55560386,0.40578553,0.00062688906,9.605778e-07,1.21067e-07
20005,2025-11-18,1,D0,1,D0,1,D0,True,0.04417221,0.5628131,0.39251044,0.0005034815,7.378662e-07,1.00376155e-07
20005,2025-11-25,1,D0,1,D0,1,D0,True,0.049875468,0.5710586,0.3786534,0.00041202296,5.589029e-07,8.0609794e-08
20005,2025-12-02,1,D0,1,D0,1,D0,True,0.056584973,0.58668333,0.35642728,0.000303981,3.671311e-07,6.078683e-08
20005,2025-12-09,1,D0,1,D0,1,D0,True,0.059138864,0.59886074,0.341752,0.00024802715,2.507037e-07,4.3102258e-08
20005,2025-12-16,1,D0,1,D0,1,D0,True,0.060053308,0.61156225,0.3281779,0.00020636446,1.6199947e-07,2.7678816e-08
20005,2025-12-23,1,D0,1,D0,1,D0,True,0.06320394,0.61621827,0.32039243,0.00018526742,1.2117587e-07,2.1565222e-08
20005,2025-12-30,1,D0,1,D0,1,D0,True,0.069744065,0.61519057,0.3148867,0.00017858157,1.0886339e-07,2.3674781e-08
20007,2022-01-04,2,D1,2,D1,2,D1,True,0.00042340654,0.07433527,0.67339474,0.25171655,0.00012598991,4.0486066e-06
20007,2022-01-11,2,D1,2,D1,2,D1,True,0.00049909856,0.06897051,0.6576758,0.27248433,0.0003634828,6.8250665e-06
20007,2022-01-18,2,D1,2,D1,2,D1,True,0.0008841531,0.078411005,0.63434345,0.2856387,0.0007056586,1.6994672e-05
20007,2022-01-25,2,D1,2,D1,2,D1,True,0.0013242591,0.089133136,0.62047136,0.2880683,0.0009715235,3.146543e-05
20007,2022-02-01,2,D1,2,D1,2,D1,True,0.0017991115,0.0997035,0.61159784,0.28563002,0.0012199883,4.9493192e-05
20007,2022-02-08,2,D1,2,D1,2,D1,True,0.00229885,0.109337755,0.60476226,0.2820844,0.0014471115,6.952709e-05
20007,2022-02-15,2,D1,2,D1,2,D1,True,0.0027982702,0.119881704,0.6036479,0.2721015,0.0014876397,8.30083e-05
20007,2022-02-22,2,D1,2,D1,2,D1,True,0.0025810471,0.11007125,0.59284234,0.29154783,0.002854301,0.00010317702
20007,2022-03-01,2,D1,2,D1,2,D1,True,0.0033287262,0.12591678,0.59065604,0.27722955,0.0027493003,0.00011963778
20007,2022-03-08,3,D2,2,D1,2,D1,False,0.0037812581,0.13866635,0.59313637,0.26193017,0.0023706262,0.000115160256
20007,2022-03-15,3,D2,3,D2,3,D2,True,2.5649506e-06,2.7059508e-05,0.06566695,0.5786304,0.35565865,1.4438454e-05
20007,2022-03-22,3,D2,3,D2,3,D2,True,5.466155e-06,5.6692665e-05,0.07905474,0.5730988,0.3477554,2.8931267e-05
20007,2022-03-29,3,D2,3,D2,3,D2,True,1.0965974e-05,7.945058e-05,0.06910813,0.55770123,0.37298515,0.000115104434
20007,2022-04-05,3,D2,3,D2,3,D2,True,1.6105749e-05,9.896274e-05,0.07320206,0.554326,0.3721641,0.00019277666
20007,2022-04-12,3,D2,3,D2,3,D2,True,1.7153587e-05,0.00010494806,0.081470385,0.5569276,0.36129928,0.0001806267
20007,2022-04-19,3,D2,3,D2,3,D2,True,1.5234377e-05,9.812832e-05,0.09189543,0.5614202,0.34644887,0.00012221471
20007,2022-04-26,3,D2,3,D2,3,D2,True,1.9313033e-05,0.00012787805,0.11378619,0.5843244,0.30169073,5.14889e-05
20007,2022-05-03,3,D2,3,D2,3,D2,True,1.9357461e-05,9.7709555e-05,0.08899098,0.5749902,0.33580765,9.4136965e-05
20007,2022-05-10,3,D2,3,D2,3,D2,True,2.2992908e-05,0.000111664456,0.08795668,0.55802613,0.35366324,0.00021932997
20007,2022-05-17,3,D2,3,D2,3,D2,True,2.1916898e-05,0.000118696495,0.07956582,0.547236,0.37272322,0.00033436855
20007,2022-05-24,2,D1,3,D2,3,D2,False,1.9363977e-05,0.000118012824,0.07001277,0.53354573,0.39595616,0.00034793842
20007,2022-05-31,2,D1,3,D2,3,D2,False,0.0023543304,0.026991358,0.29271543,0.46078628,0.21601811,0.0011344538
20007,2022-06-07,1,D0,1,D0,1,D0,True,0.09926496,0.5948994,0.30500203,0.0008243782,2.2274935e-06,6.9908383e-06
20007,2022-06-14,1,D0,1,D0,1,D0,True,0.35867107,0.6352161,0.0061127353,8.9751985e-08,2.0922202e-09,2.4642052e-08
20007,2022-06-21,2,D1,1,D0,1,D0,False,0.34032404,0.6563422,0.0033337513,2.8525976e-08,6.2866495e-10,7.772017e-09
20007,2022-06-28,1,D0,1,D0,1,D0,True,0.016045218,0.6197492,0.36336967,0.0008351173,6.160519e-07,1.4008687e-07
20007,2022-07-05,1,D0,1,D0,1,D0,True,0.24315502,0.72974056,0.027104229,1.8630406e-07,1.1287289e-09,1.1490899e-08
20007,2022-07-12,1,D0,1,D0,1,D0,True,0.24395435,0.7384966,0.017548922,8.3438e-08,7.915414e-10,7.779394e-09
20007,2022-07-19,1,D0,1,D0,1,D0,True,0.072265014,0.7732402,0.15449148,3.2986807e-06,3.0798923e-09,1.2449096e-08
20007,2022-07-26,2,D1,1,D0,1,D0,False,0.055147164,0.7545402,0.19030409,8.568847e-06,7.239586e-09,1.7404036e-08
20007,2022-08-02,2,D1,2,D1,2,D1,True,0.00036282165,0.1559229,0.7744917,0.06920808,1.4438634e-05,1.2327101e-08
20007,2022-08-09,3,D2,2,D1,2,D1,False,0.00021811915,0.11385991,0.7826685,0.1032252,2.832637e-05,1.3343482e-08
20007,2022-08-16,3,D2,3,D2,3,D2,True,3.571821e-06,0.00011961855,0.14766355,0.63099504,0.22121815,1.1624521e-07
20007,2022-08-23,3,D2,3,D2,3,D2,True,5.9220392e-06,0.0001354818,0.124964625,0.63148487,0.24340886,3.5492337e-07
20007,2022-08-30,3,D2,3,D2,3,D2,True,1.7134882e-05,0.00018702203,0.09770751,0.6161724,0.28591335,2.621857e-06
20007,2022-09-06,4,D3,4,D3,3,D2,False,5.1772367e-05,0.00010086241,0.017404614,0.43831813,0.543474,0.00065068586
20007,2022-09-13,4,D3,4,D3,4,D3,True,5.07836e-05,6.79502e-05,0.0018796298,0.13858964,0.78732646,0.07208558
20007,2022-09-20,4,D3,4,D3,4,D3,True,4.1958636e-05,7.1550705e-05,0.0013625075,0.07232574,0.78010213,0.14609623
20007,2022-09-27,4,D3,4,D3,4,D3,True,3.853199e-05,7.4648786e-05,0.0013788728,0.057143915,0.753284,0.18808004
20007,2022-10-04,4,D3,4,D3,5,D4,False,1.7117922e-05,3.4423192e-05,0.0003657974,0.016230535,0.49763793,0.48571417
20007,2022-10-11,4,D3,5,D4,5,D4,False,1.5441668e-05,2.9431381e-05,0.00024547597,0.010513601,0.4175061,0.5716899
20007,2022-10-18,4,D3,5,D4,5,D4,False,1.6131871e-05,3.2061776e-05,0.00033870558,0.016841378,0.4322823,0.55048937
20007,2022-10-25,5,D4,4,D3,4,D3,False,1.3582499e-05,2.7950366e-05,0.00047023653,0.031393606,0.5279824,0.44011226
20007,2022-11-01,5,D4,5,D4,5,D4,True,6.28023e-07,3.3814179e-06,3.849267e-05,0.0015409458,0.25952247,0.7388941
20007,2022-11-08,5,D4,5,D4,5,D4,True,5.408676e-07,2.4993462e-06,2.3905663e-05,0.0010741891,0.25923753,0.73966134
20007,2022-11-15,5,D4,5,D4,5,D4,True,1.0599754e-06,3.8977305e-06,2.3561783e-05,0.0010013795,0.26623714,0.73273295
20007,2022-11-22,5,D4,5,D4,5,D4,True,1.1396787e-06,3.851603e-06,1.9244759e-05,0.0009870298,0.27756575,0.721423
20007,2022-11-29,5,D4,5,D4,5,D4,True,1.2324607e-06,4.1383196e-06,2.0883697e-05,0.0011444086,0.2886566,0.7101727
20007,2022-12-06,5,D4,5,D4,5,D4,True,1.0532443e-06,3.413944e-06,2.109802e-05,0.0013915474,0.2995682,0.6990147
20007,2022-12-13,5,D4,5,D4,5,D4,True,8.333856e-07,2.4575031e-06,1.6744185e-05,0.0012955315,0.31073946,0.687945
20007,2022-12-20,5,D4,5,D4,5,D4,True,7.7896607e-07,1.8885326e-06,1.4104374e-05,0.0012064328,0.33198887,0.6667879
20007,2022-12-27,5,D4,5,D4,5,D4,True,8.0187164e-07,1.6261108e-06,1.43102725e-05,0.0012636223,0.34634414,0.65237546
20007,2023-01-03,5,D4,5,D4,5,D4,True,7.2174475e-07,1.3779096e-06,1.374671e-05,0.0012437744,0.34341666,0.65532374
20007,2023-01-10,5,D4,5,D4,5,D4,True,4.6260945e-07,9.3189993e-07,1.0944191e-05,0.0011115848,0.33200455,0.6668715
20007,2023-01-17,5,D4,5,D4,5,D4,True,1.239559e-07,3.026042e-07,4.3835944e-06,0.0007184291,0.2848241,0.7144526
20007,2023-01-24,5,D4,5,D4,5,D4,True,5.041699e-08,1.4194596e-07,2.6526016e-06,0.00054729986,0.2402606,0.75918925
20007,2023-01-31,5,D4,5,D4,5,D4,True,3.566912e-08,1.01389034e-07,2.3247912e-06,0.00051159173,0.2333393,0.76614666
20007,2023-02-07,5,D4,5,D4,5,D4,True,2.8132593e-08,8.1743224e-08,2.0804853e-06,0.0004915833,0.22761448,0.7718918
20007,2023-02-14,5,D4,5,D4,5,D4,True,2.4963516e-08,7.660232e-08,2.053308e-06,0.00050084654,0.2211021,0.7783949
20007,2023-02-21,5,D4,5,D4,5,D4,True,2.67276e-08,8.539808e-08,2.2638474e-06,0.00056063634,0.21709608,0.7823409
20007,2023-02-28,5,D4,5,D4,5,D4,True,4.0139707e-08,1.2404482e-07,3.0912643e-06,0.00075053354,0.2149394,0.7843068
20007,2023-03-07,5,D4,5,D4,5,D4,True,1.3463354e-07,3.7762797e-07,6.5320332e-06,0.0013282488,0.22010016,0.7785646
20007,2023-03-14,5,D4,5,D4,5,D4,True,2.5261483e-07,6.9110035e-07,8.727747e-06,0.0013993863,0.23582768,0.7627632
20007,2023-03-21,5,D4,5,D4,5,D4,True,3.3069875e-07,9.2865804e-07,1.1293934e-05,0.001684131,0.24229586,0.7560075
20007,2023-03-28,5,D4,5,D4,5,D4,True,4.1414114e-07,1.1389008e-06,1.5609066e-05,0.0024419841,0.24523619,0.7523047
20007,2023-04-04,5,D4,5,D4,5,D4,True,4.9671235e-07,1.2370239e-06,2.3964185e-05,0.0047908286,0.24683194,0.7483515
20007,2023-04-11,5,D4,5,D4,5,D4,True,5.878247e-07,1.3665523e-06,3.4038152e-05,0.0072020288,0.24151172,0.75125027
20007,2023-04-18,5,D4,5,D4,5,D4,True,7.171428e-07,1.6541075e-06,4.563474e-05,0.008908006,0.24465245,0.74639153
20007,2023-04-25,5,D4,5,D4,5,D4,True,1.1206831e-06,2.4867995e-06,6.860897e-05,0.010922388,0.27039668,0.71860874
20007,2023-05-02,5,D4,5,D4,5,D4,True,1.7903724e-06,3.7459965e-06,0.00010078031,0.012067807,0.3106198,0.67720616
20007,2023-05-09,5,D4,5,D4,5,D4,True,4.3547097e-06,8.753732e-06,0.00020348567,0.015363844,0.3566912,0.6277284
20007,2023-05-16,5,D4,5,D4,5,D4,True,5.3310655e-06,9.032904e-06,0.00018282338,0.012820567,0.40468526,0.582297
20007,2023-05-23,5,D4,5,D4,5,D4,True,6.1044907e-06,1.0752445e-05,0.00010911597,0.0056188656,0.39698273,0.59727246
20007,2023-05-30,5,D4,5,D4,5,D4,True,2.6499138e-05,4.1271465e-05,0.0002762406,0.008104176,0.48046252,0.5110894
20007,2023-06-06,4,D3,5,D4,5,D4,False,2.2824799e-05,3.7479367e-05,0.0003676012,0.010902523,0.48280627,0.50586325
20007,2023-06-13,4,D3,4,D3,4,D3,True,2.8676423e-06,3.770344e-06,0.004944091,0.26924437,0.7254901,0.00031488927
20007,2023-06-20,4,D3,4,D3,4,D3,True,1.8094277e-06,2.9671623e-06,0.005873288,0.32807234,0.66599363,5.5970882e-05
20007,2023-06-27,4,D3,4,D3,4,D3,True,1.4532006e-06,2.3962841e-06,0.005124295,0.31697345,0.6778222,7.624288e-05
20007,2023-07-04,4,D3,4,D3,4,D3,True,1.8834608e-06,2.8322831e-06,0.004901905,0.3090589,0.685858,0.00017648481
20007,2023-07-11,2,D1,4,D3,4,D3,False,2.6203738e-06,3.3043918e-06,0.0031444472,0.27024043,0.72550845,0.0011007641
20007,2023-07-18,2,D1,2,D1,2,D1,True,0.0019166591,0.16908172,0.6086761,0.21995176,0.0003442463,2.961074e-05
20007,2023-07-25,1,D0,2,D1,2,D1,False,0.00040842433,0.119781524,0.70664227,0.17311081,5.467397e-05,2.4228323e-06
20007,2023-08-01,1,D0,1,D0,1,D0,True,0.2745706,0.6298431,0.09557223,1.2575077e-05,1.7118744e-07,1.2919041e-06
20007,2023-08-08,1,D0,1,D0,1,D0,True,0.3182182,0.64186954,0.039910052,1.8232017e-06,5.6001536e-08,2.9445695e-07
20007,2023-08-15,1,D0,1,D0,1,D0,True,0.2003358,0.67892665,0.12073098,6.1735273e-06,7.171607e-08,3.018925e-07
20007,2023-08-22,1,D0,1,D0,1,D0,True,0.31658196,0.6406397,0.04277548,2.4484866e-06,8.2460474e-08,3.6672927e-07
20007,2023-08-29,1,D0,1,D0,1,D0,True,0.22144121,0.654362,0.12418492,1.1260653e-05,1.0196046e-07,5.2508796e-07
20007,2023-09-05,1,D0,1,D0,1,D0,True,0.20366482,0.6346261,0.16168286,2.560622e-05,1.01764584e-07,6.334777e-07
20007,2023-09-12,1,D0,1,D0,1,D0,True,0.20403352,0.61569494,0.18020056,6.99231e-05,2.0630294e-07,9.161027e-07
20007,2023-09-19,0,None,1,D0,1,D0,False,0.2066718,0.60357577,0.18963152,0.000119009834,3.81819e-07,1.5306472e-06
20007,2023-09-26,0,None,0,None,0,None,True,0.64330465,0.35533312,0.0013577648,2.8008758e-06,8.799197e-07,8.913454e-07
20007,2023-10-03,0,None,0,None,0,None,True,0.6283048,0.36967632,0.0020068528,8.283176e-06,1.8551684e-06,1.8859974e-06
20007,2023-10-10,0,None,0,None,0,None,True,0.61128825,0.38506985,0.0036129456,2.0246636e-05,3.9184924e-06,4.7979256e-06
20007,2023-10-17,0,None,0,None,0,None,True,0.5993685,0.39543125,0.005149841,3.4339624e-05,6.567246e-06,9.468096e-06
20007,2023-10-24,0,None,0,None,0,None,True,0.5943761,0.39937878,0.0061701774,4.8867427e-05,1.0656818e-05,1.549065e-05
20007,2023-10-31,0,None,0,None,0,None,True,0.5917051,0.40180558,0.006397092,5.7118097e-05,1.3719657e-05,2.138671e-05
20007,2023-11-07,0,None,0,None,0,None,True,0.58276474,0.4099398,0.0071862014,6.692667e-05,1.4647229e-05,2.7679433e-05
20007,2023-11-14,0,None,0,None,0,None,True,0.5790395,0.41377354,0.0070751584,6.671991e-05,1.4390713e-05,3.0689152e-05
20007,2023-11-21,0,None,0,None,0,None,True,0.49994594,0.46494523,0.034852486,0.00019327836,1.1933995e-05,5.1177925e-05
20007,2023-11-28,0,None,0,None,0,None,True,0.51975524,0.45559773,0.024454093,0.00013224364,1.2193613e-05,4.846278e-05
20007,2023-12-05,0,None,0,None,0,None,True,0.5608521,0.42916402,0.009873227,6.443441e-05,1.0815867e-05,3.5432695e-05
20007,2023-12-12,0,None,0,None,0,None,True,0.5665072,0.4254398,0.0079590315,5.3486056e-05,9.504773e-06,3.0936877e-05
20007,2023-12-19,0,None,0,None,0,None,True,0.5641509,0.4278169,0.007944028,5.0864623e-05,8.454297e-06,2.881854e-05
20007,2023-12-26,0,None,0,None,0,None,True,0.5632101,0.4289258,0.0077818553,4.7712216e-05,7.66952e-06,2.6915655e-05
20007,2024-01-02,0,None,0,None,0,None,True,0.5589519,0.4326029,0.008364368,4.7942915e-05,7.0457504e-06,2.5771747e-05
20007,2024-01-09,0,None,0,None,0,None,True,0.5588581,0.43286166,0.008203463,4.5594836e-05,6.656923e-06,2.4505487e-05
20007,2024-01-16,0,None,0,None,0,None,True,0.5589119,0.4329758,0.008038674,4.3773085e-05,6.3694597e-06,2.3410234e-05
20007,2024-01-23,0,None,0,None,0,None,True,0.5587477,0.43323037,0.007950601,4.2590465e-05,6.1709893e-06,2.256036e-05
20007,2024-01-30,0,None,0,None,0,None,True,0.6788263,0.32093874,0.0002284819,2.91853e-06,2.3474186e-06,1.2802606e-06
20007,2024-02-06,0,None,0,None,0,None,True,0.67572844,0.3240006,0.00026142903,4.596828e-06,3.5025234e-06,1.486233e-06
20007,2024-02-13,0,None,0,None,0,None,True,0.6695648,0.33004627,0.0003713659,8.640504e-06,6.4535852e-06,2.4709987e-06
20007,2024-02-20,0,None,0,None,0,None,True,0.666875,0.3326089,0.00048708956,1.4475342e-05,1.0916042e-05,3.6407791e-06
20007,2024-02-27,0,None,0,None,0,None,True,0.6671877,0.33222356,0.00054966577,1.9392653e-05,1.5056075e-05,4.6243017e-06
20007,2024-03-05,0,None,0,None,0,None,True,0.6676648,0.3317234,0.0005680378,2.1521415e-05,1.7109967e-05,5.064812e-06
20007,2024-03-12,1,D0,0,None,0,None,False,0.6227419,0.3748917,0.002247236,6.3819825e-05,3.4278757e-05,2.1128299e-05
20007,2024-03-19,1,D0,1,D0,1,D0,True,0.104125746,0.52476037,0.36937526,0.0017327903,2.896061e-06,2.9568723e-06
20007,2024-03-26,2,D1,1,D0,1,D0,False,0.11678822,0.5005848,0.37904707,0.0035530014,1.4457938e-05,1.24772805e-05
20007,2024-04-02,2,D1,2,D1,2,D1,True,0.0021152648,0.09659244,0.5789238,0.32076028,0.001604061,4.142757e-06
20007,2024-04-09,2,D1,2,D1,2,D1,True,0.001336349,0.07176516,0.5685242,0.35634032,0.0020302888,3.7525238e-06
20007,2024-04-16,3,D2,2,D1,2,D1,False,0.0022192418,0.09038065,0.56643367,0.33887815,0.002083006,5.2929777e-06
20007,2024-04-23,3,D2,3,D2,3,D2,True,8.6067183e-07,4.2797033e-06,0.026595984,0.63131416,0.34208223,2.5139145e-06
20007,2024-04-30,3,D2,3,D2,3,D2,True,5.990644e-06,2.5892157e-05,0.037560314,0.61682916,0.345565,1.3693692e-05
20007,2024-05-07,3,D2,3,D2,3,D2,True,2.0065274e-05,6.368435e-05,0.039878514,0.59820443,0.36176115,7.214924e-05
20007,2024-05-14,3,D2,3,D2,3,D2,True,3.336981e-05,0.00010823499,0.049511813,0.6047146,0.345556,7.597068e-05
20007,2024-05-21,3,D2,3,D2,3,D2,True,4.0468927e-05,0.00013943184,0.058829553,0.6139693,0.32697433,4.685385e-05
20007,2024-05-28,3,D2,3,D2,3,D2,True,3.618723e-05,0.0001525224,0.073212855,0.6221645,0.30441,2.3923887e-05
20007,2024-06-04,3,D2,3,D2,3,D2,True,3.864664e-05,0.00024710086,0.12047725,0.6047553,0.2744734,8.325195e-06
20007,2024-06-11,3,D2,3,D2,3,D2,True,7.4825206e-05,0.0006016691,0.1857299,0.5529033,0.2606846,5.727299e-06
20007,2024-06-18,3,D2,3,D2,3,D2,True,7.707607e-05,0.00060250954,0.18990818,0.53550076,0.2739079,3.5601156e-06
20007,2024-06-25,2,D1,3,D2,3,D2,False,7.3663505e-05,0.0006251207,0.19514275,0.5346791,0.26947764,1.7276117e-06
20007,2024-07-02,1,D0,2,D1,2,D1,False,0.01685227,0.31872347,0.61502856,0.049313486,8.118345e-05,9.859914e-07
20007,2024-07-09,1,D0,1,D0,1,D0,True,0.40338498,0.56408465,0.032527912,2.394004e-06,1.8986993e-08,2.0633157e-08
20007,2024-07-16,1,D0,1,D0,1,D0,True,0.35546747,0.62434584,0.020186445,3.1241336e-07,1.3224907e-09,3.3891265e-09
20007,2024-07-23,1,D0,1,D0,1,D0,True,0.24370994,0.716318,0.03997149,5.974937e-07,1.3315304e-09,9.770607e-09
20007,2024-07-30,2,D1,1,D0,1,D0,False,0.2071644,0.7259932,0.06684076,1.5953024e-06,2.3593785e-09,1.9094088e-08
20007,2024-08-06,2,D1,2,D1,2,D1,True,0.007610731,0.367147,0.597879,0.027357213,5.66611e-06,4.4259227e-07
20007,2024-08-13,2,D1,2,D1,2,D1,True,0.0010307586,0.1973936,0.7385017,0.06306894,4.686488e-06,2.301916e-07
20007,2024-08-20,3,D2,2,D1,2,D1,False,0.0008119049,0.15913299,0.749376,0.090669766,8.822193e-06,4.9338985e-07
20007,2024-08-27,3,D2,3,D2,3,D2,True,4.2698877e-05,0.0014005331,0.3157252,0.6090141,0.07381195,5.453289e-06
20007,2024-09-03,3,D2,3,D2,3,D2,True,7.71589e-06,0.00013377015,0.15074621,0.68910223,0.16000213,8.023975e-06
20007,2024-09-10,3,D2,3,D2,3,D2,True,3.4903638e-05,0.00064976356,0.21700832,0.6413246,0.14094685,3.5608078e-05
20007,2024-09-17,3,D2,3,D2,3,D2,True,4.0235685e-05,0.0006965684,0.21393442,0.6273519,0.1579097,6.712931e-05
20007,2024-09-24,2,D1,3,D2,3,D2,False,4.8967464e-05,0.0008444813,0.22455435,0.61466306,0.15981877,7.0429596e-05
20007,2024-10-01,2,D1,1,D0,1,D0,False,0.04304307,0.49122626,0.45859,0.0071190847,6.9271982e-06,1.4605449e-05
20007,2024-10-08,2,D1,2,D1,2,D1,True,0.016110478,0.37526074,0.5834221,0.025183635,1.17199215e-05,1.13115775e-05
20007,2024-10-15,2,D1,2,D1,2,D1,True,0.0069052447,0.28519928,0.6617529,0.046128783,9.165522e-06,4.6280893e-06
20007,2024-10-22,2,D1,2,D1,2,D1,True,0.006312388,0.2711408,0.66956747,0.052965313,9.599277e-06,4.519543e-06
20007,2024-10-29,2,D1,2,D1,2,D1,True,0.005366496,0.24620417,0.67948747,0.06892349,1.3239251e-05,5.1591983e-06
20007,2024-11-05,1,D0,2,D1,2,D1,False,0.007653137,0.27144474,0.6620428,0.05883894,1.3414654e-05,7.0015362e-06
20007,2024-11-12,0,None,1,D0,1,D0,False,0.3088585,0.65155846,0.03958125,1.6033755e-06,8.53416e-09,1.5438484e-07
20007,2024-11-19,0,None,0,None,0,None,True,0.68790215,0.3120221,7.5755874e-05,1.9089464e-08,2.9610984e-08,3.4248067e-08
20007,2024-11-26,0,None,0,None,0,None,True,0.6864001,0.31354213,5.7503185e-05,3.919968e-08,5.2044776e-08,3.8102414e-08
20007,2024-12-03,0,None,0,None,0,None,True,0.67994964,0.3199577,9.214643e-05,1.5934152e-07,2.0374416e-07,1.2267108e-07
20007,2024-12-10,0,None,0,None,0,None,True,0.66902703,0.33081895,0.00015223984,5.432136e-07,7.433366e-07,4.9559935e-07
20007,2024-12-17,0,None,0,None,0,None,True,0.6567052,0.34309605,0.00019413156,1.2160359e-06,1.7640616e-06,1.535751e-06
20007,2024-12-24,0,None,0,None,0,None,True,0.64712274,0.35268074,0.00018893892,1.7055103e-06,2.759936e-06,3.0972435e-06
20007,2024-12-31,0,None,0,None,0,None,True,0.643775,0.35605934,0.00015718811,1.5926518e-06,2.9975095e-06,3.8871312e-06
20007,2025-01-07,0,None,0,None,0,None,True,0.6469433,0.3529301,0.000120755336,9.3014586e-07,2.216684e-06,2.6775158e-06
20007,2025-01-14,0,None,0,None,0,None,True,0.649411,0.35047632,0.00010970538,4.7626287e-07,1.1939097e-06,1.3181855e-06
20007,2025-01-21,0,None,0,None,0,None,True,0.64334637,0.35652304,0.0001289912,3.491091e-07,6.0369564e-07,6.6450673e-07
20007,2025-01-28,0,None,0,None,0,None,True,0.6413093,0.35856313,0.0001264539,2.6817884e-07,3.7255958e-07,4.0668303e-07
20007,2025-02-04,0,None,0,None,0,None,True,0.64063776,0.35924935,0.00011218136,2.0605435e-07,2.483554e-07,2.65651e-07
20007,2025-02-11,0,None,0,None,0,None,True,0.6428528,0.35704097,0.000105637024,1.917887e-07,2.0188077e-07,1.8479776e-07
20007,2025-02-18,0,None,0,None,0,None,True,0.6403404,0.3595188,0.00013975638,3.2734212e-07,3.6587477e-07,3.0956653e-07
20007,2025-02-25,0,None,0,None,0,None,True,0.63542676,0.36435327,0.00021745864,7.224214e-07,9.340274e-07,8.9256173e-07
20007,2025-03-04,1,D0,0,None,0,None,False,0.59470075,0.40444243,0.00084646675,2.2614859e-06,2.451315e-06,5.586544e-06
20007,2025-03-11,2,D1,1,D0,1,D0,False,0.03848094,0.63763815,0.32362255,0.00025645108,5.4519893e-07,1.3694813e-06
20007,2025-03-18,3,D2,2,D1,2,D1,False,0.0006129058,0.1118427,0.49493316,0.38865444,0.003899596,5.732975e-05
20007,2025-03-25,3,D2,3,D2,3,D2,True,3.358943e-05,0.0007688587,0.082704216,0.4781407,0.43641227,0.0019402287
20007,2025-04-01,3,D2,4,D3,3,D2,True,7.986326e-05,0.0012243191,0.07712367,0.45426556,0.46102896,0.0062776958
20007,2025-04-08,3,D2,4,D3,3,D2,True,0.00014933966,0.0014602478,0.06832271,0.41715878,0.49715915,0.015749825
20007,2025-04-15,3,D2,3,D2,3,D2,True,0.00049461564,0.0039082104,0.11982637,0.4439273,0.4227802,0.009063303
20007,2025-04-22,2,D1,3,D2,3,D2,False,0.0005601698,0.0036750897,0.11732072,0.44823778,0.42397037,0.0062358277
20007,2025-04-29,1,D0,1,D0,1,D0,True,0.12976001,0.5616311,0.30569854,0.002779834,2.833965e-05,0.000102176156
20007,2025-05-06,1,D0,1,D0,1,D0,True,0.26168835,0.60399723,0.13426931,3.3978762e-05,6.908891e-07,1.047287e-05
20007,2025-05-13,1,D0,1,D0,1,D0,True,0.2070476,0.6342626,0.15865569,2.8795592e-05,4.7111513e-07,4.795678e-06
20007,2025-05-20,1,D0,1,D0,1,D0,True,0.24365228,0.6247151,0.13162072,9.210769e-06,2.1631926e-07,2.4732735e-06
20007,2025-05-27,0,None,1,D0,1,D0,False,0.22963332,0.62454265,0.14580888,1.2169613e-05,2.9706553e-07,2.7353922e-06
20007,2025-06-03,0,None,0,None,0,None,True,0.64806044,0.3517578,0.0001817206,1.3073263e-08,1.767379e-08,4.6644676e-08
20007,2025-06-10,0,None,0,None,0,None,True,0.7303828,0.26956266,5.4474855e-05,1.872822e-08,2.912365e-08,4.332957e-09
20007,2025-06-17,0,None,0,None,0,None,True,0.75893193,0.24099551,7.2286064e-05,8.5337334e-08,1.3673645e-07,5.5246066e-09
20007,2025-06-24,0,None,0,None,0,None,True,0.7432106,0.25668082,0.0001078762,2.477329e-07,3.8306885e-07,1.819556e-08
20007,2025-07-01,0,None,0,None,0,None,True,0.71038145,0.28946102,0.0001562345,5.1729324e-07,7.207367e-07,5.5019623e-08
20007,2025-07-08,0,None,0,None,0,None,True,0.6949859,0.3047703,0.00024014918,1.3743513e-06,2.0629332e-06,1.8410707e-07
20007,2025-07-15,0,None,0,None,0,None,True,0.6900314,0.30973184,0.0002311857,2.0955774e-06,3.127035e-06,3.2040907e-07
20007,2025-07-22,0,None,0,None,0,None,True,0.6820278,0.31776443,0.00020091765,2.5797797e-06,3.7651628e-06,5.0706285e-07
20007,2025-07-29,0,None,0,None,0,None,True,0.6799999,0.31980667,0.0001855301,3.0142232e-06,4.2050942e-06,6.7814693e-07
20007,2025-08-05,0,None,0,None,0,None,True,0.6758002,0.3239981,0.00019369394,3.322863e-06,3.998498e-06,7.1533333e-07
20007,2025-08-12,0,None,0,None,0,None,True,0.6736698,0.3261047,0.00021799526,3.3218564e-06,3.5385606e-06,6.2895947e-07
20007,2025-08-19,0,None,0,None,0,None,True,0.6912956,0.30839542,0.00029995336,4.326254e-06,4.2304637e-06,4.6163433e-07
20007,2025-08-26,0,None,0,None,0,None,True,0.70793915,0.29170564,0.00034491226,4.97947e-06,4.953883e-06,3.650798e-07
20007,2025-09-02,0,None,0,None,0,None,True,0.698209,0.30146894,0.0003138794,4.351131e-06,3.5949956e-06,2.514396e-07
20007,2025-09-09,0,None,0,None,0,None,True,0.7108967,0.28880662,0.00028861535,4.6299147e-06,3.3339695e-06,9.4111364e-08
20007,2025-09-16,0,None,0,None,0,None,True,0.72102875,0.27865368,0.00030706127,6.1570677e-06,4.266854e-06,8.2297696e-08
20007,2025-09-23,0,None,0,None,0,None,True,0.71436316,0.2853146,0.00031205994,6.178969e-06,3.906151e-06,1.124321e-07
20007,2025-09-30,0,None,0,None,0,None,True,0.71128833,0.2883906,0.00031048377,6.189484e-06,4.2127062e-06,1.4486778e-07
20007,2025-10-07,0,None,0,None,0,None,True,0.7111657,0.2885592,0.00026518156,5.645882e-06,4.062623e-06,1.7421266e-07
20007,2025-10-14,0,None,0,None,0,None,True,0.7110672,0.28873184,0.00019413934,3.8879025e-06,2.6971811e-06,2.0125236e-07
20007,2025-10-21,0,None,0,None,0,None,True,0.7019064,0.29794058,0.00014902683,2.3805335e-06,1.4497072e-06,1.8612167e-07
20007,2025-10-28,0,None,0,None,0,None,True,0.67738366,0.3224556,0.00015639853,2.126186e-06,1.575894e-06,6.337418e-07
20007,2025-11-04,0,None,0,None,0,None,True,0.6494678,0.35026103,0.00025793657,4.109866e-06,3.5448727e-06,5.501182e-06
20007,2025-11-11,0,None,0,None,0,None,True,0.62588966,0.37383378,0.0002630772,3.5679311e-06,2.7189606e-06,7.2399766e-06
20007,2025-11-18,0,None,0,None,0,None,True,0.62877536,0.3709833,0.00022965585,2.8189345e-06,2.3304158e-06,6.514835e-06
20007,2025-11-25,0,None,0,None,0,None,True,0.6289033,0.37087572,0.0002107365,2.349279e-06,2.056252e-06,5.8659457e-06
20007,2025-12-02,0,None,0,None,0,None,True,0.62842065,0.3713804,0.00018964302,1.9155648e-06,1.8467296e-06,5.594324e-06
20007,2025-12-09,0,None,0,None,0,None,True,0.6281134,0.3717132,0.00016485211,1.4855075e-06,1.6634801e-06,5.4291086e-06
20007,2025-12-16,0,None,0,None,0,None,True,0.6280375,0.3718161,0.0001387522,1.0954618e-06,1.4573328e-06,5.1235975e-06
20007,2025-12-23,0,None,0,None,0,None,True,0.62958664,0.37029454,0.000112515336,7.3329295e-07,1.1956811e-06,4.338086e-06
20007,2025-12-30,0,None,0,None,0,None,True,0.63124555,0.36865956,9.06534e-05,4.2081825e-07,8.454331e-07,3.0518677e-06
20009,2022-01-04,2,D1,2,D1,2,D1,True,0.0009496044,0.18872802,0.6889098,0.12110023,0.00031211443,1.955389e-07
20009,2022-01-11,2,D1,2,D1,2,D1,True,0.00077411515,0.13662149,0.7126722,0.14953654,0.00039557,1.2662183e-07
20009,2022-01-18,2,D1,2,D1,2,D1,True,0.001386316,0.14927267,0.69708186,0.15184358,0.00041544167,1.619051e-07
20009,2022-01-25,2,D1,2,D1,2,D1,True,0.0021200064,0.16819848,0.68059915,0.14869383,0.00038829492,2.0406914e-07
20009,2022-02-01,2,D1,2,D1,2,D1,True,0.0025989087,0.18255249,0.67169917,0.14286628,0.0002829313,2.4236044e-07
20009,2022-02-08,2,D1,2,D1,2,D1,True,0.0032850027,0.1895498,0.65536505,0.15156557,0.0002341129,4.4101202e-07
20009,2022-02-15,3,D2,2,D1,2,D1,False,0.0034211443,0.18351263,0.64671177,0.16615352,0.00019996181,9.1057143e-07
20009,2022-02-22,3,D2,3,D2,3,D2,True,5.486352e-06,4.7310445e-05,0.079309545,0.7198005,0.20083468,2.4596507e-06
20009,2022-03-01,3,D2,3,D2,3,D2,True,2.3568157e-06,1.2994174e-05,0.04245523,0.69906884,0.25844356,1.7037926e-05
20009,2022-03-08,3,D2,3,D2,3,D2,True,8.1415665e-06,3.618866e-05,0.056060046,0.6657047,0.2780091,0.00018177349
20009,2022-03-15,4,D3,3,D2,3,D2,False,1.2531167e-05,6.851438e-05,0.08114023,0.64671695,0.27164733,0.0004143872
20009,2022-03-22,4,D3,4,D3,4,D3,True,1.0165177e-05,9.195768e-06,0.0015327401,0.13580006,0.5873615,0.27528635
20009,2022-03-29,4,D3,4,D3,4,D3,True,8.769676e-05,8.36608e-05,0.0059302617,0.20663944,0.53182405,0.25543487
20009,2022-04-05,4,D3,4,D3,4,D3,True,0.00010962348,9.4854026e-05,0.0061675245,0.23542978,0.507058,0.2511401
20009,2022-04-12,4,D3,4,D3,3,D2,False,0.00014407006,0.00012221704,0.00790492,0.28470978,0.47284752,0.23427157
20009,2022-04-19,4,D3,4,D3,3,D2,False,0.00014144627,0.00011877542,0.007809782,0.29947016,0.4609407,0.23151915
20009,2022-04-26,4,D3,4,D3,3,D2,False,0.00012817701,0.00010588677,0.007052736,0.29385322,0.4607074,0.23815267
20009,2022-05-03,4,D3,4,D3,3,D2,False,0.00013331036,0.00011415315,0.007950323,0.3058474,0.46680275,0.21915208
20009,2022-05-10,4,D3,4,D3,3,D2,False,0.00013744741,0.00012790131,0.00932228,0.32282752,0.48422414,0.1833607
20009,2022-05-17,4,D3,4,D3,3,D2,False,0.00014085486,0.00015076413,0.011263252,0.33881956,0.50363505,0.14599048
20009,2022-05-24,4,D3,4,D3,3,D2,False,0.00014354865,0.00017724972,0.013491345,0.35422727,0.5189225,0.11303804
20009,2022-05-31,3,D2,4,D3,3,D2,True,0.00014842988,0.00020870606,0.015884615,0.37119725,0.5425311,0.07002996
20009,2022-06-07,2,D1,2,D1,2,D1,True,0.0008167349,0.037150748,0.4842058,0.43358892,0.044210058,2.775992e-05
20009,2022-06-14,2,D1,2,D1,2,D1,True,0.008329393,0.46868482,0.5179993,0.00498529,8.674167e-07,4.1290855e-07
20009,2022-06-21,2,D1,2,D1,2,D1,True,0.0010758843,0.27507505,0.70472246,0.019125523,9.926708e-07,4.0600714e-08
20009,2022-06-28,2,D1,2,D1,2,D1,True,0.00064670993,0.2323447,0.7420488,0.024958866,9.218482e-07,1.562073e-08
20009,2022-07-05,2,D1,2,D1,2,D1,True,0.0007156532,0.2287655,0.7421205,0.028397331,1.0325977e-06,1.6974738e-08
20009,2022-07-12,2,D1,2,D1,2,D1,True,0.011349553,0.4165508,0.5647343,0.007364434,7.211133e-07,1.9756733e-07
20009,2022-07-19,2,D1,1,D0,1,D0,False,0.034770742,0.4867119,0.4739998,0.004516181,8.640928e-07,4.8166663e-07
20009,2022-07-26,2,D1,2,D1,2,D1,True,0.021588812,0.40053967,0.5639402,0.01392765,2.7102294e-06,9.5195713e-07
20009,2022-08-02,2,D1,2,D1,2,D1,True,0.019704195,0.36382747,0.5954642,0.020997792,4.3262667e-06,2.0006426e-06
20009,2022-08-09,2,D1,2,D1,2,D1,True,0.019109074,0.33786717,0.61795336,0.025060931,5.6327963e-06,3.851982e-06
20009,2022-08-16,2,D1,2,D1,2,D1,True,0.0008927399,0.11718205,0.7505465,0.13136569,1.1886767e-05,1.0143267e-06
20009,2022-08-23,2,D1,2,D1,2,D1,True,0.00070002035,0.090956464,0.6966117,0.21167049,5.842197e-05,2.8804852e-06
20009,2022-08-30,2,D1,2,D1,2,D1,True,0.0014311123,0.11166912,0.65408325,0.23265015,0.00015174018,1.4606628e-05
20009,2022-09-06,2,D1,2,D1,2,D1,True,0.002117346,0.11401957,0.6219311,0.26161692,0.0002868855,2.8283628e-05
20009,2022-09-13,3,D2,2,D1,2,D1,False,0.0029464725,0.13239633,0.61614376,0.2481395,0.00033406838,3.9865958e-05
20009,2022-09-20,4,D3,3,D2,3,D2,False,4.1424173e-06,4.1053718e-05,0.09645693,0.59541494,0.3080686,1.4329996e-05
20009,2022-09-27,4,D3,4,D3,4,D3,True,5.670868e-06,5.396287e-06,0.0023670387,0.24189848,0.7189549,0.03676855
20009,2022-10-04,4,D3,4,D3,4,D3,True,1.888716e-05,2.3320259e-05,0.0016158513,0.13907738,0.631191,0.22807354
20009,2022-10-11,4,D3,4,D3,4,D3,True,2.5558222e-05,3.9989296e-05,0.0019767547,0.13068317,0.6325015,0.234773
20009,2022-10-18,4,D3,4,D3,4,D3,True,1.975412e-05,4.6450987e-05,0.0023620117,0.12024296,0.65259546,0.22473341
20009,2022-10-25,4,D3,4,D3,4,D3,True,2.1433301e-05,6.822502e-05,0.0034418786,0.11948379,0.7015489,0.17543586
20009,2022-11-01,4,D3,4,D3,4,D3,True,2.0801914e-05,7.817813e-05,0.004340355,0.12711401,0.73997253,0.12847419
20009,2022-11-08,4,D3,4,D3,4,D3,True,1.8526043e-05,7.7402234e-05,0.00517811,0.14197831,0.764143,0.08860473
20009,2022-11-15,4,D3,4,D3,4,D3,True,1.5621552e-05,6.977059e-05,0.0057710274,0.16097026,0.77542806,0.057745293
20009,2022-11-22,4,D3,4,D3,4,D3,True,1.165348e-05,5.2048268e-05,0.0052050105,0.17393813,0.7707261,0.050067034
20009,2022-11-29,4,D3,4,D3,4,D3,True,6.2527197e-06,3.0069754e-05,0.0038493269,0.18727458,0.76524246,0.043597303
20009,2022-12-06,4,D3,4,D3,4,D3,True,3.611943e-06,1.6988684e-05,0.002629207,0.17905252,0.7780588,0.040238783
20009,2022-12-13,4,D3,4,D3,4,D3,True,1.6500568e-06,7.679059e-06,0.0012738066,0.1490275,0.8013204,0.048369013
20009,2022-12-20,4,D3,4,D3,4,D3,True,1.6525725e-06,4.456014e-06,0.00078953063,0.10461728,0.8046848,0.08990225
20009,2022-12-27,4,D3,4,D3,4,D3,True,1.6976255e-06,3.3866054e-06,0.00077446696,0.09546667,0.77453715,0.1292167
20009,2023-01-03,4,D3,4,D3,4,D3,True,1.3949133e-06,2.5465097e-06,0.0007238085,0.08023201,0.73238146,0.18665878
20009,2023-01-10,4,D3,4,D3,4,D3,True,8.2935793e-07,1.8578678e-06,0.0006274958,0.069242164,0.7011256,0.22900197
20009,2023-01-17,4,D3,4,D3,4,D3,True,4.3627188e-07,1.1153453e-06,0.0004184375,0.060925268,0.69526756,0.24338722
20009,2023-01-24,4,D3,4,D3,4,D3,True,2.653827e-07,6.772056e-07,0.00022886347,0.0534227,0.6692069,0.27714056
20009,2023-01-31,4,D3,4,D3,4,D3,True,2.4170984e-07,6.2610985e-07,0.00022229578,0.05854618,0.6898036,0.25142708
20009,2023-02-07,4,D3,4,D3,4,D3,True,2.6620918e-07,6.9733136e-07,0.0002814988,0.07449574,0.73565346,0.18956836
20009,2023-02-14,4,D3,4,D3,4,D3,True,3.0608936e-07,8.3584354e-07,0.00042370267,0.100200094,0.7990225,0.100352615
20009,2023-02-21,4,D3,4,D3,4,D3,True,2.551226e-07,8.5042393e-07,0.0005366523,0.11863724,0.8217234,0.059101578
20009,2023-02-28,4,D3,4,D3,4,D3,True,4.0673277e-07,1.506802e-06,0.000861879,0.14158551,0.8046639,0.05288682
20009,2023-03-07,4,D3,4,D3,4,D3,True,1.1487126e-06,4.313825e-06,0.0017855759,0.18391852,0.7605739,0.05371645
20009,2023-03-14,5,D4,4,D3,4,D3,False,4.6821115e-06,1.4170733e-05,0.0028069643,0.22081275,0.7251815,0.051180005
20009,2023-03-21,5,D4,5,D4,5,D4,True,1.1952453e-06,5.0199087e-06,6.489277e-05,0.004293179,0.17526737,0.8203684
20009,2023-03-28,5,D4,5,D4,5,D4,True,6.147947e-07,2.4185651e-06,3.2957247e-05,0.0024634888,0.16707352,0.83042705
20009,2023-04-04,5,D4,5,D4,5,D4,True,2.1104165e-06,6.7001706e-06,6.18283e-05,0.0033963884,0.20950402,0.78702897
20009,2023-04-11,5,D4,5,D4,5,D4,True,5.3183644e-06,1.32129835e-05,9.762831e-05,0.004576552,0.2600646,0.73524266
20009,2023-04-18,5,D4,5,D4,5,D4,True,7.110874e-06,1.5425028e-05,0.00010793272,0.0054861526,0.28577185,0.7086114
20009,2023-04-25,5,D4,5,D4,5,D4,True,9.385616e-06,1.9355564e-05,0.00013202793,0.006604935,0.302336,0.69089836
20009,2023-05-02,5,D4,5,D4,5,D4,True,1.22222245e-05,2.5806066e-05,0.00017854682,0.007941134,0.3232793,0.66856295
20009,2023-05-09,5,D4,5,D4,5,D4,True,1.11035715e-05,2.4467414e-05,0.00019637342,0.008625319,0.34061804,0.6505247
20009,2023-05-16,5,D4,5,D4,5,D4,True,4.416624e-06,8.698769e-06,9.5413234e-05,0.005413563,0.3366478,0.6578302
20009,2023-05-23,5,D4,5,D4,5,D4,True,1.1831698e-06,1.7712633e-06,2.6182906e-05,0.0023569828,0.32895955,0.6686543
20009,2023-05-30,5,D4,5,D4,5,D4,True,7.3952276e-07,9.585774e-07,1.4032091e-05,0.0015450271,0.34843698,0.65000236
20009,2023-06-06,4,D3,5,D4,5,D4,False,6.479514e-07,1.0953263e-06,1.4862363e-05,0.0013313541,0.35157928,0.6470728
20009,2023-06-13,4,D3,4,D3,4,D3,True,4.4905508e-07,4.8909874e-07,0.0009484479,0.23829895,0.7597485,0.0010031225
20009,2023-06-20,4,D3,4,D3,4,D3,True,2.9991145e-07,3.2318192e-07,0.0011976055,0.29876378,0.6999209,0.00011713792
20009,2023-06-27,4,D3,4,D3,4,D3,True,3.2686626e-07,2.9607958e-07,0.001051973,0.27288133,0.7259312,0.00013485698
20009,2023-07-04,4,D3,4,D3,4,D3,True,8.121241e-07,7.8159036e-07,0.0013057595,0.24917902,0.7490728,0.0004408046
20009,2023-07-11,4,D3,4,D3,4,D3,True,2.2928423e-06,2.575862e-06,0.001539453,0.21143216,0.7845732,0.0024502764
20009,2023-07-18,4,D3,4,D3,4,D3,True,4.5194074e-06,5.6813187e-06,0.0016815485,0.17874034,0.81165636,0.007911571
20009,2023-07-25,4,D3,4,D3,4,D3,True,5.524322e-06,7.176436e-06,0.001595803,0.15987122,0.8229934,0.015526856
20009,2023-08-01,4,D3,4,D3,4,D3,True,4.704258e-06,5.9745475e-06,0.0012785371,0.13906322,0.8332082,0.026439358
20009,2023-08-08,4,D3,4,D3,4,D3,True,3.41287e-06,3.9403612e-06,0.00083118427,0.111069195,0.8316506,0.056441672
20009,2023-08-15,3,D2,4,D3,4,D3,False,2.82726e-06,3.02148e-06,0.0006838382,0.10291044,0.8316611,0.064738624
20009,2023-08-22,3,D2,3,D2,3,D2,True,8.737789e-06,0.00012812467,0.06822432,0.591434,0.34015626,4.8527887e-05
20009,2023-08-29,3,D2,3,D2,3,D2,True,1.6206984e-06,4.830546e-05,0.07550356,0.6622566,0.2621821,7.855717e-06
20009,2023-09-05,3,D2,3,D2,3,D2,True,2.1998833e-06,9.512492e-05,0.11786576,0.7038577,0.17817597,3.22622e-06
20009,2023-09-12,3,D2,3,D2,3,D2,True,1.8614792e-06,6.813311e-05,0.108935304,0.7016984,0.18929367,2.65487e-06
20009,2023-09-19,3,D2,3,D2,3,D2,True,4.780646e-06,0.00012473417,0.13312414,0.71153116,0.15521258,2.6199477e-06
20009,2023-09-26,3,D2,3,D2,3,D2,True,8.992193e-06,0.00017678553,0.1425997,0.7048372,0.15237395,3.3543902e-06
20009,2023-10-03,3,D2,3,D2,3,D2,True,9.465079e-06,0.00017473123,0.1392918,0.70448637,0.15603381,3.7797379e-06
20009,2023-10-10,3,D2,3,D2,3,D2,True,1.1370107e-05,0.00018721385,0.1390936,0.70306647,0.1576374,4.002406e-06
20009,2023-10-17,3,D2,3,D2,3,D2,True,1.2332876e-05,0.00019201139,0.1381119,0.70075184,0.16092764,4.3013365e-06
20009,2023-10-24,3,D2,3,D2,3,D2,True,1.2362339e-05,0.00018959872,0.13642718,0.7001673,0.16319893,4.5531015e-06
20009,2023-10-31,3,D2,3,D2,3,D2,True,1.2373037e-05,0.00018819826,0.13528904,0.69983155,0.16467403,4.750247e-06
20009,2023-11-07,3,D2,3,D2,3,D2,True,1.2369021e-05,0.00018760326,0.13458681,0.69973516,0.16547313,4.9039704e-06
20009,2023-11-14,3,D2,3,D2,3,D2,True,1.2353347e-05,0.00018755771,0.13419148,0.6998369,0.16576667,5.0308063e-06
20009,2023-11-21,3,D2,3,D2,3,D2,True,1.2328021e-05,0.00018786704,0.13400716,0.7000945,0.165693,5.1473435e-06
20009,2023-11-28,3,D2,3,D2,3,D2,True,1.2297342e-05,0.00018834358,0.13393396,0.7004634,0.16539665,5.269532e-06
20009,2023-12-05,3,D2,3,D2,3,D2,True,1.2264788e-05,0.00018882944,0.1338938,0.7009108,0.16498886,5.4131074e-06
20009,2023-12-12,3,D2,3,D2,3,D2,True,1.2233613e-05,0.00018919577,0.1338306,0.7014165,0.16454585,5.59431e-06
20009,2023-12-19,2,D1,3,D2,3,D2,False,1.2205691e-05,0.00018929828,0.13369839,0.70197594,0.16411833,5.8274118e-06
20009,2023-12-26,2,D1,2,D1,2,D1,True,0.002720703,0.108252496,0.6011757,0.28654101,0.001294619,1.5543637e-05
20009,2024-01-02,2,D1,2,D1,2,D1,True,0.0011674425,0.06598415,0.6018969,0.32914814,0.0017957098,7.676438e-06
20009,2024-01-09,2,D1,2,D1,2,D1,True,0.0008743236,0.058417067,0.60497713,0.33424956,0.001478271,3.6680015e-06
20009,2024-01-16,2,D1,2,D1,2,D1,True,0.001987623,0.19034335,0.7488667,0.058799487,2.3557468e-06,5.7867476e-07
20009,2024-01-23,1,D0,2,D1,2,D1,False,0.00082170934,0.13614278,0.788797,0.07423616,1.9715796e-06,2.7771014e-07
20009,2024-01-30,1,D0,1,D0,1,D0,True,0.23234527,0.6751384,0.092513666,2.6634991e-06,1.9333188e-09,7.1549714e-08
20009,2024-02-06,1,D0,1,D0,1,D0,True,0.23514639,0.7056649,0.059188116,5.980349e-07,9.1905994e-10,3.1972508e-08
20009,2024-02-13,0,None,1,D0,1,D0,False,0.19411005,0.70188457,0.104003616,1.7071083e-06,1.4303421e-09,5.9765185e-08
20009,2024-02-20,0,None,0,None,0,None,True,0.6398276,0.35997134,0.00020103491,1.216785e-08,2.900566e-09,1.714365e-08
20009,2024-02-27,0,None,0,None,0,None,True,0.6438244,0.3560103,0.00016535414,3.6446405e-08,1.0454625e-08,4.905149e-08
20009,2024-03-05,0,None,0,None,0,None,True,0.6368875,0.3627754,0.00033661377,1.9296941e-07,5.8148668e-08,1.978436e-07
20009,2024-03-12,0,None,0,None,0,None,True,0.6224901,0.37679315,0.0007147165,9.1866116e-07,3.0901924e-07,8.03292e-07
20009,2024-03-19,1,D0,0,None,0,None,False,0.610312,0.38850698,0.0011750385,2.5476631e-06,9.241811e-07,2.503959e-06
20009,2024-03-26,1,D0,1,D0,1,D0,True,0.22033335,0.5558376,0.22362782,0.00019678658,3.447599e-07,4.1897138e-06
20009,2024-04-02,1,D0,1,D0,1,D0,True,0.24149168,0.5420978,0.2161974,0.00020297506,9.110762e-07,9.258291e-06
20009,2024-04-09,1,D0,1,D0,1,D0,True,0.12733851,0.5732732,0.29872218,0.0006593184,1.1827558e-06,5.541819e-06
20009,2024-04-16,2,D1,1,D0,1,D0,False,0.1352889,0.5796145,0.28461307,0.00047541363,1.1782698e-06,6.9400776e-06
20009,2024-04-23,2,D1,2,D1,2,D1,True,0.0018231255,0.11357489,0.53857356,0.34547558,0.000547029,5.7981338e-06
20009,2024-04-30,3,D2,2,D1,2,D1,False,0.0016716924,0.10611301,0.54488224,0.34687966,0.0004482478,5.1126567e-06
20009,2024-05-07,3,D2,3,D2,3,D2,True,1.1055714e-06,1.1430667e-05,0.045217987,0.6437369,0.31101975,1.2797115e-05
20009,2024-05-14,3,D2,3,D2,3,D2,True,3.89359e-06,3.920434e-05,0.055642772,0.63609815,0.30817363,4.2367366e-05
20009,2024-05-21,3,D2,3,D2,3,D2,True,1.5035689e-05,7.314994e-05,0.042665217,0.6048201,0.35187942,0.000547125
20009,2024-05-28,3,D2,3,D2,3,D2,True,3.8512906e-05,0.00016454778,0.046967164,0.5818011,0.36981496,0.0012136823
20009,2024-06-04,3,D2,3,D2,3,D2,True,6.798158e-05,0.00028813185,0.058720432,0.5705907,0.36929056,0.0010422784
20009,2024-06-11,2,D1,3,D2,3,D2,False,7.0734386e-05,0.0003675119,0.076769374,0.58869547,0.33375403,0.00034284795
20009,2024-06-18,2,D1,1,D0,1,D0,False,0.072338425,0.5200864,0.401952,0.0055970177,1.000517e-05,1.6098837e-05
20009,2024-06-25,2,D1,2,D1,2,D1,True,0.014969475,0.35491523,0.5859915,0.0440833,3.081327e-05,9.588799e-06
20009,2024-07-02,2,D1,2,D1,2,D1,True,0.0035491174,0.23294677,0.67470855,0.088772886,2.1288974e-05,1.3914761e-06
20009,2024-07-09,2,D1,2,D1,2,D1,True,0.0029590265,0.21951205,0.6858365,0.09167605,1.5592188e-05,8.0236936e-07
20009,2024-07-16,2,D1,2,D1,2,D1,True,0.0033924617,0.22618544,0.6752747,0.09513012,1.6366976e-05,8.4628255e-07
20009,2024-07-23,2,D1,2,D1,2,D1,True,0.00423053,0.24064292,0.6523182,0.102783725,2.3381033e-05,1.3216127e-06
20009,2024-07-30,2,D1,2,D1,2,D1,True,0.005205729,0.26355058,0.6283825,0.10282366,3.5437137e-05,2.0605337e-06
20009,2024-08-06,2,D1,2,D1,2,D1,True,0.003307198,0.23013026,0.6328799,0.13362724,5.3431435e-05,2.0241705e-06
20009,2024-08-13,2,D1,2,D1,2,D1,True,0.0009675096,0.1601944,0.61169,0.22700831,0.00013528421,4.522592e-06
20009,2024-08-20,2,D1,2,D1,2,D1,True,0.009546993,0.36960185,0.56397146,0.05679619,6.4988155e-05,1.8554612e-05
20009,2024-08-27,2,D1,2,D1,2,D1,True,0.014483479,0.41047207,0.54214793,0.03283275,4.5818742e-05,1.7889566e-05
20009,2024-09-03,2,D1,2,D1,2,D1,True,0.010578816,0.37929645,0.5672521,0.0428121,4.64507e-05,1.4057581e-05
20009,2024-09-10,2,D1,2,D1,2,D1,True,0.00076413114,0.1617208,0.6418028,0.19561553,9.366893e-05,3.0867816e-06
20009,2024-09-17,2,D1,2,D1,2,D1,True,0.00075531594,0.16413991,0.6396425,0.19536501,9.3842e-05,3.4220661e-06
20009,2024-09-24,2,D1,2,D1,2,D1,True,0.0009897816,0.17837937,0.6329853,0.18752412,0.0001160974,5.277732e-06
20009,2024-10-01,2,D1,2,D1,2,D1,True,0.0012549628,0.1879108,0.6330014,0.17767954,0.00014608481,7.149062e-06
20009,2024-10-08,2,D1,2,D1,2,D1,True,0.0013954395,0.18533093,0.643029,0.17003553,0.00020133048,7.78703e-06
20009,2024-10-15,2,D1,2,D1,2,D1,True,0.0014064205,0.17665836,0.65392196,0.1677432,0.00026327104,6.797809e-06
20009,2024-10-22,2,D1,2,D1,2,D1,True,0.0014552537,0.16953735,0.65801007,0.17068526,0.00030609692,5.9984495e-06
20009,2024-10-29,2,D1,2,D1,2,D1,True,0.001473811,0.16369985,0.6609467,0.17354874,0.00032568912,5.1064817e-06
20009,2024-11-05,2,D1,2,D1,2,D1,True,0.0014496605,0.1587929,0.66747475,0.17194091,0.0003374431,4.2933793e-06
20009,2024-11-12,2,D1,2,D1,2,D1,True,0.022394432,0.37724155,0.5754285,0.024852987,6.9527116e-05,1.3021655e-05
20009,2024-11-19,2,D1,1,D0,1,D0,False,0.12107974,0.5508967,0.32729927,0.0007114554,5.7954103e-06,7.0418055e-06
20009,2024-11-26,2,D1,1,D0,1,D0,False,0.10912449,0.54689723,0.3432453,0.00072199974,5.983487e-06,5.0814565e-06
20009,2024-12-03,2,D1,1,D0,1,D0,False,0.09082167,0.5352311,0.37281826,0.0011163421,7.5895405e-06,4.9761366e-06
20009,2024-12-10,2,D1,1,D0,1,D0,False,0.088699795,0.53555834,0.37446055,0.0012714778,5.949394e-06,3.8918447e-06
20009,2024-12-17,2,D1,1,D0,1,D0,False,0.07501627,0.53222644,0.3916042,0.0011490324,2.5587096e-06,1.6057934e-06
20009,2024-12-24,2,D1,1,D0,1,D0,False,0.0727293,0.5299741,0.39625508,0.0010401396,8.8115587e-07,5.269456e-07
20009,2024-12-31,2,D1,1,D0,1,D0,False,0.07477272,0.53008765,0.39401093,0.0011280922,4.152519e-07,2.2232153e-07
20009,2025-01-07,2,D1,1,D0,1,D0,False,0.08508603,0.5288691,0.38473976,0.0013044225,3.8887467e-07,3.4951842e-07
20009,2025-01-14,2,D1,1,D0,1,D0,False,0.07203165,0.5398686,0.38637054,0.0017272885,6.5951247e-07,1.2413476e-06
20009,2025-01-21,2,D1,1,D0,1,D0,False,0.062616594,0.55437446,0.38131553,0.00168491,1.9004632e-06,6.6151506e-06
20009,2025-01-28,2,D1,1,D0,1,D0,False,0.067332044,0.5855516,0.34606025,0.0010444719,2.3679945e-06,9.193137e-06
20009,2025-02-04,2,D1,1,D0,1,D0,False,0.06711126,0.6117439,0.32044822,0.0006879129,2.2222796e-06,6.5022955e-06
20009,2025-02-11,2,D1,1,D0,1,D0,False,0.052643124,0.631226,0.31561646,0.0005109423,1.1436229e-06,2.3202633e-06
20009,2025-02-18,2,D1,1,D0,1,D0,False,0.039559804,0.6412032,0.31877205,0.0004627401,8.745864e-07,1.3331145e-06
20009,2025-02-25,2,D1,1,D0,1,D0,False,0.031260397,0.64316714,0.3250618,0.00050883554,8.807373e-07,8.850804e-07
20009,2025-03-04,2,D1,1,D0,1,D0,False,0.022717236,0.6164175,0.36016485,0.0006991459,8.550367e-07,3.97761e-07
20009,2025-03-11,2,D1,1,D0,1,D0,False,0.01598449,0.5809068,0.40189037,0.0012169322,1.1459362e-06,2.5577097e-07
20009,2025-03-18,2,D1,1,D0,1,D0,False,0.015203981,0.5710674,0.41217792,0.0015477808,2.2784839e-06,6.4364684e-07
20009,2025-03-25,2,D1,2,D1,2,D1,True,0.00046514557,0.19762209,0.70970684,0.09214706,5.8465917e-05,3.6859888e-07
20009,2025-04-01,2,D1,2,D1,2,D1,True,0.00053303764,0.19148196,0.6839583,0.12391504,0.00011021501,1.5352485e-06
20009,2025-04-08,2,D1,2,D1,2,D1,True,0.0009883913,0.20288365,0.65299684,0.1428808,0.00024352586,6.6911775e-06
20009,2025-04-15,2,D1,2,D1,2,D1,True,0.0018635947,0.21325862,0.6462952,0.13817911,0.00038543215,1.80493e-05
20009,2025-04-22,2,D1,2,D1,2,D1,True,0.0023525157,0.21957462,0.6436541,0.13400398,0.0003939281,2.0843483e-05
20009,2025-04-29,2,D1,2,D1,2,D1,True,0.0029614754,0.20513861,0.654947,0.13651747,0.0004198818,1.5566446e-05
20009,2025-05-06,2,D1,2,D1,2,D1,True,0.0034809893,0.19846381,0.6635723,0.13396062,0.0005008672,2.1418524e-05
20009,2025-05-13,2,D1,2,D1,2,D1,True,0.0031305454,0.18080053,0.6671845,0.14829192,0.0005707598,2.1786389e-05
20009,2025-05-20,2,D1,2,D1,2,D1,True,0.0024233903,0.1628466,0.6635807,0.17051327,0.0006203639,1.572263e-05
20009,2025-05-27,2,D1,2,D1,2,D1,True,0.0015976954,0.14867887,0.67529863,0.17398646,0.00043381788,4.5468487e-06
20009,2025-06-03,2,D1,2,D1,2,D1,True,0.031425815,0.43281826,0.5308035,0.0049424563,8.795072e-06,1.1668062e-06
20009,2025-06-10,2,D1,1,D0,1,D0,False,0.047663208,0.52282554,0.42851985,0.0009895447,1.6168591e-06,3.043495e-07
20009,2025-06-17,1,D0,2,D1,2,D1,False,0.02616084,0.48567787,0.48627898,0.0018805562,1.6293733e-06,1.4799177e-07
20009,2025-06-24,1,D0,1,D0,1,D0,True,0.3952239,0.5910502,0.0137257315,2.0173682e-07,6.2978907e-09,1.1655756e-08
20009,2025-07-01,1,D0,1,D0,1,D0,True,0.41724437,0.5769152,0.0058402917,9.0043805e-08,4.020225e-09,8.933187e-09
20009,2025-07-08,1,D0,1,D0,1,D0,True,0.30013898,0.6709562,0.028904375,4.840419e-07,5.495562e-09,1.7259115e-08
20009,2025-07-15,1,D0,1,D0,1,D0,True,0.23472996,0.70273405,0.06253462,1.3279414e-06,9.927485e-09,3.0101567e-08
20009,2025-07-22,1,D0,1,D0,1,D0,True,0.18534414,0.71078885,0.10386409,2.8525847e-06,1.495743e-08,4.1341433e-08
20009,2025-07-29,0,None,1,D0,1,D0,False,0.15739946,0.7129684,0.12962715,4.802598e-06,2.0630106e-08,4.924085e-08
20009,2025-08-05,0,None,0,None,0,None,True,0.74897623,0.25094265,8.1019156e-05,6.239387e-08,1.0620521e-07,5.684666e-09
20009,2025-08-12,0,None,0,None,0,None,True,0.7442341,0.25564077,0.00012440763,2.9137811e-07,4.4482513e-07,1.3800234e-08
20009,2025-08-19,0,None,0,None,0,None,True,0.73043066,0.26932886,0.00023803054,1.0262961e-06,1.402454e-06,4.8946667e-08
20009,2025-08-26,0,None,0,None,0,None,True,0.72453487,0.27511182,0.00034756714,2.4804467e-06,3.1660804e-06,1.08298174e-07
20009,2025-09-02,0,None,0,None,0,None,True,0.7224292,0.277171,0.00039049008,4.127825e-06,5.056359e-06,1.5386391e-07
20009,2025-09-09,0,None,0,None,0,None,True,0.7179973,0.28161618,0.0003756426,4.8398047e-06,5.8596165e-06,1.8212232e-07
20009,2025-09-16,0,None,0,None,0,None,True,0.7132458,0.28637627,0.00036765478,4.6398745e-06,5.4515053e-06,1.7789053e-07
20009,2025-09-23,0,None,0,None,0,None,True,0.7086993,0.29093796,0.00035483387,3.6230645e-06,4.1110648e-06,1.5179991e-07
20009,2025-09-30,0,None,0,None,0,None,True,0.7046916,0.29496878,0.0003341096,2.570925e-06,2.867185e-06,1.2693553e-07
20009,2025-10-07,0,None,0,None,0,None,True,0.70178324,0.29790053,0.00031192755,1.9823503e-06,2.1375465e-06,1.0927442e-07
20009,2025-10-14,0,None,0,None,0,None,True,0.6993062,0.3004191,0.00027154776,1.4988635e-06,1.5618253e-06,9.222037e-08
20009,2025-10-21,0,None,0,None,0,None,True,0.69457155,0.30520254,0.00022367631,1.0988808e-06,1.1003941e-06,8.112982e-08
20009,2025-10-28,0,None,0,None,0,None,True,0.68805337,0.3117383,0.00020621067,9.868446e-07,1.019204e-06,1.00209206e-07
20009,2025-11-04,0,None,0,None,0,None,True,0.6831683,0.31666008,0.00016974156,8.0334684e-07,9.357298e-07,1.5275035e-07
20009,2025-11-11,0,None,0,None,0,None,True,0.683524,0.316352,0.0001223657,5.6031314e-07,7.823326e-07,2.039389e-07
20009,2025-11-18,0,None,0,None,0,None,True,0.681401,0.31849253,0.0001050315,4.9675435e-07,7.350078e-07,2.3641589e-07
20009,2025-11-25,0,None,0,None,0,None,True,0.6807384,0.31916127,9.8828496e-05,4.8679317e-07,7.3335457e-07,2.5185085e-07
20009,2025-12-02,0,None,0,None,0,None,True,0.68041134,0.31949246,9.474706e-05,4.734339e-07,7.202252e-07,2.5689314e-07
20009,2025-12-09,0,None,0,None,0,None,True,0.68017775,0.31972912,9.159357e-05,4.5608866e-07,7.004736e-07,2.550756e-07
20009,2025-12-16,0,None,0,None,0,None,True,0.6801693,0.3197407,8.863755e-05,4.3878146e-07,6.799623e-07,2.4726103e-07
20009,2025-12-23,0,None,0,None,0,None,True,0.6804689,0.31944394,8.5859996e-05,4.2704983e-07,6.6498916e-07,2.3383512e-07
20009,2025-12-30,0,None,0,None,0,None,True,0.6809656,0.31894946,8.3674604e-05,4.2021463e-07,6.572287e-07,2.1856634e-07
20011,2022-01-04,0,None,0,None,0,None,True,0.6626511,0.33728394,5.9050268e-05,4.4800151e-07,1.3071133e-06,4.1117105e-06
20011,2022-01-11,0,None,0,None,0,None,True,0.6529225,0.34701166,6.039427e-05,4.2510226e-07,1.1585987e-06,3.8396347e-06
20011,2022-01-18,0,None,1,D0,1,D0,False,0.37745443,0.61410546,0.008424115,9.939327e-06,6.637105e-07,5.3600397e-06
20011,2022-01-25,1,D0,1,D0,1,D0,True,0.40356213,0.58741575,0.009007053,8.36829e-06,7.694089e-07,5.904551e-06
20011,2022-02-01,1,D0,1,D0,1,D0,True,0.22324431,0.71173954,0.064988546,2.33419e-05,3.823071e-07,3.8672674e-06
20011,2022-02-08,1,D0,1,D0,1,D0,True,0.20320202,0.6899577,0.106787845,4.405919e-05,8.9687234e-07,7.4671775e-06
20011,2022-02-15,1,D0,1,D0,1,D0,True,0.24724579,0.6769684,0.075752735,2.5041882e-05,8.540894e-07,7.170078e-06
20011,2022-02-22,1,D0,1,D0,1,D0,True,0.26117676,0.6738001,0.064996496,1.9362958e-05,7.9046265e-07,6.4274923e-06
20011,2022-03-01,1,D0,1,D0,1,D0,True,0.23431951,0.6768043,0.088846415,2.3132645e-05,7.285263e-07,5.86945e-06
20011,2022-03-08,1,D0,1,D0,1,D0,True,0.048779577,0.6677932,0.28330854,0.00011764683,3.0085272e-07,7.0493735e-07
20011,2022-03-15,1,D0,1,D0,1,D0,True,0.05737237,0.663377,0.27912647,0.00012282451,4.1628476e-07,8.79577e-07
20011,2022-03-22,0,None,1,D0,1,D0,False,0.06069059,0.6689667,0.27024162,9.9906705e-05,3.4828074e-07,7.6483013e-07
20011,2022-03-29,0,None,0,None,0,None,True,0.6581417,0.34166643,0.00018945901,3.384112e-07,7.4395206e-07,1.393986e-06
20011,2022-04-05,0,None,0,None,0,None,True,0.6712496,0.32861057,0.00013699628,4.3575278e-07,8.5110406e-07,1.4790229e-06
20011,2022-04-12,0,None,0,None,0,None,True,0.6641538,0.33565456,0.0001856568,9.1485896e-07,1.7762355e-06,3.3285273e-06
20011,2022-04-19,0,None,0,None,0,None,True,0.66101855,0.33878022,0.00018977576,1.541829e-06,3.2871092e-06,6.5705235e-06
20011,2022-04-26,0,None,0,None,0,None,True,0.5742843,0.42400455,0.0016619845,1.0379776e-05,1.04586325e-05,2.8319106e-05
20011,2022-05-03,0,None,1,D0,1,D0,False,0.36383086,0.6030204,0.03305022,6.76724e-05,4.9804007e-06,2.589873e-05
20011,2022-05-10,0,None,1,D0,1,D0,False,0.38614872,0.5840672,0.029704291,4.7696823e-05,5.8254936e-06,2.6275757e-05
20011,2022-05-17,0,None,0,None,0,None,True,0.6736334,0.32626268,9.669184e-05,6.5860996e-07,1.9719344e-06,4.5179668e-06
20011,2022-05-24,0,None,0,None,0,None,True,0.6618024,0.3380891,0.00010023928,8.8307274e-07,2.199294e-06,5.04914e-06
20011,2022-05-31,0,None,0,None,0,None,True,0.6553255,0.34453207,0.00013066876,1.3938311e-06,3.1389272e-06,7.1762693e-06
20011,2022-06-07,0,None,0,None,0,None,True,0.65360886,0.3462228,0.00015322916,1.9803113e-06,4.1848093e-06,8.966134e-06
20011,2022-06-14,0,None,0,None,0,None,True,0.65263766,0.34717363,0.00017105426,2.6074747e-06,5.0677736e-06,9.948797e-06
20011,2022-06-21,0,None,0,None,0,None,True,0.6597859,0.34003556,0.00015854466,3.1744894e-06,5.875881e-06,1.0798786e-05
20011,2022-06-28,0,None,0,None,0,None,True,0.6474301,0.35232708,0.00021986489,4.1809494e-06,6.55004e-06,1.2204033e-05
20011,2022-07-05,0,None,0,None,0,None,True,0.6326304,0.36701268,0.00032913964,5.862343e-06,7.3386927e-06,1.4593273e-05
20011,2022-07-12,0,None,0,None,0,None,True,0.6291786,0.37041858,0.00037294108,6.9772454e-06,7.760264e-06,1.5150221e-05
20011,2022-07-19,1,D0,1,D0,1,D0,True,0.42492622,0.55350864,0.021326357,0.00016471063,1.5936912e-05,5.812559e-05
20011,2022-07-26,1,D0,2,D1,2,D1,False,0.016533297,0.3858946,0.5548357,0.04260448,0.000115271454,1.6727978e-05
20011,2022-08-02,1,D0,2,D1,2,D1,False,0.01450491,0.30416307,0.5382881,0.14227748,0.00066866796,9.771365e-05
20011,2022-08-09,2,D1,2,D1,2,D1,True,0.041523498,0.4087013,0.49745876,0.0519024,0.00029149154,0.00012257275
20011,2022-08-16,2,D1,2,D1,2,D1,True,0.0012207688,0.109057926,0.6194664,0.26923364,0.0010008373,2.0411355e-05
20011,2022-08-23,2,D1,2,D1,2,D1,True,0.0003394863,0.013786716,0.4726031,0.46722633,0.04594581,9.859065e-05
20011,2022-08-30,2,D1,2,D1,2,D1,True,0.00067397533,0.022698008,0.48712346,0.44681183,0.04247448,0.00021817723
20011,2022-09-06,2,D1,2,D1,2,D1,True,0.0010204798,0.026544392,0.48669472,0.43988368,0.045476977,0.00037972073
20011,2022-09-13,2,D1,2,D1,2,D1,True,0.001048416,0.02549085,0.4894757,0.44042906,0.043208435,0.00034754552
20011,2022-09-20,3,D2,2,D1,2,D1,False,0.0010420141,0.025846038,0.49389815,0.43947127,0.039435856,0.0003066743
20011,2022-09-27,3,D2,3,D2,3,D2,True,8.260669e-06,1.6284654e-05,0.027707815,0.5583895,0.41050738,0.0033707211
20011,2022-10-04,4,D3,3,D2,3,D2,False,3.668666e-05,7.835575e-05,0.03180863,0.5618262,0.39254692,0.013703119
20011,2022-10-11,4,D3,4,D3,4,D3,True,3.5933113e-05,2.7243843e-05,0.0017176276,0.19165623,0.5237655,0.2827975
20011,2022-10-18,4,D3,4,D3,4,D3,True,4.0320083e-05,2.9894782e-05,0.0013155568,0.14475562,0.5147127,0.33914596
20011,2022-10-25,3,D2,4,D3,4,D3,False,5.44555e-05,4.3052543e-05,0.0016484404,0.15265313,0.4994674,0.3461335
20011,2022-11-01,3,D2,3,D2,3,D2,True,0.00052771124,0.0008102418,0.043140206,0.45362654,0.37827468,0.12362066
20011,2022-11-08,3,D2,3,D2,3,D2,True,0.00017305624,0.0003632914,0.057359483,0.55625683,0.3673952,0.018452091
20011,2022-11-15,3,D2,3,D2,3,D2,True,5.4970464e-05,0.000390995,0.12569514,0.60878915,0.26445997,0.00060978415
20011,2022-11-22,3,D2,3,D2,3,D2,True,3.442438e-05,0.00032896863,0.12417518,0.6104199,0.26473334,0.00030812868
20011,2022-11-29,3,D2,3,D2,3,D2,True,3.2383377e-05,0.00037751358,0.12706526,0.6018465,0.27047744,0.00020084082
20011,2022-12-06,3,D2,3,D2,3,D2,True,3.2947017e-05,0.00043511373,0.12624286,0.5998911,0.2732884,0.00010956929
20011,2022-12-13,3,D2,3,D2,3,D2,True,3.3473734e-05,0.0005357616,0.13484675,0.59553033,0.26900738,4.6322748e-05
20011,2022-12-20,3,D2,2,D1,2,D1,False,0.000982964,0.08118607,0.5490214,0.35073483,0.018069029,5.6977065e-06
20011,2022-12-27,3,D2,2,D1,2,D1,False,0.00034634932,0.047024734,0.55984914,0.37503946,0.017739432,8.995949e-07
20011,2023-01-03,3,D2,2,D1,2,D1,False,0.00022328114,0.041437376,0.5784504,0.3677432,0.012145522,2.4334872e-07
20011,2023-01-10,3,D2,2,D1,2,D1,False,0.0004792399,0.06272402,0.58984333,0.33639833,0.010554637,4.568948e-07
20011,2023-01-17,3,D2,2,D1,2,D1,False,0.00037082552,0.040548116,0.54761124,0.3947954,0.016673997,4.346017e-07
20011,2023-01-24,3,D2,2,D1,2,D1,False,0.0002994272,0.026731957,0.50368905,0.45168072,0.01759849,3.956989e-07
20011,2023-01-31,3,D2,3,D2,2,D1,False,0.0002707131,0.018387223,0.47704256,0.4865943,0.017704783,4.4009244e-07
20011,2023-02-07,3,D2,3,D2,3,D2,True,0.00025766683,0.013748623,0.45590234,0.5129862,0.017104505,5.793761e-07
20011,2023-02-14,2,D1,3,D2,3,D2,False,0.0002608594,0.011436157,0.44127652,0.5311544,0.01587138,7.7261205e-07
20011,2023-02-21,2,D1,1,D0,1,D0,False,0.152118,0.59896654,0.24828282,0.00063067663,3.766066e-07,1.5430962e-06
20011,2023-02-28,2,D1,1,D0,1,D0,False,0.15602115,0.5833199,0.26020914,0.00044826634,3.1222052e-07,1.2809309e-06
20011,2023-03-07,1,D0,1,D0,1,D0,True,0.11223979,0.5485545,0.33819497,0.0010081577,5.0627335e-07,2.0434811e-06
20011,2023-03-14,1,D0,1,D0,1,D0,True,0.13995644,0.5802497,0.2793602,0.00043112828,3.1841208e-07,2.1569892e-06
20011,2023-03-21,2,D1,1,D0,1,D0,False,0.14184235,0.57614976,0.2815652,0.00043971394,4.131713e-07,2.6087216e-06
20011,2023-03-28,2,D1,2,D1,2,D1,True,0.0013773615,0.08790107,0.6834716,0.22718649,6.0375663e-05,3.148214e-06
20011,2023-04-04,2,D1,2,D1,2,D1,True,0.00094888406,0.08123164,0.6705339,0.2472281,5.4747426e-05,2.6779383e-06
20011,2023-04-11,2,D1,2,D1,2,D1,True,0.0017217083,0.098386064,0.63923365,0.26053664,0.00011460276,7.3697774e-06
20011,2023-04-18,2,D1,2,D1,2,D1,True,0.0021580192,0.10532062,0.61095214,0.28134957,0.0002071577,1.2466935e-05
20011,2023-04-25,2,D1,2,D1,2,D1,True,0.0032939573,0.1341442,0.5980501,0.2642367,0.00025403517,2.0988005e-05
20011,2023-05-02,3,D2,2,D1,2,D1,False,0.0018985072,0.056382418,0.51107115,0.4235811,0.007044684,2.2089831e-05
20011,2023-05-09,3,D2,4,D3,3,D2,True,2.7770245e-06,6.8412096e-06,0.018826729,0.4184968,0.56243443,0.00023246207
20011,2023-05-16,3,D2,4,D3,3,D2,True,1.9560903e-05,4.9436425e-05,0.026198655,0.38629657,0.58516157,0.0022742045
20011,2023-05-23,3,D2,3,D2,3,D2,True,0.0010086839,0.019379204,0.30967,0.50658494,0.1631155,0.00024164288
20011,2023-05-30,3,D2,3,D2,3,D2,True,0.000358711,0.011864693,0.31190145,0.54837835,0.12742627,7.0528426e-05
20011,2023-06-06,3,D2,3,D2,3,D2,True,0.0003137066,0.01842175,0.3852337,0.5402537,0.05575956,1.7543765e-05
20011,2023-06-13,3,D2,3,D2,3,D2,True,0.00015450286,0.014049907,0.40346465,0.5466036,0.035722993,4.352116e-06
20011,2023-06-20,3,D2,3,D2,3,D2,True,8.91774e-05,0.01032079,0.4081694,0.5507989,0.030619202,2.4608812e-06
20011,2023-06-27,3,D2,3,D2,3,D2,True,4.2166757e-05,0.0050754743,0.37461588,0.5757734,0.044491228,1.7834677e-06
20011,2023-07-04,4,D3,3,D2,3,D2,False,1.2182902e-06,5.171969e-05,0.1209995,0.64987814,0.22906838,1.0121347e-06
20011,2023-07-11,4,D3,4,D3,4,D3,True,3.7531865e-07,6.890051e-07,0.00072202954,0.16544761,0.82338107,0.010448212
20011,2023-07-18,4,D3,4,D3,4,D3,True,1.3958166e-06,2.110845e-06,0.0003673519,0.07751964,0.7370556,0.1850539
20011,2023-07-25,4,D3,4,D3,4,D3,True,2.2543338e-06,3.518751e-06,0.00058184715,0.09285922,0.6681548,0.23839837
20011,2023-08-01,4,D3,4,D3,4,D3,True,1.7928542e-06,2.9311739e-06,0.0007194312,0.118837826,0.68609935,0.19433871
20011,2023-08-08,4,D3,4,D3,4,D3,True,1.8088405e-06,2.8049765e-06,0.00084738317,0.1287817,0.68852425,0.18184209
20011,2023-08-15,3,D2,4,D3,4,D3,False,1.8758813e-06,2.895113e-06,0.0010411794,0.14854689,0.70942533,0.14098197
20011,2023-08-22,3,D2,3,D2,3,D2,True,0.000111262765,0.005750774,0.2683669,0.6113383,0.114333294,9.941566e-05
20011,2023-08-29,3,D2,3,D2,3,D2,True,5.310802e-05,0.0041263686,0.31103417,0.60395974,0.08080658,1.9996258e-05
20011,2023-09-05,3,D2,3,D2,3,D2,True,8.4513216e-05,0.009004059,0.3948859,0.5589511,0.037067283,7.170727e-06
20011,2023-09-12,3,D2,3,D2,3,D2,True,3.559343e-06,0.00014067079,0.14615941,0.70046794,0.15321998,8.353522e-06
20011,2023-09-19,3,D2,3,D2,3,D2,True,5.2276964e-06,3.3623124e-05,0.040290724,0.5925314,0.36695123,0.0001877434
20011,2023-09-26,3,D2,3,D2,3,D2,True,1.1886669e-05,4.425684e-05,0.032407172,0.54494554,0.4222026,0.00038855243
20011,2023-10-03,3,D2,3,D2,3,D2,True,0.0003177696,0.002352398,0.18757215,0.5900771,0.21951772,0.00016287887
20011,2023-10-10,3,D2,3,D2,3,D2,True,0.00033653062,0.0014657927,0.15513688,0.54712766,0.29576552,0.00016763592
20011,2023-10-17,3,D2,3,D2,3,D2,True,0.000458575,0.0022812486,0.18198887,0.5352254,0.2799232,0.00012273579
20011,2023-10-24,3,D2,3,D2,3,D2,True,0.00027938135,0.0016015365,0.15388261,0.5616464,0.28231293,0.00027720287
20011,2023-10-31,2,D1,3,D2,3,D2,False,0.00019349794,0.0011845739,0.1374634,0.5605586,0.30029288,0.000307114
20011,2023-11-07,2,D1,1,D0,1,D0,False,0.04626201,0.54736036,0.4006789,0.0056659444,1.7651633e-05,1.52026905e-05
20011,2023-11-14,2,D1,2,D1,2,D1,True,0.025231997,0.48278502,0.48462743,0.007329676,1.6140824e-05,9.75692e-06
20011,2023-11-21,2,D1,2,D1,2,D1,True,0.009949808,0.38431498,0.5871378,0.018566815,2.358221e-05,6.986648e-06
20011,2023-11-28,2,D1,2,D1,2,D1,True,0.009574273,0.37005836,0.5966299,0.023698904,2.8979277e-05,9.528096e-06
20011,2023-12-05,2,D1,2,D1,2,D1,True,0.009175798,0.34753072,0.6077492,0.03548183,4.659277e-05,1.5867212e-05
20011,2023-12-12,2,D1,2,D1,2,D1,True,0.0076977713,0.32434645,0.6160914,0.051771794,7.147697e-05,2.1037471e-05
20011,2023-12-19,2,D1,2,D1,2,D1,True,0.008042292,0.3260858,0.6083124,0.057442114,9.020108e-05,2.7093329e-05
20011,2023-12-26,1,D0,2,D1,2,D1,False,0.008776298,0.32805625,0.602504,0.060520686,0.00011041531,3.2276603e-05
20011,2024-01-02,1,D0,1,D0,1,D0,True,0.2626916,0.6500765,0.08722806,3.2229323e-06,3.6952613e-08,5.7843647e-07
20011,2024-01-09,1,D0,1,D0,1,D0,True,0.24537684,0.66917473,0.08544622,1.7210242e-06,2.9202768e-08,3.8596374e-07
20011,2024-01-16,1,D0,1,D0,1,D0,True,0.1899927,0.6839555,0.12604804,3.3468211e-06,3.5148442e-08,3.7567727e-07
20011,2024-01-23,1,D0,1,D0,1,D0,True,0.1392262,0.69341445,0.16735274,6.367544e-06,3.3648135e-08,2.434197e-07
20011,2024-01-30,1,D0,1,D0,1,D0,True,0.109944135,0.7031793,0.18686663,9.840705e-06,2.5506996e-08,1.01335324e-07
20011,2024-02-06,1,D0,1,D0,1,D0,True,0.26189345,0.6826747,0.055431265,5.5276394e-07,6.499792e-09,3.9935383e-08
20011,2024-02-13,1,D0,1,D0,1,D0,True,0.2210394,0.71278226,0.06617758,7.240379e-07,5.5261897e-09,3.440006e-08
20011,2024-02-20,1,D0,1,D0,1,D0,True,0.19096327,0.71160376,0.0974312,1.6779103e-06,9.0564205e-09,5.5872125e-08
20011,2024-02-27,1,D0,1,D0,1,D0,True,0.16299513,0.7076547,0.12934583,4.1057137e-06,1.8400344e-08,1.4698063e-07
20011,2024-03-05,1,D0,1,D0,1,D0,True,0.0858521,0.72188,0.19224557,2.1892858e-05,5.4927813e-08,4.6425524e-07
20011,2024-03-12,1,D0,1,D0,1,D0,True,0.0891591,0.7144308,0.1963779,3.0871644e-05,1.3126095e-07,1.197381e-06
20011,2024-03-19,1,D0,1,D0,1,D0,True,0.09179618,0.700453,0.20770842,4.004893e-05,2.2288951e-07,2.142425e-06
20011,2024-03-26,1,D0,1,D0,1,D0,True,0.14183429,0.69291204,0.16522606,2.404865e-05,2.7333326e-07,3.3285032e-06
20011,2024-04-02,1,D0,1,D0,1,D0,True,0.12446281,0.6966022,0.17890157,2.9916057e-05,2.7400048e-07,3.2461296e-06
20011,2024-04-09,1,D0,1,D0,1,D0,True,0.11420967,0.6963696,0.18938197,3.5240006e-05,2.8305448e-07,3.2518794e-06
20011,2024-04-16,1,D0,1,D0,1,D0,True,0.1120073,0.6934498,0.19450189,3.7718964e-05,2.7674292e-07,3.04555e-06
20011,2024-04-23,1,D0,1,D0,1,D0,True,0.074239664,0.67078876,0.25485024,0.00011739097,4.9921e-07,3.4435768e-06
20011,2024-04-30,0,None,1,D0,1,D0,False,0.043262832,0.6221732,0.3339272,0.0006318739,1.1572104e-06,3.7553127e-06
20011,2024-05-07,0,None,0,None,0,None,True,0.69071794,0.30908525,0.00019568685,1.0092784e-07,3.4726804e-07,6.1519256e-07
20011,2024-05-14,0,None,0,None,0,None,True,0.6737565,0.32611138,0.00013105964,1.4665956e-07,3.250894e-07,5.702744e-07
20011,2024-05-21,0,None,0,None,0,None,True,0.6553179,0.34442905,0.00024939328,5.6281607e-07,1.0749726e-06,1.987327e-06
20011,2024-05-28,0,None,0,None,0,None,True,0.6443205,0.3552642,0.00040684748,1.4344649e-06,2.5028132e-06,4.493367e-06
20011,2024-06-04,0,None,0,None,0,None,True,0.6342049,0.36528647,0.0004974369,2.1357678e-06,3.3217696e-06,5.764253e-06
20011,2024-06-11,0,None,0,None,0,None,True,0.6299776,0.36956427,0.0004473942,2.2056106e-06,3.0414706e-06,5.575245e-06
20011,2024-06-18,0,None,0,None,0,None,True,0.6251413,0.37447128,0.00038029088,1.5689798e-06,1.6583065e-06,3.834135e-06
20011,2024-06-25,0,None,0,None,0,None,True,0.6279828,0.37168816,0.00032507544,1.0126436e-06,8.1664166e-07,2.181238e-06
20011,2024-07-02,0,None,0,None,0,None,True,0.6456463,0.35408434,0.0002674399,6.4455173e-07,4.0030366e-07,8.823565e-07
20011,2024-07-09,0,None,0,None,0,None,True,0.65218896,0.3476091,0.00020105738,2.515105e-07,2.3352253e-07,4.975498e-07
20011,2024-07-16,0,None,0,None,0,None,True,0.65074265,0.3490543,0.00020161382,2.822057e-07,3.3765068e-07,8.3332515e-07
20011,2024-07-23,0,None,0,None,0,None,True,0.6518338,0.3479654,0.00019909204,3.1105355e-07,4.1037856e-07,1.0195465e-06
20011,2024-07-30,1,D0,0,None,0,None,False,0.6511291,0.34869036,0.00017862105,3.019524e-07,4.5607115e-07,1.1379221e-06
20011,2024-08-06,1,D0,1,D0,1,D0,True,0.09294996,0.60816425,0.2987305,0.00015360245,2.0194193e-07,1.440246e-06
20011,2024-08-13,2,D1,1,D0,1,D0,False,0.10312368,0.5798288,0.31640446,0.0006206542,6.3014736e-06,1.6176957e-05
20011,2024-08-20,1,D0,2,D1,2,D1,False,0.0024825018,0.13700566,0.56895536,0.28656098,0.004963278,3.217548e-05
20011,2024-08-27,1,D0,1,D0,1,D0,True,0.18682833,0.5605587,0.2522183,0.00035692885,8.985674e-06,2.875849e-05
20011,2024-09-03,1,D0,1,D0,1,D0,True,0.24786371,0.5987184,0.1533857,2.5150928e-05,1.0947728e-06,6.0280768e-06
20011,2024-09-10,2,D1,1,D0,1,D0,False,0.21186921,0.61484027,0.17326115,2.55623e-05,6.186297e-07,3.2602372e-06
20011,2024-09-17,2,D1,2,D1,2,D1,True,0.031659216,0.4365656,0.5190351,0.012610899,0.000118243355,1.0967145e-05
20011,2024-09-24,1,D0,2,D1,2,D1,False,0.0007540245,0.11907901,0.672689,0.20697233,0.00050459424,1.1179467e-06
20011,2024-10-01,1,D0,1,D0,1,D0,True,0.11825559,0.524813,0.35564438,0.0012529821,1.60281e-05,1.7957536e-05
20011,2024-10-08,2,D1,1,D0,1,D0,False,0.19471458,0.55266535,0.2524741,0.00013350448,3.0722447e-06,9.4088255e-06
20011,2024-10-15,2,D1,2,D1,2,D1,True,0.0006869796,0.09388011,0.66859305,0.23595157,0.000887215,1.0460801e-06
20011,2024-10-22,2,D1,2,D1,2,D1,True,0.0004244793,0.074376434,0.6800743,0.24449006,0.00063438265,3.897966e-07
20011,2024-10-29,3,D2,2,D1,2,D1,False,0.00021817903,0.024076954,0.58587396,0.38489845,0.004932132,2.3354667e-07
20011,2024-11-05,2,D1,3,D2,3,D2,False,3.158299e-06,6.355196e-05,0.12323532,0.6446461,0.23205186,1.0691593e-07
20011,2024-11-12,1,D0,2,D1,2,D1,False,0.013693541,0.37482265,0.5943519,0.017107362,2.3804554e-05,7.228575e-07
20011,2024-11-19,1,D0,1,D0,1,D0,True,0.34256542,0.5873364,0.07009246,5.51404e-06,6.47668e-08,1.3243019e-07
20011,2024-11-26,1,D0,1,D0,1,D0,True,0.3380921,0.6322669,0.02964065,4.0001538e-07,4.9982276e-09,1.6356452e-08
20011,2024-12-03,1,D0,1,D0,1,D0,True,0.26853833,0.679447,0.052013915,7.7728805e-07,4.906471e-09,2.2784254e-08
20011,2024-12-10,1,D0,1,D0,1,D0,True,0.2083049,0.7037472,0.08794567,2.134964e-06,9.245694e-09,5.2969575e-08
20011,2024-12-17,1,D0,1,D0,1,D0,True,0.15640469,0.72109306,0.12249823,3.9449396e-06,1.4098779e-08,7.0835554e-08
20011,2024-12-24,1,D0,1,D0,1,D0,True,0.11355383,0.74012905,0.14631094,6.0939524e-06,1.7142405e-08,6.3168265e-08
20011,2024-12-31,2,D1,1,D0,1,D0,False,0.09368621,0.7392117,0.16709298,8.945787e-06,2.1893156e-08,6.227139e-08
20011,2025-01-07,2,D1,2,D1,2,D1,True,0.005230978,0.40114462,0.5794991,0.014115593,9.482761e-06,1.8611551e-07
20011,2025-01-14,2,D1,2,D1,2,D1,True,0.0011258053,0.22335348,0.7217231,0.05378368,1.3905971e-05,8.194365e-08
20011,2025-01-21,2,D1,2,D1,2,D1,True,0.001396829,0.22749294,0.72209734,0.048995387,1.7358387e-05,8.245913e-08
20011,2025-01-28,2,D1,2,D1,2,D1,True,0.0023399636,0.27058414,0.69306576,0.03399453,1.5498079e-05,8.5207034e-08
20011,2025-02-04,2,D1,2,D1,2,D1,True,0.0012058638,0.21489365,0.73042315,0.053453214,2.4089644e-05,4.209183e-08
20011,2025-02-11,2,D1,2,D1,2,D1,True,0.0017896404,0.24093905,0.7109173,0.04633463,1.942372e-05,4.207422e-08
20011,2025-02-18,2,D1,2,D1,2,D1,True,0.003201708,0.2674352,0.68406135,0.045277555,2.4113322e-05,9.5585236e-08
20011,2025-02-25,2,D1,2,D1,2,D1,True,0.0042890017,0.27077174,0.6775785,0.04733579,2.486451e-05,1.245721e-07
20011,2025-03-04,2,D1,2,D1,2,D1,True,0.0033400028,0.2325407,0.6921129,0.07197223,3.4038458e-05,1.4371899e-07
20011,2025-03-11,1,D0,2,D1,2,D1,False,0.0042316727,0.23256776,0.675812,0.08734835,3.9851657e-05,3.1260805e-07
20011,2025-03-18,1,D0,1,D0,1,D0,True,0.42768863,0.55121857,0.02109096,1.8340439e-06,1.2481846e-08,2.7220455e-08
20011,2025-03-25,1,D0,1,D0,0,None,False,0.4467974,0.5440473,0.0091548,4.311836e-07,6.0002927e-09,1.9052818e-08
20011,2025-04-01,1,D0,1,D0,1,D0,True,0.3540801,0.61194706,0.033970956,1.7626116e-06,9.794788e-09,6.008372e-08
20011,2025-04-08,0,None,1,D0,1,D0,False,0.28544146,0.638416,0.07613605,6.2354466e-06,2.907952e-08,2.5603387e-07
20011,2025-04-15,0,None,0,None,0,None,True,0.695898,0.30401602,8.571225e-05,8.465281e-08,1.0872789e-07,7.486046e-08
20011,2025-04-22,0,None,0,None,0,None,True,0.6890006,0.31088373,0.0001146853,3.5736625e-07,4.0626264e-07,2.0912252e-07
20011,2025-04-29,0,None,0,None,0,None,True,0.673313,0.32650444,0.00017972931,9.19706e-07,1.1129259e-06,7.110618e-07
20011,2025-05-06,0,None,0,None,0,None,True,0.6679251,0.33181697,0.00025195524,1.8965293e-06,2.3744606e-06,1.7047055e-06
20011,2025-05-13,0,None,0,None,0,None,True,0.6631187,0.33660278,0.0002690188,2.7699305e-06,3.6668823e-06,3.1100187e-06
20011,2025-05-20,0,None,0,None,0,None,True,0.6590816,0.3406755,0.00023208854,2.7433668e-06,3.9615966e-06,4.1377248e-06
20011,2025-05-27,0,None,0,None,0,None,True,0.6544506,0.34535784,0.00018245477,1.9633148e-06,3.0659835e-06,4.0436257e-06
20011,2025-06-03,0,None,0,None,0,None,True,0.64832556,0.3515356,0.00013286267,1.062276e-06,1.836424e-06,3.1454038e-06
20011,2025-06-10,0,None,0,None,0,None,True,0.6425888,0.35730436,0.00010305063,5.612781e-07,1.0349104e-06,2.1440057e-06
20011,2025-06-17,0,None,0,None,0,None,True,0.6415976,0.3583089,9.1207745e-05,3.7217086e-07,6.953438e-07,1.1492743e-06
20011,2025-06-24,0,None,0,None,0,None,True,0.63618636,0.36373034,8.183249e-05,2.7354722e-07,5.203212e-07,7.312667e-07
20011,2025-07-01,0,None,0,None,0,None,True,0.63216525,0.3677594,7.421753e-05,2.0580966e-07,3.8119003e-07,5.2466936e-07
20011,2025-07-08,0,None,0,None,0,None,True,0.6292057,0.37072504,6.840372e-05,1.756071e-07,3.1138936e-07,4.0948618e-07
20011,2025-07-15,0,None,0,None,0,None,True,0.62869394,0.37123552,6.964085e-05,1.8371531e-07,2.972502e-07,3.6828047e-07
20011,2025-07-22,0,None,0,None,0,None,True,0.6302225,0.36969328,8.325151e-05,2.308986e-07,3.460243e-07,3.6966804e-07
20011,2025-07-29,0,None,0,None,0,None,True,0.6427801,0.3571254,9.331244e-05,2.612577e-07,4.6592305e-07,3.8552994e-07
20011,2025-08-05,0,None,0,None,0,None,True,0.65369135,0.3462165,9.10185e-05,2.6906375e-07,5.07332e-07,3.3002743e-07
20011,2025-08-12,0,None,0,None,0,None,True,0.66689855,0.3330085,9.184549e-05,2.9090322e-07,5.3759595e-07,2.6023704e-07
20011,2025-08-19,0,None,0,None,0,None,True,0.6651322,0.33477354,9.298204e-05,3.494816e-07,5.434798e-07,2.5795762e-07
20011,2025-08-26,0,None,0,None,0,None,True,0.66404396,0.33584398,0.00011083385,4.0852117e-07,5.689474e-07,2.2270551e-07
20011,2025-09-02,0,None,0,None,0,None,True,0.67148477,0.3283871,0.0001269348,4.440326e-07,5.9264755e-07,1.6750846e-07
20011,2025-09-09,0,None,0,None,0,None,True,0.6815789,0.31827915,0.00014074196,5.1335684e-07,6.7996535e-07,1.2900333e-07
20011,2025-09-16,1,D0,0,None,0,None,False,0.68341047,0.31642753,0.0001605066,6.243225e-07,7.56146e-07,1.10284965e-07
20011,2025-09-23,1,D0,1,D0,1,D0,True,0.044560228,0.646856,0.3085134,7.017725e-05,1.04509624e-07,8.0317434e-08
20011,2025-09-30,1,D0,1,D0,1,D0,True,0.01745492,0.5404291,0.43873915,0.0033604105,1.5035135e-05,1.2897837e-06
20011,2025-10-07,1,D0,1,D0,1,D0,True,0.055693105,0.5602464,0.3825458,0.0015019467,9.163581e-06,3.5327805e-06
20011,2025-10-14,2,D1,1,D0,1,D0,False,0.061328813,0.5340151,0.40207836,0.0025636926,1.0072657e-05,3.962304e-06
20011,2025-10-21,2,D1,2,D1,2,D1,True,0.002339563,0.13983391,0.63305044,0.22415772,0.00061597995,2.3671578e-06
20011,2025-10-28,2,D1,2,D1,2,D1,True,0.0034582329,0.16047698,0.61493653,0.22056189,0.0005615271,4.8856623e-06
20011,2025-11-04,2,D1,2,D1,2,D1,True,0.0026211226,0.20903446,0.6283833,0.1593846,0.00057093473,5.5545684e-06
20011,2025-11-11,2,D1,2,D1,2,D1,True,0.0027091654,0.24905707,0.6198223,0.12789692,0.00050677964,7.765616e-06
20011,2025-11-18,2,D1,2,D1,2,D1,True,0.0017738669,0.23232645,0.62970483,0.13575898,0.0004319049,3.9787747e-06
20011,2025-11-25,2,D1,2,D1,2,D1,True,0.001574643,0.23040098,0.64053667,0.127199,0.00028648917,2.1498986e-06
20011,2025-12-02,2,D1,2,D1,2,D1,True,0.008022304,0.4066321,0.5597246,0.025575547,4.2954263e-05,2.4154988e-06
20011,2025-12-09,2,D1,2,D1,2,D1,True,0.0078039323,0.38737252,0.5815668,0.023225049,3.060447e-05,1.1070424e-06
20011,2025-12-16,2,D1,2,D1,2,D1,True,0.0039748587,0.32259765,0.6420964,0.031306442,2.4415707e-05,2.4369157e-07
20011,2025-12-23,2,D1,2,D1,2,D1,True,0.0005455981,0.16230501,0.74013484,0.09694294,7.1703624e-05,4.3944322e-08
20011,2025-12-30,2,D1,2,D1,2,D1,True,0.0005898125,0.14644854,0.75243825,0.10044325,8.0130085e-05,4.062013e-08
20013,2022-01-04,0,None,0,None,0,None,True,0.7204147,0.27929607,0.0002825154,4.2020392e-06,2.3805749e-06,4.4780577e-08
20013,2022-01-11,0,None,0,None,0,None,True,0.7216236,0.27812886,0.00024187216,3.6246481e-06,2.0017897e-06,4.2860286e-08
20013,2022-01-18,0,None,0,None,0,None,True,0.7199279,0.27990302,0.00016547786,2.278204e-06,1.2949533e-06,5.206855e-08
20013,2022-01-25,0,None,0,None,0,None,True,0.69206625,0.30781886,0.000112079724,1.5737501e-06,9.59933e-07,1.8025787e-07
20013,2022-02-01,0,None,0,None,0,None,True,0.64901376,0.35086018,0.000121625686,1.6403245e-06,1.2371502e-06,1.6104889e-06
20013,2022-02-08,0,None,0,None,0,None,True,0.63355744,0.36630267,0.00013227899,1.7886463e-06,1.5470677e-06,4.3497125e-06
20013,2022-02-15,0,None,0,None,0,None,True,0.6284911,0.3713588,0.00014140765,1.8076348e-06,1.6327646e-06,5.2858345e-06
20013,2022-02-22,0,None,0,None,0,None,True,0.62573135,0.37411723,0.00014311908,1.6794744e-06,1.5360953e-06,5.111501e-06
20013,2022-03-01,1,D0,0,None,0,None,False,0.60275817,0.3968623,0.00036307916,3.3782353e-06,2.3963796e-06,1.0783712e-05
20013,2022-03-08,1,D0,1,D0,1,D0,True,0.088573575,0.6227001,0.2883418,0.00038254837,4.3492994e-07,1.5406831e-06
20013,2022-03-15,2,D1,1,D0,1,D0,False,0.08241921,0.5894754,0.32731354,0.00078637956,2.0203483e-06,3.4726168e-06
20013,2022-03-22,1,D0,2,D1,2,D1,False,0.0020777246,0.24397022,0.61439925,0.13903311,0.00051336637,6.3624593e-06
20013,2022-03-29,0,None,1,D0,1,D0,False,0.10379665,0.6184109,0.27755865,0.00023270017,3.697418e-07,7.1025124e-07
20013,2022-04-05,0,None,0,None,0,None,True,0.64508,0.35465357,0.00026583206,4.2938032e-07,2.0955925e-07,4.1495277e-08
20013,2022-04-12,0,None,0,None,0,None,True,0.6725774,0.32728264,0.00013930145,4.1744673e-07,2.1124526e-07,2.4479638e-08
20013,2022-04-19,0,None,0,None,0,None,True,0.6691127,0.33071652,0.0001695376,8.0081605e-07,4.591285e-07,6.454315e-08
20013,2022-04-26,0,None,0,None,0,None,True,0.66815245,0.33167738,0.00016791023,1.19404e-06,8.4241714e-07,1.8369212e-07
20013,2022-05-03,0,None,0,None,0,None,True,0.69089764,0.3089639,0.00013499062,1.7407006e-06,1.4217007e-06,3.0695634e-07
20013,2022-05-10,0,None,0,None,0,None,True,0.6996782,0.30021822,0.00010016835,1.6557597e-06,1.4448377e-06,3.8832763e-07
20013,2022-05-17,0,None,0,None,0,None,True,0.68770224,0.31218794,0.00010404919,2.3699502e-06,2.1930643e-06,1.1930924e-06
20013,2022-05-24,0,None,0,None,0,None,True,0.6758982,0.32396907,0.00012166852,3.4630496e-06,3.8050887e-06,3.793729e-06
20013,2022-05-31,0,None,0,None,0,None,True,0.66276884,0.33707276,0.00014071913,3.89733e-06,5.3420918e-06,8.407103e-06
20013,2022-06-07,0,None,0,None,0,None,True,0.6550444,0.34478718,0.0001499683,3.3749727e-06,5.232571e-06,9.824545e-06
20013,2022-06-14,0,None,0,None,0,None,True,0.65157264,0.34826148,0.00014874559,2.6562145e-06,4.697478e-06,9.830878e-06
20013,2022-06-21,0,None,0,None,0,None,True,0.64982104,0.3500185,0.00014401751,2.40841e-06,4.336316e-06,9.734555e-06
20013,2022-06-28,0,None,0,None,0,None,True,0.6454506,0.35439807,0.00013642572,2.0528519e-06,3.8812846e-06,9.047877e-06
20013,2022-07-05,0,None,0,None,0,None,True,0.6421769,0.3576711,0.00013887406,1.8355099e-06,3.2833723e-06,8.046206e-06
20013,2022-07-12,0,None,0,None,0,None,True,0.6419437,0.35790214,0.00014174459,1.7240437e-06,3.0341594e-06,7.637893e-06
20013,2022-07-19,0,None,0,None,0,None,True,0.63955855,0.36028057,0.00014929677,1.6210616e-06,2.757721e-06,7.189512e-06
20013,2022-07-26,0,None,0,None,0,None,True,0.6344979,0.3653315,0.00016011964,1.5101397e-06,2.4231633e-06,6.4997057e-06
20013,2022-08-02,0,None,0,None,0,None,True,0.63008255,0.36973318,0.00017459212,1.5092838e-06,2.2342538e-06,5.880219e-06
20013,2022-08-09,0,None,0,None,0,None,True,0.628397,0.37140465,0.00018915487,1.6466473e-06,2.25994e-06,5.4063303e-06
20013,2022-08-16,0,None,0,None,0,None,True,0.6280599,0.37172866,0.00020203726,1.8755356e-06,2.390128e-06,5.106419e-06
20013,2022-08-23,0,None,0,None,0,None,True,0.6303462,0.36944386,0.00020049159,2.0476689e-06,2.5313857e-06,4.8543143e-06
20013,2022-08-30,1,D0,0,None,0,None,False,0.63538843,0.36441973,0.00018238474,2.0652633e-06,2.6586142e-06,4.7318376e-06
20013,2022-09-06,1,D0,1,D0,1,D0,True,0.05387615,0.6548136,0.291066,0.0002435351,2.43495e-07,4.3943314e-07
20013,2022-09-13,1,D0,1,D0,1,D0,True,0.062680036,0.5726275,0.36368716,0.000999813,2.7530318e-06,2.7790334e-06
20013,2022-09-20,2,D1,1,D0,1,D0,False,0.059154198,0.5127088,0.42205274,0.0060546277,1.722616e-05,1.23774735e-05
20013,2022-09-27,2,D1,2,D1,2,D1,True,0.0016102424,0.14520864,0.60294354,0.24977134,0.00045653174,9.659146e-06
20013,2022-10-04,2,D1,2,D1,2,D1,True,0.0014995637,0.12498134,0.615014,0.25808856,0.0004018592,1.4647229e-05
20013,2022-10-11,2,D1,2,D1,2,D1,True,0.0015480617,0.11424687,0.6176417,0.26603997,0.00049772393,2.5702484e-05
20013,2022-10-18,3,D2,2,D1,2,D1,False,0.0004502506,0.01597941,0.4827599,0.46518597,0.035492167,0.00013233657
20013,2022-10-25,3,D2,3,D2,3,D2,True,6.614975e-06,5.8845217e-05,0.091251895,0.65727645,0.2512567,0.00014939232
20013,2022-11-01,3,D2,3,D2,3,D2,True,2.2761758e-05,0.00018812959,0.1353454,0.63152575,0.2326367,0.0002812527
20013,2022-11-08,2,D1,3,D2,3,D2,False,3.5667454e-05,0.00024200368,0.13033263,0.6239069,0.24482343,0.00065934815
20013,2022-11-15,2,D1,2,D1,2,D1,True,0.048128482,0.41620296,0.5171962,0.018322568,6.544247e-05,8.433504e-05
20013,2022-11-22,2,D1,2,D1,2,D1,True,0.025333375,0.32351074,0.60291296,0.048011534,0.000115806695,0.000115686926
20013,2022-11-29,2,D1,2,D1,2,D1,True,0.005795418,0.19418283,0.68640274,0.11347769,0.000107535554,3.3780878e-05
20013,2022-12-06,2,D1,2,D1,2,D1,True,0.004636818,0.18942305,0.69902855,0.106816724,7.371926e-05,2.1212043e-05
20013,2022-12-13,2,D1,2,D1,2,D1,True,0.0040787114,0.19219889,0.7019514,0.10168768,6.658376e-05,1.676749e-05
20013,2022-12-20,2,D1,2,D1,2,D1,True,0.0044776835,0.22085276,0.69402444,0.08057532,5.555426e-05,1.421227e-05
20013,2022-12-27,2,D1,2,D1,2,D1,True,0.0053145797,0.2624917,0.67264587,0.059491653,4.5510365e-05,1.0617053e-05
20013,2023-01-03,2,D1,2,D1,2,D1,True,0.006018327,0.2991572,0.64902765,0.045754027,3.6461213e-05,6.4174615e-06
20013,2023-01-10,2,D1,2,D1,2,D1,True,0.005489649,0.30806512,0.64723,0.039183903,2.7902395e-05,3.3827057e-06
20013,2023-01-17,2,D1,2,D1,2,D1,True,0.0044534327,0.30669153,0.653098,0.035734832,2.0747482e-05,1.4580514e-06
20013,2023-01-24,2,D1,2,D1,2,D1,True,0.0036189114,0.30228573,0.66004753,0.034030862,1.6449634e-05,5.280258e-07
20013,2023-01-31,2,D1,2,D1,2,D1,True,0.003297609,0.29940405,0.66449267,0.032791037,1.4327689e-05,2.9478016e-07
20013,2023-02-07,2,D1,2,D1,2,D1,True,0.0032881955,0.29701412,0.6659085,0.03377489,1.4075821e-05,2.5656755e-07
20013,2023-02-14,1,D0,2,D1,2,D1,False,0.0035419941,0.29320353,0.6647389,0.038499396,1.587378e-05,3.1454707e-07
20013,2023-02-21,0,None,1,D0,1,D0,False,0.3319743,0.62636083,0.041662615,2.3273835e-06,7.457807e-09,2.1611926e-08
20013,2023-02-28,0,None,0,None,0,None,True,0.7547106,0.24521877,7.053701e-05,4.308299e-08,3.6949015e-08,3.6128343e-09
20013,2023-03-07,0,None,0,None,0,None,True,0.76032597,0.23961915,5.477231e-05,8.5601286e-08,7.5718425e-08,5.0233573e-09
20013,2023-03-14,0,None,0,None,0,None,True,0.75084645,0.24904478,0.00010797668,4.2284432e-07,3.673098e-07,2.5541542e-08
20013,2023-03-21,0,None,0,None,0,None,True,0.7110436,0.28867215,0.00027731006,3.0080196e-06,3.105334e-06,7.6884106e-07
20013,2023-03-28,0,None,0,None,0,None,True,0.6683103,0.33098307,0.00066917785,1.4916455e-05,1.4376759e-05,8.260249e-06
20013,2023-04-04,0,None,0,None,0,None,True,0.652757,0.34638232,0.000800425,2.1944226e-05,2.038504e-05,1.7972621e-05
20013,2023-04-11,0,None,0,None,0,None,True,0.64824,0.35094956,0.0007447208,2.2917653e-05,2.1188614e-05,2.1701888e-05
20013,2023-04-18,0,None,0,None,0,None,True,0.64604634,0.3532538,0.00064806966,1.6688897e-05,1.678348e-05,1.8337982e-05
20013,2023-04-25,0,None,0,None,0,None,True,0.64614695,0.35330138,0.00051853474,9.774132e-06,1.1020901e-05,1.2288433e-05
20013,2023-05-02,0,None,0,None,0,None,True,0.6490045,0.35060385,0.0003713212,5.8053092e-06,6.6684006e-06,7.8593785e-06
20013,2023-05-09,0,None,0,None,0,None,True,0.65066457,0.34904206,0.00028010644,3.7687232e-06,4.303261e-06,5.3387384e-06
20013,2023-05-16,0,None,0,None,0,None,True,0.65018225,0.34957123,0.00023614688,2.7371366e-06,3.2276894e-06,4.346305e-06
20013,2023-05-23,0,None,0,None,0,None,True,0.64886606,0.35093224,0.0001939215,1.945181e-06,2.383513e-06,3.4969507e-06
20013,2023-05-30,0,None,0,None,0,None,True,0.6474129,0.35241833,0.00016267606,1.4324999e-06,1.8116547e-06,2.8800434e-06
20013,2023-06-06,0,None,0,None,0,None,True,0.6464697,0.3533734,0.00015116994,1.2202053e-06,1.6249905e-06,2.7746817e-06
20013,2023-06-13,0,None,0,None,0,None,True,0.645283,0.3545675,0.00014404724,1.0750977e-06,1.5387203e-06,2.8544564e-06
20013,2023-06-20,1,D0,0,None,0,None,False,0.6440387,0.35582408,0.00013214801,9.016681e-07,1.3891637e-06,2.8265147e-06
20013,2023-06-27,2,D1,1,D0,1,D0,False,0.2338284,0.5731477,0.19279273,0.00022571192,6.925563e-07,4.816581e-06
20013,2023-07-04,2,D1,2,D1,2,D1,True,0.006357351,0.175386,0.45720863,0.35330415,0.0075200587,0.00022378025
20013,2023-07-11,2,D1,2,D1,2,D1,True,0.0067780972,0.21129079,0.44444007,0.32816416,0.009005879,0.0003209669
20013,2023-07-18,2,D1,1,D0,1,D0,False,0.034297578,0.48439455,0.4274153,0.052672043,0.00091874646,0.0003017697
20013,2023-07-25,2,D1,1,D0,1,D0,False,0.051196825,0.5600208,0.3778456,0.010649954,0.00018719469,9.963191e-05
20013,2023-08-01,1,D0,1,D0,1,D0,True,0.03868679,0.5709647,0.3839733,0.0062855934,6.8956324e-05,2.0723544e-05
20013,2023-08-08,1,D0,1,D0,1,D0,True,0.0768454,0.6613284,0.26151904,0.0003034384,1.9167694e-06,1.8060072e-06
20013,2023-08-15,1,D0,1,D0,1,D0,True,0.16982763,0.74757594,0.082592964,3.3352687e-06,2.482249e-08,7.408309e-08
20013,2023-08-22,1,D0,1,D0,1,D0,True,0.18276854,0.7586929,0.05853752,9.694571e-07,7.95622e-09,2.6472138e-08
20013,2023-08-29,0,None,1,D0,1,D0,False,0.13430941,0.7631905,0.10249738,2.5949869e-06,1.3482117e-08,3.8668947e-08
20013,2023-09-05,0,None,0,None,0,None,True,0.71054566,0.28936285,9.1483904e-05,2.4808704e-08,3.5604266e-08,6.4423524e-09
20013,2023-09-12,0,None,0,None,0,None,True,0.6361707,0.36337677,0.00045169826,3.3068397e-07,2.934821e-07,1.7078608e-07
20013,2023-09-19,0,None,0,None,0,None,True,0.5984075,0.40034014,0.0012481449,1.4936273e-06,1.1148559e-06,1.5403172e-06
20013,2023-09-26,0,None,0,None,0,None,True,0.5926312,0.40582797,0.0015334069,2.3764549e-06,1.8262558e-06,3.220806e-06
20013,2023-10-03,1,D0,0,None,0,None,False,0.59046805,0.40785193,0.0016699983,3.0214508e-06,2.343e-06,4.686945e-06
20013,2023-10-10,1,D0,1,D0,1,D0,True,0.033689786,0.5184879,0.44600084,0.0018024171,1.5092165e-05,4.0077766e-06
20013,2023-10-17,1,D0,2,D1,2,D1,False,0.026796604,0.37516436,0.5794695,0.018115975,0.00043681476,1.6745635e-05
20013,2023-10-24,1,D0,2,D1,2,D1,False,0.05109728,0.38964406,0.55065775,0.008448843,0.00014759401,4.4810117e-06
20013,2023-10-31,1,D0,2,D1,2,D1,False,0.05774167,0.40861192,0.52935576,0.004243287,4.5930996e-05,1.4078507e-06
20013,2023-11-07,1,D0,1,D0,1,D0,True,0.051825073,0.47840628,0.46782032,0.001938999,8.844394e-06,4.9034617e-07
20013,2023-11-14,2,D1,1,D0,1,D0,False,0.04331106,0.4936106,0.46114555,0.001927102,5.4650814e-06,3.0088836e-07
20013,2023-11-21,2,D1,2,D1,2,D1,True,0.00036272363,0.08872827,0.77711064,0.1336877,0.00011057824,1.448633e-08
20013,2023-11-28,2,D1,2,D1,2,D1,True,0.00050377945,0.09279053,0.7628604,0.14359699,0.00024816775,3.527013e-08
20013,2023-12-05,2,D1,2,D1,2,D1,True,0.00092474057,0.11434199,0.75160664,0.13280623,0.00032027604,6.795463e-08
20013,2023-12-12,2,D1,2,D1,2,D1,True,0.0013753711,0.14391616,0.74246395,0.112018175,0.00022632351,7.2326735e-08
20013,2023-12-19,2,D1,2,D1,2,D1,True,0.0017355941,0.17902593,0.73088217,0.08823376,0.0001225033,5.1082232e-08
20013,2023-12-26,2,D1,2,D1,2,D1,True,0.001762048,0.1856823,0.7308441,0.0816271,8.4407475e-05,3.993971e-08
20013,2024-01-02,2,D1,2,D1,2,D1,True,0.0017556506,0.18680084,0.730417,0.08096169,6.4815744e-05,3.7465504e-08
20013,2024-01-09,2,D1,2,D1,2,D1,True,0.0017583272,0.1856652,0.7269849,0.08553731,5.4185242e-05,4.3255213e-08
20013,2024-01-16,2,D1,2,D1,2,D1,True,0.0020342115,0.18437369,0.71477073,0.098771475,4.9833354e-05,7.03083e-08
20013,2024-01-23,2,D1,2,D1,2,D1,True,0.0027982485,0.1817457,0.6984373,0.1169743,4.4372682e-05,1.3627366e-07
20013,2024-01-30,2,D1,2,D1,2,D1,True,0.0042899936,0.20347537,0.6795551,0.112646505,3.263574e-05,3.35006e-07
20013,2024-02-06,2,D1,2,D1,2,D1,True,0.0034054664,0.16311038,0.7017104,0.1317356,3.6182868e-05,1.969642e-06
20013,2024-02-13,2,D1,2,D1,2,D1,True,0.0019508314,0.10103028,0.6839679,0.21294622,8.897664e-05,1.5875808e-05
20013,2024-02-20,2,D1,2,D1,2,D1,True,0.001479388,0.08718956,0.65668154,0.2545003,0.0001295899,1.9710968e-05
20013,2024-02-27,2,D1,2,D1,2,D1,True,0.0018181836,0.092868365,0.6594292,0.24570878,0.00014856609,2.6945228e-05
20013,2024-03-05,2,D1,2,D1,2,D1,True,0.0022301604,0.09863402,0.65821534,0.24072987,0.00015755814,3.3073415e-05
20013,2024-03-12,2,D1,2,D1,2,D1,True,0.0026248936,0.104696766,0.6585874,0.23388423,0.00016802594,3.871362e-05
20013,2024-03-19,2,D1,2,D1,2,D1,True,0.0031389622,0.114171304,0.65934515,0.22311786,0.00018113435,4.56566e-05
20013,2024-03-26,2,D1,2,D1,2,D1,True,0.003932372,0.13221614,0.66181,0.20178784,0.00019762931,5.6077806e-05
20013,2024-04-02,2,D1,2,D1,2,D1,True,0.005534305,0.16528316,0.6588271,0.17007776,0.000208264,6.938667e-05
20013,2024-04-09,2,D1,2,D1,2,D1,True,0.0066504297,0.20492345,0.6500742,0.1380667,0.00021301415,7.224489e-05
20013,2024-04-16,2,D1,2,D1,2,D1,True,0.007501093,0.253937,0.6333679,0.10493262,0.00019368435,6.7737834e-05
20013,2024-04-23,2,D1,2,D1,2,D1,True,0.004169394,0.23750594,0.6499317,0.10816833,0.0001881244,3.6555204e-05
20013,2024-04-30,2,D1,2,D1,2,D1,True,0.036058515,0.46884575,0.4850941,0.009959097,1.6939286e-05,2.5600984e-05
20013,2024-05-07,1,D0,1,D0,1,D0,True,0.17055163,0.6023019,0.22700828,0.00013537711,3.6685802e-07,2.4323301e-06
20013,2024-05-14,0,None,1,D0,1,D0,False,0.2723315,0.6968037,0.030864483,3.1487443e-07,2.1122075e-09,1.7197731e-08
20013,2024-05-21,0,None,0,None,0,None,True,0.53278726,0.46698746,0.00022524147,9.908541e-09,2.7502536e-09,3.7130885e-09
20013,2024-05-28,0,None,0,None,0,None,True,0.6726172,0.32732728,5.5516462e-05,1.5677282e-08,9.255694e-09,1.2413838e-09
20013,2024-06-04,0,None,0,None,0,None,True,0.6848455,0.3150501,0.000104271014,9.69251e-08,6.201101e-08,4.4256256e-09
20013,2024-06-11,0,None,0,None,0,None,True,0.69653684,0.3032529,0.00020937106,4.836558e-07,3.6019932e-07,2.0093813e-08
20013,2024-06-18,0,None,0,None,0,None,True,0.72484475,0.27480972,0.00034246146,1.6462707e-06,1.4034432e-06,3.807219e-08
20013,2024-06-25,0,None,0,None,0,None,True,0.739125,0.26046023,0.00040831242,3.7603543e-06,2.6812088e-06,4.055282e-08
20013,2024-07-02,0,None,0,None,0,None,True,0.73580414,0.26386875,0.00032065858,3.8477087e-06,2.509309e-06,4.923833e-08
20013,2024-07-09,0,None,0,None,0,None,True,0.72643137,0.27334082,0.00022263992,2.9812863e-06,2.062829e-06,1.06610635e-07
20013,2024-07-16,0,None,0,None,0,None,True,0.7022313,0.29758,0.00018491062,1.931601e-06,1.6307864e-06,2.3803672e-07
20013,2024-07-23,0,None,0,None,0,None,True,0.6699935,0.32983866,0.0001651435,1.0686041e-06,1.1450627e-06,5.4739354e-07
20013,2024-07-30,0,None,0,None,0,None,True,0.64089644,0.35895938,0.000141687,6.380623e-07,8.1637444e-07,9.737754e-07
20013,2024-08-06,1,D0,1,D0,0,None,False,0.47875902,0.51131344,0.009882205,2.0324545e-05,2.1306653e-06,2.2940372e-05
20013,2024-08-13,1,D0,1,D0,1,D0,True,0.15152235,0.59968644,0.24856316,0.00022223374,1.3747879e-06,4.4430617e-06
20013,2024-08-20,2,D1,1,D0,1,D0,False,0.15971747,0.62607163,0.21403529,0.00016430889,2.1453495e-06,9.109309e-06
20013,2024-08-27,2,D1,2,D1,2,D1,True,0.01591933,0.43173072,0.47305357,0.07812447,0.0011249355,4.705415e-05
20013,2024-09-03,2,D1,2,D1,2,D1,True,0.009678817,0.40022793,0.5052465,0.08402731,0.00078972586,2.9732799e-05
20013,2024-09-10,2,D1,2,D1,2,D1,True,0.011712647,0.4494736,0.49537203,0.043103423,0.00032026583,1.807762e-05
20013,2024-09-17,2,D1,2,D1,2,D1,True,0.011940778,0.4637247,0.49721867,0.02694833,0.00015938727,8.07055e-06
20013,2024-09-24,2,D1,2,D1,2,D1,True,0.0026778781,0.27867743,0.61908704,0.09910176,0.0004533266,2.4928156e-06
20013,2024-10-01,2,D1,2,D1,2,D1,True,0.0012014054,0.18400195,0.6741656,0.14025636,0.00037374534,8.950803e-07
20013,2024-10-08,2,D1,2,D1,2,D1,True,0.0012561932,0.17412396,0.682773,0.14157496,0.00027131246,5.6168557e-07
20013,2024-10-15,3,D2,3,D2,3,D2,True,3.555829e-05,0.0016337319,0.277127,0.55923283,0.16196978,1.0510153e-06
20013,2024-10-22,3,D2,3,D2,3,D2,True,2.887164e-06,6.985859e-05,0.09253044,0.6221126,0.28528386,4.2506798e-07
20013,2024-10-29,3,D2,3,D2,3,D2,True,3.895675e-06,7.631505e-05,0.080619715,0.6238873,0.29541188,8.195534e-07
20013,2024-11-05,2,D1,3,D2,3,D2,False,4.4086523e-06,5.0121907e-05,0.053369883,0.6050263,0.34154728,2.0187456e-06
20013,2024-11-12,2,D1,2,D1,2,D1,True,0.023614386,0.44728836,0.51782084,0.011261955,1.399739e-05,5.365052e-07
20013,2024-11-19,2,D1,2,D1,2,D1,True,0.004165799,0.23415476,0.7072807,0.05435772,4.070536e-05,2.2828479e-07
20013,2024-11-26,2,D1,2,D1,2,D1,True,0.0010472254,0.15560246,0.7629475,0.080379315,2.3409562e-05,2.7314687e-08
20013,2024-12-03,2,D1,2,D1,2,D1,True,0.0008853949,0.15189882,0.77120066,0.07599852,1.658151e-05,1.7251098e-08
20013,2024-12-10,2,D1,2,D1,2,D1,True,0.00074349856,0.1417411,0.7773548,0.08014386,1.67925e-05,1.4154471e-08
20013,2024-12-17,2,D1,2,D1,2,D1,True,0.00072750077,0.13989846,0.778872,0.080484785,1.728022e-05,1.3964064e-08
20013,2024-12-24,2,D1,2,D1,2,D1,True,0.00066460855,0.13306569,0.7808951,0.08535507,1.9546984e-05,1.3597076e-08
20013,2024-12-31,2,D1,2,D1,2,D1,True,0.0006622029,0.13053711,0.7821074,0.086671785,2.1456528e-05,1.4168022e-08
20013,2025-01-07,2,D1,2,D1,2,D1,True,0.0006609572,0.1272328,0.7843936,0.087688774,2.374794e-05,1.4670115e-08
20013,2025-01-14,2,D1,2,D1,2,D1,True,0.0006496928,0.12244433,0.788091,0.08878858,2.6366639e-05,1.4844728e-08
20013,2025-01-21,2,D1,2,D1,2,D1,True,0.000640178,0.119365826,0.7907637,0.089202285,2.7968066e-05,1.4691833e-08
20013,2025-01-28,2,D1,2,D1,2,D1,True,0.00063337246,0.11744975,0.7947238,0.08716552,2.7555268e-05,1.4046534e-08
20013,2025-02-04,1,D0,2,D1,2,D1,False,0.0006322445,0.116822,0.80026054,0.082260236,2.493812e-05,1.2687953e-08
20013,2025-02-11,1,D0,1,D0,1,D0,True,0.33344847,0.6130472,0.053501606,2.6912146e-06,1.29263755e-08,8.030518e-09
20013,2025-02-18,0,None,1,D0,1,D0,False,0.33656248,0.6307635,0.03267345,6.0763966e-07,3.7979704e-09,3.2217227e-09
20013,2025-02-25,0,None,0,None,0,None,True,0.761963,0.23791552,0.00012135664,6.118286e-08,3.6963893e-08,3.8397716e-10
20013,2025-03-04,0,None,0,None,0,None,True,0.77491295,0.22496712,0.00011967294,1.6911815e-07,1.00596544e-07,6.514721e-10
20013,2025-03-11,0,None,0,None,0,None,True,0.76436627,0.23543128,0.00020146146,6.226811e-07,3.5643447e-07,2.2202866e-09
20013,2025-03-18,0,None,0,None,0,None,True,0.74541724,0.25426197,0.00031732235,2.1317442e-06,1.2894265e-06,1.234944e-08
20013,2025-03-25,0,None,0,None,0,None,True,0.7343625,0.26520532,0.00042342517,5.0728877e-06,3.5789162e-06,4.5101643e-08
20013,2025-04-01,1,D0,0,None,0,None,False,0.7274608,0.27211004,0.0004151519,7.3779947e-06,6.4874785e-06,1.1541658e-07
20013,2025-04-08,0,None,1,D0,1,D0,False,0.15564232,0.5898744,0.25416663,0.00031552775,6.1558967e-07,5.369376e-07
20013,2025-04-15,0,None,0,None,0,None,True,0.7193491,0.28041592,0.00023146783,1.7021948e-06,1.6979761e-06,1.5213296e-07
20013,2025-04-22,0,None,0,None,0,None,True,0.7018039,0.29808307,0.000110981,1.0280345e-06,8.2865665e-07,1.3346943e-07
20013,2025-04-29,0,None,0,None,0,None,True,0.62340844,0.37606573,0.0005144495,4.0815144e-06,2.8784161e-06,4.4540857e-06
20013,2025-05-06,1,D0,0,None,0,None,False,0.5967082,0.40269163,0.0005862551,3.0634797e-06,2.2375732e-06,8.60678e-06
20013,2025-05-13,2,D1,1,D0,1,D0,False,0.2299159,0.5319237,0.23784226,0.00030898838,1.0999871e-06,8.062893e-06
20013,2025-05-20,2,D1,2,D1,2,D1,True,0.018820904,0.19091009,0.5028538,0.28314605,0.003978633,0.00029055963
20013,2025-05-27,2,D1,2,D1,2,D1,True,0.02660927,0.22672965,0.46418545,0.2785156,0.003427621,0.00053240434
20013,2025-06-03,2,D1,2,D1,2,D1,True,0.062020227,0.3237497,0.45653927,0.15447696,0.0024166985,0.00079713215
20013,2025-06-10,2,D1,2,D1,2,D1,True,0.087165594,0.42399105,0.43137506,0.05587738,0.0010880772,0.0005028627
20013,2025-06-17,2,D1,1,D0,1,D0,False,0.08626127,0.48448065,0.40653694,0.022176076,0.00035643033,0.00018857888
20013,2025-06-24,2,D1,1,D0,1,D0,False,0.06817338,0.519613,0.4004737,0.011531295,0.00014403152,6.450593e-05
20013,2025-07-01,1,D0,1,D0,1,D0,True,0.052725557,0.53929585,0.40087828,0.0070115714,6.872864e-05,1.9997075e-05
20013,2025-07-08,1,D0,1,D0,1,D0,True,0.42702186,0.5702343,0.0027437666,9.476796e-08,1.3123387e-08,4.2036028e-08
20013,2025-07-15,1,D0,1,D0,0,None,False,0.46323344,0.5360397,0.00072687224,2.8062047e-08,5.7688165e-09,2.0098506e-08
20013,2025-07-22,0,None,1,D0,1,D0,False,0.3597054,0.63459307,0.0057011684,2.7524598e-07,1.3210219e-08,5.6727146e-08
20013,2025-07-29,0,None,0,None,0,None,True,0.7131919,0.28673342,7.444202e-05,3.5882554e-08,4.2540858e-08,5.7259695e-09
20013,2025-08-05,0,None,0,None,0,None,True,0.71857184,0.2813069,0.000120733916,2.1573462e-07,2.701187e-07,1.6383582e-08
20013,2025-08-12,0,None,0,None,0,None,True,0.70672345,0.29307428,0.00020031704,8.289338e-07,1.0925191e-06,6.829202e-08
20013,2025-08-19,0,None,0,None,0,None,True,0.700922,0.29883665,0.00023657957,1.8190764e-06,2.8054153e-06,1.8661567e-07
20013,2025-08-26,0,None,0,None,0,None,True,0.6864381,0.31331304,0.00024272346,2.2409401e-06,3.6254817e-06,3.8841483e-07
20013,2025-09-02,0,None,0,None,0,None,True,0.6042297,0.39412922,0.0016162902,1.0173432e-05,9.076276e-06,5.527144e-06
20013,2025-09-09,0,None,0,None,0,None,True,0.59654367,0.40230832,0.0011313264,5.076421e-06,4.996189e-06,6.6181688e-06
20013,2025-09-16,1,D0,0,None,0,None,False,0.59965223,0.39954996,0.0007865842,2.9198234e-06,3.091926e-06,5.207401e-06
20013,2025-09-23,0,None,1,D0,1,D0,False,0.43363273,0.53738695,0.028901031,4.1656935e-05,6.605532e-06,3.098906e-05
20013,2025-09-30,0,None,0,None,0,None,True,0.5356912,0.45929775,0.004980229,8.004769e-06,4.5775955e-06,1.8207034e-05
20013,2025-10-07,0,None,0,None,0,None,True,0.5739083,0.4224249,0.0036361546,9.419233e-06,6.330261e-06,1.4804421e-05
20013,2025-10-14,0,None,0,None,0,None,True,0.5890534,0.405553,0.0053496347,1.9572974e-05,1.1951834e-05,1.2504945e-05
20013,2025-10-21,0,None,0,None,0,None,True,0.614431,0.37800947,0.0075159064,2.6560609e-05,1.2812506e-05,4.1944586e-06
20013,2025-10-28,0,None,0,None,0,None,True,0.63318396,0.36001414,0.0067660143,2.3860026e-05,1.017557e-05,1.8552611e-06
20013,2025-11-04,0,None,0,None,0,None,True,0.59578836,0.3979018,0.006286101,1.822275e-05,4.702879e-06,9.2948824e-07
20013,2025-11-11,0,None,0,None,0,None,True,0.58501554,0.40944794,0.0055168425,1.5975704e-05,3.168139e-06,5.1450587e-07
20013,2025-11-18,0,None,0,None,0,None,True,0.581426,0.41316894,0.0053859875,1.5859778e-05,2.7475974e-06,4.1637134e-07
20013,2025-11-25,0,None,0,None,0,None,True,0.57956135,0.4154253,0.004997036,1.3774704e-05,2.1776277e-06,3.3015667e-07
20013,2025-12-02,0,None,0,None,0,None,True,0.579022,0.4161806,0.004783115,1.2262249e-05,1.7942334e-06,2.5431024e-07
20013,2025-12-09,0,None,0,None,0,None,True,0.57377696,0.42137358,0.0048372233,1.0619465e-05,1.3732266e-06,1.6468088e-07
20013,2025-12-16,0,None,0,None,0,None,True,0.5078275,0.48116356,0.010993779,1.4282123e-05,7.508776e-07,1.3709501e-07
20013,2025-12-23,0,None,0,None,0,None,True,0.51919013,0.47039396,0.010402596,1.24563085e-05,6.717839e-07,1.452049e-07
20013,2025-12-30,0,None,0,None,0,None,True,0.5285246,0.46259034,0.008873547,1.0637874e-05,6.286358e-07,1.9956113e-07
20015,2022-01-04,0,None,0,None,0,None,True,0.6171982,0.3824051,0.00037373605,2.9964208e-06,3.9089564e-06,1.6069895e-05
20015,2022-01-11,1,D0,0,None,0,None,False,0.61256504,0.38709563,0.00032512192,1.521581e-06,2.234854e-06,1.0404862e-05
20015,2022-01-18,1,D0,1,D0,1,D0,True,0.04958043,0.6789919,0.27128586,0.000140886,1.7619777e-07,7.4510166e-07
20015,2022-01-25,1,D0,1,D0,1,D0,True,0.039687235,0.5932487,0.36609432,0.0009621472,3.1897432e-06,4.350264e-06
20015,2022-02-01,1,D0,1,D0,1,D0,True,0.060519412,0.6240437,0.31504127,0.0003906967,1.6628201e-06,3.2302562e-06
20015,2022-02-08,1,D0,1,D0,1,D0,True,0.069106154,0.63986886,0.29079393,0.00022774108,9.86502e-07,2.319252e-06
20015,2022-02-15,1,D0,1,D0,1,D0,True,0.06966025,0.6483938,0.28176513,0.00017814808,7.310101e-07,1.8470404e-06
20015,2022-02-22,1,D0,1,D0,1,D0,True,0.06645329,0.6542012,0.27918625,0.00015721451,5.808783e-07,1.4818781e-06
20015,2022-03-01,1,D0,1,D0,1,D0,True,0.06332208,0.65863353,0.27789983,0.00014296526,4.7286332e-07,1.1951564e-06
20015,2022-03-08,1,D0,1,D0,1,D0,True,0.06875811,0.65275866,0.27832693,0.00015427303,5.5542364e-07,1.4812568e-06
20015,2022-03-15,1,D0,1,D0,1,D0,True,0.060114402,0.66257036,0.2771919,0.00012228561,3.335809e-07,6.901299e-07
20015,2022-03-22,0,None,1,D0,1,D0,False,0.055385396,0.66831464,0.27619517,0.00010410538,2.2172648e-07,4.0783297e-07
20015,2022-03-29,0,None,0,None,0,None,True,0.62970597,0.370038,0.0002550316,2.2105368e-07,3.0663227e-07,4.3993563e-07
20015,2022-04-05,0,None,0,None,0,None,True,0.6662118,0.33364525,0.00014178101,3.3359177e-07,4.3671153e-07,4.8865127e-07
20015,2022-04-12,0,None,0,None,0,None,True,0.65894085,0.34081885,0.00023657472,1.0177638e-06,1.2474685e-06,1.4896534e-06
20015,2022-04-19,0,None,0,None,0,None,True,0.6566263,0.34306037,0.00030428643,2.3344626e-06,2.9900746e-06,3.7656187e-06
20015,2022-04-26,1,D0,0,None,0,None,False,0.65568787,0.34401307,0.00028283198,3.7594375e-06,5.3669282e-06,7.1024615e-06
20015,2022-05-03,0,None,1,D0,1,D0,False,0.17279199,0.62117267,0.20560117,0.0004198299,2.651328e-06,1.1630863e-05
20015,2022-05-10,0,None,0,None,0,None,True,0.6712636,0.3285643,0.00015791439,1.8995559e-06,4.3208765e-06,8.015463e-06
20015,2022-05-17,0,None,0,None,0,None,True,0.6514893,0.34830227,0.00019374196,2.8088225e-06,4.437479e-06,7.334142e-06
20015,2022-05-24,0,None,0,None,0,None,True,0.627355,0.37229735,0.00032883853,4.7703734e-06,5.1541138e-06,8.948793e-06
20015,2022-05-31,0,None,0,None,0,None,True,0.62531567,0.37430236,0.0003605756,5.8173505e-06,5.873823e-06,9.7077655e-06
20015,2022-06-07,0,None,0,None,0,None,True,0.6270417,0.37255904,0.00037483574,6.824903e-06,6.9501534e-06,1.0633049e-05
20015,2022-06-14,0,None,0,None,0,None,True,0.6306193,0.36897755,0.00037706018,7.692933e-06,7.777663e-06,1.0656079e-05
20015,2022-06-21,0,None,0,None,0,None,True,0.64313626,0.35653153,0.000307145,7.646917e-06,7.938654e-06,9.418803e-06
20015,2022-06-28,0,None,0,None,0,None,True,0.6353231,0.3642645,0.0003826482,9.35505e-06,9.212675e-06,1.1243652e-05
20015,2022-07-05,0,None,0,None,0,None,True,0.6293655,0.37016043,0.00044199752,9.8321425e-06,9.304093e-06,1.2954958e-05
20015,2022-07-12,0,None,0,None,0,None,True,0.62761414,0.3718939,0.0004585271,1.0217573e-05,9.447872e-06,1.38180485e-05
20015,2022-07-19,1,D0,0,None,0,None,False,0.62391996,0.37555772,0.00048677291,1.0587278e-05,9.553351e-06,1.544366e-05
20015,2022-07-26,2,D1,1,D0,1,D0,False,0.075441666,0.56318873,0.36006352,0.0013021745,1.5407658e-06,2.3298303e-06
20015,2022-08-02,2,D1,2,D1,2,D1,True,0.001919176,0.10357097,0.56889945,0.32398322,0.0016018657,2.5302581e-05
20015,2022-08-09,2,D1,2,D1,2,D1,True,0.0022917725,0.10404691,0.56328183,0.328557,0.0017770907,4.5328958e-05
20015,2022-08-16,2,D1,3,D2,3,D2,False,0.0007860401,0.01440441,0.42777294,0.49462375,0.062113214,0.0002996896
20015,2022-08-23,2,D1,3,D2,3,D2,False,0.00020378236,0.0020152512,0.24717721,0.543838,0.20613508,0.00063063175
20015,2022-08-30,3,D2,3,D2,3,D2,True,0.00038439536,0.0031554028,0.25777078,0.53474563,0.2029088,0.0010349664
20015,2022-09-06,3,D2,3,D2,3,D2,True,1.5401174e-05,4.745231e-05,0.0524341,0.61230373,0.33353254,0.0016667489
20015,2022-09-13,3,D2,4,D3,3,D2,True,6.901902e-05,7.167268e-05,0.013578404,0.42964622,0.4801956,0.07643914
20015,2022-09-20,4,D3,4,D3,3,D2,False,0.00013877313,0.00013342284,0.010968733,0.3608586,0.46577212,0.16212836
20015,2022-09-27,4,D3,4,D3,4,D3,True,3.8123282e-05,2.128459e-05,0.0013450113,0.16389716,0.50892186,0.32577655
20015,2022-10-04,5,D4,5,D4,5,D4,True,3.4352477e-05,2.1422207e-05,0.0007877573,0.08072825,0.45480174,0.46362653
20015,2022-10-11,5,D4,5,D4,5,D4,True,1.8043518e-05,1.3621393e-05,0.0002795468,0.02824287,0.37746868,0.5939772
20015,2022-10-18,5,D4,5,D4,5,D4,True,1.5153812e-05,1.0048434e-05,0.00018937814,0.026562888,0.3647283,0.6084942
20015,2022-10-25,5,D4,5,D4,5,D4,True,2.0630654e-05,1.5968062e-05,0.00039196637,0.046781152,0.36502704,0.5877632
20015,2022-11-01,4,D3,5,D4,5,D4,False,3.101508e-05,2.552599e-05,0.0006178302,0.07368226,0.37280092,0.5528425
20015,2022-11-08,3,D2,5,D4,5,D4,False,3.1739666e-05,2.8534318e-05,0.00064963877,0.09157369,0.3756445,0.53207195
20015,2022-11-15,3,D2,4,D3,3,D2,True,2.7599768e-05,2.45902e-05,0.01127554,0.38919944,0.5812244,0.018248485
20015,2022-11-22,3,D2,4,D3,3,D2,True,1.589813e-05,1.861241e-05,0.012269225,0.39085877,0.59366006,0.0031773697
20015,2022-11-29,3,D2,4,D3,3,D2,True,1.9068224e-05,2.7087895e-05,0.00990553,0.36208457,0.6266527,0.0013111149
20015,2022-12-06,3,D2,4,D3,3,D2,True,2.7659094e-05,5.307475e-05,0.009936557,0.36791024,0.62144244,0.00063004537
20015,2022-12-13,3,D2,4,D3,3,D2,True,2.9408006e-05,7.4974894e-05,0.012186988,0.3839019,0.60337347,0.00043321832
20015,2022-12-20,3,D2,4,D3,3,D2,True,2.530482e-05,7.635523e-05,0.01650154,0.39501113,0.588076,0.0003096368
20015,2022-12-27,3,D2,4,D3,3,D2,True,2.672653e-05,7.856554e-05,0.022437027,0.40214247,0.57511866,0.0001965113
20015,2023-01-03,3,D2,4,D3,3,D2,True,3.4023255e-05,9.501821e-05,0.026202973,0.41296053,0.5605594,0.00014806834
20015,2023-01-10,3,D2,4,D3,3,D2,True,3.4749937e-05,7.1913855e-05,0.02171143,0.41530827,0.5627663,0.00010733482
20015,2023-01-17,3,D2,4,D3,3,D2,True,2.7695725e-05,4.8877166e-05,0.015751025,0.41552317,0.56857765,7.163276e-05
20015,2023-01-24,3,D2,4,D3,3,D2,True,2.789053e-05,4.2410284e-05,0.013338501,0.41906604,0.5674615,6.377452e-05
20015,2023-01-31,3,D2,4,D3,3,D2,True,2.7914717e-05,3.5956396e-05,0.011474675,0.42290598,0.5654945,6.09367e-05
20015,2023-02-07,3,D2,4,D3,3,D2,True,3.030097e-05,3.4276447e-05,0.0106075425,0.42072815,0.56853735,6.238934e-05
20015,2023-02-14,3,D2,4,D3,3,D2,True,3.680516e-05,4.1799918e-05,0.010984439,0.40909016,0.5797658,8.1031874e-05
20015,2023-02-21,3,D2,4,D3,3,D2,True,4.3076696e-05,4.4016637e-05,0.010151772,0.4026402,0.58683735,0.0002835455
20015,2023-02-28,2,D1,4,D3,3,D2,False,4.590916e-05,3.4255416e-05,0.008462,0.39320675,0.5973995,0.00085160154
20015,2023-03-07,2,D1,3,D2,3,D2,False,0.004586267,0.041818406,0.3908795,0.5350193,0.0275256,0.00017098538
20015,2023-03-14,2,D1,3,D2,3,D2,False,0.0014867206,0.022212477,0.42111662,0.5341958,0.020893887,9.457759e-05
20015,2023-03-21,2,D1,2,D1,2,D1,True,0.00057560403,0.02108015,0.50208795,0.47038594,0.0058593317,1.1061388e-05
20015,2023-03-28,2,D1,2,D1,2,D1,True,0.00048117136,0.01853161,0.4954921,0.48011872,0.0053678392,8.473854e-06
20015,2023-04-04,2,D1,3,D2,3,D2,False,0.00051001617,0.01717356,0.47860947,0.49663275,0.007064251,9.993817e-06
20015,2023-04-11,3,D2,3,D2,3,D2,True,0.0006164765,0.017433304,0.46030086,0.51209354,0.009543284,1.2599228e-05
20015,2023-04-18,3,D2,4,D3,4,D3,False,4.695681e-06,4.884515e-06,0.0063813776,0.31286854,0.6801067,0.0006337837
20015,2023-04-25,4,D3,4,D3,4,D3,True,2.7887825e-05,1.8248465e-05,0.004959491,0.20169118,0.7857648,0.0075383936
20015,2023-05-02,5,D4,4,D3,4,D3,False,1.7377288e-05,7.657027e-06,0.0007484041,0.06872763,0.86285794,0.06764097
20015,2023-05-09,5,D4,5,D4,5,D4,True,1.992193e-05,1.9243627e-05,0.000199182,0.004680382,0.37075114,0.62433016
20015,2023-05-16,5,D4,5,D4,5,D4,True,4.38572e-06,7.2547496e-06,7.9043784e-05,0.0018584729,0.24369946,0.75435126
20015,2023-05-23,5,D4,5,D4,5,D4,True,5.709512e-06,1.0739755e-05,0.00012245675,0.0025795947,0.23656179,0.7607197
20015,2023-05-30,5,D4,5,D4,5,D4,True,8.338766e-06,1.640511e-05,0.00023538321,0.0048791296,0.26137283,0.73348784
20015,2023-06-06,5,D4,5,D4,5,D4,True,1.0201047e-05,2.2205279e-05,0.0003880046,0.008102812,0.28712565,0.7043511
20015,2023-06-13,5,D4,5,D4,5,D4,True,1.5366835e-05,4.1754338e-05,0.0007812965,0.013023322,0.29311198,0.69302636
20015,2023-06-20,5,D4,5,D4,5,D4,True,1.333594e-05,3.8315622e-05,0.0009181501,0.017995795,0.310269,0.67076546
20015,2023-06-27,5,D4,5,D4,5,D4,True,1.550143e-05,4.3748e-05,0.0010744615,0.019809715,0.32691845,0.6521381
20015,2023-07-04,5,D4,5,D4,5,D4,True,1.09137e-05,2.6352649e-05,0.0007281859,0.017653203,0.3348046,0.6467767
20015,2023-07-11,4,D3,5,D4,5,D4,False,4.7087633e-06,8.265918e-06,0.0002445281,0.010754979,0.32402745,0.6649601
20015,2023-07-18,4,D3,4,D3,4,D3,True,1.9950216e-06,1.5421095e-06,0.00031920194,0.06983427,0.7374996,0.19234331
20015,2023-07-25,4,D3,4,D3,4,D3,True,8.9299243e-07,6.9177344e-07,0.00017544476,0.05534006,0.7255237,0.21895926
20015,2023-08-01,4,D3,4,D3,4,D3,True,6.6987036e-07,4.8885624e-07,9.878116e-05,0.032751784,0.65720665,0.30994162
20015,2023-08-08,4,D3,4,D3,4,D3,True,7.533731e-07,5.5002016e-07,8.797994e-05,0.026712053,0.64719474,0.326004
20015,2023-08-15,4,D3,4,D3,4,D3,True,7.360721e-07,5.919641e-07,8.945588e-05,0.025868105,0.67123574,0.3028054
20015,2023-08-22,4,D3,4,D3,4,D3,True,1.2630733e-06,1.248869e-06,0.0007320639,0.132351,0.8289998,0.037914474
20015,2023-08-29,4,D3,4,D3,4,D3,True,1.6205045e-06,1.8079928e-06,0.0011622728,0.16398127,0.8141318,0.020721175
20015,2023-09-05,4,D3,4,D3,4,D3,True,3.81686e-06,4.2261927e-06,0.0014720592,0.17647763,0.7912593,0.030783074
20015,2023-09-12,4,D3,4,D3,4,D3,True,1.1947701e-05,1.2950974e-05,0.0022922824,0.20691392,0.7465705,0.04419841
20015,2023-09-19,4,D3,4,D3,4,D3,True,2.9948545e-05,2.7831114e-05,0.0033150285,0.2331369,0.705026,0.058464374
20015,2023-09-26,4,D3,4,D3,4,D3,True,4.0350584e-05,3.4328998e-05,0.003986203,0.24712855,0.6800482,0.06876229
20015,2023-10-03,4,D3,4,D3,4,D3,True,3.653521e-05,3.156861e-05,0.003851421,0.24637783,0.6778051,0.07189746
20015,2023-10-10,4,D3,4,D3,4,D3,True,3.5738434e-05,3.0725954e-05,0.003803713,0.2473775,0.68322366,0.06552867
20015,2023-10-17,4,D3,4,D3,4,D3,True,3.0873605e-05,2.6761463e-05,0.0034616701,0.23467776,0.6997126,0.06209029
20015,2023-10-24,4,D3,4,D3,4,D3,True,2.2246768e-05,2.1462416e-05,0.0027152586,0.20150979,0.7334265,0.06230482
20015,2023-10-31,3,D2,4,D3,4,D3,False,1.6961883e-05,1.8169249e-05,0.002007863,0.16605084,0.76877445,0.06313173
20015,2023-11-07,3,D2,3,D2,3,D2,True,3.4592864e-05,0.00092746393,0.20899065,0.6403149,0.14972378,8.615542e-06
20015,2023-11-14,3,D2,3,D2,3,D2,True,4.3699815e-06,0.00027885655,0.19763805,0.70156837,0.10050949,9.0601213e-07
20015,2023-11-21,3,D2,3,D2,3,D2,True,4.539147e-06,0.0004002129,0.2313109,0.6996756,0.06860826,4.452242e-07
20015,2023-11-28,3,D2,3,D2,3,D2,True,3.5129337e-06,0.00029690948,0.21290968,0.7112247,0.07556473,4.4679237e-07
20015,2023-12-05,2,D1,3,D2,3,D2,False,3.2535606e-06,0.00027907864,0.20870669,0.71261567,0.07839491,4.2364783e-07
20015,2023-12-12,2,D1,2,D1,2,D1,True,0.0062857093,0.38703975,0.5964781,0.010194114,1.615208e-06,7.5471894e-07
20015,2023-12-19,2,D1,2,D1,2,D1,True,0.00059757155,0.17477037,0.76258785,0.062040806,3.2752462e-06,2.3902382e-07
20015,2023-12-26,1,D0,2,D1,2,D1,False,0.0003089784,0.14222148,0.7777817,0.07968495,2.730993e-06,9.3106955e-08
20015,2024-01-02,1,D0,1,D0,1,D0,True,0.18767649,0.6666438,0.14565323,2.6166292e-05,4.5988802e-08,2.9279207e-07
20015,2024-01-09,1,D0,1,D0,1,D0,True,0.19398922,0.7014711,0.10453253,7.0317064e-06,2.5747818e-08,1.7835035e-07
20015,2024-01-16,1,D0,1,D0,1,D0,True,0.25024533,0.70237845,0.04737549,6.766163e-07,4.3038417e-09,4.1290868e-08
20015,2024-01-23,1,D0,1,D0,1,D0,True,0.20715436,0.7246849,0.0681597,1.0571499e-06,4.268107e-09,3.817977e-08
20015,2024-01-30,1,D0,1,D0,1,D0,True,0.15171131,0.7306763,0.11760869,3.544698e-06,8.579241e-09,6.131544e-08
20015,2024-02-06,1,D0,1,D0,1,D0,True,0.12311881,0.7196855,0.1571867,8.9616315e-06,1.6631747e-08,9.926974e-08
20015,2024-02-13,0,None,1,D0,1,D0,False,0.117116846,0.71111006,0.17175777,1.51858985e-05,3.146434e-08,1.8229908e-07
20015,2024-02-20,0,None,0,None,0,None,True,0.7045512,0.2952307,0.0002176218,1.1375391e-07,2.6322357e-07,1.6825545e-07
20015,2024-02-27,0,None,0,None,0,None,True,0.6792776,0.32050192,0.00021920993,3.4675935e-07,5.9944597e-07,4.0593324e-07
20015,2024-03-05,0,None,0,None,0,None,True,0.6533938,0.34611085,0.0004905695,1.4919476e-06,1.8874202e-06,1.4515552e-06
20015,2024-03-12,0,None,0,None,0,None,True,0.64090496,0.35829586,0.00078679697,4.06595e-06,4.6978025e-06,3.6202862e-06
20015,2024-03-19,0,None,0,None,0,None,True,0.63167745,0.36730024,0.0009976275,8.5602205e-06,9.424752e-06,6.7246033e-06
20015,2024-03-26,0,None,0,None,0,None,True,0.6344854,0.36439288,0.001078733,1.5753034e-05,1.7492983e-05,9.680732e-06
20015,2024-04-02,0,None,0,None,0,None,True,0.6421683,0.3567916,0.0009847669,2.2718807e-05,2.3501176e-05,9.15152e-06
20015,2024-04-09,0,None,0,None,0,None,True,0.64692646,0.3520901,0.0009214373,3.0980897e-05,2.383816e-05,7.265447e-06
20015,2024-04-16,1,D0,0,None,0,None,False,0.64915085,0.34996074,0.0008367007,2.8660006e-05,1.7949447e-05,5.123487e-06
20015,2024-04-23,1,D0,1,D0,1,D0,True,0.08259052,0.51816857,0.39736694,0.0018703152,1.9411862e-06,1.7178972e-06
20015,2024-04-30,1,D0,2,D1,2,D1,False,0.050705597,0.3932143,0.51612884,0.039762363,0.00016742217,2.1510117e-05
20015,2024-05-07,1,D0,1,D0,1,D0,True,0.15430047,0.47440535,0.36673534,0.004479623,3.8557442e-05,4.0646086e-05
20015,2024-05-14,1,D0,1,D0,1,D0,True,0.17911832,0.5327558,0.28719792,0.0009039808,8.675965e-06,1.5307849e-05
20015,2024-05-21,0,None,1,D0,1,D0,False,0.14108612,0.5081264,0.34892473,0.0018334481,1.3648802e-05,1.5670861e-05
20015,2024-05-28,0,None,0,None,0,None,True,0.62831366,0.36686116,0.0047627487,3.4884644e-05,1.6180715e-05,1.1473779e-05
20015,2024-06-04,0,None,0,None,0,None,True,0.623956,0.37096614,0.0050092256,4.6371824e-05,1.4601039e-05,7.6788265e-06
20015,2024-06-11,0,None,0,None,0,None,True,0.61421764,0.37729573,0.008371489,8.587394e-05,1.9472745e-05,9.733415e-06
20015,2024-06-18,0,None,0,None,0,None,True,0.70617455,0.293103,0.00070496526,1.1087197e-05,5.7301604e-06,6.8247476e-07
20015,2024-06-25,1,D0,0,None,0,None,False,0.6787997,0.31968763,0.0014704051,2.8217299e-05,1.1979319e-05,2.037336e-06
20015,2024-07-02,1,D0,1,D0,1,D0,True,0.115409665,0.5416251,0.3424856,0.00047666932,1.1149835e-06,1.8289643e-06
20015,2024-07-09,1,D0,1,D0,1,D0,True,0.12556982,0.535408,0.33849302,0.0005239001,2.4712451e-06,2.7783262e-06
20015,2024-07-16,1,D0,1,D0,1,D0,True,0.1416194,0.54336095,0.31468254,0.00033203064,2.1388578e-06,2.9332991e-06
20015,2024-07-23,1,D0,1,D0,1,D0,True,0.14095734,0.55264693,0.30613866,0.00025276127,1.60791e-06,2.644082e-06
20015,2024-07-30,2,D1,1,D0,1,D0,False,0.07379989,0.5643404,0.3614139,0.0004443658,7.3656526e-07,7.096562e-07
20015,2024-08-06,2,D1,2,D1,2,D1,True,0.0015990632,0.12525126,0.7348322,0.13819113,0.00012605429,3.0726656e-07
20015,2024-08-13,2,D1,2,D1,2,D1,True,0.0007601445,0.101946525,0.7361404,0.16099676,0.00015601816,1.9993873e-07
20015,2024-08-20,1,D0,2,D1,2,D1,False,0.0016669476,0.13692234,0.7164549,0.14477096,0.00018432934,4.820883e-07
20015,2024-08-27,1,D0,2,D1,2,D1,False,0.057594974,0.41883916,0.5129034,0.010638004,2.1943519e-05,2.5533154e-06
20015,2024-09-03,1,D0,1,D0,1,D0,True,0.108746834,0.47114244,0.417755,0.0023475678,6.5178097e-06,1.681406e-06
20015,2024-09-10,1,D0,1,D0,1,D0,True,0.10466437,0.47681525,0.41652545,0.0019890524,4.7427443e-06,1.1144938e-06
20015,2024-09-17,1,D0,1,D0,1,D0,True,0.10727846,0.48717013,0.40388358,0.0016634201,3.4902396e-06,9.1520263e-07
20015,2024-09-24,1,D0,1,D0,2,D1,False,0.077262595,0.46221444,0.45725796,0.0032571019,6.845051e-06,1.0471169e-06
20015,2024-10-01,1,D0,1,D0,1,D0,True,0.2728782,0.5824967,0.14460368,2.1083335e-05,1.00469414e-07,2.7349068e-07
20015,2024-10-08,1,D0,1,D0,1,D0,True,0.27077925,0.61572295,0.11349114,6.3949233e-06,4.207501e-08,1.9169708e-07
20015,2024-10-15,1,D0,1,D0,1,D0,True,0.2347604,0.628113,0.1371168,9.426732e-06,5.0680804e-08,2.7431324e-07
20015,2024-10-22,2,D1,1,D0,1,D0,False,0.20636043,0.6338279,0.15979521,1.586328e-05,1.0532752e-07,4.4651577e-07
20015,2024-10-29,2,D1,2,D1,2,D1,True,0.0006450195,0.10094929,0.72608215,0.17175049,0.00057260314,4.5356487e-07
20015,2024-11-05,1,D0,2,D1,2,D1,False,0.00020808159,0.06573535,0.72063494,0.21264088,0.00078049017,2.0341582e-07
20015,2024-11-12,1,D0,1,D0,1,D0,True,0.20742083,0.48771873,0.30451775,0.0003312498,7.702764e-06,3.7284706e-06
20015,2024-11-19,1,D0,0,None,0,None,False,0.60067314,0.39530545,0.004020122,8.575107e-07,3.4260816e-07,7.161739e-08
20015,2024-11-26,1,D0,0,None,0,None,False,0.6225504,0.3746199,0.0028284236,9.2497805e-07,1.9737297e-07,1.9729965e-08
20015,2024-12-03,1,D0,0,None,0,None,False,0.52090347,0.46942267,0.009670296,3.3133106e-06,1.4009191e-07,1.8274488e-08
20015,2024-12-10,1,D0,1,D0,0,None,False,0.44809285,0.53197503,0.019923799,8.142027e-06,1.6051595e-07,1.954871e-08
20015,2024-12-17,1,D0,1,D0,1,D0,True,0.42431626,0.54850703,0.02716241,1.4068403e-05,2.2568199e-07,2.7276718e-08
20015,2024-12-24,1,D0,1,D0,0,None,False,0.44698963,0.5362559,0.016742589,1.1459915e-05,2.569656e-07,1.1046788e-07
20015,2024-12-31,1,D0,1,D0,0,None,False,0.44829568,0.5367309,0.014963193,9.75996e-06,2.0038824e-07,2.416823e-07
20015,2025-01-07,1,D0,1,D0,0,None,False,0.4485754,0.53448546,0.016927296,1.0964749e-05,2.4330924e-07,6.488123e-07
20015,2025-01-14,1,D0,1,D0,0,None,False,0.44023663,0.53832084,0.021420682,1.878613e-05,5.0696053e-07,2.613765e-06
20015,2025-01-21,1,D0,1,D0,0,None,False,0.4362004,0.5382975,0.025471589,2.418304e-05,9.014836e-07,5.3875738e-06
20015,2025-01-28,1,D0,1,D0,1,D0,True,0.43439937,0.5384174,0.027149443,2.4477684e-05,1.1701549e-06,8.145951e-06
20015,2025-02-04,1,D0,1,D0,0,None,False,0.4427731,0.5302554,0.026936531,2.2410964e-05,1.3680559e-06,1.1198213e-05
20015,2025-02-11,1,D0,1,D0,0,None,False,0.4536609,0.52214783,0.024153618,2.2372345e-05,1.7365e-06,1.3495229e-05
20015,2025-02-18,1,D0,1,D0,0,None,False,0.4510682,0.5256964,0.02320408,1.9461044e-05,1.3858855e-06,1.0481311e-05
20015,2025-02-25,1,D0,1,D0,0,None,False,0.44923514,0.52814347,0.022594262,1.7188611e-05,1.1497917e-06,8.829521e-06
20015,2025-03-04,1,D0,1,D0,0,None,False,0.44613442,0.5310675,0.022773279,1.610251e-05,9.794231e-07,7.703892e-06
20015,2025-03-11,1,D0,1,D0,0,None,False,0.44315463,0.5337,0.023122123,1.5444231e-05,8.585648e-07,6.9129915e-06
20015,2025-03-18,1,D0,1,D0,1,D0,True,0.26893583,0.5781342,0.15287444,5.2535448e-05,3.299365e-07,2.7541466e-06
20015,2025-03-25,2,D1,1,D0,1,D0,False,0.14920121,0.57333976,0.27700934,0.00044347905,1.3799623e-06,4.7845397e-06
20015,2025-04-01,2,D1,2,D1,2,D1,True,0.003672897,0.20843875,0.6263295,0.161221,0.00033009067,7.801105e-06
20015,2025-04-08,2,D1,2,D1,2,D1,True,0.0023953512,0.14184499,0.6158901,0.23907313,0.0007814036,1.50982305e-05
20015,2025-04-15,2,D1,2,D1,2,D1,True,0.0031754521,0.14078034,0.601057,0.25396198,0.0009989124,2.6314085e-05
20015,2025-04-22,1,D0,2,D1,2,D1,False,0.0046199374,0.15838191,0.58364236,0.2521251,0.0011802171,5.048171e-05
20015,2025-04-29,1,D0,1,D0,1,D0,True,0.17341356,0.49989018,0.323848,0.0027432828,2.2164157e-05,8.284775e-05
20015,2025-05-06,1,D0,1,D0,1,D0,True,0.24663454,0.5197437,0.2331151,0.00046289532,5.6824647e-06,3.808005e-05
20015,2025-05-13,2,D1,1,D0,1,D0,False,0.22214283,0.5338032,0.24354404,0.00047533817,5.172794e-06,2.9411398e-05
20015,2025-05-20,2,D1,1,D0,1,D0,False,0.16607504,0.5395774,0.29298255,0.0013298856,9.975724e-06,2.5234025e-05
20015,2025-05-27,1,D0,1,D0,1,D0,True,0.10013859,0.58094996,0.31738374,0.0015084858,8.819396e-06,1.0447672e-05
20015,2025-06-03,0,None,1,D0,0,None,True,0.48551145,0.51355845,0.00092998066,4.9858755e-08,1.5020566e-08,5.9014255e-08
20015,2025-06-10,0,None,0,None,0,None,True,0.6723324,0.32764146,2.6119038e-05,7.653419e-09,1.35615545e-08,8.230739e-09
20015,2025-06-17,0,None,0,None,0,None,True,0.67893636,0.3210266,3.6875826e-05,2.8150199e-08,4.715269e-08,1.7989924e-08
20015,2025-06-24,0,None,0,None,0,None,True,0.67660993,0.32330874,8.100331e-05,1.2319643e-07,1.9298666e-07,5.9023435e-08
20015,2025-07-01,0,None,0,None,0,None,True,0.677599,0.32226294,0.00013682536,4.0447546e-07,6.127127e-07,1.5768452e-07
20015,2025-07-08,0,None,0,None,0,None,True,0.6725537,0.3272546,0.00018925892,8.7613785e-07,1.2268424e-06,2.7356754e-07
20015,2025-07-15,0,None,0,None,0,None,True,0.67007893,0.32969657,0.00022134515,1.2477599e-06,1.6568977e-06,3.1001642e-07
20015,2025-07-22,0,None,0,None,0,None,True,0.68032104,0.31945145,0.00022400304,1.3964577e-06,1.8741016e-06,2.6075622e-07
20015,2025-07-29,0,None,0,None,0,None,True,0.69746655,0.30228135,0.0002478148,1.8393554e-06,2.278586e-06,1.7249681e-07
20015,2025-08-05,0,None,0,None,0,None,True,0.70267713,0.29706153,0.00025649762,2.2779375e-06,2.4522212e-06,1.4976102e-07
20015,2025-08-12,0,None,0,None,0,None,True,0.7018594,0.297901,0.00023524943,1.985311e-06,2.1458509e-06,1.4392437e-07
20015,2025-08-19,0,None,0,None,0,None,True,0.69820523,0.30158046,0.00021067125,1.5968529e-06,1.8363793e-06,1.4561762e-07
20015,2025-08-26,0,None,0,None,0,None,True,0.6963492,0.3034437,0.00020366971,1.491629e-06,1.7110913e-06,1.4283638e-07
20015,2025-09-02,0,None,0,None,0,None,True,0.69659066,0.30320752,0.00019851797,1.492747e-06,1.681856e-06,1.3851275e-07
20015,2025-09-09,0,None,0,None,0,None,True,0.69579124,0.30400386,0.00020153113,1.5488367e-06,1.6551134e-06,1.2816177e-07
20015,2025-09-16,0,None,0,None,0,None,True,0.69457674,0.305216,0.00020405944,1.5571723e-06,1.5377381e-06,1.0965574e-07
20015,2025-09-23,0,None,0,None,0,None,True,0.6906388,0.30917424,0.00018426799,1.3094638e-06,1.2348971e-06,9.582173e-08
20015,2025-09-30,0,None,0,None,0,None,True,0.690011,0.30983436,0.00015242524,1.1271032e-06,9.84367e-07,8.6241776e-08
20015,2025-10-07,0,None,0,None,0,None,True,0.6967309,0.30313164,0.00013535118,1.1091662e-06,8.8687887e-07,8.6106624e-08
20015,2025-10-14,0,None,0,None,0,None,True,0.69841254,0.30145258,0.00013263251,1.2365621e-06,8.95652e-07,9.2725344e-08
20015,2025-10-21,0,None,0,None,0,None,True,0.7071084,0.29275903,0.00012996848,1.5043887e-06,9.860022e-07,9.4785506e-08
20015,2025-10-28,0,None,0,None,0,None,True,0.64947015,0.35012233,0.00040134415,3.4957463e-06,1.7642998e-06,8.5336313e-07
20015,2025-11-04,0,None,0,None,0,None,True,0.6144499,0.3852169,0.0003250038,2.021844e-06,1.7652912e-06,4.398457e-06
20015,2025-11-11,0,None,0,None,0,None,True,0.60565156,0.39405766,0.00028030266,1.7632685e-06,1.680486e-06,7.1022323e-06
20015,2025-11-18,0,None,0,None,0,None,True,0.6042583,0.39547324,0.00025843913,1.5399727e-06,1.4569923e-06,7.0134465e-06
20015,2025-11-25,0,None,0,None,0,None,True,0.6051623,0.39459923,0.00022988424,1.2178382e-06,1.1867952e-06,6.0841244e-06
20015,2025-12-02,0,None,0,None,0,None,True,0.60706115,0.39272943,0.00020239057,9.2591796e-07,9.638827e-07,5.093258e-06
20015,2025-12-09,0,None,0,None,0,None,True,0.6099294,0.3898851,0.00017971187,7.129265e-07,8.1042435e-07,4.290118e-06
20015,2025-12-16,0,None,0,None,0,None,True,0.60859495,0.39121377,0.00018587497,6.2552596e-07,7.233194e-07,4.070967e-06
20015,2025-12-23,0,None,0,None,0,None,True,0.6114735,0.38836387,0.00015839902,4.503282e-07,5.892029e-07,3.2317464e-06
20015,2025-12-30,0,None,0,None,0,None,True,0.61604834,0.3838127,0.00013565857,3.1734558e-07,4.7883356e-07,2.5324834e-06
20017,2022-01-04,0,None,0,None,0,None,True,0.6932743,0.3066652,5.887677e-05,7.570113e-07,5.949033e-07,2.6092468e-07
20017,2022-01-11,0,None,0,None,0,None,True,0.6694606,0.33047485,6.0779254e-05,9.3948046e-07,1.1042212e-06,1.5967541e-06
20017,2022-01-18,0,None,1,D0,0,None,True,0.48242265,0.5129949,0.004563001,1.1511116e-05,1.0431722e-06,6.982363e-06
20017,2022-01-25,1,D0,1,D0,1,D0,True,0.42709923,0.5650919,0.007794546,7.0909596e-06,8.45833e-07,6.4061246e-06
20017,2022-02-01,1,D0,1,D0,1,D0,True,0.048023984,0.67257714,0.27928916,0.00010894975,1.837023e-07,5.7810206e-07
20017,2022-02-08,1,D0,1,D0,1,D0,True,0.05362523,0.6422252,0.30390778,0.00023899571,8.824636e-07,1.8951243e-06
20017,2022-02-15,1,D0,1,D0,1,D0,True,0.06979403,0.6526665,0.2773878,0.0001490594,6.9033e-07,1.8707902e-06
20017,2022-02-22,1,D0,1,D0,1,D0,True,0.07411267,0.6585103,0.26725718,0.00011770301,5.3612064e-07,1.6362293e-06
20017,2022-03-01,1,D0,1,D0,1,D0,True,0.07488459,0.66173404,0.2632714,0.00010796255,4.6063792e-07,1.5270219e-06
20017,2022-03-08,1,D0,1,D0,1,D0,True,0.08860598,0.64625466,0.26500246,0.00013403533,5.7482026e-07,2.2513068e-06
20017,2022-03-15,1,D0,1,D0,1,D0,True,0.067337185,0.66235065,0.27019927,0.00011117576,4.619144e-07,1.300546e-06
20017,2022-03-22,0,None,1,D0,1,D0,False,0.05944825,0.6704491,0.27000743,9.4089984e-05,3.5236667e-07,8.213871e-07
20017,2022-03-29,0,None,0,None,0,None,True,0.6674071,0.3324062,0.00018375594,3.62093e-07,9.2230846e-07,1.5649903e-06
20017,2022-04-05,0,None,0,None,0,None,True,0.67951393,0.32033992,0.00014256056,5.356871e-07,1.2222293e-06,1.836506e-06
20017,2022-04-12,0,None,0,None,0,None,True,0.671443,0.32834038,0.00020923435,1.1312778e-06,2.4403626e-06,3.868773e-06
20017,2022-04-19,0,None,0,None,0,None,True,0.6659949,0.33376113,0.00023072545,1.8070928e-06,4.1080293e-06,7.2904504e-06
20017,2022-04-26,0,None,0,None,0,None,True,0.66093427,0.33883426,0.00021189627,2.401926e-06,5.7467246e-06,1.1518506e-05
20017,2022-05-03,0,None,0,None,0,None,True,0.647655,0.35198492,0.00032409996,4.202525e-06,9.456827e-06,2.2346778e-05
20017,2022-05-10,0,None,0,None,0,None,True,0.6589737,0.3408324,0.00017241685,2.5137588e-06,6.078671e-06,1.288455e-05
20017,2022-05-17,0,None,0,None,0,None,True,0.64682925,0.35294902,0.00020114447,3.0271735e-06,5.6596973e-06,1.1966711e-05
20017,2022-05-24,0,None,0,None,0,None,True,0.6377788,0.36195377,0.00024663584,3.7773143e-06,5.653778e-06,1.1368523e-05
20017,2022-05-31,0,None,0,None,0,None,True,0.6328029,0.36687845,0.00029636707,4.9052387e-06,6.1008736e-06,1.1241359e-05
20017,2022-06-07,0,None,0,None,0,None,True,0.63100505,0.36863738,0.00033366584,6.0666694e-06,6.623899e-06,1.1237958e-05
20017,2022-06-14,0,None,0,None,0,None,True,0.6327259,0.3669055,0.0003442514,6.6703697e-06,6.8368863e-06,1.0776272e-05
20017,2022-06-21,0,None,0,None,0,None,True,0.6452013,0.3545025,0.00027232617,6.326806e-06,7.1523705e-06,1.0316271e-05
20017,2022-06-28,0,None,0,None,0,None,True,0.633569,0.36602977,0.0003743335,7.750291e-06,7.738725e-06,1.1498064e-05
20017,2022-07-05,0,None,0,None,0,None,True,0.6269663,0.37257713,0.0004278671,8.282637e-06,7.878056e-06,1.2524004e-05
20017,2022-07-12,0,None,0,None,0,None,True,0.6274751,0.37205696,0.00043792225,8.7502085e-06,8.247684e-06,1.29224045e-05
20017,2022-07-19,1,D0,0,None,0,None,False,0.6251734,0.3743346,0.00046052245,9.261213e-06,8.54023e-06,1.3631769e-05
20017,2022-07-26,2,D1,1,D0,1,D0,False,0.06821602,0.57809,0.35252923,0.0011615356,1.4150265e-06,1.8009807e-06
20017,2022-08-02,2,D1,2,D1,2,D1,True,0.0028989324,0.15419896,0.57368326,0.26812613,0.0010688824,2.3798599e-05
20017,2022-08-09,2,D1,2,D1,2,D1,True,0.0034133673,0.16155314,0.56833357,0.2656836,0.0009742931,4.206344e-05
20017,2022-08-16,2,D1,2,D1,2,D1,True,0.002377915,0.12591027,0.5808118,0.28966573,0.0011904903,4.3825792e-05
20017,2022-08-23,2,D1,2,D1,2,D1,True,0.0022974627,0.118074134,0.5897371,0.28863767,0.0011964553,5.71614e-05
20017,2022-08-30,2,D1,2,D1,2,D1,True,0.0024103276,0.11743302,0.60423464,0.2748791,0.0009759922,6.699834e-05
20017,2022-09-06,2,D1,2,D1,2,D1,True,0.029470667,0.30496114,0.58905977,0.076030225,0.000276456,0.00020175497
20017,2022-09-13,2,D1,2,D1,2,D1,True,0.038416825,0.33611196,0.5829317,0.042264525,0.00014752157,0.00012744703
20017,2022-09-20,2,D1,2,D1,2,D1,True,0.024394875,0.28866786,0.6225909,0.06413917,0.0001286258,7.855888e-05
20017,2022-09-27,2,D1,2,D1,2,D1,True,0.012562029,0.19513899,0.6362232,0.15561685,0.0003478573,0.00011101453
20017,2022-10-04,2,D1,2,D1,2,D1,True,0.006008597,0.13928683,0.6205385,0.23350218,0.00056070194,0.000103179205
20017,2022-10-11,2,D1,2,D1,2,D1,True,0.0011715986,0.073015645,0.6160895,0.3089465,0.00074880326,2.7899878e-05
20017,2022-10-18,3,D2,3,D2,3,D2,True,0.000100507226,0.0019977908,0.31672096,0.5473757,0.13374403,6.097873e-05
20017,2022-10-25,3,D2,3,D2,3,D2,True,2.8877678e-06,2.4435087e-05,0.07478208,0.6452934,0.27985725,3.9865736e-05
20017,2022-11-01,3,D2,3,D2,3,D2,True,1.2059934e-05,8.2152816e-05,0.09094163,0.6166327,0.29216734,0.00016419905
20017,2022-11-08,2,D1,3,D2,3,D2,False,2.7931153e-05,0.00015390657,0.08678391,0.59086967,0.3215153,0.0006492633
20017,2022-11-15,2,D1,2,D1,2,D1,True,0.050289933,0.42624334,0.50403285,0.019312484,4.364907e-05,7.767417e-05
20017,2022-11-22,2,D1,2,D1,2,D1,True,0.013185187,0.32333842,0.6074974,0.055854406,7.137155e-05,5.3244745e-05
20017,2022-11-29,2,D1,2,D1,2,D1,True,0.0035263007,0.24712294,0.6809823,0.06832579,3.526433e-05,7.4344634e-06
20017,2022-12-06,2,D1,2,D1,2,D1,True,0.002703044,0.27386534,0.67629296,0.04712036,1.6629505e-05,1.6632385e-06
20017,2022-12-13,2,D1,2,D1,2,D1,True,0.0016860928,0.2570176,0.70160073,0.03968325,1.2013277e-05,3.294853e-07
20017,2022-12-20,2,D1,2,D1,2,D1,True,0.001084661,0.24117708,0.722312,0.03541673,9.51032e-06,7.33894e-08
20017,2022-12-27,2,D1,2,D1,2,D1,True,0.0007949424,0.2286637,0.7362236,0.034309838,7.954125e-06,3.0212952e-08
20017,2023-01-03,2,D1,2,D1,2,D1,True,0.0006938693,0.22255948,0.74175394,0.03498496,7.749417e-06,2.1463194e-08
20017,2023-01-10,2,D1,2,D1,2,D1,True,0.00070814864,0.22057702,0.74113053,0.037575483,8.850823e-06,2.3096723e-08
20017,2023-01-17,2,D1,2,D1,2,D1,True,0.00080406846,0.21616067,0.7379139,0.045112062,9.273886e-06,2.3180911e-08
20017,2023-01-24,2,D1,2,D1,2,D1,True,0.0010362639,0.19888574,0.7421367,0.057931457,9.78673e-06,2.2014401e-08
20017,2023-01-31,2,D1,2,D1,2,D1,True,0.0013048641,0.19566487,0.7384875,0.06453235,1.0341099e-05,3.0093425e-08
20017,2023-02-07,2,D1,2,D1,2,D1,True,0.0016847929,0.19795781,0.72454554,0.07579979,1.2019779e-05,6.257948e-08
20017,2023-02-14,2,D1,2,D1,2,D1,True,0.0018362398,0.1918139,0.71843374,0.08790348,1.2595003e-05,1.04123195e-07
20017,2023-02-21,2,D1,2,D1,2,D1,True,0.0024368335,0.19367675,0.70694125,0.09693077,1.4077525e-05,2.8660142e-07
20017,2023-02-28,1,D0,2,D1,2,D1,False,0.0024288874,0.16376424,0.71158487,0.12219704,2.3258375e-05,1.7401379e-06
20017,2023-03-07,1,D0,1,D0,1,D0,True,0.35468292,0.60637593,0.03893819,2.7839233e-06,1.7584863e-08,1.5333117e-07
20017,2023-03-14,1,D0,1,D0,1,D0,True,0.3299629,0.63363,0.03640584,1.0670536e-06,1.3800947e-08,1.5257888e-07
20017,2023-03-21,1,D0,1,D0,1,D0,True,0.2801266,0.64000446,0.07986487,3.6670453e-06,2.544491e-08,3.4538783e-07
20017,2023-03-28,1,D0,1,D0,1,D0,True,0.25729603,0.6190456,0.123649344,8.399614e-06,3.6861135e-08,5.1222537e-07
20017,2023-04-04,1,D0,1,D0,1,D0,True,0.2437684,0.5979051,0.15831128,1.4568218e-05,5.030758e-08,6.6932233e-07
20017,2023-04-11,2,D1,1,D0,1,D0,False,0.23720694,0.58704776,0.17572534,1.9126492e-05,6.511005e-08,8.4879895e-07
20017,2023-04-18,2,D1,2,D1,2,D1,True,0.008450303,0.21817017,0.6537048,0.11957752,7.824538e-05,1.894781e-05
20017,2023-04-25,3,D2,2,D1,2,D1,False,0.001921829,0.12778991,0.69881797,0.171406,5.430817e-05,9.957104e-06
20017,2023-05-02,3,D2,3,D2,3,D2,True,0.00050881674,0.010918776,0.44495755,0.5025955,0.04096296,5.6427707e-05
20017,2023-05-09,3,D2,3,D2,3,D2,True,0.0006519698,0.008872002,0.3460305,0.51671135,0.12756369,0.00017055354
20017,2023-05-16,2,D1,3,D2,3,D2,False,0.00032607638,0.0034152975,0.18375556,0.5001335,0.3118877,0.00048194273
20017,2023-05-23,2,D1,3,D2,3,D2,False,0.0070701153,0.09613765,0.37483233,0.4422969,0.07742469,0.0022382922
20017,2023-05-30,3,D2,3,D2,3,D2,True,0.0023539625,0.05763933,0.36248246,0.4813234,0.095387325,0.0008135204
20017,2023-06-06,3,D2,4,D3,3,D2,True,1.9977817e-06,7.2308208e-06,0.010720507,0.37508315,0.6136575,0.00052968547
20017,2023-06-13,3,D2,4,D3,3,D2,True,1.0244977e-05,5.0717892e-05,0.018520573,0.39095062,0.58962643,0.00084140955
20017,2023-06-20,3,D2,4,D3,3,D2,True,1.7067367e-05,9.098486e-05,0.016838904,0.3792086,0.601667,0.0021774063
20017,2023-06-27,3,D2,4,D3,3,D2,True,2.6311634e-05,0.00021483052,0.03142967,0.41450748,0.55239123,0.0014304721
20017,2023-07-04,3,D2,4,D3,3,D2,True,2.659547e-05,0.00023330342,0.041098665,0.44084576,0.5169241,0.00087155093
20017,2023-07-11,3,D2,4,D3,3,D2,True,1.9005794e-05,0.00017744169,0.044049338,0.45451763,0.5009295,0.0003070608
20017,2023-07-18,3,D2,4,D3,3,D2,True,1.4172968e-05,8.430624e-05,0.027187325,0.452857,0.5196761,0.00018113333
20017,2023-07-25,3,D2,4,D3,3,D2,True,1.347409e-05,4.206747e-05,0.018208627,0.46465,0.5169869,9.88768e-05
20017,2023-08-01,3,D2,4,D3,3,D2,True,1.1268992e-05,2.8598955e-05,0.016570874,0.47520497,0.5081162,6.815991e-05
20017,2023-08-08,4,D3,4,D3,3,D2,False,9.90082e-06,2.5711646e-05,0.017322205,0.4875185,0.49506465,5.8989524e-05
20017,2023-08-15,4,D3,4,D3,4,D3,True,2.393727e-06,2.0704208e-06,0.00043656182,0.12554519,0.8528596,0.021154126
20017,2023-08-22,4,D3,4,D3,4,D3,True,4.507838e-06,4.9673167e-06,0.00060605595,0.09536009,0.83865064,0.065373704
20017,2023-08-29,4,D3,4,D3,4,D3,True,4.5110883e-06,6.7358874e-06,0.00078164646,0.08644052,0.8014861,0.11128059
20017,2023-09-05,4,D3,4,D3,4,D3,True,3.835673e-06,6.6679454e-06,0.0007517363,0.07717331,0.75204,0.17002442
20017,2023-09-12,4,D3,4,D3,4,D3,True,2.9795967e-06,4.688368e-06,0.00031670622,0.033468172,0.5875013,0.37870616
20017,2023-09-19,4,D3,4,D3,5,D4,False,2.5206423e-06,3.7385994e-06,0.00022112518,0.024917178,0.50474566,0.47010982
20017,2023-09-26,4,D3,5,D4,5,D4,False,2.865194e-06,3.823281e-06,0.00024678346,0.028046733,0.48441398,0.48728576
20017,2023-10-03,4,D3,4,D3,5,D4,False,3.9627357e-06,4.3099467e-06,0.00035504936,0.041006148,0.51048696,0.44814354
20017,2023-10-10,4,D3,4,D3,4,D3,True,5.444811e-06,4.822897e-06,0.0005381447,0.073236294,0.6047207,0.3214946
20017,2023-10-17,4,D3,4,D3,4,D3,True,7.1249533e-06,5.448811e-06,0.0010331472,0.14693521,0.71301097,0.13900809
20017,2023-10-24,4,D3,4,D3,4,D3,True,5.6803983e-06,3.6164738e-06,0.0010109703,0.18574482,0.7705773,0.042657487
20017,2023-10-31,3,D2,4,D3,4,D3,False,3.8327958e-06,2.07944e-06,0.0005197096,0.14536211,0.83683765,0.017274583
20017,2023-11-07,3,D2,3,D2,3,D2,True,2.4470357e-05,0.0010090761,0.26724383,0.67633426,0.05538825,1.2934494e-07
20017,2023-11-14,3,D2,3,D2,3,D2,True,8.028043e-06,0.00065004674,0.28738883,0.68648934,0.025463795,1.0870173e-08
20017,2023-11-21,3,D2,3,D2,3,D2,True,7.790277e-06,0.0007913098,0.31086406,0.671495,0.016841859,5.9561764e-09
20017,2023-11-28,3,D2,3,D2,3,D2,True,6.940154e-06,0.0006413633,0.29095197,0.69009405,0.018305726,6.013184e-09
20017,2023-12-05,2,D1,3,D2,3,D2,False,6.4848364e-06,0.0005595757,0.27720913,0.70311564,0.019109245,6.199152e-09
20017,2023-12-12,2,D1,2,D1,2,D1,True,0.0057186293,0.3627419,0.6268871,0.0046519074,4.359161e-07,1.1328788e-08
20017,2023-12-19,2,D1,2,D1,2,D1,True,0.0006420775,0.1630723,0.810037,0.026247563,1.0487947e-06,3.288676e-09
20017,2023-12-26,2,D1,2,D1,2,D1,True,0.00041633635,0.1413905,0.8235104,0.03468168,1.1034633e-06,1.9100999e-09
20017,2024-01-02,2,D1,2,D1,2,D1,True,0.0011436938,0.18927534,0.7890494,0.020530658,9.406426e-07,3.660381e-09
20017,2024-01-09,1,D0,2,D1,2,D1,False,0.0013055181,0.1905707,0.78611505,0.022007504,1.2508153e-06,4.5155786e-09
20017,2024-01-16,1,D0,1,D0,1,D0,True,0.15148841,0.69420016,0.15429766,1.3776034e-05,1.4374792e-08,1.5260616e-08
20017,2024-01-23,1,D0,1,D0,1,D0,True,0.15295501,0.7174672,0.129571,6.7844094e-06,9.270415e-09,1.1781902e-08
20017,2024-01-30,1,D0,1,D0,1,D0,True,0.14160761,0.72870314,0.12968163,7.611342e-06,9.451436e-09,1.1300396e-08
20017,2024-02-06,1,D0,1,D0,1,D0,True,0.10627419,0.7391024,0.15460916,1.4162643e-05,9.45272e-09,8.659757e-09
20017,2024-02-13,1,D0,1,D0,1,D0,True,0.089653395,0.72615236,0.18416667,2.7551803e-05,1.5175212e-08,1.2782733e-08
20017,2024-02-20,1,D0,0,None,0,None,False,0.54023373,0.45902237,0.0007438925,2.0704217e-08,2.3699531e-09,3.0541343e-09
20017,2024-02-27,1,D0,0,None,0,None,False,0.51013255,0.48880288,0.0010646009,3.5575116e-08,2.5146973e-09,9.439081e-09
20017,2024-03-05,1,D0,1,D0,1,D0,True,0.4386731,0.5554412,0.0058852215,3.7940882e-07,1.4297083e-08,9.495583e-08
20017,2024-03-12,1,D0,1,D0,1,D0,True,0.41944364,0.56662947,0.013924458,1.9043481e-06,7.4264804e-08,5.238082e-07
20017,2024-03-19,1,D0,1,D0,1,D0,True,0.38848764,0.58182317,0.029678985,8.048888e-06,2.5074016e-07,1.8604067e-06
20017,2024-03-26,0,None,1,D0,1,D0,False,0.35859022,0.5912847,0.050101023,1.939749e-05,5.643896e-07,4.1936573e-06
20017,2024-04-02,0,None,0,None,0,None,True,0.63921756,0.35970664,0.0010667187,1.8938214e-06,2.0744228e-06,5.1083903e-06
20017,2024-04-09,0,None,0,None,0,None,True,0.5966167,0.4007461,0.0026104075,6.522062e-06,3.75509e-06,1.6547028e-05
20017,2024-04-16,1,D0,0,None,0,None,False,0.5800001,0.41611624,0.0038372786,1.0715771e-05,5.6737404e-06,2.9931933e-05
20017,2024-04-23,1,D0,1,D0,1,D0,True,0.022543253,0.5426043,0.43374783,0.0011031458,4.3035544e-07,9.063188e-07
20017,2024-04-30,1,D0,1,D0,1,D0,True,0.025686722,0.51194555,0.4570285,0.005319694,9.671372e-06,9.834313e-06
20017,2024-05-07,1,D0,1,D0,1,D0,True,0.08055241,0.56678414,0.35133517,0.0012993987,8.810508e-06,1.9972644e-05
20017,2024-05-14,1,D0,1,D0,1,D0,True,0.081692144,0.5721204,0.3452326,0.0009326017,6.3717207e-06,1.5853397e-05
20017,2024-05-21,0,None,1,D0,1,D0,False,0.08298623,0.5763043,0.33998686,0.0007052195,4.967989e-06,1.2334814e-05
20017,2024-05-28,0,None,0,None,0,None,True,0.6407083,0.35708943,0.0021902348,3.3102074e-06,3.6052993e-06,5.0922204e-06
20017,2024-06-04,0,None,0,None,0,None,True,0.6345351,0.36245012,0.0030003153,5.681361e-06,3.9821475e-06,4.8333477e-06
20017,2024-06-11,0,None,0,None,0,None,True,0.60333186,0.3902863,0.0063514407,1.4192489e-05,7.457172e-06,8.71727e-06
20017,2024-06-18,0,None,0,None,0,None,True,0.711633,0.28780058,0.0005579838,3.4493462e-06,4.1738685e-06,8.2383417e-07
20017,2024-06-25,0,None,0,None,0,None,True,0.7116103,0.28753135,0.00083113345,1.1800419e-05,1.384343e-05,1.6033279e-06
20017,2024-07-02,0,None,0,None,0,None,True,0.7035893,0.29544404,0.0009218994,1.9716008e-05,2.2378483e-05,2.6357775e-06
20017,2024-07-09,0,None,0,None,0,None,True,0.6982288,0.3008809,0.0008431476,2.0961168e-05,2.3230128e-05,2.9608132e-06
20017,2024-07-16,0,None,0,None,0,None,True,0.69414574,0.30503333,0.0007766122,2.0479984e-05,2.1076212e-05,2.8154889e-06
20017,2024-07-23,0,None,0,None,0,None,True,0.687503,0.3117231,0.0007349926,1.9595009e-05,1.703501e-05,2.3078796e-06
20017,2024-07-30,1,D0,0,None,0,None,False,0.6740228,0.3250877,0.0008500878,2.2804708e-05,1.4437005e-05,2.114225e-06
20017,2024-08-06,1,D0,1,D0,1,D0,True,0.051254924,0.512143,0.4355719,0.0010283827,1.1376796e-06,5.7722474e-07
20017,2024-08-13,1,D0,1,D0,1,D0,True,0.06729671,0.50672245,0.42306596,0.0029057774,7.0557003e-06,2.0441917e-06
20017,2024-08-20,1,D0,1,D0,1,D0,True,0.2519029,0.55015737,0.19766837,0.0002591783,4.5337015e-06,7.695835e-06
20017,2024-08-27,1,D0,1,D0,1,D0,True,0.26263523,0.563354,0.1738105,0.00019205423,2.5663812e-06,5.557485e-06
20017,2024-09-03,1,D0,1,D0,1,D0,True,0.25968254,0.55873007,0.18141824,0.00016194979,1.9004419e-06,5.3881736e-06
20017,2024-09-10,1,D0,1,D0,1,D0,True,0.26399904,0.55462396,0.18123814,0.00013133376,1.47738e-06,5.9871277e-06
20017,2024-09-17,1,D0,1,D0,1,D0,True,0.28694385,0.55278236,0.16017768,8.849989e-05,1.1124957e-06,6.4368674e-06
20017,2024-09-24,1,D0,1,D0,1,D0,True,0.2916997,0.54697037,0.16124345,7.8202516e-05,1.1540841e-06,7.0911683e-06
20017,2024-10-01,1,D0,1,D0,1,D0,True,0.36457977,0.53539693,0.099982046,3.2545515e-05,1.0219832e-06,7.6200354e-06
20017,2024-10-08,1,D0,1,D0,1,D0,True,0.17304978,0.5815406,0.24528421,0.00012328554,3.3054505e-07,1.7868057e-06
20017,2024-10-15,1,D0,1,D0,1,D0,True,0.15628327,0.58880967,0.25467318,0.00022904338,9.3236395e-07,3.922899e-06
20017,2024-10-22,2,D1,1,D0,1,D0,False,0.13135526,0.5905006,0.27779916,0.00033523308,2.4922363e-06,7.2622097e-06
20017,2024-10-29,2,D1,2,D1,2,D1,True,0.0008645109,0.085919134,0.6152859,0.2957038,0.0022232656,3.3983508e-06
20017,2024-11-05,1,D0,2,D1,2,D1,False,0.00040702682,0.051639654,0.61218935,0.3285862,0.007173,4.7435e-06
20017,2024-11-12,1,D0,1,D0,1,D0,True,0.23360394,0.49839786,0.26766756,0.00030255702,1.0969668e-05,1.7196395e-05
20017,2024-11-19,0,None,1,D0,1,D0,False,0.3387479,0.5527451,0.10849593,9.856766e-06,3.96128e-07,7.2300645e-07
20017,2024-11-26,0,None,0,None,0,None,True,0.69951177,0.29954103,0.0009466356,3.3447904e-07,2.2139808e-07,2.5027644e-08
20017,2024-12-03,0,None,0,None,0,None,True,0.62866205,0.36859947,0.0027365587,1.5326473e-06,3.2316055e-07,4.994869e-08
20017,2024-12-10,0,None,0,None,0,None,True,0.56976616,0.4227439,0.0074838293,5.4727934e-06,5.6543615e-07,9.7584405e-08
20017,2024-12-17,0,None,0,None,0,None,True,0.5520049,0.43649027,0.011492093,1.1521474e-05,1.03456e-06,1.8709545e-07
20017,2024-12-24,0,None,0,None,0,None,True,0.52381206,0.4611465,0.0150223365,1.764558e-05,1.1760989e-06,2.6365888e-07
20017,2024-12-31,0,None,0,None,0,None,True,0.50450766,0.4824833,0.012992884,1.50508085e-05,8.305739e-07,2.4875314e-07
20017,2025-01-07,0,None,1,D0,0,None,True,0.48333693,0.50602627,0.010623933,1.1729651e-05,6.544059e-07,5.3011064e-07
20017,2025-01-14,0,None,1,D0,0,None,True,0.47654706,0.5150452,0.008397336,8.602131e-06,5.991814e-07,1.0956572e-06
20017,2025-01-21,0,None,1,D0,0,None,True,0.47653785,0.5154161,0.008035134,8.558898e-06,6.665814e-07,1.6333073e-06
20017,2025-01-28,0,None,1,D0,0,None,True,0.48062873,0.51190066,0.0074592917,8.043782e-06,7.598452e-07,2.5172396e-06
20017,2025-02-04,0,None,1,D0,0,None,True,0.49332634,0.5002929,0.0063684825,7.421595e-06,8.76028e-07,4.084749e-06
20017,2025-02-11,0,None,1,D0,0,None,True,0.48291665,0.5106165,0.006454772,7.3820383e-06,7.754499e-07,3.869352e-06
20017,2025-02-18,0,None,1,D0,0,None,True,0.47141993,0.5213398,0.0072288895,7.604849e-06,6.756895e-07,3.120262e-06
20017,2025-02-25,0,None,1,D0,0,None,True,0.46579042,0.5264951,0.0077033374,7.883847e-06,6.445236e-07,2.5851234e-06
20017,2025-03-04,0,None,1,D0,0,None,True,0.45933336,0.53235024,0.008305119,8.456889e-06,6.305551e-07,2.2115923e-06
20017,2025-03-11,0,None,1,D0,0,None,True,0.45499396,0.5361053,0.008889179,9.0326375e-06,6.1203707e-07,1.9215279e-06
20017,2025-03-18,1,D0,1,D0,0,None,False,0.46715978,0.5252692,0.007560414,8.309522e-06,6.302021e-07,1.6335181e-06
20017,2025-03-25,2,D1,1,D0,1,D0,False,0.08223828,0.61378634,0.30377138,0.00020358044,2.2430108e-07,2.2325536e-07
20017,2025-04-01,2,D1,2,D1,2,D1,True,0.0009458846,0.12947825,0.6810438,0.18812808,0.00040365342,2.852125e-07
20017,2025-04-08,2,D1,2,D1,2,D1,True,0.0009128318,0.09492693,0.654957,0.2487557,0.00044719677,3.4957725e-07
20017,2025-04-15,2,D1,2,D1,2,D1,True,0.0021465088,0.1125745,0.62481725,0.25998285,0.00047796578,9.579775e-07
20017,2025-04-22,2,D1,2,D1,2,D1,True,0.0037853085,0.1354497,0.59438753,0.2658732,0.0005001205,4.177165e-06
20017,2025-04-29,2,D1,2,D1,2,D1,True,0.00428747,0.12624007,0.5839571,0.2848439,0.00064673816,2.4815237e-05
20017,2025-05-06,3,D2,2,D1,2,D1,False,0.0043579657,0.12418056,0.5803801,0.29020333,0.00082351995,5.4643413e-05
20017,2025-05-13,3,D2,3,D2,3,D2,True,6.588014e-06,6.054921e-05,0.11517082,0.6208449,0.26389757,1.9505182e-05
20017,2025-05-20,2,D1,3,D2,3,D2,False,1.7979535e-05,0.00017963743,0.14498651,0.5716845,0.28306824,6.3105465e-05
20017,2025-05-27,1,D0,2,D1,2,D1,False,0.053068608,0.37667847,0.50465643,0.06455106,0.00054066774,0.0005047322
20017,2025-06-03,0,None,1,D0,1,D0,False,0.38785657,0.5874745,0.024665205,2.7271276e-06,8.557273e-08,9.1615254e-07
20017,2025-06-10,0,None,0,None,0,None,True,0.65667427,0.34327018,5.5401444e-05,2.6050405e-08,3.386375e-08,9.874355e-08
20017,2025-06-17,0,None,0,None,0,None,True,0.66568995,0.33426735,4.2473155e-05,3.781683e-08,5.0701026e-08,7.754982e-08
20017,2025-06-24,0,None,0,None,0,None,True,0.6581438,0.34179303,6.262086e-05,9.8671435e-08,1.2990651e-07,2.0556405e-07
20017,2025-07-01,0,None,0,None,0,None,True,0.64726627,0.3526463,8.6322936e-05,2.4688055e-07,3.2492684e-07,6.420031e-07
20017,2025-07-08,0,None,0,None,0,None,True,0.6378698,0.3620287,9.913932e-05,4.3053572e-07,5.725264e-07,1.3551213e-06
20017,2025-07-15,0,None,0,None,0,None,True,0.63365966,0.3662372,0.00010024685,5.364547e-07,7.194237e-07,1.6539105e-06
20017,2025-07-22,0,None,0,None,0,None,True,0.6317484,0.36814934,9.934096e-05,5.687294e-07,7.839197e-07,1.5616951e-06
20017,2025-07-29,0,None,0,None,0,None,True,0.63785964,0.36204094,9.693638e-05,4.677668e-07,8.5018786e-07,1.218829e-06
20017,2025-08-05,0,None,0,None,0,None,True,0.64328456,0.35662988,8.367709e-05,3.8421464e-07,7.21676e-07,8.0117854e-07
20017,2025-08-12,0,None,0,None,0,None,True,0.64170676,0.3582077,8.396182e-05,3.6799787e-07,5.575063e-07,5.397305e-07
20017,2025-08-19,0,None,0,None,0,None,True,0.646971,0.35293546,9.218789e-05,3.9167526e-07,5.0956015e-07,3.7577985e-07
20017,2025-08-26,0,None,0,None,0,None,True,0.65082514,0.34905794,0.00011547218,5.230568e-07,6.2676736e-07,3.1902644e-07
20017,2025-09-02,0,None,0,None,0,None,True,0.65285516,0.3469856,0.00015728339,8.164379e-07,8.222647e-07,2.6353715e-07
20017,2025-09-09,0,None,0,None,0,None,True,0.65739506,0.34240633,0.0001962106,1.1533856e-06,9.936729e-07,2.1078601e-07
20017,2025-09-16,0,None,0,None,0,None,True,0.6626957,0.33708155,0.00021999917,1.3973797e-06,1.0926346e-06,1.662058e-07
20017,2025-09-23,0,None,0,None,0,None,True,0.66741145,0.332364,0.00022200654,1.3892798e-06,1.0330278e-06,1.2164274e-07
20017,2025-09-30,0,None,0,None,0,None,True,0.6902555,0.3095582,0.00018358215,1.3708948e-06,1.130884e-06,8.025607e-08
20017,2025-10-07,0,None,0,None,0,None,True,0.7064931,0.29336432,0.00014033992,1.214242e-06,1.0306652e-06,6.475843e-08
20017,2025-10-14,0,None,0,None,0,None,True,0.7132785,0.2865984,0.000120973986,1.0863466e-06,9.179514e-07,6.4531484e-08
20017,2025-10-21,0,None,0,None,0,None,True,0.71956074,0.2803174,0.00011985984,1.1229525e-06,8.4074395e-07,5.5830572e-08
20017,2025-10-28,0,None,0,None,0,None,True,0.7010262,0.2988725,9.9398436e-05,1.0139594e-06,7.561185e-07,1.2301379e-07
20017,2025-11-04,0,None,0,None,0,None,True,0.6471338,0.35275492,0.00010790218,1.0073878e-06,1.021042e-06,1.3924216e-06
20017,2025-11-11,0,None,0,None,0,None,True,0.62491053,0.3749629,0.00012152715,9.700897e-07,1.0492432e-06,2.9622697e-06
20017,2025-11-18,0,None,0,None,0,None,True,0.6198179,0.38004133,0.00013470903,1.0643361e-06,1.1537272e-06,3.835249e-06
20017,2025-11-25,0,None,0,None,0,None,True,0.6208748,0.3789924,0.00012682403,1.0006366e-06,1.0893605e-06,3.81534e-06
20017,2025-12-02,0,None,0,None,0,None,True,0.6218374,0.37803742,0.000119585624,8.879225e-07,1.0140798e-06,3.7129955e-06
20017,2025-12-09,0,None,0,None,0,None,True,0.6237475,0.37613577,0.00011149903,7.6130345e-07,9.4508755e-07,3.547266e-06
20017,2025-12-16,0,None,0,None,0,None,True,0.62618995,0.3737033,0.00010190727,6.264449e-07,8.689749e-07,3.312636e-06
20017,2025-12-23,0,None,0,None,0,None,True,0.6292273,0.37067944,8.905571e-05,4.8282675e-07,7.6674024e-07,2.9219605e-06
20017,2025-12-30,0,None,0,None,0,None,True,0.6326606,0.36726323,7.285011e-05,3.329219e-07,6.3138566e-07,2.3371113e-06
20019,2022-01-04,2,D1,2,D1,2,D1,True,0.0034543162,0.16503237,0.62297505,0.20815524,0.00034897056,3.405859e-05
20019,2022-01-11,2,D1,2,D1,2,D1,True,0.005280226,0.1916148,0.6222841,0.18044394,0.00032570062,5.1123105e-05
20019,2022-01-18,2,D1,2,D1,2,D1,True,0.00049534126,0.0699424,0.6564929,0.27259603,0.00046691435,6.4408164e-06
20019,2022-01-25,2,D1,2,D1,2,D1,True,0.0005497329,0.0706727,0.6598013,0.26849172,0.00047712278,7.536996e-06
20019,2022-02-01,2,D1,2,D1,2,D1,True,0.00020051164,0.008325502,0.4763292,0.47320542,0.041906416,3.2922624e-05
20019,2022-02-08,2,D1,2,D1,2,D1,True,0.0004108301,0.0130931875,0.47709453,0.46408728,0.045241106,7.312195e-05
20019,2022-02-15,3,D2,2,D1,2,D1,False,0.00064671016,0.016258398,0.46649274,0.46170926,0.054720912,0.00017195115
20019,2022-02-22,3,D2,3,D2,3,D2,True,3.0293524e-05,0.00042800387,0.2041098,0.60122705,0.19409269,0.00011211017
20019,2022-03-01,3,D2,3,D2,3,D2,True,6.7670975e-05,0.0009162551,0.22340494,0.5870745,0.18833281,0.00020380778
20019,2022-03-08,4,D3,3,D2,3,D2,False,9.2159375e-05,0.0011474862,0.21848446,0.5797256,0.20020683,0.00034348405
20019,2022-03-15,4,D3,4,D3,3,D2,False,1.9135297e-05,2.4801417e-05,0.0082568135,0.38768217,0.5261252,0.077891946
20019,2022-03-22,3,D2,4,D3,3,D2,True,0.00010595212,0.0001831983,0.01285594,0.3163277,0.49623403,0.17429316
20019,2022-03-29,3,D2,3,D2,3,D2,True,0.002159652,0.029003164,0.36792335,0.45991677,0.13981421,0.0011827297
20019,2022-04-05,3,D2,3,D2,3,D2,True,0.00030948612,0.007004342,0.31968263,0.52578837,0.1470718,0.00014337321
20019,2022-04-12,3,D2,3,D2,3,D2,True,0.00035267277,0.0146555295,0.43464,0.49152124,0.058811232,1.9329498e-05
20019,2022-04-19,3,D2,3,D2,3,D2,True,0.0003164916,0.014663576,0.44979715,0.48602355,0.049189083,1.0134281e-05
20019,2022-04-26,3,D2,3,D2,3,D2,True,0.0002901487,0.013469829,0.44776785,0.49390122,0.044564165,6.7343317e-06
20019,2022-05-03,3,D2,3,D2,3,D2,True,0.00034003248,0.0098240925,0.40968037,0.53536546,0.04478262,7.4497693e-06
20019,2022-05-10,2,D1,3,D2,3,D2,False,0.0002975361,0.008761239,0.4014418,0.5446466,0.044846725,6.1126425e-06
20019,2022-05-17,2,D1,2,D1,2,D1,True,0.010425152,0.41393942,0.55745393,0.018176736,3.9376996e-06,7.938242e-07
20019,2022-05-24,1,D0,2,D1,2,D1,False,0.0018060101,0.24694072,0.69637555,0.05486976,7.6586075e-06,3.347526e-07
20019,2022-05-31,1,D0,1,D0,1,D0,True,0.14700526,0.6347848,0.21803185,0.00017754367,1.3456969e-07,4.623084e-07
20019,2022-06-07,0,None,1,D0,1,D0,False,0.20837879,0.6411599,0.15040526,5.543666e-05,1.0123515e-07,5.4616396e-07
20019,2022-06-14,0,None,0,None,0,None,True,0.59791845,0.40173677,0.00034467582,3.1988957e-08,9.7561745e-09,3.5073747e-08
20019,2022-06-21,0,None,0,None,0,None,True,0.6129415,0.38685545,0.00020306614,3.637299e-08,1.0795543e-08,4.2279765e-08
20019,2022-06-28,0,None,0,None,0,None,True,0.56873333,0.43062857,0.0006376195,1.8290997e-07,3.5616644e-08,1.9649255e-07
20019,2022-07-05,0,None,0,None,0,None,True,0.67849904,0.32142925,7.142435e-05,8.9448115e-08,1.0175538e-07,9.7072146e-08
20019,2022-07-12,1,D0,0,None,0,None,False,0.63469464,0.36500454,0.00029803292,7.464065e-07,7.317429e-07,1.3053113e-06
20019,2022-07-19,2,D1,1,D0,1,D0,False,0.11447784,0.56988823,0.3151285,0.0005032853,5.460595e-07,1.563916e-06
20019,2022-07-26,3,D2,2,D1,2,D1,False,0.0026795396,0.10648479,0.587179,0.29952288,0.0041121338,2.160438e-05
20019,2022-08-02,3,D2,3,D2,3,D2,True,8.894944e-06,7.895525e-05,0.082316905,0.57256866,0.34496093,6.565533e-05
20019,2022-08-09,3,D2,3,D2,3,D2,True,2.7432363e-05,0.00022232349,0.086754255,0.5579752,0.35471705,0.00030375345
20019,2022-08-16,4,D3,3,D2,3,D2,False,0.00017749921,0.0006417003,0.055016536,0.53583485,0.40011647,0.008212992
20019,2022-08-23,4,D3,4,D3,4,D3,True,8.681026e-05,0.0001310337,0.0030847797,0.18661381,0.49491212,0.31517145
20019,2022-08-30,4,D3,4,D3,4,D3,True,0.0001454587,0.00021110354,0.0036574297,0.16589075,0.4963542,0.3337412
20019,2022-09-06,4,D3,4,D3,4,D3,True,0.00021234949,0.00023701366,0.003293351,0.1615236,0.5164426,0.31829107
20019,2022-09-13,4,D3,4,D3,4,D3,True,0.00027440616,0.00019506858,0.002385551,0.13365623,0.5629963,0.30049235
20019,2022-09-20,5,D4,4,D3,4,D3,False,0.00030504755,0.00018047428,0.0021966314,0.122300565,0.5852223,0.2897949
20019,2022-09-27,5,D4,5,D4,5,D4,True,1.1360672e-05,2.0584175e-05,0.00016604166,0.0039140107,0.21503225,0.7808557
20019,2022-10-04,5,D4,5,D4,5,D4,True,6.625419e-07,2.3848816e-06,5.41285e-05,0.0019742423,0.19768828,0.80028033
20019,2022-10-11,5,D4,5,D4,5,D4,True,8.70947e-07,3.8770518e-06,6.0197654e-05,0.0020608795,0.21605934,0.78181475
20019,2022-10-18,5,D4,5,D4,5,D4,True,1.8045464e-06,8.993558e-06,9.865436e-05,0.0027479124,0.22818024,0.76896244
20019,2022-10-25,5,D4,5,D4,5,D4,True,3.6619217e-06,1.7863953e-05,0.00014587527,0.003149195,0.24517073,0.7515127
20019,2022-11-01,5,D4,5,D4,5,D4,True,6.294108e-06,2.7107426e-05,0.0001668223,0.0032173092,0.27517915,0.72140336
20019,2022-11-08,5,D4,5,D4,5,D4,True,5.122692e-06,1.9707733e-05,0.00011559197,0.0031401545,0.31472993,0.68198943
20019,2022-11-15,5,D4,5,D4,5,D4,True,3.5856726e-06,1.2529651e-05,7.367449e-05,0.00254977,0.30780745,0.689553
20019,2022-11-22,5,D4,5,D4,5,D4,True,2.3735317e-06,8.177966e-06,4.19427e-05,0.0019385547,0.30109498,0.696914
20019,2022-11-29,5,D4,5,D4,5,D4,True,1.1870703e-06,3.801655e-06,1.8355562e-05,0.001265524,0.30524296,0.69346815
20019,2022-12-06,5,D4,5,D4,5,D4,True,8.903458e-07,2.6376274e-06,1.4724487e-05,0.0012426625,0.31543532,0.68330383
20019,2022-12-13,5,D4,5,D4,5,D4,True,6.081115e-07,1.7243052e-06,1.027331e-05,0.0010300603,0.31434068,0.68461674
20019,2022-12-20,5,D4,5,D4,5,D4,True,2.3912094e-07,6.6801095e-07,5.05796e-06,0.00077443785,0.28193977,0.7172798
20019,2022-12-27,5,D4,5,D4,5,D4,True,9.324394e-08,2.7641417e-07,3.207413e-06,0.00060418097,0.25046647,0.7489258
20019,2023-01-03,5,D4,5,D4,5,D4,True,5.904804e-08,1.7649043e-07,2.8180036e-06,0.0005497667,0.24393784,0.7555094
20019,2023-01-10,5,D4,5,D4,5,D4,True,3.580668e-08,1.0446241e-07,2.2850409e-06,0.0004907317,0.23634575,0.7631612
20019,2023-01-17,5,D4,5,D4,5,D4,True,2.6093042e-08,7.9474816e-08,2.0414116e-06,0.00047305174,0.22614743,0.7733774
20019,2023-01-24,5,D4,5,D4,5,D4,True,2.989127e-08,9.161736e-08,2.3570608e-06,0.00056573434,0.22302228,0.7764095
20019,2023-01-31,5,D4,5,D4,5,D4,True,4.1294605e-08,1.2332056e-07,3.0136732e-06,0.0007126969,0.22274464,0.77653944
20019,2023-02-07,5,D4,5,D4,5,D4,True,5.6617623e-08,1.6301746e-07,3.8906046e-06,0.0008799418,0.21995464,0.77916133
20019,2023-02-14,5,D4,5,D4,5,D4,True,1.02389244e-07,2.7540187e-07,6.1431006e-06,0.0012937575,0.21967308,0.77902675
20019,2023-02-21,5,D4,5,D4,5,D4,True,2.2653734e-07,5.986831e-07,1.1638146e-05,0.002189288,0.22831312,0.7694851
20019,2023-02-28,5,D4,5,D4,5,D4,True,4.4072988e-07,1.1835602e-06,1.9655508e-05,0.0035917917,0.23917186,0.757215
20019,2023-03-07,5,D4,5,D4,5,D4,True,1.09174e-06,2.3722582e-06,3.4979974e-05,0.0059275595,0.2517516,0.7422824
20019,2023-03-14,5,D4,5,D4,5,D4,True,7.238982e-07,1.3437663e-06,2.541679e-05,0.005145291,0.24638705,0.74844027
20019,2023-03-21,5,D4,5,D4,5,D4,True,1.672311e-07,2.9550475e-07,8.283492e-06,0.0028151132,0.24386032,0.7533159
20019,2023-03-28,5,D4,5,D4,5,D4,True,1.5570446e-07,2.6280605e-07,7.775656e-06,0.0027777355,0.23865786,0.7585562
20019,2023-04-04,5,D4,5,D4,5,D4,True,2.5154327e-07,4.146891e-07,1.1621702e-05,0.0038333086,0.24284495,0.7533094
20019,2023-04-11,5,D4,5,D4,5,D4,True,5.116738e-07,8.045974e-07,2.1681773e-05,0.0054271966,0.25778028,0.73676956
20019,2023-04-18,5,D4,5,D4,5,D4,True,1.6292018e-06,1.9595598e-06,4.915151e-05,0.009527025,0.2934792,0.696941
20019,2023-04-25,5,D4,5,D4,5,D4,True,3.174813e-06,3.1422808e-06,7.708405e-05,0.014087293,0.31236598,0.6734634
20019,2023-05-02,5,D4,5,D4,5,D4,True,3.102814e-06,3.282552e-06,7.430487e-05,0.012346374,0.31583852,0.6717344
20019,2023-05-09,5,D4,5,D4,5,D4,True,4.1744934e-06,4.965221e-06,5.7448335e-05,0.0059720287,0.2984002,0.69556123
20019,2023-05-16,5,D4,5,D4,5,D4,True,4.038081e-06,5.651822e-06,4.799835e-05,0.0035866955,0.25820845,0.73814714
20019,2023-05-23,5,D4,5,D4,5,D4,True,2.934582e-06,5.680189e-06,4.5185017e-05,0.0023689799,0.25207555,0.7455017
20019,2023-05-30,5,D4,5,D4,5,D4,True,1.7468378e-06,4.251483e-06,4.131375e-05,0.0017209895,0.249683,0.7485487
20019,2023-06-06,5,D4,5,D4,5,D4,True,1.3676481e-06,3.7112413e-06,4.8366917e-05,0.0018483185,0.21055251,0.7875457
20019,2023-06-13,5,D4,5,D4,5,D4,True,1.4375233e-06,4.2245806e-06,6.209035e-05,0.0020877433,0.1926473,0.8051973
20019,2023-06-20,5,D4,5,D4,5,D4,True,1.2470138e-06,3.8122284e-06,6.233229e-05,0.002222904,0.1687278,0.8289818
20019,2023-06-27,5,D4,5,D4,5,D4,True,9.056832e-07,2.965964e-06,4.8249007e-05,0.0020830655,0.14075473,0.85711014
20019,2023-07-04,5,D4,5,D4,5,D4,True,3.9032645e-07,1.1972467e-06,2.2796045e-05,0.001490045,0.14121908,0.85726637
20019,2023-07-11,5,D4,5,D4,5,D4,True,1.1097557e-07,2.8194415e-07,6.513083e-06,0.0010035275,0.18230064,0.81668884
20019,2023-07-18,5,D4,5,D4,5,D4,True,4.5617778e-08,9.9355425e-08,2.923246e-06,0.00070500735,0.21293308,0.7863588
20019,2023-07-25,5,D4,5,D4,5,D4,True,1.0602039e-07,1.7619307e-07,6.6373464e-06,0.0009779469,0.23898917,0.7600259
20019,2023-08-01,5,D4,5,D4,5,D4,True,1.4464203e-07,2.3558036e-07,9.994629e-06,0.001192711,0.23622954,0.7625674
20019,2023-08-08,5,D4,5,D4,5,D4,True,1.9897904e-07,3.565758e-07,1.2176647e-05,0.0012202885,0.2099966,0.7887703
20019,2023-08-15,5,D4,5,D4,5,D4,True,4.2073495e-07,7.849547e-07,1.99857e-05,0.0015709114,0.16325566,0.8351522
20019,2023-08-22,5,D4,5,D4,5,D4,True,7.6974317e-07,1.5105156e-06,2.9900779e-05,0.0021296833,0.1704981,0.82734007
20019,2023-08-29,5,D4,5,D4,5,D4,True,1.5773138e-06,2.9753967e-06,4.401801e-05,0.0032643126,0.19481213,0.80187494
20019,2023-09-05,5,D4,5,D4,5,D4,True,2.6316443e-06,4.575466e-06,5.727992e-05,0.004447848,0.21614332,0.7793444
20019,2023-09-12,5,D4,5,D4,5,D4,True,3.2522646e-06,5.3060203e-06,6.435025e-05,0.005237948,0.23983297,0.75485617
20019,2023-09-19,5,D4,5,D4,5,D4,True,2.504056e-06,4.1433013e-06,5.3188585e-05,0.0050974977,0.288859,0.7059837
20019,2023-09-26,5,D4,5,D4,5,D4,True,1.938285e-06,3.3177848e-06,4.2550182e-05,0.004663653,0.3066061,0.68868256
20019,2023-10-03,5,D4,5,D4,5,D4,True,1.8750587e-06,3.2253768e-06,4.1335094e-05,0.004599738,0.30809346,0.6872604
20019,2023-10-10,5,D4,5,D4,5,D4,True,1.8652073e-06,3.2149123e-06,4.121254e-05,0.0045874803,0.30784866,0.68751764
20019,2023-10-17,5,D4,5,D4,5,D4,True,1.8563238e-06,3.20522e-06,4.110217e-05,0.0045766495,0.30763,0.6877472
20019,2023-10-24,5,D4,5,D4,5,D4,True,1.8481531e-06,3.1961072e-06,4.099805e-05,0.0045664473,0.3074275,0.68796
20019,2023-10-31,4,D3,5,D4,5,D4,False,1.8405846e-06,3.1875381e-06,4.089788e-05,0.0045564612,0.30723345,0.68816406
20019,2023-11-07,4,D3,4,D3,3,D2,False,8.265705e-06,4.149556e-06,0.0036510022,0.38561362,0.6007981,0.009924973
20019,2023-11-14,4,D3,4,D3,3,D2,False,9.875183e-06,4.193912e-06,0.004593844,0.41693732,0.57594496,0.002509894
20019,2023-11-21,4,D3,4,D3,3,D2,False,1.2644567e-05,5.441867e-06,0.0037920477,0.38875988,0.6022671,0.0051628854
20019,2023-11-28,4,D3,4,D3,3,D2,False,3.0506586e-05,1.374649e-05,0.0039232136,0.36241066,0.6147404,0.018881528
20019,2023-12-05,4,D3,4,D3,4,D3,True,5.189571e-05,2.4609297e-05,0.0037483135,0.33683974,0.61659193,0.042743545
20019,2023-12-12,4,D3,4,D3,3,D2,False,8.441738e-05,4.1965435e-05,0.0066255233,0.39483976,0.57579684,0.022611536
20019,2023-12-19,4,D3,4,D3,3,D2,False,7.760313e-05,4.0105766e-05,0.0061547183,0.39003772,0.57681257,0.026877245
20019,2023-12-26,3,D2,4,D3,3,D2,True,9.199104e-05,4.8741535e-05,0.006442166,0.38753128,0.5727656,0.03312027
20019,2024-01-02,3,D2,3,D2,3,D2,True,0.0005842826,0.0062139235,0.29010266,0.60444885,0.09859945,5.0815444e-05
20019,2024-01-09,3,D2,3,D2,3,D2,True,6.483956e-05,0.0015471266,0.25222304,0.6578343,0.088324755,5.9522167e-06
20019,2024-01-16,3,D2,3,D2,3,D2,True,6.084431e-05,0.0019969249,0.27967015,0.6637574,0.054512307,2.4021763e-06
20019,2024-01-23,3,D2,3,D2,3,D2,True,5.139199e-05,0.0016594911,0.26946804,0.66871053,0.060108006,2.5030492e-06
20019,2024-01-30,3,D2,3,D2,3,D2,True,4.7391466e-05,0.0014779879,0.26164696,0.6703165,0.066508494,2.7009526e-06
20019,2024-02-06,3,D2,3,D2,3,D2,True,4.6809706e-05,0.0013767162,0.25544074,0.67021453,0.07291806,3.17459e-06
20019,2024-02-13,3,D2,3,D2,3,D2,True,4.6562014e-05,0.0012842333,0.24956656,0.670637,0.07846184,3.7567575e-06
20019,2024-02-20,3,D2,3,D2,3,D2,True,4.729e-05,0.0012298557,0.24486624,0.670175,0.08367714,4.454488e-06
20019,2024-02-27,3,D2,3,D2,3,D2,True,4.7819234e-05,0.0011765664,0.23969044,0.6703954,0.08868451,5.237808e-06
20019,2024-03-05,3,D2,3,D2,3,D2,True,4.860499e-05,0.0011417916,0.23553494,0.67029434,0.0929743,6.032527e-06
20019,2024-03-12,3,D2,3,D2,3,D2,True,4.9601378e-05,0.0011220961,0.23234099,0.6700151,0.09646535,6.7898086e-06
20019,2024-03-19,3,D2,3,D2,3,D2,True,0.000104845625,0.0025330682,0.27102324,0.65019906,0.07613058,9.236648e-06
20019,2024-03-26,3,D2,3,D2,3,D2,True,9.98699e-05,0.0023785676,0.2671985,0.6493827,0.0809304,9.931064e-06
20019,2024-04-02,2,D1,3,D2,3,D2,False,0.00012399924,0.0028046512,0.27277198,0.64513785,0.079149924,1.1594093e-05
20019,2024-04-09,2,D1,2,D1,2,D1,True,0.007978061,0.16264042,0.4962339,0.33210835,0.0010015857,3.7589885e-05
20019,2024-04-16,2,D1,2,D1,2,D1,True,0.004789689,0.11913821,0.5020959,0.37282845,0.0011287802,1.8942908e-05
20019,2024-04-23,2,D1,2,D1,2,D1,True,0.0037646133,0.106236026,0.50952005,0.3794634,0.0010048978,1.0942591e-05
20019,2024-04-30,2,D1,2,D1,2,D1,True,0.0028943995,0.09116205,0.51066464,0.39414063,0.0011307359,7.6082742e-06
20019,2024-05-07,1,D0,1,D0,1,D0,True,0.15851627,0.53047276,0.30916744,0.0018388713,6.754094e-07,3.9990564e-06
20019,2024-05-14,0,None,1,D0,1,D0,False,0.43315417,0.55683005,0.0100152185,4.112049e-07,7.990107e-09,1.417387e-07
20019,2024-05-21,0,None,0,None,0,None,True,0.6709743,0.32888907,0.0001365124,3.742993e-08,1.5389308e-08,2.3665278e-08
20019,2024-05-28,0,None,0,None,0,None,True,0.67559624,0.32423905,0.00016450864,1.234402e-07,5.921783e-08,5.6420422e-08
20019,2024-06-04,0,None,0,None,0,None,True,0.6649837,0.33472273,0.00029250994,5.4234584e-07,2.824628e-07,2.3775505e-07
20019,2024-06-11,0,None,0,None,0,None,True,0.6488119,0.35072914,0.00045531397,1.716807e-06,9.882891e-07,9.888641e-07
20019,2024-06-18,0,None,0,None,0,None,True,0.6372718,0.36216462,0.00055472145,3.6666897e-06,2.2883232e-06,2.8743366e-06
20019,2024-06-25,0,None,0,None,0,None,True,0.63211346,0.36730063,0.00057241146,5.2801324e-06,3.3892252e-06,4.9020723e-06
20019,2024-07-02,0,None,0,None,0,None,True,0.6068626,0.3917841,0.0013211562,1.1993515e-05,5.944348e-06,1.42716935e-05
20019,2024-07-09,0,None,0,None,0,None,True,0.61810106,0.38115928,0.00072322105,5.8020123e-06,3.1413626e-06,7.4797244e-06
20019,2024-07-16,1,D0,0,None,0,None,False,0.6187557,0.38060713,0.00062446704,4.460886e-06,2.2929937e-06,6.0099846e-06
20019,2024-07-23,1,D0,1,D0,1,D0,True,0.11621335,0.56660455,0.31649122,0.0006874335,5.289435e-07,2.9932298e-06
20019,2024-07-30,1,D0,1,D0,1,D0,True,0.13318215,0.54115605,0.3236526,0.0019860705,5.006982e-06,1.804071e-05
20019,2024-08-06,2,D1,1,D0,1,D0,False,0.15287182,0.5669565,0.2795537,0.0006039789,1.9002935e-06,1.2098549e-05
20019,2024-08-13,2,D1,2,D1,2,D1,True,0.0023532545,0.112737,0.5203209,0.36367968,0.00089771266,1.1432102e-05
20019,2024-08-20,2,D1,2,D1,2,D1,True,0.002557454,0.11964461,0.53148425,0.34572667,0.000577348,9.630843e-06
20019,2024-08-27,2,D1,2,D1,2,D1,True,0.0047613885,0.15361051,0.52311784,0.31788427,0.00061100046,1.4984703e-05
20019,2024-09-03,2,D1,2,D1,2,D1,True,0.006394006,0.1761493,0.5225177,0.29437363,0.00054764206,1.7738406e-05
20019,2024-09-10,2,D1,2,D1,2,D1,True,0.007028982,0.18890285,0.5261316,0.27751198,0.0004078458,1.6714406e-05
20019,2024-09-17,2,D1,2,D1,2,D1,True,0.0069029867,0.19367908,0.53472567,0.26437742,0.00030073943,1.4092005e-05
20019,2024-09-24,2,D1,2,D1,2,D1,True,0.0058748866,0.18578696,0.5418647,0.2661616,0.00029993674,1.1945855e-05
20019,2024-10-01,2,D1,2,D1,2,D1,True,0.004868934,0.16598158,0.53821206,0.2904042,0.0005218769,1.1374357e-05
20019,2024-10-08,3,D2,2,D1,2,D1,False,0.0025546618,0.07855357,0.5022257,0.41301388,0.00363609,1.6071948e-05
20019,2024-10-15,3,D2,3,D2,3,D2,True,1.2633376e-06,8.250678e-06,0.032756988,0.6351226,0.33210102,9.915847e-06
20019,2024-10-22,3,D2,3,D2,3,D2,True,8.71175e-06,2.0976917e-05,0.015113296,0.5230322,0.46074742,0.0010774696
20019,2024-10-29,4,D3,4,D3,3,D2,False,6.1069666e-05,0.000119613076,0.015080102,0.44350123,0.528879,0.012359016
20019,2024-11-05,3,D2,4,D3,4,D3,False,5.2231e-05,8.7918816e-05,0.0046118274,0.22527905,0.6722404,0.09772861
20019,2024-11-12,1,D0,3,D2,3,D2,False,0.0031749655,0.030272363,0.33718237,0.4853081,0.14370361,0.00035862866
20019,2024-11-19,1,D0,1,D0,1,D0,True,0.39846003,0.5746079,0.026930971,8.689568e-07,9.1586285e-09,1.3138656e-07
20019,2024-11-26,1,D0,1,D0,1,D0,True,0.38874954,0.60184234,0.009408138,2.357128e-08,3.8376133e-10,9.066831e-09
20019,2024-12-03,1,D0,1,D0,1,D0,True,0.26803705,0.69631743,0.035645396,1.0836514e-07,5.5662386e-10,1.7121245e-08
20019,2024-12-10,1,D0,1,D0,1,D0,True,0.21326476,0.717033,0.069701895,3.265209e-07,1.0225785e-09,2.7013868e-08
20019,2024-12-17,1,D0,1,D0,1,D0,True,0.18864654,0.7155778,0.09577493,7.058482e-07,2.0527156e-09,4.6177842e-08
20019,2024-12-24,1,D0,1,D0,1,D0,True,0.14805412,0.71505564,0.13688761,2.503668e-06,1.13158976e-08,1.542601e-07
20019,2024-12-31,1,D0,1,D0,1,D0,True,0.1325244,0.71719635,0.15027452,4.418971e-06,2.3204116e-08,2.3204927e-07
20019,2025-01-07,1,D0,1,D0,1,D0,True,0.12986119,0.7135833,0.15654914,6.104156e-06,3.169366e-08,2.8320645e-07
20019,2025-01-14,1,D0,1,D0,1,D0,True,0.13105938,0.70203125,0.16689937,9.605438e-06,4.5961556e-08,3.468105e-07
20019,2025-01-21,1,D0,1,D0,1,D0,True,0.13461551,0.6870945,0.17827323,1.618727e-05,6.655334e-08,4.1300532e-07
20019,2025-01-28,1,D0,1,D0,1,D0,True,0.13525045,0.6777204,0.18700497,2.3608078e-05,8.517537e-08,4.6983328e-07
20019,2025-02-04,1,D0,1,D0,1,D0,True,0.13105868,0.673681,0.19523028,2.9441779e-05,9.2167916e-08,4.7675468e-07
20019,2025-02-11,1,D0,1,D0,1,D0,True,0.11687301,0.667988,0.21509886,3.9588147e-05,9.915809e-08,4.507104e-07
20019,2025-02-18,1,D0,1,D0,1,D0,True,0.109611355,0.66124845,0.22909142,4.823358e-05,1.02273404e-07,4.2505877e-07
20019,2025-02-25,2,D1,1,D0,1,D0,False,0.11522156,0.6638408,0.22089317,4.4003824e-05,8.965712e-08,4.0472324e-07
20019,2025-03-04,2,D1,2,D1,2,D1,True,0.0015237532,0.22523472,0.66004103,0.11315318,4.598504e-05,1.3393716e-06
20019,2025-03-11,1,D0,2,D1,2,D1,False,0.0009182311,0.17531568,0.69790715,0.12583262,2.550043e-05,8.804965e-07
20019,2025-03-18,1,D0,1,D0,1,D0,True,0.09927702,0.53292066,0.36474183,0.003046955,3.4569084e-06,1.0066834e-05
20019,2025-03-25,1,D0,1,D0,1,D0,True,0.23422462,0.5700065,0.19564967,0.00011685169,2.520433e-07,2.0268642e-06
20019,2025-04-01,1,D0,1,D0,1,D0,True,0.19797204,0.55485314,0.24691153,0.00026062308,4.4185512e-07,2.2029094e-06
20019,2025-04-08,1,D0,1,D0,1,D0,True,0.19236234,0.5434649,0.26380298,0.00036765644,4.146122e-07,1.7250649e-06
20019,2025-04-15,1,D0,1,D0,1,D0,True,0.2345986,0.54699016,0.2181823,0.00022675826,2.558203e-07,1.9607999e-06
20019,2025-04-22,0,None,1,D0,1,D0,False,0.22228518,0.5413077,0.23602636,0.0003764051,4.1326115e-07,4.0052605e-06
20019,2025-04-29,0,None,0,None,0,None,True,0.6024681,0.39714405,0.0003872345,8.663463e-08,5.7725913e-08,3.991435e-07
20019,2025-05-06,0,None,0,None,0,None,True,0.65639424,0.34353802,6.746209e-05,3.9786755e-08,6.589672e-08,1.4125753e-07
20019,2025-05-13,0,None,0,None,0,None,True,0.65053326,0.34935606,0.00010992463,1.3963289e-07,2.3788992e-07,3.702708e-07
20019,2025-05-20,0,None,0,None,0,None,True,0.66560525,0.33431795,7.619093e-05,1.3475636e-07,2.9562594e-07,2.7348048e-07
20019,2025-05-27,0,None,0,None,0,None,True,0.6596142,0.34027937,0.00010497288,2.561789e-07,6.086051e-07,5.689966e-07
20019,2025-06-03,0,None,0,None,0,None,True,0.65288997,0.34699517,0.00011294176,3.3327305e-07,7.902959e-07,7.7258824e-07
20019,2025-06-10,0,None,0,None,0,None,True,0.6453214,0.35457763,9.9207275e-05,3.1654676e-07,7.0083706e-07,7.054069e-07
20019,2025-06-17,0,None,0,None,0,None,True,0.64237654,0.35753295,8.936077e-05,2.5163547e-07,4.6931112e-07,4.191764e-07
20019,2025-06-24,0,None,0,None,0,None,True,0.6483084,0.35160723,8.372268e-05,2.1176811e-07,3.1995214e-07,2.0650377e-07
20019,2025-07-01,0,None,0,None,0,None,True,0.6535333,0.34636638,9.954534e-05,2.409142e-07,3.459451e-07,1.8162469e-07
20019,2025-07-08,0,None,0,None,0,None,True,0.66501,0.33483794,0.00015075764,4.331497e-07,6.256103e-07,2.2331596e-07
20019,2025-07-15,0,None,0,None,0,None,True,0.6740112,0.32579345,0.00019321893,8.397464e-07,1.0811717e-06,2.5855513e-07
20019,2025-07-22,0,None,0,None,0,None,True,0.67118406,0.32862955,0.0001839522,8.6312764e-07,1.2846882e-06,3.2948367e-07
20019,2025-07-29,0,None,0,None,0,None,True,0.6619868,0.33782792,0.00018258387,7.9639193e-07,1.3636339e-06,5.930407e-07
20019,2025-08-05,0,None,0,None,0,None,True,0.6583902,0.34143123,0.00017510433,8.785407e-07,1.5994389e-06,1.0341614e-06
20019,2025-08-12,0,None,0,None,0,None,True,0.6515681,0.34825903,0.000169174,8.473828e-07,1.4489027e-06,1.3217368e-06
20019,2025-08-19,0,None,0,None,0,None,True,0.6401541,0.3596791,0.000163086,7.362501e-07,1.2289194e-06,1.7398153e-06
20019,2025-08-26,0,None,0,None,0,None,True,0.62644696,0.37337357,0.00017469659,7.4121533e-07,1.0025897e-06,3.0621195e-06
20019,2025-09-02,0,None,0,None,0,None,True,0.6162545,0.38356417,0.00017545144,6.8539833e-07,8.744361e-07,4.3181285e-06
20019,2025-09-09,0,None,0,None,0,None,True,0.612776,0.38704392,0.00017448605,6.214204e-07,8.4082905e-07,4.060986e-06
20019,2025-09-16,0,None,0,None,0,None,True,0.6180367,0.3817594,0.00019993896,6.3582854e-07,9.617183e-07,2.3316518e-06
20019,2025-09-23,0,None,0,None,0,None,True,0.6306504,0.36908904,0.0002572008,8.2398265e-07,1.2812872e-06,1.2074393e-06
20019,2025-09-30,0,None,0,None,0,None,True,0.6430333,0.35668448,0.00027835628,1.1367646e-06,1.7269964e-06,9.3175504e-07
20019,2025-10-07,0,None,0,None,0,None,True,0.66080433,0.33892566,0.00026618983,1.3422025e-06,1.7768951e-06,6.977426e-07
20019,2025-10-14,1,D0,0,None,0,None,False,0.66647494,0.3333018,0.00022086356,8.9038184e-07,1.0277839e-06,5.2476446e-07
20019,2025-10-21,1,D0,1,D0,1,D0,True,0.21416335,0.611828,0.17387727,0.00012906601,2.4087757e-07,1.9909141e-06
20019,2025-10-28,0,None,1,D0,1,D0,False,0.20326178,0.56220514,0.23428972,0.00023811845,5.2104775e-07,4.6668724e-06
20019,2025-11-04,0,None,0,None,0,None,True,0.66601247,0.33386353,0.00012356203,8.901564e-08,1.6811043e-07,1.926137e-07
20019,2025-11-11,0,None,0,None,0,None,True,0.66123015,0.33871096,5.84811e-05,8.203717e-08,1.3544785e-07,1.4688207e-07
20019,2025-11-18,0,None,0,None,0,None,True,0.65028304,0.3496454,7.087071e-05,1.3577011e-07,2.1876032e-07,2.6218436e-07
20019,2025-11-25,0,None,0,None,0,None,True,0.6508479,0.349075,7.635955e-05,1.8823864e-07,3.2567957e-07,3.2029573e-07
20019,2025-12-02,0,None,0,None,0,None,True,0.6519133,0.34800848,7.7232035e-05,2.2446991e-07,4.1546667e-07,3.581973e-07
20019,2025-12-09,1,D0,0,None,0,None,False,0.652604,0.34732148,7.340509e-05,2.3268889e-07,4.6495214e-07,3.873289e-07
20019,2025-12-16,1,D0,1,D0,1,D0,True,0.08035564,0.7133557,0.20623438,5.3594744e-05,1.35123e-07,5.8591405e-07
20019,2025-12-23,1,D0,1,D0,1,D0,True,0.051416706,0.66470337,0.28364405,0.00023192949,1.399109e-06,2.518644e-06
20019,2025-12-30,1,D0,1,D0,1,D0,True,0.073343135,0.6874894,0.23908421,8.08378e-05,6.026394e-07,1.8631716e-06
20021,2022-01-04,0,None,1,D0,0,None,True,0.49305975,0.50231695,0.004570482,1.7600605e-05,7.779803e-06,2.7409907e-05
20021,2022-01-11,0,None,1,D0,0,None,True,0.47621027,0.518031,0.0057116593,1.6381699e-05,6.406275e-06,2.4272493e-05
20021,2022-01-18,1,D0,0,None,0,None,False,0.55452585,0.44374612,0.0017017203,5.3125764e-06,4.521479e-06,1.6399288e-05
20021,2022-01-25,1,D0,1,D0,1,D0,True,0.041719757,0.6520018,0.30603942,0.00023708284,7.6345157e-07,1.2350431e-06
20021,2022-02-01,2,D1,1,D0,1,D0,False,0.036564667,0.5932655,0.36905858,0.0010997094,6.496793e-06,5.0440685e-06
20021,2022-02-08,1,D0,2,D1,2,D1,False,0.002163872,0.25592777,0.60766923,0.13327397,0.0009292401,3.587841e-05
20021,2022-02-15,1,D0,1,D0,1,D0,True,0.05385135,0.58171356,0.36337444,0.0010464459,5.675836e-06,8.557181e-06
20021,2022-02-22,1,D0,1,D0,1,D0,True,0.16100079,0.649099,0.18985742,3.9356928e-05,6.5072584e-07,2.7926753e-06
20021,2022-03-01,1,D0,1,D0,1,D0,True,0.12969187,0.65542936,0.21482123,5.5197892e-05,4.6147417e-07,1.8850307e-06
20021,2022-03-08,0,None,1,D0,1,D0,False,0.116778724,0.6499352,0.23319542,8.87333e-05,4.5672164e-07,1.5747213e-06
20021,2022-03-15,0,None,0,None,0,None,True,0.6669301,0.33285102,0.00021651895,4.382974e-07,7.7554853e-07,1.1803519e-06
20021,2022-03-22,0,None,0,None,0,None,True,0.6681259,0.33163732,0.00023169772,1.1210287e-06,1.6697103e-06,2.2434747e-06
20021,2022-03-29,0,None,0,None,0,None,True,0.6528619,0.34671527,0.00040815776,3.613485e-06,4.4541202e-06,6.6087173e-06
20021,2022-04-05,0,None,0,None,0,None,True,0.6412001,0.3582319,0.00053609,8.180151e-06,9.056294e-06,1.4725045e-05
20021,2022-04-12,0,None,0,None,0,None,True,0.63195086,0.36744347,0.0005611932,1.1714588e-05,1.1554603e-05,2.1247954e-05
20021,2022-04-19,0,None,0,None,0,None,True,0.6262751,0.37314564,0.00053179055,1.2677162e-05,1.1559518e-05,2.3268683e-05
20021,2022-04-26,0,None,0,None,0,None,True,0.5937687,0.40480524,0.0013187398,2.9760362e-05,2.1069513e-05,5.633539e-05
20021,2022-05-03,0,None,0,None,0,None,True,0.5474155,0.44810945,0.004269526,6.9505884e-05,3.0144323e-05,0.00010593552
20021,2022-05-10,0,None,0,None,0,None,True,0.5641012,0.43306592,0.0027217837,3.3492146e-05,1.596766e-05,6.170661e-05
20021,2022-05-17,0,None,0,None,0,None,True,0.62445545,0.3752622,0.00026656833,3.9011716e-06,3.308041e-06,8.608937e-06
20021,2022-05-24,0,None,0,None,0,None,True,0.6234349,0.3762681,0.00027819234,4.7961157e-06,3.925103e-06,1.0149282e-05
20021,2022-05-31,0,None,0,None,0,None,True,0.6196085,0.3800539,0.00031519818,5.8133014e-06,4.487213e-06,1.2068991e-05
20021,2022-06-07,0,None,0,None,0,None,True,0.6174564,0.38219145,0.00032818713,6.2940917e-06,4.6631053e-06,1.29863065e-05
20021,2022-06-14,0,None,0,None,0,None,True,0.6160667,0.38357878,0.00032978074,6.481008e-06,4.724211e-06,1.36578665e-05
20021,2022-06-21,0,None,0,None,0,None,True,0.62049156,0.3791824,0.00030240213,5.9945382e-06,4.5426245e-06,1.3176551e-05
20021,2022-06-28,1,D0,0,None,0,None,False,0.61395633,0.3856997,0.00031868616,6.3764173e-06,4.7608273e-06,1.4174816e-05
20021,2022-07-05,1,D0,1,D0,1,D0,True,0.07303253,0.61881393,0.30761635,0.0005355316,6.29213e-07,9.959e-07
20021,2022-07-12,2,D1,1,D0,1,D0,False,0.08499863,0.57154745,0.34207693,0.0013688707,4.28138e-06,3.8560706e-06
20021,2022-07-19,3,D2,2,D1,2,D1,False,0.0015817047,0.15129185,0.6211842,0.22489312,0.0010406452,8.5329975e-06
20021,2022-07-26,4,D3,3,D2,3,D2,False,6.6379116e-06,9.179867e-05,0.0915444,0.62617385,0.28208816,9.520587e-05
20021,2022-08-02,4,D3,4,D3,3,D2,False,5.902368e-05,6.0803402e-05,0.0055836113,0.32012233,0.5536736,0.1205007
20021,2022-08-09,4,D3,4,D3,4,D3,True,0.00010194347,0.00014760719,0.0066886805,0.20218082,0.62007815,0.17080283
20021,2022-08-16,4,D3,4,D3,4,D3,True,0.000114106755,8.784509e-05,0.00330828,0.14083846,0.6502116,0.20543985
20021,2022-08-23,4,D3,4,D3,4,D3,True,0.00035859915,0.0002722719,0.006684479,0.21534319,0.6165899,0.16075154
20021,2022-08-30,4,D3,4,D3,4,D3,True,0.0004776555,0.0003149457,0.0074129687,0.2372865,0.57753134,0.1769766
20021,2022-09-06,4,D3,4,D3,4,D3,True,0.00047094657,0.00023245199,0.005071958,0.21941891,0.57017463,0.20463109
20021,2022-09-13,4,D3,4,D3,4,D3,True,0.0002528907,8.492341e-05,0.0015776696,0.13627706,0.6237972,0.23801024
20021,2022-09-20,5,D4,4,D3,4,D3,False,0.0002148762,7.626094e-05,0.0015079586,0.14312638,0.6064059,0.24866872
20021,2022-09-27,5,D4,5,D4,5,D4,True,6.536806e-06,7.362942e-06,8.6618886e-05,0.0042629237,0.20073813,0.7948984
20021,2022-10-04,5,D4,5,D4,5,D4,True,3.6793801e-07,8.105981e-07,3.108121e-05,0.0019425943,0.14387552,0.85414964
20021,2022-10-11,5,D4,5,D4,5,D4,True,4.412509e-07,1.0761199e-06,4.035919e-05,0.002378918,0.15500754,0.8425717
20021,2022-10-18,5,D4,5,D4,5,D4,True,8.9148153e-07,2.0924854e-06,6.1743005e-05,0.0037288212,0.176008,0.8201984
20021,2022-10-25,4,D3,5,D4,5,D4,False,1.8044506e-06,4.3335012e-06,0.00010100876,0.0064490396,0.19494484,0.7984989
20021,2022-11-01,4,D3,5,D4,5,D4,False,6.4229054e-05,7.867077e-05,0.0018217826,0.13553666,0.31335872,0.54913986
20021,2022-11-08,4,D3,5,D4,5,D4,False,5.438089e-05,4.920993e-05,0.0021698736,0.21515602,0.35492116,0.42764935
20021,2022-11-15,4,D3,5,D4,5,D4,False,4.3253083e-05,4.0167866e-05,0.0014831387,0.1944009,0.3770733,0.42695928
20021,2022-11-22,4,D3,5,D4,5,D4,False,6.248817e-05,7.9285295e-05,0.0011881407,0.16524546,0.3638835,0.46954113
20021,2022-11-29,4,D3,5,D4,5,D4,False,9.8259676e-05,0.00014492233,0.001247433,0.16279726,0.4040409,0.4316713
20021,2022-12-06,4,D3,4,D3,5,D4,False,0.00022031848,0.00036574618,0.001983187,0.17016046,0.4445021,0.38276818
20021,2022-12-13,3,D2,4,D3,4,D3,False,0.0003850132,0.0006804694,0.0031462589,0.15891711,0.4907119,0.34615922
20021,2022-12-20,3,D2,4,D3,3,D2,True,1.3438538e-05,3.7276408e-05,0.018045554,0.41691318,0.5648569,0.00013364035
20021,2022-12-27,3,D2,4,D3,3,D2,True,6.1489613e-06,2.8384151e-05,0.0270064,0.4832445,0.48970932,5.2363885e-06
20021,2023-01-03,3,D2,4,D3,3,D2,True,5.6917843e-06,2.274602e-05,0.025420215,0.48198822,0.49255964,3.376196e-06
20021,2023-01-10,3,D2,4,D3,3,D2,True,7.502835e-06,2.5478723e-05,0.025261302,0.48509854,0.4896039,3.22696e-06
20021,2023-01-17,3,D2,4,D3,3,D2,True,6.3150183e-06,1.314141e-05,0.013837506,0.48544765,0.50069267,2.6538723e-06
20021,2023-01-24,3,D2,4,D3,3,D2,True,6.988081e-06,1.16842675e-05,0.010040514,0.46997458,0.5199626,3.6246913e-06
20021,2023-01-31,3,D2,4,D3,3,D2,True,1.0342014e-05,1.2846391e-05,0.0084966365,0.4641218,0.5273529,5.4880675e-06
20021,2023-02-07,3,D2,3,D2,3,D2,True,2.0155836e-05,3.426649e-05,0.017381465,0.57891726,0.40364113,5.6853455e-06
20021,2023-02-14,2,D1,3,D2,3,D2,False,2.341681e-05,3.4436467e-05,0.017549055,0.5651867,0.41718495,2.1495787e-05
20021,2023-02-21,2,D1,2,D1,2,D1,True,0.00085632555,0.03525208,0.48330405,0.47859356,0.0019921828,1.7601593e-06
20021,2023-02-28,2,D1,2,D1,2,D1,True,0.00032061845,0.027486406,0.5229098,0.44843006,0.0008523894,7.1504854e-07
20021,2023-03-07,2,D1,2,D1,2,D1,True,0.00018758462,0.032127332,0.56782407,0.39958307,0.0002777971,1.9622912e-07
20021,2023-03-14,2,D1,1,D0,1,D0,False,0.022744171,0.50337857,0.47042716,0.0034491096,4.3402795e-07,4.6239768e-07
20021,2023-03-21,2,D1,2,D1,2,D1,True,0.013134536,0.43945852,0.5388383,0.008566975,1.0777828e-06,5.576223e-07
20021,2023-03-28,2,D1,2,D1,2,D1,True,0.0018613088,0.22854832,0.7074373,0.06214958,3.2827381e-06,2.2663362e-07
20021,2023-04-04,2,D1,2,D1,2,D1,True,0.0016474958,0.21520692,0.70745736,0.075684234,3.6732042e-06,2.0281034e-07
20021,2023-04-11,2,D1,2,D1,2,D1,True,0.0016938552,0.21239598,0.6996235,0.08628168,4.7251137e-06,2.2841196e-07
20021,2023-04-18,2,D1,2,D1,2,D1,True,0.0018509801,0.21777494,0.6905222,0.08984501,6.5480367e-06,2.981036e-07
20021,2023-04-25,2,D1,2,D1,2,D1,True,0.002111291,0.22612464,0.6821086,0.08964581,9.18403e-06,4.6077986e-07
20021,2023-05-02,3,D2,2,D1,2,D1,False,0.0015090666,0.18570995,0.6659515,0.1468006,2.8088465e-05,7.643745e-07
20021,2023-05-09,2,D1,3,D2,3,D2,False,6.4346823e-06,0.00018366356,0.18031013,0.6662622,0.15323584,1.6297175e-06
20021,2023-05-16,2,D1,3,D2,3,D2,False,5.790805e-05,0.004942149,0.3860465,0.58581835,0.0231339,1.2258129e-06
20021,2023-05-23,2,D1,2,D1,2,D1,True,0.011447922,0.4657601,0.49975866,0.023024488,5.8342425e-06,2.9699127e-06
20021,2023-05-30,2,D1,2,D1,2,D1,True,0.0035614998,0.33265215,0.6058722,0.05790187,1.0532957e-05,1.741028e-06
20021,2023-06-06,2,D1,2,D1,2,D1,True,0.0016960051,0.28561082,0.65086514,0.061820496,7.0122414e-06,5.641148e-07
20021,2023-06-13,2,D1,2,D1,2,D1,True,0.00070629496,0.22635609,0.6886742,0.08425484,8.172177e-06,3.0209256e-07
20021,2023-06-20,2,D1,2,D1,2,D1,True,0.0007034852,0.22467186,0.69235915,0.08225764,7.57112e-06,3.466303e-07
20021,2023-06-27,2,D1,2,D1,2,D1,True,0.00082073396,0.22298388,0.694205,0.081979044,1.0344229e-05,9.012641e-07
20021,2023-07-04,2,D1,2,D1,2,D1,True,0.00037568272,0.16118227,0.72128916,0.11713905,1.3264251e-05,6.229587e-07
20021,2023-07-11,3,D2,2,D1,2,D1,False,0.0004872723,0.16267101,0.7264623,0.11036195,1.6508506e-05,9.1836847e-07
20021,2023-07-18,3,D2,3,D2,3,D2,True,5.1578814e-07,1.612387e-05,0.06681984,0.6273818,0.30577868,3.0292879e-06
20021,2023-07-25,3,D2,3,D2,3,D2,True,2.4168152e-05,0.0009009397,0.22026068,0.63416624,0.14464052,7.351109e-06
20021,2023-08-01,3,D2,3,D2,3,D2,True,5.5841723e-05,0.00092103047,0.18636651,0.6158503,0.19677332,3.2979086e-05
20021,2023-08-08,2,D1,3,D2,3,D2,False,6.518419e-05,0.0010180102,0.19158998,0.61972487,0.18756437,3.7529608e-05
20021,2023-08-15,1,D0,2,D1,2,D1,False,0.016471133,0.3909754,0.57415694,0.018387333,3.53351e-06,5.6928498e-06
20021,2023-08-22,1,D0,1,D0,1,D0,True,0.26586968,0.6769866,0.057141263,2.3006774e-06,7.596959e-09,1.5286834e-07
20021,2023-08-29,1,D0,1,D0,1,D0,True,0.27199796,0.69274104,0.035260465,5.2502446e-07,1.9194977e-09,5.734795e-08
20021,2023-09-05,1,D0,1,D0,1,D0,True,0.22497642,0.705945,0.0690767,1.7959379e-06,3.1269878e-09,9.254331e-08
20021,2023-09-12,1,D0,1,D0,1,D0,True,0.20305206,0.68929577,0.10764747,4.593908e-06,5.177456e-09,1.2292168e-07
20021,2023-09-19,1,D0,1,D0,1,D0,True,0.19001508,0.6661852,0.14378934,1.02722215e-05,1.0278555e-08,1.7594381e-07
20021,2023-09-26,0,None,1,D0,1,D0,False,0.17307451,0.6547446,0.17216219,1.8395445e-05,1.676096e-08,2.2077394e-07
20021,2023-10-03,0,None,0,None,0,None,True,0.6268705,0.3726417,0.00048750095,8.715895e-08,3.8672862e-08,1.1788626e-07
20021,2023-10-10,0,None,0,None,0,None,True,0.62277734,0.37674022,0.0004819557,2.0952676e-07,7.275621e-08,1.7177081e-07
20021,2023-10-17,0,None,0,None,0,None,True,0.6087427,0.3902608,0.0009948972,8.16142e-07,2.2627293e-07,5.652453e-07
20021,2023-10-24,0,None,0,None,0,None,True,0.5424372,0.44993964,0.007612801,6.5616337e-06,3.8899742e-07,3.4065727e-06
20021,2023-10-31,0,None,0,None,0,None,True,0.54790044,0.44512394,0.0069652605,6.225455e-06,4.1800763e-07,3.7637915e-06
20021,2023-11-07,0,None,0,None,0,None,True,0.53689736,0.45371968,0.0093686925,8.887716e-06,4.700109e-07,4.873663e-06
20021,2023-11-14,0,None,0,None,0,None,True,0.54040915,0.45098796,0.008588909,8.733654e-06,4.8731783e-07,4.767135e-06
20021,2023-11-21,0,None,0,None,0,None,True,0.54706526,0.4455348,0.0073862253,8.7564495e-06,5.4140526e-07,4.4360927e-06
20021,2023-11-28,0,None,0,None,0,None,True,0.55799454,0.4354276,0.006564273,8.913712e-06,6.336469e-07,4.0078894e-06
20021,2023-12-05,1,D0,0,None,0,None,False,0.56784856,0.42639872,0.005739187,8.659395e-06,8.3841536e-07,3.9443607e-06
20021,2023-12-12,1,D0,1,D0,1,D0,True,0.09834679,0.6040306,0.29748416,0.00013751624,2.3353392e-07,6.2094597e-07
20021,2023-12-19,1,D0,1,D0,1,D0,True,0.11770159,0.59387904,0.28819436,0.00022074311,1.5746998e-06,2.7116928e-06
20021,2023-12-26,0,None,1,D0,1,D0,False,0.14730722,0.6040104,0.24855243,0.00012561888,1.2084901e-06,3.0234494e-06
20021,2024-01-02,0,None,0,None,0,None,True,0.6952576,0.30439174,0.00034923354,4.157337e-07,7.2365765e-07,1.9418596e-07
20021,2024-01-09,0,None,0,None,0,None,True,0.6981503,0.3016206,0.0002279948,3.970689e-07,6.481672e-07,1.04226096e-07
20021,2024-01-16,0,None,0,None,0,None,True,0.6835144,0.31623307,0.00025094507,5.151e-07,8.27495e-07,1.6986341e-07
20021,2024-01-23,0,None,0,None,0,None,True,0.67377543,0.32599148,0.00023111032,5.940628e-07,1.0352381e-06,3.1364047e-07
20021,2024-01-30,0,None,0,None,0,None,True,0.6699233,0.32986385,0.00021027235,7.010237e-07,1.2749199e-06,5.494585e-07
20021,2024-02-06,0,None,0,None,0,None,True,0.67156637,0.32822287,0.0002074829,9.568487e-07,1.5885236e-06,6.726258e-07
20021,2024-02-13,0,None,0,None,0,None,True,0.68606746,0.3137284,0.00020009818,1.5140674e-06,2.0632579e-06,4.3181637e-07
20021,2024-02-20,0,None,0,None,0,None,True,0.7143239,0.2854848,0.00018669995,1.8011389e-06,2.6607531e-06,2.0730968e-07
20021,2024-02-27,1,D0,0,None,0,None,False,0.7181101,0.2817054,0.00017976915,1.816762e-06,2.7175465e-06,1.9087778e-07
20021,2024-03-05,1,D0,1,D0,1,D0,True,0.05378064,0.61938137,0.32661912,0.00021849755,2.886531e-07,1.5496941e-07
20021,2024-03-12,1,D0,1,D0,1,D0,True,0.064165756,0.5842457,0.3510919,0.0004942732,1.7122891e-06,6.297411e-07
20021,2024-03-19,1,D0,1,D0,1,D0,True,0.114072226,0.59885776,0.28689396,0.00017363342,1.1321755e-06,1.2780467e-06
20021,2024-03-26,1,D0,1,D0,1,D0,True,0.08286958,0.6168129,0.30014852,0.00016732894,7.501169e-07,8.9329205e-07
20021,2024-04-02,0,None,1,D0,1,D0,False,0.09165122,0.62114507,0.2870775,0.00012417042,7.3255313e-07,1.2819487e-06
20021,2024-04-09,0,None,0,None,0,None,True,0.69782376,0.30198094,0.00019396732,3.4055392e-07,7.522589e-07,2.445248e-07
20021,2024-04-16,0,None,0,None,0,None,True,0.6558525,0.3436744,0.0004701804,1.0418825e-06,1.3254687e-06,5.024865e-07
20021,2024-04-23,1,D0,0,None,0,None,False,0.6517102,0.34743062,0.0008526793,2.7134008e-06,2.8396196e-06,9.1662963e-07
20021,2024-04-30,0,None,1,D0,1,D0,False,0.02959192,0.55388284,0.41584918,0.0006750084,8.3156925e-07,2.7072616e-07
20021,2024-05-07,0,None,0,None,0,None,True,0.505098,0.4650082,0.029827656,4.718387e-05,1.1713048e-05,7.252322e-06
20021,2024-05-14,0,None,0,None,0,None,True,0.5579563,0.4343947,0.0076286267,1.3500583e-05,4.4022595e-06,2.4707392e-06
20021,2024-05-21,0,None,0,None,0,None,True,0.715146,0.2846566,0.00019538186,6.9200775e-07,1.2152494e-06,1.2764409e-07
20021,2024-05-28,0,None,0,None,0,None,True,0.69441843,0.3054003,0.00017871519,8.938023e-07,1.4250141e-06,2.222409e-07
20021,2024-06-04,0,None,0,None,0,None,True,0.6704896,0.3292901,0.0002160216,1.4558111e-06,2.2148456e-06,6.2579096e-07
20021,2024-06-11,0,None,0,None,0,None,True,0.66056913,0.3391642,0.0002612377,1.9783884e-06,2.6701252e-06,8.854771e-07
20021,2024-06-18,0,None,0,None,0,None,True,0.65315753,0.34651092,0.00032539488,2.420993e-06,2.7887097e-06,9.2554296e-07
20021,2024-06-25,1,D0,0,None,0,None,False,0.65045506,0.34916833,0.00037005192,2.7308524e-06,2.9440896e-06,9.781309e-07
20021,2024-07-02,1,D0,1,D0,1,D0,True,0.1623694,0.5769246,0.2603993,0.00028313164,9.642259e-06,1.3896048e-05
20021,2024-07-09,0,None,1,D0,1,D0,False,0.07345816,0.4982862,0.42625245,0.0019054692,8.316543e-05,1.46091115e-05
20021,2024-07-16,0,None,0,None,0,None,True,0.7000216,0.29936066,0.0006118943,2.2663723e-06,3.1965117e-06,3.9795782e-07
20021,2024-07-23,0,None,0,None,0,None,True,0.74548995,0.25426576,0.00024066224,1.410106e-06,2.1081833e-06,4.898546e-08
20021,2024-07-30,1,D0,0,None,0,None,False,0.7402073,0.25953406,0.00025353368,2.3040316e-06,2.7619153e-06,5.877063e-08
20021,2024-08-06,1,D0,1,D0,1,D0,True,0.066298805,0.5972102,0.3361945,0.0002962645,2.1583712e-07,7.704457e-08
20021,2024-08-13,2,D1,1,D0,1,D0,False,0.08608638,0.5904574,0.322799,0.00065507024,1.3610253e-06,7.94544e-07
20021,2024-08-20,2,D1,2,D1,2,D1,True,0.0018943147,0.12851971,0.6211764,0.24753338,0.00087470224,1.4892763e-06
20021,2024-08-27,2,D1,2,D1,2,D1,True,0.007578052,0.24185099,0.59049773,0.15979661,0.00026722625,9.451603e-06
20021,2024-09-03,2,D1,2,D1,2,D1,True,0.03067958,0.35233465,0.5257292,0.09099534,0.0002087642,5.2449363e-05
20021,2024-09-10,2,D1,2,D1,2,D1,True,0.031382676,0.35734543,0.53115577,0.079829924,0.00020782492,7.834894e-05
20021,2024-09-17,2,D1,2,D1,2,D1,True,0.0011219584,0.11223586,0.6559557,0.23024096,0.00043650772,9.009868e-06
20021,2024-09-24,3,D2,2,D1,2,D1,False,0.0008184714,0.09819227,0.67071366,0.22965209,0.00061717274,6.3068396e-06
20021,2024-10-01,3,D2,3,D2,3,D2,True,1.6738267e-06,2.7126418e-05,0.09207911,0.673106,0.23477481,1.1266013e-05
20021,2024-10-08,3,D2,3,D2,3,D2,True,6.8630397e-06,8.918289e-05,0.10886888,0.6585462,0.23245156,3.7293117e-05
20021,2024-10-15,3,D2,3,D2,3,D2,True,3.1595657e-05,0.0001356717,0.054499377,0.59272784,0.35045132,0.002154226
20021,2024-10-22,4,D3,4,D3,3,D2,False,0.00010511152,0.0001529381,0.014802197,0.3784053,0.5270642,0.079470254
20021,2024-10-29,4,D3,4,D3,4,D3,True,5.1784835e-05,4.2706703e-05,0.002031478,0.12318341,0.6706628,0.20402768
20021,2024-11-05,3,D2,4,D3,4,D3,False,5.3609303e-05,4.2159678e-05,0.0018966686,0.1027127,0.66391236,0.2313826
20021,2024-11-12,3,D2,3,D2,3,D2,True,0.00016853659,0.0011056786,0.1803207,0.60896945,0.20885102,0.0005846159
20021,2024-11-19,2,D1,3,D2,3,D2,False,2.7478349e-05,0.00040276835,0.19924098,0.6662136,0.13407749,3.767917e-05
20021,2024-11-26,2,D1,2,D1,2,D1,True,0.014521634,0.3503486,0.6132037,0.021911927,6.485371e-06,7.765985e-06
20021,2024-12-03,2,D1,2,D1,2,D1,True,0.0026935742,0.18605042,0.7500941,0.061151523,6.827056e-06,3.4820707e-06
20021,2024-12-10,2,D1,2,D1,2,D1,True,0.00081199064,0.118596144,0.77855456,0.10202982,6.04995e-06,1.4230053e-06
20021,2024-12-17,1,D0,2,D1,2,D1,False,0.00073045364,0.11219906,0.77734447,0.10971697,7.188324e-06,1.8486372e-06
20021,2024-12-24,1,D0,1,D0,1,D0,True,0.26527983,0.68219835,0.05251892,2.7756537e-06,7.670615e-09,1.5633412e-07
20021,2024-12-31,1,D0,1,D0,1,D0,True,0.29147092,0.6767015,0.031827033,4.8484e-07,2.4100932e-09,4.210256e-08
20021,2025-01-07,1,D0,1,D0,1,D0,True,0.23059031,0.69942117,0.06998735,1.1650277e-06,2.6346667e-09,3.97473e-08
20021,2025-01-14,1,D0,1,D0,1,D0,True,0.1664474,0.724663,0.10888719,2.3938005e-06,3.1041705e-09,3.0565182e-08
20021,2025-01-21,1,D0,1,D0,1,D0,True,0.12974514,0.72684914,0.14340161,4.106731e-06,3.860354e-09,2.4517425e-08
20021,2025-01-28,1,D0,1,D0,1,D0,True,0.10680707,0.72267354,0.1705129,6.461661e-06,5.1205062e-09,1.863201e-08
20021,2025-02-04,1,D0,1,D0,1,D0,True,0.09054978,0.7158751,0.19356444,1.0685368e-05,7.792434e-09,1.9590138e-08
20021,2025-02-11,1,D0,1,D0,1,D0,True,0.08798243,0.7073313,0.20467141,1.4923102e-05,1.0939198e-08,2.6450364e-08
20021,2025-02-18,1,D0,1,D0,1,D0,True,0.09695148,0.69666576,0.20636237,2.0319636e-05,1.5365904e-08,4.4526534e-08
20021,2025-02-25,1,D0,1,D0,1,D0,True,0.14811456,0.67261434,0.1792424,2.8532886e-05,2.7935826e-08,1.2864113e-07
20021,2025-03-04,1,D0,1,D0,1,D0,True,0.12288875,0.623427,0.25351867,0.00016507176,1.2630595e-07,4.4033604e-07
20021,2025-03-11,0,None,1,D0,1,D0,False,0.14233236,0.59098893,0.26636586,0.0003110708,3.0421063e-07,1.4680513e-06
20021,2025-03-18,0,None,0,None,0,None,True,0.6357502,0.36392125,0.00032795267,1.755748e-07,1.6328143e-07,2.9543958e-07
20021,2025-03-25,1,D0,0,None,0,None,False,0.6376071,0.362146,0.0002459809,2.3263196e-07,1.9251851e-07,4.727591e-07
20021,2025-04-01,1,D0,1,D0,1,D0,True,0.42632315,0.55268633,0.02097291,1.1960774e-05,4.0513441e-07,5.1951347e-06
20021,2025-04-08,0,None,1,D0,0,None,True,0.44528466,0.5355584,0.019137716,1.1754137e-05,5.586873e-07,6.8439363e-06
20021,2025-04-15,0,None,0,None,0,None,True,0.6609955,0.33889347,0.000110190136,2.3120862e-07,2.7742675e-07,2.992116e-07
20021,2025-04-22,0,None,0,None,0,None,True,0.6570855,0.3427659,0.00014645689,5.6352263e-07,7.644986e-07,7.876284e-07
20021,2025-04-29,0,None,0,None,0,None,True,0.6498319,0.34996906,0.00019462658,1.0860311e-06,1.5500345e-06,1.7870964e-06
20021,2025-05-06,0,None,0,None,0,None,True,0.64832073,0.35150766,0.00016626647,1.1364164e-06,1.8433235e-06,2.3398302e-06
20021,2025-05-13,0,None,0,None,0,None,True,0.64736617,0.35248297,0.00014634548,8.783028e-07,1.529739e-06,2.1295314e-06
20021,2025-05-20,0,None,0,None,0,None,True,0.64326745,0.35660118,0.00012818129,5.5803406e-07,9.522028e-07,1.5893531e-06
20021,2025-05-27,0,None,0,None,0,None,True,0.64583844,0.3540504,0.000109268876,3.4166652e-07,5.9851106e-07,9.554735e-07
20021,2025-06-03,0,None,0,None,0,None,True,0.645772,0.3541325,9.437091e-05,2.2100083e-07,3.638631e-07,5.8141893e-07
20021,2025-06-10,0,None,0,None,0,None,True,0.6450312,0.35488236,8.55452e-05,1.574901e-07,2.3675209e-07,3.7627595e-07
20021,2025-06-17,0,None,0,None,0,None,True,0.6460893,0.35382554,8.455676e-05,1.3203737e-07,1.8484955e-07,2.63013e-07
20021,2025-06-24,0,None,0,None,0,None,True,0.65205896,0.347856,8.4564264e-05,1.1638022e-07,1.8690959e-07,2.1435608e-07
20021,2025-07-01,0,None,0,None,0,None,True,0.6555031,0.34441027,8.611561e-05,1.243113e-07,1.9967399e-07,1.7757743e-07
20021,2025-07-08,0,None,0,None,0,None,True,0.64884186,0.35104668,0.000110712004,2.1697504e-07,2.8037235e-07,2.135576e-07
20021,2025-07-15,0,None,0,None,0,None,True,0.65029186,0.3495511,0.00015555418,4.6659758e-07,5.983009e-07,3.2777712e-07
20021,2025-07-22,0,None,0,None,0,None,True,0.65082055,0.34898424,0.00019320044,6.6468533e-07,9.607511e-07,4.754249e-07
20021,2025-07-29,0,None,0,None,0,None,True,0.6688387,0.33103365,0.00012572567,4.882965e-07,9.97041e-07,4.4164085e-07
20021,2025-08-05,1,D0,0,None,0,None,False,0.6691743,0.33070266,0.00012078427,4.32719e-07,1.155926e-06,6.662914e-07
20021,2025-08-12,0,None,1,D0,1,D0,False,0.08933758,0.65248954,0.25805795,0.00011175971,5.3309407e-07,2.5888444e-06
20021,2025-08-19,0,None,1,D0,0,None,True,0.4641813,0.50865394,0.027078541,2.1103788e-05,6.8520035e-06,5.8207883e-05
20021,2025-08-26,1,D0,0,None,0,None,False,0.53398496,0.4584089,0.0075453715,7.2556136e-06,4.912583e-06,4.8544916e-05
20021,2025-09-02,1,D0,1,D0,1,D0,True,0.21720636,0.62078124,0.16193278,5.688791e-05,2.2740235e-06,2.0466818e-05
20021,2025-09-09,1,D0,1,D0,1,D0,True,0.25270805,0.5896073,0.15760008,5.3703607e-05,4.7871476e-06,2.611859e-05
20021,2025-09-16,2,D1,1,D0,1,D0,False,0.26874772,0.5815706,0.14961049,4.7417365e-05,4.127547e-06,1.9630523e-05
20021,2025-09-23,2,D1,2,D1,2,D1,True,0.0047929864,0.24338713,0.6689909,0.08218797,0.0006368764,4.127061e-06
20021,2025-09-30,2,D1,2,D1,2,D1,True,0.0012707775,0.12849723,0.64473003,0.22383659,0.0016605913,4.7985495e-06
20021,2025-10-07,2,D1,2,D1,2,D1,True,0.0027637563,0.15945496,0.6254614,0.21058795,0.001718761,1.314718e-05
20021,2025-10-14,2,D1,2,D1,2,D1,True,0.0015690852,0.112511024,0.58434683,0.2988616,0.0027033258,8.101296e-06
20021,2025-10-21,2,D1,2,D1,2,D1,True,0.0025083385,0.13533808,0.5807467,0.27993426,0.0014670601,5.5178425e-06
20021,2025-10-28,2,D1,2,D1,2,D1,True,0.02836188,0.34271207,0.5640687,0.064510874,0.00032416888,2.2354401e-05
20021,2025-11-04,2,D1,2,D1,2,D1,True,0.035481676,0.32187557,0.59750426,0.044633426,0.00047809564,2.696681e-05
20021,2025-11-11,2,D1,2,D1,2,D1,True,0.013309277,0.2331629,0.69074774,0.062454216,0.00032345668,2.34291e-06
20021,2025-11-18,2,D1,2,D1,2,D1,True,0.008682306,0.25682366,0.68880177,0.045627445,6.4349886e-05,4.6881212e-07
20021,2025-11-25,1,D0,2,D1,2,D1,False,0.00856429,0.27672324,0.6755785,0.039097875,3.5712215e-05,3.3976596e-07
20021,2025-12-02,1,D0,1,D0,1,D0,True,0.3180797,0.628346,0.05357104,3.1602049e-06,2.3650966e-08,6.739499e-08
20021,2025-12-09,1,D0,1,D0,1,D0,True,0.29326558,0.66740733,0.039325956,1.0505217e-06,1.1471433e-08,4.2415962e-08
20021,2025-12-16,1,D0,1,D0,1,D0,True,0.2125616,0.716631,0.07080533,1.938381e-06,1.072897e-08,5.3528737e-08
20021,2025-12-23,2,D1,1,D0,1,D0,False,0.055885132,0.6510719,0.29286683,0.0001756059,3.3694957e-07,2.0406529e-07
20021,2025-12-30,2,D1,2,D1,2,D1,True,0.0009969699,0.21523269,0.7241545,0.059592325,2.345722e-05,7.002594e-08
20023,2022-01-04,3,D2,3,D2,3,D2,True,2.9814787e-06,4.1053027e-05,0.080396846,0.6769882,0.24257077,1.0257904e-07
20023,2022-01-11,3,D2,3,D2,3,D2,True,3.348046e-06,4.5394e-05,0.087931365,0.6858541,0.22616574,9.1924946e-08
20023,2022-01-18,3,D2,3,D2,3,D2,True,3.8081403e-06,4.8668568e-05,0.09499983,0.69763935,0.20730832,8.8949e-08
20023,2022-01-25,3,D2,3,D2,3,D2,True,4.5640472e-06,5.776283e-05,0.10365599,0.7068238,0.18945767,9.341705e-08
20023,2022-02-01,3,D2,3,D2,3,D2,True,5.725223e-06,8.025714e-05,0.12081994,0.70846546,0.1706285,1.0471243e-07
20023,2022-02-08,3,D2,3,D2,3,D2,True,6.5793524e-06,0.00010852584,0.1428221,0.70667356,0.1503891,1.12150204e-07
20023,2022-02-15,3,D2,3,D2,3,D2,True,8.319395e-06,0.00015863753,0.17808437,0.68941844,0.13233003,1.1380259e-07
20023,2022-02-22,3,D2,3,D2,3,D2,True,1.1134147e-05,0.00022303373,0.21369968,0.6606892,0.12537684,1.0613907e-07
20023,2022-03-01,3,D2,3,D2,3,D2,True,1.5140231e-05,0.00028124018,0.22961855,0.6238748,0.14621006,1.6881853e-07
20023,2022-03-08,3,D2,3,D2,3,D2,True,2.7721586e-05,0.00045564835,0.24155325,0.5863905,0.17157245,4.5927956e-07
20023,2022-03-15,3,D2,3,D2,3,D2,True,2.2716733e-05,0.00040249294,0.18224505,0.60967606,0.2076523,1.3751451e-06
20023,2022-03-22,2,D1,3,D2,3,D2,False,1.9555393e-05,0.00032507887,0.16637616,0.6356477,0.19763038,1.1414214e-06
20023,2022-03-29,2,D1,2,D1,2,D1,True,0.0051058726,0.14425902,0.5843741,0.26420572,0.0020451674,1.0060279e-05
20023,2022-04-05,2,D1,2,D1,2,D1,True,0.0018041003,0.08460533,0.602209,0.31031835,0.0010619921,1.2362204e-06
20023,2022-04-12,2,D1,2,D1,2,D1,True,0.0011957517,0.06234883,0.6161819,0.31978035,0.00049287046,2.3525308e-07
20023,2022-04-19,2,D1,3,D2,3,D2,False,0.0008847441,0.008109709,0.3747586,0.5909586,0.025280688,7.6387905e-06
20023,2022-04-26,2,D1,3,D2,3,D2,False,0.0012050737,0.0054058256,0.32296792,0.5889913,0.081246264,0.00018366778
20023,2022-05-03,2,D1,3,D2,3,D2,False,0.00016586081,0.0004942654,0.138167,0.52334166,0.33724004,0.0005911211
20023,2022-05-10,2,D1,2,D1,2,D1,True,0.007867889,0.15068647,0.53896403,0.30158886,0.0007556599,0.0001369892
20023,2022-05-17,2,D1,2,D1,2,D1,True,0.0029240316,0.1429869,0.6007645,0.25299424,0.00030561624,2.4753997e-05
20023,2022-05-24,2,D1,2,D1,2,D1,True,0.0018332201,0.1740937,0.64313823,0.180733,0.00019403188,7.830836e-06
20023,2022-05-31,2,D1,2,D1,2,D1,True,0.0017906965,0.20245731,0.6514407,0.1441695,0.00013763602,4.1914786e-06
20023,2022-06-07,2,D1,2,D1,2,D1,True,0.0017148617,0.22789194,0.64944214,0.12085722,9.210067e-05,1.7822472e-06
20023,2022-06-14,2,D1,2,D1,2,D1,True,0.0015904428,0.24499793,0.6462809,0.10705964,7.023719e-05,8.3267594e-07
20023,2022-06-21,2,D1,2,D1,2,D1,True,0.0013615753,0.24691397,0.651379,0.10027731,6.767548e-05,4.4384947e-07
20023,2022-06-28,2,D1,2,D1,2,D1,True,0.0010852736,0.2339925,0.66300756,0.101840355,7.3977586e-05,3.0924087e-07
20023,2022-07-05,3,D2,2,D1,2,D1,False,0.00033151827,0.08106295,0.61383235,0.30232254,0.0024500021,6.6156923e-07
20023,2022-07-12,3,D2,3,D2,3,D2,True,4.9720165e-07,3.0246152e-05,0.07877598,0.68335646,0.23783648,2.7647135e-07
20023,2022-07-19,3,D2,3,D2,3,D2,True,5.494696e-07,7.289073e-06,0.01449967,0.5853108,0.40017357,8.0835025e-06
20023,2022-07-26,3,D2,4,D3,3,D2,True,8.055364e-07,4.09452e-06,0.0053976844,0.457305,0.5371124,0.00017996323
20023,2022-08-02,4,D3,4,D3,4,D3,True,1.030042e-06,1.3428131e-06,0.0008058596,0.2356468,0.74636465,0.017180292
20023,2022-08-09,4,D3,4,D3,4,D3,True,2.9930584e-06,3.913286e-06,0.0013204684,0.20936722,0.71891737,0.07038799
20023,2022-08-16,4,D3,4,D3,4,D3,True,2.5743025e-06,3.184018e-06,0.001162506,0.19256127,0.7131272,0.093143255
20023,2022-08-23,4,D3,4,D3,4,D3,True,2.2902202e-06,2.9839412e-06,0.0012576659,0.20140095,0.71382695,0.08350912
20023,2022-08-30,4,D3,4,D3,4,D3,True,2.0279613e-06,2.8080851e-06,0.0013747638,0.21357216,0.71387,0.071178205
20023,2022-09-06,4,D3,4,D3,4,D3,True,9.680443e-07,1.0150455e-06,0.00035900433,0.10807642,0.68116665,0.21039598
20023,2022-09-13,4,D3,4,D3,4,D3,True,1.5464552e-06,1.7050642e-06,0.0004825259,0.12029724,0.69463396,0.18458307
20023,2022-09-20,4,D3,4,D3,4,D3,True,1.6180275e-06,1.8910059e-06,0.00058136275,0.14010611,0.720449,0.13886008
20023,2022-09-27,4,D3,4,D3,4,D3,True,1.6374258e-06,1.9791344e-06,0.00068744045,0.15702966,0.7337627,0.10851663
20023,2022-10-04,4,D3,4,D3,4,D3,True,4.2490324e-06,7.1878076e-06,0.0033127717,0.28747493,0.6909524,0.018248448
20023,2022-10-11,4,D3,4,D3,4,D3,True,1.911643e-06,3.1962377e-06,0.002563808,0.2897176,0.6975121,0.010201344
20023,2022-10-18,4,D3,4,D3,4,D3,True,2.35495e-06,4.5781167e-06,0.0038426009,0.31837478,0.6714291,0.0063466826
20023,2022-10-25,3,D2,4,D3,4,D3,False,1.975008e-06,3.5527269e-06,0.0031806096,0.30565304,0.6846784,0.006482499
20023,2022-11-01,3,D2,4,D3,4,D3,False,1.0985086e-06,1.8627705e-06,0.0024688153,0.30084404,0.69172955,0.0049547064
20023,2022-11-08,3,D2,4,D3,4,D3,False,1.8183122e-06,3.3322078e-06,0.0033933413,0.3175662,0.67429036,0.004744933
20023,2022-11-15,3,D2,4,D3,4,D3,False,2.3083765e-06,4.1162525e-06,0.0034601276,0.3153697,0.67691696,0.0042467546
20023,2022-11-22,3,D2,4,D3,4,D3,False,2.5203474e-06,4.675306e-06,0.003755452,0.3203898,0.67237127,0.0034762858
20023,2022-11-29,3,D2,4,D3,4,D3,False,2.6902883e-06,4.9882e-06,0.003959276,0.32348752,0.6692253,0.0033201817
20023,2022-12-06,3,D2,4,D3,4,D3,False,2.877514e-06,5.3123913e-06,0.004197363,0.3271567,0.6655221,0.0031156
20023,2022-12-13,3,D2,4,D3,4,D3,False,3.1581922e-06,5.7853354e-06,0.00451222,0.33148718,0.6610746,0.002917049
20023,2022-12-20,3,D2,4,D3,4,D3,False,3.5674298e-06,6.4520664e-06,0.0049182996,0.33633527,0.65599287,0.002743462
20023,2022-12-27,3,D2,4,D3,4,D3,False,4.143406e-06,7.3704905e-06,0.0054482054,0.3418926,0.650055,0.0025927206
20023,2023-01-03,3,D2,4,D3,4,D3,False,4.868249e-06,8.501014e-06,0.006069532,0.347814,0.64365196,0.0024511216
20023,2023-01-10,3,D2,4,D3,3,D2,True,5.8117657e-06,1.0415277e-05,0.0072905514,0.36011,0.63046825,0.0021150296
20023,2023-01-17,3,D2,4,D3,3,D2,True,6.263881e-06,1.1297879e-05,0.0078629935,0.36535585,0.62480026,0.0019633258
20023,2023-01-24,3,D2,4,D3,3,D2,True,6.560826e-06,1.1788624e-05,0.008169893,0.3676569,0.62227327,0.0018816382
20023,2023-01-31,3,D2,3,D2,3,D2,True,1.5699361e-05,0.00028504088,0.14062066,0.61450666,0.244548,2.3986384e-05
20023,2023-02-07,3,D2,3,D2,3,D2,True,1.1983521e-05,0.00033990387,0.1786217,0.6326938,0.18832223,1.03547345e-05
20023,2023-02-14,3,D2,3,D2,3,D2,True,1.3098956e-05,0.0004289135,0.19806476,0.63614136,0.16534327,8.586769e-06
20023,2023-02-21,3,D2,3,D2,3,D2,True,1.14248505e-05,0.00036056724,0.18473148,0.6402546,0.17463219,9.670906e-06
20023,2023-02-28,3,D2,3,D2,3,D2,True,1.063412e-05,0.00039844774,0.19869842,0.6459509,0.15493444,7.148419e-06
20023,2023-03-07,3,D2,3,D2,3,D2,True,9.044417e-06,0.0003439511,0.18949603,0.6535617,0.15658182,7.50383e-06
20023,2023-03-14,3,D2,3,D2,3,D2,True,8.175557e-06,0.00030384923,0.17831603,0.6622566,0.15910636,9.0108415e-06
20023,2023-03-21,3,D2,3,D2,3,D2,True,6.713553e-06,0.00024002514,0.15365316,0.70179623,0.14429073,1.314742e-05
20023,2023-03-28,3,D2,3,D2,3,D2,True,6.360849e-06,0.00022149786,0.14864002,0.7135703,0.13754842,1.3480373e-05
20023,2023-04-04,3,D2,3,D2,3,D2,True,5.1398392e-06,0.00017719141,0.15780084,0.70803106,0.13397932,6.4763253e-06
20023,2023-04-11,3,D2,3,D2,3,D2,True,4.291645e-06,0.00013649953,0.15468857,0.7094109,0.13575736,2.3726811e-06
20023,2023-04-18,3,D2,3,D2,3,D2,True,3.7260543e-06,0.00011249504,0.14503054,0.7138853,0.14096607,1.8008127e-06
20023,2023-04-25,3,D2,3,D2,3,D2,True,3.1646605e-06,9.861039e-05,0.1377626,0.717066,0.14506775,1.8521606e-06
20023,2023-05-02,3,D2,3,D2,3,D2,True,2.2077013e-06,8.2360246e-05,0.12142536,0.7357451,0.14274152,3.545503e-06
20023,2023-05-09,3,D2,3,D2,3,D2,True,1.7764661e-06,7.511514e-05,0.10937622,0.7481731,0.14236802,5.8003675e-06
20023,2023-05-16,2,D1,3,D2,3,D2,False,1.57029e-06,7.152091e-05,0.10009065,0.75330496,0.1465233,8.046324e-06
20023,2023-05-23,2,D1,2,D1,2,D1,True,0.0038684322,0.32377264,0.6275446,0.044785336,2.1349253e-05,7.678764e-06
20023,2023-05-30,2,D1,2,D1,2,D1,True,0.008227789,0.3972016,0.5870933,0.0074713314,2.5676331e-06,3.4505974e-06
20023,2023-06-06,2,D1,2,D1,2,D1,True,0.0054964516,0.35856065,0.6257911,0.01014709,2.4353433e-06,2.2785612e-06
20023,2023-06-13,1,D0,2,D1,2,D1,False,0.014323655,0.46099722,0.5215281,0.003147466,1.3537643e-06,2.1521455e-06
20023,2023-06-20,1,D0,1,D0,1,D0,True,0.19462053,0.6784728,0.12689771,8.367891e-06,4.1116635e-08,5.298235e-07
20023,2023-06-27,1,D0,1,D0,1,D0,True,0.17592116,0.6944989,0.12957421,5.4160273e-06,2.4869152e-08,3.165596e-07
20023,2023-07-04,1,D0,1,D0,1,D0,True,0.1269328,0.6986352,0.17442285,8.937941e-06,2.3697352e-08,2.286789e-07
20023,2023-07-11,1,D0,1,D0,1,D0,True,0.10192146,0.6930184,0.20504677,1.3133123e-05,2.3250612e-08,1.8618015e-07
20023,2023-07-18,1,D0,1,D0,1,D0,True,0.09138926,0.6829094,0.22568467,1.643835e-05,2.1925365e-08,1.7562446e-07
20023,2023-07-25,1,D0,1,D0,1,D0,True,0.08414623,0.6726083,0.24322446,2.0868767e-05,2.0500883e-08,1.7008534e-07
20023,2023-08-01,1,D0,1,D0,1,D0,True,0.082312375,0.667249,0.2504138,2.461998e-05,2.2151132e-08,1.948775e-07
20023,2023-08-08,0,None,1,D0,1,D0,False,0.08035869,0.66268474,0.25692663,2.9656489e-05,2.5741748e-08,2.2858019e-07
20023,2023-08-15,0,None,1,D0,1,D0,False,0.37176082,0.60002244,0.028215287,1.0439716e-06,4.9680285e-08,3.4353192e-07
20023,2023-08-22,0,None,1,D0,1,D0,False,0.24732417,0.6635226,0.08914927,3.451565e-06,3.63112e-08,3.9695323e-07
20023,2023-08-29,0,None,1,D0,1,D0,False,0.23167759,0.6613985,0.10691848,4.9867654e-06,3.8981273e-08,4.6000494e-07
20023,2023-09-05,1,D0,1,D0,1,D0,True,0.22888255,0.6545277,0.11658207,6.9447656e-06,5.1531508e-08,5.954321e-07
20023,2023-09-12,0,None,1,D0,1,D0,False,0.14023225,0.647864,0.21188055,2.2456703e-05,4.9786532e-08,6.5810576e-07
20023,2023-09-19,0,None,1,D0,1,D0,False,0.15505925,0.64114285,0.2037677,2.893067e-05,9.757961e-08,1.1232773e-06
20023,2023-09-26,1,D0,1,D0,1,D0,True,0.16256766,0.63345194,0.2039423,3.5896956e-05,1.80716e-07,1.9272586e-06
20023,2023-10-03,1,D0,1,D0,1,D0,True,0.15314433,0.62777543,0.21903524,4.2362673e-05,2.2158376e-07,2.3854982e-06
20023,2023-10-10,1,D0,1,D0,1,D0,True,0.1697283,0.621156,0.20907801,3.4481815e-05,2.5853876e-07,3.023399e-06
20023,2023-10-17,1,D0,1,D0,1,D0,True,0.09135032,0.63657695,0.27196512,0.000105525265,2.3750349e-07,1.8287549e-06
20023,2023-10-24,1,D0,1,D0,1,D0,True,0.110625826,0.63093007,0.25832987,0.00011074624,3.615715e-07,3.1857876e-06
20023,2023-10-31,1,D0,1,D0,1,D0,True,0.07810994,0.6217899,0.29978633,0.00030949403,5.932147e-07,3.7885604e-06
20023,2023-11-07,1,D0,1,D0,1,D0,True,0.09443251,0.6245068,0.28075132,0.00030334824,7.1578603e-07,5.2888263e-06
20023,2023-11-14,2,D1,1,D0,1,D0,False,0.09896327,0.6268316,0.273914,0.00028485685,7.077946e-07,5.545044e-06
20023,2023-11-21,2,D1,1,D0,1,D0,False,0.030428633,0.51964986,0.44317934,0.006724659,7.3681495e-06,1.0082291e-05
20023,2023-11-28,2,D1,1,D0,1,D0,False,0.02473288,0.48950192,0.47334695,0.012397632,9.570843e-06,1.0944577e-05
20023,2023-12-05,1,D0,1,D0,1,D0,True,0.03542657,0.51575744,0.4400911,0.008703348,8.881279e-06,1.2665349e-05
20023,2023-12-12,1,D0,1,D0,1,D0,True,0.0535837,0.5523247,0.38969246,0.0043804185,6.2861122e-06,1.2470015e-05
20023,2023-12-19,1,D0,1,D0,1,D0,True,0.064783596,0.5721473,0.36016855,0.0028836122,5.0882313e-06,1.1776362e-05
20023,2023-12-26,1,D0,1,D0,1,D0,True,0.06826607,0.5834794,0.3459621,0.002276957,4.512536e-06,1.095393e-05
20023,2024-01-02,1,D0,1,D0,1,D0,True,0.07232264,0.59694153,0.32906985,0.0016518881,3.8414596e-06,1.023322e-05
20023,2024-01-09,1,D0,1,D0,1,D0,True,0.06996074,0.60129863,0.32716733,0.0015586069,4.055602e-06,1.0634664e-05
20023,2024-01-16,1,D0,1,D0,1,D0,True,0.06571261,0.5965875,0.33589444,0.0017875312,5.0640956e-06,1.2931759e-05
20023,2024-01-23,1,D0,1,D0,1,D0,True,0.051790632,0.5791014,0.36642954,0.0026481778,9.283496e-06,2.0986665e-05
20023,2024-01-30,1,D0,1,D0,1,D0,True,0.25623903,0.64884084,0.09491042,7.2780294e-06,1.4102382e-07,2.318999e-06
20023,2024-02-06,1,D0,1,D0,1,D0,True,0.23854281,0.6769934,0.08445954,3.0424646e-06,6.3115024e-08,1.0895448e-06
20023,2024-02-13,0,None,1,D0,1,D0,False,0.21723823,0.68464595,0.09811211,2.8994525e-06,4.608576e-08,7.5875437e-07
20023,2024-02-20,0,None,0,None,0,None,True,0.574908,0.42423457,0.000856869,5.1785406e-08,5.772948e-08,3.820403e-07
20023,2024-02-27,0,None,0,None,0,None,True,0.53193045,0.46584758,0.0022203517,3.152969e-07,1.619478e-07,1.1796045e-06
20023,2024-03-05,0,None,0,None,0,None,True,0.5070824,0.48811004,0.004803254,1.0614705e-06,4.41949e-07,2.8539453e-06
20023,2024-03-12,0,None,0,None,0,None,True,0.51132166,0.48236394,0.0063085984,2.0041857e-06,8.078621e-07,3.0850022e-06
20023,2024-03-19,0,None,0,None,0,None,True,0.5568433,0.43909943,0.0040519573,2.1957283e-06,1.139683e-06,1.9705237e-06
20023,2024-03-26,0,None,0,None,0,None,True,0.56588686,0.4292684,0.004835866,4.0970813e-06,2.0068378e-06,2.7837725e-06
20023,2024-04-02,0,None,0,None,0,None,True,0.57845604,0.4163847,0.005145976,6.192645e-06,3.2343014e-06,3.840432e-06
20023,2024-04-09,0,None,0,None,0,None,True,0.5948773,0.39953396,0.0055708108,8.017152e-06,5.025462e-06,4.9333867e-06
20023,2024-04-16,1,D0,0,None,0,None,False,0.6008845,0.39189076,0.0071987514,1.21542835e-05,7.5800967e-06,6.200257e-06
20023,2024-04-23,1,D0,1,D0,1,D0,True,0.10014949,0.56490904,0.33463717,0.000297356,3.1773543e-06,3.727695e-06
20023,2024-04-30,1,D0,1,D0,1,D0,True,0.11410012,0.53305185,0.35229468,0.0005331543,1.2396515e-05,7.733194e-06
20023,2024-05-07,1,D0,1,D0,1,D0,True,0.12374978,0.52514607,0.35075042,0.0003488524,3.3845413e-06,1.4684425e-06
20023,2024-05-14,1,D0,1,D0,1,D0,True,0.11287657,0.5687142,0.31817552,0.00023228729,9.737687e-07,5.626998e-07
20023,2024-05-21,1,D0,1,D0,1,D0,True,0.11098201,0.6056168,0.2832517,0.00014871845,3.570911e-07,3.3336963e-07
20023,2024-05-28,1,D0,2,D1,2,D1,False,0.022927575,0.4702939,0.501966,0.004806731,5.3501835e-06,3.8789844e-07
20023,2024-06-04,0,None,2,D1,2,D1,False,0.017546056,0.401184,0.5653745,0.015881378,1.2930367e-05,1.1991712e-06
20023,2024-06-11,0,None,0,None,0,None,True,0.51397485,0.4763049,0.009706403,9.152909e-06,1.9428976e-06,2.7501342e-06
20023,2024-06-18,0,None,0,None,0,None,True,0.5747163,0.42229474,0.002980735,4.50442e-06,1.6418865e-06,2.0243463e-06
20023,2024-06-25,0,None,0,None,0,None,True,0.52751786,0.46640918,0.0060571507,9.817482e-06,1.7249841e-06,4.262225e-06
20023,2024-07-02,0,None,0,None,0,None,True,0.50897914,0.48231247,0.00868308,1.5031639e-05,2.3303949e-06,8.048151e-06
20023,2024-07-09,0,None,0,None,0,None,True,0.50336856,0.48661134,0.0099837445,1.9179686e-05,3.2323303e-06,1.3955341e-05
20023,2024-07-16,1,D0,0,None,0,None,False,0.50220364,0.48783666,0.009915096,1.9509995e-05,3.8326334e-06,2.121936e-05
20023,2024-07-23,1,D0,1,D0,1,D0,True,0.07502613,0.5968314,0.32735988,0.00077581586,1.663776e-06,5.1718944e-06
20023,2024-07-30,1,D0,1,D0,1,D0,True,0.1328432,0.588065,0.27857992,0.0004960996,2.6789403e-06,1.3031715e-05
20023,2024-08-06,1,D0,1,D0,1,D0,True,0.15664089,0.6002904,0.24283068,0.00022786223,1.4850062e-06,8.670811e-06
20023,2024-08-13,1,D0,1,D0,1,D0,True,0.1367656,0.63051915,0.23254755,0.00016102128,1.0373763e-06,5.6066237e-06
20023,2024-08-20,1,D0,1,D0,1,D0,True,0.108282804,0.6667004,0.2248894,0.00012270463,8.3958344e-07,3.8131595e-06
20023,2024-08-27,1,D0,1,D0,1,D0,True,0.103577554,0.68336093,0.21298063,7.755443e-05,6.03077e-07,2.7759488e-06
20023,2024-09-03,1,D0,1,D0,1,D0,True,0.08242874,0.69554394,0.22195268,7.2453106e-05,4.713175e-07,1.690706e-06
20023,2024-09-10,1,D0,1,D0,1,D0,True,0.058257442,0.7009582,0.24069363,8.936112e-05,4.0168e-07,9.844772e-07
20023,2024-09-17,1,D0,1,D0,1,D0,True,0.050796267,0.7027733,0.2463401,8.9322755e-05,3.616535e-07,7.390236e-07
20023,2024-09-24,1,D0,1,D0,1,D0,True,0.04546875,0.70108163,0.25335667,9.2003334e-05,3.414043e-07,5.7144854e-07
20023,2024-10-01,1,D0,1,D0,1,D0,True,0.03759329,0.67690486,0.28532505,0.0001755009,6.1474265e-07,6.5329453e-07
20023,2024-10-08,1,D0,1,D0,1,D0,True,0.038882542,0.66411436,0.29680514,0.0001966083,6.9444155e-07,6.886498e-07
20023,2024-10-15,2,D1,1,D0,1,D0,False,0.039673228,0.65684897,0.30327132,0.00020532217,6.446242e-07,5.484645e-07
20023,2024-10-22,2,D1,2,D1,2,D1,True,0.0003371883,0.13787343,0.7575044,0.10424418,4.083484e-05,3.1319328e-08
20023,2024-10-29,2,D1,2,D1,2,D1,True,0.0002563801,0.12938608,0.7624673,0.107857905,3.2254397e-05,2.4357192e-08
20023,2024-11-05,2,D1,2,D1,2,D1,True,0.0002968507,0.10282826,0.735541,0.16115709,0.00017672699,6.195425e-08
20023,2024-11-12,1,D0,2,D1,2,D1,False,0.0008026691,0.13185365,0.7120274,0.1550631,0.0002530528,1.8030445e-07
20023,2024-11-19,1,D0,1,D0,1,D0,True,0.3801629,0.5762103,0.043623388,3.3106e-06,3.449397e-08,3.7850118e-08
20023,2024-11-26,1,D0,1,D0,1,D0,True,0.41316852,0.5729937,0.013837359,4.800593e-07,9.258161e-09,1.20677806e-08
20023,2024-12-03,1,D0,1,D0,1,D0,True,0.30212748,0.65237474,0.045495972,1.7123223e-06,1.0124779e-08,2.2650124e-08
20023,2024-12-10,1,D0,1,D0,1,D0,True,0.23255016,0.6705385,0.09690684,4.5091356e-06,1.4450503e-08,3.0685566e-08
20023,2024-12-17,1,D0,1,D0,1,D0,True,0.18804176,0.67556924,0.13638064,8.403197e-06,1.7609572e-08,3.057409e-08
20023,2024-12-24,1,D0,1,D0,1,D0,True,0.1810129,0.66472375,0.15425038,1.2914762e-05,2.18649e-08,4.5008534e-08
20023,2024-12-31,1,D0,1,D0,1,D0,True,0.19518621,0.6481528,0.1566414,1.9355057e-05,4.028836e-08,1.3997982e-07
20023,2025-01-07,1,D0,1,D0,1,D0,True,0.19306153,0.62817276,0.17873739,2.788909e-05,6.759536e-08,3.440707e-07
20023,2025-01-14,1,D0,1,D0,1,D0,True,0.1920093,0.6193415,0.188612,3.634745e-05,1.13961306e-07,8.2241655e-07
20023,2025-01-21,1,D0,1,D0,1,D0,True,0.20334396,0.6056252,0.19098689,4.2024185e-05,1.8595587e-07,1.7656855e-06
20023,2025-01-28,1,D0,1,D0,1,D0,True,0.222571,0.58858347,0.18879792,4.5285702e-05,2.2755948e-07,2.116302e-06
20023,2025-02-04,1,D0,1,D0,1,D0,True,0.23041011,0.58213294,0.18740954,4.4848042e-05,2.54924e-07,2.326245e-06
20023,2025-02-11,1,D0,1,D0,1,D0,True,0.23012598,0.5825353,0.18729399,4.22614e-05,2.5331352e-07,2.162683e-06
20023,2025-02-18,1,D0,1,D0,1,D0,True,0.2300502,0.59099054,0.17891698,4.0126935e-05,2.2115081e-07,1.8923942e-06
20023,2025-02-25,1,D0,1,D0,1,D0,True,0.25053295,0.6056937,0.14373969,3.1514322e-05,2.2078207e-07,2.0086154e-06
20023,2025-03-04,1,D0,1,D0,1,D0,True,0.29439923,0.6134768,0.09210011,2.1210915e-05,2.4020792e-07,2.39496e-06
20023,2025-03-11,0,None,1,D0,1,D0,False,0.27829963,0.62612885,0.09554483,2.4319697e-05,2.1281372e-07,2.1499943e-06
20023,2025-03-18,0,None,0,None,0,None,True,0.6457738,0.35413405,9.1836366e-05,9.4069755e-08,9.3043965e-08,1.1246862e-07
20023,2025-03-25,0,None,0,None,0,None,True,0.65796113,0.34191588,0.0001224428,2.4842663e-07,2.3483135e-07,1.6841544e-07
20023,2025-04-01,0,None,0,None,0,None,True,0.65424776,0.34551445,0.00023598978,6.8773863e-07,6.3681114e-07,4.5056015e-07
20023,2025-04-08,0,None,0,None,0,None,True,0.6564823,0.3431934,0.00032088062,1.2756325e-06,1.3005936e-06,7.76657e-07
20023,2025-04-15,0,None,0,None,0,None,True,0.68001163,0.31977347,0.00021154409,1.2154791e-06,1.5151728e-06,5.6537044e-07
20023,2025-04-22,0,None,0,None,0,None,True,0.6745407,0.32527405,0.0001817666,1.2806844e-06,1.5753077e-06,6.6643906e-07
20023,2025-04-29,0,None,0,None,0,None,True,0.6628608,0.33697778,0.00015836189,1.0842539e-06,1.2873957e-06,7.836573e-07
20023,2025-05-06,1,D0,0,None,0,None,False,0.6530594,0.34679607,0.0001417168,8.874942e-07,1.0613885e-06,8.9586354e-07
20023,2025-05-13,1,D0,1,D0,1,D0,True,0.116096385,0.62854624,0.25513396,0.00022084561,4.4261216e-07,2.276868e-06
20023,2025-05-20,1,D0,1,D0,1,D0,True,0.15509023,0.56638265,0.27798215,0.0005300007,3.3585184e-06,1.1603758e-05
20023,2025-05-27,1,D0,1,D0,1,D0,True,0.2092951,0.5779069,0.2126548,0.00013361422,1.2108704e-06,8.47111e-06
20023,2025-06-03,1,D0,1,D0,1,D0,True,0.19938871,0.6283493,0.17220198,5.6405283e-05,4.4542998e-07,3.205151e-06
20023,2025-06-10,1,D0,1,D0,1,D0,True,0.18175781,0.6538541,0.16434865,3.733116e-05,2.4047455e-07,1.8440435e-06
20023,2025-06-17,1,D0,1,D0,1,D0,True,0.15801138,0.6702206,0.17173491,3.1596843e-05,1.712641e-07,1.3349243e-06
20023,2025-06-24,1,D0,1,D0,1,D0,True,0.13626657,0.68077093,0.18293236,2.8947858e-05,1.3392547e-07,9.879149e-07
20023,2025-07-01,1,D0,1,D0,1,D0,True,0.1142626,0.69369227,0.19201675,2.748979e-05,1.2013695e-07,7.944941e-07
20023,2025-07-08,1,D0,1,D0,1,D0,True,0.09674158,0.707597,0.19563322,2.7268588e-05,1.2567037e-07,7.39163e-07
20023,2025-07-15,1,D0,1,D0,1,D0,True,0.08673148,0.70130455,0.21193089,3.1938594e-05,1.6972459e-07,9.716435e-07
20023,2025-07-22,1,D0,1,D0,1,D0,True,0.088469476,0.70313364,0.20836687,2.8765215e-05,1.8078002e-07,1.0496631e-06
20023,2025-07-29,1,D0,1,D0,1,D0,True,0.08192673,0.71038795,0.20765665,2.7708355e-05,1.6439076e-07,8.849077e-07
20023,2025-08-05,1,D0,1,D0,1,D0,True,0.1323427,0.72327393,0.14436743,1.4338309e-05,2.0136157e-07,1.3674932e-06
20023,2025-08-12,0,None,1,D0,1,D0,False,0.15007332,0.7315263,0.11838776,1.1106607e-05,1.8722237e-07,1.3829139e-06
20023,2025-08-19,0,None,0,None,0,None,True,0.6822392,0.31766182,9.8823046e-05,5.6265247e-08,9.965204e-08,3.9081883e-08
20023,2025-08-26,0,None,0,None,0,None,True,0.6874624,0.31241003,0.00012706658,1.5575166e-07,2.5238836e-07,6.7990065e-08
20023,2025-09-02,0,None,0,None,0,None,True,0.6895917,0.31023487,0.00017244255,3.2786022e-07,4.971041e-07,1.050558e-07
20023,2025-09-09,0,None,0,None,0,None,True,0.6854027,0.3143752,0.00022044446,6.3386295e-07,8.7939236e-07,1.4859486e-07
20023,2025-09-16,0,None,0,None,0,None,True,0.6807233,0.31903505,0.00023923349,9.4859695e-07,1.2238268e-06,1.8241094e-07
20023,2025-09-23,0,None,0,None,0,None,True,0.6840957,0.31563768,0.00026352602,1.3435852e-06,1.6560539e-06,1.937193e-07
20023,2025-09-30,0,None,0,None,0,None,True,0.69134146,0.30836278,0.0002916758,1.7906568e-06,2.1558405e-06,1.8614104e-07
20023,2025-10-07,0,None,0,None,0,None,True,0.69884235,0.30085164,0.00030101437,2.2392442e-06,2.575922e-06,1.6592074e-07
20023,2025-10-14,0,None,0,None,0,None,True,0.71305025,0.2866107,0.00033262296,3.2371331e-06,3.1110815e-06,1.1957735e-07
20023,2025-10-21,0,None,0,None,0,None,True,0.7183641,0.2813243,0.0003052347,3.2905648e-06,2.9560583e-06,1.0325896e-07
20023,2025-10-28,0,None,0,None,0,None,True,0.71587896,0.28391758,0.00019934664,2.0143239e-06,1.932834e-06,1.1397052e-07
20023,2025-11-04,0,None,0,None,0,None,True,0.70560086,0.29424366,0.00015210874,1.4996502e-06,1.6464517e-06,1.6067303e-07
20023,2025-11-11,0,None,0,None,0,None,True,0.6781395,0.32172862,0.00012924836,1.1054681e-06,1.2755571e-06,1.9895134e-07
20023,2025-11-18,0,None,0,None,0,None,True,0.67229223,0.3275608,0.00014437662,1.2031455e-06,1.1905627e-06,1.9207286e-07
20023,2025-11-25,0,None,0,None,0,None,True,0.67498326,0.3248564,0.00015751603,1.3832436e-06,1.3067556e-06,1.773e-07
20023,2025-12-02,0,None,0,None,0,None,True,0.6780889,0.32174084,0.0001672014,1.5119235e-06,1.3835438e-06,1.6020158e-07
20023,2025-12-09,0,None,0,None,0,None,True,0.68108034,0.31874517,0.0001714067,1.5455855e-06,1.3786871e-06,1.3905759e-07
20023,2025-12-16,0,None,0,None,0,None,True,0.6841684,0.31566295,0.00016584918,1.4560609e-06,1.2578154e-06,1.1931418e-07
20023,2025-12-23,0,None,0,None,0,None,True,0.68641925,0.3134349,0.00014325316,1.3316003e-06,1.139054e-06,1.2828383e-07
20023,2025-12-30,0,None,0,None,0,None,True,0.6906919,0.30917308,0.00013223125,1.4139014e-06,1.1436175e-06,1.4946305e-07
20025,2022-01-04,2,D1,2,D1,2,D1,True,0.0001418596,0.00838319,0.49186614,0.46790624,0.03168568,1.691722e-05
20025,2022-01-11,2,D1,3,D2,3,D2,False,3.665861e-05,0.00040599084,0.18523969,0.57077605,0.24324591,0.00029566826
20025,2022-01-18,2,D1,3,D2,3,D2,False,0.00011757776,0.0008333661,0.15002806,0.54793483,0.299089,0.0019972585
20025,2022-01-25,2,D1,3,D2,3,D2,False,0.00017728913,0.0009532282,0.12703596,0.526666,0.338774,0.00639352
20025,2022-02-01,4,D3,3,D2,3,D2,False,0.000120447425,0.0003695874,0.0675448,0.47590685,0.43184853,0.024209775
20025,2022-02-08,4,D3,4,D3,3,D2,False,3.5409834e-05,5.12813e-05,0.011352602,0.3556643,0.51968694,0.113209404
20025,2022-02-15,3,D2,4,D3,3,D2,True,0.00012757364,0.00019338807,0.01679733,0.33524764,0.4769526,0.17068145
20025,2022-02-22,3,D2,4,D3,3,D2,True,0.00011136294,0.00015536434,0.012738686,0.32576793,0.48251972,0.17870693
20025,2022-03-01,3,D2,4,D3,3,D2,True,0.0002022742,0.00033777152,0.021485377,0.35303026,0.47382283,0.15112148
20025,2022-03-08,3,D2,4,D3,3,D2,True,0.00020404412,0.00034348966,0.021730518,0.3549586,0.4879522,0.13481115
20025,2022-03-15,3,D2,4,D3,3,D2,True,0.00018902728,0.00032937058,0.02295969,0.36856404,0.5066795,0.10127833
20025,2022-03-22,3,D2,4,D3,3,D2,True,0.00016635763,0.00029503595,0.024413958,0.38703707,0.520443,0.0676446
20025,2022-03-29,3,D2,3,D2,3,D2,True,5.498703e-05,0.0006999537,0.18312421,0.5415055,0.2745014,0.00011394957
20025,2022-04-05,3,D2,3,D2,3,D2,True,1.8354738e-05,0.0003475388,0.17783897,0.5644898,0.25727564,2.971357e-05
20025,2022-04-12,3,D2,3,D2,3,D2,True,1.578056e-05,0.00033237212,0.19175133,0.5715775,0.23630273,2.0312693e-05
20025,2022-04-19,3,D2,3,D2,3,D2,True,1.3630453e-05,0.00025674712,0.1881083,0.58084625,0.23075531,1.9742665e-05
20025,2022-04-26,4,D3,4,D3,3,D2,False,1.7437094e-05,2.0320094e-05,0.016317584,0.46167108,0.517669,0.0043044565
20025,2022-05-03,4,D3,4,D3,4,D3,True,1.8567718e-05,1.13217e-05,0.0009845651,0.14557177,0.58410245,0.2693114
20025,2022-05-10,4,D3,4,D3,4,D3,True,2.8621675e-05,2.0369045e-05,0.0011603286,0.13282901,0.5195945,0.34636718
20025,2022-05-17,4,D3,4,D3,4,D3,True,2.6434802e-05,2.1045456e-05,0.0010054115,0.13089237,0.49530253,0.37275225
20025,2022-05-24,4,D3,4,D3,4,D3,True,3.04491e-05,2.7021648e-05,0.0009950706,0.14297855,0.48820445,0.3677645
20025,2022-05-31,4,D3,4,D3,4,D3,True,2.8342538e-05,3.264406e-05,0.0011865622,0.17865384,0.49986616,0.32023233
20025,2022-06-07,4,D3,4,D3,4,D3,True,3.1573378e-05,4.1864765e-05,0.0014710737,0.1890889,0.5223333,0.2870333
20025,2022-06-14,4,D3,4,D3,4,D3,True,3.5237095e-05,5.2594227e-05,0.0016820565,0.19504422,0.53842086,0.264765
20025,2022-06-21,4,D3,4,D3,4,D3,True,4.0243583e-05,6.6445056e-05,0.0019304737,0.19628169,0.5599602,0.24172094
20025,2022-06-28,4,D3,4,D3,4,D3,True,4.5350116e-05,8.248672e-05,0.0023143364,0.19417652,0.5821466,0.22123478
20025,2022-07-05,4,D3,4,D3,4,D3,True,4.8368933e-05,9.08505e-05,0.002792236,0.18365256,0.6040912,0.20932467
20025,2022-07-12,4,D3,4,D3,4,D3,True,5.7701065e-05,8.028613e-05,0.002837878,0.14389858,0.64595574,0.2071698
20025,2022-07-19,4,D3,4,D3,4,D3,True,5.5455883e-05,7.666096e-05,0.0027796659,0.13124073,0.70093983,0.16490763
20025,2022-07-26,4,D3,4,D3,4,D3,True,4.751607e-05,6.635575e-05,0.002695655,0.12460257,0.750921,0.12166686
20025,2022-08-02,4,D3,4,D3,4,D3,True,4.2947388e-05,5.6930727e-05,0.0026596643,0.11599321,0.7872071,0.09404012
20025,2022-08-09,4,D3,4,D3,4,D3,True,5.1455045e-05,5.9539034e-05,0.0041841995,0.14745389,0.804315,0.04393593
20025,2022-08-16,4,D3,4,D3,4,D3,True,3.471435e-05,3.802795e-05,0.0005817333,0.02613121,0.5681619,0.40505233
20025,2022-08-23,4,D3,4,D3,5,D4,False,2.2674474e-05,2.4052335e-05,0.00027469138,0.014336108,0.49294433,0.4923981
20025,2022-08-30,4,D3,4,D3,5,D4,False,2.8631686e-05,2.8035194e-05,0.00039839838,0.017214138,0.52012485,0.46220598
20025,2022-09-06,4,D3,4,D3,4,D3,True,2.3641169e-05,2.6048727e-05,0.000627921,0.029791351,0.65499735,0.31453365
20025,2022-09-13,5,D4,4,D3,4,D3,False,2.6337733e-05,3.1968077e-05,0.0009825005,0.044121303,0.7334362,0.22140166
20025,2022-09-20,5,D4,5,D4,5,D4,True,1.5714157e-05,3.1424013e-05,0.0002332011,0.005354239,0.3462932,0.6480722
20025,2022-09-27,5,D4,5,D4,5,D4,True,1.3844086e-05,2.9021197e-05,0.00020923043,0.004534967,0.32283875,0.67237425
20025,2022-10-04,5,D4,5,D4,5,D4,True,1.7645274e-05,3.5572713e-05,0.00026162885,0.0053123757,0.33292434,0.6614484
20025,2022-10-11,5,D4,5,D4,5,D4,True,1.7895483e-05,3.1562155e-05,0.0002713775,0.0062601008,0.35339326,0.6400258
20025,2022-10-18,5,D4,5,D4,5,D4,True,6.781172e-06,1.5684529e-05,0.00012724713,0.0026232146,0.30328855,0.69393855
20025,2022-10-25,5,D4,5,D4,5,D4,True,4.1013486e-06,9.210932e-06,9.1105314e-05,0.0025806834,0.2961471,0.70116776
20025,2022-11-01,5,D4,5,D4,5,D4,True,5.856803e-07,1.79363e-06,2.2157745e-05,0.0012603743,0.23027197,0.76844305
20025,2022-11-08,5,D4,5,D4,5,D4,True,3.547233e-07,1.0629838e-06,1.3831808e-05,0.0010761541,0.22885226,0.77005637
20025,2022-11-15,5,D4,5,D4,5,D4,True,3.810378e-07,1.0613627e-06,1.3637636e-05,0.0011455406,0.24053541,0.75830406
20025,2022-11-22,5,D4,5,D4,5,D4,True,2.4933226e-07,6.818975e-07,9.790472e-06,0.0009875664,0.25074756,0.7482541
20025,2022-11-29,5,D4,5,D4,5,D4,True,1.5066755e-07,4.348988e-07,7.339751e-06,0.00085603993,0.2438637,0.75527227
20025,2022-12-06,5,D4,5,D4,5,D4,True,4.193916e-08,1.3876819e-07,2.9253306e-06,0.0005626877,0.18496287,0.8144714
20025,2022-12-13,5,D4,5,D4,5,D4,True,1.960205e-08,6.116281e-08,1.6613468e-06,0.00047874745,0.19007517,0.8094443
20025,2022-12-20,5,D4,5,D4,5,D4,True,1.4475122e-08,4.318573e-08,1.3974314e-06,0.00043940797,0.19211562,0.80744356
20025,2022-12-27,5,D4,5,D4,5,D4,True,1.6699007e-08,4.535072e-08,1.5022034e-06,0.00046997052,0.19974416,0.79978436
20025,2023-01-03,5,D4,5,D4,5,D4,True,2.6021082e-08,6.695529e-08,1.9234913e-06,0.000596702,0.21193966,0.7874616
20025,2023-01-10,5,D4,5,D4,5,D4,True,3.2142633e-08,8.175753e-08,2.2880592e-06,0.0006491591,0.21141876,0.78792965
20025,2023-01-17,5,D4,5,D4,5,D4,True,3.644189e-08,9.2282555e-08,2.5602026e-06,0.00067417946,0.2073029,0.7920202
20025,2023-01-24,5,D4,5,D4,5,D4,True,4.3502467e-08,1.08388534e-07,2.8954557e-06,0.00069910137,0.20131874,0.7979791
20025,2023-01-31,5,D4,5,D4,5,D4,True,5.0685355e-08,1.264691e-07,3.210066e-06,0.00070082204,0.19256882,0.8067271
20025,2023-02-07,5,D4,5,D4,5,D4,True,5.3123713e-08,1.3252595e-07,3.2817932e-06,0.0006907873,0.19308259,0.8062232
20025,2023-02-14,5,D4,5,D4,5,D4,True,4.928978e-08,1.223323e-07,3.075013e-06,0.00064801786,0.19556172,0.80378705
20025,2023-02-21,5,D4,5,D4,5,D4,True,4.3686036e-08,1.08498725e-07,2.8083243e-06,0.00060304446,0.19895506,0.80043894
20025,2023-02-28,5,D4,5,D4,5,D4,True,3.9257174e-08,9.854534e-08,2.6333357e-06,0.0005815657,0.19653851,0.8028772
20025,2023-03-07,5,D4,5,D4,5,D4,True,3.401252e-08,8.596699e-08,2.4072601e-06,0.00056109,0.19352254,0.8059138
20025,2023-03-14,5,D4,5,D4,5,D4,True,2.613045e-08,6.360989e-08,1.9399458e-06,0.00051337096,0.19709487,0.8023897
20025,2023-03-21,5,D4,5,D4,5,D4,True,1.8613028e-08,4.3176573e-08,1.5328732e-06,0.00045719693,0.21885158,0.7806896
20025,2023-03-28,5,D4,5,D4,5,D4,True,1.883653e-08,4.384071e-08,1.6065557e-06,0.00045615592,0.22102787,0.7785143
20025,2023-04-04,5,D4,5,D4,5,D4,True,2.3878963e-08,5.7213747e-08,1.981846e-06,0.00047469113,0.20725305,0.7922702
20025,2023-04-11,5,D4,5,D4,5,D4,True,3.664099e-08,9.2684154e-08,2.9415087e-06,0.0005496668,0.19085544,0.8085919
20025,2023-04-18,5,D4,5,D4,5,D4,True,8.5209315e-08,2.3860787e-07,6.04774e-06,0.0008057416,0.15083778,0.84835017
20025,2023-04-25,5,D4,5,D4,5,D4,True,1.5791926e-07,4.7549284e-07,9.878933e-06,0.0010441853,0.11808439,0.88086087
20025,2023-05-02,5,D4,5,D4,5,D4,True,1.7994124e-07,5.428882e-07,1.1067542e-05,0.0011198288,0.11176399,0.88710445
20025,2023-05-09,5,D4,5,D4,5,D4,True,1.5643299e-06,3.1069735e-06,6.3382045e-05,0.00440761,0.16555205,0.8299724
20025,2023-05-16,5,D4,5,D4,5,D4,True,2.2642828e-06,3.6636611e-06,9.1484246e-05,0.007404813,0.21910349,0.7733943
20025,2023-05-23,4,D3,5,D4,5,D4,False,1.4625494e-06,2.5579834e-06,5.5000593e-05,0.0049666488,0.20050855,0.7944657
20025,2023-05-30,4,D3,4,D3,4,D3,True,3.782153e-06,3.5648661e-06,0.000462047,0.07271369,0.58235216,0.34446472
20025,2023-06-06,3,D2,4,D3,4,D3,False,5.7010243e-06,5.2658615e-06,0.00057559833,0.082164794,0.60170597,0.31554267
20025,2023-06-13,3,D2,4,D3,3,D2,True,7.654691e-06,5.972213e-06,0.0063894712,0.4043701,0.5862425,0.0029843173
20025,2023-06-20,3,D2,4,D3,3,D2,True,5.9814065e-06,7.655042e-06,0.010898235,0.48835844,0.50007683,0.00065287005
20025,2023-06-27,3,D2,3,D2,3,D2,True,3.044764e-05,0.00021549543,0.10980814,0.64915955,0.24075615,3.0185209e-05
20025,2023-07-04,3,D2,3,D2,3,D2,True,2.0037987e-05,0.00021215914,0.13095169,0.689474,0.17933348,8.6879445e-06
20025,2023-07-11,3,D2,3,D2,3,D2,True,1.3515939e-05,0.00017446486,0.13657105,0.70714533,0.15609092,4.6772507e-06
20025,2023-07-18,3,D2,3,D2,3,D2,True,0.00023075244,0.0081174765,0.39269856,0.5756299,0.023318853,4.4377816e-06
20025,2023-07-25,2,D1,3,D2,3,D2,False,0.00015779362,0.0054495567,0.36329094,0.6006371,0.030459907,4.6894975e-06
20025,2023-08-01,2,D1,1,D0,1,D0,False,0.09590474,0.51680404,0.3857743,0.0015132914,3.8218977e-07,3.2018945e-06
20025,2023-08-08,1,D0,1,D0,1,D0,True,0.09775674,0.49622476,0.4028189,0.003192526,1.1580418e-06,6.0262355e-06
20025,2023-08-15,1,D0,1,D0,1,D0,True,0.15674557,0.5845837,0.258201,0.00046664287,3.492713e-07,2.7794852e-06
20025,2023-08-22,1,D0,1,D0,1,D0,True,0.16532934,0.57999396,0.25406238,0.00061029725,5.7741755e-07,3.4232976e-06
20025,2023-08-29,1,D0,1,D0,1,D0,True,0.15465248,0.55124325,0.29261535,0.00148213,1.3434761e-06,5.5318305e-06
20025,2023-09-05,2,D1,1,D0,1,D0,False,0.14524491,0.52740955,0.32443208,0.0029026368,2.6149519e-06,8.267557e-06
20025,2023-09-12,2,D1,2,D1,2,D1,True,0.016097039,0.28456855,0.5973779,0.10192257,2.7075226e-05,6.867281e-06
20025,2023-09-19,1,D0,2,D1,2,D1,False,0.013290915,0.2619947,0.60082906,0.12385008,2.7890455e-05,7.360117e-06
20025,2023-09-26,1,D0,1,D0,1,D0,True,0.3737565,0.5865252,0.039708417,8.816082e-06,7.6543664e-08,9.475884e-07
20025,2023-10-03,1,D0,1,D0,1,D0,True,0.3921605,0.57725745,0.030576538,4.4914404e-06,9.4771195e-08,9.1594745e-07
20025,2023-10-10,1,D0,1,D0,1,D0,True,0.32007733,0.60801613,0.071890235,1.4689284e-05,1.3646527e-07,1.3497981e-06
20025,2023-10-17,1,D0,1,D0,1,D0,True,0.2821484,0.5998962,0.11791578,3.708167e-05,2.6140646e-07,2.2602844e-06
20025,2023-10-24,1,D0,1,D0,1,D0,True,0.18453138,0.58144397,0.23385566,0.0001663178,4.242736e-07,2.242413e-06
20025,2023-10-31,1,D0,1,D0,1,D0,True,0.18340519,0.57913446,0.23726547,0.00019123607,5.9249624e-07,3.0629312e-06
20025,2023-11-07,1,D0,1,D0,1,D0,True,0.18113294,0.58096576,0.23770756,0.00018983122,6.2050117e-07,3.353429e-06
20025,2023-11-14,2,D1,1,D0,1,D0,False,0.15786086,0.5800173,0.26186186,0.00025589828,6.3927297e-07,3.3559975e-06
20025,2023-11-21,2,D1,2,D1,2,D1,True,0.03287413,0.4029681,0.51342076,0.050660294,5.401955e-05,2.2737477e-05
20025,2023-11-28,2,D1,2,D1,2,D1,True,0.015242509,0.31023124,0.5616456,0.11280869,5.2454026e-05,1.953001e-05
20025,2023-12-05,2,D1,2,D1,2,D1,True,0.025861675,0.33631358,0.529345,0.10836492,7.691037e-05,3.794667e-05
20025,2023-12-12,2,D1,2,D1,2,D1,True,0.045343485,0.37232006,0.49479413,0.08738486,9.7299664e-05,6.0153616e-05
20025,2023-12-19,1,D0,2,D1,2,D1,False,0.064910896,0.39975172,0.47265452,0.06252832,8.9702444e-05,6.490415e-05
20025,2023-12-26,1,D0,1,D0,1,D0,True,0.2908986,0.603213,0.10584615,3.9102513e-05,2.4497348e-07,2.9184262e-06
20025,2024-01-02,1,D0,1,D0,1,D0,True,0.2805657,0.6281999,0.09121844,1.4553102e-05,1.1269685e-07,1.3618014e-06
20025,2024-01-09,0,None,1,D0,1,D0,False,0.24186485,0.62277603,0.13533187,2.5825942e-05,1.1641906e-07,1.3162394e-06
20025,2024-01-16,0,None,0,None,0,None,True,0.6739514,0.325752,0.00029602688,2.5402377e-07,1.5516098e-07,1.6055554e-07
20025,2024-01-23,0,None,0,None,0,None,True,0.66882557,0.33078337,0.00038913198,1.008875e-06,5.3618305e-07,3.2867868e-07
20025,2024-01-30,0,None,0,None,0,None,True,0.67284924,0.3266871,0.00045926333,2.3873372e-06,1.3923448e-06,6.1286227e-07
20025,2024-02-06,0,None,0,None,0,None,True,0.66045606,0.33883315,0.0006986921,6.2478525e-06,3.943821e-06,1.937236e-06
20025,2024-02-13,0,None,0,None,0,None,True,0.64874023,0.35042682,0.0008120994,1.0262485e-05,6.7292626e-06,3.873991e-06
20025,2024-02-20,0,None,0,None,0,None,True,0.64051986,0.35871667,0.0007390654,1.13845135e-05,7.6838e-06,5.3079866e-06
20025,2024-02-27,0,None,0,None,0,None,True,0.6383148,0.36102825,0.0006351659,9.7108805e-06,6.5380573e-06,5.5307078e-06
20025,2024-03-05,0,None,0,None,0,None,True,0.6374706,0.3619621,0.0005501642,7.317539e-06,4.8290804e-06,4.932071e-06
20025,2024-03-12,0,None,0,None,0,None,True,0.6370194,0.36246857,0.0004984717,5.672403e-06,3.6699594e-06,4.205394e-06
20025,2024-03-19,1,D0,0,None,0,None,False,0.51651293,0.4608112,0.02247402,0.00012519052,9.263391e-06,6.742883e-05
20025,2024-03-26,1,D0,1,D0,1,D0,True,0.3988129,0.51304495,0.087930225,0.00016047669,4.502972e-06,4.69739e-05
20025,2024-04-02,1,D0,1,D0,1,D0,True,0.3185149,0.5180047,0.16311783,0.00030230463,5.9599265e-06,5.4221535e-05
20025,2024-04-09,1,D0,1,D0,1,D0,True,0.12216381,0.5460561,0.32998624,0.0017745672,5.620393e-06,1.3680998e-05
20025,2024-04-16,2,D1,1,D0,1,D0,False,0.1482438,0.55339307,0.29746133,0.00088538695,3.1295838e-06,1.3338094e-05
20025,2024-04-23,2,D1,2,D1,2,D1,True,0.0021061194,0.100125276,0.5323881,0.3641965,0.0011765681,7.4109457e-06
20025,2024-04-30,3,D2,2,D1,2,D1,False,0.0032296458,0.12807342,0.5462862,0.3216364,0.00076694787,7.3996616e-06
20025,2024-05-07,3,D2,3,D2,3,D2,True,2.889178e-06,1.6275893e-05,0.04560867,0.66046375,0.29390153,6.984884e-06
20025,2024-05-14,3,D2,3,D2,3,D2,True,1.6581089e-05,7.6911194e-05,0.058948062,0.6460065,0.29492307,2.8864155e-05
20025,2024-05-21,3,D2,3,D2,3,D2,True,9.287898e-05,0.0002804205,0.06713974,0.6044927,0.3277518,0.00024254799
20025,2024-05-28,3,D2,3,D2,3,D2,True,0.00023631447,0.00093043264,0.1236265,0.51611966,0.3587081,0.0003790352
20025,2024-06-04,2,D1,3,D2,3,D2,False,0.00014731925,0.0006386759,0.10359401,0.51008016,0.38517225,0.00036754995
20025,2024-06-11,2,D1,1,D0,1,D0,False,0.07311123,0.4801026,0.43674886,0.009755048,0.00019391005,8.831213e-05
20025,2024-06-18,2,D1,2,D1,2,D1,True,0.009800614,0.247598,0.61912525,0.121916056,0.0014812117,7.8823774e-05
20025,2024-06-25,2,D1,2,D1,2,D1,True,0.0019642755,0.13035999,0.65014726,0.2162532,0.0012646584,1.0663439e-05
20025,2024-07-02,1,D0,2,D1,2,D1,False,0.008334399,0.22626995,0.6818687,0.08319718,0.00031899757,1.084164e-05
20025,2024-07-09,0,None,1,D0,0,None,True,0.44259048,0.53219974,0.025209067,6.489164e-07,1.24858195e-08,3.926075e-08
20025,2024-07-16,0,None,0,None,0,None,True,0.73995996,0.25993684,0.00010316613,1.2245802e-08,1.0797816e-08,9.731073e-10
20025,2024-07-23,0,None,0,None,0,None,True,0.7269546,0.27298185,6.3555395e-05,1.832642e-08,1.9723391e-08,3.236527e-09
20025,2024-07-30,1,D0,0,None,0,None,False,0.70637524,0.29350632,0.00011818508,7.14116e-08,7.9486604e-08,1.7486819e-08
20025,2024-08-06,1,D0,1,D0,1,D0,True,0.08787067,0.6933584,0.21874116,2.948004e-05,4.571619e-08,1.898664e-07
20025,2024-08-13,1,D0,1,D0,1,D0,True,0.097467765,0.677565,0.22491656,4.977892e-05,2.501037e-07,6.616476e-07
20025,2024-08-20,1,D0,1,D0,1,D0,True,0.10754677,0.688255,0.20416118,3.608119e-05,2.3481994e-07,7.789457e-07
20025,2024-08-27,1,D0,1,D0,1,D0,True,0.11499658,0.69209427,0.19287811,2.998942e-05,2.1876943e-07,8.8021926e-07
20025,2024-09-03,1,D0,1,D0,1,D0,True,0.10386935,0.6911404,0.20495386,3.524311e-05,2.4023106e-07,8.674739e-07
20025,2024-09-10,1,D0,1,D0,1,D0,True,0.089700125,0.6985157,0.21174802,3.517519e-05,2.3064143e-07,7.309274e-07
20025,2024-09-17,1,D0,1,D0,1,D0,True,0.051343277,0.7079135,0.24068934,5.3310843e-05,2.0047426e-07,3.5758654e-07
20025,2024-09-24,0,None,1,D0,1,D0,False,0.04683433,0.70085126,0.2522523,6.165891e-05,1.8075119e-07,2.4418628e-07
20025,2024-10-01,0,None,0,None,0,None,True,0.62428737,0.3751147,0.0005972985,3.7984907e-07,2.5232796e-07,4.3729344e-08
20025,2024-10-08,0,None,0,None,0,None,True,0.6255869,0.37359595,0.0008156228,1.0041384e-06,4.4959705e-07,5.452151e-08
20025,2024-10-15,0,None,0,None,0,None,True,0.61560696,0.38268057,0.0017087598,2.6536338e-06,8.739123e-07,9.525486e-08
20025,2024-10-22,0,None,0,None,0,None,True,0.62095594,0.3767786,0.002259179,4.6947166e-06,1.5004529e-06,1.2345089e-07
20025,2024-10-29,0,None,0,None,0,None,True,0.6295147,0.36812037,0.0023552764,7.214672e-06,2.3128432e-06,1.4842772e-07
20025,2024-11-05,0,None,0,None,0,None,True,0.6380224,0.3594929,0.002470154,1.0935989e-05,3.3129172e-06,1.9788003e-07
20025,2024-11-12,0,None,0,None,0,None,True,0.64324844,0.35415274,0.0025800862,1.4408314e-05,4.0816267e-06,2.4544966e-07
20025,2024-11-19,0,None,0,None,0,None,True,0.7425821,0.2572151,0.00019902871,1.9641845e-06,1.8946463e-06,3.4164177e-08
20025,2024-11-26,0,None,0,None,0,None,True,0.7273074,0.27255386,0.00013543102,1.65271e-06,1.5834862e-06,7.128158e-08
20025,2024-12-03,0,None,0,None,0,None,True,0.7058147,0.2940688,0.00011389453,1.3189284e-06,1.0527133e-06,1.2735397e-07
20025,2024-12-10,0,None,0,None,0,None,True,0.6783644,0.3215126,0.000119521144,1.6852482e-06,1.3444352e-06,4.16402e-07
20025,2024-12-17,0,None,0,None,0,None,True,0.6451514,0.35469896,0.0001441748,1.7803637e-06,1.8631557e-06,1.8509306e-06
20025,2024-12-24,0,None,0,None,0,None,True,0.63094765,0.36889184,0.00015398502,1.5166263e-06,1.8443624e-06,3.1303998e-06
20025,2024-12-31,0,None,0,None,0,None,True,0.62952137,0.37033015,0.00014179597,1.2137708e-06,1.6827145e-06,3.8380617e-06
20025,2025-01-07,0,None,0,None,0,None,True,0.63487947,0.36497837,0.00013505398,1.2199109e-06,1.864689e-06,4.054547e-06
20025,2025-01-14,0,None,0,None,0,None,True,0.6356888,0.36418456,0.00012042241,9.588055e-07,1.5686089e-06,3.6625868e-06
20025,2025-01-21,0,None,0,None,0,None,True,0.6350569,0.3648359,0.000102645725,5.9222094e-07,1.1035901e-06,2.8440757e-06
20025,2025-01-28,0,None,0,None,0,None,True,0.6386373,0.36126906,9.069648e-05,3.5247876e-07,7.6471616e-07,1.8357923e-06
20025,2025-02-04,0,None,0,None,0,None,True,0.6418383,0.3580745,8.537272e-05,2.3658997e-07,5.008771e-07,1.0338772e-06
20025,2025-02-11,0,None,0,None,0,None,True,0.63636774,0.3635153,0.000115583396,2.420563e-07,3.8527702e-07,7.2338844e-07
20025,2025-02-18,0,None,0,None,0,None,True,0.6358457,0.3640402,0.000113238304,1.88426e-07,2.4388413e-07,3.752083e-07
20025,2025-02-25,0,None,0,None,0,None,True,0.6392693,0.36062902,0.000101230224,1.5620792e-07,1.766671e-07,2.1650763e-07
20025,2025-03-04,0,None,1,D0,1,D0,False,0.39980552,0.5913139,0.008873325,5.6240015e-06,4.271e-07,1.1712314e-06
20025,2025-03-11,1,D0,1,D0,1,D0,True,0.37767938,0.6089908,0.013323236,5.03138e-06,3.9307852e-07,1.2402327e-06
20025,2025-03-18,2,D1,1,D0,1,D0,False,0.0074808537,0.5258025,0.45918265,0.007514173,1.818898e-05,1.6005289e-06
20025,2025-03-25,2,D1,2,D1,2,D1,True,0.00092376483,0.10956325,0.5259222,0.34609655,0.017435841,5.8390193e-05
20025,2025-04-01,2,D1,2,D1,2,D1,True,0.0020347938,0.13073802,0.45945206,0.36763963,0.03950313,0.0006323653
20025,2025-04-08,2,D1,3,D2,3,D2,False,0.001003022,0.063637726,0.3917995,0.41477636,0.12754697,0.0012364178
20025,2025-04-15,2,D1,3,D2,3,D2,False,0.0013921398,0.0618734,0.3796147,0.4174917,0.13690132,0.002726728
20025,2025-04-22,2,D1,3,D2,2,D1,True,0.0016760057,0.055436853,0.38823903,0.39750755,0.15580261,0.0013380096
20025,2025-04-29,2,D1,2,D1,2,D1,True,0.0017094504,0.039607633,0.3939846,0.38452372,0.1798036,0.00037097596
20025,2025-05-06,2,D1,2,D1,2,D1,True,0.0070614847,0.1636673,0.5279136,0.28675118,0.014386282,0.00022019935
20025,2025-05-13,2,D1,2,D1,2,D1,True,0.0026627835,0.10600753,0.55381656,0.3284368,0.009029463,4.6918187e-05
20025,2025-05-20,2,D1,2,D1,2,D1,True,0.0021592982,0.09890409,0.6020246,0.29399318,0.0029116697,7.1357344e-06
20025,2025-05-27,1,D0,2,D1,2,D1,False,0.0014453486,0.09313897,0.6606689,0.24432594,0.0004204747,3.9746442e-07
20025,2025-06-03,1,D0,1,D0,1,D0,True,0.36376345,0.5809715,0.05526036,4.563305e-06,2.1554271e-08,3.8717886e-08
20025,2025-06-10,0,None,1,D0,1,D0,False,0.34870052,0.63070315,0.020596065,3.2163214e-07,2.3183953e-09,7.708647e-09
20025,2025-06-17,0,None,0,None,0,None,True,0.73364866,0.26631638,3.4901605e-05,1.0463368e-08,1.0795964e-08,2.5112417e-09
20025,2025-06-24,0,None,0,None,0,None,True,0.7165432,0.28342426,3.248101e-05,2.7842304e-08,3.1697724e-08,8.202806e-09
20025,2025-07-01,0,None,0,None,0,None,True,0.68997234,0.3099686,5.8832306e-05,1.2272487e-07,1.171529e-07,3.2401832e-08
20025,2025-07-08,0,None,0,None,0,None,True,0.66560596,0.3342499,0.00014308147,5.9435655e-07,4.0815263e-07,7.166427e-08
20025,2025-07-15,0,None,0,None,0,None,True,0.6602254,0.3395267,0.00024432418,2.0810196e-06,1.3366598e-06,1.5948878e-07
20025,2025-07-22,0,None,0,None,0,None,True,0.65579844,0.34391016,0.00028531143,3.4843226e-06,2.244087e-06,2.4973878e-07
20025,2025-07-29,0,None,0,None,0,None,True,0.66392833,0.3358263,0.00023983815,3.1122363e-06,2.1655708e-06,2.3211317e-07
20025,2025-08-05,0,None,0,None,0,None,True,0.6777208,0.3220807,0.00019336058,2.889236e-06,2.0872678e-06,1.941067e-07
20025,2025-08-12,0,None,0,None,0,None,True,0.68262845,0.3171948,0.00017204962,2.603631e-06,1.9548913e-06,2.2653735e-07
20025,2025-08-19,0,None,0,None,0,None,True,0.6860768,0.3137801,0.00013893431,2.0221669e-06,1.7093305e-06,3.5625925e-07
20025,2025-08-26,0,None,0,None,0,None,True,0.6886998,0.31116763,0.00012865942,1.8129962e-06,1.6149252e-06,4.673598e-07
20025,2025-09-02,0,None,0,None,0,None,True,0.68585116,0.3140169,0.00012784495,1.8130409e-06,1.6399247e-06,5.9856427e-07
20025,2025-09-09,0,None,0,None,0,None,True,0.6776019,0.32225323,0.00013961163,2.2385277e-06,2.0600014e-06,1.0038353e-06
20025,2025-09-16,0,None,0,None,0,None,True,0.6658281,0.33398142,0.00018013036,3.792933e-06,3.7718276e-06,2.7504002e-06
20025,2025-09-23,0,None,0,None,0,None,True,0.64557165,0.35409,0.00031726458,7.5822377e-06,6.79552e-06,6.7531782e-06
20025,2025-09-30,0,None,0,None,0,None,True,0.63763523,0.36195046,0.00038785872,9.269449e-06,7.701429e-06,9.495759e-06
20025,2025-10-07,0,None,0,None,0,None,True,0.63829637,0.36126667,0.00040851277,9.704194e-06,7.899519e-06,1.0784612e-05
20025,2025-10-14,0,None,0,None,0,None,True,0.63817215,0.3613673,0.00043052246,9.846414e-06,8.052857e-06,1.2199164e-05
20025,2025-10-21,0,None,0,None,0,None,True,0.63712037,0.36240572,0.00044328114,9.420047e-06,7.914664e-06,1.334471e-05
20025,2025-10-28,0,None,0,None,0,None,True,0.6342977,0.36522794,0.00044640995,8.163637e-06,6.970514e-06,1.2782257e-05
20025,2025-11-04,0,None,0,None,0,None,True,0.630605,0.36899084,0.00038238638,6.0344937e-06,5.1083116e-06,1.0649742e-05
20025,2025-11-11,0,None,0,None,0,None,True,0.63254327,0.36714888,0.0002924122,4.0686245e-06,3.5508915e-06,7.7705845e-06
20025,2025-11-18,0,None,0,None,0,None,True,0.6357422,0.36400262,0.00024319711,2.9924224e-06,2.869445e-06,6.084414e-06
20025,2025-11-25,0,None,0,None,0,None,True,0.6370241,0.36276725,0.00019950591,2.1076082e-06,2.2301003e-06,4.8176003e-06
20025,2025-12-02,0,None,0,None,0,None,True,0.6373496,0.3624837,0.00015951962,1.4444802e-06,1.7387174e-06,3.9408574e-06
20025,2025-12-09,0,None,0,None,0,None,True,0.63745207,0.36240855,0.0001331174,1.0488218e-06,1.4991306e-06,3.600507e-06
20025,2025-12-16,0,None,0,None,0,None,True,0.6372609,0.36261413,0.0001195531,8.245644e-07,1.3144821e-06,3.3517792e-06
20025,2025-12-23,0,None,0,None,0,None,True,0.6370376,0.36285207,0.000105451676,6.297028e-07,1.1098026e-06,2.9958271e-06
20025,2025-12-30,0,None,0,None,0,None,True,0.6353602,0.36454952,8.661398e-05,4.1094881e-07,8.3550526e-07,2.441987e-06
20027,2022-01-04,2,D1,2,D1,2,D1,True,0.0011486514,0.15244669,0.7655343,0.08080771,6.270518e-05,2.8176625e-08
20027,2022-01-11,2,D1,2,D1,2,D1,True,0.00082064373,0.15197304,0.77577317,0.07140097,3.2160224e-05,1.9036905e-08
20027,2022-01-18,2,D1,2,D1,2,D1,True,0.001561194,0.18884064,0.73893815,0.070604295,5.5673172e-05,3.6160547e-08
20027,2022-01-25,2,D1,2,D1,2,D1,True,0.0028014043,0.21629049,0.71451247,0.06631657,7.897987e-05,4.9185868e-08
20027,2022-02-01,2,D1,2,D1,2,D1,True,0.0016259876,0.17649254,0.73562217,0.08615302,0.00010617595,3.3203616e-08
20027,2022-02-08,2,D1,2,D1,2,D1,True,0.001866264,0.18087062,0.72627705,0.09088681,9.922145e-05,4.7667413e-08
20027,2022-02-15,2,D1,2,D1,2,D1,True,0.0022028466,0.16608101,0.7152456,0.116339795,0.00013055693,9.245902e-08
20027,2022-02-22,3,D2,2,D1,2,D1,False,0.002643554,0.17360689,0.69821155,0.12544505,9.287374e-05,1.259445e-07
20027,2022-03-01,3,D2,3,D2,3,D2,True,2.6890236e-06,2.2367845e-05,0.0694614,0.7383703,0.19214302,2.1015208e-07
20027,2022-03-08,3,D2,3,D2,3,D2,True,4.1732e-06,3.2700093e-05,0.06794589,0.7308101,0.2012053,1.78795e-06
20027,2022-03-15,3,D2,3,D2,3,D2,True,1.0307484e-05,6.593372e-05,0.0841656,0.6799633,0.23572002,7.485425e-05
20027,2022-03-22,3,D2,3,D2,3,D2,True,1.5220072e-05,0.0001269992,0.11911236,0.62981397,0.2506947,0.00023676512
20027,2022-03-29,3,D2,3,D2,3,D2,True,0.00017679454,0.0016966772,0.22321257,0.5655448,0.2085521,0.0008169854
20027,2022-04-05,3,D2,3,D2,3,D2,True,0.000103420374,0.0009647986,0.19401768,0.5660606,0.23827744,0.00057608314
20027,2022-04-12,3,D2,3,D2,3,D2,True,9.837494e-05,0.0011124525,0.21146569,0.564727,0.22233349,0.00026300276
20027,2022-04-19,3,D2,3,D2,3,D2,True,0.00010299601,0.0013117658,0.22309792,0.55406296,0.22124806,0.000176268
20027,2022-04-26,3,D2,3,D2,3,D2,True,0.000108338776,0.0015711596,0.23412657,0.5425571,0.221509,0.00012777437
20027,2022-05-03,3,D2,3,D2,3,D2,True,0.00011209634,0.0018441369,0.2424678,0.5326667,0.22281289,9.636447e-05
20027,2022-05-10,3,D2,3,D2,3,D2,True,0.0007117682,0.015279899,0.3632068,0.4725304,0.14808898,0.00018219362
20027,2022-05-17,3,D2,3,D2,3,D2,True,0.00049301435,0.01193203,0.34913066,0.47808415,0.1602462,0.00011396986
20027,2022-05-24,3,D2,3,D2,3,D2,True,0.0004939817,0.01362164,0.36461756,0.47752157,0.14367598,6.9240436e-05
20027,2022-05-31,1,D0,3,D2,3,D2,False,0.00048003855,0.0145213,0.37746707,0.47894502,0.1285405,4.6059777e-05
20027,2022-06-07,1,D0,1,D0,1,D0,True,0.3086239,0.6658141,0.02555984,1.8159923e-06,1.2957078e-08,2.2257292e-07
20027,2022-06-14,1,D0,1,D0,0,None,False,0.48112616,0.5182442,0.00062963186,2.079854e-08,1.7515084e-09,1.575133e-08
20027,2022-06-21,1,D0,1,D0,0,None,False,0.4640144,0.53464633,0.0013392544,4.9655398e-08,2.6356084e-09,2.7285253e-08
20027,2022-06-28,0,None,1,D0,1,D0,False,0.40996653,0.5852889,0.004744322,2.245907e-07,7.132694e-09,7.905137e-08
20027,2022-07-05,0,None,0,None,0,None,True,0.6618272,0.33808774,8.4932966e-05,3.1074062e-08,3.5696303e-08,5.349021e-08
20027,2022-07-12,0,None,0,None,0,None,True,0.6863155,0.31360936,7.488891e-05,9.655093e-08,1.2987195e-07,6.55867e-08
20027,2022-07-19,0,None,0,None,0,None,True,0.6554729,0.34438732,0.00013888645,3.635269e-07,3.9689496e-07,2.8102707e-07
20027,2022-07-26,0,None,0,None,0,None,True,0.6446125,0.35519814,0.0001865899,8.8051877e-07,9.67603e-07,9.371786e-07
20027,2022-08-02,0,None,0,None,0,None,True,0.6535204,0.3462859,0.0001898014,1.1810555e-06,1.5269046e-06,1.2128479e-06
20027,2022-08-09,0,None,0,None,0,None,True,0.6519107,0.3478945,0.00019033233,1.3277672e-06,1.7348078e-06,1.4241114e-06
20027,2022-08-16,0,None,0,None,0,None,True,0.64097714,0.3588444,0.0001738915,1.1552174e-06,1.5502884e-06,1.8103942e-06
20027,2022-08-23,0,None,0,None,0,None,True,0.58177793,0.41714597,0.001050954,5.1731736e-06,3.4129553e-06,1.66131e-05
20027,2022-08-30,0,None,0,None,0,None,True,0.6267659,0.37309152,0.00013931544,5.510297e-07,7.0892276e-07,1.9781726e-06
20027,2022-09-06,1,D0,0,None,0,None,False,0.5550118,0.44301692,0.0019415943,6.4598457e-06,1.8382906e-06,2.1378477e-05
20027,2022-09-13,1,D0,1,D0,1,D0,True,0.16820723,0.5929201,0.23869705,0.00017217011,4.0004855e-07,2.96855e-06
20027,2022-09-20,1,D0,1,D0,1,D0,True,0.18959199,0.5853132,0.224839,0.00024346937,1.5122507e-06,1.0897512e-05
20027,2022-09-27,1,D0,1,D0,1,D0,True,0.19497937,0.6000706,0.20483848,0.00010145064,8.4271977e-07,9.272503e-06
20027,2022-10-04,1,D0,1,D0,1,D0,True,0.18749093,0.6217121,0.19073097,5.9383383e-05,5.0153346e-07,6.114744e-06
20027,2022-10-11,1,D0,1,D0,1,D0,True,0.16140963,0.6586326,0.17991795,3.5910045e-05,2.9936083e-07,3.6103286e-06
20027,2022-10-18,1,D0,1,D0,1,D0,True,0.09797385,0.68506676,0.21687391,8.125661e-05,5.1103143e-07,3.7364457e-06
20027,2022-10-25,1,D0,1,D0,1,D0,True,0.073428266,0.7001295,0.22635359,8.570977e-05,4.1700875e-07,2.5097931e-06
20027,2022-11-01,1,D0,1,D0,1,D0,True,0.05781326,0.71228075,0.22982083,8.3667685e-05,3.209475e-07,1.1880625e-06
20027,2022-11-08,1,D0,1,D0,1,D0,True,0.048383575,0.71442866,0.23709787,8.896687e-05,2.5810908e-07,5.7782955e-07
20027,2022-11-15,1,D0,1,D0,1,D0,True,0.054723315,0.7293357,0.21590292,3.7623446e-05,9.2144575e-08,2.3315725e-07
20027,2022-11-22,1,D0,1,D0,1,D0,True,0.05008113,0.71907336,0.23080313,4.2126696e-05,8.261408e-08,1.9559161e-07
20027,2022-11-29,1,D0,1,D0,1,D0,True,0.04819184,0.70929635,0.24246371,4.785805e-05,7.66871e-08,1.3847821e-07
20027,2022-12-06,1,D0,1,D0,1,D0,True,0.041885592,0.6984295,0.25962928,5.541501e-05,7.765746e-08,1.0978888e-07
20027,2022-12-13,1,D0,1,D0,1,D0,True,0.035251617,0.6875644,0.27710956,7.414404e-05,1.0444749e-07,1.2495626e-07
20027,2022-12-20,1,D0,1,D0,1,D0,True,0.03584565,0.68226516,0.28181118,7.765303e-05,1.372228e-07,1.6626193e-07
20027,2022-12-27,1,D0,1,D0,1,D0,True,0.04441925,0.6687493,0.28675216,7.884753e-05,2.1363586e-07,2.397766e-07
20027,2023-01-03,1,D0,1,D0,1,D0,True,0.05382923,0.666185,0.27990878,7.623831e-05,2.8676422e-07,3.7691208e-07
20027,2023-01-10,1,D0,1,D0,1,D0,True,0.05710616,0.6767316,0.26608047,8.056837e-05,3.9534842e-07,7.4335816e-07
20027,2023-01-17,1,D0,1,D0,1,D0,True,0.052985623,0.6830749,0.26381138,0.00012525482,7.3228307e-07,2.1561477e-06
20027,2023-01-24,1,D0,1,D0,1,D0,True,0.053090736,0.6814665,0.26529667,0.0001415611,1.0392231e-06,3.4674124e-06
20027,2023-01-31,1,D0,1,D0,1,D0,True,0.057354342,0.6889557,0.25357804,0.000107584056,8.73182e-07,3.4541242e-06
20027,2023-02-07,1,D0,1,D0,1,D0,True,0.05952093,0.6965085,0.2438892,7.7675715e-05,6.6727335e-07,2.931719e-06
20027,2023-02-14,1,D0,1,D0,1,D0,True,0.06475022,0.69487727,0.24030377,6.597878e-05,5.5546235e-07,2.1587873e-06
20027,2023-02-21,1,D0,1,D0,1,D0,True,0.09212522,0.662063,0.24572635,8.306609e-05,7.4348543e-07,1.6327609e-06
20027,2023-02-28,1,D0,1,D0,1,D0,True,0.09941303,0.6324666,0.26797244,0.00014415664,1.6115797e-06,2.2164545e-06
20027,2023-03-07,1,D0,1,D0,1,D0,True,0.10702473,0.6155357,0.27724436,0.0001904259,2.1963124e-06,2.5595173e-06
20027,2023-03-14,1,D0,1,D0,1,D0,True,0.111306794,0.60635775,0.28212792,0.00020192523,2.6286502e-06,2.911447e-06
20027,2023-03-21,1,D0,1,D0,1,D0,True,0.10845037,0.6103853,0.28098455,0.00017450268,2.4516996e-06,2.8668303e-06
20027,2023-03-28,1,D0,1,D0,1,D0,True,0.09965216,0.6126498,0.28750584,0.00018790684,2.2181243e-06,2.1294297e-06
20027,2023-04-04,1,D0,1,D0,1,D0,True,0.088721514,0.61190194,0.29914805,0.00022493179,2.0699285e-06,1.4526356e-06
20027,2023-04-11,1,D0,1,D0,1,D0,True,0.09099752,0.610432,0.2983573,0.00021094848,1.2086529e-06,9.3181444e-07
20027,2023-04-18,1,D0,2,D1,2,D1,False,0.029851703,0.46579123,0.4945236,0.009809867,2.0890857e-05,2.6980622e-06
20027,2023-04-25,1,D0,2,D1,2,D1,False,0.0468912,0.45474762,0.48650235,0.011835803,1.7508168e-05,5.636563e-06
20027,2023-05-02,2,D1,1,D0,2,D1,True,0.08840863,0.4528985,0.45229682,0.00637851,1.08823615e-05,6.627419e-06
20027,2023-05-09,2,D1,2,D1,2,D1,True,0.03583151,0.3360208,0.58099806,0.04711053,3.527889e-05,3.8723465e-06
20027,2023-05-16,1,D0,2,D1,2,D1,False,0.04028572,0.37501213,0.54888684,0.035798483,1.3987664e-05,2.851472e-06
20027,2023-05-23,1,D0,1,D0,1,D0,True,0.41264156,0.55216986,0.035181053,6.9529033e-06,7.445183e-08,3.8329586e-07
20027,2023-05-30,1,D0,1,D0,1,D0,True,0.43652746,0.5479068,0.015562391,2.434984e-06,1.1065691e-07,8.643613e-07
20027,2023-06-06,1,D0,1,D0,1,D0,True,0.16303505,0.5375749,0.29855365,0.0008256055,2.609486e-06,8.215112e-06
20027,2023-06-13,1,D0,1,D0,1,D0,True,0.13781007,0.4889052,0.36904123,0.0041918675,1.8396997e-05,3.3141474e-05
20027,2023-06-20,2,D1,1,D0,1,D0,False,0.22148375,0.5051867,0.27264825,0.0006577259,3.9358515e-06,1.9627603e-05
20027,2023-06-27,2,D1,2,D1,2,D1,True,0.037997834,0.34113413,0.54917186,0.07139313,0.00021175358,9.1303846e-05
20027,2023-07-04,2,D1,2,D1,2,D1,True,0.0040856535,0.2054322,0.65040606,0.13987361,0.00017165126,3.0776435e-05
20027,2023-07-11,2,D1,2,D1,2,D1,True,0.004391583,0.21429147,0.64430535,0.13669214,0.00027218164,4.7320347e-05
20027,2023-07-18,2,D1,2,D1,2,D1,True,0.007778644,0.25185087,0.6198436,0.12001581,0.00043260725,7.850202e-05
20027,2023-07-25,2,D1,2,D1,2,D1,True,0.01154214,0.29512897,0.59600896,0.09681357,0.00042895193,7.7386045e-05
20027,2023-08-01,2,D1,2,D1,2,D1,True,0.013023437,0.32267135,0.5945922,0.069388494,0.0002760843,4.8396185e-05
20027,2023-08-08,2,D1,2,D1,2,D1,True,0.012119207,0.33596388,0.59471625,0.056977365,0.00019059253,3.276201e-05
20027,2023-08-15,2,D1,2,D1,2,D1,True,0.00999391,0.3384588,0.6021285,0.04926767,0.00013120462,1.991784e-05
20027,2023-08-22,2,D1,2,D1,2,D1,True,0.00819027,0.32932946,0.6162459,0.04612316,9.880271e-05,1.2399782e-05
20027,2023-08-29,2,D1,2,D1,2,D1,True,0.006408962,0.30917442,0.63599753,0.0483403,7.1242735e-05,7.5248154e-06
20027,2023-09-05,3,D2,2,D1,2,D1,False,0.0053531164,0.2735423,0.65998644,0.061049264,6.282506e-05,6.0202774e-06
20027,2023-09-12,3,D2,3,D2,3,D2,True,2.0487294e-05,0.00057509,0.23021075,0.56936145,0.19983003,2.16704e-06
20027,2023-09-19,3,D2,3,D2,3,D2,True,3.0742347e-05,0.0008339986,0.24051121,0.56789565,0.1907258,2.520371e-06
20027,2023-09-26,3,D2,3,D2,3,D2,True,4.773956e-05,0.0010806095,0.2346038,0.5562064,0.20805518,6.285534e-06
20027,2023-10-03,3,D2,3,D2,3,D2,True,5.9634833e-05,0.0012344617,0.22815433,0.55370504,0.21683654,1.0009968e-05
20027,2023-10-10,3,D2,3,D2,3,D2,True,7.227838e-05,0.0014842656,0.23486811,0.5534404,0.21012323,1.1699645e-05
20027,2023-10-17,3,D2,3,D2,3,D2,True,8.4477775e-05,0.0016872442,0.24134047,0.5529141,0.20396061,1.3091856e-05
20027,2023-10-24,3,D2,3,D2,3,D2,True,9.50474e-05,0.0018675951,0.24854016,0.5519567,0.19752681,1.3678819e-05
20027,2023-10-31,3,D2,3,D2,3,D2,True,0.00010098232,0.002022686,0.25678256,0.5515204,0.18956065,1.2749623e-05
20027,2023-11-07,3,D2,3,D2,3,D2,True,0.000104353356,0.0021837158,0.2665282,0.5510344,0.18013816,1.1113343e-05
20027,2023-11-14,3,D2,3,D2,3,D2,True,0.000106951826,0.0023704586,0.27826443,0.5518135,0.16743559,9.126129e-06
20027,2023-11-21,3,D2,3,D2,3,D2,True,1.9716894e-05,0.00032837962,0.16381961,0.59960115,0.2362259,5.1950883e-06
20027,2023-11-28,3,D2,3,D2,3,D2,True,2.793438e-05,0.00050247245,0.19238807,0.60182524,0.2052519,4.3667264e-06
20027,2023-12-05,3,D2,3,D2,3,D2,True,2.9175559e-05,0.00052238256,0.19419038,0.6030202,0.20223317,4.650045e-06
20027,2023-12-12,3,D2,3,D2,3,D2,True,3.4099117e-05,0.0006724652,0.21481183,0.5989698,0.18550766,4.1279554e-06
20027,2023-12-19,3,D2,3,D2,3,D2,True,3.3687124e-05,0.00070586667,0.22169942,0.5989034,0.178654,3.6691195e-06
20027,2023-12-26,3,D2,3,D2,3,D2,True,3.3724024e-05,0.0007541113,0.22965649,0.5983222,0.1712302,3.207807e-06
20027,2024-01-02,3,D2,3,D2,3,D2,True,3.392335e-05,0.00080183015,0.23658153,0.59746826,0.16511151,2.9107794e-06
20027,2024-01-09,3,D2,3,D2,3,D2,True,3.410297e-05,0.00084719463,0.24245976,0.59637606,0.16028021,2.7014162e-06
20027,2024-01-16,3,D2,3,D2,3,D2,True,3.8984756e-05,0.00104382,0.25864398,0.5898223,0.15044832,2.5819288e-06
20027,2024-01-23,2,D1,3,D2,3,D2,False,3.8227357e-05,0.0010681199,0.26150337,0.58954316,0.14784467,2.4700682e-06
20027,2024-01-30,2,D1,2,D1,2,D1,True,0.013065806,0.47814184,0.5044509,0.0043388,1.3822593e-06,1.3032007e-06
20027,2024-02-06,2,D1,2,D1,2,D1,True,0.0017354356,0.26908267,0.7016761,0.027501946,3.437521e-06,4.785617e-07
20027,2024-02-13,2,D1,2,D1,2,D1,True,0.000762101,0.20361735,0.7520757,0.043540582,4.0583755e-06,2.0981604e-07
20027,2024-02-20,2,D1,2,D1,2,D1,True,0.0007296204,0.20312211,0.7520459,0.044097804,4.3641685e-06,1.9619857e-07
20027,2024-02-27,2,D1,2,D1,2,D1,True,0.0007245366,0.20455496,0.7482395,0.046475455,5.341175e-06,1.8606173e-07
20027,2024-03-05,2,D1,2,D1,2,D1,True,0.0007795204,0.21298853,0.7401797,0.046045724,6.351008e-06,1.7250517e-07
20027,2024-03-12,2,D1,2,D1,2,D1,True,0.0008297439,0.21795477,0.73510057,0.046107344,7.426327e-06,1.7880342e-07
20027,2024-03-19,2,D1,2,D1,2,D1,True,0.0008706551,0.22002548,0.7325554,0.046539914,8.35209e-06,1.9079252e-07
20027,2024-03-26,2,D1,2,D1,2,D1,True,0.0009000602,0.22145985,0.7299215,0.047709554,8.775373e-06,1.8454388e-07
20027,2024-04-02,2,D1,2,D1,2,D1,True,0.00092260574,0.22132318,0.7296171,0.048127674,9.227407e-06,1.7216392e-07
20027,2024-04-09,2,D1,2,D1,2,D1,True,0.0009513591,0.21755858,0.73391414,0.047566447,9.246781e-06,1.4907125e-07
20027,2024-04-16,2,D1,2,D1,2,D1,True,0.0009855427,0.21778125,0.7342082,0.047015265,9.6319445e-06,1.446122e-07
20027,2024-04-23,3,D2,2,D1,2,D1,False,0.001012698,0.2203466,0.73192495,0.04670557,1.00953475e-05,1.4581272e-07
20027,2024-04-30,2,D1,3,D2,3,D2,False,3.6410132e-05,0.0021445912,0.31746715,0.586841,0.09351014,7.3341056e-07
20027,2024-05-07,2,D1,2,D1,2,D1,True,0.007986371,0.41603428,0.5648275,0.011145643,5.8028663e-06,3.7453702e-07
20027,2024-05-14,2,D1,1,D0,1,D0,False,0.10197521,0.72333986,0.17464931,3.5377205e-05,1.01416944e-07,1.7920432e-07
20027,2024-05-21,1,D0,1,D0,1,D0,True,0.058479734,0.74635047,0.19513333,3.6406593e-05,5.590399e-08,5.786679e-08
20027,2024-05-28,1,D0,1,D0,1,D0,True,0.24415818,0.73284024,0.023001494,1.3797262e-07,1.1861495e-09,5.8374527e-09
20027,2024-06-04,1,D0,1,D0,1,D0,True,0.2301459,0.74314827,0.026705652,1.5103225e-07,9.684417e-10,4.803747e-09
20027,2024-06-11,1,D0,1,D0,1,D0,True,0.17033873,0.76604754,0.06361308,6.1252354e-07,1.6064882e-09,7.213114e-09
20027,2024-06-18,0,None,1,D0,1,D0,False,0.17543064,0.73627967,0.088288575,1.1643052e-06,3.469193e-09,1.4554985e-08
20027,2024-06-25,0,None,0,None,0,None,True,0.73218405,0.2677517,6.411223e-05,1.4775128e-08,2.966519e-08,5.2092606e-09
20027,2024-07-02,0,None,0,None,0,None,True,0.72757024,0.27235702,7.2621006e-05,4.8608836e-08,1.01138646e-07,1.14656435e-08
20027,2024-07-09,0,None,0,None,0,None,True,0.71449566,0.28535908,0.0001445391,2.2334568e-07,4.297102e-07,4.5004622e-08
20027,2024-07-16,0,None,0,None,0,None,True,0.7025068,0.2972567,0.00023453658,6.2668306e-07,1.2108385e-06,1.5803559e-07
20027,2024-07-23,1,D0,0,None,0,None,False,0.67974406,0.3199247,0.00032686855,1.1745313e-06,2.4697508e-06,7.285198e-07
20027,2024-07-30,2,D1,1,D0,1,D0,False,0.06813912,0.6193525,0.31233463,0.00017205677,3.6315558e-07,1.3011105e-06
20027,2024-08-06,2,D1,2,D1,2,D1,True,0.0014549311,0.14954986,0.5751621,0.27305448,0.0007559639,2.2700175e-05
20027,2024-08-13,2,D1,2,D1,2,D1,True,0.0009020526,0.10047259,0.51495516,0.38228565,0.0013417533,4.2745873e-05
20027,2024-08-20,1,D0,2,D1,2,D1,False,0.002298945,0.1316611,0.46013272,0.40299487,0.0026323223,0.0002800651
20027,2024-08-27,1,D0,1,D0,1,D0,True,0.095683604,0.5730967,0.32868698,0.0021274835,7.928889e-05,0.00032594093
20027,2024-09-03,2,D1,1,D0,1,D0,False,0.16265102,0.62385255,0.21319795,0.00021031252,9.609663e-06,7.855159e-05
20027,2024-09-10,2,D1,2,D1,2,D1,True,0.025186256,0.45428827,0.48934105,0.030636236,0.00037431356,0.00017392462
20027,2024-09-17,2,D1,2,D1,2,D1,True,0.011021637,0.3456108,0.5485608,0.09411979,0.000539289,0.00014767374
20027,2024-09-24,2,D1,2,D1,2,D1,True,0.013494239,0.3748849,0.54293334,0.068148986,0.00040285572,0.00013572369
20027,2024-10-01,2,D1,2,D1,2,D1,True,0.0009382376,0.13233942,0.5615421,0.30415583,0.0009996841,2.4656782e-05
20027,2024-10-08,2,D1,2,D1,2,D1,True,0.0010502881,0.13771383,0.5540642,0.30602875,0.0011129122,3.0016805e-05
20027,2024-10-15,2,D1,2,D1,2,D1,True,0.0014794186,0.15710674,0.5382435,0.3018878,0.0012361653,4.634451e-05
20027,2024-10-22,2,D1,2,D1,2,D1,True,0.0016971175,0.15955009,0.53016144,0.30690747,0.00162231,6.1579434e-05
20027,2024-10-29,3,D2,3,D2,3,D2,True,0.00013084112,0.004401114,0.23692209,0.5419711,0.21646284,0.00011205305
20027,2024-11-05,2,D1,3,D2,3,D2,False,2.8790005e-06,3.6505022e-05,0.052707735,0.53911537,0.40808126,5.620515e-05
20027,2024-11-12,2,D1,1,D0,2,D1,True,0.02317095,0.476989,0.47260758,0.02705308,0.00012212302,5.727974e-05
20027,2024-11-19,2,D1,2,D1,2,D1,True,0.0082804505,0.3069658,0.5693603,0.11480542,0.00050702866,8.104691e-05
20027,2024-11-26,2,D1,2,D1,2,D1,True,0.0033733286,0.21239714,0.6304077,0.1533357,0.000469722,1.64414e-05
20027,2024-12-03,2,D1,2,D1,2,D1,True,0.0028959436,0.19712493,0.6469312,0.1526192,0.0004163529,1.2442975e-05
20027,2024-12-10,2,D1,2,D1,2,D1,True,0.002309673,0.17134269,0.65155745,0.17421696,0.00055911334,1.4131828e-05
20027,2024-12-17,2,D1,2,D1,2,D1,True,0.0020504047,0.15391111,0.6487824,0.19446442,0.0007744884,1.7202236e-05
20027,2024-12-24,2,D1,2,D1,2,D1,True,0.0017692918,0.13918753,0.6460513,0.2120307,0.0009456746,1.5478841e-05
20027,2024-12-31,2,D1,2,D1,2,D1,True,0.0013688862,0.1252077,0.6588544,0.21366136,0.00089958234,8.115272e-06
20027,2025-01-07,2,D1,2,D1,2,D1,True,0.00076854083,0.10406383,0.702828,0.19202775,0.00031127807,6.118872e-07
20027,2025-01-14,2,D1,2,D1,2,D1,True,0.023118414,0.35201475,0.6121611,0.012685843,1.9082257e-05,8.913629e-07
20027,2025-01-21,2,D1,2,D1,2,D1,True,0.028963597,0.40646604,0.5588767,0.005687675,5.649824e-06,2.9375775e-07
20027,2025-01-28,2,D1,2,D1,2,D1,True,0.018019412,0.37868378,0.5951118,0.008180099,4.7376243e-06,1.4274035e-07
20027,2025-02-04,2,D1,2,D1,2,D1,True,0.012574783,0.3459127,0.6300816,0.011425139,5.5703877e-06,1.0666943e-07
20027,2025-02-11,2,D1,2,D1,2,D1,True,0.009810307,0.32403052,0.6521026,0.014050192,6.320578e-06,8.844736e-08
20027,2025-02-18,2,D1,2,D1,2,D1,True,0.008573793,0.31258705,0.6634681,0.015364182,6.771719e-06,7.874329e-08
20027,2025-02-25,2,D1,2,D1,2,D1,True,0.008046817,0.30517218,0.67116183,0.015611995,7.09002e-06,7.287368e-08
20027,2025-03-04,2,D1,2,D1,2,D1,True,0.007960846,0.3001386,0.6766251,0.015267738,7.679383e-06,7.301203e-08
20027,2025-03-11,2,D1,2,D1,2,D1,True,0.008362858,0.30073732,0.6762787,0.014612657,8.367312e-06,8.251891e-08
20027,2025-03-18,2,D1,2,D1,2,D1,True,0.009331702,0.30429655,0.67200214,0.01436023,9.21722e-06,1.0331257e-07
20027,2025-03-25,2,D1,2,D1,2,D1,True,0.010674034,0.31288442,0.6622105,0.014221186,9.715181e-06,1.3054763e-07
20027,2025-04-01,2,D1,2,D1,2,D1,True,0.0011219876,0.14126013,0.77542454,0.08215959,3.3691653e-05,3.6821522e-08
20027,2025-04-08,1,D0,2,D1,2,D1,False,0.0005960898,0.11060709,0.78430384,0.10446237,3.06459e-05,1.6312997e-08
20027,2025-04-15,1,D0,1,D0,1,D0,True,0.09168158,0.5121326,0.39501992,0.0011649696,6.8414664e-07,2.153081e-07
20027,2025-04-22,1,D0,1,D0,1,D0,True,0.1826162,0.5490183,0.26816052,0.00020452695,2.0217854e-07,2.865141e-07
20027,2025-04-29,1,D0,1,D0,1,D0,True,0.15800875,0.56644833,0.27520424,0.00033803418,2.940517e-07,3.6786204e-07
20027,2025-05-06,1,D0,1,D0,1,D0,True,0.21943091,0.65030915,0.13023709,2.2446276e-05,5.3624973e-08,3.0840093e-07
20027,2025-05-13,1,D0,1,D0,1,D0,True,0.21366134,0.64404804,0.14227009,1.9689316e-05,7.6024264e-08,7.519601e-07
20027,2025-05-20,1,D0,1,D0,1,D0,True,0.20315337,0.62227327,0.17454414,2.7577391e-05,1.1925206e-07,1.4541696e-06
20027,2025-05-27,1,D0,1,D0,1,D0,True,0.19765729,0.62170213,0.18061152,2.7328153e-05,1.4034349e-07,1.5742427e-06
20027,2025-06-03,1,D0,1,D0,1,D0,True,0.17801557,0.64986885,0.1720886,2.5416412e-05,1.604403e-07,1.4290343e-06
20027,2025-06-10,1,D0,1,D0,1,D0,True,0.1642828,0.6723683,0.16332404,2.3641358e-05,1.4250217e-07,1.1010364e-06
20027,2025-06-17,1,D0,1,D0,1,D0,True,0.07648308,0.69221103,0.23119485,0.000109656685,3.6571555e-07,9.562792e-07
20027,2025-06-24,2,D1,1,D0,1,D0,False,0.06853262,0.71324986,0.2181405,7.625666e-05,2.2169576e-07,5.0715124e-07
20027,2025-07-01,2,D1,1,D0,1,D0,False,0.026146334,0.61554295,0.35703662,0.0012702488,2.6779583e-06,1.0781324e-06
20027,2025-07-08,2,D1,1,D0,1,D0,False,0.015885312,0.5678971,0.4138099,0.0024041275,2.9077785e-06,5.800224e-07
20027,2025-07-15,1,D0,1,D0,1,D0,True,0.0155365495,0.5580862,0.42412812,0.0022464045,2.2752579e-06,3.6698606e-07
20027,2025-07-22,1,D0,2,D1,2,D1,False,0.0036328558,0.26739106,0.6734004,0.055382952,0.00019157025,1.1418811e-06
20027,2025-07-29,2,D1,2,D1,2,D1,True,0.010544298,0.2610402,0.64949554,0.07821041,0.0007059057,3.6351855e-06
20027,2025-08-05,2,D1,1,D0,1,D0,False,0.09243679,0.60972255,0.29736695,0.0004712469,1.882047e-06,6.594665e-07
20027,2025-08-12,2,D1,1,D0,1,D0,False,0.018836446,0.51030505,0.46832463,0.0025315736,2.089048e-06,1.7133631e-07
20027,2025-08-19,2,D1,1,D0,1,D0,False,0.017815035,0.52624345,0.45408994,0.0018502678,1.2011278e-06,1.2111761e-07
20027,2025-08-26,2,D1,1,D0,1,D0,False,0.016371928,0.52110356,0.4604605,0.0020624583,1.44152e-06,1.3028854e-07
20027,2025-09-02,2,D1,1,D0,1,D0,False,0.017266877,0.5042521,0.47611657,0.0023622075,2.1479907e-06,1.742454e-07
20027,2025-09-09,2,D1,1,D0,1,D0,False,0.018063592,0.49470466,0.48469043,0.0025375385,3.382869e-06,3.0171492e-07
20027,2025-09-16,2,D1,1,D0,1,D0,False,0.0193496,0.4932059,0.48479325,0.002644633,5.903709e-06,7.0030734e-07
20027,2025-09-23,2,D1,2,D1,2,D1,True,0.014836538,0.43328804,0.5458884,0.005965477,1.9570118e-05,2.0359344e-06
20027,2025-09-30,2,D1,2,D1,2,D1,True,0.017299846,0.43124637,0.54514337,0.0062772674,2.9030474e-05,4.0989403e-06
20027,2025-10-07,2,D1,2,D1,2,D1,True,0.018830301,0.43353808,0.5414959,0.00610279,2.8562921e-05,4.313911e-06
20027,2025-10-14,2,D1,2,D1,2,D1,True,0.021085393,0.43805388,0.5353122,0.0055271555,1.8897503e-05,2.529705e-06
20027,2025-10-21,2,D1,2,D1,2,D1,True,0.021691086,0.42490777,0.5476058,0.0057830014,1.1448125e-05,8.2894434e-07
20027,2025-10-28,2,D1,2,D1,2,D1,True,0.019741815,0.38342115,0.5892078,0.007615507,1.3262153e-05,5.3608437e-07
20027,2025-11-04,2,D1,2,D1,2,D1,True,0.019381493,0.4139529,0.5610252,0.005634528,5.7303428e-06,2.2506575e-07
20027,2025-11-11,2,D1,2,D1,2,D1,True,0.01924489,0.42429674,0.55146116,0.0049931514,3.8911803e-06,1.5544188e-07
20027,2025-11-18,2,D1,2,D1,2,D1,True,0.020167142,0.4224533,0.5526148,0.004760447,4.089283e-06,1.626585e-07
20027,2025-11-25,2,D1,2,D1,2,D1,True,0.02131307,0.4206887,0.5535763,0.0044175205,4.304545e-06,1.7126747e-07
20027,2025-12-02,1,D0,2,D1,2,D1,False,0.03185095,0.47042406,0.4958907,0.0018316609,2.4576677e-06,1.8569617e-07
20027,2025-12-09,1,D0,1,D0,1,D0,True,0.26223546,0.64950186,0.08825999,2.7254102e-06,2.406738e-08,3.2625763e-08
20027,2025-12-16,1,D0,1,D0,1,D0,True,0.24954392,0.66920906,0.0812455,1.3972434e-06,1.2424117e-08,2.1743205e-08
20027,2025-12-23,1,D0,1,D0,1,D0,True,0.19023587,0.6874857,0.1222758,2.6414382e-06,1.2284306e-08,2.7103079e-08
20027,2025-12-30,1,D0,1,D0,1,D0,True,0.1463196,0.6987282,0.15494815,3.9944434e-06,1.3423508e-08,3.2764923e-08
20029,2022-01-04,1,D0,1,D0,1,D0,True,0.118439764,0.5556429,0.32550558,0.00040026553,8.703171e-06,2.6841767e-06
20029,2022-01-11,1,D0,1,D0,1,D0,True,0.112824336,0.5716103,0.3153506,0.00021310936,1.4532533e-06,2.8775221e-07
20029,2022-01-18,1,D0,1,D0,1,D0,True,0.10846126,0.58947235,0.30193433,0.00013157101,3.5208498e-07,5.5372862e-08
20029,2022-01-25,1,D0,1,D0,1,D0,True,0.09456848,0.6082112,0.29711074,0.00010941507,1.4969399e-07,2.622279e-08
20029,2022-02-01,1,D0,1,D0,1,D0,True,0.06797535,0.5845093,0.34721193,0.00030308316,2.877084e-07,2.837858e-08
20029,2022-02-08,2,D1,1,D0,1,D0,False,0.072480574,0.5690674,0.35799992,0.0004516568,3.778426e-07,4.2910848e-08
20029,2022-02-15,2,D1,2,D1,2,D1,True,0.0010238307,0.14923915,0.75756407,0.09215174,2.1108617e-05,1.4773261e-08
20029,2022-02-22,3,D2,2,D1,2,D1,False,0.0011375977,0.14696486,0.7381926,0.11368733,1.7577559e-05,3.002306e-08
20029,2022-03-01,3,D2,3,D2,3,D2,True,2.1907386e-05,0.00027398247,0.1549995,0.706778,0.13792619,4.0903484e-07
20029,2022-03-08,3,D2,3,D2,3,D2,True,2.4190015e-06,1.5671701e-05,0.05429307,0.7046239,0.24106295,1.997976e-06
20029,2022-03-15,3,D2,3,D2,3,D2,True,9.481258e-06,5.398794e-05,0.078377195,0.62948245,0.2919879,8.902753e-05
20029,2022-03-22,3,D2,3,D2,3,D2,True,2.1456994e-05,0.00010733461,0.08459086,0.57913506,0.33560646,0.00053881254
20029,2022-03-29,3,D2,3,D2,3,D2,True,5.2610565e-05,0.00028144658,0.10683269,0.5590979,0.33292633,0.00080899737
20029,2022-04-05,3,D2,3,D2,3,D2,True,4.6525238e-05,0.00025846157,0.10276579,0.5538921,0.34233472,0.00070249033
20029,2022-04-12,3,D2,3,D2,3,D2,True,4.4263896e-05,0.00028046712,0.10724924,0.5494575,0.3424597,0.0005088234
20029,2022-04-19,3,D2,3,D2,3,D2,True,4.1261315e-05,0.00030096658,0.11064829,0.54646105,0.34214258,0.00040574794
20029,2022-04-26,3,D2,3,D2,3,D2,True,3.862682e-05,0.00033760144,0.113175735,0.54284924,0.34326336,0.00033540206
20029,2022-05-03,3,D2,3,D2,3,D2,True,3.724633e-05,0.00039564815,0.11548612,0.5402096,0.34359172,0.00027963734
20029,2022-05-10,3,D2,3,D2,3,D2,True,5.6836878e-05,0.0007850454,0.14009897,0.5298791,0.3289369,0.00024308206
20029,2022-05-17,3,D2,3,D2,3,D2,True,0.00010163998,0.0018248558,0.17630874,0.5107793,0.310798,0.0001875492
20029,2022-05-24,3,D2,3,D2,3,D2,True,9.7446005e-05,0.002070779,0.18602076,0.51533824,0.29638037,9.2421185e-05
20029,2022-05-31,1,D0,3,D2,3,D2,False,9.000126e-05,0.0023317127,0.19905959,0.5234296,0.2750499,3.9233128e-05
20029,2022-06-07,0,None,1,D0,1,D0,False,0.27675837,0.6995126,0.023727596,1.4200532e-06,7.88195e-09,1.13294774e-07
20029,2022-06-14,0,None,0,None,0,None,True,0.61353076,0.38640654,6.268372e-05,5.319477e-09,3.837224e-09,3.6048209e-09
20029,2022-06-21,0,None,0,None,0,None,True,0.680943,0.31900612,5.080255e-05,1.1629694e-08,1.4095087e-08,7.472835e-09
20029,2022-06-28,0,None,0,None,0,None,True,0.6855863,0.31432384,8.974082e-05,5.1830405e-08,6.727159e-08,2.8457002e-08
20029,2022-07-05,0,None,0,None,0,None,True,0.69949764,0.3004121,9.0012516e-05,1.13111525e-07,1.6033731e-07,4.3982347e-08
20029,2022-07-12,0,None,0,None,0,None,True,0.68562746,0.3142254,0.00014610251,3.5066273e-07,4.6496083e-07,1.3864013e-07
20029,2022-07-19,0,None,0,None,0,None,True,0.65884995,0.3408812,0.0002662314,9.624472e-07,1.1215528e-06,4.5187528e-07
20029,2022-07-26,0,None,0,None,0,None,True,0.6623485,0.33739498,0.00025312547,1.2191447e-06,1.5325385e-06,6.637186e-07
20029,2022-08-02,0,None,0,None,0,None,True,0.6750683,0.3247742,0.00015477036,9.37707e-07,1.3672237e-06,4.873964e-07
20029,2022-08-09,0,None,0,None,0,None,True,0.6701403,0.32970256,0.00015431603,1.0050205e-06,1.3064707e-06,5.436756e-07
20029,2022-08-16,0,None,0,None,0,None,True,0.661821,0.33802366,0.00015263041,9.313726e-07,1.116802e-06,6.113591e-07
20029,2022-08-23,0,None,0,None,0,None,True,0.6561209,0.3437288,0.00014783515,8.2733834e-07,9.572e-07,6.541309e-07
20029,2022-08-30,1,D0,0,None,0,None,False,0.65191495,0.34794104,0.00014174341,7.473848e-07,8.771895e-07,7.3310383e-07
20029,2022-09-06,1,D0,1,D0,1,D0,True,0.15770344,0.6403193,0.20182759,0.00014427092,5.367427e-07,4.8395937e-06
20029,2022-09-13,1,D0,1,D0,1,D0,True,0.095680036,0.58142805,0.32194117,0.0009404233,3.4468628e-06,6.8675276e-06
20029,2022-09-20,1,D0,1,D0,1,D0,True,0.15893911,0.5819052,0.25875655,0.00038553725,2.3889731e-06,1.11574045e-05
20029,2022-09-27,1,D0,1,D0,1,D0,True,0.17813562,0.59232086,0.22935927,0.00017443244,1.1130742e-06,8.741716e-06
20029,2022-10-04,1,D0,1,D0,1,D0,True,0.18636966,0.5989692,0.2145459,0.000107478045,6.6223436e-07,7.127048e-06
20029,2022-10-11,1,D0,1,D0,1,D0,True,0.19076985,0.6034124,0.20573483,7.699786e-05,4.3714357e-07,5.5131186e-06
20029,2022-10-18,1,D0,1,D0,1,D0,True,0.1877005,0.6139542,0.1982826,5.8394817e-05,3.0493356e-07,4.0323093e-06
20029,2022-10-25,1,D0,1,D0,1,D0,True,0.17535336,0.6376146,0.18698683,4.2055697e-05,2.1694919e-07,2.8906647e-06
20029,2022-11-01,1,D0,1,D0,1,D0,True,0.13277887,0.69355565,0.1736341,3.0054578e-05,1.11396844e-07,1.2145573e-06
20029,2022-11-08,1,D0,1,D0,1,D0,True,0.10755727,0.7181981,0.17421865,2.503206e-05,7.674064e-08,8.3097626e-07
20029,2022-11-15,1,D0,1,D0,1,D0,True,0.082296595,0.73711544,0.18056513,2.2214052e-05,5.6537104e-08,5.02277e-07
20029,2022-11-22,1,D0,1,D0,1,D0,True,0.06472874,0.74651605,0.18873227,2.2568523e-05,4.706567e-08,3.3056605e-07
20029,2022-11-29,1,D0,1,D0,1,D0,True,0.052162558,0.7437306,0.20407641,3.0185689e-05,5.403419e-08,2.6039888e-07
20029,2022-12-06,1,D0,1,D0,1,D0,True,0.044464495,0.7295037,0.22598581,4.5837096e-05,6.938017e-08,2.1473889e-07
20029,2022-12-13,1,D0,1,D0,1,D0,True,0.047414947,0.7032477,0.24927503,6.1939994e-05,9.070844e-08,2.5032585e-07
20029,2022-12-20,1,D0,1,D0,1,D0,True,0.046670195,0.7022812,0.25097507,7.328779e-05,9.179343e-08,2.2723019e-07
20029,2022-12-27,1,D0,1,D0,1,D0,True,0.043585353,0.7038654,0.25246614,8.2737395e-05,1.04936404e-07,2.5674004e-07
20029,2023-01-03,1,D0,1,D0,1,D0,True,0.037930056,0.6959703,0.26598254,0.00011637105,1.9997046e-07,4.647795e-07
20029,2023-01-10,1,D0,1,D0,1,D0,True,0.039810114,0.69047755,0.26957074,0.00014040568,3.1355347e-07,8.712801e-07
20029,2023-01-17,1,D0,1,D0,1,D0,True,0.043119483,0.68446887,0.2721981,0.00021096981,5.8098084e-07,1.9530005e-06
20029,2023-01-24,1,D0,1,D0,1,D0,True,0.0465608,0.6843401,0.26887053,0.00022479129,8.4869447e-07,2.9034632e-06
20029,2023-01-31,1,D0,1,D0,1,D0,True,0.049508,0.6829421,0.26733202,0.00021340993,9.300774e-07,3.5686512e-06
20029,2023-02-07,1,D0,1,D0,1,D0,True,0.053131636,0.6815702,0.2651072,0.00018510323,1.0245609e-06,4.8805614e-06
20029,2023-02-14,1,D0,1,D0,1,D0,True,0.058017742,0.684951,0.2568999,0.00012664757,7.0241146e-07,4.0032533e-06
20029,2023-02-21,1,D0,1,D0,1,D0,True,0.082152426,0.696849,0.22092615,6.985449e-05,3.728704e-07,2.2173515e-06
20029,2023-02-28,1,D0,1,D0,1,D0,True,0.101775564,0.6928981,0.20527041,5.4057782e-05,3.0426006e-07,1.6716648e-06
20029,2023-03-07,1,D0,1,D0,1,D0,True,0.10476527,0.69033045,0.20484821,5.4055366e-05,3.180373e-07,1.6599552e-06
20029,2023-03-14,1,D0,1,D0,1,D0,True,0.06825056,0.66234356,0.26916334,0.0002383524,9.48918e-07,3.2334349e-06
20029,2023-03-21,1,D0,1,D0,1,D0,True,0.06406353,0.6341368,0.30138692,0.00040598222,1.5402962e-06,5.315965e-06
20029,2023-03-28,1,D0,1,D0,1,D0,True,0.06926539,0.61864245,0.31167966,0.00040248444,2.0309374e-06,7.996589e-06
20029,2023-04-04,1,D0,1,D0,1,D0,True,0.08065026,0.61029285,0.3086208,0.00042569058,2.1271894e-06,8.372832e-06
20029,2023-04-11,2,D1,1,D0,1,D0,False,0.106908835,0.6020022,0.2906837,0.000397704,1.2777741e-06,6.3175353e-06
20029,2023-04-18,2,D1,2,D1,2,D1,True,0.0014171983,0.16017093,0.6389575,0.1993704,8.053265e-05,3.430315e-06
20029,2023-04-25,2,D1,2,D1,2,D1,True,0.0023924394,0.18460321,0.64268506,0.17026183,4.904341e-05,8.463461e-06
20029,2023-05-02,2,D1,2,D1,2,D1,True,0.008304972,0.20927037,0.6115075,0.17073388,0.00014198163,4.1270647e-05
20029,2023-05-09,2,D1,2,D1,2,D1,True,0.0021706305,0.08543266,0.6271878,0.28499156,0.00021274737,4.6056907e-06
20029,2023-05-16,1,D0,2,D1,2,D1,False,0.0028846134,0.09924851,0.6435913,0.2541629,0.00011034836,2.3096889e-06
20029,2023-05-23,1,D0,1,D0,1,D0,True,0.32248154,0.5528172,0.12461261,8.6934364e-05,1.3197409e-07,1.5438027e-06
20029,2023-05-30,1,D0,1,D0,1,D0,True,0.3182298,0.5999284,0.08183031,1.0253593e-05,1.1901615e-07,1.1119578e-06
20029,2023-06-06,1,D0,1,D0,1,D0,True,0.22912085,0.52185315,0.24869661,0.00031485895,2.5489119e-06,1.1983898e-05
20029,2023-06-13,1,D0,1,D0,1,D0,True,0.23339193,0.5266176,0.2397476,0.00023139681,1.6858316e-06,9.832933e-06
20029,2023-06-20,2,D1,1,D0,1,D0,False,0.23642176,0.53216404,0.23121734,0.00018700099,1.3383169e-06,8.520512e-06
20029,2023-06-27,2,D1,2,D1,2,D1,True,0.0021326328,0.13655709,0.690646,0.17041188,0.0002361412,1.6229531e-05
20029,2023-07-04,2,D1,2,D1,2,D1,True,0.001482266,0.11900703,0.66798455,0.21092516,0.000582068,1.8964854e-05
20029,2023-07-11,2,D1,2,D1,2,D1,True,0.0025530697,0.13930237,0.62827885,0.22813752,0.0016563594,7.186427e-05
20029,2023-07-18,2,D1,2,D1,2,D1,True,0.003792906,0.16561556,0.6017942,0.22578382,0.002859205,0.00015438962
20029,2023-07-25,2,D1,2,D1,2,D1,True,0.0047465446,0.1966902,0.60478175,0.19137062,0.0022818935,0.00012901762
20029,2023-08-01,2,D1,2,D1,2,D1,True,0.0050137085,0.21676517,0.616662,0.15990682,0.0015750508,7.72023e-05
20029,2023-08-08,2,D1,2,D1,2,D1,True,0.004546207,0.2268472,0.63005644,0.13748388,0.0010231726,4.3150772e-05
20029,2023-08-15,2,D1,2,D1,2,D1,True,0.0037112078,0.22445373,0.64739114,0.12373385,0.00068811874,2.1933114e-05
20029,2023-08-22,2,D1,2,D1,2,D1,True,0.0029531817,0.20645298,0.6698953,0.120180115,0.0005059225,1.2488887e-05
20029,2023-08-29,2,D1,2,D1,2,D1,True,0.0018519339,0.16552874,0.6829469,0.14929159,0.00037399368,6.792623e-06
20029,2023-09-05,2,D1,2,D1,2,D1,True,0.0014536735,0.14192325,0.6796689,0.1766127,0.00033672256,4.782726e-06
20029,2023-09-12,2,D1,2,D1,2,D1,True,0.00096728356,0.084036656,0.62459826,0.28833464,0.0020567048,6.425304e-06
20029,2023-09-19,2,D1,2,D1,2,D1,True,0.001306209,0.09950423,0.6157196,0.2812679,0.0021937038,8.400888e-06
20029,2023-09-26,2,D1,2,D1,2,D1,True,0.0014359558,0.10435921,0.6139106,0.27802306,0.0022616514,9.505226e-06
20029,2023-10-03,2,D1,2,D1,2,D1,True,0.002258514,0.14156038,0.6303222,0.22449233,0.0013542679,1.2271472e-05
20029,2023-10-10,2,D1,2,D1,2,D1,True,0.00096947653,0.04823385,0.5474363,0.39298937,0.010359151,1.1793117e-05
20029,2023-10-17,2,D1,2,D1,2,D1,True,0.0011473746,0.052694052,0.5416193,0.394042,0.010484642,1.2595517e-05
20029,2023-10-24,2,D1,2,D1,2,D1,True,0.0011937538,0.053625647,0.541234,0.39348662,0.0104467105,1.31879315e-05
20029,2023-10-31,2,D1,2,D1,2,D1,True,0.0011652849,0.053216968,0.54275894,0.39286333,0.009983234,1.2197533e-05
20029,2023-11-07,2,D1,2,D1,2,D1,True,0.001144878,0.053617854,0.5457409,0.39016613,0.009318925,1.1291542e-05
20029,2023-11-14,3,D2,2,D1,2,D1,False,0.001101043,0.05278804,0.54686904,0.3902305,0.009000941,1.0427079e-05
20029,2023-11-21,3,D2,3,D2,3,D2,True,0.00026706755,0.008664946,0.38546416,0.5304118,0.07518533,6.692775e-06
20029,2023-11-28,3,D2,3,D2,3,D2,True,0.00027613703,0.008384471,0.37432542,0.5354815,0.08152552,6.9289863e-06
20029,2023-12-05,3,D2,3,D2,3,D2,True,0.00030846254,0.008968164,0.3722306,0.5328269,0.08565691,8.926782e-06
20029,2023-12-12,3,D2,3,D2,3,D2,True,0.0003340338,0.0096668275,0.3745798,0.5301786,0.08523058,1.0189024e-05
20029,2023-12-19,3,D2,3,D2,3,D2,True,0.0003446264,0.010200014,0.37737405,0.52770394,0.0843664,1.0918447e-05
20029,2023-12-26,3,D2,3,D2,3,D2,True,0.00032889037,0.010325857,0.37716,0.52594715,0.08622673,1.1292389e-05
20029,2024-01-02,3,D2,3,D2,3,D2,True,0.00030271403,0.010241455,0.37491587,0.5244708,0.090057574,1.1538995e-05
20029,2024-01-09,3,D2,3,D2,3,D2,True,0.00030127302,0.010602289,0.37673882,0.522691,0.0896551,1.1503962e-05
20029,2024-01-16,3,D2,3,D2,3,D2,True,0.0002989334,0.011228593,0.37485853,0.52175283,0.09185074,1.03801285e-05
20029,2024-01-23,2,D1,3,D2,3,D2,False,0.00029492239,0.012134498,0.36632603,0.52243453,0.098801814,8.249638e-06
20029,2024-01-30,2,D1,2,D1,2,D1,True,0.0056226295,0.3905001,0.58686364,0.016993072,1.8614759e-05,1.9119534e-06
20029,2024-02-06,2,D1,2,D1,2,D1,True,0.001217808,0.23899727,0.70626837,0.053481974,3.387226e-05,6.6835173e-07
20029,2024-02-13,2,D1,2,D1,2,D1,True,0.0016676422,0.3103779,0.6694994,0.018450988,3.8685234e-06,2.1020995e-07
20029,2024-02-20,2,D1,2,D1,2,D1,True,0.0011152511,0.26612258,0.7077636,0.024994133,4.362594e-06,1.2868121e-07
20029,2024-02-27,2,D1,2,D1,2,D1,True,0.00095178443,0.24594203,0.7247392,0.028362222,4.700671e-06,9.011608e-08
20029,2024-03-05,2,D1,2,D1,2,D1,True,0.0009643559,0.23942038,0.73073006,0.02888036,4.7464214e-06,7.0791714e-08
20029,2024-03-12,2,D1,2,D1,2,D1,True,0.0009944714,0.23626783,0.7328648,0.029867956,4.910009e-06,5.9957365e-08
20029,2024-03-19,2,D1,2,D1,2,D1,True,0.0009648884,0.2395157,0.729436,0.030078936,4.394394e-06,4.2620655e-08
20029,2024-03-26,2,D1,2,D1,2,D1,True,0.0013079058,0.27300268,0.7041423,0.021544404,2.7124493e-06,2.7999294e-08
20029,2024-04-02,2,D1,2,D1,2,D1,True,0.00144236,0.27117562,0.7043564,0.023023017,2.7252474e-06,2.34933e-08
20029,2024-04-09,2,D1,2,D1,2,D1,True,0.0015980683,0.23154317,0.7386075,0.028247887,3.3334325e-06,2.0607212e-08
20029,2024-04-16,2,D1,2,D1,2,D1,True,0.0016063002,0.22246413,0.74483085,0.031095013,3.7441928e-06,2.2873976e-08
20029,2024-04-23,3,D2,2,D1,2,D1,False,0.00065190525,0.16943939,0.7706611,0.05924088,6.6628113e-06,1.6276537e-08
20029,2024-04-30,2,D1,3,D2,3,D2,False,3.513868e-05,0.0018449328,0.3462674,0.61842406,0.033428323,1.0741638e-07
20029,2024-05-07,1,D0,1,D0,1,D0,True,0.038129654,0.5531898,0.4075799,0.001099728,6.6763636e-07,2.0623519e-07
20029,2024-05-14,1,D0,1,D0,1,D0,True,0.24941657,0.71953017,0.031052608,5.8514337e-07,5.9477534e-09,2.2219124e-08
20029,2024-05-21,1,D0,1,D0,1,D0,True,0.18768437,0.7656343,0.04668066,6.122947e-07,3.9790717e-09,1.5998143e-08
20029,2024-05-28,1,D0,1,D0,1,D0,True,0.21532358,0.7475409,0.03713514,3.2646082e-07,2.9137137e-09,1.4691349e-08
20029,2024-06-04,1,D0,1,D0,1,D0,True,0.21173611,0.7487161,0.03954744,3.6085441e-07,4.574958e-09,2.6970115e-08
20029,2024-06-11,0,None,1,D0,1,D0,False,0.15403949,0.76222366,0.08373556,1.2115431e-06,9.8863175e-09,6.040024e-08
20029,2024-06-18,0,None,0,None,0,None,True,0.5340465,0.46509492,0.00085833407,3.9277687e-08,3.57108e-08,1.14354684e-07
20029,2024-06-25,0,None,0,None,0,None,True,0.65468454,0.34516922,0.00014600263,3.4283122e-08,5.6285888e-08,6.465763e-08
20029,2024-07-02,0,None,0,None,0,None,True,0.64140993,0.35830265,0.00028699593,1.359962e-07,1.8602097e-07,2.0158485e-07
20029,2024-07-09,0,None,0,None,0,None,True,0.6233071,0.3761375,0.00055377994,4.3956587e-07,5.0255267e-07,6.1883514e-07
20029,2024-07-16,0,None,0,None,0,None,True,0.6470252,0.3527307,0.00024270214,3.1821142e-07,5.635402e-07,5.8454907e-07
20029,2024-07-23,1,D0,0,None,0,None,False,0.6324476,0.36722907,0.00031907362,7.2348894e-07,1.1160461e-06,2.4375688e-06
20029,2024-07-30,2,D1,1,D0,1,D0,False,0.056570098,0.6440502,0.29927,0.000108355554,2.3461035e-07,1.1870173e-06
20029,2024-08-06,2,D1,2,D1,2,D1,True,0.001018215,0.123171076,0.59792113,0.27728912,0.00058971485,1.0696401e-05
20029,2024-08-13,2,D1,2,D1,2,D1,True,0.0005069125,0.071801156,0.5438932,0.3816628,0.0021163626,1.9563653e-05
20029,2024-08-20,2,D1,2,D1,2,D1,True,0.00089689787,0.08019228,0.4961691,0.4183192,0.0043355515,8.693459e-05
20029,2024-08-27,2,D1,3,D2,3,D2,False,0.000304109,0.011472013,0.24394548,0.569758,0.17388088,0.00063951896
20029,2024-09-03,2,D1,3,D2,3,D2,False,0.0005543015,0.01611627,0.22743803,0.5589837,0.19521502,0.0016927302
20029,2024-09-10,2,D1,3,D2,3,D2,False,0.0007564798,0.018569471,0.21183467,0.54783183,0.21718965,0.0038179026
20029,2024-09-17,2,D1,3,D2,3,D2,False,0.00081681006,0.020088844,0.21646188,0.54474807,0.21356273,0.0043216855
20029,2024-09-24,2,D1,3,D2,3,D2,False,0.0008527877,0.022406926,0.2287629,0.54730064,0.19670469,0.003972078
20029,2024-10-01,2,D1,3,D2,3,D2,False,0.0022077179,0.07067056,0.35495225,0.5234522,0.04646937,0.0022479144
20029,2024-10-08,2,D1,3,D2,3,D2,False,0.0017953842,0.06945108,0.3768381,0.5129967,0.037569407,0.0013493556
20029,2024-10-15,3,D2,3,D2,3,D2,True,0.0017599349,0.07578182,0.40306765,0.48990464,0.028643318,0.0008426449
20029,2024-10-22,3,D2,3,D2,3,D2,True,4.692031e-06,5.7521775e-05,0.0510159,0.51521397,0.43354154,0.00016629868
20029,2024-10-29,3,D2,3,D2,3,D2,True,1.502026e-05,0.00017394747,0.07314061,0.53070563,0.39572126,0.00024351278
20029,2024-11-05,2,D1,3,D2,3,D2,False,5.26473e-06,3.236651e-05,0.032683738,0.49336338,0.47345385,0.00046141527
20029,2024-11-12,2,D1,2,D1,2,D1,True,0.014541969,0.20015572,0.41210264,0.33315736,0.037364967,0.002677353
20029,2024-11-19,2,D1,3,D2,3,D2,False,0.0041976348,0.08690741,0.40405613,0.42760113,0.07637984,0.00085784716
20029,2024-11-26,2,D1,2,D1,2,D1,True,0.009176781,0.32505035,0.5948616,0.07056537,0.00031398117,3.1810414e-05
20029,2024-12-03,2,D1,2,D1,2,D1,True,0.002652247,0.19244576,0.6438253,0.16058317,0.00047809182,1.5460884e-05
20029,2024-12-10,2,D1,2,D1,2,D1,True,0.0017692833,0.16343194,0.66104144,0.17325798,0.00049033604,8.982753e-06
20029,2024-12-17,2,D1,2,D1,2,D1,True,0.0015090108,0.15228999,0.6697588,0.17590493,0.00053096894,6.3991915e-06
20029,2024-12-24,2,D1,2,D1,2,D1,True,0.0012474534,0.14652485,0.6841269,0.16761403,0.0004833596,3.4417171e-06
20029,2024-12-31,2,D1,2,D1,2,D1,True,0.00093779806,0.13504755,0.7088846,0.1548541,0.00027518292,7.3317256e-07
20029,2025-01-07,2,D1,2,D1,2,D1,True,0.00066698884,0.1109314,0.7343087,0.15396273,0.00013006905,1.203024e-07
20029,2025-01-14,2,D1,2,D1,2,D1,True,0.00062607194,0.106986746,0.7476045,0.14468597,9.665811e-05,6.906331e-08
20029,2025-01-21,2,D1,2,D1,2,D1,True,0.00063857436,0.11697908,0.7566237,0.12570031,5.8352034e-05,4.25806e-08
20029,2025-01-28,2,D1,2,D1,2,D1,True,0.0006401169,0.12154772,0.7621507,0.11561729,4.410552e-05,3.4153963e-08
20029,2025-02-04,2,D1,2,D1,2,D1,True,0.0006293586,0.12402047,0.7657841,0.10952906,3.6952013e-05,2.9398198e-08
20029,2025-02-11,2,D1,2,D1,2,D1,True,0.0006271613,0.12386105,0.7693935,0.10608391,3.4274995e-05,2.7392428e-08
20029,2025-02-18,2,D1,2,D1,2,D1,True,0.00062900985,0.121503375,0.7726477,0.105185114,3.483808e-05,2.6619208e-08
20029,2025-02-25,2,D1,2,D1,2,D1,True,0.00063629495,0.119513206,0.7769275,0.102888554,3.446773e-05,2.5898835e-08
20029,2025-03-04,2,D1,2,D1,2,D1,True,0.00065502396,0.12010601,0.78035724,0.098849386,3.2300566e-05,2.4993724e-08
20029,2025-03-11,2,D1,2,D1,2,D1,True,0.0006902764,0.12334136,0.7809008,0.09503856,2.902603e-05,2.390105e-08
20029,2025-03-18,2,D1,2,D1,2,D1,True,0.00074226776,0.13157408,0.77839273,0.08926636,2.451188e-05,2.1561785e-08
20029,2025-03-25,2,D1,2,D1,2,D1,True,0.00083185825,0.14181961,0.7730783,0.084249444,2.0828997e-05,2.1422213e-08
20029,2025-04-01,2,D1,2,D1,2,D1,True,0.0009619834,0.14883712,0.76696736,0.08321559,1.7918263e-05,2.4666845e-08
20029,2025-04-08,2,D1,2,D1,2,D1,True,0.0011443325,0.15689889,0.75803584,0.08390685,1.40143375e-05,2.842077e-08
20029,2025-04-15,2,D1,2,D1,2,D1,True,0.0014670603,0.16967505,0.7435143,0.08533345,1.0136272e-05,3.772255e-08
20029,2025-04-22,2,D1,2,D1,2,D1,True,0.0023120912,0.18680662,0.7086574,0.10221342,1.0311753e-05,1.3974358e-07
20029,2025-04-29,2,D1,2,D1,2,D1,True,0.0017078919,0.17525797,0.71595216,0.10706938,1.2214225e-05,3.516655e-07
20029,2025-05-06,2,D1,1,D0,1,D0,False,0.11229568,0.59751093,0.2897669,0.00042272822,4.6188526e-07,3.242913e-06
20029,2025-05-13,2,D1,1,D0,1,D0,False,0.14587326,0.62383646,0.23014466,0.00014168482,4.1059315e-07,3.5137432e-06
20029,2025-05-20,2,D1,1,D0,1,D0,False,0.12346505,0.61933136,0.25701457,0.00018337164,6.667712e-07,4.968128e-06
20029,2025-05-27,2,D1,1,D0,1,D0,False,0.099444255,0.6320844,0.2682333,0.00023211334,9.744559e-07,4.935777e-06
20029,2025-06-03,2,D1,1,D0,1,D0,False,0.073942155,0.6256056,0.30001745,0.0004281705,1.4775262e-06,5.1663374e-06
20029,2025-06-10,2,D1,1,D0,1,D0,False,0.056079276,0.64055926,0.30293,0.00042775605,1.0278707e-06,2.620868e-06
20029,2025-06-17,2,D1,2,D1,2,D1,True,0.0016703857,0.32048336,0.6417833,0.036049716,1.27016565e-05,4.882657e-07
20029,2025-06-24,2,D1,1,D0,2,D1,True,0.0063157342,0.49428082,0.49366227,0.0057384353,2.3056523e-06,4.0669318e-07
20029,2025-07-01,2,D1,1,D0,1,D0,False,0.0082468875,0.5250121,0.46329898,0.003440303,1.5605964e-06,2.3842446e-07
20029,2025-07-08,2,D1,1,D0,1,D0,False,0.027598526,0.64605814,0.32601202,0.00033082336,3.038879e-07,1.8254333e-07
20029,2025-07-15,2,D1,1,D0,1,D0,False,0.026332863,0.64337426,0.33000422,0.0002879748,4.0532743e-07,2.2687728e-07
20029,2025-07-22,2,D1,1,D0,1,D0,False,0.028598364,0.61979836,0.35113344,0.0004674222,1.343435e-06,1.0440714e-06
20029,2025-07-29,1,D0,1,D0,1,D0,True,0.09354582,0.6583375,0.24796624,0.00014217592,2.0986004e-06,6.123912e-06
20029,2025-08-05,1,D0,1,D0,1,D0,True,0.29614004,0.63779825,0.06605569,3.026728e-06,2.5789802e-07,2.7723531e-06
20029,2025-08-12,1,D0,1,D0,1,D0,True,0.28283134,0.646114,0.07104886,2.8847635e-06,2.1716119e-07,2.7295673e-06
20029,2025-08-19,1,D0,1,D0,1,D0,True,0.25495583,0.6497478,0.09528836,4.577774e-06,2.2805138e-07,3.148248e-06
20029,2025-08-26,1,D0,1,D0,1,D0,True,0.236556,0.64847904,0.114953674,7.191997e-06,2.9754582e-07,3.7802204e-06
20029,2025-09-02,1,D0,1,D0,1,D0,True,0.22592421,0.64520246,0.128859,9.815009e-06,4.147952e-07,4.048267e-06
20029,2025-09-09,1,D0,1,D0,1,D0,True,0.1553049,0.65981954,0.18484819,2.3192475e-05,5.1470704e-07,3.5876617e-06
20029,2025-09-16,2,D1,1,D0,1,D0,False,0.16562362,0.6505034,0.18384117,2.6005038e-05,7.405807e-07,5.1304764e-06
20029,2025-09-23,2,D1,1,D0,1,D0,False,0.059091464,0.59046996,0.34947038,0.0009289634,1.6841235e-05,2.2488422e-05
20029,2025-09-30,2,D1,1,D0,1,D0,False,0.051462773,0.5516736,0.3946302,0.002160569,3.651653e-05,3.638853e-05
20029,2025-10-07,1,D0,1,D0,1,D0,True,0.06652045,0.547498,0.38376456,0.002104923,5.6927896e-05,5.5064967e-05
20029,2025-10-14,1,D0,1,D0,1,D0,True,0.2534417,0.57286376,0.1736083,6.028948e-05,4.5160355e-06,2.1390904e-05
20029,2025-10-21,1,D0,1,D0,1,D0,True,0.25539616,0.5728555,0.17168197,5.0325154e-05,3.8103935e-06,1.2271642e-05
20029,2025-10-28,1,D0,1,D0,1,D0,True,0.20178121,0.58448,0.21365775,7.6671575e-05,1.8408927e-06,2.5302236e-06
20029,2025-11-04,1,D0,1,D0,1,D0,True,0.14853093,0.61330485,0.23807028,9.2550894e-05,7.934226e-07,5.50866e-07
20029,2025-11-11,1,D0,1,D0,1,D0,True,0.13139805,0.61900085,0.24949278,0.00010731931,6.133963e-07,3.63642e-07
20029,2025-11-18,1,D0,1,D0,1,D0,True,0.118601866,0.6248481,0.2564259,0.00012326673,5.341668e-07,2.8625394e-07
20029,2025-11-25,0,None,1,D0,1,D0,False,0.11298019,0.6253132,0.26156828,0.0001374419,5.237268e-07,2.620264e-07
20029,2025-12-02,0,None,0,None,0,None,True,0.6104346,0.388593,0.00097210833,1.9749665e-07,7.80347e-08,2.469053e-08
20029,2025-12-09,0,None,0,None,0,None,True,0.6113974,0.38766667,0.0009355021,3.202599e-07,9.207148e-08,2.7847134e-08
20029,2025-12-16,0,None,0,None,0,None,True,0.5562482,0.44069186,0.0030581017,1.6050247e-06,2.2164222e-07,9.393447e-08
20029,2025-12-23,0,None,0,None,0,None,True,0.53225124,0.46192318,0.005820622,4.244725e-06,4.6138337e-07,2.1808303e-07
20029,2025-12-30,0,None,0,None,0,None,True,0.51700836,0.4744211,0.008561674,7.654041e-06,7.378386e-07,3.779438e-07
20031,2022-01-04,0,None,0,None,0,None,True,0.71299565,0.28690884,9.397209e-05,8.148731e-07,5.762434e-07,3.5793878e-08
20031,2022-01-11,0,None,0,None,0,None,True,0.7092127,0.29072338,6.2871724e-05,5.4138826e-07,3.6612988e-07,5.0040992e-08
20031,2022-01-18,0,None,0,None,0,None,True,0.6902006,0.30975506,4.3331092e-05,3.9546944e-07,3.62818e-07,1.9836773e-07
20031,2022-01-25,0,None,0,None,0,None,True,0.67525965,0.32469496,4.167154e-05,4.603074e-07,1.0517907e-06,2.2172496e-06
20031,2022-02-01,0,None,0,None,0,None,True,0.60877204,0.3908329,0.0003820952,1.461339e-06,2.187842e-06,9.319524e-06
20031,2022-02-08,0,None,0,None,0,None,True,0.520321,0.47803336,0.0016348559,2.8069383e-06,1.201819e-06,6.7565293e-06
20031,2022-02-15,0,None,0,None,0,None,True,0.6017959,0.39783683,0.00035937768,8.956476e-07,1.3596773e-06,5.677562e-06
20031,2022-02-22,0,None,0,None,0,None,True,0.60500914,0.39467132,0.00031222167,7.975198e-07,1.2733663e-06,5.2578407e-06
20031,2022-03-01,1,D0,0,None,0,None,False,0.5987073,0.4009229,0.00036242124,8.6913735e-07,1.2303468e-06,5.2530527e-06
20031,2022-03-08,1,D0,1,D0,1,D0,True,0.05072908,0.7088534,0.24035372,6.334548e-05,8.080692e-08,3.6731186e-07
20031,2022-03-15,1,D0,1,D0,1,D0,True,0.050344028,0.644906,0.3045161,0.00023131871,8.320725e-07,1.7369154e-06
20031,2022-03-22,0,None,1,D0,1,D0,False,0.06695638,0.6550948,0.27779642,0.00014980031,7.5801876e-07,1.8773426e-06
20031,2022-03-29,0,None,0,None,0,None,True,0.6775349,0.32231218,0.00014933689,3.4851328e-07,1.1171479e-06,2.1426863e-06
20031,2022-04-05,0,None,0,None,0,None,True,0.68097115,0.3189493,7.692556e-05,2.4880694e-07,7.824701e-07,1.5204222e-06
20031,2022-04-12,0,None,0,None,0,None,True,0.66994697,0.32996455,8.413746e-05,3.8195324e-07,1.2245956e-06,2.6794628e-06
20031,2022-04-19,0,None,0,None,0,None,True,0.66599345,0.3339142,8.585755e-05,5.398076e-07,1.8120262e-06,4.133155e-06
20031,2022-04-26,0,None,0,None,0,None,True,0.66312003,0.33677858,9.218624e-05,7.6062605e-07,2.5639156e-06,5.9044355e-06
20031,2022-05-03,0,None,0,None,0,None,True,0.66064686,0.33923617,0.00010438084,1.0911508e-06,3.5388744e-06,8.0542595e-06
20031,2022-05-10,0,None,0,None,0,None,True,0.66044366,0.33942544,0.0001151934,1.4261772e-06,4.434708e-06,9.932371e-06
20031,2022-05-17,0,None,0,None,0,None,True,0.6605246,0.3393374,0.00012076214,1.6154996e-06,4.816505e-06,1.0786511e-05
20031,2022-05-24,0,None,0,None,0,None,True,0.66053414,0.33932674,0.00012183913,1.6583384e-06,4.814995e-06,1.08688e-05
20031,2022-05-31,0,None,0,None,0,None,True,0.6605012,0.33936018,0.000121695106,1.63736e-06,4.6742275e-06,1.0626805e-05
20031,2022-06-07,0,None,0,None,0,None,True,0.66031194,0.33954987,0.000121944824,1.6040583e-06,4.491876e-06,1.01921505e-05
20031,2022-06-14,0,None,0,None,0,None,True,0.65999585,0.3398657,0.00012275716,1.5800242e-06,4.3318655e-06,9.844601e-06
20031,2022-06-21,0,None,0,None,0,None,True,0.6596324,0.3402284,0.00012375138,1.5671473e-06,4.2216157e-06,9.611438e-06
20031,2022-06-28,0,None,0,None,0,None,True,0.6592703,0.3405898,0.00012474164,1.5636826e-06,4.1513777e-06,9.470825e-06
20031,2022-07-05,0,None,0,None,0,None,True,0.65919375,0.34066558,0.00012559874,1.5645721e-06,4.1164567e-06,9.419591e-06
20031,2022-07-12,0,None,0,None,0,None,True,0.6592272,0.3406315,0.00012618178,1.5697286e-06,4.115928e-06,9.453584e-06
20031,2022-07-19,1,D0,0,None,0,None,False,0.6593593,0.34049904,0.0001264234,1.5764241e-06,4.139768e-06,9.5590385e-06
20031,2022-07-26,2,D1,1,D0,1,D0,False,0.040682245,0.6719746,0.2871654,0.00017675204,3.4932427e-07,7.3742507e-07
20031,2022-08-02,2,D1,2,D1,2,D1,True,0.0036503458,0.28833818,0.58335984,0.123443596,0.0011548976,5.31772e-05
20031,2022-08-09,2,D1,2,D1,2,D1,True,0.0019750316,0.19668671,0.6202546,0.18027633,0.00078506034,2.2297007e-05
20031,2022-08-16,2,D1,2,D1,2,D1,True,0.002178333,0.17920238,0.6219019,0.195866,0.00081939594,3.1992346e-05
20031,2022-08-23,2,D1,3,D2,2,D1,True,0.0005096909,0.015194274,0.45495507,0.45621505,0.07288143,0.0002444493
20031,2022-08-30,1,D0,2,D1,2,D1,False,0.0009978471,0.024132919,0.46035248,0.44770953,0.06632189,0.00048536708
20031,2022-09-06,1,D0,1,D0,1,D0,True,0.09277425,0.5053662,0.39680147,0.004927044,4.3949658e-05,8.7136585e-05
20031,2022-09-13,1,D0,1,D0,1,D0,True,0.1114952,0.5480801,0.33830917,0.002049311,2.0534995e-05,4.5673296e-05
20031,2022-09-20,2,D1,1,D0,1,D0,False,0.054747865,0.49304447,0.4465726,0.0055782343,2.5797917e-05,3.104629e-05
20031,2022-09-27,2,D1,2,D1,2,D1,True,0.00031287505,0.051990204,0.6473226,0.2994225,0.00094462343,7.2565826e-06
20031,2022-10-04,3,D2,2,D1,2,D1,False,0.00031820778,0.049745176,0.6453801,0.30345625,0.0010928696,7.414955e-06
20031,2022-10-11,3,D2,3,D2,3,D2,True,3.1839043e-06,6.249434e-05,0.1538098,0.6566826,0.18942922,1.2714648e-05
20031,2022-10-18,3,D2,3,D2,3,D2,True,2.5098893e-06,1.5237347e-05,0.04937581,0.6451527,0.30527288,0.00018089334
20031,2022-10-25,3,D2,3,D2,3,D2,True,1.308987e-05,5.7031306e-05,0.053664666,0.60878694,0.335619,0.0018592715
20031,2022-11-01,3,D2,3,D2,3,D2,True,3.102868e-05,0.00012880916,0.062269885,0.59388477,0.33876953,0.0049159117
20031,2022-11-08,3,D2,3,D2,3,D2,True,4.558992e-05,0.00020458276,0.07664805,0.5908147,0.32687685,0.005410313
20031,2022-11-15,3,D2,3,D2,3,D2,True,9.645411e-05,0.001039874,0.2083492,0.58415294,0.20568188,0.00067967986
20031,2022-11-22,3,D2,3,D2,3,D2,True,3.819314e-05,0.00055498956,0.19844902,0.6036637,0.19709022,0.00020391727
20031,2022-11-29,3,D2,3,D2,3,D2,True,3.1676773e-05,0.0006407543,0.21811289,0.61943865,0.16169971,7.63624e-05
20031,2022-12-06,3,D2,3,D2,3,D2,True,2.710723e-05,0.00063528644,0.21126625,0.6285394,0.15948269,4.9278096e-05
20031,2022-12-13,3,D2,3,D2,3,D2,True,2.3897008e-05,0.0006537772,0.211709,0.6332081,0.1543745,3.0734067e-05
20031,2022-12-20,3,D2,3,D2,3,D2,True,2.2567392e-05,0.0007395327,0.22327623,0.6338461,0.14209883,1.6754182e-05
20031,2022-12-27,3,D2,3,D2,3,D2,True,2.1411752e-05,0.00082575576,0.2363518,0.6322127,0.13058001,8.3218365e-06
20031,2023-01-03,3,D2,3,D2,3,D2,True,2.0787416e-05,0.00090832403,0.24951316,0.6294702,0.12008344,4.0677414e-06
20031,2023-01-10,3,D2,3,D2,3,D2,True,2.1113641e-05,0.0009731249,0.26001912,0.62812805,0.110856265,2.2907725e-06
20031,2023-01-17,3,D2,3,D2,3,D2,True,2.3106782e-05,0.0010094126,0.2651522,0.63155776,0.10225591,1.5604766e-06
20031,2023-01-24,3,D2,3,D2,3,D2,True,2.6476537e-05,0.0009290319,0.25619873,0.64832425,0.09452024,1.1658456e-06
20031,2023-01-31,3,D2,3,D2,3,D2,True,2.6833468e-05,0.00080077426,0.23797433,0.67350245,0.08769476,8.798682e-07
20031,2023-02-07,3,D2,3,D2,3,D2,True,2.6769541e-05,0.0007369161,0.23414418,0.6838287,0.08126279,6.862661e-07
20031,2023-02-14,2,D1,3,D2,3,D2,False,2.7294844e-05,0.0006763026,0.22856338,0.69420815,0.07652422,6.604845e-07
20031,2023-02-21,2,D1,2,D1,2,D1,True,0.021432618,0.38205358,0.5704904,0.02601002,9.139125e-06,4.254224e-06
20031,2023-02-28,2,D1,1,D0,1,D0,False,0.076642305,0.46517754,0.45258573,0.005585405,3.2730743e-06,5.7277666e-06
20031,2023-03-07,2,D1,2,D1,2,D1,True,0.050938606,0.3845216,0.55327827,0.011249062,5.6916556e-06,6.8104077e-06
20031,2023-03-14,1,D0,2,D1,2,D1,False,0.046730243,0.3677702,0.57381207,0.011668088,8.0568125e-06,1.1312281e-05
20031,2023-03-21,1,D0,1,D0,1,D0,True,0.2684826,0.57474196,0.15671016,6.123541e-05,2.932685e-07,3.7564505e-06
20031,2023-03-28,1,D0,1,D0,1,D0,True,0.2765425,0.55873513,0.16465524,6.225447e-05,4.2081962e-07,4.3867813e-06
20031,2023-04-04,1,D0,1,D0,1,D0,True,0.25727367,0.5463235,0.19630669,9.0743095e-05,4.7804065e-07,4.957261e-06
20031,2023-04-11,1,D0,1,D0,1,D0,True,0.24947846,0.5381106,0.21228579,0.00011873636,5.6627766e-07,5.8074825e-06
20031,2023-04-18,1,D0,1,D0,1,D0,True,0.22046761,0.4503971,0.32649374,0.0025557955,2.052713e-05,6.5175875e-05
20031,2023-04-25,1,D0,1,D0,1,D0,True,0.2049926,0.44072878,0.3498074,0.0043329424,3.4418656e-05,0.000103880935
20031,2023-05-02,1,D0,1,D0,1,D0,True,0.1625239,0.44557235,0.3852512,0.006530958,3.765904e-05,8.3899235e-05
20031,2023-05-09,1,D0,1,D0,1,D0,True,0.1663252,0.48501754,0.3446143,0.00395096,2.7361653e-05,6.462772e-05
20031,2023-05-16,2,D1,1,D0,1,D0,False,0.14943741,0.52505696,0.32275507,0.0026806418,2.2495962e-05,4.7451686e-05
20031,2023-05-23,2,D1,1,D0,1,D0,False,0.23866676,0.5493499,0.21142653,0.0005002653,1.2430846e-05,4.414445e-05
20031,2023-05-30,2,D1,1,D0,1,D0,False,0.18779097,0.5764698,0.2351032,0.00059360516,1.4884898e-05,2.7659346e-05
20031,2023-06-06,2,D1,2,D1,2,D1,True,0.005298782,0.34117395,0.59718364,0.056243688,9.5858464e-05,4.087307e-06
20031,2023-06-13,3,D2,2,D1,2,D1,False,0.0042100432,0.34413975,0.6015763,0.05000818,6.32149e-05,2.3932073e-06
20031,2023-06-20,3,D2,3,D2,3,D2,True,4.0094747e-05,0.0024258166,0.22858101,0.52739,0.24155709,6.0537595e-06
20031,2023-06-27,3,D2,3,D2,3,D2,True,3.4605462e-05,0.002328316,0.22683316,0.54215986,0.22863965,4.398391e-06
20031,2023-07-04,4,D3,3,D2,3,D2,False,3.484551e-05,0.002558587,0.25040624,0.54712623,0.19986863,5.4203165e-06
20031,2023-07-11,4,D3,4,D3,4,D3,True,4.236229e-07,2.1089957e-06,0.0028769635,0.3232647,0.67346585,0.00038999497
20031,2023-07-18,4,D3,4,D3,4,D3,True,2.758896e-06,7.1850463e-06,0.0011685056,0.18428218,0.7919424,0.022596998
20031,2023-07-25,4,D3,4,D3,4,D3,True,6.5374225e-06,8.91024e-06,0.0005849305,0.089193806,0.8078374,0.10236842
20031,2023-08-01,4,D3,4,D3,4,D3,True,7.805125e-06,9.329099e-06,0.0005665989,0.07737975,0.74928737,0.17274922
20031,2023-08-08,4,D3,4,D3,4,D3,True,5.6801287e-06,6.6624707e-06,0.0004245177,0.064103834,0.6593073,0.2761521
20031,2023-08-15,4,D3,4,D3,4,D3,True,4.4750864e-06,4.7741464e-06,0.00036470118,0.05938851,0.6050812,0.33515635
20031,2023-08-22,4,D3,4,D3,4,D3,True,3.5216347e-06,3.8009339e-06,0.0003633202,0.06107168,0.5895321,0.34902564
20031,2023-08-29,4,D3,4,D3,4,D3,True,2.3302193e-06,3.3258361e-06,0.00040591124,0.058554716,0.5604428,0.38059083
20031,2023-09-05,4,D3,4,D3,4,D3,True,1.8584932e-06,3.0699493e-06,0.00045108917,0.06291954,0.57005787,0.36656654
20031,2023-09-12,4,D3,4,D3,4,D3,True,1.5114479e-06,2.3805026e-06,0.00038962378,0.05771445,0.5590716,0.3828204
20031,2023-09-19,4,D3,4,D3,4,D3,True,1.6867496e-06,2.428479e-06,0.00041727794,0.057710797,0.5531497,0.38871813
20031,2023-09-26,4,D3,5,D4,5,D4,False,3.8605162e-07,5.820345e-07,5.8684735e-05,0.0147637315,0.4540528,0.5311239
20031,2023-10-03,4,D3,4,D3,5,D4,False,1.3458673e-06,1.9894103e-06,0.00013719751,0.023191588,0.49915832,0.47750956
20031,2023-10-10,4,D3,4,D3,4,D3,True,3.4545828e-06,4.8944635e-06,0.00024657144,0.03420844,0.5653766,0.40016007
20031,2023-10-17,4,D3,4,D3,4,D3,True,5.118742e-06,7.212611e-06,0.0003215292,0.039912608,0.58543605,0.37431744
20031,2023-10-24,4,D3,4,D3,4,D3,True,5.527595e-06,7.896836e-06,0.0003444394,0.040997665,0.5872404,0.37140405
20031,2023-10-31,3,D2,4,D3,4,D3,False,4.7276635e-06,6.8122517e-06,0.00031382695,0.03856903,0.5860743,0.37503123
20031,2023-11-07,3,D2,3,D2,3,D2,True,6.713642e-05,0.001378972,0.19464205,0.57159775,0.2321366,0.00017748059
20031,2023-11-14,3,D2,3,D2,3,D2,True,1.763828e-05,0.000699175,0.20617375,0.63089025,0.16219452,2.4677382e-05
20031,2023-11-21,3,D2,3,D2,3,D2,True,2.5645046e-05,0.001365962,0.251998,0.6296914,0.116903596,1.5398027e-05
20031,2023-11-28,3,D2,3,D2,3,D2,True,2.0993517e-05,0.0010302021,0.23124124,0.6398002,0.12788981,1.7492663e-05
20031,2023-12-05,2,D1,3,D2,3,D2,False,1.9888841e-05,0.0009287533,0.22216326,0.6452749,0.13159414,1.9113691e-05
20031,2023-12-12,2,D1,1,D0,1,D0,False,0.021968322,0.52973914,0.44563583,0.0026524381,1.4294867e-06,2.8655916e-06
20031,2023-12-19,2,D1,2,D1,2,D1,True,0.0026372042,0.28689852,0.6792274,0.031230059,5.094934e-06,1.76315e-06
20031,2023-12-26,1,D0,1,D0,1,D0,True,0.043865703,0.6025711,0.3531202,0.00044099786,3.0619952e-07,1.6733297e-06
20031,2024-01-02,1,D0,1,D0,1,D0,True,0.24407941,0.67039186,0.08552666,1.8138818e-06,1.2200086e-08,2.4324805e-07
20031,2024-01-09,1,D0,1,D0,1,D0,True,0.25279403,0.65890604,0.08829822,1.4072231e-06,1.4545653e-08,2.406651e-07
20031,2024-01-16,1,D0,1,D0,1,D0,True,0.21291329,0.65938747,0.12769577,3.1084744e-06,2.436965e-08,3.2330897e-07
20031,2024-01-23,1,D0,1,D0,1,D0,True,0.18146935,0.66169125,0.15683283,6.2685876e-06,3.3124962e-08,3.2964167e-07
20031,2024-01-30,1,D0,1,D0,1,D0,True,0.13872734,0.6627369,0.19852284,1.2763365e-05,2.8805552e-08,1.6596616e-07
20031,2024-02-06,1,D0,1,D0,1,D0,True,0.11383841,0.6676683,0.21847077,2.2428287e-05,2.2500407e-08,5.1478807e-08
20031,2024-02-13,1,D0,1,D0,1,D0,True,0.09135574,0.6813877,0.22722827,2.822043e-05,2.3532015e-08,3.0801086e-08
20031,2024-02-20,1,D0,1,D0,1,D0,True,0.24806389,0.6982932,0.053642057,8.1429954e-07,4.13736e-09,1.4709987e-08
20031,2024-02-27,1,D0,1,D0,1,D0,True,0.2169355,0.7179229,0.06514061,9.523175e-07,3.656357e-09,1.506635e-08
20031,2024-03-05,1,D0,1,D0,1,D0,True,0.19361399,0.72230756,0.0840767,1.6946042e-06,5.66025e-09,2.6942322e-08
20031,2024-03-12,1,D0,1,D0,1,D0,True,0.16889767,0.7223361,0.10876261,3.4922577e-06,1.0554765e-08,5.4661424e-08
20031,2024-03-19,1,D0,1,D0,1,D0,True,0.22162466,0.7138123,0.0645616,1.3588951e-06,9.496547e-09,7.158358e-08
20031,2024-03-26,1,D0,1,D0,1,D0,True,0.21579647,0.7032854,0.08091519,2.740244e-06,1.9973303e-08,1.5749869e-07
20031,2024-04-02,1,D0,1,D0,1,D0,True,0.18689826,0.6981598,0.1149351,6.6129787e-06,3.7769013e-08,2.821167e-07
20031,2024-04-09,1,D0,1,D0,1,D0,True,0.16825841,0.68740296,0.1443263,1.1908542e-05,5.6864817e-08,3.8339132e-07
20031,2024-04-16,2,D1,1,D0,1,D0,False,0.14777909,0.68077224,0.17142767,2.0337471e-05,7.8106865e-08,4.692696e-07
20031,2024-04-23,2,D1,2,D1,2,D1,True,0.0050434708,0.40974444,0.5652826,0.019919835,8.203774e-06,1.5257823e-06
20031,2024-04-30,0,None,2,D1,2,D1,False,0.0014846775,0.2645832,0.63725346,0.09665408,2.2462496e-05,2.114079e-06
20031,2024-05-07,0,None,0,None,0,None,True,0.6922858,0.3071721,0.0005395742,6.5181564e-07,1.3984541e-06,5.3349925e-07
20031,2024-05-14,0,None,0,None,0,None,True,0.70512056,0.29470423,0.00017400565,3.544787e-07,5.703616e-07,1.8903114e-07
20031,2024-05-21,0,None,0,None,0,None,True,0.68045104,0.3192219,0.00032275522,1.3139935e-06,1.901786e-06,1.0871843e-06
20031,2024-05-28,0,None,0,None,0,None,True,0.6640162,0.33543685,0.00053119205,4.108766e-06,6.5047866e-06,5.127809e-06
20031,2024-06-04,0,None,0,None,0,None,True,0.6541918,0.34507,0.0007093559,7.5783537e-06,1.1662866e-05,9.549196e-06
20031,2024-06-11,0,None,0,None,0,None,True,0.65125585,0.34798098,0.0007316154,9.397264e-06,1.3075298e-05,9.159001e-06
20031,2024-06-18,0,None,0,None,0,None,True,0.64843637,0.35087165,0.00066505454,8.358271e-06,1.1036748e-05,7.480412e-06
20031,2024-06-25,0,None,0,None,0,None,True,0.6440231,0.35536766,0.00059132394,6.006834e-06,6.6655434e-06,5.2169275e-06
20031,2024-07-02,0,None,0,None,0,None,True,0.6466049,0.3528384,0.0005463843,4.327357e-06,3.3508952e-06,2.802791e-06
20031,2024-07-09,0,None,0,None,0,None,True,0.6453214,0.3541694,0.00050120644,3.4614952e-06,2.3671037e-06,2.1665323e-06
20031,2024-07-16,0,None,0,None,0,None,True,0.6439909,0.355518,0.00048399327,3.1685008e-06,2.043207e-06,1.9738843e-06
20031,2024-07-23,0,None,0,None,0,None,True,0.6265821,0.3725722,0.00083503174,4.789731e-06,2.5476133e-06,3.3589265e-06
20031,2024-07-30,1,D0,0,None,0,None,False,0.6254403,0.37380293,0.0007482106,3.7520651e-06,1.8945684e-06,2.9970895e-06
20031,2024-08-06,1,D0,1,D0,1,D0,True,0.049010165,0.5902397,0.36055276,0.00019696997,1.1149416e-07,3.571619e-07
20031,2024-08-13,1,D0,1,D0,1,D0,True,0.06092065,0.5948787,0.34349042,0.0007070849,1.0640831e-06,2.0398068e-06
20031,2024-08-20,1,D0,1,D0,1,D0,True,0.086318396,0.62072915,0.29270753,0.00024252491,4.858558e-07,1.9548122e-06
20031,2024-08-27,1,D0,1,D0,1,D0,True,0.28354472,0.62178916,0.09463607,2.3448187e-05,6.138673e-07,6.019656e-06
20031,2024-09-03,1,D0,1,D0,1,D0,True,0.2841209,0.6198336,0.09601719,2.2888655e-05,3.567642e-07,5.0648496e-06
20031,2024-09-10,1,D0,1,D0,1,D0,True,0.2707744,0.6080157,0.121179864,2.4981679e-05,2.6604167e-07,4.8025463e-06
20031,2024-09-17,0,None,1,D0,1,D0,False,0.30000257,0.5877015,0.112272754,1.9095125e-05,2.037304e-07,3.8294775e-06
20031,2024-09-24,1,D0,1,D0,1,D0,True,0.27115005,0.55795115,0.17081867,7.285678e-05,4.9739333e-07,6.800808e-06
20031,2024-10-01,1,D0,1,D0,0,None,False,0.45696476,0.5109777,0.032049455,4.5085076e-06,2.3605485e-07,3.4021584e-06
20031,2024-10-08,1,D0,1,D0,1,D0,True,0.31983608,0.57329184,0.10686082,8.839888e-06,1.1222264e-07,2.4084586e-06
20031,2024-10-15,1,D0,1,D0,1,D0,True,0.16037342,0.63527805,0.20429863,4.8313545e-05,1.5862663e-07,1.4310243e-06
20031,2024-10-22,2,D1,1,D0,1,D0,False,0.18584898,0.6255859,0.18852058,4.127904e-05,2.873078e-07,2.8973618e-06
20031,2024-10-29,2,D1,2,D1,2,D1,True,0.0019185053,0.12243594,0.59814125,0.2759194,0.0015792028,5.771194e-06
20031,2024-11-05,1,D0,2,D1,2,D1,False,0.00076165015,0.06589584,0.5784548,0.3482713,0.006602486,1.3909656e-05
20031,2024-11-12,1,D0,1,D0,1,D0,True,0.25914407,0.5097321,0.2308657,0.00023079937,6.3740963e-06,2.0971938e-05
20031,2024-11-19,1,D0,1,D0,1,D0,True,0.35160825,0.5501796,0.09820156,8.568019e-06,3.8366844e-07,1.5904085e-06
20031,2024-11-26,1,D0,1,D0,1,D0,True,0.26383165,0.58217955,0.15397473,1.3520153e-05,1.4804651e-07,3.6204685e-07
20031,2024-12-03,1,D0,1,D0,1,D0,True,0.17142105,0.64275485,0.18581006,1.393192e-05,4.7102162e-08,1.0874689e-07
20031,2024-12-10,1,D0,1,D0,1,D0,True,0.1326173,0.6698702,0.19749725,1.5103165e-05,3.6404316e-08,1.0008682e-07
20031,2024-12-17,1,D0,1,D0,1,D0,True,0.103795014,0.69368935,0.20249839,1.6998338e-05,4.9290914e-08,1.3113768e-07
20031,2024-12-24,1,D0,1,D0,1,D0,True,0.076093785,0.7103072,0.21357758,2.121873e-05,5.569719e-08,1.2527877e-07
20031,2024-12-31,1,D0,1,D0,1,D0,True,0.06683365,0.70649093,0.22664799,2.7279475e-05,6.065434e-08,1.0831155e-07
20031,2025-01-07,1,D0,1,D0,1,D0,True,0.06331982,0.69755876,0.23908645,3.4824603e-05,6.75069e-08,9.3460564e-08
20031,2025-01-14,1,D0,1,D0,1,D0,True,0.0616054,0.6873407,0.2510097,4.409316e-05,7.606081e-08,7.933715e-08
20031,2025-01-21,1,D0,1,D0,1,D0,True,0.061232504,0.67593104,0.26278082,5.5408582e-05,8.609625e-08,6.633786e-08
20031,2025-01-28,1,D0,1,D0,1,D0,True,0.061983984,0.664476,0.2734715,6.8355126e-05,9.635514e-08,5.665318e-08
20031,2025-02-04,1,D0,1,D0,1,D0,True,0.06481693,0.6507807,0.28431857,8.360118e-05,1.1063295e-07,4.9144226e-08
20031,2025-02-11,1,D0,1,D0,1,D0,True,0.06846392,0.6397868,0.2916551,9.397943e-05,1.1231247e-07,4.5785207e-08
20031,2025-02-18,1,D0,1,D0,1,D0,True,0.07090111,0.6353363,0.29366684,9.555598e-05,9.674291e-08,3.7915896e-08
20031,2025-02-25,1,D0,1,D0,1,D0,True,0.0765726,0.6267824,0.29653943,0.00010541934,9.6716676e-08,3.67951e-08
20031,2025-03-04,1,D0,1,D0,1,D0,True,0.084581226,0.6228187,0.2924855,0.00011443018,1.0908746e-07,4.9311527e-08
20031,2025-03-11,1,D0,1,D0,1,D0,True,0.09933696,0.6282027,0.27233034,0.0001297102,1.4920678e-07,1.0132036e-07
20031,2025-03-18,1,D0,1,D0,1,D0,True,0.10960259,0.62061495,0.26963258,0.00014957169,1.6110846e-07,1.3074711e-07
20031,2025-03-25,1,D0,1,D0,1,D0,True,0.12034602,0.61007315,0.26941225,0.00016819968,1.6944864e-07,1.7682423e-07
20031,2025-04-01,1,D0,1,D0,1,D0,True,0.13337058,0.5977169,0.2687229,0.00018915249,1.8208067e-07,2.775615e-07
20031,2025-04-08,1,D0,1,D0,1,D0,True,0.1394663,0.58747935,0.27284446,0.00020917159,2.1848568e-07,4.6121227e-07
20031,2025-04-15,1,D0,1,D0,1,D0,True,0.1466527,0.574527,0.27859598,0.00022325788,2.947913e-07,7.500301e-07
20031,2025-04-22,0,None,2,D1,2,D1,False,0.052302018,0.44903645,0.484266,0.0143666,1.686717e-05,1.2052953e-05
20031,2025-04-29,0,None,1,D0,0,None,True,0.43010083,0.4912373,0.07833625,0.00023038159,1.9503841e-05,7.5695956e-05
20031,2025-05-06,1,D0,0,None,0,None,False,0.52231926,0.46142316,0.016145736,5.5366654e-05,1.1779253e-05,4.473465e-05
20031,2025-05-13,1,D0,1,D0,1,D0,True,0.2058377,0.5211011,0.27250645,0.0005386035,3.1288703e-06,1.2970748e-05
20031,2025-05-20,1,D0,1,D0,1,D0,True,0.23451371,0.48822138,0.276293,0.00093124976,9.2570535e-06,3.1308802e-05
20031,2025-05-27,0,None,1,D0,1,D0,False,0.24776597,0.4890874,0.2623906,0.000718089,7.869439e-06,3.0169984e-05
20031,2025-06-03,0,None,0,None,0,None,True,0.62710536,0.37261817,0.00027480067,4.0296433e-07,3.6630843e-07,8.9496314e-07
20031,2025-06-10,0,None,0,None,0,None,True,0.6759187,0.32401425,6.653341e-05,1.822313e-07,2.0065833e-07,1.5533293e-07
20031,2025-06-17,0,None,0,None,0,None,True,0.6673687,0.33252153,0.00010843223,4.390619e-07,4.4863455e-07,4.0919997e-07
20031,2025-06-24,0,None,0,None,0,None,True,0.6618478,0.33798587,0.0001634799,9.538372e-07,9.4405175e-07,9.719072e-07
20031,2025-07-01,0,None,0,None,0,None,True,0.65738606,0.34242907,0.00018039253,1.4071819e-06,1.3869163e-06,1.596398e-06
20031,2025-07-08,0,None,0,None,0,None,True,0.6515322,0.3483043,0.0001587869,1.4451534e-06,1.4039364e-06,1.9544873e-06
20031,2025-07-15,0,None,0,None,0,None,True,0.6458999,0.3539651,0.00013108247,1.1260814e-06,1.0659735e-06,1.7792551e-06
20031,2025-07-22,0,None,0,None,0,None,True,0.6345203,0.36529616,0.00017860337,1.3423379e-06,1.1859611e-06,2.4690269e-06
20031,2025-07-29,0,None,0,None,0,None,True,0.63235027,0.36748818,0.00015751291,9.012021e-07,1.0558992e-06,2.03345e-06
20031,2025-08-05,0,None,0,None,0,None,True,0.6438137,0.35608995,9.398152e-05,5.0055735e-07,7.1425535e-07,1.0833487e-06
20031,2025-08-12,0,None,0,None,0,None,True,0.64042675,0.35948706,8.394864e-05,4.6443506e-07,6.6053104e-07,1.0401179e-06
20031,2025-08-19,0,None,0,None,0,None,True,0.63671863,0.36319634,8.299775e-05,4.957525e-07,6.0932734e-07,9.88047e-07
20031,2025-08-26,0,None,0,None,0,None,True,0.63696206,0.36295095,8.508663e-05,4.9221586e-07,5.5687457e-07,9.1018285e-07
20031,2025-09-02,0,None,0,None,0,None,True,0.6395162,0.3603916,9.044314e-05,4.911834e-07,5.388414e-07,7.9360103e-07
20031,2025-09-09,0,None,0,None,0,None,True,0.6434104,0.35649353,9.444819e-05,4.889139e-07,5.369033e-07,6.5181274e-07
20031,2025-09-16,0,None,0,None,0,None,True,0.64740413,0.3524981,9.6192925e-05,4.8661946e-07,5.4721227e-07,5.298465e-07
20031,2025-09-23,0,None,0,None,0,None,True,0.65512663,0.34476915,0.00010259848,5.366174e-07,6.011011e-07,4.6542434e-07
20031,2025-09-30,0,None,0,None,0,None,True,0.66520506,0.33468443,0.00010880036,6.144834e-07,7.448173e-07,4.6065762e-07
20031,2025-10-07,0,None,0,None,0,None,True,0.6690525,0.33083594,0.000109603025,6.714052e-07,8.470635e-07,4.2234575e-07
20031,2025-10-14,1,D0,0,None,0,None,False,0.6700499,0.3298356,0.00011247162,7.5047086e-07,9.066378e-07,4.2228535e-07
20031,2025-10-21,1,D0,1,D0,1,D0,True,0.2063816,0.68093497,0.112583354,9.6618234e-05,4.0341553e-07,3.0513277e-06
20031,2025-10-28,1,D0,1,D0,1,D0,True,0.076077044,0.60681826,0.31671694,0.00038512226,8.437927e-07,1.7994489e-06
20031,2025-11-04,1,D0,1,D0,1,D0,True,0.110203125,0.63776356,0.25187156,0.00015810697,6.603033e-07,2.9383289e-06
20031,2025-11-11,1,D0,1,D0,1,D0,True,0.12508047,0.65258694,0.22225754,7.232004e-05,3.4296545e-07,2.3371304e-06
20031,2025-11-18,1,D0,1,D0,1,D0,True,0.122468024,0.66396,0.21351953,5.0445262e-05,2.3167065e-07,1.7946056e-06
20031,2025-11-25,1,D0,1,D0,1,D0,True,0.115573615,0.67335683,0.21102549,4.2492506e-05,1.8105061e-07,1.4447719e-06
20031,2025-12-02,1,D0,1,D0,1,D0,True,0.10696907,0.6811807,0.21180919,3.967657e-05,1.5601192e-07,1.2222491e-06
20031,2025-12-09,1,D0,1,D0,1,D0,True,0.09909189,0.68757504,0.21329384,3.8050155e-05,1.4066292e-07,1.0598376e-06
20031,2025-12-16,1,D0,1,D0,1,D0,True,0.090236716,0.6953168,0.2144097,3.576488e-05,1.3054189e-07,9.0155294e-07
20031,2025-12-23,1,D0,1,D0,1,D0,True,0.08171927,0.70607555,0.2121717,3.2685035e-05,1.2229741e-07,7.4846895e-07
20031,2025-12-30,1,D0,1,D0,1,D0,True,0.0792082,0.71156466,0.20919561,3.0713243e-05,1.14116986e-07,6.68534e-07
20033,2022-01-04,2,D1,2,D1,2,D1,True,0.00035916676,0.04522006,0.62434554,0.3288695,0.0011947699,1.1056418e-05
20033,2022-01-11,2,D1,2,D1,2,D1,True,0.0003199675,0.018568259,0.53953815,0.42786765,0.013668619,3.7344635e-05
20033,2022-01-18,2,D1,2,D1,2,D1,True,0.00083501637,0.040818483,0.5598493,0.38917282,0.00923193,9.239091e-05
20033,2022-01-25,2,D1,2,D1,2,D1,True,0.001227265,0.049034465,0.5527512,0.38501242,0.011803541,0.00017113597
20033,2022-02-01,3,D2,3,D2,3,D2,True,0.00043750982,0.00754422,0.35420662,0.47743824,0.15977105,0.0006023531
20033,2022-02-08,3,D2,3,D2,3,D2,True,4.3482065e-05,0.00040060628,0.15109386,0.5285324,0.31958687,0.00034283113
20033,2022-02-15,3,D2,3,D2,3,D2,True,8.38768e-05,0.0007197138,0.1569226,0.5061702,0.33556756,0.00053605554
20033,2022-02-22,3,D2,3,D2,3,D2,True,6.0871394e-06,2.91738e-05,0.048197564,0.53189343,0.41952434,0.00034937356
20033,2022-03-01,3,D2,3,D2,3,D2,True,1.6720936e-05,8.455059e-05,0.0690997,0.53490216,0.39539737,0.00049957
20033,2022-03-08,3,D2,3,D2,3,D2,True,2.3367069e-05,0.0001083362,0.06728307,0.5259793,0.4058646,0.0007413221
20033,2022-03-15,3,D2,4,D3,3,D2,True,1.9481364e-05,3.410004e-05,0.013233762,0.42988786,0.54644406,0.010380723
20033,2022-03-22,3,D2,4,D3,3,D2,True,5.0484567e-05,9.8926226e-05,0.018195385,0.4276069,0.536093,0.01795541
20033,2022-03-29,3,D2,3,D2,3,D2,True,5.0201434e-05,0.00044049302,0.13969277,0.54013413,0.3195075,0.00017496024
20033,2022-04-05,3,D2,3,D2,3,D2,True,1.9117177e-05,0.00025872138,0.14971521,0.5553067,0.2946519,4.8381287e-05
20033,2022-04-12,3,D2,3,D2,3,D2,True,1.9179795e-05,0.00032527308,0.18389295,0.56117296,0.25456408,2.5535766e-05
20033,2022-04-19,3,D2,3,D2,3,D2,True,1.7551922e-05,0.00030056288,0.19020754,0.5724728,0.23698291,1.8595716e-05
20033,2022-04-26,3,D2,3,D2,3,D2,True,1.1937496e-05,6.2885214e-05,0.07872953,0.5764732,0.3446441,7.8310884e-05
20033,2022-05-03,3,D2,4,D3,3,D2,True,1.5009209e-05,2.2475415e-05,0.022028586,0.47037855,0.506259,0.0012963252
20033,2022-05-10,3,D2,4,D3,3,D2,True,2.1528953e-05,2.8368391e-05,0.018764088,0.44208065,0.53513324,0.003972146
20033,2022-05-17,3,D2,4,D3,3,D2,True,2.2390252e-05,3.1216558e-05,0.015846025,0.43810743,0.5403912,0.00560171
20033,2022-05-24,3,D2,4,D3,3,D2,True,2.2657941e-05,3.834626e-05,0.014160827,0.43011275,0.54996324,0.005702122
20033,2022-05-31,3,D2,3,D2,3,D2,True,2.368575e-05,0.0002985111,0.0992491,0.53691155,0.36341384,0.000103386745
20033,2022-06-07,2,D1,3,D2,3,D2,False,6.673487e-05,0.0018585252,0.20347092,0.5180518,0.27651694,3.507209e-05
20033,2022-06-14,2,D1,2,D1,2,D1,True,0.009781316,0.26967415,0.5637401,0.15223294,0.0044874176,8.404181e-05
20033,2022-06-21,2,D1,2,D1,2,D1,True,0.002466409,0.17435142,0.61541295,0.20159736,0.006152592,1.9260431e-05
20033,2022-06-28,1,D0,2,D1,2,D1,False,0.00052654784,0.08211172,0.6375549,0.27288914,0.006915364,2.2659956e-06
20033,2022-07-05,1,D0,1,D0,1,D0,True,0.04140816,0.59103614,0.36680543,0.00074760546,1.4043084e-06,1.2346982e-06
20033,2022-07-12,2,D1,1,D0,1,D0,False,0.0555669,0.6240421,0.31987494,0.0005136839,1.4780563e-06,8.8334156e-07
20033,2022-07-19,2,D1,2,D1,2,D1,True,0.00021537606,0.08683612,0.7441318,0.16863805,0.00017854622,7.513714e-08
20033,2022-07-26,3,D2,2,D1,2,D1,False,0.00019971053,0.09084323,0.7446969,0.16414556,0.00011450925,5.2578386e-08
20033,2022-08-02,3,D2,3,D2,3,D2,True,3.4185405e-06,0.00017033883,0.18253356,0.65258926,0.16470334,9.132177e-08
20033,2022-08-09,3,D2,3,D2,3,D2,True,5.7139696e-06,0.00025112915,0.19336411,0.66895044,0.13742848,1.18813354e-07
20033,2022-08-16,3,D2,3,D2,3,D2,True,7.915615e-06,0.0002505038,0.17253202,0.6722123,0.154997,2.6962735e-07
20033,2022-08-23,3,D2,3,D2,3,D2,True,7.880242e-06,3.3560103e-05,0.025609754,0.51232433,0.46200514,1.9339073e-05
20033,2022-08-30,3,D2,4,D3,3,D2,True,1.3328662e-05,4.1579988e-05,0.02077139,0.4735656,0.50556314,4.5027078e-05
20033,2022-09-06,3,D2,4,D3,3,D2,True,1.2240327e-05,2.8098046e-05,0.013159618,0.4022314,0.58445257,0.000116098425
20033,2022-09-13,4,D3,4,D3,3,D2,False,1.4393983e-05,3.495296e-05,0.015319231,0.4182932,0.5662237,0.00011459212
20033,2022-09-20,4,D3,4,D3,4,D3,True,4.0065624e-06,4.9178607e-06,0.00073659926,0.12017505,0.8607232,0.018356247
20033,2022-09-27,4,D3,4,D3,4,D3,True,5.691112e-06,7.1622026e-06,0.0008388098,0.1139805,0.85420245,0.030965442
20033,2022-10-04,4,D3,4,D3,4,D3,True,4.7335798e-06,6.5797067e-06,0.0008782217,0.11588755,0.84781533,0.03540757
20033,2022-10-11,4,D3,4,D3,4,D3,True,3.7542582e-06,5.6529047e-06,0.0009096468,0.12237819,0.8412903,0.035412483
20033,2022-10-18,4,D3,4,D3,4,D3,True,2.5897018e-06,4.102053e-06,0.0007848301,0.12361478,0.8414632,0.03413048
20033,2022-10-25,5,D4,4,D3,4,D3,False,1.8559645e-06,3.1295863e-06,0.00069891434,0.13120325,0.8367899,0.031302914
20033,2022-11-01,5,D4,5,D4,5,D4,True,3.2448492e-07,9.723669e-07,1.2115441e-05,0.0009811,0.3167383,0.6822672
20033,2022-11-08,5,D4,5,D4,5,D4,True,8.125146e-08,2.7397508e-07,4.5544693e-06,0.0005790969,0.2868927,0.7125233
20033,2022-11-15,5,D4,5,D4,5,D4,True,1.0038639e-07,2.883249e-07,3.9615566e-06,0.00061534636,0.28745282,0.7119274
20033,2022-11-22,5,D4,5,D4,5,D4,True,8.8194625e-08,2.3604832e-07,2.9184248e-06,0.00058219064,0.27195585,0.7274588
20033,2022-11-29,5,D4,5,D4,5,D4,True,8.416325e-08,2.3183546e-07,3.1230488e-06,0.0005959943,0.25958014,0.7398203
20033,2022-12-06,5,D4,5,D4,5,D4,True,6.529586e-08,1.9868536e-07,3.085979e-06,0.0005806482,0.24543628,0.7539798
20033,2022-12-13,5,D4,5,D4,5,D4,True,5.2179836e-08,1.6546764e-07,2.9214773e-06,0.00057772675,0.23606592,0.76335317
20033,2022-12-20,5,D4,5,D4,5,D4,True,3.283531e-08,1.10406184e-07,2.3170467e-06,0.00049867714,0.22733298,0.77216595
20033,2022-12-27,5,D4,5,D4,5,D4,True,2.379993e-08,8.14343e-08,1.9779088e-06,0.0004521549,0.22174701,0.7777987
20033,2023-01-03,5,D4,5,D4,5,D4,True,2.3917844e-08,8.246247e-08,2.045509e-06,0.00048199124,0.21932347,0.78019243
20033,2023-01-10,5,D4,5,D4,5,D4,True,2.6487154e-08,8.970767e-08,2.1645935e-06,0.00051732146,0.21970333,0.7797771
20033,2023-01-17,5,D4,5,D4,5,D4,True,3.0108588e-08,9.88764e-08,2.318909e-06,0.00055498665,0.22099876,0.77844375
20033,2023-01-24,5,D4,5,D4,5,D4,True,4.1019923e-08,1.2595014e-07,2.7514247e-06,0.00065204926,0.22385818,0.77548695
20033,2023-01-31,5,D4,5,D4,5,D4,True,5.7392008e-08,1.6302224e-07,3.2645237e-06,0.0007644376,0.22765549,0.77157664
20033,2023-02-07,5,D4,5,D4,5,D4,True,7.2932956e-08,1.9716703e-07,3.7444947e-06,0.0008502119,0.23072816,0.7684176
20033,2023-02-14,5,D4,5,D4,5,D4,True,1.0022189e-07,2.4938652e-07,4.3402524e-06,0.00092107477,0.23385106,0.76522315
20033,2023-02-21,5,D4,5,D4,5,D4,True,1.2104184e-07,2.916795e-07,4.7147964e-06,0.0009532239,0.23880912,0.7602326
20033,2023-02-28,5,D4,5,D4,5,D4,True,1.3837499e-07,3.3342056e-07,5.2438536e-06,0.001035821,0.23882143,0.76013696
20033,2023-03-07,5,D4,5,D4,5,D4,True,1.7930867e-07,3.9512005e-07,5.617302e-06,0.0010907276,0.23947726,0.7594258
20033,2023-03-14,5,D4,5,D4,5,D4,True,1.4263824e-07,2.9772568e-07,4.357945e-06,0.00092026364,0.2373854,0.76168954
20033,2023-03-21,5,D4,5,D4,5,D4,True,7.044524e-08,1.6512004e-07,2.8342429e-06,0.00074288656,0.2440405,0.7552135
20033,2023-03-28,5,D4,5,D4,5,D4,True,6.871167e-08,1.6342638e-07,2.760486e-06,0.0007951777,0.25372508,0.7454767
20033,2023-04-04,5,D4,5,D4,5,D4,True,7.7034244e-08,1.7885465e-07,3.0062422e-06,0.0008468795,0.25287306,0.74627686
20033,2023-04-11,5,D4,5,D4,5,D4,True,9.274477e-08,2.1371358e-07,3.6149497e-06,0.00099205,0.24548922,0.7535148
20033,2023-04-18,5,D4,5,D4,5,D4,True,1.2514678e-07,2.916534e-07,4.648279e-06,0.0012265649,0.23431158,0.7644568
20033,2023-04-25,5,D4,5,D4,5,D4,True,1.6049539e-07,3.6745894e-07,5.426407e-06,0.0014039074,0.22900365,0.76958644
20033,2023-05-02,5,D4,5,D4,5,D4,True,1.5627666e-07,3.4623912e-07,5.1918855e-06,0.0013834477,0.23175363,0.7668572
20033,2023-05-09,5,D4,5,D4,5,D4,True,2.3619475e-07,4.7466213e-07,7.679816e-06,0.0017527821,0.26308253,0.7351564
20033,2023-05-16,5,D4,5,D4,5,D4,True,1.9042021e-07,3.6534976e-07,7.053954e-06,0.0016185659,0.30306998,0.6953039
20033,2023-05-23,5,D4,5,D4,5,D4,True,8.6198234e-08,1.7939676e-07,4.565149e-06,0.0011242959,0.32618842,0.6726825
20033,2023-05-30,5,D4,5,D4,5,D4,True,1.274751e-07,2.562376e-07,6.915444e-06,0.0014475955,0.3623064,0.6362388
20033,2023-06-06,4,D3,5,D4,5,D4,False,1.4868192e-07,3.020122e-07,8.059617e-06,0.0015256881,0.3403128,0.658153
20033,2023-06-13,4,D3,4,D3,4,D3,True,1.4195207e-07,2.2079976e-07,0.0009434628,0.24562764,0.7522024,0.0012260438
20033,2023-06-20,3,D2,4,D3,4,D3,False,1.9135713e-07,2.6389588e-07,0.0013340563,0.26241806,0.7358894,0.00035810756
20033,2023-06-27,3,D2,4,D3,3,D2,True,6.8828683e-07,2.7929505e-06,0.0074873813,0.43751368,0.55490476,9.083126e-05
20033,2023-07-04,3,D2,4,D3,3,D2,True,8.592798e-07,5.341941e-06,0.011362822,0.47700322,0.51157653,5.114857e-05
20033,2023-07-11,3,D2,4,D3,3,D2,True,7.7524237e-07,5.1658953e-06,0.011818205,0.48337045,0.504753,5.2317184e-05
20033,2023-07-18,3,D2,3,D2,3,D2,True,9.545069e-06,0.0004947556,0.15742938,0.68174213,0.160318,6.1294554e-06
20033,2023-07-25,2,D1,3,D2,3,D2,False,3.0854162e-06,0.00020503167,0.14296155,0.6958032,0.16102463,2.445938e-06
20033,2023-08-01,2,D1,2,D1,2,D1,True,0.010926197,0.3592764,0.6174998,0.012273738,1.6918024e-05,6.9542903e-06
20033,2023-08-08,1,D0,2,D1,2,D1,False,0.0037934033,0.21983016,0.7459232,0.030424932,2.4145413e-05,4.078609e-06
20033,2023-08-15,1,D0,1,D0,1,D0,True,0.05616819,0.50783557,0.4351314,0.0008586429,1.9745323e-06,4.171097e-06
20033,2023-08-22,1,D0,1,D0,1,D0,True,0.06756228,0.53114265,0.40068233,0.00060752546,1.4970276e-06,3.6697134e-06
20033,2023-08-29,1,D0,1,D0,1,D0,True,0.054833915,0.49648497,0.44751686,0.0011584065,2.2876036e-06,3.5343423e-06
20033,2023-09-05,2,D1,2,D1,2,D1,True,0.04824896,0.4656344,0.48423326,0.0018777185,2.8715394e-06,2.7725973e-06
20033,2023-09-12,2,D1,2,D1,2,D1,True,0.0024694302,0.15330067,0.7634608,0.080751285,1.6947772e-05,9.4271945e-07
20033,2023-09-19,1,D0,2,D1,2,D1,False,0.00180333,0.12832533,0.7708078,0.09904901,1.37184725e-05,8.065309e-07
20033,2023-09-26,1,D0,1,D0,1,D0,True,0.3167723,0.603015,0.080188006,2.3294238e-05,1.6031328e-07,1.2216893e-06
20033,2023-10-03,1,D0,1,D0,1,D0,True,0.37955824,0.58096087,0.03947162,8.217122e-06,1.2517933e-07,9.150025e-07
20033,2023-10-10,1,D0,1,D0,1,D0,True,0.3083487,0.6107316,0.08089727,2.1053684e-05,1.4165286e-07,1.2399406e-06
20033,2023-10-17,1,D0,1,D0,1,D0,True,0.27731428,0.60439444,0.11824562,4.358174e-05,2.3814958e-07,1.8800048e-06
20033,2023-10-24,1,D0,1,D0,1,D0,True,0.24713296,0.58545345,0.16732185,8.8192915e-05,5.419668e-07,2.9686246e-06
20033,2023-10-31,1,D0,1,D0,1,D0,True,0.22943887,0.57521516,0.195209,0.00013255463,8.032105e-07,3.5479143e-06
20033,2023-11-07,1,D0,1,D0,1,D0,True,0.21139547,0.5702794,0.21814571,0.00017487699,9.184941e-07,3.6522576e-06
20033,2023-11-14,1,D0,1,D0,1,D0,True,0.2066999,0.567722,0.2253767,0.00019640679,1.0344058e-06,3.9530837e-06
20033,2023-11-21,1,D0,1,D0,1,D0,True,0.20343144,0.56604284,0.23030876,0.00021173373,1.1121997e-06,4.119064e-06
20033,2023-11-28,1,D0,1,D0,1,D0,True,0.20069717,0.5644915,0.23458086,0.00022507622,1.1735126e-06,4.2100037e-06
20033,2023-12-05,1,D0,1,D0,1,D0,True,0.19805932,0.56254125,0.23915337,0.00024059955,1.2411452e-06,4.277374e-06
20033,2023-12-12,1,D0,1,D0,1,D0,True,0.19483769,0.5595884,0.24530603,0.0002622165,1.3347537e-06,4.344523e-06
20033,2023-12-19,1,D0,1,D0,1,D0,True,0.19096227,0.5560013,0.25273886,0.00029162597,1.4624059e-06,4.449255e-06
20033,2023-12-26,1,D0,1,D0,1,D0,True,0.18684353,0.5519245,0.26089692,0.00032879657,1.6234375e-06,4.5954307e-06
20033,2024-01-02,1,D0,1,D0,1,D0,True,0.18265773,0.547789,0.2691752,0.00037150914,1.8039705e-06,4.753042e-06
20033,2024-01-09,0,None,1,D0,1,D0,False,0.17906491,0.544044,0.27647054,0.00041366013,1.9830147e-06,4.900291e-06
20033,2024-01-16,0,None,0,None,0,None,True,0.6466501,0.35118464,0.002150495,8.008057e-06,4.104358e-06,2.6920914e-06
20033,2024-01-23,0,None,0,None,0,None,True,0.6313532,0.3654875,0.0031291484,1.9163073e-05,6.7138103e-06,4.271983e-06
20033,2024-01-30,0,None,0,None,0,None,True,0.69874364,0.30064225,0.0006007027,7.4920317e-06,5.0409767e-06,7.97142e-07
20033,2024-02-06,0,None,0,None,0,None,True,0.6929924,0.30606642,0.00090490666,1.9868996e-05,1.4391318e-05,1.971527e-06
20033,2024-02-13,0,None,0,None,0,None,True,0.68510264,0.31372207,0.0011122656,3.4144738e-05,2.5221161e-05,3.5914957e-06
20033,2024-02-20,0,None,0,None,0,None,True,0.6776671,0.32125303,0.001007526,3.842129e-05,2.9108178e-05,4.827332e-06
20033,2024-02-27,0,None,0,None,0,None,True,0.67235225,0.32674637,0.000837123,3.332545e-05,2.5639143e-05,5.308535e-06
20033,2024-03-05,0,None,0,None,0,None,True,0.66982037,0.32941005,0.00071643555,2.7119228e-05,2.0899131e-05,5.157583e-06
20033,2024-03-12,1,D0,0,None,0,None,False,0.6692469,0.33005637,0.00065101596,2.3102186e-05,1.7814671e-05,4.7894164e-06
20033,2024-03-19,1,D0,1,D0,1,D0,True,0.16525863,0.5135462,0.31992498,0.0012566258,4.342202e-06,9.124568e-06
20033,2024-03-26,1,D0,1,D0,1,D0,True,0.10459254,0.4839028,0.40598932,0.0054807495,2.1642463e-05,1.3004158e-05
20033,2024-04-02,1,D0,2,D1,2,D1,False,0.049054787,0.36019862,0.52094567,0.06943345,0.00032594256,4.152509e-05
20033,2024-04-09,1,D0,2,D1,2,D1,False,0.021648744,0.25880376,0.55597156,0.16290116,0.0006403536,3.442187e-05
20033,2024-04-16,2,D1,2,D1,2,D1,True,0.035250533,0.30923182,0.53589445,0.11905775,0.00050724135,5.825089e-05
20033,2024-04-23,2,D1,2,D1,2,D1,True,0.0006041638,0.022104096,0.49436915,0.46998692,0.012931071,4.631061e-06
20033,2024-04-30,3,D2,3,D2,3,D2,True,0.0006781547,0.017599218,0.4480145,0.5014695,0.032232903,5.7838874e-06
20033,2024-05-07,3,D2,3,D2,3,D2,True,1.0356746e-06,5.0837098e-06,0.028702578,0.642356,0.3289328,2.5048716e-06
20033,2024-05-14,3,D2,3,D2,3,D2,True,7.861539e-06,3.1695545e-05,0.04198996,0.6251712,0.33278388,1.547047e-05
20033,2024-05-21,3,D2,3,D2,3,D2,True,3.0515941e-05,9.344149e-05,0.049176555,0.61008644,0.3405376,7.551155e-05
20033,2024-05-28,3,D2,3,D2,3,D2,True,6.430298e-05,0.0002273666,0.07263979,0.6111767,0.3158033,8.85539e-05
20033,2024-06-04,2,D1,3,D2,3,D2,False,7.766382e-05,0.00038460776,0.12156974,0.56865066,0.30926332,5.404133e-05
20033,2024-06-11,2,D1,3,D2,3,D2,False,0.006670924,0.05973266,0.37019566,0.3947286,0.16842254,0.0002495987
20033,2024-06-18,2,D1,3,D2,3,D2,False,0.0013037636,0.018979518,0.34125027,0.40886226,0.22952023,8.394005e-05
20033,2024-06-25,2,D1,3,D2,3,D2,False,0.00044657185,0.010222166,0.33720952,0.41607776,0.23602016,2.3780489e-05
20033,2024-07-02,1,D0,2,D1,2,D1,False,0.009705629,0.25263608,0.64696854,0.090113275,0.0005591647,1.7262457e-05
20033,2024-07-09,1,D0,1,D0,0,None,False,0.433607,0.5277903,0.03860111,1.4519819e-06,2.9778073e-08,7.838388e-08
20033,2024-07-16,1,D0,0,None,0,None,False,0.6502406,0.34930432,0.00045510448,1.8852727e-08,6.3820766e-09,2.4585063e-09
20033,2024-07-23,1,D0,0,None,0,None,False,0.5690047,0.43019068,0.00080459303,3.927618e-08,3.4415832e-09,2.8877527e-09
20033,2024-07-30,1,D0,1,D0,0,None,False,0.48706967,0.510086,0.0028441262,1.6636554e-07,8.191797e-09,1.216906e-08
20033,2024-08-06,1,D0,1,D0,1,D0,True,0.032494314,0.6494811,0.31790057,0.00012381485,8.529474e-08,4.8995698e-08
20033,2024-08-13,1,D0,1,D0,1,D0,True,0.027678868,0.61245865,0.35933027,0.0005313341,6.960957e-07,1.8435574e-07
20033,2024-08-20,1,D0,1,D0,1,D0,True,0.040500615,0.6353655,0.32375005,0.000382869,6.515669e-07,2.973669e-07
20033,2024-08-27,1,D0,1,D0,1,D0,True,0.05219873,0.6495106,0.2979639,0.00032516234,8.4554273e-07,6.168773e-07
20033,2024-09-03,1,D0,1,D0,1,D0,True,0.044512354,0.6102679,0.3444871,0.0007298222,2.0033224e-06,8.983146e-07
20033,2024-09-10,1,D0,1,D0,1,D0,True,0.05468749,0.6332793,0.31154293,0.00048763916,1.581895e-06,1.0546428e-06
20033,2024-09-17,1,D0,1,D0,1,D0,True,0.048218597,0.6464967,0.3048614,0.00042101176,1.2971844e-06,9.1965046e-07
20033,2024-09-24,0,None,1,D0,1,D0,False,0.043564055,0.6500418,0.3060097,0.0003831196,8.1902357e-07,4.6931396e-07
20033,2024-10-01,0,None,0,None,0,None,True,0.5590742,0.43990466,0.0010209057,1.3266707e-07,3.452599e-08,1.6283497e-08
20033,2024-10-08,0,None,0,None,0,None,True,0.5841435,0.41517526,0.0006811237,1.5432434e-07,3.185532e-08,1.16015135e-08
20033,2024-10-15,0,None,0,None,0,None,True,0.5349305,0.46294352,0.00212508,8.186164e-07,8.9628124e-08,3.933948e-08
20033,2024-10-22,0,None,0,None,0,None,True,0.5114558,0.48427677,0.004264737,2.4343033e-06,1.909414e-07,8.711558e-08
20033,2024-10-29,1,D0,0,None,0,None,False,0.5109746,0.48334107,0.005679539,4.4311982e-06,3.1704778e-07,1.6007323e-07
20033,2024-11-05,1,D0,1,D0,1,D0,True,0.35715947,0.60066736,0.04215125,2.1091355e-05,2.3694027e-07,5.8470505e-07
20033,2024-11-12,0,None,1,D0,1,D0,False,0.37500143,0.58019215,0.04478163,2.3313063e-05,3.4474553e-07,1.1469959e-06
20033,2024-11-19,0,None,0,None,0,None,True,0.73035526,0.26953912,0.000104691695,3.815987e-07,4.593343e-07,6.103955e-08
20033,2024-11-26,0,None,0,None,0,None,True,0.70563483,0.2942379,0.00012472626,1.0393111e-06,1.2606981e-06,2.704805e-07
20033,2024-12-03,0,None,0,None,0,None,True,0.67185396,0.32799208,0.00014911103,1.7247964e-06,2.1005796e-06,1.048086e-06
20033,2024-12-10,0,None,0,None,0,None,True,0.64683205,0.3530049,0.00015680295,1.807323e-06,2.273535e-06,2.151054e-06
20033,2024-12-17,0,None,0,None,0,None,True,0.63360816,0.3662246,0.0001602499,1.6070305e-06,2.1061194e-06,3.246006e-06
20033,2024-12-24,0,None,0,None,0,None,True,0.63024825,0.3695931,0.00015160971,1.3337341e-06,1.8926e-06,3.8460344e-06
20033,2024-12-31,0,None,0,None,0,None,True,0.6324989,0.36736235,0.0001321255,1.0790292e-06,1.7360815e-06,3.852936e-06
20033,2025-01-07,0,None,0,None,0,None,True,0.63818175,0.36169592,0.000116065305,9.4822275e-07,1.720862e-06,3.4930524e-06
20033,2025-01-14,0,None,0,None,0,None,True,0.6421664,0.35773653,9.311627e-05,5.260502e-07,1.1627774e-06,2.255638e-06
20033,2025-01-21,0,None,0,None,0,None,True,0.64418346,0.35571828,9.613007e-05,3.185316e-07,6.700114e-07,1.1233803e-06
20033,2025-01-28,0,None,0,None,0,None,True,0.6439645,0.35593906,9.513275e-05,2.2732831e-07,3.9728513e-07,6.047773e-07
20033,2025-02-04,0,None,0,None,0,None,True,0.64213413,0.35777232,9.262042e-05,1.8285446e-07,2.6941484e-07,3.6630496e-07
20033,2025-02-11,0,None,0,None,0,None,True,0.64183897,0.35807282,8.753692e-05,1.5113726e-07,2.0236672e-07,2.5465926e-07
20033,2025-02-18,0,None,0,None,0,None,True,0.64371735,0.35619694,8.519398e-05,1.5042608e-07,1.8732005e-07,2.0277827e-07
20033,2025-02-25,0,None,0,None,0,None,True,0.64341146,0.35647833,0.000109471344,2.3017081e-07,2.933537e-07,2.423195e-07
20033,2025-03-04,1,D0,0,None,0,None,False,0.54328763,0.45459032,0.0021123656,4.213127e-06,1.839705e-06,3.7059929e-06
20033,2025-03-11,2,D1,1,D0,1,D0,False,0.045187436,0.66914994,0.28557417,8.790533e-05,1.728542e-07,3.906326e-07
20033,2025-03-18,3,D2,2,D1,2,D1,False,0.0007342292,0.16941388,0.5734908,0.25474668,0.0016003939,1.3963163e-05
20033,2025-03-25,3,D2,3,D2,3,D2,True,2.9801076e-05,0.0011057759,0.11497171,0.47508585,0.40826494,0.0005419194
20033,2025-04-01,3,D2,3,D2,3,D2,True,5.7716785e-05,0.0013064629,0.09105048,0.4633258,0.4415731,0.0026863965
20033,2025-04-08,3,D2,4,D3,3,D2,True,8.4791114e-05,0.0011358804,0.07016026,0.41702008,0.50248384,0.009115104
20033,2025-04-15,3,D2,4,D3,3,D2,True,0.0001608607,0.0015235511,0.07620391,0.4111974,0.49779168,0.0131226815
20033,2025-04-22,2,D1,3,D2,3,D2,False,0.00022908107,0.002198283,0.11618085,0.4515781,0.4252882,0.0045254985
20033,2025-04-29,2,D1,2,D1,2,D1,True,0.027630122,0.34902775,0.52907324,0.087907895,0.00559148,0.0007695086
20033,2025-05-06,2,D1,2,D1,2,D1,True,0.011346095,0.23477583,0.5831673,0.16574833,0.0047741793,0.00018831049
20033,2025-05-13,2,D1,2,D1,2,D1,True,0.0037658045,0.15055951,0.596284,0.24557588,0.0037684974,4.6232144e-05
20033,2025-05-20,2,D1,2,D1,2,D1,True,0.0056928336,0.1825159,0.6312259,0.17873375,0.0017962147,3.546148e-05
20033,2025-05-27,1,D0,2,D1,2,D1,False,0.0050716475,0.16048793,0.6387752,0.19411519,0.0015261692,2.377804e-05
20033,2025-06-03,1,D0,1,D0,0,None,False,0.43538466,0.53367245,0.030941516,1.2123834e-06,3.1124337e-08,1.296134e-07
20033,2025-06-10,0,None,0,None,0,None,True,0.650389,0.34925377,0.00035720714,2.063103e-08,8.616647e-09,4.3966404e-09
20033,2025-06-17,0,None,0,None,0,None,True,0.76390487,0.23605277,4.237299e-05,1.531869e-08,2.2980993e-08,1.4941951e-09
20033,2025-06-24,0,None,0,None,0,None,True,0.7494531,0.25049537,5.1398987e-05,4.2365723e-08,6.5598556e-08,5.3492992e-09
20033,2025-07-01,0,None,0,None,0,None,True,0.7043158,0.29560316,8.069046e-05,1.4801208e-07,1.9310141e-07,3.3955363e-08
20033,2025-07-08,0,None,0,None,0,None,True,0.6721966,0.32765013,0.00015186978,6.1464186e-07,6.093727e-07,1.264665e-07
20033,2025-07-15,0,None,0,None,0,None,True,0.668066,0.33168587,0.0002443945,1.8609228e-06,1.5905796e-06,2.1119047e-07
20033,2025-07-22,0,None,0,None,0,None,True,0.66701305,0.332689,0.00029178223,3.2001572e-06,2.6914147e-06,2.9186194e-07
20033,2025-07-29,0,None,0,None,0,None,True,0.67956066,0.32012233,0.00030927936,3.971866e-06,3.531785e-06,2.477972e-07
20033,2025-08-05,0,None,0,None,0,None,True,0.68916744,0.31055802,0.00026709386,4.1852986e-06,3.146228e-06,1.6990968e-07
20033,2025-08-12,0,None,0,None,0,None,True,0.69311714,0.30663866,0.00023745373,4.0325326e-06,2.6166222e-06,1.2642346e-07
20033,2025-08-19,0,None,0,None,0,None,True,0.6968578,0.30292487,0.00021116054,3.758661e-06,2.2828392e-06,1.0220072e-07
20033,2025-08-26,0,None,0,None,0,None,True,0.6938857,0.30586645,0.00024127752,4.147695e-06,2.2751653e-06,1.1915433e-07
20033,2025-09-02,0,None,0,None,0,None,True,0.7042303,0.2956293,0.00013717778,1.8678181e-06,1.2547401e-06,1.0394877e-07
20033,2025-09-09,0,None,0,None,0,None,True,0.6993938,0.30048066,0.00012241426,1.6720702e-06,1.2815183e-06,2.2573853e-07
20033,2025-09-16,0,None,0,None,0,None,True,0.6878871,0.3119788,0.00012961472,2.1252765e-06,1.786196e-06,5.9478367e-07
20033,2025-09-23,0,None,0,None,0,None,True,0.6621444,0.33764645,0.00019796786,4.337409e-06,4.0767295e-06,2.7567964e-06
20033,2025-09-30,0,None,0,None,0,None,True,0.6532524,0.34646195,0.00026893965,6.4254928e-06,5.7032125e-06,4.539047e-06
20033,2025-10-07,0,None,0,None,0,None,True,0.6502173,0.3494487,0.0003141648,7.8637995e-06,6.3445e-06,5.6647623e-06
20033,2025-10-14,0,None,0,None,0,None,True,0.64594746,0.35367414,0.00035595187,8.70574e-06,6.5482413e-06,7.2177527e-06
20033,2025-10-21,0,None,0,None,0,None,True,0.64141446,0.35817468,0.00038683455,8.594142e-06,6.38777e-06,9.022599e-06
20033,2025-10-28,0,None,0,None,0,None,True,0.6381685,0.3614283,0.00038094076,7.2347457e-06,5.614942e-06,9.415921e-06
20033,2025-11-04,0,None,0,None,0,None,True,0.62987053,0.3697872,0.00032472046,5.103919e-06,4.068182e-06,8.365865e-06
20033,2025-11-11,0,None,0,None,0,None,True,0.628055,0.37168056,0.00025163556,3.2305195e-06,2.800478e-06,6.8529093e-06
20033,2025-11-18,0,None,0,None,0,None,True,0.6306261,0.36914748,0.00021580463,2.4880947e-06,2.3451792e-06,5.7854454e-06
20033,2025-11-25,0,None,0,None,0,None,True,0.6321337,0.36766547,0.00019171191,2.006875e-06,2.0297475e-06,5.0466165e-06
20033,2025-12-02,0,None,0,None,0,None,True,0.63296413,0.36686343,0.00016465709,1.5425647e-06,1.7515242e-06,4.5074175e-06
20033,2025-12-09,0,None,0,None,0,None,True,0.63349354,0.36636037,0.00013915957,1.1481997e-06,1.5538667e-06,4.1968365e-06
20033,2025-12-16,0,None,0,None,0,None,True,0.6343198,0.36555442,0.00011970396,8.654814e-07,1.3835682e-06,3.8930157e-06
20033,2025-12-23,0,None,0,None,0,None,True,0.63396513,0.36592957,0.00010025835,6.0363124e-07,1.1070579e-06,3.2526207e-06
20033,2025-12-30,0,None,0,None,0,None,True,0.6336895,0.3662257,8.127714e-05,3.4724107e-07,7.5634455e-07,2.3735938e-06
20035,2022-01-04,1,D0,2,D1,2,D1,False,0.024346914,0.46314943,0.4905438,0.021866476,6.436071e-05,2.9017947e-05
20035,2022-01-11,2,D1,1,D0,1,D0,False,0.047268037,0.48987415,0.4494026,0.013378018,4.5291956e-05,3.189347e-05
20035,2022-01-18,2,D1,2,D1,2,D1,True,0.00084620627,0.090540506,0.62773114,0.28024283,0.0006289631,1.0371108e-05
20035,2022-01-25,2,D1,2,D1,2,D1,True,0.00082964945,0.08467493,0.6365291,0.27745834,0.00049844966,9.5220785e-06
20035,2022-02-01,2,D1,2,D1,2,D1,True,0.001063371,0.08284505,0.6306914,0.28469032,0.0006936397,1.6324344e-05
20035,2022-02-08,2,D1,2,D1,2,D1,True,0.0015675236,0.09354589,0.62481934,0.27926925,0.000770223,2.7769085e-05
20035,2022-02-15,2,D1,2,D1,2,D1,True,0.002003278,0.10043024,0.6243196,0.27243474,0.0007720063,4.0153478e-05
20035,2022-02-22,2,D1,2,D1,2,D1,True,0.0015899078,0.068606466,0.595238,0.3314202,0.0030850428,6.041677e-05
20035,2022-03-01,2,D1,2,D1,2,D1,True,0.0022274726,0.08153957,0.5899646,0.3231139,0.0030718844,8.2529776e-05
20035,2022-03-08,2,D1,2,D1,2,D1,True,0.0026074122,0.091912344,0.5900386,0.31249166,0.002854168,9.5758376e-05
20035,2022-03-15,2,D1,2,D1,2,D1,True,0.0016439324,0.03862619,0.51181203,0.413054,0.034617394,0.00024649536
20035,2022-03-22,1,D0,2,D1,2,D1,False,0.0026660569,0.055575524,0.5127775,0.39476672,0.033852197,0.00036202083
20035,2022-03-29,0,None,1,D0,1,D0,False,0.22820336,0.5785761,0.1929916,0.00021925186,9.4407017e-07,8.724967e-06
20035,2022-04-05,0,None,1,D0,0,None,True,0.48743278,0.5092849,0.0032804194,1.0149834e-06,1.1827012e-07,6.5798844e-07
20035,2022-04-12,0,None,1,D0,0,None,True,0.48444816,0.5123536,0.0031957224,1.4626794e-06,1.3230087e-07,9.0857765e-07
20035,2022-04-19,0,None,1,D0,0,None,True,0.44752857,0.5437307,0.008733253,5.4522275e-06,2.8492963e-07,1.8425612e-06
20035,2022-04-26,1,D0,1,D0,1,D0,True,0.43248215,0.5519751,0.015525705,1.2739901e-05,6.257446e-07,3.6590793e-06
20035,2022-05-03,0,None,1,D0,1,D0,False,0.10070474,0.5849156,0.31373513,0.00064109184,1.2311879e-06,2.2708853e-06
20035,2022-05-10,0,None,1,D0,0,None,True,0.4612419,0.5264048,0.012342597,6.5028808e-06,7.89894e-07,3.444904e-06
20035,2022-05-17,0,None,0,None,0,None,True,0.5734157,0.4261839,0.00040013192,1.5362461e-07,5.376253e-08,1.01785076e-07
20035,2022-05-24,0,None,0,None,0,None,True,0.56237626,0.43692902,0.0006940265,4.663071e-07,1.0389796e-07,1.2046789e-07
20035,2022-05-31,0,None,0,None,0,None,True,0.6343237,0.3654772,0.00019863539,2.7731454e-07,1.3060092e-07,3.9666514e-08
20035,2022-06-07,0,None,0,None,0,None,True,0.67080134,0.32905227,0.00014542771,5.2496557e-07,3.6995627e-07,6.409678e-08
20035,2022-06-14,0,None,0,None,0,None,True,0.6714106,0.32841396,0.00017304803,1.2433788e-06,9.788839e-07,2.0370244e-07
20035,2022-06-21,0,None,0,None,0,None,True,0.68840766,0.31144452,0.00014388999,1.8363189e-06,1.7304618e-06,3.742757e-07
20035,2022-06-28,0,None,0,None,0,None,True,0.6886299,0.31122717,0.00013771302,2.342517e-06,2.1800472e-06,6.354061e-07
20035,2022-07-05,0,None,0,None,0,None,True,0.67647964,0.32336286,0.00014933199,3.3543097e-06,3.1417828e-06,1.6567975e-06
20035,2022-07-12,0,None,0,None,0,None,True,0.66353947,0.33626947,0.00017712025,4.9495193e-06,4.84966e-06,4.2399074e-06
20035,2022-07-19,1,D0,1,D0,1,D0,True,0.4191667,0.543739,0.036708385,0.00030824775,1.3936457e-05,6.365743e-05
20035,2022-07-26,2,D1,2,D1,2,D1,True,0.018790444,0.2866995,0.57077384,0.12318406,0.0005006232,5.1462885e-05
20035,2022-08-02,3,D2,3,D2,3,D2,True,0.00016702367,0.0019739566,0.27651834,0.5368796,0.18437682,8.432418e-05
20035,2022-08-09,3,D2,3,D2,3,D2,True,5.9832997e-05,0.0005735021,0.20233016,0.5639912,0.23293541,0.00010990657
20035,2022-08-16,3,D2,3,D2,3,D2,True,1.2827056e-05,4.9159462e-05,0.05599627,0.5921586,0.35104376,0.00073931745
20035,2022-08-23,3,D2,4,D3,3,D2,True,8.4169544e-05,0.00011115065,0.013343205,0.44786957,0.4929168,0.04567504
20035,2022-08-30,4,D3,4,D3,3,D2,False,0.00019552531,0.00022565087,0.010730107,0.34355864,0.5047683,0.14052176
20035,2022-09-06,4,D3,4,D3,4,D3,True,8.4355226e-05,6.6780776e-05,0.002194839,0.17949784,0.55682504,0.2613311
20035,2022-09-13,4,D3,4,D3,4,D3,True,0.00011206968,7.9105295e-05,0.0022310165,0.17967089,0.5656551,0.2522518
20035,2022-09-20,4,D3,4,D3,4,D3,True,0.00013281114,8.510814e-05,0.0023084003,0.19032654,0.5756839,0.2314633
20035,2022-09-27,5,D4,5,D4,5,D4,True,3.416789e-05,2.6135967e-05,0.00039874128,0.053653236,0.47292328,0.47296444
20035,2022-10-04,5,D4,5,D4,5,D4,True,1.1324963e-06,1.9838112e-06,5.4783268e-05,0.0040254025,0.23276709,0.7631495
20035,2022-10-11,5,D4,5,D4,5,D4,True,3.2824337e-07,7.547147e-07,3.5276993e-05,0.003856559,0.23538527,0.76072186
20035,2022-10-18,5,D4,5,D4,5,D4,True,5.940003e-07,1.6210402e-06,5.3324107e-05,0.005435302,0.25968894,0.7348201
20035,2022-10-25,5,D4,5,D4,5,D4,True,9.017838e-07,2.9577373e-06,7.0809096e-05,0.0068059308,0.28049418,0.7126252
20035,2022-11-01,5,D4,5,D4,5,D4,True,1.2007564e-06,4.7269746e-06,8.773611e-05,0.007014035,0.2933256,0.6995667
20035,2022-11-08,5,D4,5,D4,5,D4,True,1.8631602e-06,8.256555e-06,0.00011116149,0.0066499426,0.29929882,0.69393
20035,2022-11-15,5,D4,5,D4,5,D4,True,3.5798753e-06,1.5583957e-05,0.0001480976,0.007851849,0.3162907,0.6756901
20035,2022-11-22,5,D4,5,D4,5,D4,True,5.5393907e-06,2.1912332e-05,0.00017756091,0.009480172,0.32205346,0.6682614
20035,2022-11-29,5,D4,5,D4,5,D4,True,6.857096e-06,2.3795239e-05,0.00018452787,0.007010743,0.30963454,0.68313956
20035,2022-12-06,5,D4,5,D4,5,D4,True,6.036113e-06,1.8572386e-05,0.00013926462,0.0054207495,0.29339513,0.7010203
20035,2022-12-13,5,D4,5,D4,5,D4,True,3.73026e-06,9.817677e-06,8.3309824e-05,0.0036795007,0.2707552,0.72546834
20035,2022-12-20,5,D4,5,D4,5,D4,True,2.6244518e-06,5.2358723e-06,5.318764e-05,0.003440123,0.27335933,0.7231395
20035,2022-12-27,5,D4,5,D4,5,D4,True,2.7183944e-06,4.0167106e-06,4.3507334e-05,0.003389114,0.2906435,0.70591706
20035,2023-01-03,5,D4,5,D4,5,D4,True,2.8258505e-06,3.558114e-06,3.9326686e-05,0.0036267196,0.317447,0.6788805
20035,2023-01-10,5,D4,5,D4,5,D4,True,2.3149673e-06,2.1584617e-06,3.0485457e-05,0.003732379,0.36162055,0.63461214
20035,2023-01-17,5,D4,5,D4,5,D4,True,2.329063e-06,1.9502518e-06,2.9007104e-05,0.0040097977,0.3679522,0.6280047
20035,2023-01-24,5,D4,5,D4,5,D4,True,2.2966335e-06,2.0654222e-06,2.9476498e-05,0.003913035,0.35116535,0.6448878
20035,2023-01-31,5,D4,5,D4,5,D4,True,2.2896704e-06,2.3874927e-06,3.182313e-05,0.0038649437,0.32170278,0.67439574
20035,2023-02-07,5,D4,5,D4,5,D4,True,2.6910036e-06,3.2154123e-06,3.864315e-05,0.004296854,0.29434615,0.7013125
20035,2023-02-14,5,D4,5,D4,5,D4,True,3.897859e-06,4.6963823e-06,5.5359906e-05,0.006104265,0.27539137,0.7184404
20035,2023-02-21,5,D4,5,D4,5,D4,True,7.233645e-06,7.832617e-06,9.625774e-05,0.011026554,0.26710144,0.72176075
20035,2023-02-28,5,D4,5,D4,5,D4,True,1.4415107e-05,1.5061544e-05,0.00018207314,0.0210272,0.2649197,0.71384156
20035,2023-03-07,5,D4,5,D4,5,D4,True,3.2094467e-05,3.1558404e-05,0.00040139572,0.045564014,0.26574257,0.68822825
20035,2023-03-14,5,D4,5,D4,5,D4,True,3.5797566e-05,3.252013e-05,0.0003881276,0.046116613,0.25623515,0.69719183
20035,2023-03-21,5,D4,5,D4,5,D4,True,2.1587315e-05,2.1394171e-05,0.00014854902,0.01183867,0.23725836,0.75071144
20035,2023-03-28,5,D4,5,D4,5,D4,True,8.54791e-06,1.1706426e-05,8.358458e-05,0.0056342436,0.21396478,0.78029716
20035,2023-04-04,5,D4,5,D4,5,D4,True,5.809492e-06,8.351049e-06,6.848144e-05,0.0040714154,0.21860968,0.7772363
20035,2023-04-11,5,D4,5,D4,5,D4,True,5.1412826e-06,7.3860006e-06,6.545042e-05,0.0038345342,0.22623707,0.76985043
20035,2023-04-18,5,D4,5,D4,5,D4,True,2.7271403e-06,4.1886537e-06,4.329687e-05,0.002817067,0.21675666,0.7803761
20035,2023-04-25,5,D4,5,D4,5,D4,True,3.0245346e-06,4.4836993e-06,4.3016527e-05,0.0027197215,0.22925231,0.7679775
20035,2023-05-02,5,D4,5,D4,5,D4,True,2.3552018e-06,3.7823343e-06,3.9345487e-05,0.0018468809,0.2138548,0.7842529
20035,2023-05-09,5,D4,5,D4,5,D4,True,1.5025606e-06,2.8629147e-06,3.106795e-05,0.0011191232,0.19720985,0.80163556
20035,2023-05-16,5,D4,5,D4,5,D4,True,1.4656097e-06,3.0817873e-06,3.354179e-05,0.0011143025,0.19310917,0.80573845
20035,2023-05-23,5,D4,5,D4,5,D4,True,1.5307694e-06,3.512678e-06,3.8770115e-05,0.0012700119,0.1865615,0.81212467
20035,2023-05-30,5,D4,5,D4,5,D4,True,1.655654e-06,4.298755e-06,4.962876e-05,0.0015642438,0.17982414,0.81855613
20035,2023-06-06,5,D4,5,D4,5,D4,True,1.6761941e-06,4.9307546e-06,6.334473e-05,0.0020361608,0.17335926,0.82453465
20035,2023-06-13,5,D4,5,D4,5,D4,True,1.7631633e-06,5.8254436e-06,8.3344414e-05,0.0027511753,0.17249212,0.82466584
20035,2023-06-20,5,D4,5,D4,5,D4,True,1.9035873e-06,6.974796e-06,0.00010083291,0.0030033595,0.17517214,0.8217148
20035,2023-06-27,5,D4,5,D4,5,D4,True,2.855926e-06,1.0509727e-05,0.00014826188,0.0038749375,0.18071385,0.81524956
20035,2023-07-04,5,D4,5,D4,5,D4,True,1.8257994e-06,6.3876587e-06,9.0736605e-05,0.003126955,0.17340638,0.8233677
20035,2023-07-11,4,D3,5,D4,5,D4,False,4.988896e-07,1.4833578e-06,2.4133216e-05,0.0017343343,0.19378589,0.8044537
20035,2023-07-18,4,D3,4,D3,4,D3,True,1.0174975e-06,8.141013e-07,0.00013427806,0.032543596,0.6548873,0.312433
20035,2023-07-25,4,D3,4,D3,4,D3,True,5.2250573e-07,4.7428858e-07,0.001193404,0.24855952,0.7447986,0.0054474855
20035,2023-08-01,4,D3,4,D3,4,D3,True,3.9362828e-07,3.737968e-07,0.0011128432,0.23267537,0.7633437,0.0028673734
20035,2023-08-08,4,D3,4,D3,4,D3,True,5.8528866e-07,5.5855446e-07,0.00087011606,0.17845576,0.81194603,0.008726974
20035,2023-08-15,4,D3,4,D3,4,D3,True,2.3725884e-06,2.1584067e-06,0.0010166295,0.15075646,0.8061979,0.042024463
20035,2023-08-22,4,D3,4,D3,4,D3,True,7.882425e-06,6.1890273e-06,0.0012948156,0.14884315,0.7616139,0.0882341
20035,2023-08-29,4,D3,4,D3,4,D3,True,2.2254268e-05,1.5150177e-05,0.0017435089,0.17285948,0.7046916,0.120667994
20035,2023-09-05,4,D3,4,D3,4,D3,True,4.935546e-05,2.7573684e-05,0.0024071005,0.2060793,0.654203,0.13723367
20035,2023-09-12,4,D3,4,D3,4,D3,True,7.4660595e-05,3.7943537e-05,0.002879331,0.23214538,0.6180014,0.14686127
20035,2023-09-19,4,D3,4,D3,4,D3,True,0.00011186096,5.5581317e-05,0.003943529,0.28019232,0.6041379,0.1115589
20035,2023-09-26,4,D3,4,D3,4,D3,True,9.0873844e-05,4.8567566e-05,0.0039850455,0.29641798,0.59892696,0.10053057
20035,2023-10-03,4,D3,4,D3,4,D3,True,8.386246e-05,4.6337158e-05,0.003923869,0.29666254,0.5963437,0.10293968
20035,2023-10-10,4,D3,4,D3,4,D3,True,8.327965e-05,4.678516e-05,0.0040119113,0.2983934,0.5955039,0.10196077
20035,2023-10-17,4,D3,4,D3,4,D3,True,8.223603e-05,4.7034697e-05,0.0040960237,0.30015177,0.59555155,0.10007145
20035,2023-10-24,4,D3,4,D3,4,D3,True,8.123374e-05,4.7346413e-05,0.004187401,0.30178094,0.5962735,0.097629584
20035,2023-10-31,3,D2,4,D3,4,D3,False,8.003305e-05,4.7563768e-05,0.0042817127,0.30349612,0.59730005,0.09479452
20035,2023-11-07,3,D2,3,D2,3,D2,True,0.00015803264,0.0011466629,0.16430438,0.64150035,0.19283567,5.4964436e-05
20035,2023-11-14,3,D2,3,D2,3,D2,True,2.2915005e-05,0.00042363445,0.181053,0.6834891,0.13500313,8.221246e-06
20035,2023-11-21,3,D2,3,D2,3,D2,True,1.4733587e-05,0.0003777516,0.19420546,0.7067847,0.0986149,2.3724301e-06
20035,2023-11-28,3,D2,3,D2,3,D2,True,1.0644537e-05,0.00026088028,0.17898573,0.71725863,0.103481874,2.226134e-06
20035,2023-12-05,2,D1,3,D2,3,D2,False,1.384672e-05,0.000365483,0.19397305,0.71374935,0.09189625,2.0641678e-06
20035,2023-12-12,2,D1,2,D1,2,D1,True,0.025112739,0.3921105,0.54142654,0.04134361,3.8870257e-06,2.7991914e-06
20035,2023-12-19,2,D1,2,D1,2,D1,True,0.0032979182,0.20137288,0.6504498,0.14487271,5.693461e-06,1.0633697e-06
20035,2023-12-26,1,D0,2,D1,2,D1,False,0.0019114695,0.16921668,0.66865474,0.1602116,4.938206e-06,5.980198e-07
20035,2024-01-02,1,D0,1,D0,1,D0,True,0.31911334,0.6377725,0.043110427,3.49014e-06,6.3117707e-09,1.3068984e-07
20035,2024-01-09,1,D0,1,D0,1,D0,True,0.34201455,0.6341013,0.023883546,6.225492e-07,3.1162941e-09,6.4765466e-08
20035,2024-01-16,1,D0,1,D0,1,D0,True,0.30041826,0.65380454,0.045775622,1.4708229e-06,4.130348e-09,8.318083e-08
20035,2024-01-23,1,D0,1,D0,1,D0,True,0.2546755,0.65241706,0.0929017,5.507843e-06,9.295717e-09,1.5500089e-07
20035,2024-01-30,1,D0,1,D0,1,D0,True,0.22844435,0.6373266,0.13421535,1.3468978e-05,1.9328898e-08,2.475961e-07
20035,2024-02-06,1,D0,1,D0,1,D0,True,0.20973729,0.6269181,0.16331777,2.6457225e-05,3.6764337e-08,3.5824692e-07
20035,2024-02-13,0,None,1,D0,1,D0,False,0.2740052,0.6191987,0.10677984,1.5464662e-05,7.232489e-08,7.0812615e-07
20035,2024-02-20,0,None,0,None,0,None,True,0.6425511,0.35663423,0.0008132649,6.5926014e-07,3.1198852e-07,4.4589825e-07
20035,2024-02-27,0,None,0,None,0,None,True,0.63585526,0.36288342,0.0012568346,2.732129e-06,9.2242834e-07,8.86941e-07
20035,2024-03-05,1,D0,0,None,0,None,False,0.6211483,0.3763013,0.0025339862,1.09293305e-05,2.9269906e-06,2.5915579e-06
20035,2024-03-12,1,D0,1,D0,1,D0,True,0.32197604,0.51540416,0.16234806,0.00025925157,2.0889756e-06,1.0455464e-05
20035,2024-03-19,1,D0,1,D0,1,D0,True,0.34168902,0.5090617,0.14898305,0.0002450512,3.944868e-06,1.7294746e-05
20035,2024-03-26,0,None,1,D0,1,D0,False,0.35563838,0.51224554,0.13187416,0.0002170984,4.6335877e-06,2.0171896e-05
20035,2024-04-02,0,None,1,D0,0,None,True,0.46637014,0.48664966,0.046844434,0.0001069191,6.2540726e-06,2.249905e-05
20035,2024-04-09,0,None,1,D0,0,None,True,0.46731862,0.48629656,0.04623977,0.00011481163,6.4508135e-06,2.3686822e-05
20035,2024-04-16,1,D0,1,D0,0,None,False,0.4624598,0.48777714,0.049606223,0.00012418344,6.892086e-06,2.5710739e-05
20035,2024-04-23,1,D0,1,D0,1,D0,True,0.093653984,0.5190839,0.38513693,0.0021178136,3.4020068e-06,3.9158354e-06
20035,2024-04-30,1,D0,2,D1,2,D1,False,0.04390911,0.37127274,0.5310329,0.0536198,0.00014177145,2.3641469e-05
20035,2024-05-07,1,D0,1,D0,1,D0,True,0.18901159,0.4579584,0.34803826,0.004854073,5.721227e-05,8.046999e-05
20035,2024-05-14,1,D0,1,D0,1,D0,True,0.39415947,0.5149152,0.09074096,0.00014326707,9.467989e-06,3.1625674e-05
20035,2024-05-21,0,None,1,D0,1,D0,False,0.4035696,0.52315366,0.0731493,0.00010163197,5.2779988e-06,2.048535e-05
20035,2024-05-28,0,None,0,None,0,None,True,0.6911494,0.30819568,0.000645084,5.062209e-06,3.8275275e-06,9.401369e-07
20035,2024-06-04,0,None,0,None,0,None,True,0.6850899,0.31393486,0.0009523116,1.2379012e-05,8.992937e-06,1.4847102e-06
20035,2024-06-11,0,None,0,None,0,None,True,0.674122,0.324419,0.0014119358,2.5962367e-05,1.8005003e-05,3.1382137e-06
20035,2024-06-18,0,None,0,None,0,None,True,0.6951075,0.30403972,0.0008118805,2.2587483e-05,1.6386484e-05,1.9196357e-06
20035,2024-06-25,1,D0,0,None,0,None,False,0.6360794,0.35927755,0.0044857175,0.000106248895,3.7836624e-05,1.3299904e-05
20035,2024-07-02,0,None,1,D0,1,D0,False,0.08413729,0.5340727,0.38123035,0.0005576579,8.3460463e-07,1.1973564e-06
20035,2024-07-09,0,None,1,D0,1,D0,False,0.34125343,0.53166157,0.12680505,0.00024046861,1.0833382e-05,2.8684979e-05
20035,2024-07-16,1,D0,1,D0,0,None,False,0.42997468,0.5234731,0.046448726,8.5905885e-05,4.6722134e-06,1.2945404e-05
20035,2024-07-23,1,D0,1,D0,1,D0,True,0.06064715,0.56872547,0.37018406,0.0004420159,5.915472e-07,6.981286e-07
20035,2024-07-30,2,D1,1,D0,1,D0,False,0.07395773,0.57873964,0.3469283,0.00037267874,7.1969214e-07,9.922926e-07
20035,2024-08-06,2,D1,2,D1,2,D1,True,0.0017494708,0.14950138,0.72278607,0.1258693,9.3177994e-05,5.861756e-07
20035,2024-08-13,2,D1,2,D1,2,D1,True,0.00045363748,0.088078916,0.73021346,0.18108976,0.00016400433,2.610924e-07
20035,2024-08-20,2,D1,2,D1,2,D1,True,0.00076152576,0.101480626,0.7008664,0.19658208,0.0003088851,4.86285e-07
20035,2024-08-27,2,D1,2,D1,2,D1,True,0.0012959106,0.1145837,0.6910113,0.19273922,0.00036906073,7.588599e-07
20035,2024-09-03,2,D1,2,D1,2,D1,True,0.0019094798,0.12844282,0.68540215,0.1839186,0.00032601197,9.43814e-07
20035,2024-09-10,2,D1,2,D1,2,D1,True,0.0026011714,0.13680537,0.6796779,0.18062231,0.00029207443,1.0897013e-06
20035,2024-09-17,2,D1,2,D1,2,D1,True,0.003166295,0.14001052,0.66600806,0.19051886,0.00029484194,1.4449445e-06
20035,2024-09-24,2,D1,2,D1,2,D1,True,0.00128125,0.056891676,0.5682974,0.369234,0.004293763,1.9815898e-06
20035,2024-10-01,2,D1,2,D1,2,D1,True,0.004503258,0.109623045,0.5609401,0.32159072,0.0033331506,9.670361e-06
20035,2024-10-08,3,D2,2,D1,2,D1,False,0.005396278,0.10804693,0.53732514,0.34407893,0.005137919,1.4783473e-05
20035,2024-10-15,3,D2,3,D2,3,D2,True,9.788439e-05,0.0010927038,0.25059184,0.5304229,0.21779262,2.0276932e-06
20035,2024-10-22,3,D2,3,D2,3,D2,True,0.00015996887,0.0012808542,0.22681178,0.5025969,0.26914424,6.293509e-06
20035,2024-10-29,3,D2,3,D2,3,D2,True,5.3033873e-06,2.8678094e-05,0.054484718,0.526382,0.4190901,9.210865e-06
20035,2024-11-05,2,D1,3,D2,3,D2,False,6.041937e-06,3.0609717e-05,0.0496817,0.51139957,0.43885377,2.8304394e-05
20035,2024-11-12,1,D0,2,D1,2,D1,False,0.012377941,0.20892702,0.55353683,0.20276263,0.022137815,0.00025774966
20035,2024-11-19,1,D0,1,D0,0,None,False,0.40689236,0.49826735,0.0947945,4.1146144e-05,1.8636289e-06,2.805424e-06
20035,2024-11-26,1,D0,1,D0,1,D0,True,0.38466632,0.559928,0.055401795,3.8684134e-06,4.973308e-08,7.691879e-08
20035,2024-12-03,1,D0,1,D0,1,D0,True,0.23880225,0.66671425,0.09447716,6.266668e-06,1.8787691e-08,2.5762048e-08
20035,2024-12-10,1,D0,1,D0,1,D0,True,0.16330716,0.69053876,0.14614278,1.1314868e-05,1.2339259e-08,1.7400248e-08
20035,2024-12-17,1,D0,1,D0,1,D0,True,0.15287656,0.6972391,0.14987041,1.3838017e-05,1.4471465e-08,4.291333e-08
20035,2024-12-24,1,D0,1,D0,1,D0,True,0.12742426,0.7197916,0.15276705,1.6968388e-05,1.9583432e-08,7.9509434e-08
20035,2024-12-31,1,D0,1,D0,1,D0,True,0.12781885,0.7035573,0.16859911,2.4512885e-05,2.8096995e-08,1.4705157e-07
20035,2025-01-07,1,D0,1,D0,1,D0,True,0.13115653,0.6845469,0.1842614,3.4938694e-05,4.3175984e-08,2.4453587e-07
20035,2025-01-14,1,D0,1,D0,1,D0,True,0.15233065,0.651842,0.19577716,4.956985e-05,7.637148e-08,5.5694886e-07
20035,2025-01-21,1,D0,1,D0,1,D0,True,0.16936344,0.6255818,0.20499142,6.2089865e-05,1.1779929e-07,1.0382083e-06
20035,2025-01-28,1,D0,1,D0,1,D0,True,0.17662457,0.616108,0.20719871,6.7232606e-05,1.5245378e-07,1.3668259e-06
20035,2025-02-04,1,D0,1,D0,1,D0,True,0.1736909,0.6149113,0.2113246,7.163534e-05,1.7553218e-07,1.3819862e-06
20035,2025-02-11,1,D0,1,D0,1,D0,True,0.1521284,0.628464,0.21933487,7.167283e-05,1.5292805e-07,8.911258e-07
20035,2025-02-18,1,D0,1,D0,1,D0,True,0.1471045,0.6279328,0.22488104,8.066261e-05,1.6117988e-07,8.46258e-07
20035,2025-02-25,1,D0,1,D0,1,D0,True,0.14884335,0.62319636,0.22786579,9.335908e-05,1.8952927e-07,9.876164e-07
20035,2025-03-04,1,D0,1,D0,1,D0,True,0.07951832,0.5736827,0.3453962,0.0013963648,2.456991e-06,3.9875313e-06
20035,2025-03-11,1,D0,1,D0,1,D0,True,0.06566983,0.53648484,0.39448157,0.0033522786,4.9709156e-06,6.6037633e-06
20035,2025-03-18,2,D1,1,D0,1,D0,False,0.08516956,0.5315815,0.38023093,0.0030039456,5.1397574e-06,8.882515e-06
20035,2025-03-25,2,D1,2,D1,2,D1,True,0.0018471637,0.17300949,0.68629503,0.13878478,5.9716593e-05,3.8192147e-06
20035,2025-04-01,2,D1,2,D1,2,D1,True,0.001324333,0.1406054,0.686115,0.17186667,8.265825e-05,5.929451e-06
20035,2025-04-08,2,D1,2,D1,2,D1,True,0.0021464494,0.14352715,0.65564924,0.19847368,0.0001830279,2.0461095e-05
20035,2025-04-15,2,D1,2,D1,2,D1,True,0.0035160019,0.16201371,0.6363902,0.19781777,0.0002227019,3.957221e-05
20035,2025-04-22,1,D0,2,D1,2,D1,False,0.005478629,0.18227275,0.6201417,0.19179922,0.00023753376,7.016772e-05
20035,2025-04-29,1,D0,1,D0,1,D0,True,0.35955703,0.5966446,0.04379531,2.463971e-06,2.4605166e-08,4.729628e-07
20035,2025-05-06,1,D0,1,D0,1,D0,True,0.3562506,0.6219625,0.021786371,4.0402955e-07,7.978998e-09,1.496123e-07
20035,2025-05-13,0,None,1,D0,1,D0,False,0.30390316,0.65207577,0.04402015,6.9937687e-07,9.36551e-09,1.6356941e-07
20035,2025-05-20,0,None,0,None,0,None,True,0.59251815,0.40735686,0.00012485842,9.0978e-09,1.0890116e-08,5.130842e-08
20035,2025-05-27,0,None,0,None,0,None,True,0.5700279,0.42970225,0.00026966978,4.122126e-08,3.1828243e-08,1.523273e-07
20035,2025-06-03,0,None,0,None,0,None,True,0.65919745,0.34076726,3.5198053e-05,1.4439611e-08,2.7720441e-08,2.3574994e-08
20035,2025-06-10,0,None,0,None,0,None,True,0.65428627,0.3456597,5.386356e-05,4.802335e-08,9.637155e-08,5.417422e-08
20035,2025-06-17,0,None,0,None,0,None,True,0.64810133,0.3518087,8.9543966e-05,1.2578053e-07,2.4681557e-07,1.2777811e-07
20035,2025-06-24,0,None,0,None,0,None,True,0.666129,0.3337198,0.00015006465,3.324756e-07,6.13528e-07,2.0512374e-07
20035,2025-07-01,0,None,0,None,0,None,True,0.6785057,0.32127503,0.00021724505,6.998047e-07,1.0237882e-06,2.1397807e-07
20035,2025-07-08,0,None,0,None,0,None,True,0.67777944,0.32196102,0.00025696782,1.057233e-06,1.4024774e-06,2.409418e-07
20035,2025-07-15,0,None,0,None,0,None,True,0.6770692,0.32267082,0.00025664995,1.3585716e-06,1.744737e-06,2.745687e-07
20035,2025-07-22,0,None,0,None,0,None,True,0.6758368,0.32394272,0.00021740366,1.1522053e-06,1.7091896e-06,3.1251875e-07
20035,2025-07-29,0,None,0,None,0,None,True,0.67197144,0.32782865,0.00019658556,1.0973538e-06,1.733785e-06,4.2251727e-07
20035,2025-08-05,0,None,0,None,0,None,True,0.666552,0.33324835,0.00019602299,1.1607789e-06,1.8140112e-06,6.830097e-07
20035,2025-08-12,0,None,0,None,0,None,True,0.6607717,0.33903518,0.00018962982,1.0394831e-06,1.6073076e-06,8.535313e-07
20035,2025-08-19,0,None,0,None,0,None,True,0.6493778,0.35044166,0.00017717878,8.678859e-07,1.2829214e-06,1.14318e-06
20035,2025-08-26,0,None,0,None,0,None,True,0.6297789,0.37004858,0.00016862951,7.2577086e-07,8.9579993e-07,2.2612926e-06
20035,2025-09-02,0,None,0,None,0,None,True,0.62242985,0.37740558,0.00016091537,5.587001e-07,6.4805215e-07,2.3704877e-06
20035,2025-09-09,0,None,0,None,0,None,True,0.6185999,0.38123283,0.0001645202,4.2106583e-07,4.9171274e-07,1.8796574e-06
20035,2025-09-16,0,None,0,None,0,None,True,0.6203721,0.37944165,0.0001840438,3.7445042e-07,4.519294e-07,1.334652e-06
20035,2025-09-23,0,None,0,None,0,None,True,0.6260858,0.37371174,0.00020092454,3.9259038e-07,4.6178099e-07,7.484045e-07
20035,2025-09-30,0,None,0,None,0,None,True,0.6321818,0.36761177,0.00020481969,4.5584963e-07,5.368542e-07,6.212533e-07
20035,2025-10-07,0,None,0,None,0,None,True,0.6479111,0.35186875,0.00021811898,6.5126676e-07,8.333532e-07,5.8125187e-07
20035,2025-10-14,0,None,0,None,0,None,True,0.65666795,0.3431183,0.00021152246,7.4130577e-07,9.682947e-07,5.522767e-07
20035,2025-10-21,0,None,0,None,0,None,True,0.6587535,0.34104314,0.00020147169,5.6822654e-07,7.605923e-07,4.750202e-07
20035,2025-10-28,0,None,0,None,0,None,True,0.50062,0.48651287,0.012849096,1.2340126e-05,5.3699097e-07,5.1973475e-06
20035,2025-11-04,0,None,0,None,0,None,True,0.65533096,0.34457454,9.3678726e-05,1.817178e-07,2.87358e-07,2.9704773e-07
20035,2025-11-11,0,None,0,None,0,None,True,0.6544868,0.34544793,6.46324e-05,1.6107236e-07,2.6393187e-07,3.0320197e-07
20035,2025-11-18,0,None,0,None,0,None,True,0.6482091,0.3517187,7.134088e-05,1.9795992e-07,3.2513057e-07,3.9718014e-07
20035,2025-11-25,0,None,0,None,0,None,True,0.64923304,0.35069352,7.250616e-05,2.0361588e-07,3.555783e-07,3.713363e-07
20035,2025-12-02,0,None,0,None,0,None,True,0.6502317,0.3496962,7.1123686e-05,1.9975809e-07,3.6236597e-07,3.5083883e-07
20035,2025-12-09,0,None,0,None,0,None,True,0.6502812,0.3496524,6.555945e-05,1.7594975e-07,3.414035e-07,3.195877e-07
20035,2025-12-16,0,None,0,None,0,None,True,0.5042724,0.49366742,0.00205435,2.2636434e-06,6.8974447e-07,2.8946483e-06
20035,2025-12-23,0,None,0,None,0,None,True,0.4989826,0.4989631,0.0020504273,1.417289e-06,4.4489119e-07,1.9906113e-06
20035,2025-12-30,1,D0,0,None,0,None,False,0.51511735,0.4835133,0.0013666985,8.3869327e-07,3.5082044e-07,1.4144944e-06
20037,2022-01-04,0,None,0,None,0,None,True,0.6454963,0.35436147,0.00012781253,1.4128315e-06,3.4250822e-06,9.484792e-06
20037,2022-01-11,0,None,0,None,0,None,True,0.64318675,0.35666153,0.00013700458,1.5190574e-06,3.4836823e-06,9.735518e-06
20037,2022-01-18,0,None,0,None,0,None,True,0.6453394,0.35452482,0.00012268167,1.3833899e-06,3.1433024e-06,8.509835e-06
20037,2022-01-25,1,D0,0,None,0,None,False,0.6235084,0.3761702,0.00029729243,2.8078468e-06,4.8943484e-06,1.637694e-05
20037,2022-02-01,2,D1,1,D0,1,D0,False,0.041472822,0.6668691,0.29151556,0.0001417525,2.0000367e-07,5.5575964e-07
20037,2022-02-08,1,D0,2,D1,2,D1,False,0.0037111046,0.29546112,0.5792108,0.12072701,0.0008386462,5.1330553e-05
20037,2022-02-15,1,D0,1,D0,1,D0,True,0.055617187,0.57869,0.36446103,0.00122183,4.0113146e-06,5.931099e-06
20037,2022-02-22,1,D0,1,D0,1,D0,True,0.14550859,0.6450904,0.20934689,5.1236246e-05,5.1325634e-07,2.3933774e-06
20037,2022-03-01,1,D0,1,D0,1,D0,True,0.12155757,0.66249895,0.21589774,4.397196e-05,3.323818e-07,1.4480795e-06
20037,2022-03-08,1,D0,1,D0,1,D0,True,0.098021336,0.67476565,0.22716703,4.499763e-05,2.3415656e-07,8.3648786e-07
20037,2022-03-15,1,D0,1,D0,1,D0,True,0.31557637,0.6504838,0.03393065,5.242976e-06,5.8559584e-07,3.3440426e-06
20037,2022-03-22,0,None,1,D0,1,D0,False,0.27801165,0.6620659,0.059908353,1.033384e-05,4.298242e-07,3.2136106e-06
20037,2022-03-29,0,None,0,None,0,None,True,0.6676366,0.3322406,0.00012118297,2.5195385e-07,4.8822744e-07,8.4335375e-07
20037,2022-04-05,0,None,0,None,0,None,True,0.67015433,0.32968083,0.00016087989,6.979162e-07,1.2510878e-06,1.9502927e-06
20037,2022-04-12,0,None,0,None,0,None,True,0.6601664,0.33961526,0.00020978122,1.4947216e-06,2.6155815e-06,4.503057e-06
20037,2022-04-19,1,D0,0,None,0,None,False,0.655007,0.3447665,0.00021204646,2.3253767e-06,4.223188e-06,7.887848e-06
20037,2022-04-26,1,D0,1,D0,1,D0,True,0.042749986,0.6523825,0.30462313,0.0002433087,3.651637e-07,6.734334e-07
20037,2022-05-03,1,D0,1,D0,1,D0,True,0.051084824,0.5789422,0.36847854,0.0014817788,6.5659287e-06,6.0630937e-06
20037,2022-05-10,0,None,1,D0,1,D0,False,0.07865738,0.60906136,0.31173718,0.0005356719,3.047384e-06,5.2871037e-06
20037,2022-05-17,0,None,0,None,0,None,True,0.68239075,0.3174247,0.00017847911,6.768795e-07,2.0665886e-06,3.3597835e-06
20037,2022-05-24,0,None,0,None,0,None,True,0.6761223,0.32374302,0.00013024248,6.589116e-07,1.4880767e-06,2.3378584e-06
20037,2022-05-31,0,None,0,None,0,None,True,0.6646386,0.33518004,0.00017199735,1.3280295e-06,2.8540567e-06,5.1661123e-06
20037,2022-06-07,0,None,0,None,0,None,True,0.66069514,0.33910194,0.00018717255,2.1167518e-06,4.7406143e-06,8.938807e-06
20037,2022-06-14,0,None,0,None,0,None,True,0.65991235,0.33987492,0.00019205923,2.719023e-06,6.2215568e-06,1.17805475e-05
20037,2022-06-21,0,None,0,None,0,None,True,0.6655206,0.33426747,0.00018616077,3.5566786e-06,7.865089e-06,1.4305966e-05
20037,2022-06-28,0,None,0,None,0,None,True,0.65376854,0.34597632,0.00022701983,4.205358e-06,8.303651e-06,1.5583446e-05
20037,2022-07-05,0,None,1,D0,1,D0,False,0.32994428,0.612718,0.05702138,0.00026790955,1.105654e-05,3.7306967e-05
20037,2022-07-12,1,D0,1,D0,1,D0,True,0.35612005,0.58768684,0.055995602,0.00015548147,9.230699e-06,3.280213e-05
20037,2022-07-19,2,D1,1,D0,1,D0,False,0.044339586,0.5490505,0.40296945,0.003621166,1.2837782e-05,6.4720643e-06
20037,2022-07-26,3,D2,2,D1,2,D1,False,0.0010035402,0.09059314,0.61202383,0.2930525,0.003313116,1.3836244e-05
20037,2022-08-02,3,D2,3,D2,3,D2,True,3.879768e-06,2.9293305e-05,0.065041855,0.64800966,0.28674632,0.00016901996
20037,2022-08-09,3,D2,3,D2,3,D2,True,4.1674324e-05,7.718601e-05,0.022779716,0.49838743,0.45542148,0.023292543
20037,2022-08-16,3,D2,3,D2,3,D2,True,0.00014336349,0.00054618734,0.07929247,0.5813727,0.32783577,0.010809596
20037,2022-08-23,3,D2,3,D2,3,D2,True,0.00015643057,0.0006190201,0.09071659,0.5941355,0.30537316,0.008999225
20037,2022-08-30,4,D3,3,D2,3,D2,False,0.00015350136,0.00058065937,0.101227574,0.5953402,0.2955439,0.0071540703
20037,2022-09-06,4,D3,4,D3,4,D3,True,5.6335033e-05,4.8979327e-05,0.0036069485,0.18171358,0.5762761,0.23829803
20037,2022-09-13,4,D3,4,D3,4,D3,True,7.4413416e-05,4.8262224e-05,0.0028611596,0.14838928,0.573745,0.27488187
20037,2022-09-20,4,D3,4,D3,4,D3,True,9.290642e-05,5.6574583e-05,0.0035174256,0.17301491,0.55967444,0.26364365
20037,2022-09-27,5,D4,5,D4,5,D4,True,1.0217529e-05,8.266474e-06,0.00026943942,0.018785203,0.38293463,0.59799224
20037,2022-10-04,5,D4,5,D4,5,D4,True,5.3783333e-07,1.0779613e-06,4.2672043e-05,0.0019727692,0.12413454,0.8738485
20037,2022-10-11,5,D4,5,D4,5,D4,True,3.2833034e-07,9.1196694e-07,4.274438e-05,0.0023773166,0.12632975,0.87124896
20037,2022-10-18,5,D4,5,D4,5,D4,True,8.781891e-07,2.2790332e-06,7.533654e-05,0.0040147384,0.14980279,0.84610385
20037,2022-10-25,4,D3,5,D4,5,D4,False,1.817047e-06,4.424105e-06,0.00011664977,0.006187099,0.17092334,0.82276666
20037,2022-11-01,4,D3,4,D3,3,D2,False,4.1678235e-05,2.4133888e-05,0.0045591346,0.33178073,0.4704768,0.19311757
20037,2022-11-08,4,D3,4,D3,3,D2,False,1.2158834e-05,7.64808e-06,0.004892049,0.3651892,0.6086994,0.021199558
20037,2022-11-15,4,D3,4,D3,4,D3,True,1.2418772e-05,7.913916e-06,0.0034276843,0.32109788,0.6544961,0.0209581
20037,2022-11-22,4,D3,4,D3,4,D3,True,3.1903684e-05,2.3486575e-05,0.0032007182,0.29012161,0.6439445,0.06267772
20037,2022-11-29,4,D3,4,D3,4,D3,True,7.314647e-05,6.0343442e-05,0.0027913372,0.25570714,0.5924192,0.14894882
20037,2022-12-06,4,D3,4,D3,4,D3,True,0.00014272511,0.000132654,0.0028710228,0.24514464,0.56493074,0.18677823
20037,2022-12-13,3,D2,4,D3,4,D3,False,0.00019458286,0.00022111351,0.0030975288,0.25257415,0.6073592,0.13655338
20037,2022-12-20,3,D2,3,D2,3,D2,True,7.9302234e-05,0.00043390907,0.056262374,0.50095254,0.44215363,0.00011818353
20037,2022-12-27,3,D2,3,D2,3,D2,True,1.9557932e-05,0.00024311544,0.07616972,0.56779814,0.35576335,6.013221e-06
20037,2023-01-03,3,D2,3,D2,3,D2,True,1.5784432e-05,0.00027758346,0.10079104,0.60856366,0.29034996,1.9502486e-06
20037,2023-01-10,3,D2,3,D2,3,D2,True,1.2289065e-05,0.00023747179,0.10700592,0.61698353,0.27575958,1.2209667e-06
20037,2023-01-17,3,D2,3,D2,3,D2,True,1.0601575e-05,0.00019772089,0.11265276,0.6399694,0.24716884,7.1576363e-07
20037,2023-01-24,3,D2,3,D2,3,D2,True,9.77595e-06,0.00010679701,0.088760644,0.7012635,0.20985886,3.5658206e-07
20037,2023-01-31,3,D2,3,D2,3,D2,True,1.1385729e-05,7.905048e-05,0.07595272,0.7356457,0.18831077,2.7909735e-07
20037,2023-02-07,3,D2,3,D2,3,D2,True,1.4029094e-05,9.019631e-05,0.08017257,0.72876066,0.19096175,8.074825e-07
20037,2023-02-14,3,D2,3,D2,3,D2,True,1.6759333e-05,0.000101725214,0.08042275,0.7076781,0.2117779,2.8395882e-06
20037,2023-02-21,3,D2,3,D2,3,D2,True,0.00010139226,0.004194517,0.36141402,0.6176742,0.016615339,6.2514215e-07
20037,2023-02-28,3,D2,3,D2,3,D2,True,6.601508e-05,0.003685075,0.38387978,0.5990216,0.01334685,6.2932344e-07
20037,2023-03-07,3,D2,3,D2,3,D2,True,5.649552e-05,0.0043230182,0.4183635,0.56915444,0.00810207,4.3866353e-07
20037,2023-03-14,3,D2,3,D2,3,D2,True,5.9444214e-05,0.0046969275,0.4211966,0.56714666,0.006900061,3.7255265e-07
20037,2023-03-21,3,D2,3,D2,3,D2,True,5.7168738e-05,0.0043486296,0.4056084,0.5810326,0.008952811,3.7841008e-07
20037,2023-03-28,3,D2,3,D2,3,D2,True,5.0139843e-06,0.00019337804,0.20679188,0.7360019,0.057007603,3.004574e-07
20037,2023-04-04,3,D2,3,D2,3,D2,True,7.890885e-06,0.00027525605,0.2159379,0.7330539,0.05072476,3.039555e-07
20037,2023-04-11,3,D2,3,D2,3,D2,True,9.161847e-06,0.00026067512,0.19932877,0.74349004,0.056910932,3.7112312e-07
20037,2023-04-18,3,D2,3,D2,3,D2,True,1.0448389e-05,0.00025797263,0.18720517,0.7600478,0.052478362,2.2672715e-07
20037,2023-04-25,3,D2,3,D2,3,D2,True,1.0843698e-05,0.00027470652,0.18719167,0.76154184,0.050980676,2.3596661e-07
20037,2023-05-02,4,D3,4,D3,3,D2,False,1.056804e-05,1.2073237e-05,0.01570004,0.4365193,0.54753304,0.00022500943
20037,2023-05-09,3,D2,4,D3,4,D3,False,6.9673574e-06,3.83475e-06,0.0014925655,0.09851598,0.88599706,0.013983472
20037,2023-05-16,3,D2,4,D3,4,D3,False,4.440349e-05,4.955802e-05,0.016854329,0.25178483,0.7297999,0.0014669861
20037,2023-05-23,3,D2,3,D2,3,D2,True,0.00018666722,0.0091184145,0.39971223,0.57440144,0.016579136,2.0832156e-06
20037,2023-05-30,3,D2,3,D2,3,D2,True,7.349139e-05,0.009659234,0.44823,0.5368354,0.005201346,4.6934613e-07
20037,2023-06-06,3,D2,3,D2,2,D1,False,5.752758e-05,0.0133797955,0.48835137,0.49554437,0.0026667314,1.9943379e-07
20037,2023-06-13,3,D2,3,D2,2,D1,False,5.268924e-05,0.013392853,0.48730916,0.49603766,0.0032074244,1.8753185e-07
20037,2023-06-20,3,D2,3,D2,3,D2,True,5.4366163e-05,0.013188659,0.4785528,0.50423104,0.0039729797,2.2817446e-07
20037,2023-06-27,3,D2,3,D2,3,D2,True,1.175742e-05,0.0014294649,0.32617244,0.6329285,0.03945745,3.0234645e-07
20037,2023-07-04,3,D2,3,D2,3,D2,True,1.6083335e-05,0.0017839189,0.32182303,0.6368307,0.039545413,8.0603957e-07
20037,2023-07-11,3,D2,3,D2,3,D2,True,7.4194636e-06,0.00013789427,0.08053497,0.6900842,0.22916369,7.175869e-05
20037,2023-07-18,3,D2,4,D3,3,D2,True,4.4780762e-07,1.4227495e-06,0.0046743373,0.3676062,0.6267312,0.0009863885
20037,2023-07-25,3,D2,3,D2,3,D2,True,1.5247484e-06,1.38068535e-05,0.026703205,0.55151737,0.42168352,8.061562e-05
20037,2023-08-01,3,D2,3,D2,3,D2,True,1.651098e-06,1.577194e-05,0.03130681,0.5714478,0.3971636,6.4379376e-05
20037,2023-08-08,3,D2,3,D2,3,D2,True,2.1227156e-06,2.3272432e-05,0.04020496,0.5940308,0.3656653,7.3593765e-05
20037,2023-08-15,2,D1,3,D2,3,D2,False,9.429896e-06,0.00016836669,0.0945419,0.6418723,0.2633162,9.1834314e-05
20037,2023-08-22,2,D1,2,D1,2,D1,True,0.020953959,0.45524353,0.51601547,0.007769926,6.3253046e-06,1.0745392e-05
20037,2023-08-29,2,D1,2,D1,2,D1,True,0.006609415,0.3296366,0.64063454,0.02311237,4.1173066e-06,2.9807684e-06
20037,2023-09-05,2,D1,2,D1,2,D1,True,0.003998739,0.27088705,0.67537344,0.049734242,4.4892336e-06,2.0288007e-06
20037,2023-09-12,2,D1,2,D1,2,D1,True,0.006406895,0.28553036,0.651994,0.0560603,5.5282912e-06,2.9679952e-06
20037,2023-09-19,2,D1,2,D1,2,D1,True,0.008333921,0.29219073,0.63149565,0.06797001,7.301418e-06,2.4696033e-06
20037,2023-09-26,1,D0,2,D1,2,D1,False,0.008112157,0.28786016,0.6215366,0.082478516,1.0338986e-05,2.239659e-06
20037,2023-10-03,1,D0,1,D0,1,D0,True,0.28189617,0.6463483,0.07175267,2.7338976e-06,6.632541e-09,1.2548387e-07
20037,2023-10-10,1,D0,1,D0,1,D0,True,0.28013945,0.65474105,0.06511834,1.0841495e-06,4.022908e-09,9.1331074e-08
20037,2023-10-17,1,D0,1,D0,1,D0,True,0.21958512,0.6692099,0.11120272,2.148549e-06,3.4586882e-09,6.9366195e-08
20037,2023-10-24,1,D0,1,D0,1,D0,True,0.1422638,0.66375303,0.1939702,1.2910535e-05,7.257201e-09,9.066332e-08
20037,2023-10-31,1,D0,1,D0,1,D0,True,0.12932101,0.65699494,0.21365947,2.4456025e-05,1.0484138e-08,1.18805914e-07
20037,2023-11-07,1,D0,1,D0,1,D0,True,0.21220835,0.6930663,0.09472424,1.0912167e-06,1.1595737e-09,2.5583688e-08
20037,2023-11-14,1,D0,1,D0,1,D0,True,0.2067138,0.7033976,0.08988796,7.43829e-07,8.4105684e-10,1.9969328e-08
20037,2023-11-21,1,D0,1,D0,1,D0,True,0.18866201,0.70132184,0.11001515,1.0329153e-06,1.0432232e-09,3.0398844e-08
20037,2023-11-28,1,D0,1,D0,1,D0,True,0.18511541,0.69684434,0.118038945,1.236049e-06,1.5479689e-09,4.710726e-08
20037,2023-12-05,1,D0,1,D0,1,D0,True,0.17723177,0.699306,0.12346038,1.6483863e-06,2.5422429e-09,7.035687e-08
20037,2023-12-12,1,D0,1,D0,1,D0,True,0.13362284,0.705051,0.16132091,5.030559e-06,8.874815e-09,1.7358364e-07
20037,2023-12-19,1,D0,1,D0,1,D0,True,0.114128254,0.7021153,0.18374582,1.0334199e-05,2.1571505e-08,3.16971e-07
20037,2023-12-26,0,None,1,D0,1,D0,False,0.11142047,0.7005798,0.18798672,1.2545917e-05,2.8005477e-08,3.9734718e-07
20037,2024-01-02,0,None,0,None,0,None,True,0.6621381,0.3376405,0.00022109211,2.6339652e-08,5.4551474e-08,1.7282738e-07
20037,2024-01-09,0,None,0,None,0,None,True,0.6543241,0.34547868,0.00019683458,5.807617e-08,9.801779e-08,2.8572163e-07
20037,2024-01-16,0,None,0,None,0,None,True,0.63768274,0.36188546,0.00043008683,2.6973564e-07,3.5586095e-07,1.0138406e-06
20037,2024-01-23,0,None,0,None,0,None,True,0.62742496,0.37190735,0.0006636737,6.6933194e-07,8.346241e-07,2.583254e-06
20037,2024-01-30,0,None,0,None,0,None,True,0.6177724,0.38131914,0.00089956186,1.3326865e-06,1.6512196e-06,5.933445e-06
20037,2024-02-06,0,None,0,None,0,None,True,0.62187487,0.37741825,0.00069407996,1.6416533e-06,2.407378e-06,8.770471e-06
20037,2024-02-13,0,None,0,None,0,None,True,0.6142513,0.38501602,0.0007088355,2.6949785e-06,3.8942494e-06,1.7297289e-05
20037,2024-02-20,0,None,0,None,0,None,True,0.6136848,0.38563904,0.0006464033,3.0283893e-06,4.5864144e-06,2.2175076e-05
20037,2024-02-27,1,D0,0,None,0,None,False,0.6161105,0.3832797,0.00058067776,2.8658776e-06,4.5138e-06,2.1833002e-05
20037,2024-03-05,1,D0,1,D0,1,D0,True,0.047684528,0.60526997,0.34667152,0.00037182216,3.2753374e-07,1.8601054e-06
20037,2024-03-12,1,D0,1,D0,1,D0,True,0.058567077,0.59861,0.3417702,0.0010328469,4.318273e-06,1.5545835e-05
20037,2024-03-19,1,D0,1,D0,1,D0,True,0.0993016,0.62701315,0.2733335,0.00033616865,2.369979e-06,1.3204823e-05
20037,2024-03-26,1,D0,1,D0,1,D0,True,0.12409668,0.63808256,0.2376555,0.00015372825,1.4123236e-06,1.0115766e-05
20037,2024-04-02,0,None,1,D0,1,D0,False,0.12053695,0.650058,0.22929615,0.00010178984,8.1690183e-07,6.305804e-06
20037,2024-04-09,0,None,0,None,0,None,True,0.6032968,0.395373,0.0013210681,6.6181434e-07,1.1939262e-06,7.287735e-06
20037,2024-04-16,0,None,0,None,0,None,True,0.58601075,0.41225126,0.0017306427,9.736558e-07,8.696099e-07,5.517388e-06
20037,2024-04-23,1,D0,0,None,0,None,False,0.57108617,0.42615318,0.002753273,1.2844744e-06,6.874752e-07,5.376681e-06
20037,2024-04-30,0,None,1,D0,1,D0,False,0.19217381,0.63440835,0.1733945,2.1437114e-05,7.741857e-08,1.8420732e-06
20037,2024-05-07,0,None,0,None,0,None,True,0.65290844,0.34694773,0.00014258109,7.808296e-08,2.0013903e-07,9.577639e-07
20037,2024-05-14,0,None,0,None,0,None,True,0.6392629,0.36059207,0.00014187969,2.822999e-07,5.444691e-07,2.3417026e-06
20037,2024-05-21,0,None,0,None,0,None,True,0.62840015,0.3714299,0.00016411183,4.732604e-07,8.8087694e-07,4.4263356e-06
20037,2024-05-28,0,None,0,None,0,None,True,0.6283286,0.37150255,0.00016299794,5.770152e-07,1.0754842e-06,4.2429187e-06
20037,2024-06-04,0,None,0,None,0,None,True,0.64194614,0.3578726,0.0001767888,7.613577e-07,1.5233406e-06,2.2003421e-06
20037,2024-06-11,0,None,0,None,0,None,True,0.65949047,0.34030932,0.00019652052,9.3563335e-07,1.6987838e-06,9.258491e-07
20037,2024-06-18,0,None,0,None,0,None,True,0.6678227,0.3319642,0.0002093114,1.2071285e-06,1.9102672e-06,6.5205455e-07
20037,2024-06-25,0,None,0,None,0,None,True,0.6740949,0.32567814,0.000222707,1.5459598e-06,2.1954609e-06,5.511201e-07
20037,2024-07-02,0,None,0,None,0,None,True,0.5792895,0.41478398,0.0058684763,2.763684e-05,1.5052092e-05,1.531677e-05
20037,2024-07-09,0,None,0,None,0,None,True,0.68113595,0.31865177,0.00020972421,9.1519445e-07,1.3007289e-06,3.3602464e-07
20037,2024-07-16,0,None,0,None,0,None,True,0.6856404,0.31414264,0.00021390828,1.1106265e-06,1.6056642e-06,3.362742e-07
20037,2024-07-23,0,None,0,None,0,None,True,0.69609845,0.30359808,0.00029841272,1.9111596e-06,2.6300183e-06,4.9908095e-07
20037,2024-07-30,1,D0,0,None,0,None,False,0.70303136,0.29663688,0.00032559637,2.3419807e-06,3.2478672e-06,5.1553616e-07
20037,2024-08-06,1,D0,1,D0,1,D0,True,0.06770759,0.5485026,0.3833905,0.00039680043,1.7060004e-06,7.448011e-07
20037,2024-08-13,2,D1,1,D0,1,D0,False,0.05627305,0.5458435,0.3971206,0.00075783866,4.2061474e-06,7.822904e-07
20037,2024-08-20,2,D1,2,D1,2,D1,True,0.00039038374,0.059105746,0.67468935,0.26456538,0.0012488295,2.4138694e-07
20037,2024-08-27,2,D1,2,D1,2,D1,True,0.0007554207,0.09692947,0.68146783,0.22017168,0.0006751533,4.1151475e-07
20037,2024-09-03,2,D1,2,D1,2,D1,True,0.0017227598,0.13712996,0.6705734,0.18993638,0.00063673215,7.425026e-07
20037,2024-09-10,2,D1,2,D1,2,D1,True,0.0028414086,0.15582983,0.6699704,0.170788,0.0005696333,7.561093e-07
20037,2024-09-17,2,D1,2,D1,2,D1,True,0.0011867,0.111258246,0.6838229,0.2031152,0.00061675784,2.938811e-07
20037,2024-09-24,2,D1,2,D1,2,D1,True,0.0009605083,0.13335764,0.68809706,0.17710325,0.0004812509,2.2767482e-07
20037,2024-10-01,2,D1,2,D1,2,D1,True,0.00042110027,0.029861476,0.54914004,0.4053531,0.015223729,6.3466496e-07
20037,2024-10-08,3,D2,3,D2,3,D2,True,9.666034e-05,0.0036589517,0.3430901,0.54476076,0.1083931,3.90221e-07
20037,2024-10-15,3,D2,3,D2,3,D2,True,7.4378277e-06,0.00012637778,0.11834704,0.6700439,0.21147496,2.2695114e-07
20037,2024-10-22,3,D2,3,D2,3,D2,True,2.523277e-05,0.00022219568,0.09356276,0.6424773,0.26371002,2.5089e-06
20037,2024-10-29,3,D2,3,D2,3,D2,True,3.066704e-05,0.00016691668,0.06183639,0.6199517,0.3179995,1.471171e-05
20037,2024-11-05,2,D1,4,D3,3,D2,False,0.00016219955,0.00014933491,0.010890837,0.39866874,0.5831866,0.006942259
20037,2024-11-12,2,D1,3,D2,3,D2,False,0.0055941395,0.050715968,0.43496138,0.4689346,0.0397048,8.9118505e-05
20037,2024-11-19,1,D0,2,D1,2,D1,False,0.025189508,0.38215634,0.5579523,0.034669064,2.3157585e-05,9.70001e-06
20037,2024-11-26,1,D0,1,D0,1,D0,True,0.3676324,0.60607946,0.026286218,1.7064755e-06,1.3507534e-08,1.18347046e-07
20037,2024-12-03,1,D0,1,D0,1,D0,True,0.3592609,0.6272832,0.01345548,2.676285e-07,2.8302027e-09,3.739434e-08
20037,2024-12-10,1,D0,1,D0,1,D0,True,0.27415502,0.6801161,0.045727834,9.742947e-07,3.6657262e-09,7.812444e-08
20037,2024-12-17,1,D0,1,D0,1,D0,True,0.23078737,0.67970884,0.08950116,2.4997923e-06,5.8614553e-09,1.2277262e-07
20037,2024-12-24,1,D0,1,D0,1,D0,True,0.19196518,0.6793527,0.12867768,4.371899e-06,5.8650365e-09,7.884886e-08
20037,2024-12-31,1,D0,1,D0,1,D0,True,0.14842394,0.69943154,0.15213925,5.199332e-06,5.380123e-09,4.5503427e-08
20037,2025-01-07,1,D0,1,D0,1,D0,True,0.070601866,0.6659623,0.26336217,7.362024e-05,4.398268e-08,1.1318284e-07
20037,2025-01-14,1,D0,1,D0,1,D0,True,0.047166813,0.6317345,0.32084617,0.00025230797,1.2776027e-07,1.2323868e-07
20037,2025-01-21,1,D0,1,D0,1,D0,True,0.0479933,0.62160313,0.3301224,0.00028093444,1.4636943e-07,9.724008e-08
20037,2025-01-28,2,D1,1,D0,1,D0,False,0.051098768,0.6162647,0.33236045,0.00027585553,1.5671874e-07,8.516718e-08
20037,2025-02-04,2,D1,2,D1,2,D1,True,0.014093646,0.47409365,0.5059529,0.0058571626,2.4467085e-06,1.6986178e-07
20037,2025-02-11,2,D1,2,D1,2,D1,True,0.010146645,0.41895896,0.55814195,0.012747745,4.505456e-06,2.3095393e-07
20037,2025-02-18,2,D1,2,D1,2,D1,True,0.016930033,0.43251383,0.5368713,0.013678523,5.849685e-06,3.7970202e-07
20037,2025-02-25,2,D1,2,D1,2,D1,True,0.03214971,0.43492287,0.5183542,0.014566341,6.2490594e-06,5.436144e-07
20037,2025-03-04,2,D1,2,D1,2,D1,True,0.0010045966,0.14718561,0.7293734,0.12241187,2.440184e-05,8.937632e-08
20037,2025-03-11,1,D0,2,D1,2,D1,False,0.0012672698,0.1318401,0.6907067,0.17612956,5.5656517e-05,7.2680024e-07
20037,2025-03-18,1,D0,1,D0,1,D0,True,0.34732747,0.59946686,0.053195227,1.00928355e-05,5.677404e-08,3.6754253e-07
20037,2025-03-25,1,D0,1,D0,1,D0,True,0.33362,0.6289886,0.037389398,1.7325028e-06,2.2617675e-08,1.9746096e-07
20037,2025-04-01,1,D0,1,D0,1,D0,True,0.2706838,0.6488545,0.08045553,5.6216277e-06,4.0608935e-08,5.042812e-07
20037,2025-04-08,0,None,1,D0,1,D0,False,0.2443785,0.6287239,0.12688453,1.224276e-05,5.820007e-08,7.804734e-07
20037,2025-04-15,0,None,0,None,0,None,True,0.670111,0.32979867,9.004472e-05,4.9693494e-08,7.340035e-08,1.0052752e-07
20037,2025-04-22,0,None,0,None,0,None,True,0.67512864,0.3247899,8.095889e-05,1.3805055e-07,1.8249872e-07,1.5414876e-07
20037,2025-04-29,0,None,0,None,0,None,True,0.6725823,0.32727304,0.00014299939,5.0849656e-07,6.727727e-07,4.698118e-07
20037,2025-05-06,0,None,0,None,0,None,True,0.6648815,0.3348876,0.00022631454,1.2975531e-06,1.8264556e-06,1.4320709e-06
20037,2025-05-13,0,None,0,None,0,None,True,0.66049236,0.33924043,0.00025892066,2.126545e-06,3.1910442e-06,2.9632588e-06
20037,2025-05-20,0,None,0,None,0,None,True,0.65688616,0.34288633,0.00021781717,2.14459e-06,3.5246337e-06,4.014118e-06
20037,2025-05-27,0,None,0,None,0,None,True,0.6513221,0.34851256,0.00015774048,1.3423554e-06,2.5409738e-06,3.6540093e-06
20037,2025-06-03,0,None,0,None,0,None,True,0.6451263,0.35475245,0.00011664105,6.644206e-07,1.4232523e-06,2.4618278e-06
20037,2025-06-10,0,None,0,None,0,None,True,0.6446391,0.35526294,9.536909e-05,3.6659483e-07,8.1495756e-07,1.4293172e-06
20037,2025-06-17,0,None,0,None,0,None,True,0.64355093,0.35636356,8.39768e-05,2.26688e-07,4.4960484e-07,7.5852614e-07
20037,2025-06-24,0,None,0,None,0,None,True,0.64198565,0.35793543,7.821295e-05,1.4735676e-07,2.550704e-07,3.8967704e-07
20037,2025-07-01,0,None,0,None,0,None,True,0.6443677,0.35554373,8.805974e-05,1.432535e-07,1.8926187e-07,1.9462568e-07
20037,2025-07-08,0,None,0,None,0,None,True,0.6491259,0.3507853,8.848002e-05,1.5359342e-07,1.7707345e-07,1.2486817e-07
20037,2025-07-15,0,None,0,None,0,None,True,0.6451113,0.3547718,0.000116357376,2.1854434e-07,2.5471766e-07,1.4418708e-07
20037,2025-07-22,0,None,0,None,0,None,True,0.6508455,0.3489652,0.00018775665,5.420025e-07,6.739839e-07,2.7528662e-07
20037,2025-07-29,0,None,0,None,0,None,True,0.66128814,0.33852106,0.00018864896,7.4457256e-07,1.0307489e-06,3.5714214e-07
20037,2025-08-05,0,None,0,None,0,None,True,0.65564996,0.34417284,0.00017464849,6.6136903e-07,1.1708181e-06,6.6678064e-07
20037,2025-08-12,0,None,0,None,0,None,True,0.6469714,0.35286537,0.00015997417,6.941127e-07,1.2801081e-06,1.3033283e-06
20037,2025-08-19,0,None,0,None,0,None,True,0.63211393,0.36772743,0.00015429217,6.371463e-07,9.537082e-07,2.638285e-06
20037,2025-08-26,0,None,0,None,0,None,True,0.62224245,0.3776104,0.00014255907,4.673648e-07,6.41528e-07,3.437432e-06
20037,2025-09-02,0,None,0,None,0,None,True,0.61663646,0.3832244,0.00013505956,3.2480168e-07,4.502279e-07,3.2727596e-06
20037,2025-09-09,0,None,0,None,0,None,True,0.6122323,0.38763362,0.00013032224,2.4737548e-07,3.6082622e-07,3.1424188e-06
20037,2025-09-16,1,D0,0,None,0,None,False,0.61415344,0.38571206,0.00013172084,2.3719734e-07,3.6224682e-07,2.2196425e-06
20037,2025-09-23,1,D0,1,D0,1,D0,True,0.092679136,0.62586737,0.28136566,8.400162e-05,6.9479717e-07,3.1596635e-06
20037,2025-09-30,1,D0,2,D1,2,D1,False,0.014031262,0.373168,0.56017464,0.05096443,0.0015579277,0.00010373308
20037,2025-10-07,2,D1,2,D1,2,D1,True,0.034289554,0.41007465,0.5093238,0.044678975,0.0013995682,0.00023354404
20037,2025-10-14,2,D1,2,D1,2,D1,True,0.04230334,0.39476585,0.5081473,0.053589325,0.0009915201,0.00020269133
20037,2025-10-21,2,D1,2,D1,2,D1,True,0.0026850407,0.1111102,0.5534397,0.32878566,0.003939292,4.0138068e-05
20037,2025-10-28,2,D1,2,D1,2,D1,True,0.0044348394,0.14235333,0.57600796,0.27623114,0.0009613384,1.1418458e-05
20037,2025-11-04,2,D1,2,D1,2,D1,True,0.0043080063,0.16477706,0.598673,0.23152974,0.0007051659,7.066335e-06
20037,2025-11-11,2,D1,2,D1,2,D1,True,0.0028768466,0.20176421,0.6373282,0.15742585,0.0005992225,5.682876e-06
20037,2025-11-18,2,D1,2,D1,2,D1,True,0.0024538967,0.23528138,0.6279097,0.13383457,0.0005131948,7.1692752e-06
20037,2025-11-25,1,D0,2,D1,2,D1,False,0.0020296008,0.23974182,0.6332196,0.12462636,0.0003782046,4.465318e-06
20037,2025-12-02,1,D0,1,D0,1,D0,True,0.2801471,0.68137425,0.038477357,1.239034e-06,1.6140595e-08,9.117084e-08
20037,2025-12-09,1,D0,1,D0,1,D0,True,0.27626422,0.70581603,0.017919617,1.688286e-07,3.2671081e-09,2.024374e-08
20037,2025-12-16,2,D1,1,D0,1,D0,False,0.21226382,0.7369345,0.050800994,5.989845e-07,4.735118e-09,3.3675743e-08
20037,2025-12-23,2,D1,2,D1,2,D1,True,0.0011088393,0.22734556,0.7087641,0.06274636,3.5077326e-05,7.376071e-08
20037,2025-12-30,2,D1,2,D1,2,D1,True,0.0002901244,0.1413836,0.7851514,0.07315676,1.8047307e-05,1.1551845e-08
20039,2022-01-04,2,D1,2,D1,2,D1,True,0.00093615113,0.11373332,0.78389937,0.10136947,6.1592844e-05,1.5013218e-07
20039,2022-01-11,2,D1,2,D1,2,D1,True,0.0010901213,0.12065979,0.7780652,0.10012795,5.6764427e-05,1.6996748e-07
20039,2022-01-18,2,D1,2,D1,2,D1,True,0.0018212517,0.14143914,0.7600942,0.09658759,5.7465048e-05,3.0063978e-07
20039,2022-01-25,2,D1,2,D1,2,D1,True,0.0019874312,0.14202711,0.7538997,0.10201836,6.698298e-05,4.5009287e-07
20039,2022-02-01,2,D1,2,D1,2,D1,True,0.0016155276,0.13151607,0.75773704,0.1090589,7.200458e-05,5.1587006e-07
20039,2022-02-08,3,D2,2,D1,2,D1,False,0.0013942985,0.1325749,0.75706387,0.108902,6.4525404e-05,4.3715315e-07
20039,2022-02-15,3,D2,3,D2,3,D2,True,1.3442397e-05,0.0007274806,0.31206885,0.58991355,0.09727656,8.822383e-08
20039,2022-02-22,3,D2,3,D2,3,D2,True,2.9655035e-05,0.0012110244,0.32968447,0.56160164,0.10747312,1.5787114e-07
20039,2022-03-01,3,D2,3,D2,3,D2,True,7.7779354e-05,0.0020163457,0.33581668,0.5347477,0.12734103,4.0311895e-07
20039,2022-03-08,3,D2,3,D2,3,D2,True,1.4831582e-05,0.00014666727,0.15253556,0.60399485,0.24330792,2.4390957e-07
20039,2022-03-15,3,D2,3,D2,3,D2,True,2.1593623e-05,0.00016855802,0.111120194,0.65296715,0.23572211,3.9792806e-07
20039,2022-03-22,3,D2,3,D2,3,D2,True,9.707292e-06,6.0327577e-05,0.068391524,0.65526634,0.27626982,2.275165e-06
20039,2022-03-29,3,D2,3,D2,3,D2,True,1.079853e-05,6.898202e-05,0.07024188,0.6428398,0.28683448,4.081742e-06
20039,2022-04-05,3,D2,3,D2,3,D2,True,1.1502915e-05,7.688129e-05,0.079535425,0.6560171,0.2643532,5.8506694e-06
20039,2022-04-12,4,D3,3,D2,3,D2,False,1.2417823e-05,8.310043e-05,0.08924375,0.6609479,0.2496968,1.6088412e-05
20039,2022-04-19,4,D3,4,D3,4,D3,True,6.420579e-06,2.8330692e-06,0.0014692242,0.23766465,0.70352143,0.05733534
20039,2022-04-26,4,D3,4,D3,4,D3,True,2.4862307e-05,1.4892456e-05,0.0016865876,0.18691812,0.5932119,0.21814366
20039,2022-05-03,4,D3,4,D3,4,D3,True,2.3161947e-05,1.5281235e-05,0.0018932257,0.20479162,0.5721244,0.22115228
20039,2022-05-10,4,D3,4,D3,4,D3,True,1.8897903e-05,1.1559507e-05,0.0016839977,0.20940487,0.5900937,0.19878705
20039,2022-05-17,4,D3,4,D3,4,D3,True,1.5480964e-05,9.836377e-06,0.0017260527,0.21400513,0.6103468,0.17389672
20039,2022-05-24,4,D3,4,D3,4,D3,True,1.2361519e-05,8.603303e-06,0.0016761606,0.20673016,0.62240225,0.16917044
20039,2022-05-31,4,D3,4,D3,4,D3,True,1.1118354e-05,8.9107725e-06,0.0017637417,0.2052891,0.633927,0.15900017
20039,2022-06-07,4,D3,4,D3,4,D3,True,9.653086e-06,9.455767e-06,0.0017699326,0.20039164,0.6523099,0.14550947
20039,2022-06-14,3,D2,4,D3,4,D3,False,8.539634e-06,1.0333865e-05,0.0021316162,0.21453889,0.7119774,0.0713331
20039,2022-06-21,3,D2,4,D3,4,D3,False,1.2658029e-05,2.5033347e-05,0.012281953,0.34735155,0.6365916,0.003737204
20039,2022-06-28,3,D2,4,D3,3,D2,True,6.566008e-06,1.654691e-05,0.010846654,0.3569192,0.63079107,0.0014199329
20039,2022-07-05,3,D2,4,D3,3,D2,True,7.835247e-06,2.3464607e-05,0.011549723,0.35215828,0.6354288,0.00083196536
20039,2022-07-12,3,D2,4,D3,4,D3,False,7.834881e-06,2.5777816e-05,0.010883155,0.34717107,0.64124066,0.0006714394
20039,2022-07-19,4,D3,4,D3,3,D2,False,8.526973e-06,2.982716e-05,0.012140746,0.351566,0.6357159,0.0005389054
20039,2022-07-26,4,D3,4,D3,4,D3,True,4.4734265e-06,1.1320106e-05,0.0032374412,0.24701369,0.7457134,0.004019733
20039,2022-08-02,4,D3,4,D3,4,D3,True,7.4580635e-06,1.8864786e-05,0.0039112563,0.22755171,0.7626634,0.005847303
20039,2022-08-09,4,D3,4,D3,4,D3,True,6.7781375e-06,1.5990749e-05,0.0035692602,0.22337249,0.76770455,0.005330846
20039,2022-08-16,4,D3,4,D3,4,D3,True,9.179231e-06,1.978307e-05,0.0014547571,0.13966715,0.80648804,0.052361123
20039,2022-08-23,4,D3,4,D3,4,D3,True,1.0150877e-05,1.7165527e-05,0.0008598177,0.09633338,0.80036944,0.10241011
20039,2022-08-30,4,D3,4,D3,4,D3,True,1.2752105e-05,1.8514682e-05,0.0009568326,0.1039833,0.8284753,0.06655337
20039,2022-09-06,4,D3,4,D3,4,D3,True,1.581488e-05,1.9720335e-05,0.0004880977,0.04793831,0.79045445,0.16108353
20039,2022-09-13,5,D4,4,D3,4,D3,False,1.7760567e-05,1.5922958e-05,0.00036999167,0.042924535,0.7811364,0.17553537
20039,2022-09-20,5,D4,5,D4,5,D4,True,7.872275e-06,9.975899e-06,7.013579e-05,0.004212946,0.40353364,0.59216547
20039,2022-09-27,5,D4,5,D4,5,D4,True,4.021404e-06,4.3156415e-06,3.8698203e-05,0.0034975659,0.409356,0.58709943
20039,2022-10-04,5,D4,5,D4,5,D4,True,5.665953e-06,6.107036e-06,5.210438e-05,0.003948063,0.41192156,0.5840664
20039,2022-10-11,5,D4,5,D4,5,D4,True,5.479341e-06,5.6905437e-06,4.9420374e-05,0.004740774,0.42319822,0.5720004
20039,2022-10-18,5,D4,5,D4,5,D4,True,5.224196e-06,5.503461e-06,4.742193e-05,0.004849179,0.42478213,0.5703106
20039,2022-10-25,5,D4,5,D4,5,D4,True,4.955799e-06,5.2135624e-06,4.7294954e-05,0.004766619,0.42714584,0.56803006
20039,2022-11-01,5,D4,5,D4,5,D4,True,4.696755e-06,4.8489246e-06,4.8648984e-05,0.004727534,0.4280479,0.56716645
20039,2022-11-08,5,D4,5,D4,5,D4,True,4.4058984e-06,4.424328e-06,4.9370858e-05,0.004673312,0.42753667,0.5677319
20039,2022-11-15,5,D4,5,D4,5,D4,True,4.2494894e-06,4.1274834e-06,4.9403963e-05,0.0046589845,0.42929056,0.5659927
20039,2022-11-22,5,D4,5,D4,5,D4,True,4.03547e-06,3.790351e-06,4.849036e-05,0.004640399,0.43064564,0.5646576
20039,2022-11-29,5,D4,5,D4,5,D4,True,3.6217782e-06,3.3084025e-06,4.599129e-05,0.0046476056,0.42937464,0.5659249
20039,2022-12-06,5,D4,5,D4,5,D4,True,2.8742772e-06,2.5665015e-06,4.0545765e-05,0.004714812,0.42480668,0.5704325
20039,2022-12-13,5,D4,5,D4,5,D4,True,2.0784455e-06,1.7758704e-06,3.385745e-05,0.004622516,0.418202,0.5771377
20039,2022-12-20,5,D4,5,D4,5,D4,True,1.31681e-06,1.1227507e-06,2.6338992e-05,0.0039357007,0.397448,0.5985875
20039,2022-12-27,5,D4,5,D4,5,D4,True,8.495816e-07,7.1679e-07,1.9925566e-05,0.0034768742,0.37891445,0.61758715
20039,2023-01-03,5,D4,5,D4,5,D4,True,5.286702e-07,5.068853e-07,1.5685438e-05,0.0029064817,0.35942122,0.63765556
20039,2023-01-10,5,D4,5,D4,5,D4,True,2.5573672e-07,3.2653003e-07,1.20082905e-05,0.0022001872,0.3333201,0.6644672
20039,2023-01-17,5,D4,5,D4,5,D4,True,1.1943264e-07,1.8158475e-07,7.375932e-06,0.0015697896,0.31239235,0.68603015
20039,2023-01-24,5,D4,5,D4,5,D4,True,8.556603e-08,1.3536528e-07,4.8413644e-06,0.00148706,0.30078152,0.69772625
20039,2023-01-31,5,D4,5,D4,5,D4,True,9.503027e-08,1.454667e-07,4.9532555e-06,0.0016675575,0.2982827,0.7000446
20039,2023-02-07,5,D4,5,D4,5,D4,True,9.548255e-08,1.4590013e-07,5.2851206e-06,0.0017663933,0.3182617,0.6799663
20039,2023-02-14,5,D4,5,D4,5,D4,True,8.866888e-08,1.4463654e-07,5.5385585e-06,0.0018035545,0.34786993,0.65032077
20039,2023-02-21,4,D3,5,D4,5,D4,False,9.328801e-08,1.5525386e-07,6.015309e-06,0.0018746895,0.35121924,0.6468998
20039,2023-02-28,4,D3,4,D3,4,D3,True,3.7922028e-08,5.0332037e-08,0.00022185575,0.14784913,0.8481861,0.0037428555
20039,2023-03-07,4,D3,4,D3,4,D3,True,4.114431e-08,5.557245e-08,0.0003616219,0.18291754,0.81593937,0.0007813887
20039,2023-03-14,4,D3,4,D3,4,D3,True,6.494176e-08,8.593217e-08,0.000308662,0.15246588,0.8449056,0.0023196102
20039,2023-03-21,4,D3,4,D3,4,D3,True,1.9487123e-07,2.5905524e-07,0.00035174855,0.13088857,0.8598443,0.008914819
20039,2023-03-28,4,D3,4,D3,4,D3,True,5.1531833e-07,6.865497e-07,0.00044019523,0.11905921,0.8590291,0.021470238
20039,2023-04-04,4,D3,4,D3,4,D3,True,1.7402602e-06,2.2890085e-06,0.0007834141,0.12761043,0.83473057,0.0368716
20039,2023-04-11,4,D3,4,D3,4,D3,True,9.279739e-06,1.0293718e-05,0.0015446722,0.1499901,0.7883627,0.060082976
20039,2023-04-18,4,D3,4,D3,4,D3,True,1.9339901e-05,2.1134523e-05,0.002167076,0.16560128,0.7689857,0.06320547
20039,2023-04-25,4,D3,4,D3,4,D3,True,2.1054919e-05,2.3470053e-05,0.0015255254,0.12429314,0.74106395,0.133073
20039,2023-05-02,5,D4,4,D3,4,D3,False,1.9905761e-05,2.2090479e-05,0.001304486,0.1098667,0.72307664,0.16571017
20039,2023-05-09,5,D4,5,D4,5,D4,True,2.9583073e-06,6.1173455e-06,8.444798e-05,0.004606654,0.18514398,0.81015587
20039,2023-05-16,4,D3,5,D4,5,D4,False,1.9441576e-07,6.304432e-07,1.1622045e-05,0.0010677227,0.11111224,0.8878076
20039,2023-05-23,4,D3,4,D3,4,D3,True,7.771291e-06,7.3528845e-06,0.0012691328,0.1396517,0.7553562,0.10370796
20039,2023-05-30,4,D3,4,D3,4,D3,True,7.3568917e-06,6.3631915e-06,0.0035786664,0.277545,0.7148918,0.003970939
20039,2023-06-06,4,D3,4,D3,4,D3,True,2.8419001e-06,2.6352402e-06,0.0024753464,0.26900837,0.72648615,0.002024622
20039,2023-06-13,4,D3,4,D3,4,D3,True,1.2520649e-06,1.3502384e-06,0.0013965783,0.21206217,0.7828957,0.0036430773
20039,2023-06-20,4,D3,4,D3,4,D3,True,1.3149222e-06,1.5772146e-06,0.0010946214,0.17331167,0.8158149,0.009775887
20039,2023-06-27,4,D3,4,D3,4,D3,True,1.9937474e-06,2.5223428e-06,0.0011485273,0.16267298,0.8162286,0.019945316
20039,2023-07-04,4,D3,4,D3,4,D3,True,2.8334002e-06,3.8207286e-06,0.0013269044,0.16200691,0.80156595,0.035093576
20039,2023-07-11,4,D3,4,D3,4,D3,True,4.615375e-06,6.3685734e-06,0.0017679319,0.17706008,0.7706722,0.050488822
20039,2023-07-18,4,D3,4,D3,4,D3,True,9.39972e-06,1.16047795e-05,0.002501281,0.20622793,0.7337302,0.057519622
20039,2023-07-25,3,D2,4,D3,4,D3,False,1.2252044e-05,1.3995453e-05,0.0028873042,0.22289379,0.71504724,0.059145413
20039,2023-08-01,3,D2,3,D2,3,D2,True,5.6359982e-05,0.0007788859,0.19468978,0.64184356,0.16261764,1.3817178e-05
20039,2023-08-08,2,D1,3,D2,3,D2,False,1.877448e-05,0.0004894157,0.2075917,0.6908173,0.101079576,3.2681708e-06
20039,2023-08-15,2,D1,2,D1,2,D1,True,0.0048199315,0.21229465,0.6509667,0.13189064,2.2651247e-05,5.4794796e-06
20039,2023-08-22,2,D1,2,D1,2,D1,True,0.001230479,0.13121375,0.69062966,0.17691128,1.3941254e-05,9.174913e-07
20039,2023-08-29,2,D1,2,D1,2,D1,True,0.0007698178,0.11142018,0.6947291,0.19306855,1.2023287e-05,3.1872509e-07
20039,2023-09-05,2,D1,2,D1,2,D1,True,0.0007349526,0.10687218,0.69098175,0.2013969,1.3944158e-05,2.655373e-07
20039,2023-09-12,2,D1,2,D1,2,D1,True,0.0006794434,0.09369822,0.68444955,0.2211492,2.3413213e-05,2.3835848e-07
20039,2023-09-19,2,D1,2,D1,2,D1,True,0.000653822,0.08234654,0.6807585,0.23620108,3.9883893e-05,2.4506414e-07
20039,2023-09-26,2,D1,2,D1,2,D1,True,0.0006700469,0.07557329,0.67437315,0.24931574,6.7450295e-05,3.0768877e-07
20039,2023-10-03,2,D1,2,D1,2,D1,True,0.0025918377,0.13070495,0.66573423,0.20088507,8.232166e-05,1.565712e-06
20039,2023-10-10,2,D1,2,D1,2,D1,True,0.0027565616,0.12544976,0.65952027,0.21214673,0.00012466309,1.9978218e-06
20039,2023-10-17,2,D1,2,D1,2,D1,True,0.0024240217,0.1183011,0.65608513,0.22304986,0.00013811994,1.7627926e-06
20039,2023-10-24,2,D1,2,D1,2,D1,True,0.0024021517,0.11906888,0.6509664,0.22741407,0.0001467297,1.7890234e-06
20039,2023-10-31,2,D1,2,D1,2,D1,True,0.0025766508,0.124272004,0.6448675,0.22813198,0.00014987441,1.9893398e-06
20039,2023-11-07,2,D1,2,D1,2,D1,True,0.0028676058,0.13280451,0.6372701,0.22690976,0.00014574463,2.28804e-06
20039,2023-11-14,2,D1,2,D1,2,D1,True,0.0032122352,0.14307661,0.62908167,0.22448958,0.00013731261,2.6408472e-06
20039,2023-11-21,2,D1,2,D1,2,D1,True,0.0031190075,0.13400005,0.61179996,0.25086454,0.0002132531,3.248326e-06
20039,2023-11-28,2,D1,2,D1,2,D1,True,0.0039932425,0.15048885,0.6005546,0.24474376,0.00021536139,4.254674e-06
20039,2023-12-05,2,D1,2,D1,2,D1,True,0.004490167,0.15951961,0.59549135,0.24028277,0.00021121255,4.839124e-06
20039,2023-12-12,2,D1,2,D1,2,D1,True,0.005197691,0.17147268,0.59160876,0.2315163,0.00019904779,5.498354e-06
20039,2023-12-19,2,D1,2,D1,2,D1,True,0.005302628,0.17497793,0.5910694,0.22845091,0.00019359046,5.4705993e-06
20039,2023-12-26,2,D1,2,D1,2,D1,True,0.005260019,0.17691152,0.59271693,0.22492011,0.00018628135,5.1697803e-06
20039,2024-01-02,2,D1,2,D1,2,D1,True,0.005161337,0.17782092,0.5961515,0.22068223,0.00017933876,4.7711874e-06
20039,2024-01-09,2,D1,2,D1,2,D1,True,0.004940652,0.17698927,0.6023239,0.2155706,0.00017142088,4.23172e-06
20039,2024-01-16,2,D1,2,D1,2,D1,True,0.0044397926,0.17414208,0.6208985,0.20036213,0.00015432856,3.168698e-06
20039,2024-01-23,2,D1,2,D1,2,D1,True,0.0037592864,0.17020558,0.66939586,0.15652224,0.00011551152,1.576678e-06
20039,2024-01-30,2,D1,2,D1,2,D1,True,0.0035208082,0.16139701,0.70004344,0.13494305,9.426798e-05,1.4787714e-06
20039,2024-02-06,2,D1,2,D1,2,D1,True,0.0031101194,0.15182042,0.7318781,0.11311632,7.3718074e-05,1.4066007e-06
20039,2024-02-13,2,D1,2,D1,2,D1,True,0.002522078,0.15127577,0.74423206,0.10190131,6.768366e-05,1.1155561e-06
20039,2024-02-20,2,D1,2,D1,2,D1,True,0.009221775,0.3194274,0.6620852,0.009264099,1.2732229e-06,2.5456683e-07
20039,2024-02-27,2,D1,2,D1,2,D1,True,0.004696538,0.2513452,0.7285507,0.01540577,1.7302737e-06,1.6771675e-07
20039,2024-03-05,2,D1,2,D1,2,D1,True,0.0038474032,0.23417251,0.74460655,0.017371515,1.8500912e-06,1.419428e-07
20039,2024-03-12,2,D1,2,D1,2,D1,True,0.0037363267,0.22960511,0.74841434,0.018242154,2.0270124e-06,1.4220669e-07
20039,2024-03-19,2,D1,2,D1,2,D1,True,0.0037156383,0.22650854,0.7503391,0.019434195,2.3054545e-06,1.4990657e-07
20039,2024-03-26,1,D0,2,D1,2,D1,False,0.003878154,0.22650959,0.74893486,0.020674646,2.6135926e-06,1.6267035e-07
20039,2024-04-02,1,D0,1,D0,1,D0,True,0.18263172,0.6112967,0.20603572,3.56404e-05,4.7643464e-08,2.0423528e-07
20039,2024-04-09,1,D0,1,D0,1,D0,True,0.186044,0.6478889,0.16604067,2.6338143e-05,3.899348e-08,1.1161793e-07
20039,2024-04-16,1,D0,1,D0,1,D0,True,0.15080093,0.6357566,0.21339114,5.117986e-05,5.5311208e-08,1.4644407e-07
20039,2024-04-23,1,D0,1,D0,1,D0,True,0.12600872,0.6185278,0.2553735,8.975903e-05,7.655624e-08,1.726102e-07
20039,2024-04-30,1,D0,1,D0,1,D0,True,0.11185275,0.612598,0.27541524,0.00013368341,1.0436529e-07,2.2653482e-07
20039,2024-05-07,1,D0,1,D0,0,None,False,0.45321825,0.5356204,0.011160645,6.6389714e-07,2.3687054e-08,8.027438e-08
20039,2024-05-14,1,D0,1,D0,1,D0,True,0.4379112,0.5489956,0.013092146,9.568317e-07,1.4729957e-08,5.169343e-08
20039,2024-05-21,0,None,1,D0,1,D0,False,0.38315037,0.58981234,0.027034635,2.5257561e-06,2.434272e-08,9.123372e-08
20039,2024-05-28,0,None,0,None,0,None,True,0.7266558,0.2731753,0.00016870022,1.8268669e-07,6.321708e-08,7.27789e-09
20039,2024-06-04,0,None,0,None,0,None,True,0.72511953,0.27457574,0.00030356302,8.240118e-07,2.9409864e-07,1.9641808e-08
20039,2024-06-11,0,None,0,None,0,None,True,0.71210486,0.2873963,0.0004964435,1.6173759e-06,7.6113844e-07,6.760773e-08
20039,2024-06-18,0,None,0,None,0,None,True,0.7029184,0.29651797,0.00056031864,1.8855378e-06,1.2152834e-06,1.4226414e-07
20039,2024-06-25,0,None,0,None,0,None,True,0.6911392,0.30840033,0.00045728826,1.6015123e-06,1.3995854e-06,2.387907e-07
20039,2024-07-02,0,None,0,None,0,None,True,0.67719066,0.32242507,0.00038024443,1.3700424e-06,2.0706068e-06,5.509154e-07
20039,2024-07-09,0,None,0,None,0,None,True,0.67111427,0.32860667,0.00027591514,8.987928e-07,1.6990568e-06,5.859029e-07
20039,2024-07-16,0,None,0,None,0,None,True,0.6682772,0.33154306,0.00017806333,4.2708965e-07,8.104443e-07,4.2635875e-07
20039,2024-07-23,0,None,0,None,0,None,True,0.646737,0.3529111,0.0003469455,1.3439618e-06,2.0583443e-06,1.5500923e-06
20039,2024-07-30,1,D0,0,None,0,None,False,0.61845964,0.38065618,0.0008721641,3.6538859e-06,3.7255188e-06,4.5674838e-06
20039,2024-08-06,2,D1,1,D0,1,D0,False,0.035195414,0.5498812,0.41386876,0.0010467009,6.093277e-06,1.7425558e-06
20039,2024-08-13,2,D1,2,D1,2,D1,True,0.0005905948,0.061086394,0.6113872,0.32044578,0.0064858277,4.252939e-06
20039,2024-08-20,2,D1,2,D1,2,D1,True,0.00083288207,0.06810081,0.61011714,0.31415072,0.0067916517,6.7541373e-06
20039,2024-08-27,2,D1,2,D1,2,D1,True,0.004258826,0.1604602,0.6298491,0.20144837,0.0039612064,2.231964e-05
20039,2024-09-03,2,D1,2,D1,2,D1,True,0.009656374,0.23280296,0.62277013,0.13204253,0.0027028082,2.5199553e-05
20039,2024-09-10,2,D1,2,D1,2,D1,True,0.009277612,0.24965343,0.6273519,0.11232354,0.0013823805,1.1135899e-05
20039,2024-09-17,2,D1,2,D1,2,D1,True,0.007198762,0.24173708,0.6422609,0.10802414,0.0007742908,4.798332e-06
20039,2024-09-24,2,D1,2,D1,2,D1,True,0.00567591,0.23578228,0.65349144,0.10456738,0.00048065282,2.3755074e-06
20039,2024-10-01,2,D1,2,D1,2,D1,True,0.019481706,0.37236938,0.58710057,0.020963775,8.235855e-05,2.2028985e-06
20039,2024-10-08,2,D1,2,D1,2,D1,True,0.011210661,0.2887238,0.64171463,0.05807552,0.00027271683,2.6454106e-06
20039,2024-10-15,2,D1,2,D1,2,D1,True,0.010823401,0.29322904,0.6386971,0.05703173,0.00021671042,2.0569448e-06
20039,2024-10-22,2,D1,2,D1,2,D1,True,0.0005367376,0.08457501,0.7081698,0.2060939,0.00062425795,2.0378042e-07
20039,2024-10-29,2,D1,2,D1,2,D1,True,0.00061305775,0.091947794,0.70398587,0.20291255,0.00054056104,2.300355e-07
20039,2024-11-05,2,D1,2,D1,2,D1,True,0.00077867904,0.10244034,0.69702,0.19923283,0.0005277854,2.998171e-07
20039,2024-11-12,1,D0,2,D1,2,D1,False,0.00088444835,0.11017099,0.6941456,0.194326,0.00047268227,3.0661107e-07
20039,2024-11-19,1,D0,1,D0,1,D0,True,0.11781921,0.5503953,0.33113232,0.00064926513,2.7759738e-06,1.1086556e-06
20039,2024-11-26,1,D0,1,D0,1,D0,True,0.13898273,0.58406204,0.2767292,0.0002243079,1.1408919e-06,5.352814e-07
20039,2024-12-03,1,D0,1,D0,1,D0,True,0.08020297,0.5815053,0.33789936,0.000390783,1.2763154e-06,3.3338398e-07
20039,2024-12-10,1,D0,1,D0,1,D0,True,0.05401318,0.55825007,0.38706928,0.0006655732,1.6494216e-06,2.6368429e-07
20039,2024-12-17,1,D0,1,D0,1,D0,True,0.040528566,0.53252757,0.4259704,0.0009714083,1.8648379e-06,1.9528159e-07
20039,2024-12-24,1,D0,1,D0,1,D0,True,0.039607566,0.52592015,0.4334848,0.0009856137,1.7639322e-06,1.5638331e-07
20039,2024-12-31,1,D0,1,D0,1,D0,True,0.038089413,0.50808924,0.45269737,0.0011218577,2.0122911e-06,1.3474941e-07
20039,2025-01-07,1,D0,1,D0,1,D0,True,0.037454553,0.48887944,0.47239235,0.0012711867,2.3484345e-06,1.2497081e-07
20039,2025-01-14,1,D0,2,D1,2,D1,False,0.037237253,0.47472948,0.48660603,0.0014246062,2.536597e-06,1.1397125e-07
20039,2025-01-21,1,D0,2,D1,2,D1,False,0.036646053,0.46547112,0.49628758,0.0015925448,2.5655818e-06,1.0134527e-07
20039,2025-01-28,1,D0,2,D1,2,D1,False,0.035968617,0.46099693,0.5012925,0.0017394531,2.4612225e-06,8.867193e-08
20039,2025-02-04,1,D0,2,D1,2,D1,False,0.035203192,0.46337375,0.4996325,0.0017883331,2.1143635e-06,7.305766e-08
20039,2025-02-11,2,D1,2,D1,2,D1,True,0.034251053,0.48173937,0.48246604,0.0015422201,1.3389315e-06,4.9384248e-08
20039,2025-02-18,2,D1,2,D1,2,D1,True,0.00028410213,0.097405866,0.831387,0.07091291,1.0106395e-05,1.7599845e-09
20039,2025-02-25,2,D1,2,D1,2,D1,True,0.00031126046,0.10907847,0.8198131,0.07078937,7.857024e-06,1.913483e-09
20039,2025-03-04,2,D1,2,D1,2,D1,True,0.0005263663,0.12765896,0.79459953,0.07720076,1.4344185e-05,4.7360262e-09
20039,2025-03-11,2,D1,2,D1,2,D1,True,0.0008253559,0.14834554,0.77181894,0.0789892,2.0905782e-05,1.0121226e-08
20039,2025-03-18,2,D1,2,D1,2,D1,True,0.0014039085,0.17414674,0.7436088,0.08080825,3.230001e-05,4.1580584e-08
20039,2025-03-25,2,D1,2,D1,2,D1,True,0.0024327259,0.1935189,0.70667833,0.09732437,4.5542325e-05,2.1310925e-07
20039,2025-04-01,2,D1,2,D1,2,D1,True,0.0028586101,0.19345552,0.6930136,0.11063097,4.0914285e-05,4.1441874e-07
20039,2025-04-08,2,D1,2,D1,2,D1,True,0.0030735324,0.17743252,0.689583,0.12986581,4.4039e-05,1.1437584e-06
20039,2025-04-15,2,D1,2,D1,2,D1,True,0.0031329938,0.14893079,0.68785715,0.15999523,7.575901e-05,8.04961e-06
20039,2025-04-22,2,D1,2,D1,2,D1,True,0.0030014925,0.13566852,0.67283267,0.18834077,0.00012965601,2.6875e-05
20039,2025-04-29,2,D1,2,D1,2,D1,True,0.0027564608,0.12685525,0.64691305,0.22326149,0.00017616306,3.7556176e-05
20039,2025-05-06,2,D1,2,D1,2,D1,True,0.0033634626,0.13062465,0.6343054,0.23146518,0.00019418463,4.7110607e-05
20039,2025-05-13,2,D1,2,D1,2,D1,True,0.0041889753,0.14181589,0.62268645,0.23104845,0.00020488432,5.5427685e-05
20039,2025-05-20,2,D1,2,D1,2,D1,True,0.0051125092,0.17067277,0.62468714,0.19924977,0.00021973421,5.8064325e-05
20039,2025-05-27,3,D2,2,D1,2,D1,False,0.001866721,0.060394697,0.45931345,0.4555598,0.022698887,0.0001663919
20039,2025-06-03,3,D2,3,D2,3,D2,True,2.8533106e-05,0.0003542494,0.101676725,0.5025835,0.39528942,6.755979e-05
20039,2025-06-10,3,D2,3,D2,3,D2,True,5.0804963e-05,0.00070743985,0.11026724,0.47966918,0.40924063,6.475301e-05
20039,2025-06-17,3,D2,3,D2,3,D2,True,5.8308928e-05,0.0009254779,0.11108502,0.4631544,0.42470267,7.406666e-05
20039,2025-06-24,3,D2,3,D2,3,D2,True,5.8783266e-05,0.0012724188,0.12716682,0.46391502,0.40753236,5.4511886e-05
20039,2025-07-01,3,D2,3,D2,3,D2,True,5.226159e-05,0.0016108353,0.14416686,0.4689366,0.38520622,2.7217931e-05
20039,2025-07-08,3,D2,3,D2,3,D2,True,4.6277593e-05,0.0019181354,0.171243,0.49473023,0.33205214,1.0307597e-05
20039,2025-07-15,3,D2,3,D2,3,D2,True,3.9851217e-05,0.00217461,0.21732615,0.5550896,0.22536686,2.94391e-06
20039,2025-07-22,3,D2,3,D2,3,D2,True,3.4405195e-05,0.0022069465,0.2637482,0.5871854,0.14682406,1.0066437e-06
20039,2025-07-29,3,D2,3,D2,3,D2,True,3.7163492e-05,0.0021268763,0.3036539,0.6096094,0.08457228,3.66784e-07
20039,2025-08-05,2,D1,3,D2,3,D2,False,4.408109e-05,0.0016898036,0.28969902,0.646446,0.0621209,1.6898773e-07
20039,2025-08-12,2,D1,1,D0,1,D0,False,0.048632048,0.5471127,0.40352684,0.00072787557,4.3470286e-07,1.2288457e-07
20039,2025-08-19,2,D1,1,D0,1,D0,False,0.03220111,0.53118086,0.4359601,0.000657515,3.8188105e-07,7.510739e-08
20039,2025-08-26,2,D1,2,D1,2,D1,True,0.0142713385,0.46713907,0.517009,0.0015800564,4.5578602e-07,3.959302e-08
20039,2025-09-02,1,D0,2,D1,2,D1,False,0.010729569,0.43399698,0.55280524,0.0024676584,5.645066e-07,3.2887662e-08
20039,2025-09-09,1,D0,1,D0,1,D0,True,0.43845356,0.55567724,0.0058690826,7.825157e-08,2.3489881e-09,4.559729e-09
20039,2025-09-16,1,D0,1,D0,0,None,False,0.4596441,0.5378789,0.0024769504,3.5363957e-08,1.3660175e-09,2.96858e-09
20039,2025-09-23,0,None,1,D0,1,D0,False,0.34891185,0.6398469,0.011241078,1.6306409e-07,1.8163708e-09,7.0655797e-09
20039,2025-09-30,0,None,0,None,0,None,True,0.73844576,0.26150566,4.8552523e-05,1.5938856e-08,1.789536e-08,1.3233364e-09
20039,2025-10-07,0,None,0,None,0,None,True,0.73653466,0.2633791,8.6066844e-05,9.528633e-08,1.0664198e-07,3.9532435e-09
20039,2025-10-14,0,None,0,None,0,None,True,0.72991574,0.2699346,0.00014887807,3.5101817e-07,3.7792805e-07,1.2281134e-08
20039,2025-10-21,0,None,0,None,0,None,True,0.716833,0.2829789,0.00018639799,7.639791e-07,8.3750723e-07,3.615494e-08
20039,2025-10-28,0,None,0,None,0,None,True,0.7042877,0.29552343,0.00018619304,1.1425709e-06,1.4532985e-06,1.0329787e-07
20039,2025-11-04,0,None,0,None,0,None,True,0.6963014,0.30354166,0.00015377653,1.1341192e-06,1.7456867e-06,2.4731776e-07
20039,2025-11-11,0,None,0,None,0,None,True,0.68197536,0.3178964,0.00012567107,8.0259053e-07,1.3594669e-06,3.450556e-07
20039,2025-11-18,0,None,0,None,0,None,True,0.674048,0.3258383,0.00011180463,6.11325e-07,1.046956e-06,3.3789047e-07
20039,2025-11-25,0,None,0,None,0,None,True,0.67294836,0.3269492,0.000100863625,4.7303192e-07,8.0535443e-07,2.8769577e-07
20039,2025-12-02,0,None,0,None,0,None,True,0.672916,0.3269887,9.398336e-05,3.84484e-07,6.4637146e-07,2.4277332e-07
20039,2025-12-09,0,None,0,None,0,None,True,0.6730234,0.32688525,9.017219e-05,3.4358408e-07,5.7733536e-07,2.2015213e-07
20039,2025-12-16,0,None,0,None,0,None,True,0.6715966,0.32831466,8.767468e-05,3.3174257e-07,5.573271e-07,2.187267e-07
20039,2025-12-23,0,None,0,None,0,None,True,0.67188287,0.3280262,8.974637e-05,3.5639346e-07,5.8954686e-07,2.1457734e-07
20039,2025-12-30,0,None,0,None,0,None,True,0.67379385,0.32611156,9.336473e-05,4.0982366e-07,6.5209923e-07,2.0308957e-07
